{"Liam_x1_minimal_example": {"nmi": {"0.1": {"nb_clust": 8, "score": 0.7146557231190599}, "0.2": {"nb_clust": 9, "score": 0.7323623209424057}, "0.30000000000000004": {"nb_clust": 13, "score": 0.7387141045255413}, "0.4": {"nb_clust": 16, "score": 0.7475628915462355}, "0.5": {"nb_clust": 18, "score": 0.7482121711766023}, "0.6": {"nb_clust": 18, "score": 0.7407761720015943}, "0.7000000000000001": {"nb_clust": 20, "score": 0.747982295557692}, "0.8": {"nb_clust": 20, "score": 0.7464365015924751}, "0.9": {"nb_clust": 21, "score": 0.7519899351178838}, "1.0": {"nb_clust": 23, "score": 0.7375223880383233}, "1.1": {"nb_clust": 24, "score": 0.7363450760259338}, "1.2000000000000002": {"nb_clust": 25, "score": 0.7288328664749739}, "1.3000000000000003": {"nb_clust": 29, "score": 0.7062224995304924}, "1.4000000000000001": {"nb_clust": 30, "score": 0.7042249746435315}, "1.5000000000000002": {"nb_clust": 30, "score": 0.698130789797516}, "1.6": {"nb_clust": 31, "score": 0.6992962564149291}, "1.7000000000000002": {"nb_clust": 33, "score": 0.6889556099123858}, "1.8000000000000003": {"nb_clust": 35, "score": 0.6910862773138617}, "1.9000000000000001": {"nb_clust": 36, "score": 0.689313938532094}, "2.0": {"nb_clust": 35, "score": 0.6788368912143858}}, "ari": {"0.1": {"nb_clust": 8, "score": 0.5235903203940658}, "0.2": {"nb_clust": 9, "score": 0.5654596285158843}, "0.30000000000000004": {"nb_clust": 13, "score": 0.5450928484271274}, "0.4": {"nb_clust": 16, "score": 0.5694046604171917}, "0.5": {"nb_clust": 18, "score": 0.579016753430573}, "0.6": {"nb_clust": 18, "score": 0.5650572699489191}, "0.7000000000000001": {"nb_clust": 20, "score": 0.5838383426544062}, "0.8": {"nb_clust": 20, "score": 0.568064366299993}, "0.9": {"nb_clust": 21, "score": 0.5737274890491512}, "1.0": {"nb_clust": 23, "score": 0.5128227882323767}, "1.1": {"nb_clust": 24, "score": 0.5399211466647034}, "1.2000000000000002": {"nb_clust": 25, "score": 0.4859368652428745}, "1.3000000000000003": {"nb_clust": 29, "score": 0.4115950676346708}, "1.4000000000000001": {"nb_clust": 30, "score": 0.4079356751479069}, "1.5000000000000002": {"nb_clust": 30, "score": 0.3781740665984843}, "1.6": {"nb_clust": 31, "score": 0.3786817314254936}, "1.7000000000000002": {"nb_clust": 33, "score": 0.3666960203167566}, "1.8000000000000003": {"nb_clust": 35, "score": 0.35089406937569606}, "1.9000000000000001": {"nb_clust": 36, "score": 0.35168222822099104}, "2.0": {"nb_clust": 35, "score": 0.329360451478835}}}, "Liam_x5_minimal_example": {"nmi": {"0.1": {"nb_clust": 6, "score": 0.665920332594925}, "0.2": {"nb_clust": 10, "score": 0.7359927517668878}, "0.30000000000000004": {"nb_clust": 11, "score": 0.7199324217294428}, "0.4": {"nb_clust": 14, "score": 0.7096794904890793}, "0.5": {"nb_clust": 17, "score": 0.7199196351165131}, "0.6": {"nb_clust": 19, "score": 0.7176299097819291}, "0.7000000000000001": {"nb_clust": 21, "score": 0.7192919295518797}, "0.8": {"nb_clust": 22, "score": 0.7154134109617802}, "0.9": {"nb_clust": 23, "score": 0.7128907163819075}, "1.0": {"nb_clust": 24, "score": 0.7068004984914045}, "1.1": {"nb_clust": 24, "score": 0.7025975645126634}, "1.2000000000000002": {"nb_clust": 25, "score": 0.7024603473579595}, "1.3000000000000003": {"nb_clust": 28, "score": 0.7012354330765777}, "1.4000000000000001": {"nb_clust": 29, "score": 0.6976551505694562}, "1.5000000000000002": {"nb_clust": 31, "score": 0.6876570202457514}, "1.6": {"nb_clust": 35, "score": 0.6697759402127197}, "1.7000000000000002": {"nb_clust": 36, "score": 0.6707474474403563}, "1.8000000000000003": {"nb_clust": 38, "score": 0.6626369567561898}, "1.9000000000000001": {"nb_clust": 38, "score": 0.6581377178611406}, "2.0": {"nb_clust": 39, "score": 0.6622329698065742}}, "ari": {"0.1": {"nb_clust": 6, "score": 0.4882651925549733}, "0.2": {"nb_clust": 10, "score": 0.6219086489725837}, "0.30000000000000004": {"nb_clust": 11, "score": 0.6163539070378286}, "0.4": {"nb_clust": 14, "score": 0.5385720936826477}, "0.5": {"nb_clust": 17, "score": 0.5436662911484235}, "0.6": {"nb_clust": 19, "score": 0.5324411229364517}, "0.7000000000000001": {"nb_clust": 21, "score": 0.5371881943514524}, "0.8": {"nb_clust": 22, "score": 0.5245213580990633}, "0.9": {"nb_clust": 23, "score": 0.5102757142709357}, "1.0": {"nb_clust": 24, "score": 0.5060941288568761}, "1.1": {"nb_clust": 24, "score": 0.49611830120547507}, "1.2000000000000002": {"nb_clust": 25, "score": 0.48755334575380027}, "1.3000000000000003": {"nb_clust": 28, "score": 0.48691337546701957}, "1.4000000000000001": {"nb_clust": 29, "score": 0.47482626302768477}, "1.5000000000000002": {"nb_clust": 31, "score": 0.43871510817901516}, "1.6": {"nb_clust": 35, "score": 0.3389438722555094}, "1.7000000000000002": {"nb_clust": 36, "score": 0.3429862733172131}, "1.8000000000000003": {"nb_clust": 38, "score": 0.3200845474904828}, "1.9000000000000001": {"nb_clust": 38, "score": 0.30611069009982467}, "2.0": {"nb_clust": 39, "score": 0.31542005157720443}}}, "naiveIntegration_minimal_example": {"nmi": {"0.1": {"nb_clust": 5, "score": 0.6342551760007974}, "0.2": {"nb_clust": 7, "score": 0.6407620806478846}, "0.30000000000000004": {"nb_clust": 10, "score": 0.6667046308948127}, "0.4": {"nb_clust": 13, "score": 0.6884578444670177}, "0.5": {"nb_clust": 15, "score": 0.685595799952386}, "0.6": {"nb_clust": 16, "score": 0.6999526475638956}, "0.7000000000000001": {"nb_clust": 18, "score": 0.7214898174572145}, "0.8": {"nb_clust": 18, "score": 0.7209802797426047}, "0.9": {"nb_clust": 19, "score": 0.7253113995223488}, "1.0": {"nb_clust": 21, "score": 0.7124884047126815}, "1.1": {"nb_clust": 22, "score": 0.7184661949460204}, "1.2000000000000002": {"nb_clust": 22, "score": 0.7229268670712192}, "1.3000000000000003": {"nb_clust": 23, "score": 0.7151646829627794}, "1.4000000000000001": {"nb_clust": 24, "score": 0.7095604484936118}, "1.5000000000000002": {"nb_clust": 23, "score": 0.7146920790410571}, "1.6": {"nb_clust": 24, "score": 0.7117520579466703}, "1.7000000000000002": {"nb_clust": 24, "score": 0.7095240635458215}, "1.8000000000000003": {"nb_clust": 24, "score": 0.7095534108605821}, "1.9000000000000001": {"nb_clust": 25, "score": 0.7128823015532436}, "2.0": {"nb_clust": 26, "score": 0.7033236921657384}}, "ari": {"0.1": {"nb_clust": 5, "score": 0.4412359530260413}, "0.2": {"nb_clust": 7, "score": 0.43958375495498964}, "0.30000000000000004": {"nb_clust": 10, "score": 0.46677340755253083}, "0.4": {"nb_clust": 13, "score": 0.45881012538997645}, "0.5": {"nb_clust": 15, "score": 0.4201732040777983}, "0.6": {"nb_clust": 16, "score": 0.44106075447842047}, "0.7000000000000001": {"nb_clust": 18, "score": 0.46880316504464936}, "0.8": {"nb_clust": 18, "score": 0.46841612805460847}, "0.9": {"nb_clust": 19, "score": 0.47734341950769277}, "1.0": {"nb_clust": 21, "score": 0.4493335741756159}, "1.1": {"nb_clust": 22, "score": 0.4558915085884147}, "1.2000000000000002": {"nb_clust": 22, "score": 0.4565535543651223}, "1.3000000000000003": {"nb_clust": 23, "score": 0.44650209593863405}, "1.4000000000000001": {"nb_clust": 24, "score": 0.43384595187971314}, "1.5000000000000002": {"nb_clust": 23, "score": 0.4442347116630442}, "1.6": {"nb_clust": 24, "score": 0.43867275319750293}, "1.7000000000000002": {"nb_clust": 24, "score": 0.43062826669257454}, "1.8000000000000003": {"nb_clust": 24, "score": 0.4286794095100062}, "1.9000000000000001": {"nb_clust": 25, "score": 0.4327359978664993}, "2.0": {"nb_clust": 26, "score": 0.4234428350623235}}}, "noIntegration_minimal_example": {"nmi": {"0.1": {"nb_clust": 7, "score": 0.558810586543625}, "0.2": {"nb_clust": 9, "score": 0.6031715245797294}, "0.30000000000000004": {"nb_clust": 11, "score": 0.6282294853156304}, "0.4": {"nb_clust": 15, "score": 0.6505413239048901}, "0.5": {"nb_clust": 17, "score": 0.6471666071785275}, "0.6": {"nb_clust": 19, "score": 0.6651233158062808}, "0.7000000000000001": {"nb_clust": 19, "score": 0.659535281892637}, "0.8": {"nb_clust": 20, "score": 0.6704210585991407}, "0.9": {"nb_clust": 20,