{"None": {"nmi": {"0.1": {"nb_clust": 1, "score": 0.0}, "0.2": {"nb_clust": 2, "score": 0.7680265631597248}, "0.30000000000000004": {"nb_clust": 2, "score": 0.769598794666326}, "0.4": {"nb_clust": 2, "score": 0.769598794666326}, "0.5": {"nb_clust": 2, "score": 0.7707799907120024}, "0.6": {"nb_clust": 2, "score": 0.7707799907120024}, "0.7000000000000001": {"nb_clust": 2, "score": 0.7744566431231441}, "0.8": {"nb_clust": 2, "score": 0.7757328853667542}, "0.9": {"nb_clust": 3, "score": 0.8080152709363979}, "1.0": {"nb_clust": 5, "score": 0.8024950673673173}, "1.1": {"nb_clust": 5, "score": 0.6814228747414368}, "1.2000000000000002": {"nb_clust": 8, "score": 0.5391182790872767}, "1.3000000000000003": {"nb_clust": 10, "score": 0.5086752921070413}, "1.4000000000000001": {"nb_clust": 15, "score": 0.45483702471626936}, "1.5000000000000002": {"nb_clust": 18, "score": 0.42370348121224877}, "1.6": {"nb_clust": 20, "score": 0.39502364939279316}, "1.7000000000000002": {"nb_clust": 26, "score": 0.37206980328920913}, "1.8000000000000003": {"nb_clust": 29, "score": 0.3470956169325977}, "1.9000000000000001": {"nb_clust": 33, "score": 0.3355384863911632}, "2.0": {"nb_clust": 33, "score": 0.3321504060076129}}, "ari": {"0.1": {"nb_clust": 1, "score": 0.0}, "0.2": {"nb_clust": 2, "score": 0.761660376694643}, "0.30000000000000004": {"nb_clust": 2, "score": 0.7622635662923914}, "0.4": {"nb_clust": 2, "score": 0.7622635662923914}, "0.5": {"nb_clust": 2, "score": 0.7626893225203981}, "0.6": {"nb_clust": 2, "score": 0.7626893225203981}, "0.7000000000000001": {"nb_clust": 2, "score": 0.763969800986653}, "0.8": {"nb_clust": 2, "score": 0.7643976966466903}, "0.9": {"nb_clust": 3, "score": 0.8903734286231796}, "1.0": {"nb_clust": 5, "score": 0.8873648868543391}, "1.1": {"nb_clust": 5, "score": 0.5863157966005399}, "1.2000000000000002": {"nb_clust": 8, "score": 0.35826893993221387}, "1.3000000000000003": {"nb_clust": 10, "score": 0.3371072192320005}, "1.4000000000000001": {"nb_clust": 15, "score": 0.294504946440479}, "1.5000000000000002": {"nb_clust": 18, "score": 0.23835139753705598}, "1.6": {"nb_clust": 20, "score": 0.20274771621590057}, "1.7000000000000002": {"nb_clust": 26, "score": 0.14595002302841267}, "1.8000000000000003": {"nb_clust": 29, "score": 0.11421486790871911}, "1.9000000000000001": {"nb_clust": 33, "score": 0.09557174231283466}, "2.0": {"nb_clust": 33, "score": 0.09080818848429485}}}, "Mild": {"nmi": {"0.1": {"nb_clust": 2, "score": 0.7990402270975965}, "0.2": {"nb_clust": 2, "score": 0.8005061438215466}, "0.30000000000000004": {"nb_clust": 2, "score": 0.8005061438215466}, "0.4": {"nb_clust": 2, "score": 0.8020310687979266}, "0.5": {"nb_clust": 2, "score": 0.8020310687979266}, "0.6": {"nb_clust": 2, "score": 0.8020310687979266}, "0.7000000000000001": {"nb_clust": 2, "score": 0.8020310687979266}, "0.8": {"nb_clust": 2, "score": 0.8020310687979266}, "0.9": {"nb_clust": 2, "score": 0.8020310687979266}, "1.0": {"nb_clust": 4, "score": 0.6862297628841738}, "1.1": {"nb_clust": 5, "score": 0.5877110365294561}, "1.2000000000000002": {"nb_clust": 6, "score": 0.5816558093129472}, "1.3000000000000003": {"nb_clust": 7, "score": 0.5203581930926429}, "1.4000000000000001": {"nb_clust": 9, "score": 0.5087690076483038}, "1.5000000000000002": {"nb_clust": 11, "score": 0.48492070013836686}, "1.6": {"nb_clust": 16, "score": 0.4443001282369879}, "1.7000000000000002": {"nb_clust": 18, "score": 0.41749503354397804}, "1.8000000000000003": {"nb_clust": 20, "score": 0.40656479857628386}, "1.9000000000000001": {"nb_clust": 25, "score": 0.38015061044133946}, "2.0": {"nb_clust": 31, "score": 0.35649861100472163}}, "ari": {"0.1": {"nb_clust": 2, "score": 0.773109735220793}, "0.2": {"nb_clust": 2, "score": 0.7735398959496483}, "0.30000000000000004": {"nb_clust": 2, "score": 0.7735398959496483}, "0.4": {"nb_clust": 2, "score": 0.7739705896961654}, "0.5": {"nb_clust": 2, "score": 0.7739705896961654}, "0.6": {"nb_clust": 2, "score": 0.7739705896961654}, "0.7000000000000001": {"nb_clust": 2, "score": 0.7739705896961654}, "0.8": {"nb_clust": 2, "score": 0.7739705896961654}, "0.9": {"nb_clust": 2, "score": 0.7739705896961654}, "1.0": {"nb_clust": 4, "score": 0.5804672847603035}, "1.1": {"nb_clust": 5, "score": 0.46187326620528607}, "1.2000000000000002": {"nb_clust": 6, "score": 0.46298647827064787}, "1.3000000000000003": {"nb_clust": 7, "score": 0.32340896526128193}, "1.4000000000000001": {"nb_clust": 9, "score": 0.2785530099966648}, "1.5000000000000002": {"nb_clust": 11, "score": 0.2574345387990918}, "1.6": {"nb_clust": 16, "score": 0.18548712409161666}, "1.7000000000000002": {"nb_clust": 18, "score": 0.16850728598578982}, "1.8000000000000003": {"nb_clust": 20, "score": 0.1506786648600174}, "1.9000000000000001": {"nb_clust": 25, "score": 0.12271302405019677}, "2.0": {"nb_clust": 31, "score": 0.09648490860865368}}}, "Intermediate": {"nmi": {"0.1": {"nb_clust": 2, "score": 0.7996702276435844}, "0.2": {"nb_clust": 2, "score": 0.7996702276435844}, "0.30000000000000004": {"nb_clust": 3, "score": 0.6527851035535085}, "0.4": {"nb_clust": 4, "score": 0.5644226520403374}, "0.5": {"nb_clust": 4, "score": 0.5644226520403374}, "0.6": {"nb_clust": 4, "score": 0.5644226520403374}, "0.7000000000000001": {"nb_clust": 4, "score": 0.5654763691247285}, "0.8": {"nb_clust": 4, "score": 0.5654763691247285}, "0.9": {"nb_clust": 4, "score": 0.5654763691247285}, "1.0": {"nb_clust": 4, "score": 0.5654763691247285}, "1.1": {"nb_clust": 4, "score": 0.5654763691247285}, "1.2000000000000002": {"nb_clust": 4, "score": 0.5670224603690599}, "1.3000000000000003": {"nb_clust": 4, "score": 0.5670216600309137}, "1.4000000000000001": {"nb_clust": 4, "score": 0.5670224603690599}, "1.5000000000000002": {"nb_clust": 5, "score": 0.5665550139695408}, "1.6": {"nb_clust": 10, "score": 0.5599049313133176}, "1.7000000000000002": {"nb_clust": 14, "score": 0.5528538655366031}, "1.8000000000000003": {"nb_clust": 9, "score": 0.5229604669950052}, "1.9000000000000001": {"nb_clust": 11, "score": 0.5087997366873143}, "2.0": {"nb_clust": 16, "score": 0.458901492417064}}, "ari": {"0.1": {"nb_clust": 2, "score": 0.7733679063133365}, "0.2": {"nb_clust": 2, "score": 0.7733679063133365}, "0.30000000000000004": {"nb_clust": 3, "score": 0.47082971042183097}, "0.4": {"nb_clust": 4, "score": 0.4336639999326232}, "0.5": {"nb_clust": 4, "score": 0.4336639999326232}, "0.6": {"nb_clust": 4, "score": 0.4336639999326232}, "0.7000000000000001": {"nb_clust": 4, "score": 0.4338920404335534}, "0.8": {"nb_clust": 4, "score": 0.4338920404335534}, "0.9": {"nb_clust": 4, "score": 0.4338920404335534}, "1.0": {"nb_clust": 4, "score": 0.4338920404335534}, "1.1": {"nb_clust": 4, "score": 0.4338920404335534}, "1.2000000000000002": {"nb_clust": 4, "score": 0.4342423009883792}, "1.3000000000000003": {"nb_clust": 4, "score": 0.4342378632892526}, "1.4000000000000001": {"nb_clust": 4, "score": 0.4342423009883792}, "1.5000000000000002": {"nb_clust": 5, "score": 0.4339159670779236}, "1.6": {"nb_clust": 10, "score": 0.42946468625444595}, "1.7000000000000002": {"nb_clust": 14, "score": 0.4248569957228362}, "1.8000000000000003": {"nb_clust": 9, "score": 0.38073833853790584}, "1.9000000000000001": {"nb_clust": 11, "score": 0.33539110302083197}, "2.0": {"nb_clust": 16, "score": 0.2437365506474616}}}, "Strong": {"nmi": {"0.1": {"nb_clust": 2, "score": 0.0006546924967661168}, "0.2": {"nb_clust": 4, "score": 0.5684903510807328}, "0.30000000000000004": {"nb_clust": 4, "score": 0.5671382955827678}, "0.4": {"nb_clust": 4, "score": 0.5671382955827678}, "0.5": {"nb_clust": 4, "score": 0.5671382955827678}, "0.6": {"nb_clust": 4, "score": 0.5681443715109781}, "0.7000000000000001": {"nb_clust": 4, "score": 0.5681443715109781}, "0.8": {"nb_clust": 4, "score": 0.5681443715109781}, "0.9": {"nb_clust": 4, "score": 0.5681443715109781}, "1.0": {"nb_clust": 4, "score": 0.5681443715109781}, "1.1": {"nb_clust": 4, "score": 0.5681443715109781}, "1.2000000000000002": {"nb_clust": 4, "score": 0.5681443715109781},