{"Liam_x1": {"nmi": {"0.1": {"nb_clust": 8, "score": 0.7282352769886988}, "0.2": {"nb_clust": 12, "score": 0.7723449746439583}, "0.30000000000000004": {"nb_clust": 14, "score": 0.7787306700221263}, "0.4": {"nb_clust": 15, "score": 0.7768071263247422}, "0.5": {"nb_clust": 17, "score": 0.7783985149929686}, "0.6": {"nb_clust": 21, "score": 0.7721965896369424}, "0.7000000000000001": {"nb_clust": 23, "score": 0.7689324790395644}, "0.8": {"nb_clust": 24, "score": 0.7649193592058982}, "0.9": {"nb_clust": 25, "score": 0.753100339952305}, "1.0": {"nb_clust": 26, "score": 0.7462519737981443}, "1.1": {"nb_clust": 27, "score": 0.7390672986625305}, "1.2000000000000002": {"nb_clust": 31, "score": 0.7381873198105494}, "1.3000000000000003": {"nb_clust": 31, "score": 0.7390454446589126}, "1.4000000000000001": {"nb_clust": 33, "score": 0.7338670378817606}, "1.5000000000000002": {"nb_clust": 34, "score": 0.7240713304179093}, "1.6": {"nb_clust": 35, "score": 0.7275697247604493}, "1.7000000000000002": {"nb_clust": 36, "score": 0.7184259747692119}, "1.8000000000000003": {"nb_clust": 39, "score": 0.7139516555440163}, "1.9000000000000001": {"nb_clust": 39, "score": 0.7104880026807241}, "2.0": {"nb_clust": 41, "score": 0.7073498192643398}}, "ari": {"0.1": {"nb_clust": 8, "score": 0.5321828065481634}, "0.2": {"nb_clust": 12, "score": 0.6576848191329647}, "0.30000000000000004": {"nb_clust": 14, "score": 0.6803839824143757}, "0.4": {"nb_clust": 15, "score": 0.6812603912657428}, "0.5": {"nb_clust": 17, "score": 0.7038951603652861}, "0.6": {"nb_clust": 21, "score": 0.671794878003624}, "0.7000000000000001": {"nb_clust": 23, "score": 0.6690595121010171}, "0.8": {"nb_clust": 24, "score": 0.6606573695186893}, "0.9": {"nb_clust": 25, "score": 0.5769000497319298}, "1.0": {"nb_clust": 26, "score": 0.564509620771617}, "1.1": {"nb_clust": 27, "score": 0.5636583948630731}, "1.2000000000000002": {"nb_clust": 31, "score": 0.5588634775112343}, "1.3000000000000003": {"nb_clust": 31, "score": 0.5583191077770763}, "1.4000000000000001": {"nb_clust": 33, "score": 0.5430939236975457}, "1.5000000000000002": {"nb_clust": 34, "score": 0.5197047029529269}, "1.6": {"nb_clust": 35, "score": 0.5236215725372649}, "1.7000000000000002": {"nb_clust": 36, "score": 0.47642821189200896}, "1.8000000000000003": {"nb_clust": 39, "score": 0.4634942003699422}, "1.9000000000000001": {"nb_clust": 39, "score": 0.4499476648890304}, "2.0": {"nb_clust": 41, "score": 0.4406093620929948}}}, "Liam_x5": {"nmi": {"0.1": {"nb_clust": 9, "score": 0.7279955100711223}, "0.2": {"nb_clust": 12, "score": 0.767281433562825}, "0.30000000000000004": {"nb_clust": 14, "score": 0.773393393062401}, "0.4": {"nb_clust": 14, "score": 0.7837692046042871}, "0.5": {"nb_clust": 17, "score": 0.7734771643286159}, "0.6": {"nb_clust": 19, "score": 0.7766275827550979}, "0.7000000000000001": {"nb_clust": 21, "score": 0.7720996862415568}, "0.8": {"nb_clust": 24, "score": 0.7547226378772666}, "0.9": {"nb_clust": 25, "score": 0.7497254757896591}, "1.0": {"nb_clust": 24, "score": 0.741501682272866}, "1.1": {"nb_clust": 28, "score": 0.735217029908159}, "1.2000000000000002": {"nb_clust": 31, "score": 0.7282796620367038}, "1.3000000000000003": {"nb_clust": 31, "score": 0.7268529827262491}, "1.4000000000000001": {"nb_clust": 33, "score": 0.7263823143635775}, "1.5000000000000002": {"nb_clust": 34, "score": 0.7261391984418253}, "1.6": {"nb_clust": 35, "score": 0.7176615087997124}, "1.7000000000000002": {"nb_clust": 37, "score": 0.7110026674856833}, "1.8000000000000003": {"nb_clust": 37, "score": 0.709535371494323}, "1.9000000000000001": {"nb_clust": 37, "score": 0.7088524173423433}, "2.0": {"nb_clust": 37, "score": 0.7059772148640405}}, "ari": {"0.1": {"nb_clust": 9, "score": 0.5530222332458428}, "0.2": {"nb_clust": 12, "score": 0.6481876428850475}, "0.30000000000000004": {"nb_clust": 14, "score": 0.6726914844347042}, "0.4": {"nb_clust": 14, "score": 0.7043865976070681}, "0.5": {"nb_clust": 17, "score": 0.6941998620119217}, "0.6": {"nb_clust": 19, "score": 0.6973542699923697}, "0.7000000000000001": {"nb_clust": 21, "score": 0.6939447669123345}, "0.8": {"nb_clust": 24, "score": 0.5910333905656691}, "0.9": {"nb_clust": 25, "score": 0.5783560761668024}, "1.0": {"nb_clust": 24, "score": 0.5444066147738568}, "1.1": {"nb_clust": 28, "score": 0.5404354644467814}, "1.2000000000000002": {"nb_clust": 31, "score": 0.5271007799790475}, "1.3000000000000003": {"nb_clust": 31, "score": 0.531230538886231}, "1.4000000000000001": {"nb_clust": 33, "score": 0.5181253681420221}, "1.5000000000000002": {"nb_clust": 34, "score": 0.5161580535658099}, "1.6": {"nb_clust": 35, "score": 0.48699685119930813}, "1.7000000000000002": {"nb_clust": 37, "score": 0.45831455681884886}, "1.8000000000000003": {"nb_clust": 37, "score": 0.4562629518372678}, "1.9000000000000001": {"nb_clust": 37, "score": 0.45089653650118244}, "2.0": {"nb_clust": 37, "score": 0.4264908803297626}}}, "naiveIntegration": {"nmi": {"0.1": {"nb_clust": 6, "score": 0.6489536216021972}, "0.2": {"nb_clust": 8, "score": 0.7395423663478996}, "0.30000000000000004": {"nb_clust": 11, "score": 0.7709638739855209}, "0.4": {"nb_clust": 12, "score": 0.7873364772107855}, "0.5": {"nb_clust": 15, "score": 0.777776855276463}, "0.6": {"nb_clust": 15, "score": 0.7731909966055384}, "0.7000000000000001": {"nb_clust": 18, "score": 0.7734512441389105}, "0.8": {"nb_clust": 20, "score": 0.7523140629688844}, "0.9": {"nb_clust": 20, "score": 0.7515310320115374}, "1.0": {"nb_clust": 22, "score": 0.7485862957240728}, "1.1": {"nb_clust": 23, "score": 0.7379380901758429}, "1.2000000000000002": {"nb_clust": 24, "score": 0.7395619642193112}, "1.3000000000000003": {"nb_clust": 27, "score": 0.7256935599616408}, "1.4000000000000001": {"nb_clust": 27, "score": 0.7230291972781114}, "1.5000000000000002": {"nb_clust": 29, "score": 0.7165438419558947}, "1.6": {"nb_clust": 30, "score": 0.7159908478360263}, "1.7000000000000002": {"nb_clust": 30, "score": 0.716746512135096}, "1.8000000000000003": {"nb_clust": 30, "score": 0.7097831143360223}, "1.9000000000000001": {"nb_clust": 31, "score": 0.7053118554139327}, "2.0": {"nb_clust": 32, "score": 0.7077535752603219}}, "ari": {"0.1": {"nb_clust": 6, "score": 0.38516738661907407}, "0.2": {"nb_clust": 8, "score": 0.5524864252623284}, "0.30000000000000004": {"nb_clust": 11, "score": 0.5825962543189659}, "0.4": {"nb_clust": 12, "score": 0.6960147492162859}, "0.5": {"nb_clust": 15, "score": 0.6635684938333312}, "0.6": {"nb_clust": 15, "score": 0.6207680538288072}, "0.7000000000000001": {"nb_clust": 18, "score": 0.619091444072513}, "0.8": {"nb_clust": 20, "score": 0.5748572879808085}, "0.9": {"nb_clust": 20, "score": 0.5650633990641043}, "1.0": {"nb_clust": 22, "score": 0.610712712171711}, "1.1": {"nb_clust": 23, "score": 0.567033984262215}, "1.2000000000000002": {"nb_clust": 24, "score": 0.5682589948269284}, "1.3000000000000003": {"nb_clust": 27, "score": 0.4881078388407151}, "1.4000000000000001": {"nb_clust": 27, "score": 0.4906021372062016}, "1.5000000000000002": {"nb_clust": 29, "score": 0.4560946875443715}, "1.6": {"nb_clust": 30, "score": 0.45039098791160936}, "1.7000000000000002": {"nb_clust": 30, "score": 0.44942230540213035}, "1.8000000000000003": {"nb_clust": 30, "score": 0.44025382227964016}, "1.9000000000000001": {"nb_clust": 31, "score": 0.42407468334679244}, "2.0": {"nb_clust": 32, "score": 0.42800220078345597}}}, "noIntegration": {"nmi": {"0.1": {"nb_clust": 8, "score": 0.61841911298573}, "0.2": {"nb_clust": 13, "score": 0.6039749344352919}, "0.30000000000000004": {"nb_clust": 16, "score": 0.6176246692056327}, "0.4": {"nb_clust": 20, "score": 0.6270958238127173}, "0.5": {"nb_clust": 21, "score": 0.6542379111806781}, "0.6": {"nb_clust": 24, "score": 0.6599475727681064}, "0.7000000000000001": {"nb_clust": 28, "score": 0.6677353369147502}, "0.8": {"nb_clust": 28, "score": 0.659622367562598}, "0.9": {"nb_clust": 33, "score": 0.6657689595851277}, "1.0": {"nb_clust": 34, "score": 0.6548334377945341},