,X,Y,group,sample,cell_type
0,-1.2121528497588419,1.0934994139556198,0,Sample 3,Cell type 1
1,-0.004856729231914659,0.6707926195613135,0,Sample 3,Cell type 1
2,-0.20564192705045176,0.22204201079482538,3,Sample 2,Cell type 1
3,-1.436514538104012,-0.2640721533611498,2,Sample 1,Cell type 1
4,0.5020850380494649,-0.2236059706372268,2,Sample 1,Cell type 1
5,1.1725190151372433,-0.18062104038922855,0,Sample 3,Cell type 1
6,0.17376635002272073,-0.3718137791293822,3,Sample 2,Cell type 1
7,-0.7132347918836038,0.05576341554342418,3,Sample 2,Cell type 1
8,-1.3937773541082201,-0.436833439053377,2,Sample 1,Cell type 1
9,-0.28877293265526394,0.9274638426913985,0,Sample 3,Cell type 1
10,0.4056162177082855,-0.045916292059228814,2,Sample 1,Cell type 1
11,0.16757606691821808,-0.7876272403855745,2,Sample 1,Cell type 1
12,-0.32841478618378406,1.4551188257602599,2,Sample 1,Cell type 1
13,0.06841066371167923,-1.3725666549105036,3,Sample 2,Cell type 1
14,-0.17727975550803146,-1.152785307619935,3,Sample 2,Cell type 1
15,0.15166529327899472,0.800836874053713,0,Sample 3,Cell type 1
16,1.3323795555700615,0.8114960520145044,0,Sample 3,Cell type 1
17,1.0996890140612436,0.28774467814905685,3,Sample 2,Cell type 1
18,-0.794871612475229,0.10873965377467838,2,Sample 1,Cell type 1
19,2.2041741949759213,-0.2444884913230427,2,Sample 1,Cell type 1
20,-0.1495169265295879,-1.3043785949721123,1,Sample 4,Cell type 1
21,-0.2072337166565625,-0.15707987926798261,0,Sample 3,Cell type 1
22,-0.6827963840490733,-0.5355495309067924,3,Sample 2,Cell type 1
23,-1.055397755679014,-0.16238450991652567,1,Sample 4,Cell type 1
24,-1.2342412121677169,-0.5062040239080313,1,Sample 4,Cell type 1
25,0.9087582767550576,-0.12319813215826536,3,Sample 2,Cell type 1
26,-0.8792313796254874,1.4373321613400138,3,Sample 2,Cell type 1
27,-0.534472362914439,0.7936338796292183,0,Sample 3,Cell type 1
28,0.1385447406809456,0.30825390378306944,0,Sample 3,Cell type 1
29,-0.732381623272234,0.10116737524855204,3,Sample 2,Cell type 1
30,-0.1988926830133419,0.5012909098104567,2,Sample 1,Cell type 1
31,-0.48155555354814167,-0.5065851173719816,2,Sample 1,Cell type 1
32,-0.19659445126875547,-0.2181788557981364,0,Sample 3,Cell type 1
33,-0.09171266840511397,0.21141461731650923,2,Sample 1,Cell type 1
34,-0.04391520049302911,0.22844325988612557,0,Sample 3,Cell type 1
35,-0.8033126134016544,-0.6142380520833028,0,Sample 3,Cell type 1
36,-0.2522153957122765,0.6071753763946139,0,Sample 3,Cell type 1
37,0.2961695119533928,0.46745133314824794,2,Sample 1,Cell type 1
38,-1.9229348808804243,1.113964753186454,2,Sample 1,Cell type 1
39,-1.4007804595241824,-0.14199350701942656,3,Sample 2,Cell type 1
40,0.4544825641029169,-0.8397243991279529,1,Sample 4,Cell type 1
41,1.9937471988805495,-0.22009714260403734,3,Sample 2,Cell type 1
42,-1.0154328841944833,1.2289254182839562,3,Sample 2,Cell type 1
43,-0.18711824036287517,-0.15687456854155032,3,Sample 2,Cell type 1
44,-0.21984184380215044,-1.7609947787607347,2,Sample 1,Cell type 1
45,0.016874198280469797,-0.9048537884020702,3,Sample 2,Cell type 1
46,0.8583436916058773,-0.6827195792312892,3,Sample 2,Cell type 1
47,-0.3901067367639703,-1.1490030919424943,2,Sample 1,Cell type 1
48,0.506928819819247,-0.5585597396888398,2,Sample 1,Cell type 1
49,0.20589848513387954,-0.504677122357751,3,Sample 2,Cell type 1
50,-0.5121235654676894,1.1869951281629656,3,Sample 2,Cell type 1
51,-0.03911774677928444,-1.12415187744286,1,Sample 4,Cell type 1
52,0.6257040012251673,-0.6327195053340425,1,Sample 4,Cell type 1
53,1.9053708253860369,0.6617888861259384,2,Sample 1,Cell type 1
54,0.8608057108788787,0.017049318937553775,0,Sample 3,Cell type 1
55,-0.5477038606080032,0.6325004793302149,1,Sample 4,Cell type 1
56,-0.1774251229729084,0.7754954419264435,3,Sample 2,Cell type 1
57,-0.32977659601957615,0.7307789856139253,1,Sample 4,Cell type 1
58,-0.3534791417926591,0.08870910626273429,2,Sample 1,Cell type 1
59,-1.0934866906246612,0.47405381907786454,2,Sample 1,Cell type 1
60,0.43010392235990375,0.3425489982484609,1,Sample 4,Cell type 1
61,0.08233391241858978,-1.8512352528000844,2,Sample 1,Cell type 1
62,0.7972564084635578,-0.3731963033825584,1,Sample 4,Cell type 1
63,0.19686689225312706,-0.6418240217116349,2,Sample 1,Cell type 1
64,-0.6418174671476163,-0.40370699383138764,3,Sample 2,Cell type 1
65,0.8235524447416325,-0.26951610142811083,2,Sample 1,Cell type 1
66,0.2459253582472806,0.6525897700314375,0,Sample 3,Cell type 1
67,-0.18432057136461388,-0.7393865154146435,1,Sample 4,Cell type 1
68,-0.03212636051547473,-1.1446200816944385,0,Sample 3,Cell type 1
69,-0.5399472150324418,-0.32246079125202465,1,Sample 4,Cell type 1
70,0.27804929104284165,0.06935815953151728,1,Sample 4,Cell type 1
71,1.1941508551676174,-0.21689888083405504,0,Sample 3,Cell type 1
72,0.5936762976074456,0.23943406432519354,0,Sample 3,Cell type 1
73,0.18162758309191113,-0.25925454016717614,2,Sample 1,Cell type 1
74,0.3520115600426659,-0.40164337948208895,0,Sample 3,Cell type 1
75,1.6019419741158378,-0.24605713369263937,3,Sample 2,Cell type 1
76,-0.9955891599110926,0.359861770981208,3,Sample 2,Cell type 1
77,0.8562921281839438,1.0175139375509252,2,Sample 1,Cell type 1
78,0.246265898011108,1.6545808332046592,2,Sample 1,Cell type 1
79,0.8999460362425927,-1.3942175791048328,2,Sample 1,Cell type 1
80,-0.49452835894690195,0.7188093636412516,3,Sample 2,Cell type 1
81,-0.1199525752632875,-1.1465214516197697,1,Sample 4,Cell type 1
82,-0.024847146296721564,-0.7277467335854669,1,Sample 4,Cell type 1
83,-0.6835947701904435,-0.32245269442937774,3,Sample 2,Cell type 1
84,-0.679776737182157,-0.38638714085827264,3,Sample 2,Cell type 1
85,-1.4208094032387217,0.8511527900486849,1,Sample 4,Cell type 1
86,1.427820031348076,0.010760291695434406,2,Sample 1,Cell type 1
87,0.7049173766506953,0.0010605509875257835,2,Sample 1,Cell type 1
88,-0.9226804084767676,0.9098516338917835,1,Sample 4,Cell type 1
89,0.3731439859468211,-0.028513185837986857,0,Sample 3,Cell type 1
90,0.4564903977756248,0.7745477284262889,1,Sample 4,Cell type 1
91,-0.9073369162222324,0.8233443489023737,3,Sample 2,Cell type 1
92,0.027122178945870008,-0.9523261885395922,2,Sample 1,Cell type 1
93,0.9646547365728346,-0.7494361879675062,3,Sample 2,Cell type 1
94,-0.056399022447272976,0.38920131506096156,0,Sample 3,Cell type 1
95,0.34878031160003675,-2.0257968681757483,1,Sample 4,Cell type 1
96,-0.953042797762119,0.5252428869070638,0,Sample 3,Cell type 1
97,0.11893396576168924,-0.2696687768944315,0,Sample 3,Cell type 1
98,2.1335241778560072,0.07772462966899822,3,Sample 2,Cell type 1
99,-0.4524610942991923,-0.37705257692089433,2,Sample 1,Cell type 1
100,0.20039428027670125,0.27715856759758056,0,Sample 3,Cell type 1
101,0.026975243920842596,0.2148748648354383,2,Sample 1,Cell type 1
102,0.014413497635557269,0.3781042766747245,2,Sample 1,Cell type 1
103,-0.12004446962602139,0.10046116277723381,0,Sample 3,Cell type 1
104,-0.5337512678220043,-0.5863751192990072,2,Sample 1,Cell type 1
105,0.6808992787041904,0.9790847348340747,2,Sample 1,Cell type 1
106,0.2421083721912266,-0.6034206800154864,0,Sample 3,Cell type 1
107,0.8091704283266851,1.073180732424705,1,Sample 4,Cell type 1
108,-0.05917829087550243,-0.06053248346066421,1,Sample 4,Cell type 1
109,-0.36772541781839757,-0.8638739582251896,2,Sample 1,Cell type 1
110,-2.024230018197064,-0.22880337750408866,0,Sample 3,Cell type 1
111,-1.278499481506998,0.3697381328655543,1,Sample 4,Cell type 1
112,-0.3303982577147473,-0.7413586470778486,1,Sample 4,Cell type 1
113,-0.4110935338693549,-0.8473708175111613,0,Sample 3,Cell type 1
114,-0.5939873860307072,-0.38824466829429466,1,Sample 4,Cell type 1
115,0.027910357671526855,-1.100408711654994,2,Sample 1,Cell type 1
116,0.055841667992015134,-0.30825087748940816,0,Sample 3,Cell type 1
117,0.09117653450221788,-0.6347677839067771,3,Sample 2,Cell type 1
118,-0.046269289902074996,0.9022304216893167,3,Sample 2,Cell type 1
119,0.448735558352991,-0.2363842544233283,0,Sample 3,Cell type 1
120,-1.6878705925005133,1.0714612715839997,3,Sample 2,Cell type 1
121,0.4001923755492559,-0.42688024515133355,1,Sample 4,Cell type 1
122,0.17862473060429646,-0.9587136999616362,2,Sample 1,Cell type 1
123,0.37333678557286487,1.2168049817275042,1,Sample 4,Cell type 1
124,-0.310159933126849,-0.3308925325037142,1,Sample 4,Cell type 1
125,-0.4837957316305702,-1.7644528456792554,1,Sample 4,Cell type 1
126,-0.3583690707599801,-0.9718449087109147,2,Sample 1,Cell type 1
127,-0.1525459206106773,0.1739462985437783,0,Sample 3,Cell type 1
128,-0.9312405059246605,-0.28639234753066867,3,Sample 2,Cell type 1
129,0.05091924919721417,-0.29742320921879073,3,Sample 2,Cell type 1
130,0.21636546062387108,-0.04019048755930957,0,Sample 3,Cell type 1
131,-0.4034384126500986,-0.48625911409249944,3,Sample 2,Cell type 1
132,-2.3255905754573134,-0.2998576452974449,1,Sample 4,Cell type 1
133,0.500533878212005,-0.685726045133026,0,Sample 3,Cell type 1
134,0.6603330791904239,0.6508077088005109,0,Sample 3,Cell type 1
135,-1.2755421270354939,-0.4795000183630183,0,Sample 3,Cell type 1
136,-0.13146816470831296,0.1696746824593402,1,Sample 4,Cell type 1
137,0.04561049991766761,0.21487382309060554,0,Sample 3,Cell type 1
138,-0.4078453545527061,0.02755280936467308,1,Sample 4,Cell type 1
139,-0.9502121919340216,-0.3178586020410895,2,Sample 1,Cell type 1
140,0.2734601711639732,-0.04803003335085161,2,Sample 1,Cell type 1
141,0.7632680817253025,0.9747841718973492,3,Sample 2,Cell type 1
142,0.8180563456077122,1.9518019250714183,0,Sample 3,Cell type 1
143,-0.6849358725294001,0.028452859226394824,2,Sample 1,Cell type 1
144,-0.45575917034058516,-0.28626234675301354,3,Sample 2,Cell type 1
145,0.6526035893216555,0.48197874902589066,3,Sample 2,Cell type 1
146,1.1118113071570845,-1.076167736646882,3,Sample 2,Cell type 1
147,-0.1879394172167797,-0.7148120740154242,2,Sample 1,Cell type 1
148,0.7113230598302448,-0.8974008822847104,2,Sample 1,Cell type 1
149,0.5484061910321633,1.4788870666371292,1,Sample 4,Cell type 1
150,1.6688376396296911,-0.8118075945486818,1,Sample 4,Cell type 1
151,0.15146264583389932,0.23779541870409926,2,Sample 1,Cell type 1
152,-0.591497125967229,0.9535194675308584,1,Sample 4,Cell type 1
153,-0.7902927281118175,0.5784303516638911,3,Sample 2,Cell type 1
154,-0.9038798857748479,-0.6590694957129233,3,Sample 2,Cell type 1
155,-1.6655435263069778,1.3571650946320306,0,Sample 3,Cell type 1
156,0.17492744540583818,-0.35705641218747597,2,Sample 1,Cell type 1
157,-0.10734416854153966,0.4154869965103105,2,Sample 1,Cell type 1
158,-0.1512963126216268,0.7373200895395675,1,Sample 4,Cell type 1
159,0.5203600740289114,-1.2024642414078546,1,Sample 4,Cell type 1
160,0.3458103605073244,0.3760353498945617,1,Sample 4,Cell type 1
161,-0.3747968906882526,-0.6070122063483,2,Sample 1,Cell type 1
162,0.6853619841940446,1.3419016702443916,2,Sample 1,Cell type 1
163,0.46893264031422666,-0.32993105457318433,1,Sample 4,Cell type 1
164,-1.076696738778572,-0.6554062877771982,1,Sample 4,Cell type 1
165,0.23275789147158832,0.7662717048866141,2,Sample 1,Cell type 1
166,1.1855686147492288,-0.22657443115618606,2,Sample 1,Cell type 1
167,-1.041270386242665,-1.4824147863180555,2,Sample 1,Cell type 1
168,-0.47757942937685915,-1.9122434939755504,1,Sample 4,Cell type 1
169,-1.0785416363419922,0.012545789177299475,2,Sample 1,Cell type 1
170,0.39695934989065307,-0.4282533700541272,1,Sample 4,Cell type 1
171,-0.16967173593634052,0.4337624055272389,3,Sample 2,Cell type 1
172,0.5201609423669288,-0.07934069102350633,0,Sample 3,Cell type 1
173,0.9997683361474549,-0.8451976565002082,3,Sample 2,Cell type 1
174,-0.4858835465697691,-0.06177683617843646,1,Sample 4,Cell type 1
175,0.3927799613106011,0.587902228839854,0,Sample 3,Cell type 1
176,0.14485019421686587,1.042622429852851,1,Sample 4,Cell type 1
177,0.7323216941616594,0.2630008877277476,0,Sample 3,Cell type 1
178,-0.09164754197801572,0.06727551060015721,3,Sample 2,Cell type 1
179,-0.6943379702009229,0.4457100947227855,3,Sample 2,Cell type 1
180,0.8974892038354018,-0.149343169850756,2,Sample 1,Cell type 1
181,0.699613659306018,-0.5198121814786137,1,Sample 4,Cell type 1
182,-1.6837996045752117,1.6337423284277848,2,Sample 1,Cell type 1
183,0.81925002064917,0.4740215593609465,0,Sample 3,Cell type 1
184,0.15472509375177357,0.047753504463789016,3,Sample 2,Cell type 1
185,0.6766422980503426,0.4112500419398207,2,Sample 1,Cell type 1
186,-0.09867525123688836,0.24723795442612315,2,Sample 1,Cell type 1
187,0.2707971259955313,-0.33223033112064104,0,Sample 3,Cell type 1
188,-0.2278695501937611,-0.08495527203180253,2,Sample 1,Cell type 1
189,-0.3491087124212549,-0.08768784314066468,0,Sample 3,Cell type 1
190,-0.014315981606680043,-0.781120038931038,2,Sample 1,Cell type 1
191,-1.7569022568799573,-0.12969918038388675,1,Sample 4,Cell type 1
192,-0.8447918495414748,-0.840043831858549,3,Sample 2,Cell type 1
193,-0.1872158872855851,0.37308669955706764,1,Sample 4,Cell type 1
194,-0.7916838562068648,-0.10062953607971853,0,Sample 3,Cell type 1
195,-0.10721373333833416,0.011750555783357675,0,Sample 3,Cell type 1
196,1.3658638476473783,-0.6166550421829515,3,Sample 2,Cell type 1
197,0.4006652728033693,-0.7027790410736481,2,Sample 1,Cell type 1
198,0.41202821376692783,0.4110287607297671,0,Sample 3,Cell type 1
199,0.5380589609621851,1.5199055479161725,0,Sample 3,Cell type 1
200,1.9300923372903327,0.6276834303184191,1,Sample 4,Cell type 1
201,-0.13733892313982668,0.878787900841455,3,Sample 2,Cell type 1
202,1.5089487209684243,0.13966225026547116,0,Sample 3,Cell type 1
203,0.9743673218444467,-0.41055709161071685,1,Sample 4,Cell type 1
204,0.8664409945402216,0.8430416416279224,0,Sample 3,Cell type 1
205,0.9528725465169533,-0.11748281700424071,3,Sample 2,Cell type 1
206,-0.8943420864293918,1.2313577601399261,3,Sample 2,Cell type 1
207,0.07627535955304657,-0.2107585728657993,1,Sample 4,Cell type 1
208,-0.16028206223533112,0.18547367370787846,2,Sample 1,Cell type 1
209,-0.19024562994075178,0.37314502992985354,3,Sample 2,Cell type 1
210,-0.04706628330521777,-0.1767453799516901,3,Sample 2,Cell type 1
211,-0.8207718539846223,0.4858312120813543,3,Sample 2,Cell type 1
212,-0.8566819349475511,1.5291352697117788,1,Sample 4,Cell type 1
213,-1.8433695487551736,-0.28880737860205574,2,Sample 1,Cell type 1
214,-1.2921054527244076,0.9317914835657372,0,Sample 3,Cell type 1
215,0.9652865238911321,-1.2217342852717181,2,Sample 1,Cell type 1
216,-0.3618450553992614,-1.9391034613031655,0,Sample 3,Cell type 1
217,-2.576813084788571,0.3164790678103539,3,Sample 2,Cell type 1
218,1.5348850671009664,-0.28261130835052656,3,Sample 2,Cell type 1
219,-0.5667254135283702,-1.2109715140902617,0,Sample 3,Cell type 1
220,-0.07490895099133668,1.060637318033752,1,Sample 4,Cell type 1
221,0.09081387620099844,0.5297045396168374,0,Sample 3,Cell type 1
222,-0.2303248614943362,0.19603093145232475,3,Sample 2,Cell type 1
223,-0.4228933453998055,0.46909121500407464,0,Sample 3,Cell type 1
224,-0.3343276366127125,-1.6206462984891017,1,Sample 4,Cell type 1
225,-0.573612919302349,-1.0276674125599754,1,Sample 4,Cell type 1
226,-0.4141540582953718,-0.07047299522325863,2,Sample 1,Cell type 1
227,-0.04382268827106008,-0.7379303878751626,2,Sample 1,Cell type 1
228,0.5627937185800199,-0.062257148909178474,3,Sample 2,Cell type 1
229,-0.23798576069908012,1.0495869908591573,1,Sample 4,Cell type 1
230,-0.43964570872686415,0.6876703095838416,1,Sample 4,Cell type 1
231,0.29493864709832096,-0.31467104986188854,0,Sample 3,Cell type 1
232,-0.2978552423503383,0.3498505496311686,1,Sample 4,Cell type 1
233,0.26804642326729405,0.25292476574622264,1,Sample 4,Cell type 1
234,0.43100479395709534,-0.7365388744634931,0,Sample 3,Cell type 1
235,0.7964652112016238,1.3625380879344302,1,Sample 4,Cell type 1
236,-0.8017736151413799,-0.601948189882428,1,Sample 4,Cell type 1
237,-0.5773900426698027,0.1414566977115184,1,Sample 4,Cell type 1
238,0.7984080878877218,-2.3170043025549516,0,Sample 3,Cell type 1
239,-0.4675207812768249,1.961895930294979,3,Sample 2,Cell type 1
240,0.6201243952278266,0.4424320686818868,1,Sample 4,Cell type 1
241,0.18325975056456206,0.8594544101724492,1,Sample 4,Cell type 1
242,-0.28770373796196996,0.24088587135339368,1,Sample 4,Cell type 1
243,-0.5264931912602053,-0.24298082302133173,1,Sample 4,Cell type 1
244,0.6841612061986101,0.21143216812260085,3,Sample 2,Cell type 1
245,-0.5557705048712466,-0.32742595049048323,1,Sample 4,Cell type 1
246,-1.0012315393523552,1.1550116832586077,0,Sample 3,Cell type 1
247,0.2622569382744682,0.7394161116302639,1,Sample 4,Cell type 1
248,-0.49145851527703555,-0.5678311937868281,1,Sample 4,Cell type 1
249,0.537911470089106,0.1333246538878752,2,Sample 1,Cell type 1
250,0.8951156783445354,1.019542741350065,3,Sample 2,Cell type 1
251,0.5590627361620278,0.33677835551151186,1,Sample 4,Cell type 1
252,0.7950257716243513,1.0991315081691597,2,Sample 1,Cell type 1
253,-1.3355242248970975,0.43468815390394805,0,Sample 3,Cell type 1
254,-0.6367762990803987,0.15351163601731793,3,Sample 2,Cell type 1
255,1.272322854858911,-0.4553185589380271,2,Sample 1,Cell type 1
256,0.12647511886142881,0.02675477437852075,3,Sample 2,Cell type 1
257,-0.44180900169008686,-0.8777149197030513,3,Sample 2,Cell type 1
258,-0.017485397953698946,0.5657850990434213,3,Sample 2,Cell type 1
259,-0.8733607009114515,-0.30967976197952085,1,Sample 4,Cell type 1
260,0.17913130725172915,1.0913123439790755,0,Sample 3,Cell type 1
261,-0.0097974182775317,-0.7178034971886653,0,Sample 3,Cell type 1
262,-0.4389799261927692,0.07427592091289177,0,Sample 3,Cell type 1
263,-0.61283616192032,-0.3690136403986458,3,Sample 2,Cell type 1
264,-0.02257430314978382,1.0914609953366934,3,Sample 2,Cell type 1
265,-0.11080979568577981,-0.3391120338578821,2,Sample 1,Cell type 1
266,0.8853683394298539,-1.8196968249649599,3,Sample 2,Cell type 1
267,-0.42864117044183825,-1.3658863660743574,1,Sample 4,Cell type 1
268,0.6977576000583823,-0.2520693849552869,1,Sample 4,Cell type 1
269,-0.35203558935758705,0.10459246182887308,0,Sample 3,Cell type 1
270,1.6492028613091183,0.966692984474514,0,Sample 3,Cell type 1
271,-0.9597802120721708,0.5591357480646311,2,Sample 1,Cell type 1
272,-0.47109346139095687,-0.6698099448397603,1,Sample 4,Cell type 1
273,-0.37995624892876495,-0.5226633860589696,0,Sample 3,Cell type 1
274,-0.44947367948135925,0.3834887627435379,2,Sample 1,Cell type 1
275,-1.261597185752798,-0.6422595551606739,1,Sample 4,Cell type 1
276,-1.1192627425475805,-1.2162294337924877,2,Sample 1,Cell type 1
277,-0.7262049441175363,1.215427138913415,1,Sample 4,Cell type 1
278,-0.17209104013639193,1.2338213021290416,3,Sample 2,Cell type 1
279,1.329007371638296,-0.3656770052690175,0,Sample 3,Cell type 1
280,1.1381985088799522,0.740972321793274,1,Sample 4,Cell type 1
281,0.06546348683805202,-0.07911172255291414,0,Sample 3,Cell type 1
282,1.1575823074829863,0.15724382120925973,0,Sample 3,Cell type 1
283,0.599426045503561,-0.4779830864195227,3,Sample 2,Cell type 1
284,-0.33088442673731544,1.5101501258721524,1,Sample 4,Cell type 1
285,-0.3338934508840675,-0.23607193139032506,1,Sample 4,Cell type 1
286,0.2733281855621011,-0.21705198245463797,2,Sample 1,Cell type 1
287,-0.8368968680500034,0.37872593256997317,2,Sample 1,Cell type 1
288,-0.4820994436916459,0.0014264328836871218,3,Sample 2,Cell type 1
289,-0.15541530558281547,-0.6046332001266904,1,Sample 4,Cell type 1
290,-1.1584674731978593,-1.1259710195012442,0,Sample 3,Cell type 1
291,-0.09163187620209431,0.9902530495787695,0,Sample 3,Cell type 1
292,-0.6643555252452522,0.418011284212606,1,Sample 4,Cell type 1
293,0.838786120840474,0.39021985686747057,2,Sample 1,Cell type 1
294,-0.9243614350541277,0.5800648355580064,3,Sample 2,Cell type 1
295,-0.753648146859396,-0.43839665499291025,3,Sample 2,Cell type 1
296,0.16067607449256768,0.08063285811584504,2,Sample 1,Cell type 1
297,0.955287522437898,-0.7849324249117453,1,Sample 4,Cell type 1
298,-0.424400918088422,-0.46065459251574403,0,Sample 3,Cell type 1
299,1.1139722400514631,-0.20003721167916222,0,Sample 3,Cell type 1
300,0.41448136162398064,-0.4233608078492103,2,Sample 1,Cell type 1
301,0.5648631310521053,-0.19414502144962667,1,Sample 4,Cell type 1
302,0.9142582516120165,0.6015464261494193,0,Sample 3,Cell type 1
303,-0.5878487180273527,-1.119382607379705,3,Sample 2,Cell type 1
304,0.1995607567440578,0.3193825543514617,3,Sample 2,Cell type 1
305,1.6107097980212985,0.10922826486618996,0,Sample 3,Cell type 1
306,-0.7607627064755773,0.5567456807526797,3,Sample 2,Cell type 1
307,-0.19470718350001448,-0.23987055701990445,1,Sample 4,Cell type 1
308,0.8230151931387845,0.40134803613503056,2,Sample 1,Cell type 1
309,-0.7181275082200432,-0.5099899478600094,3,Sample 2,Cell type 1
310,0.2703644433160202,-0.4737926758502517,2,Sample 1,Cell type 1
311,-1.4184259745655052,1.0095372005711933,0,Sample 3,Cell type 1
312,0.29882694672941496,1.1643475871322602,3,Sample 2,Cell type 1
313,0.877175387048707,-0.50054182999697,1,Sample 4,Cell type 1
314,2.46310464676419,0.8956599291476615,0,Sample 3,Cell type 1
315,0.8396421722554681,-0.4281881692484544,0,Sample 3,Cell type 1
316,0.9496621429934043,-0.7718317901037485,3,Sample 2,Cell type 1
317,-0.31957239237828233,0.10334997866536838,3,Sample 2,Cell type 1
318,0.08198771372656603,-0.3862620726455347,2,Sample 1,Cell type 1
319,0.10105135958656015,-0.3753046833683272,2,Sample 1,Cell type 1
320,-0.23083895670056387,-0.6270028168995427,1,Sample 4,Cell type 1
321,0.2786733913969015,-0.7182640531405036,2,Sample 1,Cell type 1
322,0.7409420380253131,1.5275333123761046,0,Sample 3,Cell type 1
323,-0.7797453361818572,0.6296676829939617,0,Sample 3,Cell type 1
324,-0.4400922263492311,-0.11762033874467999,1,Sample 4,Cell type 1
325,0.545655592050105,0.10094232292957375,1,Sample 4,Cell type 1
326,-0.4531156729717786,0.6652934289443229,2,Sample 1,Cell type 1
327,-1.2052202064312922,-0.8034324507954026,3,Sample 2,Cell type 1
328,1.062912662598585,0.250547579091984,1,Sample 4,Cell type 1
329,0.2802961731090706,-0.6754592297464569,2,Sample 1,Cell type 1
330,-0.7282594735426272,0.5561321986641125,3,Sample 2,Cell type 1
331,-0.7924290601045507,-0.45303818368221754,0,Sample 3,Cell type 1
332,-1.0560617501898413,-0.19100208165074747,3,Sample 2,Cell type 1
333,-1.6304996281422832,-0.8064690487339233,0,Sample 3,Cell type 1
334,-1.0081318121380642,-0.493089126431582,1,Sample 4,Cell type 1
335,0.9899505077473114,-0.36584132406943204,1,Sample 4,Cell type 1
336,-1.7085393711829564,2.5101988269279953,0,Sample 3,Cell type 1
337,0.11046272673403748,-1.508902963160821,3,Sample 2,Cell type 1
338,0.6592823174845647,-0.13131953017741915,3,Sample 2,Cell type 1
339,-0.1383568479387384,1.3693667841138748,0,Sample 3,Cell type 1
340,-0.9215980380633145,0.0872663762798655,3,Sample 2,Cell type 1
341,0.08211642283173154,-0.23823692497916815,3,Sample 2,Cell type 1
342,-0.7099937422416801,-0.34996664025872837,0,Sample 3,Cell type 1
343,0.12425999935952117,0.3185178120980297,2,Sample 1,Cell type 1
344,1.5940122825344947,-0.6133252702266784,1,Sample 4,Cell type 1
345,-0.027140180742327102,-1.275804766530666,2,Sample 1,Cell type 1
346,-0.9360904208474876,-1.4415843500640158,0,Sample 3,Cell type 1
347,-0.5732587907392842,0.6476755487775088,2,Sample 1,Cell type 1
348,-0.9912856605231207,-1.174020212601952,1,Sample 4,Cell type 1
349,-1.738135636811229,0.6779373417203374,0,Sample 3,Cell type 1
350,-0.6177539102435035,1.3324825709492218,3,Sample 2,Cell type 1
351,0.8589053998878177,-0.8212122395288483,0,Sample 3,Cell type 1
352,1.0086796159994478,0.4933311811768946,3,Sample 2,Cell type 1
353,-0.33295552390820315,-0.9040554712322862,1,Sample 4,Cell type 1
354,0.4212293469378457,-0.3819285649542404,2,Sample 1,Cell type 1
355,0.19053704491170265,-0.6726175119189001,3,Sample 2,Cell type 1
356,0.4790355116495282,0.5346723909744647,1,Sample 4,Cell type 1
357,-0.6339359367999691,-0.24636922371123224,1,Sample 4,Cell type 1
358,-0.40651215811784874,-0.11822425505397723,1,Sample 4,Cell type 1
359,-1.118854059055313,0.4503753893524567,0,Sample 3,Cell type 1
360,0.690822594017217,0.13717545407231277,2,Sample 1,Cell type 1
361,0.1211224383613861,0.23876145118515182,2,Sample 1,Cell type 1
362,-0.9226659225645961,-1.3498754776885684,1,Sample 4,Cell type 1
363,1.5137534086664544,-0.7069753125528503,3,Sample 2,Cell type 1
364,-1.7425690557851443,-0.42357357080560665,2,Sample 1,Cell type 1
365,0.7921329911674313,-0.173704859956962,2,Sample 1,Cell type 1
366,1.4660456347833615,0.6513214096946133,1,Sample 4,Cell type 1
367,-0.09251862591059243,-0.24088295647143104,0,Sample 3,Cell type 1
368,0.9445127299617158,-0.5018507567610423,1,Sample 4,Cell type 1
369,0.8934670204239634,0.14913293579523706,1,Sample 4,Cell type 1
370,0.41088008525577324,-0.42616067172952915,0,Sample 3,Cell type 1
371,0.4042697181178788,0.4222714799324697,3,Sample 2,Cell type 1
372,-0.9916704100200227,0.48627227098800685,3,Sample 2,Cell type 1
373,-0.41493337569696814,0.6825612360412436,2,Sample 1,Cell type 1
374,0.687667897874845,0.06384118724698648,2,Sample 1,Cell type 1
375,-0.11771160385128557,-0.5252992566397638,3,Sample 2,Cell type 1
376,-0.6181275562166593,0.6641534494900881,1,Sample 4,Cell type 1
377,-0.490230952387509,-0.31016124794878736,0,Sample 3,Cell type 1
378,-1.6794850115352205,0.5465784118310464,2,Sample 1,Cell type 1
379,-0.7004946027078058,-1.106239784771469,0,Sample 3,Cell type 1
380,-0.2951515512251698,0.17104703515285072,2,Sample 1,Cell type 1
381,2.0586878425998885,0.04737474721159061,0,Sample 3,Cell type 1
382,1.1697567509741096,0.35890861161162185,2,Sample 1,Cell type 1
383,1.218499261815726,0.43112803494772695,0,Sample 3,Cell type 1
384,-0.6287915684063596,-1.0649863628462224,0,Sample 3,Cell type 1
385,-0.9511707356279695,-0.03990412330249416,2,Sample 1,Cell type 1
386,0.042447450346095233,0.6922318049081999,3,Sample 2,Cell type 1
387,-0.7515705935887862,0.8953959340512768,2,Sample 1,Cell type 1
388,0.1560199872225014,-0.6066256551100722,1,Sample 4,Cell type 1
389,0.3087760740551007,-0.9413159551200425,3,Sample 2,Cell type 1
390,0.23796964249425323,0.1115982369179671,2,Sample 1,Cell type 1
391,-0.7245858406900951,-0.5230130709190559,0,Sample 3,Cell type 1
392,-0.09816714687657932,0.07469789942132099,1,Sample 4,Cell type 1
393,-1.2154959727632109,-0.38738725829300114,0,Sample 3,Cell type 1
394,-0.2628947805991877,0.4825499448658745,1,Sample 4,Cell type 1
395,0.6953248515114185,0.7098326698133937,1,Sample 4,Cell type 1
396,0.02623759632926921,-0.6067962677600556,1,Sample 4,Cell type 1
397,-0.27415007526427904,-0.2971526927966332,0,Sample 3,Cell type 1
398,0.5979559771416447,0.23830095281907615,3,Sample 2,Cell type 1
399,-1.0785483376845704,0.594611275218172,0,Sample 3,Cell type 1
400,1.82066034211811,-0.6817797143978593,2,Sample 1,Cell type 1
401,0.25533960833534436,1.0723603568185156,0,Sample 3,Cell type 1
402,-0.7950901398678827,0.3361532343159933,1,Sample 4,Cell type 1
403,-1.465345797764821,-0.8410479293114757,1,Sample 4,Cell type 1
404,0.3229840722692876,-0.019356485112732934,0,Sample 3,Cell type 1
405,0.2640910323767549,-0.6512085354332446,3,Sample 2,Cell type 1
406,-0.7834401842261083,0.1306882839326404,3,Sample 2,Cell type 1
407,0.0394625326358749,0.5779575881767836,3,Sample 2,Cell type 1
408,-0.16721860582882023,-0.6804163633674402,0,Sample 3,Cell type 1
409,1.0625553134792465,0.44498400752052797,0,Sample 3,Cell type 1
410,-0.9209229892422954,-2.271262927588342,2,Sample 1,Cell type 1
411,1.0536920538718924,-0.094454821592863,0,Sample 3,Cell type 1
412,0.5108739670218991,-1.329216049815168,0,Sample 3,Cell type 1
413,1.2834712866468772,-0.22807540563361117,2,Sample 1,Cell type 1
414,0.010401513502325616,1.1628272617258535,0,Sample 3,Cell type 1
415,-0.3546258009532083,-0.7078421712215208,0,Sample 3,Cell type 1
416,0.6937499302621911,-0.3978834971312746,3,Sample 2,Cell type 1
417,-0.8048139051997616,-0.9713508902301857,0,Sample 3,Cell type 1
418,-0.16649780028582017,-0.3944007477270663,0,Sample 3,Cell type 1
419,0.41715951924762323,1.0695752588447682,3,Sample 2,Cell type 1
420,-2.1635133052822204,-0.5039076418910483,2,Sample 1,Cell type 1
421,0.239002326692549,-0.6014328400761475,0,Sample 3,Cell type 1
422,-0.17700289886861761,-0.22145063991113656,0,Sample 3,Cell type 1
423,1.2745493013115177,-0.40897254114494813,0,Sample 3,Cell type 1
424,0.2593330819907537,-0.10411444349414767,0,Sample 3,Cell type 1
425,0.16772753221970063,-0.3933089485056379,1,Sample 4,Cell type 1
426,0.8501258326300212,-0.3005069326124285,2,Sample 1,Cell type 1
427,1.536294001715409,-0.9783160156444511,1,Sample 4,Cell type 1
428,-0.6071765591226759,-0.7829926690478128,2,Sample 1,Cell type 1
429,-0.5440197772627927,0.18580295772880284,0,Sample 3,Cell type 1
430,1.3226477097428244,0.49846987831127615,2,Sample 1,Cell type 1
431,-0.9207948619378423,0.3005584146765376,0,Sample 3,Cell type 1
432,0.4758034733322288,0.6827324470242462,0,Sample 3,Cell type 1
433,-1.4689642984826374,0.40639306153003496,0,Sample 3,Cell type 1
434,0.3041582808047706,0.4884685962270585,0,Sample 3,Cell type 1
435,1.133129433360234,0.6185919893326074,3,Sample 2,Cell type 1
436,0.2069289182843105,0.17019182068612826,1,Sample 4,Cell type 1
437,0.047704295936139306,-0.5175494221644591,0,Sample 3,Cell type 1
438,0.6037866384542474,0.1595391887894137,2,Sample 1,Cell type 1
439,-1.6520664370050566,0.022766064946527106,1,Sample 4,Cell type 1
440,-0.04249652241403628,0.978855105934902,1,Sample 4,Cell type 1
441,0.12033512411486114,0.29196880197298036,0,Sample 3,Cell type 1
442,0.6863190602330744,0.44285562485423463,2,Sample 1,Cell type 1
443,0.4044713934686997,1.1912904866626317,1,Sample 4,Cell type 1
444,0.3679777143512932,-0.5421722958016849,0,Sample 3,Cell type 1
445,1.9529773779775312,0.3497014237848415,3,Sample 2,Cell type 1
446,0.5123838361606591,-0.15240248479824908,1,Sample 4,Cell type 1
447,0.023352403148453958,0.558379224104078,2,Sample 1,Cell type 1
448,-0.27144894971052724,-0.0330697638473362,3,Sample 2,Cell type 1
449,0.18622939435213093,-0.6054111816127411,1,Sample 4,Cell type 1
450,0.3647102176652861,1.7320018759208673,0,Sample 3,Cell type 1
451,-0.6249251025048914,-0.20784011261401003,2,Sample 1,Cell type 1
452,0.13331031624947084,0.8479601358099011,3,Sample 2,Cell type 1
453,0.7186876546775885,0.8998213759886501,3,Sample 2,Cell type 1
454,0.4089620796199846,1.0989268361303661,0,Sample 3,Cell type 1
455,0.9441025389932222,0.9154344548479513,2,Sample 1,Cell type 1
456,0.8663999508134949,-0.8611049499216468,3,Sample 2,Cell type 1
457,0.6359384911004473,1.0793080840907436,3,Sample 2,Cell type 1
458,-1.076011587144535,-0.6888397377324604,3,Sample 2,Cell type 1
459,1.381571080986724,-0.3197089484916819,0,Sample 3,Cell type 1
460,1.3985096552966683,0.8320494559220608,2,Sample 1,Cell type 1
461,-1.000326187175774,0.48361226108429345,1,Sample 4,Cell type 1
462,1.1348250761184293,-1.9902469252280637,1,Sample 4,Cell type 1
463,0.009735745826324159,-0.07429960111444218,3,Sample 2,Cell type 1
464,0.5433142203505564,-0.24163639959189137,1,Sample 4,Cell type 1
465,-0.29422762125684415,0.5620266511470845,3,Sample 2,Cell type 1
466,0.005890145138853708,-1.182837549599039,2,Sample 1,Cell type 1
467,0.5124343480598188,0.09846256132494492,1,Sample 4,Cell type 1
468,0.00042236708527783426,0.4809653991432919,1,Sample 4,Cell type 1
469,-0.16693469697637267,-0.25013475658588585,2,Sample 1,Cell type 1
470,0.44251932510336733,-0.43856023853341813,1,Sample 4,Cell type 1
471,0.31105512821097064,-0.9390986610448231,3,Sample 2,Cell type 1
472,0.3787775192281828,-0.21411287271903487,1,Sample 4,Cell type 1
473,-0.1399678053563269,-0.6045961275942758,0,Sample 3,Cell type 1
474,-0.7026106022587734,0.07990956352737039,2,Sample 1,Cell type 1
475,1.0964289151973707,0.5561623200671995,1,Sample 4,Cell type 1
476,0.6256219100593021,-0.7292938417231221,3,Sample 2,Cell type 1
477,0.7663951531840153,0.530836494798748,3,Sample 2,Cell type 1
478,-0.38150116851506854,1.3416926961494968,3,Sample 2,Cell type 1
479,0.24888799291455618,-1.5117194336769224,1,Sample 4,Cell type 1
480,-0.3564020171206175,1.1627075816941608,0,Sample 3,Cell type 1
481,0.8242267632254738,0.19103132722121083,0,Sample 3,Cell type 1
482,0.4631429188569879,0.36803385908837294,3,Sample 2,Cell type 1
483,0.5083344241673812,-0.9914067158827781,1,Sample 4,Cell type 1
484,0.9541881323331316,-1.0062945247271102,1,Sample 4,Cell type 1
485,1.030460579881902,0.011607199410123309,2,Sample 1,Cell type 1
486,0.3785900996588359,-0.05826313012549822,0,Sample 3,Cell type 1
487,0.5378347264323218,-1.2003812393304014,2,Sample 1,Cell type 1
488,-0.5288200437019953,-0.411950965146618,3,Sample 2,Cell type 1
489,1.64624894167821,-1.1507289334356474,3,Sample 2,Cell type 1
490,-0.08905507903824056,0.2392685872168847,3,Sample 2,Cell type 1
491,1.3688230473526302,0.41916840966138785,2,Sample 1,Cell type 1
492,-0.6591483895775997,-0.5752875611593488,1,Sample 4,Cell type 1
493,0.3272519506672457,0.5333023067655126,3,Sample 2,Cell type 1
494,1.0168522608056267,-0.7840498414724913,2,Sample 1,Cell type 1
495,-0.8577112095884856,-2.337080386795686,0,Sample 3,Cell type 1
496,-0.04786091482392296,0.3948481634674333,2,Sample 1,Cell type 1
497,-0.41112050131907457,-0.9591611183951008,2,Sample 1,Cell type 1
498,0.38320251471420713,-0.6890476637576864,3,Sample 2,Cell type 1
499,-0.22652150790390058,-1.6200319309409386,3,Sample 2,Cell type 1
500,1.8179477763575056,0.7112296978239137,1,Sample 4,Cell type 1
501,0.6405615580364614,1.6478760013899216,3,Sample 2,Cell type 1
502,-0.14873958475901658,-1.279515809755449,2,Sample 1,Cell type 1
503,-1.2261471767389873,-0.9028725384776277,3,Sample 2,Cell type 1
504,-0.8769762598948522,-0.05429710535958552,2,Sample 1,Cell type 1
505,-1.913564963450419,0.67581950062536,2,Sample 1,Cell type 1
506,-0.18732269977866878,-0.18730956555934444,0,Sample 3,Cell type 1
507,-0.02799079239756936,1.416640508508408,0,Sample 3,Cell type 1
508,-0.013604859587064796,0.40401687061901354,2,Sample 1,Cell type 1
509,0.32785492554281004,-0.19300612369483397,0,Sample 3,Cell type 1
510,0.6500206579153585,1.0849920228566583,0,Sample 3,Cell type 1
511,-0.504366763348382,1.309665926394194,3,Sample 2,Cell type 1
512,-0.3033021927899897,-0.16286428808188944,0,Sample 3,Cell type 1
513,0.6506243248516744,-0.6750831019399195,3,Sample 2,Cell type 1
514,-0.08920706171435497,-0.6439731846820487,1,Sample 4,Cell type 1
515,0.9603311263555403,-0.5255154231771166,0,Sample 3,Cell type 1
516,-0.5148145843041144,0.7422721024649898,0,Sample 3,Cell type 1
517,0.8533397516713231,0.9354364723565383,0,Sample 3,Cell type 1
518,-0.6030896909527692,0.3061228411819933,2,Sample 1,Cell type 1
519,-1.0458958257847712,-1.2782977075958701,2,Sample 1,Cell type 1
520,0.33034516342049947,-0.45097964224317977,0,Sample 3,Cell type 1
521,0.7143630960870154,1.4636961613728698,1,Sample 4,Cell type 1
522,2.1682653154679143,0.4158968144815292,3,Sample 2,Cell type 1
523,0.8254756315749079,-1.1884482984295777,0,Sample 3,Cell type 1
524,0.5747339387773128,-0.1261975865851882,2,Sample 1,Cell type 1
525,0.38420840112474,-0.8440861403843596,2,Sample 1,Cell type 1
526,-0.8818337198691387,0.5450876083543584,1,Sample 4,Cell type 1
527,0.3201886844214201,0.16132232410340372,2,Sample 1,Cell type 1
528,0.4007337500995046,-0.7820441958388409,0,Sample 3,Cell type 1
529,0.3604827302900311,-1.4958530716257314,1,Sample 4,Cell type 1
530,0.345882171360272,-0.5737455205779772,3,Sample 2,Cell type 1
531,0.9305310017239677,0.00818644881566964,0,Sample 3,Cell type 1
532,-0.09298323449756654,0.1717705465364211,1,Sample 4,Cell type 1
533,0.054270811133550145,-1.6159418657249092,2,Sample 1,Cell type 1
534,0.21427491029306667,-0.6588279765006796,2,Sample 1,Cell type 1
535,-0.46913211911101876,-0.4958177026031021,2,Sample 1,Cell type 1
536,-1.4152402429915192,0.2933971263138056,2,Sample 1,Cell type 1
537,0.9513811690046282,0.5337961179433935,3,Sample 2,Cell type 1
538,0.8730480964754153,0.4873104967257416,0,Sample 3,Cell type 1
539,0.058669395822509345,0.7750159165450827,3,Sample 2,Cell type 1
540,-0.14233430064351854,-0.7302487354372105,2,Sample 1,Cell type 1
541,-0.42122534967683445,-0.4188607907252664,2,Sample 1,Cell type 1
542,1.224600665874958,0.9750094813578534,0,Sample 3,Cell type 1
543,-0.3147058381957257,-0.6099343604823315,3,Sample 2,Cell type 1
544,-0.2613385980072352,0.0998016797311476,2,Sample 1,Cell type 1
545,-0.3134065192350575,-0.7379281475988021,0,Sample 3,Cell type 1
546,0.2362239524966947,-0.6211993123944003,2,Sample 1,Cell type 1
547,0.532333458953423,1.5529739491709993,1,Sample 4,Cell type 1
548,0.15968833472222624,0.8753436380171804,3,Sample 2,Cell type 1
549,0.7330621397619852,0.27719078071839415,0,Sample 3,Cell type 1
550,0.7707009033954575,0.3302247415491987,0,Sample 3,Cell type 1
551,-1.245265518927801,-0.34249212877273005,0,Sample 3,Cell type 1
552,-0.1381018399526557,0.706927949989338,0,Sample 3,Cell type 1
553,-0.9455855968545752,0.7967789430771566,3,Sample 2,Cell type 1
554,0.35160098449618116,0.6231492028096913,1,Sample 4,Cell type 1
555,-1.323909948982637,-0.768037036223571,1,Sample 4,Cell type 1
556,0.14423590440275552,-0.6518945191274753,3,Sample 2,Cell type 1
557,0.22663029723691375,-0.20712397896326187,0,Sample 3,Cell type 1
558,-0.6376908529799846,0.03273979898313828,2,Sample 1,Cell type 1
559,-0.34621910687071095,0.6350547737150526,2,Sample 1,Cell type 1
560,-0.4459934280062669,-1.0958423836632623,0,Sample 3,Cell type 1
561,-0.13810330743266774,0.5109417119042408,2,Sample 1,Cell type 1
562,-0.5154722136175874,-2.1913121649099785,2,Sample 1,Cell type 1
563,0.5664869413508724,0.7653618534356673,0,Sample 3,Cell type 1
564,-0.3256290503414244,0.5490547655653607,1,Sample 4,Cell type 1
565,-0.1727684162801858,0.74998199400554,2,Sample 1,Cell type 1
566,-1.1948078226025147,-1.6991580661605319,2,Sample 1,Cell type 1
567,0.10927791647100189,0.020308222377817375,2,Sample 1,Cell type 1
568,1.3636736746379017,-0.8864899666070954,2,Sample 1,Cell type 1
569,0.8768559259819189,0.34025704666408835,2,Sample 1,Cell type 1
570,0.14369781810553875,1.0761180963619317,2,Sample 1,Cell type 1
571,0.20493648455542252,0.9546488047417008,2,Sample 1,Cell type 1
572,0.2585341713478252,-0.11808206903893495,0,Sample 3,Cell type 1
573,-0.03922347267042939,-0.1282880648358646,1,Sample 4,Cell type 1
574,-0.5884239540718132,0.98887454016835,0,Sample 3,Cell type 1
575,-0.07311964600729157,-0.06470279829236905,1,Sample 4,Cell type 1
576,-0.7670227649494199,-1.0820069515525779,2,Sample 1,Cell type 1
577,-0.8829358628242954,-0.2646313794620459,1,Sample 4,Cell type 1
578,0.5675614537112316,-0.3483890964558747,0,Sample 3,Cell type 1
579,0.38882903153410964,-1.2378431911506924,1,Sample 4,Cell type 1
580,0.3365597048147831,-0.4623366214661685,2,Sample 1,Cell type 1
581,0.017972714249637103,0.437695292140168,1,Sample 4,Cell type 1
582,-0.20398177393668424,1.2031943908661509,0,Sample 3,Cell type 1
583,-0.3085381047822786,0.3476021168730446,2,Sample 1,Cell type 1
584,-0.6545591067378458,-0.0026995659287616415,0,Sample 3,Cell type 1
585,-0.24415107638460143,0.8375294355905116,2,Sample 1,Cell type 1
586,-0.5847650205723787,0.6063374799388956,1,Sample 4,Cell type 1
587,0.14776837982486665,0.7503324300085241,1,Sample 4,Cell type 1
588,0.7100031739312476,0.6086773234491822,1,Sample 4,Cell type 1
589,0.23445797863894502,-0.5714811344210943,0,Sample 3,Cell type 1
590,-0.6893624562050066,0.02402518333126574,1,Sample 4,Cell type 1
591,0.5939671308740962,-0.5100700336607712,2,Sample 1,Cell type 1
592,0.25597215291613046,-1.1255547204105356,2,Sample 1,Cell type 1
593,0.3155617139026375,-0.3367875846562104,0,Sample 3,Cell type 1
594,-0.05175088402601479,0.058299278412412316,1,Sample 4,Cell type 1
595,-0.2549986521969065,-0.823849478833476,2,Sample 1,Cell type 1
596,0.41780050881422287,-0.07833219715432325,1,Sample 4,Cell type 1
597,0.41509694435209765,0.3966440168220567,2,Sample 1,Cell type 1
598,-0.38306996480672334,-0.6902206112344965,1,Sample 4,Cell type 1
599,0.27972003783975496,-1.2518422170896442,1,Sample 4,Cell type 1
600,-0.3486317836989088,-0.6731596113032068,3,Sample 2,Cell type 1
601,-1.200177489157549,-0.6230696342563479,2,Sample 1,Cell type 1
602,-0.47971199585696295,0.32956239924944764,3,Sample 2,Cell type 1
603,-0.9625606843113156,-0.8336355297944824,1,Sample 4,Cell type 1
604,0.9437801666885681,0.15528610476268617,1,Sample 4,Cell type 1
605,2.3485263218622228,-0.8586624257783164,2,Sample 1,Cell type 1
606,0.3743603377054814,-0.9362245651174199,2,Sample 1,Cell type 1
607,-0.7270157366463788,1.3476198676827615,2,Sample 1,Cell type 1
608,2.461488296144403,1.0880927201442503,2,Sample 1,Cell type 1
609,0.2136402126954071,0.7117046364987497,0,Sample 3,Cell type 1
610,2.0790583200596657,-1.3792494486944284,3,Sample 2,Cell type 1
611,1.0931115294835507,-0.5901893637478727,3,Sample 2,Cell type 1
612,-0.19532530823251895,0.7712697346306858,0,Sample 3,Cell type 1
613,0.9168220600107321,-2.270005153117903,2,Sample 1,Cell type 1
614,-0.6050805962274427,-1.1378029676781394,0,Sample 3,Cell type 1
615,-0.004476815063237244,0.5349933244740102,1,Sample 4,Cell type 1
616,0.6807183697343778,-0.10989743071951733,1,Sample 4,Cell type 1
617,0.259267175515836,-0.30806582433305324,0,Sample 3,Cell type 1
618,1.3136121281090953,0.8078536714741074,0,Sample 3,Cell type 1
619,1.3727261049061557,-0.07802030699649876,2,Sample 1,Cell type 1
620,-0.7961187854827037,-0.14520252970853373,1,Sample 4,Cell type 1
621,-0.08038057645736413,-0.045912562401233925,2,Sample 1,Cell type 1
622,0.9455128743679693,0.3847264741991163,1,Sample 4,Cell type 1
623,0.3550555425169828,0.6197072427434694,0,Sample 3,Cell type 1
624,0.8580334396582071,1.1430081296294163,3,Sample 2,Cell type 1
625,0.5542152254790884,0.8846664530357702,2,Sample 1,Cell type 1
626,0.6711524003756898,-0.4938025492375386,1,Sample 4,Cell type 1
627,1.5717801063331116,0.028210841577382892,0,Sample 3,Cell type 1
628,-0.8237569917064484,-0.3872136988976678,3,Sample 2,Cell type 1
629,0.7718813064779662,1.2924662588385853,0,Sample 3,Cell type 1
630,-0.55953163209863,0.12935882136380233,2,Sample 1,Cell type 1
631,-1.0935029587323368,-0.17981232151414683,0,Sample 3,Cell type 1
632,1.1474477354816608,0.2278036747084546,3,Sample 2,Cell type 1
633,0.35333005134884854,-1.1469840198481829,3,Sample 2,Cell type 1
634,-1.0503748239578183,0.3151801806915219,3,Sample 2,Cell type 1
635,-0.5565559017576512,-0.7345015867332599,1,Sample 4,Cell type 1
636,-0.04941135988810314,0.38355321446885116,1,Sample 4,Cell type 1
637,1.404380558652392,1.2584157801718852,1,Sample 4,Cell type 1
638,-0.7204722820288494,-0.9062279610141961,2,Sample 1,Cell type 1
639,1.2409962131421837,0.7058291940793726,3,Sample 2,Cell type 1
640,1.0484847302507707,0.9368815773356476,3,Sample 2,Cell type 1
641,0.6968997627453539,-0.2608188257342729,0,Sample 3,Cell type 1
642,-0.1611932271580144,-0.00521705218356645,1,Sample 4,Cell type 1
643,-1.9510537266211434,-0.10742332974904333,1,Sample 4,Cell type 1
644,-0.1021237452145521,-0.448486109477848,1,Sample 4,Cell type 1
645,-0.4803085542968846,0.11172295165228066,3,Sample 2,Cell type 1
646,-0.14431334540992627,1.0982787797412241,1,Sample 4,Cell type 1
647,0.24644043160328188,-0.3133188539374329,0,Sample 3,Cell type 1
648,0.2530866572289158,-0.7081989488993781,1,Sample 4,Cell type 1
649,-0.5323378385035684,0.5775227883505132,2,Sample 1,Cell type 1
650,-0.6946087692786659,0.07825063447464592,2,Sample 1,Cell type 1
651,0.22326708667614814,0.23325094134557822,2,Sample 1,Cell type 1
652,-0.6681143213040185,1.671630977355819,1,Sample 4,Cell type 1
653,0.671731091544951,-1.086014031873548,2,Sample 1,Cell type 1
654,0.09566429473132261,-0.7784551527052445,0,Sample 3,Cell type 1
655,0.6006982235210656,0.523544821684497,2,Sample 1,Cell type 1
656,-0.9149809658565294,0.08684776462121852,0,Sample 3,Cell type 1
657,0.16380710592142733,0.6127026235844919,2,Sample 1,Cell type 1
658,-0.524550175569155,-0.18856899588533482,2,Sample 1,Cell type 1
659,-1.0625488391187445,0.15748898869529881,0,Sample 3,Cell type 1
660,0.0256033192526133,-0.6027342962769469,0,Sample 3,Cell type 1
661,-0.7850607492139718,-1.1238535551420055,2,Sample 1,Cell type 1
662,-1.0284792912422178,-1.2926771767734657,3,Sample 2,Cell type 1
663,-1.3525373020851617,-0.7827996366932851,2,Sample 1,Cell type 1
664,-0.3868491870772297,-0.48973353372385664,1,Sample 4,Cell type 1
665,-0.8981776172498389,0.3059277969472405,0,Sample 3,Cell type 1
666,1.234189093823821,0.1947800617094162,3,Sample 2,Cell type 1
667,-0.02563799533097081,0.026819761910870023,3,Sample 2,Cell type 1
668,-0.15464338115837592,1.1772680660559152,3,Sample 2,Cell type 1
669,0.4397465490322078,1.4411440794131904,2,Sample 1,Cell type 1
670,0.020168694032065695,-1.2344945823542963,2,Sample 1,Cell type 1
671,0.2923153935401126,-0.031329692354207545,3,Sample 2,Cell type 1
672,1.2624944460497476,0.7883597484921747,1,Sample 4,Cell type 1
673,-0.386194817745626,-0.7626628866069699,0,Sample 3,Cell type 1
674,0.3092689839241538,1.0874380794918446,3,Sample 2,Cell type 1
675,1.0512599852196833,-0.7589989562144002,3,Sample 2,Cell type 1
676,0.8949058673233694,0.010434699501561708,2,Sample 1,Cell type 1
677,0.8057257604773354,0.41439582111316153,2,Sample 1,Cell type 1
678,-1.6147902915109105,0.1160509967675053,1,Sample 4,Cell type 1
679,0.4278538690767282,0.9831844019912496,1,Sample 4,Cell type 1
680,-0.502519519804514,1.0291057095964269,3,Sample 2,Cell type 1
681,2.2239708993788447,-0.830393083991384,3,Sample 2,Cell type 1
682,-0.5232605465019391,-1.4645063174851656,0,Sample 3,Cell type 1
683,-0.12664438240773102,-0.14708311452736775,2,Sample 1,Cell type 1
684,-0.29748630582293245,-0.5827692973442743,1,Sample 4,Cell type 1
685,0.5523781488972105,0.21249359453802677,2,Sample 1,Cell type 1
686,0.46872336093171935,-0.5894161087580976,1,Sample 4,Cell type 1
687,0.22135263946401526,0.6617465992288191,0,Sample 3,Cell type 1
688,0.6557917738064759,-0.15637811486877906,3,Sample 2,Cell type 1
689,-0.6547429327536012,1.225894179742493,1,Sample 4,Cell type 1
690,0.26708797325482775,1.1450934254649467,1,Sample 4,Cell type 1
691,1.0326067392979426,2.070327178824548,2,Sample 1,Cell type 1
692,0.554783129531195,-0.3136101119353037,1,Sample 4,Cell type 1
693,0.2576658486135884,-0.008873603158881648,1,Sample 4,Cell type 1
694,0.3197503614021133,-0.5210855150334632,0,Sample 3,Cell type 1
695,0.37638639690328524,1.57787558326576,3,Sample 2,Cell type 1
696,0.09061632843021157,-1.1506223826538935,0,Sample 3,Cell type 1
697,0.3193784980842234,0.5177567517621928,0,Sample 3,Cell type 1
698,-0.03303308942772915,-1.1796021496385884,3,Sample 2,Cell type 1
699,-0.9409386692438245,0.3900482376693749,1,Sample 4,Cell type 1
700,1.2741359986263072,0.015475256649403434,2,Sample 1,Cell type 1
701,1.408950499893899,-0.0002509380894197697,1,Sample 4,Cell type 1
702,0.008282095874704486,-1.0494689858801276,0,Sample 3,Cell type 1
703,0.014437801974579424,0.9685396420337578,3,Sample 2,Cell type 1
704,-0.22750771968520747,1.2724656580942804,1,Sample 4,Cell type 1
705,-0.05760809726426708,0.8028263183136194,0,Sample 3,Cell type 1
706,1.3538772579705638,0.11546117738082946,3,Sample 2,Cell type 1
707,-0.9234901345863875,-1.4014630454013755,1,Sample 4,Cell type 1
708,0.6982594808045077,-0.7729253786963337,2,Sample 1,Cell type 1
709,1.1017447492036492,0.8160292055216719,3,Sample 2,Cell type 1
710,1.941373189076418,0.34636786028855693,1,Sample 4,Cell type 1
711,0.5431575902097864,-0.649921879149936,1,Sample 4,Cell type 1
712,1.335923603481125,0.3157372238583849,0,Sample 3,Cell type 1
713,0.8716292664613126,1.8923262175999789,3,Sample 2,Cell type 1
714,-1.2545154507360405,0.3657704509540111,3,Sample 2,Cell type 1
715,-0.2239946414995838,-1.0232245889758291,1,Sample 4,Cell type 1
716,0.5659661686915048,0.621545353883863,3,Sample 2,Cell type 1
717,-0.06617201911719456,0.19447338212855902,2,Sample 1,Cell type 1
718,-1.9995245718988586,1.8327540580725934,0,Sample 3,Cell type 1
719,-0.8775000635071889,0.657652862426022,3,Sample 2,Cell type 1
720,-0.665563933995561,-0.5106261812227954,1,Sample 4,Cell type 1
721,-1.069254800251936,1.0693258862071866,3,Sample 2,Cell type 1
722,0.044579929830955684,0.8753532147767589,0,Sample 3,Cell type 1
723,0.08595549947271404,0.3098971845063919,2,Sample 1,Cell type 1
724,-1.6201140693260858,0.1491634518155421,0,Sample 3,Cell type 1
725,-0.029271979474344935,0.5277199984658963,2,Sample 1,Cell type 1
726,-0.6047605653535364,0.28835334103421834,3,Sample 2,Cell type 1
727,-0.3088902208689133,0.8121767134514443,3,Sample 2,Cell type 1
728,-0.48868611184405264,0.4035866051064136,2,Sample 1,Cell type 1
729,0.20253219043038495,0.6562752100899649,1,Sample 4,Cell type 1
730,-1.0723909130931495,-0.255861022311005,3,Sample 2,Cell type 1
731,-0.4712897062249016,-0.7484770390099408,2,Sample 1,Cell type 1
732,-0.08853229484586356,-0.7173137818521665,1,Sample 4,Cell type 1
733,-0.3176922652542823,-0.03317742239931814,3,Sample 2,Cell type 1
734,-0.39356552389558647,1.062445511189574,2,Sample 1,Cell type 1
735,0.22480740022544504,-1.706076500923869,1,Sample 4,Cell type 1
736,0.16045535778475428,0.9189098795429722,0,Sample 3,Cell type 1
737,-0.5101919874010528,-0.42479756400145413,0,Sample 3,Cell type 1
738,-0.13016296125527343,-0.6969544240061046,3,Sample 2,Cell type 1
739,0.48259800045711504,0.23852677279242052,1,Sample 4,Cell type 1
740,0.4091996602894892,1.5481232320481835,1,Sample 4,Cell type 1
741,1.224156159090681,0.5319417298413928,1,Sample 4,Cell type 1
742,-1.2037762992248018,0.6080447709516821,0,Sample 3,Cell type 1
743,-1.5724447131812043,-0.4696922164961181,3,Sample 2,Cell type 1
744,-0.6106288833428652,0.030350268358081623,1,Sample 4,Cell type 1
745,0.23483002397491243,0.19953415014803333,2,Sample 1,Cell type 1
746,0.16881397376209473,-0.07737048949631392,0,Sample 3,Cell type 1
747,-0.8430683962914766,0.3422515161223226,2,Sample 1,Cell type 1
748,-0.1578707362458609,-0.12101862692280936,0,Sample 3,Cell type 1
749,-0.5615933502454044,-0.5303207340407585,0,Sample 3,Cell type 1
750,0.23726043611260944,0.3705478362140678,1,Sample 4,Cell type 1
751,-0.3458361432858642,1.018171787177012,3,Sample 2,Cell type 1
752,-0.5021871248676045,-0.23043109913766113,1,Sample 4,Cell type 1
753,2.478639547257006,-0.20654011042514753,2,Sample 1,Cell type 1
754,-0.6340165907461606,-0.09178915317351921,0,Sample 3,Cell type 1
755,0.6554986145115251,0.33911158595518887,2,Sample 1,Cell type 1
756,-0.08557717588678405,1.5537964758050398,2,Sample 1,Cell type 1
757,0.999603920564927,-1.0662219179837198,1,Sample 4,Cell type 1
758,1.0944634803908808,0.10072111071596722,2,Sample 1,Cell type 1
759,-0.48994989971235037,0.2892028201648813,0,Sample 3,Cell type 1
760,0.06871440503466433,-1.7754402981980282,1,Sample 4,Cell type 1
761,-0.39722538838557525,-0.9227939407878272,2,Sample 1,Cell type 1
762,0.807577430876775,-0.6759531508747971,1,Sample 4,Cell type 1
763,0.02299585834785399,1.022761490085839,0,Sample 3,Cell type 1
764,0.06825451405201925,-0.6466125773127411,1,Sample 4,Cell type 1
765,0.2153015529960859,-0.2745538203979284,0,Sample 3,Cell type 1
766,0.5972890916817257,0.26046225342965607,2,Sample 1,Cell type 1
767,1.5107495516914053,-0.1313935880256255,2,Sample 1,Cell type 1
768,0.5164701697393548,0.01550499015842017,2,Sample 1,Cell type 1
769,-1.220525051656076,1.0100672827417456,0,Sample 3,Cell type 1
770,-1.1719797968839112,-0.5347639286825422,3,Sample 2,Cell type 1
771,0.19609142749809427,0.5814352371214431,3,Sample 2,Cell type 1
772,0.6382805611057112,-1.4987530431636935,2,Sample 1,Cell type 1
773,-1.7748559727608797,1.9350222234507708,3,Sample 2,Cell type 1
774,0.45187388688009805,1.308638244908652,2,Sample 1,Cell type 1
775,0.2077780013771855,-0.7234533000835269,0,Sample 3,Cell type 1
776,-0.36893578562769513,0.6052517399305121,2,Sample 1,Cell type 1
777,0.020310736433928146,-1.5357385249581252,1,Sample 4,Cell type 1
778,0.17770701730697028,-0.38299889733078185,0,Sample 3,Cell type 1
779,0.9975133724277756,-0.0496032074928254,1,Sample 4,Cell type 1
780,2.057596253995975,-1.799545963360611,2,Sample 1,Cell type 1
781,0.001295225085552896,0.3318183126310328,2,Sample 1,Cell type 1
782,-0.5831674000265298,-0.15121143814597934,3,Sample 2,Cell type 1
783,-0.2522373242288995,-0.7528181605331032,2,Sample 1,Cell type 1
784,1.025315036003015,0.4461528485800996,1,Sample 4,Cell type 1
785,0.44118102019161864,0.27247137312039743,1,Sample 4,Cell type 1
786,-0.3602027102226172,-0.6048032155652838,3,Sample 2,Cell type 1
787,0.518150830480554,1.2184238851264204,0,Sample 3,Cell type 1
788,0.02519324980959662,0.5520589410692901,2,Sample 1,Cell type 1
789,-0.9431387930386603,-0.1757355618807681,2,Sample 1,Cell type 1
790,-0.5360921603633864,0.9373743317729277,1,Sample 4,Cell type 1
791,-1.2412097992471434,0.5296414678067786,2,Sample 1,Cell type 1
792,0.048184167952821155,1.970593689988229,0,Sample 3,Cell type 1
793,0.2939853323794435,-0.2508237489379183,1,Sample 4,Cell type 1
794,-0.47149180555536924,0.6796816776168197,0,Sample 3,Cell type 1
795,0.13476878101569142,1.0540780284863678,0,Sample 3,Cell type 1
796,0.6635798735453988,-0.15506091101824282,1,Sample 4,Cell type 1
797,0.8389657011332509,1.3243256904706362,1,Sample 4,Cell type 1
798,-1.2851570562060581,0.1627709086937785,0,Sample 3,Cell type 1
799,0.5218583027307357,-1.2611137255873996,0,Sample 3,Cell type 1
800,-1.4353148089588803,0.4318116102626737,3,Sample 2,Cell type 1
801,-0.4282625487631382,-0.07242662584332862,0,Sample 3,Cell type 1
802,-0.04832298335752663,0.9022242005071188,2,Sample 1,Cell type 1
803,0.3495505357970799,0.9525170198290731,0,Sample 3,Cell type 1
804,0.3515621523663925,1.0143683896824711,3,Sample 2,Cell type 1
805,0.45633693868863645,-0.2651450970252023,2,Sample 1,Cell type 1
806,-0.5899039227983669,-0.667347878986099,2,Sample 1,Cell type 1
807,-0.6169602396394325,-1.4191756928897037,2,Sample 1,Cell type 1
808,0.2430548764839006,0.5772500041009149,1,Sample 4,Cell type 1
809,-0.6235002602080937,-0.5215108660251047,3,Sample 2,Cell type 1
810,-0.46451864204316085,-0.4891081979109026,1,Sample 4,Cell type 1
811,-1.1108340430649688,-1.280216883602968,1,Sample 4,Cell type 1
812,-0.3846670316095835,0.5569343977274313,2,Sample 1,Cell type 1
813,-1.1155960550874093,0.8431132418367066,2,Sample 1,Cell type 1
814,0.497655992244839,1.0631466556283278,1,Sample 4,Cell type 1
815,-0.0501432778185375,0.7641138564009906,0,Sample 3,Cell type 1
816,0.6273171330827988,-0.7184217810595668,3,Sample 2,Cell type 1
817,0.23095490342388564,0.2082574710169766,0,Sample 3,Cell type 1
818,-0.7802928218226,1.0428063455478074,1,Sample 4,Cell type 1
819,-0.8409760238260022,-2.025415453000651,2,Sample 1,Cell type 1
820,-0.38451835319059313,2.031505298226289,2,Sample 1,Cell type 1
821,1.440408945208683,0.9911570823515499,1,Sample 4,Cell type 1
822,0.14216080074660306,-1.068275486968081,0,Sample 3,Cell type 1
823,0.32770889494719496,0.2855782074135409,2,Sample 1,Cell type 1
824,-0.9836396755619335,0.3973593785892174,0,Sample 3,Cell type 1
825,-1.126009355774257,-0.6222533500727003,0,Sample 3,Cell type 1
826,0.6382750239166133,-1.487469417328046,2,Sample 1,Cell type 1
827,0.8465360750592814,0.37640787790284547,3,Sample 2,Cell type 1
828,0.17127499530416318,-0.9965910229695905,0,Sample 3,Cell type 1
829,0.9784664536762601,-0.20708352029586533,1,Sample 4,Cell type 1
830,-0.4644187598437782,0.4708627235364877,0,Sample 3,Cell type 1
831,-0.04312387920459133,-0.7858428643018517,1,Sample 4,Cell type 1
832,-0.7859899148306477,-0.1797065199976197,0,Sample 3,Cell type 1
833,-0.9777022471135564,0.5703987441379105,0,Sample 3,Cell type 1
834,0.1536392931920253,-0.24729317136200113,0,Sample 3,Cell type 1
835,0.16709087600380435,-1.5677360991038205,0,Sample 3,Cell type 1
836,-0.9950905883130281,-0.5543241582367259,0,Sample 3,Cell type 1
837,1.187292822828772,0.284490679028528,1,Sample 4,Cell type 1
838,0.012494667159682438,0.7218217390293178,1,Sample 4,Cell type 1
839,0.5758063537185455,-1.034618366296931,1,Sample 4,Cell type 1
840,0.765843858074825,-0.08487250827313626,3,Sample 2,Cell type 1
841,0.26531813370061025,-0.8377260549522116,2,Sample 1,Cell type 1
842,-0.6781071428952679,-0.5216711108744486,1,Sample 4,Cell type 1
843,0.030402782534560233,0.09602506137460905,0,Sample 3,Cell type 1
844,-1.032449137556975,-0.11460713229135411,2,Sample 1,Cell type 1
845,0.12847154653740783,1.0897059229480635,2,Sample 1,Cell type 1
846,-0.19048834904964326,0.0368021978026193,1,Sample 4,Cell type 1
847,-0.4908700842902356,0.15699275253337638,2,Sample 1,Cell type 1
848,0.06393221099202999,0.25674404954052604,3,Sample 2,Cell type 1
849,-1.104478964719721,-0.348924353205988,2,Sample 1,Cell type 1
850,-1.079818455504985,1.414535434447827,2,Sample 1,Cell type 1
851,0.232962204110426,-0.29085863593202327,3,Sample 2,Cell type 1
852,-0.37416096104951313,0.27720310538457266,0,Sample 3,Cell type 1
853,-0.22995801552028447,0.22986312352240745,1,Sample 4,Cell type 1
854,0.494688453007732,1.1644803834058386,3,Sample 2,Cell type 1
855,-0.8589509271342021,0.06486603432065897,2,Sample 1,Cell type 1
856,0.3508634327368043,-1.0960213018915435,3,Sample 2,Cell type 1
857,-0.3868937116443494,0.6734246198272102,2,Sample 1,Cell type 1
858,-1.0087071634680362,0.7342895576438209,0,Sample 3,Cell type 1
859,-0.22203540505244126,1.0330190712127032,2,Sample 1,Cell type 1
860,-0.25587801860387516,0.1214063937989923,1,Sample 4,Cell type 1
861,0.29411943439313726,-1.6800212061212993,1,Sample 4,Cell type 1
862,0.18721956348251836,-0.1988228944595595,1,Sample 4,Cell type 1
863,0.3784306257281722,-0.5164576576283161,2,Sample 1,Cell type 1
864,-1.0796609692412258,-0.33217101432421725,1,Sample 4,Cell type 1
865,0.7358972127635441,0.8151385920719187,3,Sample 2,Cell type 1
866,0.08751583568391431,0.5806132991189535,0,Sample 3,Cell type 1
867,-0.4817696482894245,0.37501940486001906,0,Sample 3,Cell type 1
868,0.1178384003112672,-0.5443952382112381,3,Sample 2,Cell type 1
869,0.18405660735312168,0.3981944712731154,1,Sample 4,Cell type 1
870,-0.17573751027000956,0.28569005720939716,0,Sample 3,Cell type 1
871,0.25837960289413453,-0.04880317748430685,1,Sample 4,Cell type 1
872,0.37323624916010156,1.0769806049621986,1,Sample 4,Cell type 1
873,1.0073865918294391,0.9171526963205822,1,Sample 4,Cell type 1
874,-1.5834398483006302,0.598328204894027,0,Sample 3,Cell type 1
875,-1.3508041504548,-0.8960379379758978,2,Sample 1,Cell type 1
876,-0.0096348423679452,-0.8966141205569997,3,Sample 2,Cell type 1
877,0.8673585952348342,0.1682424321775963,2,Sample 1,Cell type 1
878,1.26365771658457,-0.41828802172261464,0,Sample 3,Cell type 1
879,0.38778625383557985,-0.6770853239926988,0,Sample 3,Cell type 1
880,-0.8735471203162505,0.712198000669207,1,Sample 4,Cell type 1
881,-1.0976633498156914,0.9439537040307713,3,Sample 2,Cell type 1
882,-0.651518549957059,1.2006744242243028,3,Sample 2,Cell type 1
883,-0.14090680284078264,-2.3196111038947858,2,Sample 1,Cell type 1
884,-0.30839459272988656,-1.657101743470526,3,Sample 2,Cell type 1
885,1.0660411741321023,0.7431456108257721,3,Sample 2,Cell type 1
886,0.8448454472528415,0.17859113130332774,0,Sample 3,Cell type 1
887,0.03306050581649477,0.3544017043579002,1,Sample 4,Cell type 1
888,-0.8697967510902421,-0.8686601031081485,1,Sample 4,Cell type 1
889,-1.9773156001018315,-0.6375162043763815,0,Sample 3,Cell type 1
890,-0.32881994920253843,0.8172983872584312,2,Sample 1,Cell type 1
891,1.2018856416768227,0.059275824335820154,0,Sample 3,Cell type 1
892,0.7695897512574729,-0.1896095760101022,2,Sample 1,Cell type 1
893,0.007026923918518254,-0.19014665356878746,2,Sample 1,Cell type 1
894,-1.3016039366933991,1.6180721844555852,2,Sample 1,Cell type 1
895,-0.44148651671395744,2.046559428534602,0,Sample 3,Cell type 1
896,0.5456416525700959,1.1897969242687418,1,Sample 4,Cell type 1
897,-1.1141883777335972,-0.027640499163170813,2,Sample 1,Cell type 1
898,-0.04192356046197557,1.363284413004393,1,Sample 4,Cell type 1
899,1.157250633001094,-0.36788740985211216,3,Sample 2,Cell type 1
900,-0.16890419106215557,-0.7897436217209473,0,Sample 3,Cell type 1
901,1.3696322272143142,-1.3981092078626094,1,Sample 4,Cell type 1
902,-0.6699245802523931,-1.6855112917008648,3,Sample 2,Cell type 1
903,1.8939314912216973,-0.3022119100179817,3,Sample 2,Cell type 1
904,-0.465344731158915,-0.8118053845542935,0,Sample 3,Cell type 1
905,-0.4301166062238532,0.5243230638801897,2,Sample 1,Cell type 1
906,1.6286988281454342,0.3751824625187742,2,Sample 1,Cell type 1
907,0.011418454269147286,-0.763151535517316,1,Sample 4,Cell type 1
908,-1.6672903515988708,1.3797573198088868,1,Sample 4,Cell type 1
909,0.8550338571154339,-1.028799765213195,3,Sample 2,Cell type 1
910,-0.8717064298739108,-0.6278095265021628,1,Sample 4,Cell type 1
911,0.10733313279667483,0.34267364052857996,2,Sample 1,Cell type 1
912,-0.17797991742261232,1.6374897565756463,1,Sample 4,Cell type 1
913,1.113631001269673,0.08890350023720969,3,Sample 2,Cell type 1
914,0.025714517571648717,-1.3806168998500588,3,Sample 2,Cell type 1
915,-0.8791330037825551,0.5499414041012034,3,Sample 2,Cell type 1
916,0.5861120617724634,-0.06457326408686585,0,Sample 3,Cell type 1
917,0.5367289986215001,0.48303241622231535,2,Sample 1,Cell type 1
918,-0.15175479476192602,0.6796676248372938,3,Sample 2,Cell type 1
919,-0.24725298939060814,0.32385872704661445,3,Sample 2,Cell type 1
920,-0.14045115639937242,0.5349238438063253,1,Sample 4,Cell type 1
921,0.5265144288020507,-0.3162268384129446,3,Sample 2,Cell type 1
922,0.416604896286969,-0.2622451679012183,3,Sample 2,Cell type 1
923,-0.4022950029367647,0.9430927496295513,3,Sample 2,Cell type 1
924,-0.047723449593753284,-1.3613326866299331,3,Sample 2,Cell type 1
925,0.337236866829249,0.21345471703632152,1,Sample 4,Cell type 1
926,-0.6113494293102772,0.7009391453544603,2,Sample 1,Cell type 1
927,-0.3106775506409267,-0.24449528885465038,2,Sample 1,Cell type 1
928,0.0254075652651606,0.060538832490708905,3,Sample 2,Cell type 1
929,-0.819349459463364,1.4832740530673507,0,Sample 3,Cell type 1
930,0.953365997685652,-0.06697436787936961,1,Sample 4,Cell type 1
931,0.33925348921476095,0.03155763859259159,1,Sample 4,Cell type 1
932,0.1791414991572851,-1.5572202290870916,3,Sample 2,Cell type 1
933,-0.1887759897687773,0.5953485682520276,1,Sample 4,Cell type 1
934,-1.7905849866599777,-1.696560122108053,1,Sample 4,Cell type 1
935,-0.4627677831010651,-0.06199543991439034,3,Sample 2,Cell type 1
936,1.0318022032661964,0.5385450810159668,0,Sample 3,Cell type 1
937,0.7970134555577121,-0.39500526652905,0,Sample 3,Cell type 1
938,-0.901996879162431,0.9023271946028553,2,Sample 1,Cell type 1
939,-1.1446649612997375,-0.38124304114681973,3,Sample 2,Cell type 1
940,0.40688669858675364,-0.3442474559637139,2,Sample 1,Cell type 1
941,-0.5148398658539696,0.823968654064929,0,Sample 3,Cell type 1
942,-0.20767308109088384,-1.202514362494485,0,Sample 3,Cell type 1
943,-0.09078451670571296,0.1772467788993685,2,Sample 1,Cell type 1
944,-0.8723192619542769,1.128745903797016,0,Sample 3,Cell type 1
945,-0.35407143421932497,0.0061823145405477155,3,Sample 2,Cell type 1
946,-0.09942862172994904,-0.16910738385437518,2,Sample 1,Cell type 1
947,-0.5111693981516018,-1.0584718347259987,0,Sample 3,Cell type 1
948,0.5276251756713107,1.413209440262107,2,Sample 1,Cell type 1
949,-0.548839805628144,-0.4937697973183693,2,Sample 1,Cell type 1
950,-0.5128650132306843,0.5272434751307358,2,Sample 1,Cell type 1
951,0.2377817772680691,1.3338054733996272,3,Sample 2,Cell type 1
952,-0.4892142423935586,-1.125328877478578,0,Sample 3,Cell type 1
953,-0.7885808370684351,0.40323721241427557,0,Sample 3,Cell type 1
954,-0.42516364108737204,-1.2542875402923648,1,Sample 4,Cell type 1
955,-0.15575783689334535,-0.0513505416867982,1,Sample 4,Cell type 1
956,-0.8133465028611978,-0.19526437893936105,1,Sample 4,Cell type 1
957,-0.035914424098029585,0.14600082447937074,1,Sample 4,Cell type 1
958,-0.31232699062437685,0.41291523166910377,3,Sample 2,Cell type 1
959,0.602673296883626,0.3049267079062222,0,Sample 3,Cell type 1
960,-0.1057092711212378,-0.41898504221713745,2,Sample 1,Cell type 1
961,-0.41408903922893714,0.17903036131111882,0,Sample 3,Cell type 1
962,0.6738378616111222,0.018556782845899858,2,Sample 1,Cell type 1
963,-0.07336481931610078,-0.7102156092308326,2,Sample 1,Cell type 1
964,0.15667620407814525,-0.7826982220920257,0,Sample 3,Cell type 1
965,-0.322630233528751,0.06762158702745963,3,Sample 2,Cell type 1
966,-0.23539400450916614,1.0852667086623857,2,Sample 1,Cell type 1
967,-1.03158446976775,0.04675958456451992,3,Sample 2,Cell type 1
968,-0.09990950828005392,0.012558236766206704,2,Sample 1,Cell type 1
969,0.29327859687747865,-0.7519038290618842,0,Sample 3,Cell type 1
970,-0.7277518307266675,0.6076000300128978,3,Sample 2,Cell type 1
971,0.9342256493278459,0.2035366746409705,0,Sample 3,Cell type 1
972,-0.31350141230949313,-0.8142114472615625,2,Sample 1,Cell type 1
973,0.5953535771999494,-0.1449793385744824,1,Sample 4,Cell type 1
974,0.11544801554806308,-1.4669646141035477,3,Sample 2,Cell type 1
975,0.7603390705488402,-0.4615229245299225,0,Sample 3,Cell type 1
976,0.3116836192735903,-1.776336807148101,2,Sample 1,Cell type 1
977,0.30856867242516195,-0.6479120792715265,3,Sample 2,Cell type 1
978,-0.5597804063940685,0.17118392858737763,0,Sample 3,Cell type 1
979,-0.19684999050395888,-0.6745972762529534,0,Sample 3,Cell type 1
980,-0.5015736462302139,1.449958846397543,0,Sample 3,Cell type 1
981,-1.0686899233348908,0.5793092474515978,2,Sample 1,Cell type 1
982,-0.576169616805432,-0.900523974240468,3,Sample 2,Cell type 1
983,-0.6460730720786368,-0.17877800418955134,3,Sample 2,Cell type 1
984,1.2229982804327268,-0.06483677177739501,2,Sample 1,Cell type 1
985,-0.7523191331874827,-0.4486087255838882,2,Sample 1,Cell type 1
986,1.6977249576101068,0.8259722084409176,0,Sample 3,Cell type 1
987,0.36821729998584307,0.15587387221611046,2,Sample 1,Cell type 1
988,-1.7357419341805618,-0.9553515208738315,2,Sample 1,Cell type 1
989,0.1643645496290423,-0.620485283681913,3,Sample 2,Cell type 1
990,0.8601772329455328,0.8378211268475702,3,Sample 2,Cell type 1
991,0.15606154033808173,0.4299829636851429,3,Sample 2,Cell type 1
992,0.2477814233088018,0.3806015934652256,3,Sample 2,Cell type 1
993,0.39525113518041577,-2.2837013303235127,2,Sample 1,Cell type 1
994,0.12570233519275267,0.1409518580021539,2,Sample 1,Cell type 1
995,0.1831971139674722,-1.4863211611186298,1,Sample 4,Cell type 1
996,-0.6596113292221388,-0.48687177859176034,1,Sample 4,Cell type 1
997,0.1927014057603261,-0.5325547719148375,3,Sample 2,Cell type 1
998,2.1154746776136277,-1.2023762627161227,0,Sample 3,Cell type 1
999,-1.9906618827303917,-0.5265987298670787,1,Sample 4,Cell type 1
1000,-0.020443256793156225,0.9381832154074918,0,Sample 3,Cell type 1
1001,-0.059158052486714074,-0.3613275809276982,1,Sample 4,Cell type 1
1002,0.703171178456521,0.3844868746778779,3,Sample 2,Cell type 1
1003,-1.028691213823772,-0.40439180435560895,3,Sample 2,Cell type 1
1004,0.4503046881394839,-0.7038514828016434,1,Sample 4,Cell type 1
1005,-2.1575093143532573,-0.04343589321424977,0,Sample 3,Cell type 1
1006,-0.6484229038573011,0.6855804295862289,3,Sample 2,Cell type 1
1007,0.15924775645877604,-0.48017350172703577,0,Sample 3,Cell type 1
1008,0.2609064177936944,-1.0008908611082423,0,Sample 3,Cell type 1
1009,-0.02045944975359555,-1.4152607239112946,1,Sample 4,Cell type 1
1010,-1.7758223579614807,-1.119745203786149,3,Sample 2,Cell type 1
1011,-0.6270125324691173,-0.5524328418530076,1,Sample 4,Cell type 1
1012,-1.1872453319394682,-0.16677456843232633,2,Sample 1,Cell type 1
1013,-0.5722429674079746,0.5436781991477407,0,Sample 3,Cell type 1
1014,0.17471119003533936,1.0310907401650418,3,Sample 2,Cell type 1
1015,-0.36489666197935056,0.1451412960911771,1,Sample 4,Cell type 1
1016,-0.21482451832466587,-0.71295378033223,0,Sample 3,Cell type 1
1017,-1.8022347157850716,0.2687745387524613,3,Sample 2,Cell type 1
1018,-1.4408461873221912,-0.4341390397872174,0,Sample 3,Cell type 1
1019,0.5527287659137542,-0.35584547053639226,3,Sample 2,Cell type 1
1020,-1.5479712937923769,-0.11948919651971297,3,Sample 2,Cell type 1
1021,-0.14438393087250054,2.554486054275889,0,Sample 3,Cell type 1
1022,1.0808583139305115,0.7089529508678365,2,Sample 1,Cell type 1
1023,-1.3539717037718555,1.223640255568491,0,Sample 3,Cell type 1
1024,-0.1785618037078441,1.1918907508816659,1,Sample 4,Cell type 1
1025,0.47715291006540217,-0.5074286781515225,1,Sample 4,Cell type 1
1026,0.2952131502601337,0.09942855588068057,3,Sample 2,Cell type 1
1027,0.3997480882423471,0.37760181673541954,1,Sample 4,Cell type 1
1028,-1.01450944398025,-0.13460730759003323,2,Sample 1,Cell type 1
1029,0.31255673674251533,-1.0611777026488665,1,Sample 4,Cell type 1
1030,-0.3317044070512245,-0.5794420273661335,3,Sample 2,Cell type 1
1031,-0.9673589689916849,0.045393346637455534,3,Sample 2,Cell type 1
1032,1.3820345360805693,0.3490589357392257,0,Sample 3,Cell type 1
1033,0.35132010696033406,0.6665435450161454,3,Sample 2,Cell type 1
1034,-0.5025149913353427,0.07914702962310698,2,Sample 1,Cell type 1
1035,0.24490764248220429,-0.18484762947271888,3,Sample 2,Cell type 1
1036,0.48986577120200964,-0.7828707119909235,2,Sample 1,Cell type 1
1037,0.20790623539873884,0.6254582974218483,0,Sample 3,Cell type 1
1038,1.3451939659344125,-0.7070951161125835,3,Sample 2,Cell type 1
1039,0.559162457373937,-0.5032302889628888,3,Sample 2,Cell type 1
1040,-0.652300502652897,-0.8529879455193801,1,Sample 4,Cell type 1
1041,0.2976843780854903,0.311327356534343,1,Sample 4,Cell type 1
1042,0.6893088995983553,0.11124831892273412,1,Sample 4,Cell type 1
1043,0.6616923428526145,0.12637944980116136,2,Sample 1,Cell type 1
1044,-0.41289331349714775,1.699644983863211,3,Sample 2,Cell type 1
1045,-0.4780081557533133,1.1378958893588063,1,Sample 4,Cell type 1
1046,1.5780337414318466,-1.1087903539191986,1,Sample 4,Cell type 1
1047,0.03548703801248564,-1.3965659462877218,2,Sample 1,Cell type 1
1048,-0.5888509227748114,-0.24875001308087508,3,Sample 2,Cell type 1
1049,-0.5882427685455619,0.5771834590058746,1,Sample 4,Cell type 1
1050,-0.38097669883572727,0.699511344570182,1,Sample 4,Cell type 1
1051,-0.0664714621945465,0.5191055407230712,3,Sample 2,Cell type 1
1052,-0.4719138542044863,0.5589510508136348,2,Sample 1,Cell type 1
1053,0.6960541845510034,0.3965455103780837,0,Sample 3,Cell type 1
1054,0.5011477379631554,-0.06392676213003977,2,Sample 1,Cell type 1
1055,-0.36710147601999754,-0.8140678217707006,3,Sample 2,Cell type 1
1056,0.44524249962700657,-1.0683852552799131,1,Sample 4,Cell type 1
1057,-0.2785259174538505,-0.05994124489475831,3,Sample 2,Cell type 1
1058,0.31503783857300127,-1.542138063476488,1,Sample 4,Cell type 1
1059,0.812749778850845,-0.3227037967749461,3,Sample 2,Cell type 1
1060,-1.2252282521949145,0.920213916718637,2,Sample 1,Cell type 1
1061,0.3108628836247713,1.9943996139462326,0,Sample 3,Cell type 1
1062,0.035063039568342606,0.7646421960899847,3,Sample 2,Cell type 1
1063,-0.5066181637682181,-0.07740808254951147,3,Sample 2,Cell type 1
1064,-0.6713740185781109,-0.24736990068097167,0,Sample 3,Cell type 1
1065,1.0643458755030533,-0.09646975077877562,3,Sample 2,Cell type 1
1066,0.23484634573330343,-1.0852654436987241,0,Sample 3,Cell type 1
1067,0.8668664824879966,-0.2667685545454176,3,Sample 2,Cell type 1
1068,0.4637065385708605,0.26063705326573317,0,Sample 3,Cell type 1
1069,0.4616577470681117,-0.14241863205107075,3,Sample 2,Cell type 1
1070,-1.4019016761127974,-0.6885833307162708,2,Sample 1,Cell type 1
1071,0.9194186610285406,-0.56254114010071,0,Sample 3,Cell type 1
1072,-0.6077384142020428,0.5309170776262732,3,Sample 2,Cell type 1
1073,0.6819749147463605,-0.983346878240333,2,Sample 1,Cell type 1
1074,-0.171320248568951,0.6697235890651076,3,Sample 2,Cell type 1
1075,-0.4087913361565817,-2.042839676844719,2,Sample 1,Cell type 1
1076,-0.9597580226922466,-1.8529150903751015,1,Sample 4,Cell type 1
1077,1.0581955735081086,-0.13529814851425312,2,Sample 1,Cell type 1
1078,1.2389114360192295,0.2561732623590631,3,Sample 2,Cell type 1
1079,0.6853899371763668,0.31843857320741,2,Sample 1,Cell type 1
1080,0.15407753498504412,1.913687708219194,2,Sample 1,Cell type 1
1081,-0.2878149166312686,-1.0608381488656307,1,Sample 4,Cell type 1
1082,-0.2771412048055197,-1.2892538872822623,1,Sample 4,Cell type 1
1083,-0.45336408644404225,-0.4798571151336492,2,Sample 1,Cell type 1
1084,0.9264886988000542,0.6333301551703487,0,Sample 3,Cell type 1
1085,0.6328255576344376,-0.7275099638357911,0,Sample 3,Cell type 1
1086,-0.49762784444350516,0.4661900665390915,1,Sample 4,Cell type 1
1087,-1.0226821030418596,-0.7163423687400334,3,Sample 2,Cell type 1
1088,0.5453947270521134,0.7700023086400813,3,Sample 2,Cell type 1
1089,-0.05011166186178789,0.19449876681031447,2,Sample 1,Cell type 1
1090,-0.968937543424625,0.5846112952532196,1,Sample 4,Cell type 1
1091,-0.41961621302381896,0.39149964898233447,0,Sample 3,Cell type 1
1092,-0.47652903523479373,1.099550474536654,0,Sample 3,Cell type 1
1093,-1.2721134645442385,-0.53172087800165,3,Sample 2,Cell type 1
1094,-0.8707289885382766,2.048402367484547,3,Sample 2,Cell type 1
1095,0.30944681655136214,0.8727843401487736,1,Sample 4,Cell type 1
1096,-0.4223952174124909,1.082455328133126,3,Sample 2,Cell type 1
1097,0.07364410984959359,0.38099228271013275,3,Sample 2,Cell type 1
1098,0.8059551785561588,-1.003938134401834,1,Sample 4,Cell type 1
1099,1.039319856438134,0.5340384642959966,3,Sample 2,Cell type 1
1100,-0.05617628921409326,-2.0178223339903605,2,Sample 1,Cell type 1
1101,-0.05071188162784862,0.3862320992482544,3,Sample 2,Cell type 1
1102,0.15783381250496517,0.24904693875430792,1,Sample 4,Cell type 1
1103,0.4448176774738326,-0.47302783104151563,2,Sample 1,Cell type 1
1104,0.02777099900204949,-1.574803370750443,1,Sample 4,Cell type 1
1105,-0.12025636821749766,-0.26135697054909124,1,Sample 4,Cell type 1
1106,0.586263265457396,-1.0193856952614362,2,Sample 1,Cell type 1
1107,0.6671377236391233,0.3673440633827494,0,Sample 3,Cell type 1
1108,0.7801581038259439,0.4008753359518762,0,Sample 3,Cell type 1
1109,-0.8826932849390989,-1.7223124743619864,0,Sample 3,Cell type 1
1110,-0.1520312280011956,-0.28595633824834177,1,Sample 4,Cell type 1
1111,1.0375956372488875,-0.0182944498391057,0,Sample 3,Cell type 1
1112,0.6055908933162816,-0.7377322593421004,0,Sample 3,Cell type 1
1113,-0.960237125644621,-0.2676009886727587,0,Sample 3,Cell type 1
1114,-1.5148917335630285,0.17063496589835087,1,Sample 4,Cell type 1
1115,0.26804348152973717,0.4518312847261185,3,Sample 2,Cell type 1
1116,-0.39324955121514404,-1.130180607120445,3,Sample 2,Cell type 1
1117,0.8629446667450366,-0.03080677560056577,0,Sample 3,Cell type 1
1118,-0.32945869517092585,0.10554237341756566,1,Sample 4,Cell type 1
1119,1.0420723174289852,0.11012955269443687,3,Sample 2,Cell type 1
1120,0.26139581168185605,0.24037948768866269,1,Sample 4,Cell type 1
1121,-1.5350169722392333,-0.021211100359373503,0,Sample 3,Cell type 1
1122,-0.442541796277816,-0.20316136511778807,2,Sample 1,Cell type 1
1123,0.4585022505929601,-1.428693193547289,1,Sample 4,Cell type 1
1124,-1.3833463116027362,1.5623339059916086,3,Sample 2,Cell type 1
1125,0.47171138508592003,-2.1214624504359594,3,Sample 2,Cell type 1
1126,-0.7026584617437912,-0.3024063192145738,1,Sample 4,Cell type 1
1127,-0.6854814921022395,-0.9008431687288403,2,Sample 1,Cell type 1
1128,-0.9067368146340984,0.279938972199514,3,Sample 2,Cell type 1
1129,0.9508774584696065,1.479489713109105,2,Sample 1,Cell type 1
1130,1.751842346574138,-0.6466386282841212,0,Sample 3,Cell type 1
1131,-0.1891590693886875,-0.09569569949501708,2,Sample 1,Cell type 1
1132,0.1344122724260228,0.7561692276891869,2,Sample 1,Cell type 1
1133,-0.8005034979865926,-0.6840763795273639,3,Sample 2,Cell type 1
1134,-1.016289637060069,0.9237550133733761,3,Sample 2,Cell type 1
1135,0.3434726582413875,0.3037117187087724,1,Sample 4,Cell type 1
1136,0.5691284635723961,2.490328160835073,2,Sample 1,Cell type 1
1137,0.0676147806522618,-0.5708677359257407,2,Sample 1,Cell type 1
1138,0.2270008189292009,-0.7902986727205994,1,Sample 4,Cell type 1
1139,0.4801703725954222,0.7663456441725472,2,Sample 1,Cell type 1
1140,1.143086166250854,-1.1793057056336846,1,Sample 4,Cell type 1
1141,-0.6106073252340135,-1.4439056805316153,0,Sample 3,Cell type 1
1142,0.23537930321079498,-0.1875262402530576,1,Sample 4,Cell type 1
1143,0.49101668463192694,0.3003646861018023,2,Sample 1,Cell type 1
1144,0.3264422774694046,0.4406380578189306,1,Sample 4,Cell type 1
1145,-0.34108607696443466,0.9187565673574039,0,Sample 3,Cell type 1
1146,0.5773376512345881,-0.9032414169737835,0,Sample 3,Cell type 1
1147,0.6027355708019446,-0.49163102695287597,2,Sample 1,Cell type 1
1148,1.0135289193492982,-0.5661355724950247,0,Sample 3,Cell type 1
1149,-0.8770200695161615,-1.1520407060754356,0,Sample 3,Cell type 1
1150,-0.027747909909424946,0.1873717860292166,0,Sample 3,Cell type 1
1151,1.3387616722388298,1.0723688414322783,1,Sample 4,Cell type 1
1152,0.10868753926532551,-0.04200405483092174,2,Sample 1,Cell type 1
1153,0.5317621962664879,-0.4423366698938416,1,Sample 4,Cell type 1
1154,-0.09157789743909035,0.11820472592010284,3,Sample 2,Cell type 1
1155,0.9426022780384019,0.3265087302226851,3,Sample 2,Cell type 1
1156,-0.5084328790524454,0.16665800690047372,2,Sample 1,Cell type 1
1157,0.9615453356316346,0.007030754105657457,3,Sample 2,Cell type 1
1158,0.9878015312358361,-0.825564193675548,2,Sample 1,Cell type 1
1159,1.6449657039522578,-0.8825666925773465,0,Sample 3,Cell type 1
1160,1.5296043752421582,0.9312481220687501,3,Sample 2,Cell type 1
1161,0.27489463165476913,-1.4104321242901872,0,Sample 3,Cell type 1
1162,-2.0998536450992895,2.0392077669741777,2,Sample 1,Cell type 1
1163,-0.48597783009624584,-0.3234895941520182,2,Sample 1,Cell type 1
1164,-0.7987083513506332,0.2414335198555728,0,Sample 3,Cell type 1
1165,-0.42380816301363106,0.4106139464906849,0,Sample 3,Cell type 1
1166,-0.798645420232844,0.415034413961377,2,Sample 1,Cell type 1
1167,-0.13971835654530235,1.0881345046624105,3,Sample 2,Cell type 1
1168,-0.07623642590956169,0.2232172206162714,0,Sample 3,Cell type 1
1169,0.9365293034541282,-1.3241797697515465,3,Sample 2,Cell type 1
1170,0.181996700585643,0.5087742005693904,2,Sample 1,Cell type 1
1171,0.4869884712995336,-0.44570445805778497,2,Sample 1,Cell type 1
1172,-0.5029361976246883,-2.094506558953824,3,Sample 2,Cell type 1
1173,-0.3588342692222891,0.19084396301899134,2,Sample 1,Cell type 1
1174,-0.9738261537763835,0.12757000544330335,1,Sample 4,Cell type 1
1175,-0.37152340984751014,0.3696487146015172,1,Sample 4,Cell type 1
1176,-1.442511741004756,-1.267308754404392,0,Sample 3,Cell type 1
1177,-0.08700811876548609,0.3213693776791532,0,Sample 3,Cell type 1
1178,-0.9446502522470759,0.8914573557350978,1,Sample 4,Cell type 1
1179,-0.5853053911268224,1.5123525481246263,1,Sample 4,Cell type 1
1180,-0.5842933053737094,0.1731668716655799,0,Sample 3,Cell type 1
1181,2.3544386682148972,0.5795928483053822,3,Sample 2,Cell type 1
1182,-0.045632933482353415,0.9471899545575115,2,Sample 1,Cell type 1
1183,-0.7023860694052488,-0.661504283231888,0,Sample 3,Cell type 1
1184,-0.4212441065093616,-1.0578779477466365,3,Sample 2,Cell type 1
1185,-0.48412498848479796,0.728334799748456,2,Sample 1,Cell type 1
1186,-0.391108895234953,1.2711522627552663,2,Sample 1,Cell type 1
1187,0.5919552411034531,1.3437979057772234,3,Sample 2,Cell type 1
1188,0.28115856603326633,0.8561201906531419,0,Sample 3,Cell type 1
1189,-0.5939764685584387,-1.0560180089765647,0,Sample 3,Cell type 1
1190,-0.4809012421350775,0.9327332162041784,2,Sample 1,Cell type 1
1191,-1.1322965936403315,-0.33651625821228726,0,Sample 3,Cell type 1
1192,0.8453799290243348,0.7734456834004355,3,Sample 2,Cell type 1
1193,-0.5131852761783618,0.34553803573915254,0,Sample 3,Cell type 1
1194,-0.03640979624099374,-0.33938906671843483,1,Sample 4,Cell type 1
1195,-1.5142097420720415,0.2491926870382319,2,Sample 1,Cell type 1
1196,-0.9956340000677782,0.1862944699415186,2,Sample 1,Cell type 1
1197,-1.215476860381474,-2.265724478488455,1,Sample 4,Cell type 1
1198,-0.41383076008029773,1.127477952148464,0,Sample 3,Cell type 1
1199,-1.3288667324537382,0.40260165179960383,2,Sample 1,Cell type 1
1200,0.6403276201821458,0.6034330638508595,0,Sample 3,Cell type 1
1201,-1.245303338819123,0.4848079610765117,0,Sample 3,Cell type 1
1202,0.5275609928908892,-0.6431587317819849,2,Sample 1,Cell type 1
1203,-0.20609638840879524,-0.05570676264008654,2,Sample 1,Cell type 1
1204,0.8813902894289672,0.3935947894691969,3,Sample 2,Cell type 1
1205,1.74807591602889,-0.5493722744026363,2,Sample 1,Cell type 1
1206,-0.3812411385753931,-1.0436715550403781,3,Sample 2,Cell type 1
1207,0.32755082451380185,-0.22133741737531634,2,Sample 1,Cell type 1
1208,-0.7852069208383607,0.3696827794106166,0,Sample 3,Cell type 1
1209,0.7120461859803678,-0.4858091312688676,3,Sample 2,Cell type 1
1210,0.2773679820839359,2.009245241267539,1,Sample 4,Cell type 1
1211,-0.2905053174536624,0.6835216008965759,3,Sample 2,Cell type 1
1212,-0.10995881170215349,0.7622996377623511,0,Sample 3,Cell type 1
1213,-1.4637454521664663,0.49277360483747057,3,Sample 2,Cell type 1
1214,0.15176493408831654,-0.5295857422372873,1,Sample 4,Cell type 1
1215,-0.8297969234611652,-0.15227094246688655,0,Sample 3,Cell type 1
1216,-0.9534997633529999,1.5548231048977579,3,Sample 2,Cell type 1
1217,-1.0973389577843728,-0.5675528019420373,1,Sample 4,Cell type 1
1218,-0.8916258520064494,-1.3913641217382402,3,Sample 2,Cell type 1
1219,-0.6187646752267442,1.5189879850841912,2,Sample 1,Cell type 1
1220,0.5692919024711118,-0.8997136734702954,0,Sample 3,Cell type 1
1221,-0.4023798164410745,0.21078977226484766,1,Sample 4,Cell type 1
1222,-0.3869269099500548,-0.19737953929155244,3,Sample 2,Cell type 1
1223,-0.7019872177245055,-1.1256697558272135,3,Sample 2,Cell type 1
1224,0.6322975168413691,0.27204103565511234,1,Sample 4,Cell type 1
1225,1.0905831801058004,-0.2429008583184008,2,Sample 1,Cell type 1
1226,0.8467395894796703,-1.4069915891384914,0,Sample 3,Cell type 1
1227,-0.3572119616536169,0.685119035458778,0,Sample 3,Cell type 1
1228,-0.5490233086040676,-1.1461370317917223,2,Sample 1,Cell type 1
1229,-0.7236914999950129,0.9382054762139559,1,Sample 4,Cell type 1
1230,-1.208032969588202,-0.17643058332522993,2,Sample 1,Cell type 1
1231,-0.412724250505872,-0.7403138061143649,3,Sample 2,Cell type 1
1232,0.3011276208780133,-0.7216412434860083,1,Sample 4,Cell type 1
1233,1.2380041610640493,1.4367021384764174,0,Sample 3,Cell type 1
1234,0.10248353192863142,-0.5448413259799046,0,Sample 3,Cell type 1
1235,0.7954390613500987,0.2037849099041676,3,Sample 2,Cell type 1
1236,-1.3467505537767603,-0.644696053196951,0,Sample 3,Cell type 1
1237,0.9916672051532492,-0.3169837424814079,1,Sample 4,Cell type 1
1238,0.5455623770359711,-0.24821340527476485,0,Sample 3,Cell type 1
1239,-0.5089789701215438,-0.452048378840954,3,Sample 2,Cell type 1
1240,-0.2483127931020524,-1.238241245047225,3,Sample 2,Cell type 1
1241,-0.19925747572243258,-1.3383151210492594,2,Sample 1,Cell type 1
1242,0.45581382418576316,0.358166848013852,0,Sample 3,Cell type 1
1243,-0.5223601246656647,-0.4398314877104267,3,Sample 2,Cell type 1
1244,1.1027738843630466,-0.5372097655844366,2,Sample 1,Cell type 1
1245,1.2870246845874989,0.6625837521476983,1,Sample 4,Cell type 1
1246,1.3059290431453083,-1.1441131023685063,0,Sample 3,Cell type 1
1247,-0.6529239912224352,-1.1640436840724415,3,Sample 2,Cell type 1
1248,0.0009643802897793895,-0.6536709048545526,1,Sample 4,Cell type 1
1249,0.09856384542758855,0.44118830083237404,0,Sample 3,Cell type 1
1250,-0.11155702054479964,-0.3601514118811293,1,Sample 4,Cell type 1
1251,0.6334874483104541,-0.45651234416009023,2,Sample 1,Cell type 1
1252,-0.8440714945413561,0.10101418898725455,2,Sample 1,Cell type 1
1253,-0.2752511653633813,-0.2996273206002007,2,Sample 1,Cell type 1
1254,-0.8648452323266099,0.8425222826663229,0,Sample 3,Cell type 1
1255,0.9120542771961283,-0.6696721068920317,3,Sample 2,Cell type 1
1256,0.2866756088608026,-0.9572463428933493,2,Sample 1,Cell type 1
1257,-0.37683064449465825,0.18563994988610905,0,Sample 3,Cell type 1
1258,0.34939084138680765,0.3234358039693581,1,Sample 4,Cell type 1
1259,0.3844694067421701,-0.6983911735114822,3,Sample 2,Cell type 1
1260,-0.31368652250572615,-1.1708119585056949,0,Sample 3,Cell type 1
1261,0.9695551883091205,0.20900042498708485,1,Sample 4,Cell type 1
1262,-1.235949877341407,-0.43144401157061635,2,Sample 1,Cell type 1
1263,0.7121587288998295,0.8281994677790021,1,Sample 4,Cell type 1
1264,-1.3543654513563084,-0.07867170143579992,0,Sample 3,Cell type 1
1265,-0.8157562557670854,0.16508941706036057,2,Sample 1,Cell type 1
1266,1.7750241867585073,-0.12723616832004103,1,Sample 4,Cell type 1
1267,-0.7806986023818663,0.8429134372862717,0,Sample 3,Cell type 1
1268,-0.3806363552039209,-0.6608895933716337,2,Sample 1,Cell type 1
1269,1.2313138766485203,1.2579185682162617,3,Sample 2,Cell type 1
1270,-1.5000059099775491,0.9439908237518293,3,Sample 2,Cell type 1
1271,1.520952548602406,-0.048528651051696625,0,Sample 3,Cell type 1
1272,-0.8727731441721587,-0.32865143036366784,0,Sample 3,Cell type 1
1273,-0.03789656203554876,-1.2657414106769018,2,Sample 1,Cell type 1
1274,0.22403627415792357,-2.139653702523313,3,Sample 2,Cell type 1
1275,-0.1028300091511446,-1.5054792363981113,0,Sample 3,Cell type 1
1276,1.0957608861233479,-0.8688436656944689,2,Sample 1,Cell type 1
1277,-1.080859492966417,-1.0579663653948561,1,Sample 4,Cell type 1
1278,-0.29240474958821266,-0.12103937618601786,1,Sample 4,Cell type 1
1279,0.9387538213059559,-0.21803577708944735,2,Sample 1,Cell type 1
1280,-0.5128914081797159,2.259464472802437,2,Sample 1,Cell type 1
1281,0.7870818748849174,0.10070922446132624,3,Sample 2,Cell type 1
1282,-0.5640094846067271,-0.04461526212616481,0,Sample 3,Cell type 1
1283,0.6891492205062439,0.20105331859048192,2,Sample 1,Cell type 1
1284,-0.1345150548678317,-0.3776724621577019,0,Sample 3,Cell type 1
1285,0.32181446176103845,1.056796631632568,3,Sample 2,Cell type 1
1286,0.334718576710947,1.1212788743571436,1,Sample 4,Cell type 1
1287,1.2897765026043395,0.7174714526924255,0,Sample 3,Cell type 1
1288,1.2633702524059132,0.613947783322327,0,Sample 3,Cell type 1
1289,1.7225459660092453,-0.6138780503104396,0,Sample 3,Cell type 1
1290,0.1935698172528273,-1.5306241957262383,0,Sample 3,Cell type 1
1291,0.14639555971620832,-0.6674170744543724,3,Sample 2,Cell type 1
1292,-1.0878849127839354,0.5970028528217766,0,Sample 3,Cell type 1
1293,0.3091061230784488,0.6702113772372713,2,Sample 1,Cell type 1
1294,0.13405608464079224,0.9298076780045336,2,Sample 1,Cell type 1
1295,-0.1384574594270957,0.012463238065174027,0,Sample 3,Cell type 1
1296,-0.5717445415923454,0.4170239240110516,1,Sample 4,Cell type 1
1297,0.06927182997831993,-0.12454178831366358,0,Sample 3,Cell type 1
1298,-1.1763916409850006,-1.0102158205588514,2,Sample 1,Cell type 1
1299,-0.0655155036579944,0.7929528903413331,3,Sample 2,Cell type 1
1300,-0.4631614058791385,-0.7170940382601447,3,Sample 2,Cell type 1
1301,0.19950694696860422,1.2619626238107795,0,Sample 3,Cell type 1
1302,-0.34937578883247644,-0.052906091700657965,1,Sample 4,Cell type 1
1303,-0.49072213083275185,-0.2419757491905027,0,Sample 3,Cell type 1
1304,-1.2391684200427802,0.2063807849769447,1,Sample 4,Cell type 1
1305,0.20299172919565878,0.37415453741234656,0,Sample 3,Cell type 1
1306,-0.5083279041829897,-0.03303414960582627,2,Sample 1,Cell type 1
1307,1.1616941593460484,0.011319411972606636,2,Sample 1,Cell type 1
1308,1.319584715459137,0.856488447983349,1,Sample 4,Cell type 1
1309,-1.1734281524925416,-0.40112171750850933,1,Sample 4,Cell type 1
1310,-0.056132569166917626,-1.3287687468127931,0,Sample 3,Cell type 1
1311,-0.014810508793911945,-0.23092691113611066,0,Sample 3,Cell type 1
1312,-0.5747258124553579,0.7159395015555531,0,Sample 3,Cell type 1
1313,-0.5451041880556592,0.7742608192201633,2,Sample 1,Cell type 1
1314,0.567528784469284,-0.11244278840194535,3,Sample 2,Cell type 1
1315,1.589648889359553,-0.42477671824957164,1,Sample 4,Cell type 1
1316,-0.03299850318336242,1.7272969236826334,3,Sample 2,Cell type 1
1317,-0.07470948711995863,-0.4234656899586967,1,Sample 4,Cell type 1
1318,-0.27025207535312246,-0.5019365875410986,3,Sample 2,Cell type 1
1319,-0.14141933049262567,-1.2388946390909974,1,Sample 4,Cell type 1
1320,2.1775297183251943,0.6755646976573326,3,Sample 2,Cell type 1
1321,0.5065802480920748,-0.3101038661305971,3,Sample 2,Cell type 1
1322,1.1127778864011206,-1.084776275887971,2,Sample 1,Cell type 1
1323,0.8710157233733377,-0.3010405799399969,1,Sample 4,Cell type 1
1324,0.4418399501436186,0.5005047469168007,1,Sample 4,Cell type 1
1325,0.032735340316576905,-0.8017499646251782,1,Sample 4,Cell type 1
1326,-0.4573968335648491,0.2660860082593581,1,Sample 4,Cell type 1
1327,-0.18474762416694238,0.5569650918507347,0,Sample 3,Cell type 1
1328,-0.8648506620799179,0.492748485555411,0,Sample 3,Cell type 1
1329,-0.3571468916404226,0.15527199431864608,0,Sample 3,Cell type 1
1330,0.9330964365354018,0.42478052957127244,2,Sample 1,Cell type 1
1331,0.40366545158191225,0.501230690669554,2,Sample 1,Cell type 1
1332,-0.10474064410090121,0.9025918266150701,2,Sample 1,Cell type 1
1333,-0.050858831348897175,-1.1607423128889793,2,Sample 1,Cell type 1
1334,-0.8312889346941914,1.350038444189435,3,Sample 2,Cell type 1
1335,0.4908143781843333,-0.8182340521587245,0,Sample 3,Cell type 1
1336,-0.3882908382632828,0.06549931150905805,0,Sample 3,Cell type 1
1337,-0.6907948839719472,-0.02496279115126718,2,Sample 1,Cell type 1
1338,0.14959216777973144,-0.03541865587571907,3,Sample 2,Cell type 1
1339,0.9489163792338392,1.232259183855909,2,Sample 1,Cell type 1
1340,0.03944666521617811,0.6150717407751175,1,Sample 4,Cell type 1
1341,-0.4640425930960344,0.19152360042830166,1,Sample 4,Cell type 1
1342,-1.0777010316237572,-0.7772912308085212,0,Sample 3,Cell type 1
1343,-1.102135494365673,-0.7502600319320982,0,Sample 3,Cell type 1
1344,-0.2890484495738324,-0.051347329031055426,1,Sample 4,Cell type 1
1345,1.1194843492688018,0.739706946330215,0,Sample 3,Cell type 1
1346,-0.8738502117380632,-0.25312675975584153,0,Sample 3,Cell type 1
1347,0.5141782078940351,1.0633220241059451,0,Sample 3,Cell type 1
1348,-0.45555981959368835,-0.09921710991199763,2,Sample 1,Cell type 1
1349,-2.162678437685886,0.2714846502049763,3,Sample 2,Cell type 1
1350,-0.5496112797595979,-1.0804447714743866,2,Sample 1,Cell type 1
1351,0.35078059104778186,0.015693326155191922,1,Sample 4,Cell type 1
1352,-0.788431680576744,-0.7757949757077396,2,Sample 1,Cell type 1
1353,1.3823710683054122,-0.37547717314136897,3,Sample 2,Cell type 1
1354,0.8215156946063316,0.4796620329962846,2,Sample 1,Cell type 1
1355,0.9704781599833467,0.1133735309119238,0,Sample 3,Cell type 1
1356,0.8521375725715092,1.1620933963889435,1,Sample 4,Cell type 1
1357,-0.6238823569773111,0.8655878473999539,1,Sample 4,Cell type 1
1358,0.6456980773098483,-0.7788369597635749,1,Sample 4,Cell type 1
1359,1.5387566358599627,-0.6196919760148656,1,Sample 4,Cell type 1
1360,-0.30461072308944354,-1.0155722128102505,3,Sample 2,Cell type 1
1361,0.2893088200381073,-0.5160958036840995,0,Sample 3,Cell type 1
1362,1.3204583705862785,-0.5033697196235539,3,Sample 2,Cell type 1
1363,-0.6323795643562495,0.3771746857087966,0,Sample 3,Cell type 1
1364,-0.7374878505002506,-0.8031658976651989,1,Sample 4,Cell type 1
1365,0.1109161469680676,-0.8689010393451279,2,Sample 1,Cell type 1
1366,-0.2542087152139167,0.09326280960997105,3,Sample 2,Cell type 1
1367,0.8844207463663871,0.9496242444483042,0,Sample 3,Cell type 1
1368,0.7453327734944759,0.3162989449485327,3,Sample 2,Cell type 1
1369,1.0482469968956867,1.1165470486319649,0,Sample 3,Cell type 1
1370,0.21726306975629878,-1.0213988606562476,0,Sample 3,Cell type 1
1371,-0.6183021342588874,0.3256418296996281,0,Sample 3,Cell type 1
1372,-0.044736358817770494,0.27036602258569464,2,Sample 1,Cell type 1
1373,0.2674616436428027,-0.23198508354931194,3,Sample 2,Cell type 1
1374,-0.046744095197990596,0.6611226538644197,3,Sample 2,Cell type 1
1375,-0.061681367531283365,0.2729215798533151,0,Sample 3,Cell type 1
1376,-0.5759916265775513,-0.7392502458728524,3,Sample 2,Cell type 1
1377,0.5104408811526058,0.4006755799555656,0,Sample 3,Cell type 1
1378,-1.0868592122059795,-0.8637890570206788,2,Sample 1,Cell type 1
1379,-0.5167713432996283,-0.6393536053202029,0,Sample 3,Cell type 1
1380,-0.47642794814708744,0.7204264618652734,2,Sample 1,Cell type 1
1381,-0.5214688862417274,0.037918937053131214,0,Sample 3,Cell type 1
1382,0.42454649840803826,-0.5307489257755904,3,Sample 2,Cell type 1
1383,-0.08562428796364627,-0.8281938579354993,0,Sample 3,Cell type 1
1384,0.5098597464184581,1.2930400341775332,2,Sample 1,Cell type 1
1385,0.8378541652971587,0.9356719939422189,1,Sample 4,Cell type 1
1386,0.311182983481747,0.20117888715240967,1,Sample 4,Cell type 1
1387,0.8235304807642608,0.6373615416565936,2,Sample 1,Cell type 1
1388,0.21140381088587126,-0.032267128171235004,3,Sample 2,Cell type 1
1389,0.7898676132712815,-0.060760818914018216,1,Sample 4,Cell type 1
1390,-0.8308350566751779,-1.3050206523687564,1,Sample 4,Cell type 1
1391,-0.6256027940088296,-0.6077624939842297,1,Sample 4,Cell type 1
1392,0.41755325249351816,0.23758773858654886,0,Sample 3,Cell type 1
1393,0.045319939917685736,0.4237542034853847,0,Sample 3,Cell type 1
1394,0.1253549825972197,0.8188245153482758,1,Sample 4,Cell type 1
1395,-0.6487151489601999,0.2934512346283538,2,Sample 1,Cell type 1
1396,-1.217887348974313,0.8901506999919402,1,Sample 4,Cell type 1
1397,-0.360010286396651,1.0057193734900582,1,Sample 4,Cell type 1
1398,-1.481474185259727,0.6268717318388854,2,Sample 1,Cell type 1
1399,-0.9809434862501467,1.7573168439831635,3,Sample 2,Cell type 1
1400,0.38360603840128693,0.5831529556563603,2,Sample 1,Cell type 1
1401,-0.44733106804736666,-0.3682454100594905,3,Sample 2,Cell type 1
1402,-0.06607406028103237,0.6159749850681782,3,Sample 2,Cell type 1
1403,-1.2342425745943197,-0.1285048956203955,2,Sample 1,Cell type 1
1404,0.15250847301201947,0.7530484646139867,1,Sample 4,Cell type 1
1405,-0.017093835478748928,-0.5977693433182587,0,Sample 3,Cell type 1
1406,0.5779050862622171,-0.2982665216734136,0,Sample 3,Cell type 1
1407,0.29811854918404407,0.13319450169209962,3,Sample 2,Cell type 1
1408,1.859759131458734,-0.4231574101797591,3,Sample 2,Cell type 1
1409,0.24156872013741176,-0.4379260182134984,3,Sample 2,Cell type 1
1410,-0.7415443772624664,-0.047620284849440066,0,Sample 3,Cell type 1
1411,-1.7555059758560194,1.2795767520910317,2,Sample 1,Cell type 1
1412,-0.327446779276577,0.8047396094371333,2,Sample 1,Cell type 1
1413,-1.2500366855092342,-0.42324214187703585,0,Sample 3,Cell type 1
1414,-0.8499148225175038,0.3426456777661189,0,Sample 3,Cell type 1
1415,0.20050258568264165,0.6468568055120935,3,Sample 2,Cell type 1
1416,-0.01644844588040575,0.23134693849498028,2,Sample 1,Cell type 1
1417,-0.17125415818228912,0.3035243180840878,2,Sample 1,Cell type 1
1418,-0.9464449477875112,-0.2022106040769483,2,Sample 1,Cell type 1
1419,-0.3607952136234476,0.23515951035452978,3,Sample 2,Cell type 1
1420,-0.843763563972736,-0.053784245756905005,3,Sample 2,Cell type 1
1421,1.347142153166295,-0.36710741029515204,0,Sample 3,Cell type 1
1422,-0.4404696536005653,0.40775138497972496,3,Sample 2,Cell type 1
1423,-0.30801744937029096,0.30639118779274277,1,Sample 4,Cell type 1
1424,0.25155567269988205,-0.287166708143531,3,Sample 2,Cell type 1
1425,-0.27955146177356477,-0.6180549990049926,1,Sample 4,Cell type 1
1426,-0.7839404598257956,-1.565870871307192,2,Sample 1,Cell type 1
1427,0.15721693576117612,0.5672030060708099,0,Sample 3,Cell type 1
1428,-0.08721873597077105,0.027500247221168075,2,Sample 1,Cell type 1
1429,-0.29869474000246754,-0.40015825367679664,2,Sample 1,Cell type 1
1430,-1.6595890808130491,-0.01762789120341636,2,Sample 1,Cell type 1
1431,0.0662183230283406,0.029426266539387826,2,Sample 1,Cell type 1
1432,0.5455131917010492,1.477365860588827,0,Sample 3,Cell type 1
1433,1.2336879620543006,1.6048743105272985,0,Sample 3,Cell type 1
1434,0.43845353976573637,-1.0715914932229271,3,Sample 2,Cell type 1
1435,-0.29254166602441595,0.4034165984307072,3,Sample 2,Cell type 1
1436,-0.8498429709808839,0.37887394450814527,0,Sample 3,Cell type 1
1437,-0.020021566996115136,0.6542130393602297,0,Sample 3,Cell type 1
1438,0.8772376945842031,-1.753003080932225,2,Sample 1,Cell type 1
1439,0.17005922450577193,0.8215890106557858,1,Sample 4,Cell type 1
1440,1.714405643667928,-0.37581157146970945,3,Sample 2,Cell type 1
1441,0.366534491830959,-0.7837769797734455,1,Sample 4,Cell type 1
1442,-0.5873390390227966,0.06559644513084834,1,Sample 4,Cell type 1
1443,-0.6771982422951259,0.48635805360460316,3,Sample 2,Cell type 1
1444,1.036850449425117,-0.8857254534419614,1,Sample 4,Cell type 1
1445,0.8479491072372976,0.49360475966135803,1,Sample 4,Cell type 1
1446,-1.2300678371593403,-0.11592366326514505,2,Sample 1,Cell type 1
1447,1.2779178345772986,0.5157518426273867,3,Sample 2,Cell type 1
1448,0.5564302060526221,0.6792816885945152,1,Sample 4,Cell type 1
1449,-0.24736726163989076,-0.6017251244724666,0,Sample 3,Cell type 1
1450,0.11327662939190626,0.38020688377384926,3,Sample 2,Cell type 1
1451,0.22126520447283904,0.006844864659479866,2,Sample 1,Cell type 1
1452,0.14797646005852502,0.3622050816613556,3,Sample 2,Cell type 1
1453,-0.38300685721735084,0.28758063803770045,2,Sample 1,Cell type 1
1454,-0.7385865968887235,-1.081347684493067,0,Sample 3,Cell type 1
1455,-0.2635582290776731,0.5854965634306365,1,Sample 4,Cell type 1
1456,-1.1391657219601161,-0.21332186338753184,1,Sample 4,Cell type 1
1457,0.3166390789677977,0.21084064956382798,2,Sample 1,Cell type 1
1458,0.3530457213593967,-0.5865249576879973,1,Sample 4,Cell type 1
1459,-0.03753646310334726,0.3816326617784972,0,Sample 3,Cell type 1
1460,-0.43550617962014615,0.08873807176789288,0,Sample 3,Cell type 1
1461,0.956037303139874,-1.2185495238270199,0,Sample 3,Cell type 1
1462,1.481632035850936,-0.3342264100108951,3,Sample 2,Cell type 1
1463,0.06706130234348875,1.1283673161628032,1,Sample 4,Cell type 1
1464,-0.5912229264185863,0.5218642705413439,2,Sample 1,Cell type 1
1465,-0.6668786263731251,-0.5439108317889491,3,Sample 2,Cell type 1
1466,0.2741802771021633,0.36540257532302717,0,Sample 3,Cell type 1
1467,0.6051906834528787,-1.531248056469974,2,Sample 1,Cell type 1
1468,1.0737441049958834,-1.5472701963676618,3,Sample 2,Cell type 1
1469,-1.6138710384979291,-2.2658607399873127,2,Sample 1,Cell type 1
1470,-0.06572094271405504,0.8938366652705021,0,Sample 3,Cell type 1
1471,-0.5675449258627807,0.5156763459321412,2,Sample 1,Cell type 1
1472,0.49261691981691325,0.963107549735053,1,Sample 4,Cell type 1
1473,-0.6184237676821625,-0.6965822173149931,3,Sample 2,Cell type 1
1474,0.05725298977551398,-0.3821259574120934,0,Sample 3,Cell type 1
1475,1.3879492606694468,-0.6854176750614343,1,Sample 4,Cell type 1
1476,1.1769362619948869,-0.1674589417214929,0,Sample 3,Cell type 1
1477,0.1354886592288624,-1.1309715975239842,0,Sample 3,Cell type 1
1478,-0.7726261062911675,-0.4308589386372994,2,Sample 1,Cell type 1
1479,1.6389666061590806,-1.3003938161598663,3,Sample 2,Cell type 1
1480,1.7428497391933295,0.1554667706705866,3,Sample 2,Cell type 1
1481,1.224267651483529,-0.6224758286661715,3,Sample 2,Cell type 1
1482,0.5855184553875049,1.003614961904952,3,Sample 2,Cell type 1
1483,0.23649959099767606,-1.213314039536633,1,Sample 4,Cell type 1
1484,-0.15219267553057256,-1.1979573348845989,2,Sample 1,Cell type 1
1485,1.5586741158318507,0.8200873220654188,2,Sample 1,Cell type 1
1486,-1.0561865656165137,1.465167012683483,0,Sample 3,Cell type 1
1487,-0.980612530401873,-1.1714999041678562,0,Sample 3,Cell type 1
1488,0.9737268166603972,1.2170528415379611,0,Sample 3,Cell type 1
1489,-2.406105871755006,0.456943524975367,2,Sample 1,Cell type 1
1490,0.15871481374198937,-0.00734588270811115,2,Sample 1,Cell type 1
1491,0.0768966215527867,-0.369820230964034,0,Sample 3,Cell type 1
1492,1.0215723088705502,0.27041878488136656,1,Sample 4,Cell type 1
1493,-0.41927071834767404,0.1218838976269776,1,Sample 4,Cell type 1
1494,-0.2573080409739061,1.6613983868486728,0,Sample 3,Cell type 1
1495,-0.15388877182489802,0.24123787386689,0,Sample 3,Cell type 1
1496,-1.250427445257003,-0.9435677316062243,2,Sample 1,Cell type 1
1497,-0.617392651677426,-0.39836947745427365,2,Sample 1,Cell type 1
1498,1.6766748014473274,1.2755539133993574,1,Sample 4,Cell type 1
1499,1.573533570006603,-0.0313152215746735,3,Sample 2,Cell type 1
1500,-0.21172546659036487,2.176135333271695,0,Sample 3,Cell type 1
1501,0.05428440842192264,0.6822189400977756,0,Sample 3,Cell type 1
1502,0.49929585364172413,0.5026764074114239,0,Sample 3,Cell type 1
1503,0.8320463126347115,-0.8150959656533883,3,Sample 2,Cell type 1
1504,0.55211519336889,-0.32097637750866903,0,Sample 3,Cell type 1
1505,1.0808912719893722,1.0341962316145656,2,Sample 1,Cell type 1
1506,0.7662332915783245,0.16608268112050062,2,Sample 1,Cell type 1
1507,-0.9656173182857725,-0.8602499144393904,1,Sample 4,Cell type 1
1508,-0.46120832058137556,-2.072833833715928,0,Sample 3,Cell type 1
1509,0.8476524580987178,-0.44422439752426357,3,Sample 2,Cell type 1
1510,0.2781411868306691,-0.3897828512908419,1,Sample 4,Cell type 1
1511,0.04656697475679992,-0.9143762382644985,0,Sample 3,Cell type 1
1512,0.40458834597823917,-0.06936090891856699,2,Sample 1,Cell type 1
1513,0.23133491512625448,1.9642401119287154,0,Sample 3,Cell type 1
1514,-0.6812319838234551,0.005018524947534628,2,Sample 1,Cell type 1
1515,1.1109316160819858,0.11390233000837302,3,Sample 2,Cell type 1
1516,2.0966344728239803,-0.889573620619331,1,Sample 4,Cell type 1
1517,-0.06966778091451994,1.5038996395368065,3,Sample 2,Cell type 1
1518,-0.6476828159373169,0.3392488355712718,0,Sample 3,Cell type 1
1519,0.038817302355861595,-0.6647600931288302,0,Sample 3,Cell type 1
1520,-0.4640130661229478,-0.9251326533950854,2,Sample 1,Cell type 1
1521,-0.4994763117705793,-0.14762028612467964,1,Sample 4,Cell type 1
1522,-0.22440164272929392,-1.1222929257662837,3,Sample 2,Cell type 1
1523,0.6508137738957358,-0.9846914531471642,0,Sample 3,Cell type 1
1524,0.2184085739955086,-1.6597120300370947,2,Sample 1,Cell type 1
1525,0.3616542706077368,-0.2847792675086662,2,Sample 1,Cell type 1
1526,0.06046109813603026,0.8390913135002898,2,Sample 1,Cell type 1
1527,-0.03191550700136954,-1.1233916530092711,2,Sample 1,Cell type 1
1528,0.510928134914482,0.8464946600697202,1,Sample 4,Cell type 1
1529,-0.17253411003810587,-0.6983688723629604,1,Sample 4,Cell type 1
1530,-1.5760830541694686,0.7140778706394474,1,Sample 4,Cell type 1
1531,-0.9466068101326202,-1.6313857422080806,0,Sample 3,Cell type 1
1532,-1.0242435189367156,0.6979658626241158,0,Sample 3,Cell type 1
1533,0.0827505034464851,1.6336608321149955,1,Sample 4,Cell type 1
1534,-0.01794884158445879,-0.04636043341017406,3,Sample 2,Cell type 1
1535,0.6900347876921362,-1.3559787508132901,3,Sample 2,Cell type 1
1536,0.6561859186447874,0.653844962990661,3,Sample 2,Cell type 1
1537,0.7574460532094964,0.044002348826699705,3,Sample 2,Cell type 1
1538,0.4738636376106746,0.07945105196107971,3,Sample 2,Cell type 1
1539,0.7954812158523388,0.7218171199547622,3,Sample 2,Cell type 1
1540,0.8004658544343827,-0.5364961672613159,0,Sample 3,Cell type 1
1541,-1.473518218366286,0.7136540797853765,2,Sample 1,Cell type 1
1542,-0.10517807653733424,0.660837737153205,1,Sample 4,Cell type 1
1543,-0.165587671278695,-0.8248202201178456,3,Sample 2,Cell type 1
1544,0.18196794768330354,1.0457142034259426,0,Sample 3,Cell type 1
1545,-1.8939821226986226,0.2830165047131116,3,Sample 2,Cell type 1
1546,1.3565783022486924,1.5178309558184893,1,Sample 4,Cell type 1
1547,-0.1726297010625757,-0.9422091663930865,3,Sample 2,Cell type 1
1548,1.1121660392138508,0.4462482450814898,0,Sample 3,Cell type 1
1549,-0.13614769801994275,-0.36258243946182017,0,Sample 3,Cell type 1
1550,0.011143433530356963,-0.019300069688002623,0,Sample 3,Cell type 1
1551,-2.16258583439939,0.5423002556247262,0,Sample 3,Cell type 1
1552,-1.374137718690717,0.18891392790328088,3,Sample 2,Cell type 1
1553,-1.031968719792843,-1.036063017650893,0,Sample 3,Cell type 1
1554,0.677416620173195,-1.7017819362811963,1,Sample 4,Cell type 1
1555,-1.0551747986420086,0.01608517349527871,2,Sample 1,Cell type 1
1556,-0.4132913590080863,-0.8186025787004676,3,Sample 2,Cell type 1
1557,0.9886257534577233,-0.8568429437192391,1,Sample 4,Cell type 1
1558,-0.8681204212462386,-0.6603284239831642,1,Sample 4,Cell type 1
1559,-0.08584171520338311,0.3581735406482221,0,Sample 3,Cell type 1
1560,-0.12009356100304527,-1.011204934357891,2,Sample 1,Cell type 1
1561,0.0001656519345576751,-0.007440256910891534,1,Sample 4,Cell type 1
1562,0.960063165141489,-0.39352195800496415,1,Sample 4,Cell type 1
1563,-1.264952561625707,0.7160306512608924,0,Sample 3,Cell type 1
1564,1.1812322797807167,1.1040730833179613,0,Sample 3,Cell type 1
1565,0.8825740576429265,1.1535539215620807,2,Sample 1,Cell type 1
1566,-0.5040199836271155,0.5855644020078766,2,Sample 1,Cell type 1
1567,-0.3929229977136838,-0.22790039469573667,1,Sample 4,Cell type 1
1568,0.9116444288203754,-0.309889571642249,2,Sample 1,Cell type 1
1569,0.06582719142033935,0.852384300052281,0,Sample 3,Cell type 1
1570,0.16581386351915517,0.055475469629000344,1,Sample 4,Cell type 1
1571,0.651184688158193,0.10289396032397323,2,Sample 1,Cell type 1
1572,0.9604253267790981,0.11228789587843757,1,Sample 4,Cell type 1
1573,0.5625121577888395,1.998744386977196,3,Sample 2,Cell type 1
1574,-0.0501185776974572,0.19299219872538345,2,Sample 1,Cell type 1
1575,-1.6722423190825255,-0.13620659743672442,2,Sample 1,Cell type 1
1576,0.21121606506693602,1.0178828000854143,1,Sample 4,Cell type 1
1577,-0.8027511227996028,-0.26508183927027934,3,Sample 2,Cell type 1
1578,0.2675508118788172,1.1824575186851554,2,Sample 1,Cell type 1
1579,1.2027186414137205,0.7018898324605372,0,Sample 3,Cell type 1
1580,0.8300319554063194,-0.40801311908379767,0,Sample 3,Cell type 1
1581,0.4763927181114059,-0.47191580517031273,2,Sample 1,Cell type 1
1582,0.9467949335119423,-0.9424326939011046,1,Sample 4,Cell type 1
1583,0.865413382138263,-1.049775354745125,1,Sample 4,Cell type 1
1584,-0.3277492741035979,0.5698577276641297,1,Sample 4,Cell type 1
1585,-1.9027453278986628,0.15412122611841975,3,Sample 2,Cell type 1
1586,0.44150877745772327,0.5441841667341033,2,Sample 1,Cell type 1
1587,0.46165770174443205,-0.16243630883439417,0,Sample 3,Cell type 1
1588,0.9197376151029977,0.23726155082424408,2,Sample 1,Cell type 1
1589,-0.5492310025230152,0.9307008441308402,3,Sample 2,Cell type 1
1590,-0.050315093519886556,-0.3583021159455667,3,Sample 2,Cell type 1
1591,-0.967755794272886,0.4799429839969636,0,Sample 3,Cell type 1
1592,1.6890370672796675,-0.6884523230511096,3,Sample 2,Cell type 1
1593,-0.08260380811923791,-1.3145510489233339,1,Sample 4,Cell type 1
1594,-0.6577763164531452,0.19494976919352985,0,Sample 3,Cell type 1
1595,0.06757342911195795,-0.8554035950040642,2,Sample 1,Cell type 1
1596,1.6122200883685123,1.0325155687380378,1,Sample 4,Cell type 1
1597,-0.7987526823013746,1.2986053524224432,2,Sample 1,Cell type 1
1598,0.8253230196601401,-1.1271352821524199,3,Sample 2,Cell type 1
1599,0.5542860673899493,0.4660570550470442,1,Sample 4,Cell type 1
1600,1.6188849753837116,0.005439875647998215,1,Sample 4,Cell type 1
1601,-0.6199702592511879,1.0944753894519186,3,Sample 2,Cell type 1
1602,0.14118734693036225,0.36098081290887907,3,Sample 2,Cell type 1
1603,0.8415580941783349,-0.7984485018515304,1,Sample 4,Cell type 1
1604,0.1603677051309832,0.4871242850037056,2,Sample 1,Cell type 1
1605,0.10110366363712947,1.5511431992466278,0,Sample 3,Cell type 1
1606,0.018104682141495312,-1.1244504430850293,2,Sample 1,Cell type 1
1607,0.884985247087975,0.16055895543110266,3,Sample 2,Cell type 1
1608,0.5163873449128603,1.7306037786443682,0,Sample 3,Cell type 1
1609,0.18643436122358714,-0.5744518268946115,3,Sample 2,Cell type 1
1610,0.49744796977375716,-1.2561797759123652,0,Sample 3,Cell type 1
1611,0.016634966140326318,-0.5824023529833076,0,Sample 3,Cell type 1
1612,1.4986382209740365,0.8640384525717189,0,Sample 3,Cell type 1
1613,-0.7187317370786864,0.3935353372052046,0,Sample 3,Cell type 1
1614,-0.20715103726271247,-0.1502875208069756,3,Sample 2,Cell type 1
1615,0.0585575928013556,-0.12019439103860799,1,Sample 4,Cell type 1
1616,-1.7219068356873444,0.7011645164023484,1,Sample 4,Cell type 1
1617,-0.6190313592828585,-0.9957237626491336,0,Sample 3,Cell type 1
1618,-1.2927094299283783,0.23971815026987853,2,Sample 1,Cell type 1
1619,-0.7170661268736495,0.17544186976034887,2,Sample 1,Cell type 1
1620,0.8490050068096944,-0.34671165334892257,3,Sample 2,Cell type 1
1621,-1.3348794071025563,0.8469828239071031,1,Sample 4,Cell type 1
1622,-0.10013954270653139,0.6775056831079311,2,Sample 1,Cell type 1
1623,0.27503030523990835,-0.038921881256360924,1,Sample 4,Cell type 1
1624,-0.8111167618340303,0.06854972912268724,1,Sample 4,Cell type 1
1625,-0.12683015393316538,-0.734415249311172,3,Sample 2,Cell type 1
1626,0.8260369634733259,0.9013641094620667,0,Sample 3,Cell type 1
1627,0.22498439377488333,1.1916795275581193,3,Sample 2,Cell type 1
1628,-0.6100153913172787,0.8290423136579839,2,Sample 1,Cell type 1
1629,0.9384997100693131,0.29571375375847514,0,Sample 3,Cell type 1
1630,-0.0989861440798053,0.3662444879406278,1,Sample 4,Cell type 1
1631,-0.7142300123935073,0.41089157138487703,1,Sample 4,Cell type 1
1632,-0.2964662099206263,-1.0784376895521337,1,Sample 4,Cell type 1
1633,0.34265335390019,0.06172519697417339,1,Sample 4,Cell type 1
1634,0.6740111171640035,0.6039670129135716,3,Sample 2,Cell type 1
1635,0.0794658443433807,0.6011096986974312,0,Sample 3,Cell type 1
1636,1.667770336984813,-0.806329356342565,2,Sample 1,Cell type 1
1637,-0.3005069285738722,-1.0438535123463595,3,Sample 2,Cell type 1
1638,1.1963665961943657,-0.22770040340294312,3,Sample 2,Cell type 1
1639,0.9906264571469086,0.01701726138884932,0,Sample 3,Cell type 1
1640,0.41547721139293786,1.2261911304020623,0,Sample 3,Cell type 1
1641,0.9602093997910635,-0.3705290896683192,1,Sample 4,Cell type 1
1642,0.713490417728599,-0.890635867291705,3,Sample 2,Cell type 1
1643,-0.0755669715536022,0.33568797761929453,1,Sample 4,Cell type 1
1644,0.3943891668115674,-0.046014202404370506,2,Sample 1,Cell type 1
1645,0.10683272382582586,-0.12197586910443513,0,Sample 3,Cell type 1
1646,-0.11787218129720499,0.7711403384444568,3,Sample 2,Cell type 1
1647,0.31791761876738744,-0.5979645231665698,3,Sample 2,Cell type 1
1648,-0.28987804603688183,0.5934578355121013,3,Sample 2,Cell type 1
1649,0.30594665255402836,-1.0497305609564143,3,Sample 2,Cell type 1
1650,0.11949078581695112,0.2913122368437291,1,Sample 4,Cell type 1
1651,0.6491172435932737,-0.9186106310020947,1,Sample 4,Cell type 1
1652,-1.0396649895420782,0.6637859343033397,1,Sample 4,Cell type 1
1653,0.08430040491676793,-1.0672203959345636,0,Sample 3,Cell type 1
1654,-0.03144583010210495,-0.10759742752138618,1,Sample 4,Cell type 1
1655,0.26734113379591795,-0.12420723905979901,1,Sample 4,Cell type 1
1656,0.5156147933162332,0.7425965530754597,2,Sample 1,Cell type 1
1657,-0.1944489591046932,0.0018303489148032395,2,Sample 1,Cell type 1
1658,-0.7048546693290338,-0.5697766109192408,1,Sample 4,Cell type 1
1659,1.1352284890938111,0.2346816290583867,3,Sample 2,Cell type 1
1660,0.8086717880162508,2.8232441500563876,3,Sample 2,Cell type 1
1661,-0.03700897381307403,0.09128119378121594,2,Sample 1,Cell type 1
1662,-1.6522422200324884,1.6973050458641628,3,Sample 2,Cell type 1
1663,-0.7425759738784143,0.9947426224823399,3,Sample 2,Cell type 1
1664,0.0847155624921874,0.46753038437798744,1,Sample 4,Cell type 1
1665,-0.5390320845275811,0.766029730623814,3,Sample 2,Cell type 1
1666,-0.3144422056491208,0.8013054601668481,1,Sample 4,Cell type 1
1667,-0.11230004712426916,0.24609013455135714,1,Sample 4,Cell type 1
1668,1.1147636220195452,0.5684392818382283,1,Sample 4,Cell type 1
1669,0.22267890771573567,-0.40737069007930765,2,Sample 1,Cell type 1
1670,0.1741745608697333,-0.65972027223255,3,Sample 2,Cell type 1
1671,0.03302996446995151,0.8297271189265946,2,Sample 1,Cell type 1
1672,1.5811524676123885,-1.251393289368841,1,Sample 4,Cell type 1
1673,-0.5387924993950949,0.22319532977904158,0,Sample 3,Cell type 1
1674,0.922118482609354,-0.9739230347975616,2,Sample 1,Cell type 1
1675,0.9412266030302123,-0.46697770685008105,3,Sample 2,Cell type 1
1676,-0.4441596213545587,1.5049256555524722,0,Sample 3,Cell type 1
1677,-0.14088994716789013,0.06638993505000798,2,Sample 1,Cell type 1
1678,0.011203973897104588,0.45103030000553174,3,Sample 2,Cell type 1
1679,0.08641129678360074,-0.7253188361234343,3,Sample 2,Cell type 1
1680,-0.2238482739016049,-0.771630235928153,1,Sample 4,Cell type 1
1681,0.17342045101010328,-0.8778420221062753,1,Sample 4,Cell type 1
1682,-0.1382413899171715,0.6175361238693401,1,Sample 4,Cell type 1
1683,-0.48679512298496147,-0.8062943305777042,3,Sample 2,Cell type 1
1684,0.11591026647751296,0.01912243462796438,1,Sample 4,Cell type 1
1685,-0.06195476858079492,-0.9562350108793958,1,Sample 4,Cell type 1
1686,0.7457532514083078,-0.18924422977515684,1,Sample 4,Cell type 1
1687,0.6897788095095817,-1.1329816446341165,2,Sample 1,Cell type 1
1688,0.5910483847100024,0.49229398721044276,0,Sample 3,Cell type 1
1689,-0.5586094790011139,0.09934054779569076,3,Sample 2,Cell type 1
1690,0.6286401269206658,0.34036604942797183,0,Sample 3,Cell type 1
1691,-0.5429144490352826,-0.2545900221940962,2,Sample 1,Cell type 1
1692,-0.0022288885335209905,-0.4264723216126665,2,Sample 1,Cell type 1
1693,-0.44042947959326684,-0.976569940731327,1,Sample 4,Cell type 1
1694,-0.13464033853731416,0.4792826654908757,3,Sample 2,Cell type 1
1695,-0.9515295142938623,1.314138362604771,1,Sample 4,Cell type 1
1696,-0.1403027647189526,0.39320451779742693,2,Sample 1,Cell type 1
1697,-0.5690425815595835,0.09369937291988108,3,Sample 2,Cell type 1
1698,1.0489298372828932,0.6912559857111575,3,Sample 2,Cell type 1
1699,-0.2616138540878169,-0.17076542348035062,1,Sample 4,Cell type 1
1700,0.22188676957174072,-0.017823183346970653,1,Sample 4,Cell type 1
1701,-0.44247185353130586,0.5566910712750283,2,Sample 1,Cell type 1
1702,0.05359257377989754,0.41275137416327956,0,Sample 3,Cell type 1
1703,0.4019997569034322,-0.712599090841811,3,Sample 2,Cell type 1
1704,-0.4624907669725147,-0.2064068289580872,3,Sample 2,Cell type 1
1705,0.030059887468692488,-0.251752663030474,3,Sample 2,Cell type 1
1706,0.9485633237303976,0.5751626485320535,0,Sample 3,Cell type 1
1707,-1.4720621956046023,-0.025824488839576262,1,Sample 4,Cell type 1
1708,0.44783235834483187,0.8646245804436975,0,Sample 3,Cell type 1
1709,0.53638449379297,-0.8574857864321244,1,Sample 4,Cell type 1
1710,-0.6819094128592829,0.3802924885536082,2,Sample 1,Cell type 1
1711,-0.7595191110655545,2.1059056518699126,0,Sample 3,Cell type 1
1712,-0.030107761939878692,0.8826415056132172,0,Sample 3,Cell type 1
1713,0.8992901759888108,0.7580211696982864,0,Sample 3,Cell type 1
1714,-0.28995275312250574,-0.8957359157009152,0,Sample 3,Cell type 1
1715,0.1474472512624828,-0.33602218183533006,2,Sample 1,Cell type 1
1716,0.7392216153655209,-0.14792170915439123,0,Sample 3,Cell type 1
1717,-0.41007103758280705,0.5465699232008551,3,Sample 2,Cell type 1
1718,-0.7148760109752964,-1.3131040924816775,3,Sample 2,Cell type 1
1719,1.3223304409843375,1.6622220681587558,3,Sample 2,Cell type 1
1720,-0.48549214228574034,0.36614926884284166,1,Sample 4,Cell type 1
1721,-0.8581944205918453,0.19139749128891964,0,Sample 3,Cell type 1
1722,0.15690516721912587,-0.7232546317888002,1,Sample 4,Cell type 1
1723,-0.25843389501840547,-0.29378960063942866,3,Sample 2,Cell type 1
1724,-0.6488006909030759,-0.8912371601295948,1,Sample 4,Cell type 1
1725,-0.17877278589748172,-0.279453436894558,0,Sample 3,Cell type 1
1726,0.4824757479590669,-0.6804282229976352,1,Sample 4,Cell type 1
1727,-0.8912650865864701,-0.504744666990232,3,Sample 2,Cell type 1
1728,1.1609148862360334,0.7674166608681655,0,Sample 3,Cell type 1
1729,1.3513511469213433,1.3359382251237113,2,Sample 1,Cell type 1
1730,-0.49412151634748014,-0.2528582848216398,1,Sample 4,Cell type 1
1731,0.2020550767972988,1.107625638075125,1,Sample 4,Cell type 1
1732,0.22479349418802613,-0.49815961585647506,0,Sample 3,Cell type 1
1733,-0.9355845033624134,-0.5767760867759171,3,Sample 2,Cell type 1
1734,-0.1911584374931278,-0.7260509296332783,0,Sample 3,Cell type 1
1735,-0.11076478718701906,-0.9794385890314926,0,Sample 3,Cell type 1
1736,-0.6180336894737888,-0.04637119973464202,3,Sample 2,Cell type 1
1737,0.0962365053695191,0.41155106724699925,0,Sample 3,Cell type 1
1738,0.8721467768163574,-0.5984768516973177,2,Sample 1,Cell type 1
1739,-0.6851985899273592,0.07813630139866833,1,Sample 4,Cell type 1
1740,-0.7640980634794824,0.33887925247476886,0,Sample 3,Cell type 1
1741,-0.7946869596655606,-0.8127030615919827,1,Sample 4,Cell type 1
1742,0.04669623265431652,-0.48308714498956373,2,Sample 1,Cell type 1
1743,1.306745225840877,-0.9170763144149504,0,Sample 3,Cell type 1
1744,0.5100846497849669,0.2070158441951373,2,Sample 1,Cell type 1
1745,0.9447919242445377,0.3226196504297374,2,Sample 1,Cell type 1
1746,0.560560489696467,2.2517235555780424,2,Sample 1,Cell type 1
1747,-0.8068437472609665,-1.5701005533380634,1,Sample 4,Cell type 1
1748,-0.29776542085684243,0.8709988957633489,0,Sample 3,Cell type 1
1749,-0.4014273542492256,-1.0979724383072806,1,Sample 4,Cell type 1
1750,0.9762263171341736,-0.8613433019768109,2,Sample 1,Cell type 1
1751,0.07293451733315134,0.6305633126377495,3,Sample 2,Cell type 1
1752,0.3649995908228263,-2.43572523139453,3,Sample 2,Cell type 1
1753,-1.1288454648528654,0.6425237940912176,2,Sample 1,Cell type 1
1754,0.43910706825389156,-0.2039646348429583,1,Sample 4,Cell type 1
1755,-0.7591622622149425,-0.7255222997776488,3,Sample 2,Cell type 1
1756,0.06365882795373266,0.6070595329308874,2,Sample 1,Cell type 1
1757,0.22450912359210912,1.406896387356107,1,Sample 4,Cell type 1
1758,-0.6943803380226656,-0.170874593764034,3,Sample 2,Cell type 1
1759,-1.0435756004038825,0.5357380390640308,0,Sample 3,Cell type 1
1760,-0.7984757022152282,-1.4034278822579993,3,Sample 2,Cell type 1
1761,0.47315372140148393,0.5441762883813529,2,Sample 1,Cell type 1
1762,-0.18221678329890773,-0.7520127456990033,3,Sample 2,Cell type 1
1763,0.3559167160079074,0.6805755155685176,3,Sample 2,Cell type 1
1764,0.9816276776390979,-1.2644831526473352,2,Sample 1,Cell type 1
1765,-0.7205371060099841,-0.7713600571385958,2,Sample 1,Cell type 1
1766,-0.08865004822327,-0.31059444281723114,2,Sample 1,Cell type 1
1767,1.315974170801027,-0.19922883164510266,0,Sample 3,Cell type 1
1768,0.487620836166881,-1.244298987072994,2,Sample 1,Cell type 1
1769,-0.27774919608980997,0.616641775990377,2,Sample 1,Cell type 1
1770,0.9528686838187815,-0.6548840213280629,2,Sample 1,Cell type 1
1771,-0.16330381509817293,2.494144903366438,3,Sample 2,Cell type 1
1772,0.05142401527637022,-0.8621958223434449,0,Sample 3,Cell type 1
1773,1.4773095968381327,-0.8560678130609221,0,Sample 3,Cell type 1
1774,1.400740753541715,-0.025214810662483322,3,Sample 2,Cell type 1
1775,0.6071428718294122,0.22495313917550064,0,Sample 3,Cell type 1
1776,-0.0835593748299772,-0.1350573785520085,0,Sample 3,Cell type 1
1777,-0.15496430384396964,0.4322303552285563,2,Sample 1,Cell type 1
1778,-0.8778946551768533,-1.1815399420255213,1,Sample 4,Cell type 1
1779,-0.9895605687024656,-1.056365290467421,0,Sample 3,Cell type 1
1780,0.6578803767166029,-0.6695842835516697,3,Sample 2,Cell type 1
1781,-0.0762728729573461,1.384257451885735,3,Sample 2,Cell type 1
1782,0.2646810436924622,1.1608011505050688,1,Sample 4,Cell type 1
1783,1.227585681435612,0.8978993749625277,2,Sample 1,Cell type 1
1784,0.814129173474802,0.2171962486605184,1,Sample 4,Cell type 1
1785,0.005742773526353554,-1.6691821266968678,1,Sample 4,Cell type 1
1786,-0.8321549758527184,1.5561560594215464,2,Sample 1,Cell type 1
1787,0.13143581229645526,1.7569785137222393,2,Sample 1,Cell type 1
1788,0.42482087591536805,0.11910144313415288,2,Sample 1,Cell type 1
1789,-0.5253514765019306,-0.20824723301715006,2,Sample 1,Cell type 1
1790,-0.4448949974086245,-0.10404823484289603,1,Sample 4,Cell type 1
1791,-0.2563080475494355,-1.4235191444057766,2,Sample 1,Cell type 1
1792,0.3233702922218657,0.5726981957527676,2,Sample 1,Cell type 1
1793,-0.4444374235894933,0.16351122528238143,1,Sample 4,Cell type 1
1794,-1.263549038974079,-0.6543134737108045,3,Sample 2,Cell type 1
1795,0.18060921848940353,0.014090601546925853,1,Sample 4,Cell type 1
1796,-0.78772382787781,-0.6340187576921701,2,Sample 1,Cell type 1
1797,0.8235659852786859,0.6978523040227603,1,Sample 4,Cell type 1
1798,0.8271048439393669,-0.3259680858332813,2,Sample 1,Cell type 1
1799,-1.7788593343497574,-0.41445521558004544,2,Sample 1,Cell type 1
1800,-0.37340704956115245,-1.1863875455859345,2,Sample 1,Cell type 1
1801,-0.30709979306462626,0.1618243260969753,2,Sample 1,Cell type 1
1802,1.0563312078270675,-0.6995485186719346,2,Sample 1,Cell type 1
1803,0.7290901777397774,0.08460303301718435,1,Sample 4,Cell type 1
1804,1.3111684220798665,0.7264181300289531,3,Sample 2,Cell type 1
1805,-1.1550838529068335,-1.8369447625097906,1,Sample 4,Cell type 1
1806,-0.0735654260834127,0.012820225836128341,2,Sample 1,Cell type 1
1807,0.02265470090436894,0.023804911596596152,0,Sample 3,Cell type 1
1808,-1.0920174363413082,0.5611958255397717,2,Sample 1,Cell type 1
1809,1.6745583457679558,-1.2095067356505709,2,Sample 1,Cell type 1
1810,-0.4771291263751037,-0.2393454179419476,2,Sample 1,Cell type 1
1811,-0.3030078692824747,1.6661282576878382,2,Sample 1,Cell type 1
1812,0.21391385125752238,0.2573582449568109,0,Sample 3,Cell type 1
1813,0.4972575118848407,-0.2956882688349072,0,Sample 3,Cell type 1
1814,-0.36727224817519344,-0.5556802953305157,1,Sample 4,Cell type 1
1815,0.5059633733138407,-0.3793425400831719,2,Sample 1,Cell type 1
1816,0.39576452302002596,0.3067480251229153,2,Sample 1,Cell type 1
1817,0.3515888384068094,-0.07864787796350081,3,Sample 2,Cell type 1
1818,0.787457918781267,-0.17119107538040718,0,Sample 3,Cell type 1
1819,0.06145751284820429,-1.0263937793508557,0,Sample 3,Cell type 1
1820,0.07037883770333517,-0.35221970948064285,3,Sample 2,Cell type 1
1821,-0.5049929089925604,0.4795605490573632,3,Sample 2,Cell type 1
1822,-1.82862179559596,-0.6260730900385066,3,Sample 2,Cell type 1
1823,-0.015710239141344975,0.4419919635337182,0,Sample 3,Cell type 1
1824,-0.3361494536766858,-0.22542768708840577,0,Sample 3,Cell type 1
1825,0.1323229282397634,-1.1056140549539502,2,Sample 1,Cell type 1
1826,0.060346911121274244,-1.2815726495177349,0,Sample 3,Cell type 1
1827,-1.0009593093069424,-1.226014621463731,3,Sample 2,Cell type 1
1828,1.7151552714602607,0.507135217854409,0,Sample 3,Cell type 1
1829,1.1145450063479247,0.6714792913852818,2,Sample 1,Cell type 1
1830,-0.3370854462163535,0.49707739197528183,3,Sample 2,Cell type 1
1831,-1.5706313182711795,0.36865989232309226,3,Sample 2,Cell type 1
1832,-1.1163588038040577,-0.5663287525392603,2,Sample 1,Cell type 1
1833,0.15289938706911377,-0.9197659783179246,3,Sample 2,Cell type 1
1834,-0.07608931816061282,-0.26643009524300937,3,Sample 2,Cell type 1
1835,-0.23961203003798204,-0.9885624176395272,3,Sample 2,Cell type 1
1836,0.9511306971797144,0.566643077760851,0,Sample 3,Cell type 1
1837,-1.4708148986176566,0.718493859297878,3,Sample 2,Cell type 1
1838,-0.4562512542291729,-0.9432865714902786,2,Sample 1,Cell type 1
1839,0.9947246377497296,0.9824241676865081,2,Sample 1,Cell type 1
1840,-0.343707982822007,-1.0408874131130763,3,Sample 2,Cell type 1
1841,-0.7733615125621278,-0.6368513101765072,2,Sample 1,Cell type 1
1842,1.1255477967134007,-0.3872947956678542,2,Sample 1,Cell type 1
1843,-1.2942404910522698,0.3046224570920414,2,Sample 1,Cell type 1
1844,1.2731202942102433,0.7013713491088929,3,Sample 2,Cell type 1
1845,0.2585483859665647,1.027053487882849,2,Sample 1,Cell type 1
1846,1.3996671233643365,1.1051632629523893,1,Sample 4,Cell type 1
1847,-0.6417595264281434,-0.9177276088093692,3,Sample 2,Cell type 1
1848,-0.5338667049731843,-1.7935327476071306,3,Sample 2,Cell type 1
1849,-0.5411138416474158,1.4407523463286527,0,Sample 3,Cell type 1
1850,-0.6883306922271619,-0.3076444353838603,0,Sample 3,Cell type 1
1851,0.6977224845472441,0.2592291541652267,3,Sample 2,Cell type 1
1852,-0.06325387349164503,-0.4632992877085972,2,Sample 1,Cell type 1
1853,0.6182782708349785,0.6265279102216086,3,Sample 2,Cell type 1
1854,1.2040496308866642,-0.8640020867057058,3,Sample 2,Cell type 1
1855,-0.8358473552168268,-1.5730852715008015,0,Sample 3,Cell type 1
1856,0.05604173049054511,0.9295026420865524,0,Sample 3,Cell type 1
1857,-2.363399152993625,-0.5133817149217035,3,Sample 2,Cell type 1
1858,-1.5338791088082393,-1.1769011242988145,3,Sample 2,Cell type 1
1859,1.337078060349981,-0.7211005439177396,2,Sample 1,Cell type 1
1860,-0.7933573307522485,-0.5063042199078336,2,Sample 1,Cell type 1
1861,1.4791648759562763,0.901252023638206,0,Sample 3,Cell type 1
1862,-1.2142989973446476,-0.28562336064528754,1,Sample 4,Cell type 1
1863,-0.5724103883881829,0.8971993694799427,3,Sample 2,Cell type 1
1864,1.6452348518636333,-0.9047107482607326,1,Sample 4,Cell type 1
1865,0.5851042020599939,0.4723376490011708,1,Sample 4,Cell type 1
1866,-1.305611908021134,-0.723958266350453,2,Sample 1,Cell type 1
1867,0.9770359565481185,0.10716670446418826,3,Sample 2,Cell type 1
1868,-0.9556183518128281,0.22864262943578637,2,Sample 1,Cell type 1
1869,0.5330500007273695,0.37007303428316096,1,Sample 4,Cell type 1
1870,0.8387199102508328,-0.0648536843483337,3,Sample 2,Cell type 1
1871,1.3119716234971144,0.5937019928575138,0,Sample 3,Cell type 1
1872,-0.6400308515181172,-0.05081965969228408,1,Sample 4,Cell type 1
1873,0.19344165724459886,0.24112565582489395,3,Sample 2,Cell type 1
1874,-0.15753744639751166,-0.3716648624924947,2,Sample 1,Cell type 1
1875,-0.2049438019963041,-0.19319795669662307,1,Sample 4,Cell type 1
1876,0.019375565338206457,1.1297764443323435,0,Sample 3,Cell type 1
1877,0.9956521282842046,1.7851991288221989,2,Sample 1,Cell type 1
1878,0.4066149117396717,3.1409901651490615,1,Sample 4,Cell type 1
1879,-1.3461269552981487,-0.8192228727091037,1,Sample 4,Cell type 1
1880,-1.493231961088493,0.8060109518695378,1,Sample 4,Cell type 1
1881,0.5062254928850279,1.816554286243517,0,Sample 3,Cell type 1
1882,-0.5211344028915587,-0.38710866724345727,0,Sample 3,Cell type 1
1883,0.46948567504021627,1.7523645006479829,0,Sample 3,Cell type 1
1884,0.0225449258953026,-0.0072951973153628355,0,Sample 3,Cell type 1
1885,-1.1902893627924984,-0.9001488813849294,3,Sample 2,Cell type 1
1886,1.391081081482665,-0.2569942128943294,1,Sample 4,Cell type 1
1887,-0.274039360686212,0.13637101679725672,1,Sample 4,Cell type 1
1888,0.3789056614491636,-0.7411049039852308,1,Sample 4,Cell type 1
1889,0.12801458068223015,0.40142618893403603,1,Sample 4,Cell type 1
1890,-0.07083537166641017,-0.3631131329225027,3,Sample 2,Cell type 1
1891,0.30508226766422797,1.0924211700210127,3,Sample 2,Cell type 1
1892,0.40809948900005993,-0.5194918556911048,2,Sample 1,Cell type 1
1893,1.1356824036109099,-0.48033885259096415,1,Sample 4,Cell type 1
1894,0.4274919189091067,0.07287488500473054,2,Sample 1,Cell type 1
1895,-1.6991942545005085,0.33089300605734445,3,Sample 2,Cell type 1
1896,-0.10744699317643824,0.6486466185278257,0,Sample 3,Cell type 1
1897,0.05772258945740906,0.5905897846529297,3,Sample 2,Cell type 1
1898,-0.15488760882840646,0.5956691187785039,3,Sample 2,Cell type 1
1899,0.8967736188915021,0.6444597622449388,3,Sample 2,Cell type 1
1900,-1.3115873300203473,-0.31397688484869835,1,Sample 4,Cell type 1
1901,-0.2545268012943431,0.48058641211647335,3,Sample 2,Cell type 1
1902,-0.6567031379277495,-0.34144335594820613,3,Sample 2,Cell type 1
1903,1.0513812605628634,0.570613000637234,3,Sample 2,Cell type 1
1904,-0.05947626380681941,-0.14764115374875614,3,Sample 2,Cell type 1
1905,0.36012450715731814,-0.08348675955046923,3,Sample 2,Cell type 1
1906,1.2718711825445472,0.45925697671520105,1,Sample 4,Cell type 1
1907,-1.2687866497903668,-1.5039395081112361,1,Sample 4,Cell type 1
1908,0.0363931810646016,0.4466691385693644,2,Sample 1,Cell type 1
1909,0.5466631942488556,-0.16745105566348928,1,Sample 4,Cell type 1
1910,-0.6297392559895971,0.16268756799901418,3,Sample 2,Cell type 1
1911,1.2409215804180185,0.09253970743428694,0,Sample 3,Cell type 1
1912,0.4306368632397064,0.8580058698478418,0,Sample 3,Cell type 1
1913,-0.3059619181354322,-1.580770639913296,2,Sample 1,Cell type 1
1914,0.39857739879742815,0.9121192308170132,1,Sample 4,Cell type 1
1915,0.8719239672726643,-0.45694717926734923,3,Sample 2,Cell type 1
1916,-0.6688497216800198,1.1395966569975582,2,Sample 1,Cell type 1
1917,0.8241997551756536,-0.3040294770314829,3,Sample 2,Cell type 1
1918,-0.14664056762095784,-0.01583547561656638,2,Sample 1,Cell type 1
1919,1.0510257412574462,-0.012377312581391664,3,Sample 2,Cell type 1
1920,0.5490828440116265,-0.671114139220589,2,Sample 1,Cell type 1
1921,-0.12810623645331232,0.5370720611603725,0,Sample 3,Cell type 1
1922,0.20298983741986654,-1.4344611183299119,3,Sample 2,Cell type 1
1923,1.182315235793213,-0.4146161746189179,0,Sample 3,Cell type 1
1924,0.4104846385408662,-0.20763734206713377,0,Sample 3,Cell type 1
1925,-0.21589994823469702,-0.783010972625846,0,Sample 3,Cell type 1
1926,0.5570582896642587,0.22303984990836856,2,Sample 1,Cell type 1
1927,-0.1931444517799945,1.173426045519181,3,Sample 2,Cell type 1
1928,-0.025151336299821136,-0.6787429073526517,1,Sample 4,Cell type 1
1929,-0.7483509616356763,0.8687856929400258,0,Sample 3,Cell type 1
1930,0.7465024578728555,-0.17817656062128565,1,Sample 4,Cell type 1
1931,0.30725235915144583,-0.02615579847527449,0,Sample 3,Cell type 1
1932,-0.5672167661043924,1.5626073100212547,1,Sample 4,Cell type 1
1933,-0.695429589590915,-0.008693709627977716,2,Sample 1,Cell type 1
1934,0.628148065848301,-1.4221447698961611,3,Sample 2,Cell type 1
1935,-0.8506835998642549,0.8172998115199586,3,Sample 2,Cell type 1
1936,0.4866137330753515,1.0767480062706523,3,Sample 2,Cell type 1
1937,-0.5634749524342074,-1.1267690370908479,0,Sample 3,Cell type 1
1938,0.5505642451623062,-0.35488546416590877,3,Sample 2,Cell type 1
1939,0.507777174849416,0.8877598735649785,0,Sample 3,Cell type 1
1940,0.8806571187380842,0.8490967718985069,1,Sample 4,Cell type 1
1941,0.7722613337289013,0.5634689678832631,3,Sample 2,Cell type 1
1942,-0.6876908111027633,-0.7124550484728115,3,Sample 2,Cell type 1
1943,-0.028660831287961232,1.2517149246512052,0,Sample 3,Cell type 1
1944,0.3952241490261911,0.2085390126591257,0,Sample 3,Cell type 1
1945,1.2503110148065584,-0.21919446546344337,1,Sample 4,Cell type 1
1946,1.2909690152469178,0.3628274412111839,0,Sample 3,Cell type 1
1947,0.027266774607380858,-0.6159785848469135,0,Sample 3,Cell type 1
1948,-1.9393922082183535,0.7072363170888398,0,Sample 3,Cell type 1
1949,-0.5172583073940212,-0.865238402891516,0,Sample 3,Cell type 1
1950,-0.4852027105725918,0.36472335613656215,1,Sample 4,Cell type 1
1951,-0.2806795440611797,-1.7746782080408652,2,Sample 1,Cell type 1
1952,0.13316176657044487,0.3939610112065193,0,Sample 3,Cell type 1
1953,-0.6451015432944399,0.06055595200407476,2,Sample 1,Cell type 1
1954,-1.404350317848568,-0.5561194864614979,3,Sample 2,Cell type 1
1955,-1.1609405520412472,-0.00967115827684365,1,Sample 4,Cell type 1
1956,-0.0032582696971480206,-0.03300772212004832,3,Sample 2,Cell type 1
1957,0.5212175930716046,-0.9101485363398534,1,Sample 4,Cell type 1
1958,-0.05382197193082763,-0.8597288315462905,3,Sample 2,Cell type 1
1959,-0.3546107718543223,-0.23086009372328095,3,Sample 2,Cell type 1
1960,1.5700697524246359,0.0029565374782778604,1,Sample 4,Cell type 1
1961,-0.20205452111452826,-0.9982265455718796,0,Sample 3,Cell type 1
1962,0.2658512095836733,-0.5987892292452429,0,Sample 3,Cell type 1
1963,0.11443901590316188,0.6796895908129705,1,Sample 4,Cell type 1
1964,0.22869231257992398,0.26756543198962,0,Sample 3,Cell type 1
1965,-1.0115987255639725,-1.4344851620276615,1,Sample 4,Cell type 1
1966,0.3453053037100779,0.591740374494267,2,Sample 1,Cell type 1
1967,0.7723179876729366,0.9889045774449743,1,Sample 4,Cell type 1
1968,-0.17677133906373116,0.021508671195624624,0,Sample 3,Cell type 1
1969,1.0489339982420995,-0.17945517670248384,2,Sample 1,Cell type 1
1970,0.8686290599514778,0.07838652277671636,0,Sample 3,Cell type 1
1971,-0.21511095244386447,-0.8852207269933363,0,Sample 3,Cell type 1
1972,0.06888869460718232,-0.5975386280561341,2,Sample 1,Cell type 1
1973,-0.10283703460156549,-0.5213400977251326,2,Sample 1,Cell type 1
1974,0.22128061240894456,0.9563845206603832,2,Sample 1,Cell type 1
1975,0.2060403125782115,-0.059556732612933774,0,Sample 3,Cell type 1
1976,-1.0708846397785992,0.5543348984252889,1,Sample 4,Cell type 1
1977,-0.36851101676783005,0.8456977809751326,0,Sample 3,Cell type 1
1978,-0.402855695126174,-0.12049121170394642,2,Sample 1,Cell type 1
1979,-0.012978494076752993,0.9254670248295911,3,Sample 2,Cell type 1
1980,0.11754823870935023,-0.41770525601599395,2,Sample 1,Cell type 1
1981,-1.3004352268496489,-2.0052572564293736,2,Sample 1,Cell type 1
1982,0.24453245491407674,-0.5850036550503656,3,Sample 2,Cell type 1
1983,0.09346413933774704,-1.028472800604822,3,Sample 2,Cell type 1
1984,-0.0661445486741594,-0.09739800670662684,0,Sample 3,Cell type 1
1985,0.5423406970714153,-0.39032912651656215,0,Sample 3,Cell type 1
1986,0.957305189316521,-0.4878263234555058,0,Sample 3,Cell type 1
1987,1.4853179492495638,-0.38541277687478015,2,Sample 1,Cell type 1
1988,0.7040527703658739,-1.1470446591427315,3,Sample 2,Cell type 1
1989,-0.7400676963829081,-0.36016151333267477,3,Sample 2,Cell type 1
1990,-1.111657973410877,-1.3163189975655136,0,Sample 3,Cell type 1
1991,-0.2678423899556015,-1.4351368905535704,2,Sample 1,Cell type 1
1992,-1.553254240496177,-1.907924407160466,3,Sample 2,Cell type 1
1993,0.9818190576650102,-0.9681284023847081,3,Sample 2,Cell type 1
1994,0.5303050149339302,0.93877908598826,0,Sample 3,Cell type 1
1995,-0.8467525069133223,-1.9984488139943517,2,Sample 1,Cell type 1
1996,-0.537988476805069,0.1786166687362087,2,Sample 1,Cell type 1
1997,-0.31991999208745325,-0.5961342162538804,2,Sample 1,Cell type 1
1998,1.5624857586180594,0.5495653056789419,3,Sample 2,Cell type 1
1999,-1.0306460939708302,0.23417238571348273,1,Sample 4,Cell type 1
2000,-0.5099097018452142,0.9512132248860414,0,Sample 3,Cell type 1
2001,-0.4495440910863411,-1.1431236852093816,3,Sample 2,Cell type 1
2002,1.157555317109584,-0.5286673886481167,3,Sample 2,Cell type 1
2003,-1.2571359986706403,-0.7458969945455898,3,Sample 2,Cell type 1
2004,0.14481724696296558,-1.0374655583646772,0,Sample 3,Cell type 1
2005,-1.2569218808943066,0.8652112690397931,2,Sample 1,Cell type 1
2006,0.14295577344838048,0.9833718274376404,1,Sample 4,Cell type 1
2007,-0.6545765465867781,1.6739098205483682,0,Sample 3,Cell type 1
2008,0.3658594248694124,1.6785771796373976,2,Sample 1,Cell type 1
2009,0.166706246358042,-1.6333878947394327,0,Sample 3,Cell type 1
2010,-0.1991789242245402,0.2513035971605328,3,Sample 2,Cell type 1
2011,-0.9144154496589829,0.6561265494043876,1,Sample 4,Cell type 1
2012,1.2607006476015756,-0.03823940030783185,3,Sample 2,Cell type 1
2013,-0.4242060946979527,-0.6342982658098754,0,Sample 3,Cell type 1
2014,-0.44703665510796586,-0.2496575456421863,3,Sample 2,Cell type 1
2015,-0.3775454926315468,0.8711604775738929,0,Sample 3,Cell type 1
2016,-0.03957096772194636,0.5398555937332831,0,Sample 3,Cell type 1
2017,-0.3199192497049097,0.2154358020645872,1,Sample 4,Cell type 1
2018,-1.4966335368206847,-0.28121078723304693,0,Sample 3,Cell type 1
2019,1.8171597963382369,-0.32351793854716904,1,Sample 4,Cell type 1
2020,-0.6577324853515255,-1.030084226922449,3,Sample 2,Cell type 1
2021,0.40073386326868604,-0.7858594178214208,3,Sample 2,Cell type 1
2022,0.681272836714558,-0.7277443514499804,3,Sample 2,Cell type 1
2023,-0.6866862241449709,0.5602479035271931,0,Sample 3,Cell type 1
2024,-1.9031968326025794,0.5360397374524191,3,Sample 2,Cell type 1
2025,-0.09050244201259233,-1.0393730907566594,1,Sample 4,Cell type 1
2026,0.7755657604213895,0.3417554894973479,0,Sample 3,Cell type 1
2027,0.047946104213062606,0.22190155036655335,1,Sample 4,Cell type 1
2028,0.766708655873634,0.041328781480863844,1,Sample 4,Cell type 1
2029,-0.24716801167832592,-1.6836662390122659,3,Sample 2,Cell type 1
2030,0.18024633763275327,-0.29562154306668686,1,Sample 4,Cell type 1
2031,0.6600786117341078,-0.6937041725687203,1,Sample 4,Cell type 1
2032,0.45899553680353056,-1.0210435332306689,1,Sample 4,Cell type 1
2033,0.03177105737570775,-1.1383015262492435,3,Sample 2,Cell type 1
2034,-1.3684826835492114,-0.3144721605611692,3,Sample 2,Cell type 1
2035,-0.06994826302174487,0.438655702043599,1,Sample 4,Cell type 1
2036,0.25662858074614714,0.15524155488469923,1,Sample 4,Cell type 1
2037,-0.3874066815446642,-0.03674306299212851,3,Sample 2,Cell type 1
2038,-1.10209400060339,-0.45181920333675385,1,Sample 4,Cell type 1
2039,2.023942199401562,-0.7948744031451584,3,Sample 2,Cell type 1
2040,0.7802499667823831,0.4125024707551652,1,Sample 4,Cell type 1
2041,0.7585143603776396,-0.24476354522527366,3,Sample 2,Cell type 1
2042,0.01960813940715417,0.3983986329963598,0,Sample 3,Cell type 1
2043,-0.4352912016913541,-0.13023432485783537,1,Sample 4,Cell type 1
2044,-0.3501898579234597,0.1455919060982381,3,Sample 2,Cell type 1
2045,-0.026501578299037678,1.4356462908142302,0,Sample 3,Cell type 1
2046,0.3307479225789607,1.5014366500464529,0,Sample 3,Cell type 1
2047,0.11474125348599458,0.6972195088703473,3,Sample 2,Cell type 1
2048,0.5475603821091423,-0.3369590532903306,3,Sample 2,Cell type 1
2049,-0.16201938165186403,-0.42263763733038334,1,Sample 4,Cell type 1
2050,0.5482320677687743,1.1216074607352977,3,Sample 2,Cell type 1
2051,-0.19774190601647756,-0.5455873983982389,0,Sample 3,Cell type 1
2052,-1.4430003872739972,0.2651767170647163,3,Sample 2,Cell type 1
2053,0.27008212966016176,-0.32950157289797394,0,Sample 3,Cell type 1
2054,-1.1684007195347903,0.9530085453054661,3,Sample 2,Cell type 1
2055,0.07759677199417456,0.47612562034953093,0,Sample 3,Cell type 1
2056,-0.2528663688983787,0.2514709465051444,3,Sample 2,Cell type 1
2057,0.4546187017222274,0.8691045689646704,3,Sample 2,Cell type 1
2058,-0.07138732337715914,-0.030056515983585014,1,Sample 4,Cell type 1
2059,0.36621829292150865,1.33959394667803,1,Sample 4,Cell type 1
2060,-0.6723943884053531,0.5497907603162308,3,Sample 2,Cell type 1
2061,0.6480217908048932,-0.5798888670400418,3,Sample 2,Cell type 1
2062,1.4025558416524684,-0.2921220905585707,3,Sample 2,Cell type 1
2063,0.11641695821459264,-0.491298052006653,1,Sample 4,Cell type 1
2064,0.2883147160144641,0.40343028270741793,2,Sample 1,Cell type 1
2065,-1.0855484557596602,0.17852244379815763,2,Sample 1,Cell type 1
2066,-0.42319873136250163,-0.8605893187532891,3,Sample 2,Cell type 1
2067,-1.1972234040720633,-0.5200191475255186,1,Sample 4,Cell type 1
2068,-1.6539536800319015,-0.07129603161023072,0,Sample 3,Cell type 1
2069,0.23271764607200474,-1.596425424361391,2,Sample 1,Cell type 1
2070,-0.9415696902159745,1.4564351263534525,2,Sample 1,Cell type 1
2071,0.2861290933048715,0.05160477829005738,3,Sample 2,Cell type 1
2072,-0.2948954926285597,0.6456371332853499,3,Sample 2,Cell type 1
2073,-1.1509760808454956,-0.1802101139930829,3,Sample 2,Cell type 1
2074,0.24614132272089106,-0.8764155110764499,2,Sample 1,Cell type 1
2075,-0.34265460623820454,-0.008372103242183472,3,Sample 2,Cell type 1
2076,-0.3431845738979358,0.7718159154419566,3,Sample 2,Cell type 1
2077,0.5848005014283851,0.43074796577316193,2,Sample 1,Cell type 1
2078,1.2524192233874725,-0.05260020885839024,0,Sample 3,Cell type 1
2079,-0.17414496258177625,0.8790214815897521,0,Sample 3,Cell type 1
2080,1.3337792892409097,1.2185908973698067,1,Sample 4,Cell type 1
2081,0.9278719731106755,-0.4047729591902843,2,Sample 1,Cell type 1
2082,0.3785163626142296,-0.562329150431654,3,Sample 2,Cell type 1
2083,1.496772140297426,0.3116913418967231,1,Sample 4,Cell type 1
2084,-0.09184179900725094,0.4534173809473437,2,Sample 1,Cell type 1
2085,0.1870784206316787,0.8283547331335559,2,Sample 1,Cell type 1
2086,0.5962885792623006,0.07481879715088777,3,Sample 2,Cell type 1
2087,0.4444835728027588,0.07166454500419905,0,Sample 3,Cell type 1
2088,0.03645747192305103,-0.5212802780846537,0,Sample 3,Cell type 1
2089,-1.1408144936963616,0.31509857453179463,3,Sample 2,Cell type 1
2090,-1.420988186318656,0.3269222491845367,1,Sample 4,Cell type 1
2091,0.7352611863902149,-0.23221963535092108,0,Sample 3,Cell type 1
2092,-0.5194984306571409,1.0570432258184097,1,Sample 4,Cell type 1
2093,1.736754173998251,-0.1407086499458693,0,Sample 3,Cell type 1
2094,-0.9567064496281475,0.3556821345761126,0,Sample 3,Cell type 1
2095,-0.6461204461974119,-0.31325598188483145,3,Sample 2,Cell type 1
2096,-1.2261604479119448,-0.15702452111034945,1,Sample 4,Cell type 1
2097,0.3854928493747932,0.4378118379023736,1,Sample 4,Cell type 1
2098,0.08564596239383741,-0.27611750491042175,2,Sample 1,Cell type 1
2099,-0.7229614885841026,0.2594874253772824,0,Sample 3,Cell type 1
2100,-0.3975456200943826,-0.1460551795036329,1,Sample 4,Cell type 1
2101,-0.4592805402268787,0.42913111991307473,2,Sample 1,Cell type 1
2102,-0.7651491014544071,0.3779250223043019,1,Sample 4,Cell type 1
2103,2.594474375675787,1.8463330004928886,1,Sample 4,Cell type 1
2104,0.8856645354295782,-0.0963049311628786,0,Sample 3,Cell type 1
2105,0.46116107609793816,-1.2068447745702853,3,Sample 2,Cell type 1
2106,-0.7618531045910376,-0.5415961107668251,1,Sample 4,Cell type 1
2107,-0.2058400004942317,0.8656898503945126,2,Sample 1,Cell type 1
2108,1.0359884678535647,0.43537628187227767,2,Sample 1,Cell type 1
2109,-0.05449874013436248,0.29117650468219053,2,Sample 1,Cell type 1
2110,-1.7964687180521304,0.15632257702665622,3,Sample 2,Cell type 1
2111,0.6585364671695317,0.05865437375072311,0,Sample 3,Cell type 1
2112,1.1057271928300219,0.5189679100717142,0,Sample 3,Cell type 1
2113,-0.9965739011571076,0.043947288799878984,1,Sample 4,Cell type 1
2114,-0.36290911007334625,1.3809812365085061,2,Sample 1,Cell type 1
2115,1.3411144217665625,-0.756405503954185,1,Sample 4,Cell type 1
2116,0.14016913512680965,2.3882072020827283,1,Sample 4,Cell type 1
2117,0.19260254359085463,2.081346491344316,0,Sample 3,Cell type 1
2118,0.8327633390382316,-1.012206727268172,3,Sample 2,Cell type 1
2119,-0.1805251045698013,1.1112194903702093,2,Sample 1,Cell type 1
2120,0.29382985072107254,1.470546941436098,0,Sample 3,Cell type 1
2121,-0.058286151072844065,1.5114230364031969,3,Sample 2,Cell type 1
2122,0.44666153001737796,0.060804313129929205,0,Sample 3,Cell type 1
2123,-0.9553493211294755,-0.8101155531544717,3,Sample 2,Cell type 1
2124,-0.5300990071566773,0.4564789348745275,0,Sample 3,Cell type 1
2125,1.9566015836934612,0.10337694558018201,0,Sample 3,Cell type 1
2126,0.6262989879588581,-0.34490045566007926,1,Sample 4,Cell type 1
2127,0.01846452716033654,0.4999228757232344,3,Sample 2,Cell type 1
2128,-0.8473693666983216,-0.40020881326934044,3,Sample 2,Cell type 1
2129,0.5004064134648286,0.7081851863911929,1,Sample 4,Cell type 1
2130,0.13669235050235348,-0.1471866690821433,0,Sample 3,Cell type 1
2131,0.9275048346404177,0.7784812488120576,2,Sample 1,Cell type 1
2132,0.7506270447807982,-0.41283578257389913,0,Sample 3,Cell type 1
2133,1.2214501308618122,1.5220465641836478,3,Sample 2,Cell type 1
2134,1.303713704890239,-0.29814046716157966,2,Sample 1,Cell type 1
2135,1.0262359750711842,0.06240593478308601,3,Sample 2,Cell type 1
2136,-0.47391513939109536,-0.6911926157438528,0,Sample 3,Cell type 1
2137,-0.01938626709575372,0.9619609983864579,2,Sample 1,Cell type 1
2138,0.112786159689648,1.2709015424348769,1,Sample 4,Cell type 1
2139,-1.6616958830190993,-0.18821912797795115,3,Sample 2,Cell type 1
2140,-0.01784022697444244,-0.5511084340603245,2,Sample 1,Cell type 1
2141,-0.6399524053615474,-1.5264017096986462,1,Sample 4,Cell type 1
2142,-1.0659586783156527,0.9369341061649173,3,Sample 2,Cell type 1
2143,0.08576636963210693,-0.25507708439578497,2,Sample 1,Cell type 1
2144,-0.3953520184535302,0.22707565384218942,3,Sample 2,Cell type 1
2145,-1.1182443827394377,0.962061204180182,2,Sample 1,Cell type 1
2146,0.10988198352562882,2.334538844048074,2,Sample 1,Cell type 1
2147,0.6642686532353965,-0.6848670607270938,0,Sample 3,Cell type 1
2148,1.6706997638245822,-0.11167170252413901,0,Sample 3,Cell type 1
2149,-0.4605102609902192,0.09760785171628916,0,Sample 3,Cell type 1
2150,-0.10610699710605885,-0.7796234437365133,0,Sample 3,Cell type 1
2151,0.5492541974025409,0.5928590245458288,3,Sample 2,Cell type 1
2152,0.08573593220767697,-0.8628101930916778,2,Sample 1,Cell type 1
2153,1.0772573300882369,1.1549362553329907,3,Sample 2,Cell type 1
2154,0.6502896950711681,0.5037030735388898,0,Sample 3,Cell type 1
2155,1.5202147394487717,0.8184452442017914,2,Sample 1,Cell type 1
2156,-0.677434974454724,-1.2118777797486917,0,Sample 3,Cell type 1
2157,-1.3513464303738094,-0.37701099256201576,1,Sample 4,Cell type 1
2158,1.0203125903992118,-0.12137154686178331,1,Sample 4,Cell type 1
2159,-0.6765384835952903,-0.011279172725337263,2,Sample 1,Cell type 1
2160,0.17783188464068325,1.0230926506507145,1,Sample 4,Cell type 1
2161,0.1284591848398917,0.002436816122731576,0,Sample 3,Cell type 1
2162,0.11270899752896316,-1.4147514924502813,0,Sample 3,Cell type 1
2163,0.05762948902699581,-0.16976717592092136,1,Sample 4,Cell type 1
2164,0.39737132240898615,-0.11061144093694773,0,Sample 3,Cell type 1
2165,0.7189353282713394,0.030157258499138324,2,Sample 1,Cell type 1
2166,0.44004167921964155,-0.7746755638909083,0,Sample 3,Cell type 1
2167,-1.3554047167960623,0.8052852328261024,3,Sample 2,Cell type 1
2168,0.9558102895015502,0.7157177500590979,1,Sample 4,Cell type 1
2169,0.857212748464831,-1.2052272241523194,3,Sample 2,Cell type 1
2170,1.2753423649632099,0.08283052315934031,3,Sample 2,Cell type 1
2171,0.10349440536305482,-1.9045912844187978,3,Sample 2,Cell type 1
2172,0.6965973156707226,0.7590504771772961,2,Sample 1,Cell type 1
2173,1.0272766351584939,-1.9411136564281666,2,Sample 1,Cell type 1
2174,1.1758274070299966,-0.49781617831519687,3,Sample 2,Cell type 1
2175,-0.6539265075314719,0.2570331766059104,2,Sample 1,Cell type 1
2176,-0.5791922653940873,-0.1563122809416192,1,Sample 4,Cell type 1
2177,-0.5256281896138592,0.7956465885932973,3,Sample 2,Cell type 1
2178,1.3147025246436272,0.28851831314863596,1,Sample 4,Cell type 1
2179,-0.01951885378892532,-1.1377837196049658,3,Sample 2,Cell type 1
2180,-0.8210953661327137,0.9840004581753201,1,Sample 4,Cell type 1
2181,-1.2430070128128516,0.654311726420023,1,Sample 4,Cell type 1
2182,-2.2190519519471334,-0.14369577712450662,3,Sample 2,Cell type 1
2183,-1.6547005723448258,0.07151622314529062,3,Sample 2,Cell type 1
2184,-0.3390077456181626,-0.36273128670708327,2,Sample 1,Cell type 1
2185,-1.5298039803358217,-0.05490723686837489,1,Sample 4,Cell type 1
2186,-0.8932195519589273,0.988649296005551,1,Sample 4,Cell type 1
2187,-1.2933706999584116,-0.18350586548437378,2,Sample 1,Cell type 1
2188,0.18515673802045785,0.5171916301806165,1,Sample 4,Cell type 1
2189,-0.22076116135691054,-0.28937906887470927,3,Sample 2,Cell type 1
2190,0.5999201915389685,0.22341427057322077,2,Sample 1,Cell type 1
2191,-0.6596896078120176,-0.8470401185982559,3,Sample 2,Cell type 1
2192,0.009778838732135572,-0.9573324738275167,3,Sample 2,Cell type 1
2193,0.9084961177463553,-0.8850348099293074,1,Sample 4,Cell type 1
2194,-0.5194220360528057,-0.9791522134098053,0,Sample 3,Cell type 1
2195,-0.3388788653825417,-1.0924939233521196,2,Sample 1,Cell type 1
2196,-0.9549094654051841,0.7353233388880013,0,Sample 3,Cell type 1
2197,0.20620203211420055,-0.9934084603852995,1,Sample 4,Cell type 1
2198,-0.27180720611801906,0.18528597933447347,2,Sample 1,Cell type 1
2199,0.4671425482607712,-0.28743367262964764,0,Sample 3,Cell type 1
2200,-0.24622258796240068,0.17532026213115118,0,Sample 3,Cell type 1
2201,0.5717965199111561,-0.18697924628138038,3,Sample 2,Cell type 1
2202,1.004322887567917,0.7566957149473166,2,Sample 1,Cell type 1
2203,0.14391532092278278,1.1136018290756795,0,Sample 3,Cell type 1
2204,-2.3435589520018145,1.6423776196013304,1,Sample 4,Cell type 1
2205,0.9564251104693675,-1.2151758246506519,2,Sample 1,Cell type 1
2206,-0.895636902706535,-0.3148238847757831,1,Sample 4,Cell type 1
2207,-1.196433229198563,-0.009838759446446091,3,Sample 2,Cell type 1
2208,0.3705650336792985,-1.0937102451681966,1,Sample 4,Cell type 1
2209,0.21228987951970277,-0.46620692608926567,1,Sample 4,Cell type 1
2210,-0.9916498288641917,-1.2022964869459116,2,Sample 1,Cell type 1
2211,-0.7826463598579984,1.438784069710494,3,Sample 2,Cell type 1
2212,-0.1991713187832588,0.7772567607634844,0,Sample 3,Cell type 1
2213,0.3407097649544286,0.015318221932601649,1,Sample 4,Cell type 1
2214,-0.3638357739021543,-0.8318452248215075,2,Sample 1,Cell type 1
2215,-0.6327054333556523,0.027206476982517443,2,Sample 1,Cell type 1
2216,-1.4750348667845967,-0.7122542784158975,1,Sample 4,Cell type 1
2217,-0.02620261617279871,-0.434739816907012,0,Sample 3,Cell type 1
2218,0.05469725277412701,-1.397173380463227,2,Sample 1,Cell type 1
2219,-0.1811831135212214,0.2938924054529425,0,Sample 3,Cell type 1
2220,0.8810641319116403,0.5730720644323285,3,Sample 2,Cell type 1
2221,1.3080531156220156,1.049354759418129,2,Sample 1,Cell type 1
2222,0.6580359296825513,-0.9766749199768179,0,Sample 3,Cell type 1
2223,-0.5051220444532466,0.04202109457225301,3,Sample 2,Cell type 1
2224,-0.1816848062247408,-0.11340604322203088,2,Sample 1,Cell type 1
2225,-0.8010517233583736,-0.737751124345302,3,Sample 2,Cell type 1
2226,1.338691156922019,-0.4715619199509748,2,Sample 1,Cell type 1
2227,-1.4649159026706802,-0.9827550650126101,1,Sample 4,Cell type 1
2228,0.03525005392527949,-1.4686150049416722,3,Sample 2,Cell type 1
2229,0.8726893364829584,-0.37035160962020663,1,Sample 4,Cell type 1
2230,0.1235949324762009,-0.26924207190253874,2,Sample 1,Cell type 1
2231,-0.609459737327079,0.16829369083270954,3,Sample 2,Cell type 1
2232,-0.09412394528173126,0.012022200229677607,3,Sample 2,Cell type 1
2233,-0.11590284955830948,0.03443269668031012,2,Sample 1,Cell type 1
2234,-0.8737132747429865,-0.2029408620339048,2,Sample 1,Cell type 1
2235,-0.12627000787220796,0.24663365091105682,3,Sample 2,Cell type 1
2236,0.5926594763361007,-0.4105708531772682,1,Sample 4,Cell type 1
2237,-0.08986243975266386,-0.1767756796265784,0,Sample 3,Cell type 1
2238,1.3114052133934018,-1.538217417649869,3,Sample 2,Cell type 1
2239,-0.9495947106445958,0.846251344656637,2,Sample 1,Cell type 1
2240,0.16848067143811343,-0.39078086408828777,2,Sample 1,Cell type 1
2241,0.8831468373615258,-0.20502465940125797,2,Sample 1,Cell type 1
2242,-0.38976233695594176,-0.2815370542532073,1,Sample 4,Cell type 1
2243,0.06367828990082912,0.44324621689272575,1,Sample 4,Cell type 1
2244,0.030033473189457163,0.8734442712597166,2,Sample 1,Cell type 1
2245,0.01670919063676943,0.1845607245749468,1,Sample 4,Cell type 1
2246,0.5949214204321386,-0.1639013310917738,2,Sample 1,Cell type 1
2247,0.6913987077589092,-2.166035084304942,3,Sample 2,Cell type 1
2248,1.0284657874893435,-0.04564903314492475,3,Sample 2,Cell type 1
2249,-0.18287993227201488,-0.7954794996868099,1,Sample 4,Cell type 1
2250,0.24624141511364736,-1.3681347141253006,0,Sample 3,Cell type 1
2251,0.9609711377311559,-0.3264602984172411,0,Sample 3,Cell type 1
2252,-0.5029234440596562,-0.22201089508818678,2,Sample 1,Cell type 1
2253,0.29867884776911857,0.2499025683732574,1,Sample 4,Cell type 1
2254,-0.7046032716821842,1.4389800146810496,2,Sample 1,Cell type 1
2255,0.5550587630872817,0.9332226689768026,3,Sample 2,Cell type 1
2256,-0.636445654352706,0.3395151502888101,1,Sample 4,Cell type 1
2257,0.17956145484797764,0.8376786420897236,0,Sample 3,Cell type 1
2258,0.28427055647210947,-1.4474141716706066,3,Sample 2,Cell type 1
2259,0.5372249373832427,1.2224250875102662,1,Sample 4,Cell type 1
2260,0.8994826878964022,-0.2672617847839524,1,Sample 4,Cell type 1
2261,-1.0462212521181287,-0.27608327745535205,3,Sample 2,Cell type 1
2262,-0.07729893601191179,-0.3327735423578869,1,Sample 4,Cell type 1
2263,-0.5904456669291133,0.14500093008164033,2,Sample 1,Cell type 1
2264,0.10017960211832583,-0.3435244329002024,0,Sample 3,Cell type 1
2265,-0.8448246399733341,-0.20555610009742523,2,Sample 1,Cell type 1
2266,1.2991079942489219,0.3065345518071203,2,Sample 1,Cell type 1
2267,0.45168474071488024,-0.8157314709536925,1,Sample 4,Cell type 1
2268,0.8829760109780772,-0.3075912968332144,3,Sample 2,Cell type 1
2269,0.63995352155364,-1.2930484867492704,0,Sample 3,Cell type 1
2270,-0.4121367192736142,-0.10121511756316025,3,Sample 2,Cell type 1
2271,-0.25653410044575337,1.4361690847298578,1,Sample 4,Cell type 1
2272,-1.286128821694447,0.14779246311657956,1,Sample 4,Cell type 1
2273,1.4844026518354105,0.17938779562823343,1,Sample 4,Cell type 1
2274,1.6998171224135694,1.0650712495907226,1,Sample 4,Cell type 1
2275,0.375414071846821,-1.2284576985656848,1,Sample 4,Cell type 1
2276,-0.24174446958609713,-2.082509670261839,1,Sample 4,Cell type 1
2277,1.1607420386233696,1.4457573149103082,1,Sample 4,Cell type 1
2278,-1.0762683899321932,-0.22493123397164583,3,Sample 2,Cell type 1
2279,-0.3901642983589957,0.859466403816195,2,Sample 1,Cell type 1
2280,-0.1824045814477743,-1.125581969683191,3,Sample 2,Cell type 1
2281,0.004090765313968712,-0.18766970670011754,0,Sample 3,Cell type 1
2282,-0.16422721559700101,0.8948399554042608,2,Sample 1,Cell type 1
2283,-0.3451645156479079,-1.6960697720961395,3,Sample 2,Cell type 1
2284,-0.7034262259295905,0.2788760958887843,2,Sample 1,Cell type 1
2285,0.6635244649467914,-1.7689082472063082,0,Sample 3,Cell type 1
2286,-0.8375287861455517,0.42932220202182897,0,Sample 3,Cell type 1
2287,-0.4739723643044115,0.2616578999022762,3,Sample 2,Cell type 1
2288,0.21849474743491537,-0.7985698068091243,2,Sample 1,Cell type 1
2289,-1.2272913365884979,1.0221414575188073,0,Sample 3,Cell type 1
2290,-0.35443521690278584,-0.3835943739193947,1,Sample 4,Cell type 1
2291,-0.8780887858205815,-0.2893024874980365,3,Sample 2,Cell type 1
2292,0.06189464611809464,-0.689027361062611,0,Sample 3,Cell type 1
2293,0.7779551983344082,0.698229931575688,3,Sample 2,Cell type 1
2294,-0.12142807602846667,0.4706537651876612,0,Sample 3,Cell type 1
2295,-1.6507225219835637,-0.2538803937940279,2,Sample 1,Cell type 1
2296,0.6471354155141755,-0.4675642334803506,2,Sample 1,Cell type 1
2297,0.06963765459053699,-0.23920588037269397,0,Sample 3,Cell type 1
2298,0.7806586698308507,0.007086162935116303,3,Sample 2,Cell type 1
2299,1.7166599400611908,-1.2359487377227205,3,Sample 2,Cell type 1
2300,0.26617546366815037,-1.0665184067817672,3,Sample 2,Cell type 1
2301,-0.29542171139696255,0.11471077387380087,1,Sample 4,Cell type 1
2302,0.5575635236085885,-0.267055591804808,0,Sample 3,Cell type 1
2303,0.15550744126186883,-0.2825330342485507,0,Sample 3,Cell type 1
2304,0.37140099049840286,0.4873084152428109,3,Sample 2,Cell type 1
2305,0.29691669869704707,-0.4831881493726565,0,Sample 3,Cell type 1
2306,0.7811451017584545,-0.9057193125728054,3,Sample 2,Cell type 1
2307,-0.7204965877182951,0.5107135404867064,1,Sample 4,Cell type 1
2308,-0.6911838792608627,-0.10122606379764798,3,Sample 2,Cell type 1
2309,1.6602086981002124,-0.5513502544716543,0,Sample 3,Cell type 1
2310,-0.21552546755564622,0.5740338046367699,0,Sample 3,Cell type 1
2311,-0.2623157732103343,0.12415254708718332,1,Sample 4,Cell type 1
2312,-0.5346761558774413,-0.048860537081900884,2,Sample 1,Cell type 1
2313,-0.73965129150248,-1.2780793356763458,1,Sample 4,Cell type 1
2314,-0.4702850439264002,0.18448867901297156,3,Sample 2,Cell type 1
2315,0.5997963803506782,-1.6119209860052868,3,Sample 2,Cell type 1
2316,-0.1716301316143709,-2.8808680835676146,3,Sample 2,Cell type 1
2317,-1.4229761991234229,1.1968354491913464,0,Sample 3,Cell type 1
2318,-1.3615217840146685,-0.4490703971537648,2,Sample 1,Cell type 1
2319,0.47259546840826067,-0.17609098500386283,3,Sample 2,Cell type 1
2320,-0.24078424991457756,-0.5051496219865467,2,Sample 1,Cell type 1
2321,-1.394938081917229,0.12545841287855455,3,Sample 2,Cell type 1
2322,0.036451104913518655,0.49872571062393245,2,Sample 1,Cell type 1
2323,1.3380579094701628,0.3352152074928362,0,Sample 3,Cell type 1
2324,-2.0957960832717957,0.6575220035001791,0,Sample 3,Cell type 1
2325,-0.32332572758344225,0.0014358983024856681,3,Sample 2,Cell type 1
2326,0.025116692426221155,1.2860626451196084,2,Sample 1,Cell type 1
2327,0.19866011401270578,0.06249418818881308,2,Sample 1,Cell type 1
2328,-0.019483673808786274,1.713816286889491,0,Sample 3,Cell type 1
2329,-0.21792801328294975,0.9869794226689544,2,Sample 1,Cell type 1
2330,0.24592285577575074,-0.6596898003478088,2,Sample 1,Cell type 1
2331,-0.4316729765897053,0.7159284448214602,2,Sample 1,Cell type 1
2332,-0.0019230727350830754,-0.471417321431445,1,Sample 4,Cell type 1
2333,-0.3147503170196404,-1.5273579671817945,3,Sample 2,Cell type 1
2334,-0.7719387684640836,0.5488411679987515,0,Sample 3,Cell type 1
2335,-0.8429459353170833,-0.8542423372633545,0,Sample 3,Cell type 1
2336,-0.14722591935920218,-1.990257646049865,3,Sample 2,Cell type 1
2337,0.016333733770334504,-1.1725390858736762,2,Sample 1,Cell type 1
2338,-0.07435536529087063,-0.19160153761739984,1,Sample 4,Cell type 1
2339,0.058144419463473075,-0.3291945156497442,1,Sample 4,Cell type 1
2340,0.17974778060150876,0.746072665498472,0,Sample 3,Cell type 1
2341,1.3387535084983881,0.3533973891020458,2,Sample 1,Cell type 1
2342,1.0978170532863931,0.1136355830644362,3,Sample 2,Cell type 1
2343,1.639849676628741,0.0005462551659861024,1,Sample 4,Cell type 1
2344,0.035049177583287676,-0.1176016013027909,0,Sample 3,Cell type 1
2345,-0.3475969819458525,-0.24733769877491152,0,Sample 3,Cell type 1
2346,0.6953236739975173,-0.3644316208190966,1,Sample 4,Cell type 1
2347,-0.29196218363430826,-0.6713677338712052,0,Sample 3,Cell type 1
2348,-1.1391664897580855,0.1428233357763823,3,Sample 2,Cell type 1
2349,0.09783800242582702,0.43463842322911034,0,Sample 3,Cell type 1
2350,-0.9296526562050265,1.2656934010428538,3,Sample 2,Cell type 1
2351,0.5234925250832462,-0.04446773672836406,0,Sample 3,Cell type 1
2352,-0.14731665254656165,-0.9041429835877468,2,Sample 1,Cell type 1
2353,0.4262265674580994,-0.6444213460084165,3,Sample 2,Cell type 1
2354,2.048067630615036,-0.0768479197797199,0,Sample 3,Cell type 1
2355,-0.8845637347887486,-0.17193682423098827,0,Sample 3,Cell type 1
2356,-0.4373440676698123,-0.21732408826084262,1,Sample 4,Cell type 1
2357,-1.3334107254313583,-1.1958049171597154,2,Sample 1,Cell type 1
2358,0.24872605247840368,1.1802849735596417,0,Sample 3,Cell type 1
2359,0.4919557112251025,0.4077464617938632,3,Sample 2,Cell type 1
2360,-0.04697634168370298,0.3572292055525692,3,Sample 2,Cell type 1
2361,-0.43180774424748924,-0.6226437803218502,0,Sample 3,Cell type 1
2362,0.051579531848096195,-1.5803732530830972,0,Sample 3,Cell type 1
2363,1.1582371347662928,0.7509120181431558,2,Sample 1,Cell type 1
2364,0.48790403775233515,-0.03194117069869102,3,Sample 2,Cell type 1
2365,1.2288489453676228,0.4780301647157826,3,Sample 2,Cell type 1
2366,-0.6174175659143001,1.2876165326207785,2,Sample 1,Cell type 1
2367,0.3848073853893706,0.1791072194233051,0,Sample 3,Cell type 1
2368,0.7789809846818943,0.23903822425740953,2,Sample 1,Cell type 1
2369,0.4579562449240815,0.3176373359059199,3,Sample 2,Cell type 1
2370,0.34880462017806385,0.6750716077133898,2,Sample 1,Cell type 1
2371,-2.0236480621554427,-0.2372859672558387,1,Sample 4,Cell type 1
2372,0.26224885885929866,0.7619825255622443,2,Sample 1,Cell type 1
2373,-0.01313831685820166,0.9507146187584672,0,Sample 3,Cell type 1
2374,0.03908805626056347,0.032473352963105905,0,Sample 3,Cell type 1
2375,0.2882949727238889,-0.7285160697459919,2,Sample 1,Cell type 1
2376,0.5721395121024467,-0.04089495441230213,3,Sample 2,Cell type 1
2377,-0.441778435424777,0.5063454542044087,0,Sample 3,Cell type 1
2378,-0.3307390165091531,0.025916970946862985,3,Sample 2,Cell type 1
2379,1.6797774313332123,-0.19762056059679733,1,Sample 4,Cell type 1
2380,-0.06580295973716253,0.24516069037067256,3,Sample 2,Cell type 1
2381,-1.0778031340650793,-0.7190398481950702,3,Sample 2,Cell type 1
2382,-0.5873866575768303,-0.11322370987027795,2,Sample 1,Cell type 1
2383,0.7485427145179689,1.017244075995327,0,Sample 3,Cell type 1
2384,0.6354117436974618,-1.0034315385353996,0,Sample 3,Cell type 1
2385,-1.097520914345085,-1.290849118301393,0,Sample 3,Cell type 1
2386,0.831289429936215,-0.06061142922836791,1,Sample 4,Cell type 1
2387,1.643355073004856,0.11825659122922157,3,Sample 2,Cell type 1
2388,0.6867608933253323,-0.18769645596593104,1,Sample 4,Cell type 1
2389,-0.7203587691024215,1.1355645446382714,3,Sample 2,Cell type 1
2390,-1.1414612614250739,0.05546972937227838,3,Sample 2,Cell type 1
2391,-0.3589565460955874,0.18740741156541246,3,Sample 2,Cell type 1
2392,-1.033810156084495,0.5517662441961555,1,Sample 4,Cell type 1
2393,-1.0175352008901783,0.16911725397652713,2,Sample 1,Cell type 1
2394,0.21370132080918675,0.4069800185839471,0,Sample 3,Cell type 1
2395,-2.5930138720552582,-0.8195101130674319,0,Sample 3,Cell type 1
2396,0.5330157376348186,0.46238281891164573,2,Sample 1,Cell type 1
2397,-0.6241151051102175,0.5882154479799899,3,Sample 2,Cell type 1
2398,1.342939738698053,-1.5293124405214058,2,Sample 1,Cell type 1
2399,-0.2891702133551886,0.3331568304811621,1,Sample 4,Cell type 1
2400,0.04180679239798657,-0.8484840531172808,1,Sample 4,Cell type 1
2401,-0.9527332047789815,0.5429824554235352,3,Sample 2,Cell type 1
2402,-0.9574309171410493,0.7149581515112887,1,Sample 4,Cell type 1
2403,0.3266022045715775,-1.3620668833902725,0,Sample 3,Cell type 1
2404,-0.3339443055915458,0.2752431372507732,2,Sample 1,Cell type 1
2405,-1.3630972694613752,-0.7395727905036436,1,Sample 4,Cell type 1
2406,0.8640448473114483,0.7542308113120605,2,Sample 1,Cell type 1
2407,-0.6504114978081039,0.6586239325421643,1,Sample 4,Cell type 1
2408,0.8172123142254911,0.7351318837266635,2,Sample 1,Cell type 1
2409,-0.5750659100869843,0.5960042503018249,1,Sample 4,Cell type 1
2410,0.6209828037792849,-0.38714675596098647,3,Sample 2,Cell type 1
2411,-0.08651119231313341,0.8896804953770708,3,Sample 2,Cell type 1
2412,0.4612455704446132,0.2490001236348289,0,Sample 3,Cell type 1
2413,-0.7249722656377688,0.11358393109920427,3,Sample 2,Cell type 1
2414,0.06595180234760263,-1.1660411995719444,0,Sample 3,Cell type 1
2415,0.4256049590575545,0.2893288489976133,1,Sample 4,Cell type 1
2416,0.9897446402312075,-0.2035808613162732,3,Sample 2,Cell type 1
2417,-1.2115762473446137,0.25727456907139085,1,Sample 4,Cell type 1
2418,0.09076483204524191,0.14867010312220244,3,Sample 2,Cell type 1
2419,-0.10036340800232019,0.2623036193274859,1,Sample 4,Cell type 1
2420,0.9673845177791505,-0.01942919653602068,3,Sample 2,Cell type 1
2421,-0.19226031852650804,-0.29985664603967804,0,Sample 3,Cell type 1
2422,0.8323447141158712,-1.5640390162546263,2,Sample 1,Cell type 1
2423,0.6685536896521135,-0.9037654837260946,0,Sample 3,Cell type 1
2424,1.3958891252987948,1.9238700338031784,3,Sample 2,Cell type 1
2425,-1.0946520310662484,1.5898207993846465,1,Sample 4,Cell type 1
2426,-0.8002650596844598,-0.5421959764198813,0,Sample 3,Cell type 1
2427,0.579673422978498,0.3587883633571521,3,Sample 2,Cell type 1
2428,-0.9785761840495439,1.1397021856617948,3,Sample 2,Cell type 1
2429,-0.7116115437004187,-0.6526482279723507,0,Sample 3,Cell type 1
2430,0.780095786734201,-0.11764590520171092,0,Sample 3,Cell type 1
2431,0.3334412595864911,0.933696630402638,3,Sample 2,Cell type 1
2432,-1.4228700672052135,0.2557214607351818,1,Sample 4,Cell type 1
2433,-0.2116118730484886,-1.6030898915254028,1,Sample 4,Cell type 1
2434,0.0590907475287043,0.9548692283810096,3,Sample 2,Cell type 1
2435,1.5233092716584056,1.3007671322896508,1,Sample 4,Cell type 1
2436,0.017511056931867823,0.2535616055872923,3,Sample 2,Cell type 1
2437,0.061287256361327695,-0.4094108463538428,2,Sample 1,Cell type 1
2438,1.286332048895326,1.0827629180969625,3,Sample 2,Cell type 1
2439,0.3277482749972398,-0.47759487073674595,3,Sample 2,Cell type 1
2440,-0.5616424751018819,-0.2621297172782146,0,Sample 3,Cell type 1
2441,0.8701683409262929,0.5532948600971107,2,Sample 1,Cell type 1
2442,0.7610449954395868,0.42151833893263496,2,Sample 1,Cell type 1
2443,-1.5825801994998483,0.03754792164829571,1,Sample 4,Cell type 1
2444,1.5930963347335236,0.3143308084385731,2,Sample 1,Cell type 1
2445,-0.07062563868100386,2.0637674701234547,0,Sample 3,Cell type 1
2446,-1.072057656899148,0.34577335260740316,2,Sample 1,Cell type 1
2447,0.7130429494958044,0.0033838871953212613,2,Sample 1,Cell type 1
2448,0.5716878325092944,-1.6399530228619825,1,Sample 4,Cell type 1
2449,0.17650464344573058,-0.2816701979631048,3,Sample 2,Cell type 1
2450,0.7095099120778403,-0.33660943494484263,1,Sample 4,Cell type 1
2451,-0.05728100753125116,-0.029777789207873273,0,Sample 3,Cell type 1
2452,0.4618908200853293,-0.10292755708164472,2,Sample 1,Cell type 1
2453,-0.3001571042591496,-0.25417207740498726,1,Sample 4,Cell type 1
2454,-1.6289764022847493,0.03799477460131437,2,Sample 1,Cell type 1
2455,0.26501074512285117,0.7804361016978874,0,Sample 3,Cell type 1
2456,0.18702872943259818,-1.244716516962902,0,Sample 3,Cell type 1
2457,-0.014967005156717934,-0.3108147624711087,0,Sample 3,Cell type 1
2458,1.2923005515755535,-0.2578563753690719,0,Sample 3,Cell type 1
2459,0.767053045174138,0.9021490356131432,3,Sample 2,Cell type 1
2460,-0.7264192604169688,-1.1298429610682332,0,Sample 3,Cell type 1
2461,-0.9146711928670886,0.0699790029445914,3,Sample 2,Cell type 1
2462,-1.617438911969558,-0.08102457496122631,2,Sample 1,Cell type 1
2463,-0.46141706445466624,0.6043129806606049,0,Sample 3,Cell type 1
2464,1.0046049004588167,-0.7156858417756031,0,Sample 3,Cell type 1
2465,0.2856123887720379,-0.5543276762085234,0,Sample 3,Cell type 1
2466,-0.6541459172841071,-0.9070642854450833,2,Sample 1,Cell type 1
2467,0.21778938026191047,-0.045816328657681815,3,Sample 2,Cell type 1
2468,0.21004906320154,0.1548719290940355,1,Sample 4,Cell type 1
2469,0.5486862548867352,-1.722984459033169,2,Sample 1,Cell type 1
2470,-0.49851242113981153,-0.44438169532820376,0,Sample 3,Cell type 1
2471,1.1535560046415119,-0.4098993925413549,2,Sample 1,Cell type 1
2472,0.4634774078054206,1.1296215028345997,2,Sample 1,Cell type 1
2473,-0.059546743280037034,0.4965376780405424,0,Sample 3,Cell type 1
2474,-0.5131895272354478,0.3902978278968592,1,Sample 4,Cell type 1
2475,0.25924562257724854,-0.9181531118525339,1,Sample 4,Cell type 1
2476,-0.14207679580699117,0.5247137102300661,2,Sample 1,Cell type 1
2477,-0.30905798035774046,-1.7642354982047248,3,Sample 2,Cell type 1
2478,0.10455201957150587,-0.11322060269355863,2,Sample 1,Cell type 1
2479,0.5907732639963283,0.1370946249519764,0,Sample 3,Cell type 1
2480,-0.22570062154712903,0.9845623239875763,3,Sample 2,Cell type 1
2481,1.395667096060199,0.6878668491739662,3,Sample 2,Cell type 1
2482,1.144921694209393,-0.2080290001443558,3,Sample 2,Cell type 1
2483,0.9228722746535404,1.1090795178102748,1,Sample 4,Cell type 1
2484,0.25947216801189454,-0.42618039857352286,2,Sample 1,Cell type 1
2485,0.5441728843603596,0.9540060099823799,1,Sample 4,Cell type 1
2486,-0.5013737796719722,0.689914777906207,0,Sample 3,Cell type 1
2487,-0.8513760054538791,-0.007875846920306405,2,Sample 1,Cell type 1
2488,-1.416854842470473,0.3772339043345646,1,Sample 4,Cell type 1
2489,0.949908841251801,2.0716509136148913,0,Sample 3,Cell type 1
2490,-0.7514683150550034,-0.11527004457729238,0,Sample 3,Cell type 1
2491,0.07092607276914996,0.1578525659244765,1,Sample 4,Cell type 1
2492,0.11439250784737319,-1.3808084949334134,3,Sample 2,Cell type 1
2493,0.2916491818843656,-0.5441387810783608,3,Sample 2,Cell type 1
2494,0.7955579004071259,0.5168049496916413,2,Sample 1,Cell type 1
2495,0.880767707998857,1.5666779633764751,0,Sample 3,Cell type 1
2496,-0.08789129848154854,-0.14726949361273553,3,Sample 2,Cell type 1
2497,0.3278102367675979,-0.6888703281388564,1,Sample 4,Cell type 1
2498,-0.3864488413467516,0.1174344095884395,0,Sample 3,Cell type 1
2499,0.7153862196007479,-0.6130580198251411,3,Sample 2,Cell type 1
2500,0.04806879569213089,0.3106496043387597,1,Sample 4,Cell type 1
2501,-0.3726444552945303,-0.12067016925335626,1,Sample 4,Cell type 1
2502,-0.6159968529579659,-1.0368933313999156,1,Sample 4,Cell type 1
2503,1.0793432391109643,0.019545472142427328,3,Sample 2,Cell type 1
2504,-1.4245005383259914,1.2021874610444705,3,Sample 2,Cell type 1
2505,-0.0815957733087456,-0.6739461041010611,2,Sample 1,Cell type 1
2506,0.7776455725917776,-0.010643708302908249,2,Sample 1,Cell type 1
2507,0.526210540920299,-0.05562582899381551,2,Sample 1,Cell type 1
2508,0.02354447334204175,0.41331555674877385,2,Sample 1,Cell type 1
2509,-1.5736557628697219,-0.893749169365602,1,Sample 4,Cell type 1
2510,-0.3865491698394992,1.2591894106320263,0,Sample 3,Cell type 1
2511,-0.17988478544646286,-0.5200020646587679,0,Sample 3,Cell type 1
2512,1.275604050579978,-0.6775690786546623,0,Sample 3,Cell type 1
2513,0.3553586618325375,0.8810583661886098,1,Sample 4,Cell type 1
2514,-1.3799342660104263,-0.44983002339277817,0,Sample 3,Cell type 1
2515,0.7642153897657644,-0.030994315991634422,2,Sample 1,Cell type 1
2516,1.2950301117286944,0.3326613035642744,2,Sample 1,Cell type 1
2517,0.8687164526652625,0.37975858630396225,0,Sample 3,Cell type 1
2518,-0.357857516527001,1.0248130893880905,0,Sample 3,Cell type 1
2519,-0.3858508567490424,0.8791866859535719,2,Sample 1,Cell type 1
2520,0.2057591762847419,-0.19253213962417043,1,Sample 4,Cell type 1
2521,0.5273965347459241,0.7500561101012467,1,Sample 4,Cell type 1
2522,-0.10233407318461324,-0.7644323524803407,0,Sample 3,Cell type 1
2523,0.28818082966194297,0.4330570352066227,3,Sample 2,Cell type 1
2524,-0.12561986275576625,-0.9681287547313263,3,Sample 2,Cell type 1
2525,1.0125662726917606,-0.6929398785716008,0,Sample 3,Cell type 1
2526,-0.49960836407086195,0.5975846720837679,2,Sample 1,Cell type 1
2527,0.0596076750614181,0.8205056910980659,3,Sample 2,Cell type 1
2528,0.4141272163752985,-0.5805950505227725,0,Sample 3,Cell type 1
2529,-0.7879945006536122,0.15894400763792552,2,Sample 1,Cell type 1
2530,1.17134179100195,0.7974870187726464,1,Sample 4,Cell type 1
2531,0.06076421433286993,0.5941459346877779,1,Sample 4,Cell type 1
2532,0.12700484075003426,0.9248053355609017,3,Sample 2,Cell type 1
2533,0.5247206212238088,0.1557889557750199,0,Sample 3,Cell type 1
2534,0.2615956106160781,-0.6680996031777882,3,Sample 2,Cell type 1
2535,-0.6529737956335718,0.06251445037571796,1,Sample 4,Cell type 1
2536,-0.5046764406326851,-0.23829344396548902,3,Sample 2,Cell type 1
2537,0.38047074874286596,-1.397516553076444,2,Sample 1,Cell type 1
2538,-1.1828689966238732,0.9150032345655433,0,Sample 3,Cell type 1
2539,-0.8219228412208088,-0.2986145967530513,2,Sample 1,Cell type 1
2540,-0.6279186504657921,0.5186243470750872,0,Sample 3,Cell type 1
2541,0.7981056615361957,-0.22943538859061544,2,Sample 1,Cell type 1
2542,0.6464289515216572,-0.6784524784244069,2,Sample 1,Cell type 1
2543,-1.5012421648334993,0.495769156772909,1,Sample 4,Cell type 1
2544,1.3028924364570336,-1.1040811665719132,0,Sample 3,Cell type 1
2545,0.7602460735788606,1.3684906980655402,0,Sample 3,Cell type 1
2546,0.558578650890872,0.3147883083373997,0,Sample 3,Cell type 1
2547,0.7196799003466006,0.24583961670128748,0,Sample 3,Cell type 1
2548,-0.12902856933280732,0.32324068545163076,0,Sample 3,Cell type 1
2549,0.3991065558145702,-0.2737189209017911,3,Sample 2,Cell type 1
2550,-0.7222471415702398,0.6474117585935887,3,Sample 2,Cell type 1
2551,-0.9096263065179899,-0.6574518627370768,3,Sample 2,Cell type 1
2552,-0.9998562716714914,-0.21219003237616177,2,Sample 1,Cell type 1
2553,1.4123633922248775,0.32398536876876444,0,Sample 3,Cell type 1
2554,1.197945346543701,1.4861618748301861,1,Sample 4,Cell type 1
2555,0.9830852401604476,0.3688624258371481,3,Sample 2,Cell type 1
2556,1.8216691984426436,-0.9876095987379169,2,Sample 1,Cell type 1
2557,0.3889478332495511,-1.5594974042579386,2,Sample 1,Cell type 1
2558,0.40053257710496776,0.039818949744768066,1,Sample 4,Cell type 1
2559,-0.21491660264779405,-1.469087827016318,2,Sample 1,Cell type 1
2560,-0.17601442212773924,-0.1019254979119678,3,Sample 2,Cell type 1
2561,0.7596756570915906,-0.04753214501799528,1,Sample 4,Cell type 1
2562,0.8661528431096587,-0.3768997214543029,1,Sample 4,Cell type 1
2563,-0.09341273263619732,-0.5084462731235228,1,Sample 4,Cell type 1
2564,0.6864113562417163,-0.6625570183721877,1,Sample 4,Cell type 1
2565,0.8901074441626415,-0.0568962326642688,3,Sample 2,Cell type 1
2566,-0.7040095853526112,0.21534473620412792,3,Sample 2,Cell type 1
2567,1.258987373244085,0.36535040858431933,2,Sample 1,Cell type 1
2568,0.7612398164592342,-0.8169299660482402,1,Sample 4,Cell type 1
2569,-1.6402859658273603,0.5913443957612543,2,Sample 1,Cell type 1
2570,-1.526246046301913,-0.6883080086236015,1,Sample 4,Cell type 1
2571,-0.709863567084617,0.617436941788529,2,Sample 1,Cell type 1
2572,-0.7955428174398338,0.19963855167846162,2,Sample 1,Cell type 1
2573,-0.2686277594321026,1.3352172202315145,0,Sample 3,Cell type 1
2574,-0.48941527272422836,-0.02962943763872962,0,Sample 3,Cell type 1
2575,0.5723050523529952,0.5745485805663476,1,Sample 4,Cell type 1
2576,0.7064878217177273,-0.06226975761024163,0,Sample 3,Cell type 1
2577,0.7281726269317963,-0.14682253772572246,3,Sample 2,Cell type 1
2578,-0.6500366160975887,1.68423794356665,2,Sample 1,Cell type 1
2579,0.3479528306943189,-0.31518934499449636,2,Sample 1,Cell type 1
2580,0.24791582350450764,-1.0188684388772795,2,Sample 1,Cell type 1
2581,1.4263244800521153,-0.19787230962012542,3,Sample 2,Cell type 1
2582,0.7035336329099225,-0.8619008615878067,1,Sample 4,Cell type 1
2583,-0.6804906023615582,-0.4328054926263195,2,Sample 1,Cell type 1
2584,-0.2724789655278892,0.400114426491107,2,Sample 1,Cell type 1
2585,-0.8445115918388771,-0.28294860765360486,2,Sample 1,Cell type 1
2586,-0.7919662340416112,-0.028006088004988723,1,Sample 4,Cell type 1
2587,1.494882575330402,0.027846032399865762,3,Sample 2,Cell type 1
2588,-0.02039530286815973,-0.1737270457094853,2,Sample 1,Cell type 1
2589,0.7407800805716934,-0.07286068828242179,2,Sample 1,Cell type 1
2590,-0.5702766261417315,0.08514418215351748,0,Sample 3,Cell type 1
2591,-0.021843631607945488,-0.7466143672585569,0,Sample 3,Cell type 1
2592,0.012899830320377951,0.11464504400000297,3,Sample 2,Cell type 1
2593,1.1122042620095918,1.4298771315438605,3,Sample 2,Cell type 1
2594,-1.880364682099489,1.338294561518824,3,Sample 2,Cell type 1
2595,0.9435520965770297,-0.37534052168376386,0,Sample 3,Cell type 1
2596,0.7808325754847574,1.1195891415778745,2,Sample 1,Cell type 1
2597,-0.8891663655496256,0.1972038227456039,1,Sample 4,Cell type 1
2598,-0.256927230964562,-1.2685005654156742,3,Sample 2,Cell type 1
2599,0.4853784473089462,-0.1465572949763103,1,Sample 4,Cell type 1
2600,-0.21629711930863293,-1.1118241145541352,3,Sample 2,Cell type 1
2601,0.33742405940069675,1.0481535264647177,2,Sample 1,Cell type 1
2602,-0.5405664633292895,0.02732193399041968,1,Sample 4,Cell type 1
2603,-0.49985486215654307,0.02087284016866703,0,Sample 3,Cell type 1
2604,-0.7773253876330288,-1.1036945318311444,0,Sample 3,Cell type 1
2605,-0.1846930990758152,1.1626085306568275,1,Sample 4,Cell type 1
2606,1.5678698037957401,0.3604904395451107,2,Sample 1,Cell type 1
2607,-0.6631960087376578,-0.44814483215757567,0,Sample 3,Cell type 1
2608,0.35758537360788156,-0.5108686601160242,2,Sample 1,Cell type 1
2609,-1.0154643972373594,1.3620117265036846,1,Sample 4,Cell type 1
2610,1.1944024835545628,-0.12810411167834973,3,Sample 2,Cell type 1
2611,-0.09208775513859133,-0.27673546323773657,2,Sample 1,Cell type 1
2612,-0.6946341855010932,0.4277032688979483,1,Sample 4,Cell type 1
2613,0.6725148391909793,-0.5220991834419128,0,Sample 3,Cell type 1
2614,-0.39597238429445847,-0.3980579986473711,2,Sample 1,Cell type 1
2615,-0.045917971029435,-0.04064063089562684,3,Sample 2,Cell type 1
2616,-0.4207037407161631,0.14220008501442508,1,Sample 4,Cell type 1
2617,1.3421606512611526,-0.44287059336639567,0,Sample 3,Cell type 1
2618,0.3898441896359959,0.8575438921694378,2,Sample 1,Cell type 1
2619,-0.2937631473693986,0.2300511241338625,3,Sample 2,Cell type 1
2620,0.5059261912444167,0.778043559701384,0,Sample 3,Cell type 1
2621,-0.5814193102670745,-0.7020938854903241,3,Sample 2,Cell type 1
2622,-0.550520276142179,1.801948644275447,0,Sample 3,Cell type 1
2623,-0.2866721216169778,-0.5180334445081274,1,Sample 4,Cell type 1
2624,-1.2491945779534877,1.2027358627431992,1,Sample 4,Cell type 1
2625,-2.1207758467144098,0.8732054815379695,0,Sample 3,Cell type 1
2626,0.8400392332427414,0.2597265884020147,3,Sample 2,Cell type 1
2627,0.44081364818103963,-0.5867856533426236,3,Sample 2,Cell type 1
2628,-0.8838902344500161,0.1764331416110935,1,Sample 4,Cell type 1
2629,-1.2671222587885786,0.608331724915438,0,Sample 3,Cell type 1
2630,1.5633259470002292,-0.4045973634095494,1,Sample 4,Cell type 1
2631,0.2940958721677687,0.11847153583862097,1,Sample 4,Cell type 1
2632,-0.14340082028552945,-0.08800439896084118,2,Sample 1,Cell type 1
2633,1.6485983399055897,1.4042726739545637,0,Sample 3,Cell type 1
2634,-0.2880314150055862,-0.582461678284257,1,Sample 4,Cell type 1
2635,0.43317018256383044,0.6073241282421176,0,Sample 3,Cell type 1
2636,-0.6153138798298387,-0.7519224808870918,1,Sample 4,Cell type 1
2637,0.39749887240607773,0.8558171639870802,1,Sample 4,Cell type 1
2638,0.8417689247656469,0.07794728823784243,3,Sample 2,Cell type 1
2639,1.2482044236247447,-1.5612823303063095,3,Sample 2,Cell type 1
2640,0.9341935404222232,-0.6200359704129919,3,Sample 2,Cell type 1
2641,-0.4668794610768039,0.8307030808154533,1,Sample 4,Cell type 1
2642,0.5894751176739467,-0.22506204569457072,0,Sample 3,Cell type 1
2643,0.916824115313652,-0.6218971878767253,2,Sample 1,Cell type 1
2644,1.274371276821905,1.1721684027851047,3,Sample 2,Cell type 1
2645,0.9417479705474712,0.10939731791938455,2,Sample 1,Cell type 1
2646,2.341816073978664,-0.7954840525046988,2,Sample 1,Cell type 1
2647,0.04629123794140518,-0.21247410660992913,3,Sample 2,Cell type 1
2648,-0.0735747729624373,-0.8655314949705064,3,Sample 2,Cell type 1
2649,-0.7966523158321833,0.5209089934589256,1,Sample 4,Cell type 1
2650,0.17927398544833342,0.010073920625435889,0,Sample 3,Cell type 1
2651,-0.8260191228220317,0.3183416399574472,1,Sample 4,Cell type 1
2652,-0.006490561289400232,0.12647138025854754,2,Sample 1,Cell type 1
2653,-0.48392541114253984,0.39823064753422194,3,Sample 2,Cell type 1
2654,0.11122294956250048,-0.03609831225924132,3,Sample 2,Cell type 1
2655,-0.7717643406005719,1.3027748438178575,1,Sample 4,Cell type 1
2656,-0.4209982852139369,1.1106702225667584,1,Sample 4,Cell type 1
2657,-1.2567009216547995,-0.9014139751278443,0,Sample 3,Cell type 1
2658,0.537555686251598,0.30736165760471723,2,Sample 1,Cell type 1
2659,-1.13221375353935,0.17482723392875654,1,Sample 4,Cell type 1
2660,-0.9860322489762242,-0.5475933844902376,2,Sample 1,Cell type 1
2661,-1.1250539709374672,-0.06648445810295582,0,Sample 3,Cell type 1
2662,-0.050619167917532695,-0.5277989130031727,3,Sample 2,Cell type 1
2663,-0.18118727907986554,-0.7675513893787839,0,Sample 3,Cell type 1
2664,-0.3678116926643811,0.4347126622974477,2,Sample 1,Cell type 1
2665,-1.1584111203329952,-1.7590447652960657,0,Sample 3,Cell type 1
2666,-0.2101276162529342,-0.269109556328909,1,Sample 4,Cell type 1
2667,-1.0357451805767246,0.9286614299028155,0,Sample 3,Cell type 1
2668,0.19504057101695907,-0.45126290458938273,0,Sample 3,Cell type 1
2669,0.15846780861428397,-0.11548832953915399,0,Sample 3,Cell type 1
2670,1.2006078325074487,0.6801773936907943,0,Sample 3,Cell type 1
2671,0.15638538524263268,-0.07907616099144485,1,Sample 4,Cell type 1
2672,-0.8788963401422498,1.1364034298168506,2,Sample 1,Cell type 1
2673,-1.0275096288580114,1.1807033204031725,3,Sample 2,Cell type 1
2674,0.5218449212881844,-1.3050680883336587,2,Sample 1,Cell type 1
2675,-0.9732646433085677,-0.897224117940022,2,Sample 1,Cell type 1
2676,1.4203926793920387,-1.1833568146862132,3,Sample 2,Cell type 1
2677,-1.228032198025888,-1.504008027126211,1,Sample 4,Cell type 1
2678,-0.8401125916817165,0.6059961194699884,1,Sample 4,Cell type 1
2679,1.8554636319853555,0.3146542715154975,0,Sample 3,Cell type 1
2680,-0.053159180247564775,-0.2864635569434551,3,Sample 2,Cell type 1
2681,0.4444101170737986,-0.7349492091888755,1,Sample 4,Cell type 1
2682,0.4348801236755459,-0.2964914656688848,0,Sample 3,Cell type 1
2683,0.27340478062172757,1.500936671372709,0,Sample 3,Cell type 1
2684,0.7567105252437115,0.8588975551260574,3,Sample 2,Cell type 1
2685,0.11956487173064763,0.6166001676950299,2,Sample 1,Cell type 1
2686,-0.9551400051192444,0.11435447581096542,0,Sample 3,Cell type 1
2687,-0.8737309061744718,0.6678010610599058,1,Sample 4,Cell type 1
2688,-0.45892960550418904,-0.4374871529923137,0,Sample 3,Cell type 1
2689,0.07390143331193944,-1.2516977018686435,3,Sample 2,Cell type 1
2690,0.8583824382128095,1.8910979956954888,1,Sample 4,Cell type 1
2691,-0.016721275171318505,0.0938619066470256,0,Sample 3,Cell type 1
2692,-1.0052055154234052,0.6505641493983818,1,Sample 4,Cell type 1
2693,1.8391184988954004,-0.2902708483517273,0,Sample 3,Cell type 1
2694,-0.21248364822888416,-0.3199025909346972,2,Sample 1,Cell type 1
2695,-1.3849610427559405,1.1959505819625889,1,Sample 4,Cell type 1
2696,-0.281131388570986,1.2507306870656867,1,Sample 4,Cell type 1
2697,-0.10500557367384378,0.06148150636701458,0,Sample 3,Cell type 1
2698,-1.1005072710290895,-0.37891636612095286,3,Sample 2,Cell type 1
2699,1.2404003942512616,-0.7986832325910328,0,Sample 3,Cell type 1
2700,0.2539626090001401,-0.266288323506009,1,Sample 4,Cell type 1
2701,-0.19415899826022542,-1.5120081369463545,2,Sample 1,Cell type 1
2702,-1.8128416753194263,-0.28062256448124334,2,Sample 1,Cell type 1
2703,-0.5352581909279333,0.8319237499168612,0,Sample 3,Cell type 1
2704,-1.1978061161429157,1.024751661333382,2,Sample 1,Cell type 1
2705,-0.3664201464116452,0.38026794034199307,3,Sample 2,Cell type 1
2706,-1.5608814912309,0.11487034920412816,1,Sample 4,Cell type 1
2707,-0.668551204016029,0.8777761532851507,3,Sample 2,Cell type 1
2708,-0.028077173427675534,-0.6831463267680449,3,Sample 2,Cell type 1
2709,-1.0755604088274218,-0.7349215571873586,0,Sample 3,Cell type 1
2710,-0.11492762391769451,-0.13206445200243688,3,Sample 2,Cell type 1
2711,-0.30970451983161174,-0.03632897434579058,1,Sample 4,Cell type 1
2712,-0.4197299256534424,0.39492387811452073,1,Sample 4,Cell type 1
2713,-0.7403397008476699,0.2043070045394537,1,Sample 4,Cell type 1
2714,0.3141072925207744,0.36286841880737475,2,Sample 1,Cell type 1
2715,-0.17877022826068073,0.5712003952736736,0,Sample 3,Cell type 1
2716,-0.5198615083979491,0.06733458414855692,2,Sample 1,Cell type 1
2717,-0.3071770175618813,0.20016016500135558,1,Sample 4,Cell type 1
2718,-0.06473387013015057,-2.5363405887024446,2,Sample 1,Cell type 1
2719,0.06626605641447993,-0.5825375207758524,2,Sample 1,Cell type 1
2720,0.0884282539791521,-0.5010522209464056,2,Sample 1,Cell type 1
2721,0.5859936822238418,0.23097893026001862,1,Sample 4,Cell type 1
2722,-0.48318450077538366,-0.18363892428827766,1,Sample 4,Cell type 1
2723,-0.7190272386585026,-1.064250900591192,1,Sample 4,Cell type 1
2724,-1.4726993850653163,-1.0236615733885612,0,Sample 3,Cell type 1
2725,0.7562494169886922,-0.44205547689508196,3,Sample 2,Cell type 1
2726,-0.0635107395245623,-0.24037275897656296,2,Sample 1,Cell type 1
2727,1.2073048107236406,0.4844849861050504,2,Sample 1,Cell type 1
2728,0.17517113268478007,-0.6734573054945219,2,Sample 1,Cell type 1
2729,0.6356803063561691,0.7788977995422776,2,Sample 1,Cell type 1
2730,0.582103634909584,0.041556708645839546,0,Sample 3,Cell type 1
2731,2.1136095283940963,0.478479324037973,3,Sample 2,Cell type 1
2732,0.3845956638143872,1.197368325956785,2,Sample 1,Cell type 1
2733,-0.48760976172742654,-0.1495770423883568,0,Sample 3,Cell type 1
2734,-1.0159988779151008,0.5350721044369745,2,Sample 1,Cell type 1
2735,-0.383339390276232,-0.1485271813310537,0,Sample 3,Cell type 1
2736,-0.2921927819918772,-1.3369358179952522,2,Sample 1,Cell type 1
2737,-0.5864263964191915,1.4544495380462599,1,Sample 4,Cell type 1
2738,-0.5227703165798457,-0.3092332927182078,2,Sample 1,Cell type 1
2739,-0.8208646753564995,0.30514049402747356,3,Sample 2,Cell type 1
2740,-1.2807231827812124,-0.6627976198241968,1,Sample 4,Cell type 1
2741,-1.0160488709696256,0.229564683441367,1,Sample 4,Cell type 1
2742,-1.370507623272702,1.0830978993323304,0,Sample 3,Cell type 1
2743,0.09071551357335149,0.3671952013394328,2,Sample 1,Cell type 1
2744,-0.8471260696452805,1.185330721970079,1,Sample 4,Cell type 1
2745,0.7682438370251763,0.36998689925348327,1,Sample 4,Cell type 1
2746,-0.5512894381774321,0.3741520830871084,3,Sample 2,Cell type 1
2747,0.5551385865530065,0.5732714718077213,2,Sample 1,Cell type 1
2748,0.1547588599934369,1.0478921355468274,3,Sample 2,Cell type 1
2749,-0.1835125952544222,-0.034781559851089945,1,Sample 4,Cell type 1
2750,-0.4750491264549641,-0.1325051282541058,1,Sample 4,Cell type 1
2751,-0.8067589860378798,-1.6687183021866698,2,Sample 1,Cell type 1
2752,-0.4359352694471598,0.3193088914816567,0,Sample 3,Cell type 1
2753,-0.15662821677486508,-0.8338172704377987,2,Sample 1,Cell type 1
2754,0.24587649336637607,-0.1982019345917674,2,Sample 1,Cell type 1
2755,0.690749824151903,-0.012450471096235184,3,Sample 2,Cell type 1
2756,-1.154883409735812,-0.3863278715684142,2,Sample 1,Cell type 1
2757,0.8547034669552132,0.4832967116708144,1,Sample 4,Cell type 1
2758,-0.36092708672719903,0.44139263992873634,1,Sample 4,Cell type 1
2759,0.04469115187559758,-0.247719771190449,2,Sample 1,Cell type 1
2760,0.1732999803236952,-0.8206021469122219,1,Sample 4,Cell type 1
2761,0.6078297895624618,-0.6716220464141259,3,Sample 2,Cell type 1
2762,0.27434110185707405,0.994775302676771,3,Sample 2,Cell type 1
2763,1.0148665885179755,0.39313020508442165,3,Sample 2,Cell type 1
2764,0.20835381066684477,-0.4310734849541906,1,Sample 4,Cell type 1
2765,-0.3433955362389295,0.4708426158165758,1,Sample 4,Cell type 1
2766,-0.3470987703833513,1.3777240782465558,2,Sample 1,Cell type 1
2767,0.411126279727132,0.14366542555167836,0,Sample 3,Cell type 1
2768,-0.14807811953697497,0.969703363386789,3,Sample 2,Cell type 1
2769,-0.4278053366754585,0.23597716456705725,2,Sample 1,Cell type 1
2770,-0.006378113053293898,1.1839553111120207,0,Sample 3,Cell type 1
2771,0.43021455229478706,0.24511158565873126,2,Sample 1,Cell type 1
2772,0.7239696331953599,-0.18064539926083348,3,Sample 2,Cell type 1
2773,1.0443830457234633,0.01680307330620724,0,Sample 3,Cell type 1
2774,0.6978565093765425,0.1466736045906814,0,Sample 3,Cell type 1
2775,-0.17683397082964047,0.055495842126455544,2,Sample 1,Cell type 1
2776,-1.8973274886871139,1.6336557223423043,2,Sample 1,Cell type 1
2777,1.4950542724350826,0.3357644866858127,2,Sample 1,Cell type 1
2778,0.40219584599265173,-1.9946166562640621,1,Sample 4,Cell type 1
2779,-0.14515925539801341,-0.08506960202505198,1,Sample 4,Cell type 1
2780,-0.3238363035362346,0.9062437577398458,3,Sample 2,Cell type 1
2781,1.001826929565312,0.1290396341301561,2,Sample 1,Cell type 1
2782,-0.7648468413467157,1.8541094309391029,3,Sample 2,Cell type 1
2783,0.19597325688697823,-0.40555454029690385,0,Sample 3,Cell type 1
2784,0.41355721259869677,-0.17721061036169913,2,Sample 1,Cell type 1
2785,0.015679693262102636,-0.6419440318918695,3,Sample 2,Cell type 1
2786,-0.3674887196321953,-0.6798754955718335,0,Sample 3,Cell type 1
2787,-0.07069036736426826,-0.29600882390570216,0,Sample 3,Cell type 1
2788,-1.122084217439755,1.3996613945495515,0,Sample 3,Cell type 1
2789,-1.113566704761385,1.3632816624472943,2,Sample 1,Cell type 1
2790,-0.002882031272454724,-0.9266917513540343,0,Sample 3,Cell type 1
2791,1.1196757161166349,-1.0737021987880921,1,Sample 4,Cell type 1
2792,-1.0297308548674,-1.117694548090393,1,Sample 4,Cell type 1
2793,-0.28323256875281905,-0.4588814183175208,1,Sample 4,Cell type 1
2794,-0.9255531177835771,0.2580037282319238,3,Sample 2,Cell type 1
2795,0.7058664498587274,-0.3616722662664643,1,Sample 4,Cell type 1
2796,-0.25524314853329455,-0.6368206854427912,0,Sample 3,Cell type 1
2797,-0.47281476458674565,0.352047943218516,3,Sample 2,Cell type 1
2798,-0.3299832095103494,-0.5909579986636503,2,Sample 1,Cell type 1
2799,-0.6082909129729045,-0.31488926562640795,3,Sample 2,Cell type 1
2800,0.634540550574942,-0.09764570569702181,1,Sample 4,Cell type 1
2801,0.18021129379803963,0.5541782040934876,1,Sample 4,Cell type 1
2802,0.9867248610821356,-0.00615119657709558,3,Sample 2,Cell type 1
2803,0.0730517828890797,-0.30436472333308096,3,Sample 2,Cell type 1
2804,-0.20507254269799377,-0.43043820679211087,2,Sample 1,Cell type 1
2805,0.13747147183482497,0.44260097598782694,1,Sample 4,Cell type 1
2806,-0.665884458483383,0.3771324451091233,0,Sample 3,Cell type 1
2807,1.438149221479618,0.5126742890136079,0,Sample 3,Cell type 1
2808,0.9434377472510612,0.05401478512808716,0,Sample 3,Cell type 1
2809,0.38108621548497545,0.4043761273333015,1,Sample 4,Cell type 1
2810,-0.1929888462850639,0.28164431721143746,0,Sample 3,Cell type 1
2811,-0.010797779790347137,-0.8461687431647203,0,Sample 3,Cell type 1
2812,-0.2522130671330046,0.21444034207180263,3,Sample 2,Cell type 1
2813,-0.15592662428214482,0.9070160774936517,0,Sample 3,Cell type 1
2814,-0.8540963435060756,-0.1139035880170348,0,Sample 3,Cell type 1
2815,0.5782615159884097,0.08943932656271061,2,Sample 1,Cell type 1
2816,-2.0431369079215638,0.747455928991419,0,Sample 3,Cell type 1
2817,-0.28672286041031086,-0.9799999109280405,3,Sample 2,Cell type 1
2818,-0.4853602358122374,0.16902695382357819,1,Sample 4,Cell type 1
2819,-1.0720999165238287,-0.38854299566003764,3,Sample 2,Cell type 1
2820,-0.5659516358497503,1.7678845325987713,3,Sample 2,Cell type 1
2821,1.004116630699923,-0.3981380187432315,2,Sample 1,Cell type 1
2822,0.6291249695966532,-0.44763702823157514,2,Sample 1,Cell type 1
2823,-0.7371608187431371,-0.4523143762283212,2,Sample 1,Cell type 1
2824,-1.137448533393475,1.2010669215643894,0,Sample 3,Cell type 1
2825,1.3148332072964235,0.312902301546181,2,Sample 1,Cell type 1
2826,-0.5817097406598949,-0.1980149084412038,0,Sample 3,Cell type 1
2827,-0.10361379749075261,0.46388582823610575,1,Sample 4,Cell type 1
2828,-1.2248860020445778,0.4114038048142679,1,Sample 4,Cell type 1
2829,-0.7565968485574249,0.4865969533479748,1,Sample 4,Cell type 1
2830,0.13023729447993002,1.19602424778867,3,Sample 2,Cell type 1
2831,-0.137633087412378,1.1505353609165616,3,Sample 2,Cell type 1
2832,0.5662015483643804,-0.44997342071541413,0,Sample 3,Cell type 1
2833,-0.17110013404371113,0.7762529614306252,2,Sample 1,Cell type 1
2834,0.5135577035549609,-0.21621408349111124,3,Sample 2,Cell type 1
2835,1.8310325287042315,-1.4105893591227883,3,Sample 2,Cell type 1
2836,-0.6206998585331871,0.06317123653446761,2,Sample 1,Cell type 1
2837,0.5665715386052458,0.18657290501080134,0,Sample 3,Cell type 1
2838,0.3971200941871529,1.6600520314788334,2,Sample 1,Cell type 1
2839,-0.0110701968753898,-0.5517822192513391,1,Sample 4,Cell type 1
2840,-0.4753686979053333,-0.4929147664391548,3,Sample 2,Cell type 1
2841,0.2708423010287314,-0.7503404612291191,1,Sample 4,Cell type 1
2842,0.04950668230970817,-0.7420426646493824,2,Sample 1,Cell type 1
2843,1.2323529918213387,1.00427982423078,3,Sample 2,Cell type 1
2844,1.5965339918271715,2.487934844804289,1,Sample 4,Cell type 1
2845,-0.2908897697710847,-0.04555649897685397,0,Sample 3,Cell type 1
2846,0.7986487185183684,-0.34529625017443877,0,Sample 3,Cell type 1
2847,-0.14155778199523952,-0.6386377956307631,0,Sample 3,Cell type 1
2848,-1.133015087472486,-0.5142211063199584,3,Sample 2,Cell type 1
2849,0.6665262133035478,-0.504199436003549,3,Sample 2,Cell type 1
2850,1.1815475408946197,-0.9342236410143481,1,Sample 4,Cell type 1
2851,-1.30713836724743,-0.3398650780205108,3,Sample 2,Cell type 1
2852,-0.657660809462342,-0.9754275732177551,2,Sample 1,Cell type 1
2853,-0.4402441230763361,-0.5372986943504413,0,Sample 3,Cell type 1
2854,-0.9874790975039377,-0.4739714073223154,0,Sample 3,Cell type 1
2855,-1.456608222241613,-0.5646187864762922,2,Sample 1,Cell type 1
2856,-0.27456474147443016,-1.6686339511240034,2,Sample 1,Cell type 1
2857,0.5513315656594685,-0.5469074258291101,2,Sample 1,Cell type 1
2858,-0.031644123085324036,0.5452005578980995,0,Sample 3,Cell type 1
2859,0.02722192885778564,0.08909808147204194,1,Sample 4,Cell type 1
2860,-1.0982875611848513,0.28118392028176137,1,Sample 4,Cell type 1
2861,-1.3806453830324774,-0.5420517218685241,1,Sample 4,Cell type 1
2862,0.7300962580323525,0.33737354640247763,3,Sample 2,Cell type 1
2863,-0.26461991681844216,-0.4081286509201738,2,Sample 1,Cell type 1
2864,0.40812597513214677,1.0180561303428557,2,Sample 1,Cell type 1
2865,-0.8825475049864748,0.6564428023103176,2,Sample 1,Cell type 1
2866,0.9647956132374529,0.621925882211609,1,Sample 4,Cell type 1
2867,0.7346532848018504,-1.2564004828985418,0,Sample 3,Cell type 1
2868,-0.24066076482583895,-1.3018493823578525,3,Sample 2,Cell type 1
2869,0.4039898231843657,0.6926041553360972,0,Sample 3,Cell type 1
2870,0.9190125602976829,-1.3917710230224798,0,Sample 3,Cell type 1
2871,0.22397490105585624,-0.9003912378387012,0,Sample 3,Cell type 1
2872,-0.21898340173340858,-0.011416282359510805,2,Sample 1,Cell type 1
2873,-0.6475046568662033,0.7653625491085267,2,Sample 1,Cell type 1
2874,-0.6424886671626516,-0.5854858467327088,3,Sample 2,Cell type 1
2875,-0.7431411859685844,-0.40330293892133096,3,Sample 2,Cell type 1
2876,-0.609270292028976,-0.2448111634859271,3,Sample 2,Cell type 1
2877,1.3595487864069677,-0.32143602155330697,2,Sample 1,Cell type 1
2878,1.1011971600156303,0.25050571201052424,1,Sample 4,Cell type 1
2879,-0.4360697839964723,1.4534045036600838,3,Sample 2,Cell type 1
2880,-0.07178855542978138,1.1520937723595783,0,Sample 3,Cell type 1
2881,-0.23595974263362224,0.9981936581389871,0,Sample 3,Cell type 1
2882,0.2904034278448615,-1.3768620167683756,3,Sample 2,Cell type 1
2883,-1.0799405102890185,-0.3641591238529273,3,Sample 2,Cell type 1
2884,-0.6674584363932657,0.6112238252582877,1,Sample 4,Cell type 1
2885,0.6045326709954517,-0.177510617033815,2,Sample 1,Cell type 1
2886,0.23181988551713034,1.6603206389163512,0,Sample 3,Cell type 1
2887,-0.8239778198215486,0.036863377306521075,2,Sample 1,Cell type 1
2888,-0.36155949752950217,-0.6314708045757396,1,Sample 4,Cell type 1
2889,-0.6402683249322431,-0.3991898047832895,3,Sample 2,Cell type 1
2890,-0.4866806117434701,0.4740242458542091,2,Sample 1,Cell type 1
2891,0.027417451360177782,-1.3446963673904964,3,Sample 2,Cell type 1
2892,0.6724960212036425,0.4373868545611035,0,Sample 3,Cell type 1
2893,0.11300571206997059,-1.7044531838457606,1,Sample 4,Cell type 1
2894,-0.47388476452164285,0.09883815676446588,1,Sample 4,Cell type 1
2895,-0.7013576684954343,0.5283679618812402,3,Sample 2,Cell type 1
2896,0.33794797832115187,-0.37295088955697836,3,Sample 2,Cell type 1
2897,-1.6604704072628267,-0.06885575423271445,1,Sample 4,Cell type 1
2898,0.16190669647895617,-1.2455608693651825,3,Sample 2,Cell type 1
2899,-0.43699555860198624,0.3134432043220372,0,Sample 3,Cell type 1
2900,0.765036001673077,1.8597386446822544,2,Sample 1,Cell type 1
2901,-0.015934717039784965,-0.19830409526293044,3,Sample 2,Cell type 1
2902,1.8429110016838313,-1.1835553785117792,1,Sample 4,Cell type 1
2903,0.936158967357283,0.10743719779823431,1,Sample 4,Cell type 1
2904,0.6550221150038885,1.2303455347300423,1,Sample 4,Cell type 1
2905,-0.8096835002081341,-1.3238853374926156,0,Sample 3,Cell type 1
2906,-2.0833710853017076,0.15915851743719564,1,Sample 4,Cell type 1
2907,-0.36005237718339494,0.498279945877999,0,Sample 3,Cell type 1
2908,-1.183129255019303,0.1466879358233245,0,Sample 3,Cell type 1
2909,-0.1732185580289389,-0.7513932325456055,3,Sample 2,Cell type 1
2910,-0.7931138795650458,-1.7227120908829718,0,Sample 3,Cell type 1
2911,1.8253214692310742,-0.49411334154695735,1,Sample 4,Cell type 1
2912,0.1994468765133831,0.8360707792678028,1,Sample 4,Cell type 1
2913,0.432726814848792,0.7009353337529863,2,Sample 1,Cell type 1
2914,-0.4231821664512122,-0.8452461142082023,1,Sample 4,Cell type 1
2915,-0.36259872721841074,1.1619740275765964,1,Sample 4,Cell type 1
2916,-0.02776941576419465,-0.9349424300956257,0,Sample 3,Cell type 1
2917,0.657648127995592,1.517434386123158,0,Sample 3,Cell type 1
2918,1.6194476986294821,-1.0905392036742485,1,Sample 4,Cell type 1
2919,-1.0341002777218102,-0.42573485050175164,1,Sample 4,Cell type 1
2920,1.0539152525074607,0.15807968375391973,0,Sample 3,Cell type 1
2921,0.3156639883873755,-0.34060448372127244,2,Sample 1,Cell type 1
2922,0.5725873929366724,1.9154895204659608,2,Sample 1,Cell type 1
2923,0.32688584616141414,-0.2462467769111073,1,Sample 4,Cell type 1
2924,0.7822524397489603,-1.6845175534722596,1,Sample 4,Cell type 1
2925,0.4863172077732314,0.1492872985250865,0,Sample 3,Cell type 1
2926,1.3309862657147788,0.24419450122508235,2,Sample 1,Cell type 1
2927,-0.004448234918456453,0.9428101518387383,2,Sample 1,Cell type 1
2928,0.12412427429228504,-0.31862642683403886,3,Sample 2,Cell type 1
2929,1.879260629360606,-0.5728347490206723,2,Sample 1,Cell type 1
2930,-0.5918169311783739,-1.067688485528186,2,Sample 1,Cell type 1
2931,-0.9294270751298911,-0.22651111739501373,1,Sample 4,Cell type 1
2932,0.42384334233222626,1.1532548965263203,0,Sample 3,Cell type 1
2933,1.7064266997250135,-1.5616702396180016,0,Sample 3,Cell type 1
2934,1.0816314927794608,1.6795260164020076,3,Sample 2,Cell type 1
2935,-0.48454399994863845,-0.025633896544389495,3,Sample 2,Cell type 1
2936,1.212355846681798,0.30538733517000743,2,Sample 1,Cell type 1
2937,-0.9500787352236103,0.24785656818162202,0,Sample 3,Cell type 1
2938,0.49532340880415826,1.645996375769359,0,Sample 3,Cell type 1
2939,0.2584634184928233,-0.2018828017010301,0,Sample 3,Cell type 1
2940,0.5484717970387332,-0.11331886880810152,2,Sample 1,Cell type 1
2941,-0.3051915318592742,-1.0563947547240253,3,Sample 2,Cell type 1
2942,0.1794717254224661,0.7232140438090515,1,Sample 4,Cell type 1
2943,-0.23805080268799356,1.1005654506492957,0,Sample 3,Cell type 1
2944,0.7310172971084685,-1.2365838293525866,1,Sample 4,Cell type 1
2945,1.0221319166307399,-0.47325711106866397,0,Sample 3,Cell type 1
2946,-1.3104232459488134,-1.4291003722837494,1,Sample 4,Cell type 1
2947,0.06290815225287248,-1.5985605476256861,0,Sample 3,Cell type 1
2948,-1.553486927503525,-0.003043306936639507,3,Sample 2,Cell type 1
2949,1.2635503133558876,-0.4894077116036679,3,Sample 2,Cell type 1
2950,-0.8321589687643786,0.5590525362243811,3,Sample 2,Cell type 1
2951,-0.06447979943740871,-0.666444845600607,1,Sample 4,Cell type 1
2952,-1.6991165794478456,-0.42060401734460884,0,Sample 3,Cell type 1
2953,-0.35652024242399566,1.6430549520692765,2,Sample 1,Cell type 1
2954,-0.2070368501336819,1.2789177364037736,0,Sample 3,Cell type 1
2955,0.5163007596681181,1.094905246025879,0,Sample 3,Cell type 1
2956,-0.9821439715648458,-0.4730224074957645,2,Sample 1,Cell type 1
2957,-0.0342587050492599,0.04641818784671618,1,Sample 4,Cell type 1
2958,0.3170935651738808,0.13579821437652936,3,Sample 2,Cell type 1
2959,0.36901766745426495,-0.7394858669043005,3,Sample 2,Cell type 1
2960,1.4968595858464913,-0.680707271231119,3,Sample 2,Cell type 1
2961,0.549652636687133,1.1732326874228824,1,Sample 4,Cell type 1
2962,0.7252353256879711,0.05780163859033265,3,Sample 2,Cell type 1
2963,-1.1034553824116218,-0.5847440319535353,0,Sample 3,Cell type 1
2964,-0.571252094385743,0.9427354540509761,3,Sample 2,Cell type 1
2965,-1.8903459484334708,-0.80778456376795,0,Sample 3,Cell type 1
2966,0.23310318785275674,0.02574806962947176,3,Sample 2,Cell type 1
2967,-0.1336944642534835,0.11737094914665827,0,Sample 3,Cell type 1
2968,-0.4471374778172707,0.30176950005161673,0,Sample 3,Cell type 1
2969,0.8847203394858472,-0.4511579904465946,1,Sample 4,Cell type 1
2970,0.004194959774546533,0.03758447501179365,0,Sample 3,Cell type 1
2971,1.4507261588123386,-0.2743030892460513,2,Sample 1,Cell type 1
2972,0.40444628257200615,0.3489885638408441,3,Sample 2,Cell type 1
2973,0.3882879260425521,-0.6792838807921788,3,Sample 2,Cell type 1
2974,-1.7226743358969956,0.8777221694029566,1,Sample 4,Cell type 1
2975,0.18134739879567774,-0.4492461970645003,2,Sample 1,Cell type 1
2976,0.37970678845343375,0.5660734575796956,3,Sample 2,Cell type 1
2977,-0.15269777564254383,-0.15855654110377593,2,Sample 1,Cell type 1
2978,1.1800898914478846,-0.15474210286496448,3,Sample 2,Cell type 1
2979,-1.0019147555304952,0.2909055060999743,1,Sample 4,Cell type 1
2980,-1.003328789596483,-0.44401336123528756,3,Sample 2,Cell type 1
2981,1.505619597180027,1.0763360369239823,0,Sample 3,Cell type 1
2982,0.2689159704209831,-0.18198100796272623,1,Sample 4,Cell type 1
2983,1.08224042791738,-0.3732592569622213,3,Sample 2,Cell type 1
2984,-0.4775158277855771,-1.3395755683625963,2,Sample 1,Cell type 1
2985,-1.8562524785843388,0.6261038610532146,2,Sample 1,Cell type 1
2986,-0.38211646608320415,-1.004108297578716,1,Sample 4,Cell type 1
2987,-1.7740728634870166,-0.9345422622801602,3,Sample 2,Cell type 1
2988,0.39314356217615987,0.4558082857589176,1,Sample 4,Cell type 1
2989,-0.5836819758459276,0.28913385381848233,1,Sample 4,Cell type 1
2990,-0.9513859720617033,0.843188616946301,2,Sample 1,Cell type 1
2991,-0.17988244463588154,-0.743033665161967,2,Sample 1,Cell type 1
2992,-0.02658399251556864,-0.16649348581803178,0,Sample 3,Cell type 1
2993,1.2159616047314394,-1.7086398789878445,3,Sample 2,Cell type 1
2994,0.8082196694688126,-0.03548916440924931,2,Sample 1,Cell type 1
2995,0.6881461107161253,0.6482080355002671,3,Sample 2,Cell type 1
2996,2.162422051524067,-0.18452933331176652,2,Sample 1,Cell type 1
2997,1.1742803559978479,-0.024210446077588606,3,Sample 2,Cell type 1
2998,0.2666958810087025,-1.994248399516283,3,Sample 2,Cell type 1
2999,0.712306530815829,0.46016401288525305,1,Sample 4,Cell type 1
3000,1.0020325848233846,-0.6232155372159885,2,Sample 1,Cell type 1
3001,0.18849164648685277,0.6166921551095735,0,Sample 3,Cell type 1
3002,0.8831018746530062,0.3801341971963053,1,Sample 4,Cell type 1
3003,0.508263356172965,-0.09413384175428269,3,Sample 2,Cell type 1
3004,-0.677147441167183,0.7405377676021774,2,Sample 1,Cell type 1
3005,0.1278851135979203,-0.8221401127407666,0,Sample 3,Cell type 1
3006,0.47252386455384743,0.8869628644663262,0,Sample 3,Cell type 1
3007,0.658226224667202,-0.770120809535181,2,Sample 1,Cell type 1
3008,-1.1102948403646415,0.6110882813067381,2,Sample 1,Cell type 1
3009,-0.6429396543757847,1.311293444355254,0,Sample 3,Cell type 1
3010,0.24837820334460115,-0.9018110340433177,3,Sample 2,Cell type 1
3011,0.31229295551630054,-0.12312418157975008,2,Sample 1,Cell type 1
3012,0.4693550411802198,-0.3799229252980196,0,Sample 3,Cell type 1
3013,0.9268764632059233,-0.6565458546813684,0,Sample 3,Cell type 1
3014,0.9008402006177345,-0.04111497887078899,0,Sample 3,Cell type 1
3015,-0.889264199610841,-0.028660462965170348,1,Sample 4,Cell type 1
3016,0.3607701078211815,0.8053840569816519,2,Sample 1,Cell type 1
3017,-0.8528257373021445,-0.041233766886121244,3,Sample 2,Cell type 1
3018,-0.760947496310365,-0.2734574561969085,2,Sample 1,Cell type 1
3019,-0.6774807729002917,0.9996951242373333,1,Sample 4,Cell type 1
3020,1.4460868062154106,0.4049261243685699,2,Sample 1,Cell type 1
3021,-0.6708686387577849,-0.7093447378267659,1,Sample 4,Cell type 1
3022,-0.015212966322151064,-0.8020234917102471,0,Sample 3,Cell type 1
3023,-1.5290535133300034,0.07438339722352773,2,Sample 1,Cell type 1
3024,-0.44291944427774566,-0.9583023140710788,0,Sample 3,Cell type 1
3025,0.26558426445521166,0.15239974382325314,0,Sample 3,Cell type 1
3026,0.7459478967637339,-0.3320802311706957,2,Sample 1,Cell type 1
3027,0.16233841668103977,-1.2125952919977856,0,Sample 3,Cell type 1
3028,-1.254390612448214,-1.1939698160047942,3,Sample 2,Cell type 1
3029,0.0015814758046486207,1.2262986845090496,3,Sample 2,Cell type 1
3030,-0.37907147765673294,-0.011561816702623283,0,Sample 3,Cell type 1
3031,-0.46542562671364324,-0.9391039715271781,1,Sample 4,Cell type 1
3032,0.0756220540707747,1.4448712942695692,3,Sample 2,Cell type 1
3033,-0.2423081950391945,1.0768798356114062,3,Sample 2,Cell type 1
3034,-1.7694895290636055,1.2267469610370605,1,Sample 4,Cell type 1
3035,-0.8052340522237129,0.9119028489032364,0,Sample 3,Cell type 1
3036,-0.36363817499475537,-0.1749226219480288,1,Sample 4,Cell type 1
3037,0.05700299992871399,-1.0348061001632767,1,Sample 4,Cell type 1
3038,-0.22310671532060522,0.6761263769474573,1,Sample 4,Cell type 1
3039,0.28911648440673116,1.2304292531727754,0,Sample 3,Cell type 1
3040,-1.220420136739791,-0.5535264559049956,0,Sample 3,Cell type 1
3041,-0.2059012299386761,-1.3348672591020716,0,Sample 3,Cell type 1
3042,-0.4846886566071147,1.3755023249658374,1,Sample 4,Cell type 1
3043,0.19450772411079129,-0.3761626710282491,2,Sample 1,Cell type 1
3044,-0.5098461976230358,0.36670936284118744,1,Sample 4,Cell type 1
3045,0.9745557694034048,0.8458946443025801,1,Sample 4,Cell type 1
3046,-0.023373124683188196,0.6200920972712689,2,Sample 1,Cell type 1
3047,-0.7006739251960882,-0.6446397239073638,2,Sample 1,Cell type 1
3048,-0.14971541200363903,0.7885839965438904,0,Sample 3,Cell type 1
3049,-0.573457856482244,-1.4932292936584481,0,Sample 3,Cell type 1
3050,1.349713308058052,0.7053118055595604,0,Sample 3,Cell type 1
3051,0.7711032934359278,1.768418401273081,0,Sample 3,Cell type 1
3052,-0.5262676430817097,0.6836201816532926,1,Sample 4,Cell type 1
3053,0.01505523979247874,-0.9373234778540495,1,Sample 4,Cell type 1
3054,0.006304147755782522,-0.2604888417188029,1,Sample 4,Cell type 1
3055,-0.7330567352587358,-0.669536563037024,1,Sample 4,Cell type 1
3056,-0.03620344157146918,-0.9864810440118842,2,Sample 1,Cell type 1
3057,-0.7636944815600482,0.41457516035632924,3,Sample 2,Cell type 1
3058,0.03617816719998605,0.04095832150486828,1,Sample 4,Cell type 1
3059,-1.4351139982943124,-1.0843580024898314,1,Sample 4,Cell type 1
3060,-1.2137389573373434,0.6004633340174125,1,Sample 4,Cell type 1
3061,-0.26359144017438885,1.339887738331252,2,Sample 1,Cell type 1
3062,-0.08012326118396224,-0.1629390001415727,0,Sample 3,Cell type 1
3063,0.2595668834820137,-1.4430902340498921,2,Sample 1,Cell type 1
3064,-0.8762164150742437,-2.5413630505568006,2,Sample 1,Cell type 1
3065,-0.15056195101825692,-0.0828694827246245,2,Sample 1,Cell type 1
3066,0.984699610523788,1.3480114229668076,1,Sample 4,Cell type 1
3067,0.2567980509488185,0.8017889333623404,3,Sample 2,Cell type 1
3068,1.006095245087488,0.32484489794246474,2,Sample 1,Cell type 1
3069,-1.6258830114387077,-1.0572446292088409,3,Sample 2,Cell type 1
3070,-0.5401426199795053,-0.11561493657241427,1,Sample 4,Cell type 1
3071,-1.2850054307215666,0.31596637625864576,3,Sample 2,Cell type 1
3072,-0.7591332166598699,1.3978905583324466,1,Sample 4,Cell type 1
3073,-1.064564105064741,-1.7423741857557502,2,Sample 1,Cell type 1
3074,-0.6369094425491963,-0.7600507979729018,2,Sample 1,Cell type 1
3075,-0.3554346080608893,0.3018403944358818,0,Sample 3,Cell type 1
3076,-0.37603371820760123,0.2127025837216388,1,Sample 4,Cell type 1
3077,-0.48658120595580745,0.29049250219561873,1,Sample 4,Cell type 1
3078,-0.5007328141476817,-0.7826039504483819,3,Sample 2,Cell type 1
3079,-1.083003739767807,0.5875813960009743,3,Sample 2,Cell type 1
3080,0.6084048956673141,-1.394358024389332,2,Sample 1,Cell type 1
3081,-0.4714657851418895,-0.36691090888086764,2,Sample 1,Cell type 1
3082,-0.2504464244185235,-0.0005668756613167338,1,Sample 4,Cell type 1
3083,0.09416593476876649,-1.3374090186625338,3,Sample 2,Cell type 1
3084,2.168635439232426,-0.050996228403172944,3,Sample 2,Cell type 1
3085,-1.3252985661422192,-0.4195585090101215,1,Sample 4,Cell type 1
3086,-0.599486151538222,-0.17722927806699054,2,Sample 1,Cell type 1
3087,-2.280024087453746,0.4356659206349025,3,Sample 2,Cell type 1
3088,-1.182817592293942,-0.5758753667157669,0,Sample 3,Cell type 1
3089,0.6383802036655243,-0.44408738234267986,3,Sample 2,Cell type 1
3090,-0.8102648962675391,0.2513978660762191,0,Sample 3,Cell type 1
3091,0.5450898612602443,-0.9229538250718868,2,Sample 1,Cell type 1
3092,-0.17361364033949633,-0.24678623076465578,1,Sample 4,Cell type 1
3093,0.47046134013426544,0.7698761354132557,3,Sample 2,Cell type 1
3094,0.3406749269038633,0.3345646047103777,1,Sample 4,Cell type 1
3095,-0.11151776053058733,0.5917225213797371,1,Sample 4,Cell type 1
3096,0.8523010178076822,-0.20643641248892922,3,Sample 2,Cell type 1
3097,-0.6260788779348713,0.565625887688628,2,Sample 1,Cell type 1
3098,1.0336482674612182,-0.5993373812825935,2,Sample 1,Cell type 1
3099,0.5300288267188904,-0.6582847212147459,3,Sample 2,Cell type 1
3100,-0.5881608278105973,1.3249666016458366,2,Sample 1,Cell type 1
3101,-0.5538806193870354,-0.527231419910916,2,Sample 1,Cell type 1
3102,-0.9648178971264951,-0.7087765871182216,3,Sample 2,Cell type 1
3103,-0.0018951329062464454,-0.4348855168744421,3,Sample 2,Cell type 1
3104,-1.2860478914951794,-0.6101798228529715,1,Sample 4,Cell type 1
3105,0.7323122204481294,-0.43963221967642796,1,Sample 4,Cell type 1
3106,-2.1700900510483505,-0.11956455453199102,3,Sample 2,Cell type 1
3107,0.3050476898118277,0.24932228480382268,2,Sample 1,Cell type 1
3108,0.4913333600347402,0.6060061680378441,0,Sample 3,Cell type 1
3109,-0.19895290094683768,1.2858764608159943,0,Sample 3,Cell type 1
3110,-0.4592660616698157,-0.22490038791046907,2,Sample 1,Cell type 1
3111,1.7258465706124029,-0.48457193840267077,0,Sample 3,Cell type 1
3112,0.5036236673774487,-0.643452607727994,1,Sample 4,Cell type 1
3113,-0.7519742633200532,0.38132083264044603,2,Sample 1,Cell type 1
3114,0.11172133937271728,0.05201970495102409,3,Sample 2,Cell type 1
3115,0.43662937082588443,-1.737257123808358,2,Sample 1,Cell type 1
3116,0.6226888609333102,-0.44094857306282675,0,Sample 3,Cell type 1
3117,-0.7710071409684888,-0.7657207319160344,1,Sample 4,Cell type 1
3118,1.0603456872760628,-1.1254520075980305,1,Sample 4,Cell type 1
3119,0.31393277374301365,-0.407170900565999,1,Sample 4,Cell type 1
3120,-0.3998979443286814,0.4344258234317219,3,Sample 2,Cell type 1
3121,0.18836463608889148,-2.9506922331427554,3,Sample 2,Cell type 1
3122,-0.37169383783871446,0.16092772469827143,0,Sample 3,Cell type 1
3123,0.8865462533900133,-0.8319247417004247,0,Sample 3,Cell type 1
3124,-0.5876732614384393,-0.6482019496115048,0,Sample 3,Cell type 1
3125,-1.7416520371542838,0.1427813311083118,1,Sample 4,Cell type 1
3126,1.1484567945308988,-1.4627247046735705,3,Sample 2,Cell type 1
3127,-0.30032595718716953,-0.039063868746962535,3,Sample 2,Cell type 1
3128,-0.3653580920185971,0.27119481104753573,3,Sample 2,Cell type 1
3129,-0.533478973561251,0.15833333387366041,2,Sample 1,Cell type 1
3130,0.16186303713824163,1.3054855192712873,1,Sample 4,Cell type 1
3131,0.17334649517142897,-0.2426800539817074,2,Sample 1,Cell type 1
3132,-0.2678202656852327,-0.3229187705935974,0,Sample 3,Cell type 1
3133,0.368637794892774,-1.2178674546253954,3,Sample 2,Cell type 1
3134,0.1318086729892134,0.040710161484814454,1,Sample 4,Cell type 1
3135,0.5636052318597785,0.6312453499004151,1,Sample 4,Cell type 1
3136,1.732044854245282,0.9524388754748769,1,Sample 4,Cell type 1
3137,1.0413930315190385,1.2492089573814822,0,Sample 3,Cell type 1
3138,-1.1881489301599457,-1.639579588535745,3,Sample 2,Cell type 1
3139,0.034811734914772866,0.44651161161480507,1,Sample 4,Cell type 1
3140,0.9099048781031313,0.31957549808174807,3,Sample 2,Cell type 1
3141,-0.7744366068081963,-0.24824616430792293,1,Sample 4,Cell type 1
3142,0.25980659162683345,0.46445414962849185,3,Sample 2,Cell type 1
3143,0.26998565978111927,-0.21064624550233293,3,Sample 2,Cell type 1
3144,0.28622988827862667,0.44862762109458754,0,Sample 3,Cell type 1
3145,-0.04632619990152698,-0.5880934405796704,2,Sample 1,Cell type 1
3146,-0.3728292014945938,-1.2757624538134364,0,Sample 3,Cell type 1
3147,-0.15655882491752116,0.8480717919269325,2,Sample 1,Cell type 1
3148,-0.0667503758322887,-1.1597161757588241,1,Sample 4,Cell type 1
3149,-0.7088321975827018,-0.26606350387989997,3,Sample 2,Cell type 1
3150,-0.9859449913312002,0.7619695764289356,2,Sample 1,Cell type 1
3151,-0.4798576186558795,-1.2470295960190734,2,Sample 1,Cell type 1
3152,-0.31814375489168323,-0.9472244465780476,1,Sample 4,Cell type 1
3153,-0.14652037684263575,-0.285338507343897,1,Sample 4,Cell type 1
3154,-0.5538002634127172,-1.5751385139328666,1,Sample 4,Cell type 1
3155,-1.2659423792189122,0.653469609144785,2,Sample 1,Cell type 1
3156,-0.7886430469342613,-0.22732407834303775,1,Sample 4,Cell type 1
3157,-0.40495124886826894,-0.14361165989798413,3,Sample 2,Cell type 1
3158,-0.23974131840542967,-0.04016369363339583,1,Sample 4,Cell type 1
3159,1.6513761078819287,0.12647590069344794,3,Sample 2,Cell type 1
3160,0.3857991621445258,-0.9901299378618383,1,Sample 4,Cell type 1
3161,1.2131152442028583,0.4816946563139868,1,Sample 4,Cell type 1
3162,-1.3020339503065301,0.0384679573291056,0,Sample 3,Cell type 1
3163,-0.31030062548997567,1.0448577630973033,3,Sample 2,Cell type 1
3164,0.06064364655498107,-0.5417293692096894,0,Sample 3,Cell type 1
3165,-1.7223308126060126,-0.024629201930732158,3,Sample 2,Cell type 1
3166,-0.34941138979057396,-1.2852616805909436,1,Sample 4,Cell type 1
3167,0.39315640871552165,-0.18326482473736777,3,Sample 2,Cell type 1
3168,0.5687679745627933,0.3554106491888318,0,Sample 3,Cell type 1
3169,0.5753349330843498,1.4558174298500781,3,Sample 2,Cell type 1
3170,1.0806818645592045,-0.5229433125099352,2,Sample 1,Cell type 1
3171,-0.0792754401930152,-0.4822565246271693,1,Sample 4,Cell type 1
3172,-0.520525297068956,-0.2613180505508892,3,Sample 2,Cell type 1
3173,0.45240771650523537,-1.4086102073246543,0,Sample 3,Cell type 1
3174,1.1491436156470936,-0.5631330603324356,3,Sample 2,Cell type 1
3175,1.9881519333431132,0.2118202487823837,1,Sample 4,Cell type 1
3176,-0.8567139984488898,0.38597793219454823,0,Sample 3,Cell type 1
3177,0.7891012047247496,-0.5695785818071383,2,Sample 1,Cell type 1
3178,0.705126023138857,0.5769082900364654,1,Sample 4,Cell type 1
3179,-1.1166313617539882,0.4730793934067203,1,Sample 4,Cell type 1
3180,0.3318924002895284,0.370630824094485,1,Sample 4,Cell type 1
3181,0.771324707337583,-0.2443557619533456,3,Sample 2,Cell type 1
3182,0.570169623089065,-1.506520166446867,1,Sample 4,Cell type 1
3183,-0.021124605567141626,0.22412892705568543,0,Sample 3,Cell type 1
3184,-1.6696216148816552,-0.46769418452575967,1,Sample 4,Cell type 1
3185,-0.5433845225543641,-2.331404791853553,2,Sample 1,Cell type 1
3186,1.9227324681906202,-0.04609503762686831,0,Sample 3,Cell type 1
3187,-0.835869051122457,1.4271380761614152,3,Sample 2,Cell type 1
3188,0.895750222842705,0.226442529806923,3,Sample 2,Cell type 1
3189,0.8288701208370048,-1.1383799402093384,1,Sample 4,Cell type 1
3190,-0.6467948823145502,-0.40140563486762926,0,Sample 3,Cell type 1
3191,-0.8850679792048226,-0.9569652992645367,0,Sample 3,Cell type 1
3192,-1.6622494558849574,-0.2562382436293135,1,Sample 4,Cell type 1
3193,0.742472488792865,-1.4163849102208625,3,Sample 2,Cell type 1
3194,-1.1810100352014234,1.4444595461494523,3,Sample 2,Cell type 1
3195,-0.2581438710737086,-0.20066641316403788,0,Sample 3,Cell type 1
3196,-0.7760994083037149,-0.31804621239337716,1,Sample 4,Cell type 1
3197,-0.8012960079159325,-0.22488023430876392,0,Sample 3,Cell type 1
3198,0.1523391119400462,0.35937497702802745,1,Sample 4,Cell type 1
3199,-0.9434952973060938,0.13780350912883,1,Sample 4,Cell type 1
3200,-0.00921207046131608,0.8245278465932476,3,Sample 2,Cell type 1
3201,-0.18039473866770886,0.236409353272271,3,Sample 2,Cell type 1
3202,-0.834062155736461,-0.937787002749312,1,Sample 4,Cell type 1
3203,0.01473470335164136,1.3411498498202263,0,Sample 3,Cell type 1
3204,0.24706641007917104,1.3617719557081904,0,Sample 3,Cell type 1
3205,-0.9583731433738093,0.7096638211570296,2,Sample 1,Cell type 1
3206,-1.2583914056582888,-0.8420377534960883,3,Sample 2,Cell type 1
3207,1.747277386704365,0.45640576668361277,1,Sample 4,Cell type 1
3208,-0.292257241049687,0.14774424469192673,0,Sample 3,Cell type 1
3209,-2.1980038741801877,-0.39978414092130454,1,Sample 4,Cell type 1
3210,0.2768938630381782,0.3936114244535189,3,Sample 2,Cell type 1
3211,0.7854123895932754,-0.25986510680689795,0,Sample 3,Cell type 1
3212,-0.01328827386072719,-0.08465500599815831,2,Sample 1,Cell type 1
3213,-0.08274497943222714,-0.991242162021314,1,Sample 4,Cell type 1
3214,0.42736628989973974,-0.5813935239056155,3,Sample 2,Cell type 1
3215,0.945254173135317,1.8749232422500999,2,Sample 1,Cell type 1
3216,-0.015535684710186088,-0.24254382626742035,0,Sample 3,Cell type 1
3217,0.18897891701138644,-0.7513244558165454,3,Sample 2,Cell type 1
3218,1.1698036832277832,-0.23236313298223124,3,Sample 2,Cell type 1
3219,1.010965342123735,-0.6770527819725887,1,Sample 4,Cell type 1
3220,0.7353831476601629,-0.5345152684311952,0,Sample 3,Cell type 1
3221,0.7805707021354001,0.0006044059636764385,2,Sample 1,Cell type 1
3222,-0.18504075434375955,-0.4611356610678751,2,Sample 1,Cell type 1
3223,0.009490143344627364,-0.7846304067308474,3,Sample 2,Cell type 1
3224,0.4299296022563046,0.5138409880089408,3,Sample 2,Cell type 1
3225,0.13492373757338214,0.35355251965552725,0,Sample 3,Cell type 1
3226,-0.18217569186860227,0.5723944774155882,2,Sample 1,Cell type 1
3227,-0.46564906727440997,0.3192353125172209,3,Sample 2,Cell type 1
3228,-1.2657785333971823,0.040182159332544355,2,Sample 1,Cell type 1
3229,1.1480699193777884,-0.27784183116627437,2,Sample 1,Cell type 1
3230,-0.455866342591007,0.2636069884584073,1,Sample 4,Cell type 1
3231,0.3055483617852427,0.3440333177528557,0,Sample 3,Cell type 1
3232,0.6076119099888864,-0.23340690580682974,2,Sample 1,Cell type 1
3233,2.2921696184687703,-0.721594119554558,3,Sample 2,Cell type 1
3234,0.13867333149632657,0.1951625583268002,1,Sample 4,Cell type 1
3235,-0.18383970446015507,-0.6811251474082509,1,Sample 4,Cell type 1
3236,0.07766203947843231,0.7749159924263114,0,Sample 3,Cell type 1
3237,0.9766570390504383,-0.7014190249694758,1,Sample 4,Cell type 1
3238,-0.945499300336641,0.35957913026584554,1,Sample 4,Cell type 1
3239,-0.49901516855664413,1.531225083093429,0,Sample 3,Cell type 1
3240,-0.6136539643202404,-0.4830706379945493,2,Sample 1,Cell type 1
3241,-0.55741745474366,0.4656212536677815,1,Sample 4,Cell type 1
3242,1.5182136133967816,-0.7583141738151891,1,Sample 4,Cell type 1
3243,-0.2681952654944214,-1.072851770641255,2,Sample 1,Cell type 1
3244,-0.42050474718830755,0.025925610672108974,2,Sample 1,Cell type 1
3245,0.26902231139805005,-0.5896234889221578,3,Sample 2,Cell type 1
3246,1.1768277526536832,-0.5595961761341146,2,Sample 1,Cell type 1
3247,-0.2351735581313458,-0.05727940148645347,1,Sample 4,Cell type 1
3248,-0.13630861231055677,-0.6502588722692519,2,Sample 1,Cell type 1
3249,0.06816755970712085,-2.392908776720579,1,Sample 4,Cell type 1
3250,-0.16051143906034548,0.29400832843248176,2,Sample 1,Cell type 1
3251,0.5542846046542492,0.587710036367464,1,Sample 4,Cell type 1
3252,0.6883787906877963,-0.4664619508551508,0,Sample 3,Cell type 1
3253,0.16762738421023549,-0.8733001377272821,2,Sample 1,Cell type 1
3254,0.5625140337760032,0.42656585431945004,2,Sample 1,Cell type 1
3255,1.0885268766709209,-1.0470563192952898,1,Sample 4,Cell type 1
3256,-0.7149968152669715,-0.31037197512596176,2,Sample 1,Cell type 1
3257,-0.007430849254252598,0.24558485814899023,2,Sample 1,Cell type 1
3258,0.6319357777446819,0.7756552206023255,2,Sample 1,Cell type 1
3259,0.4168979427034707,0.5161724687600456,0,Sample 3,Cell type 1
3260,0.3579151496551805,-0.40098728623217017,2,Sample 1,Cell type 1
3261,0.11634177392460752,-0.5629683194651467,3,Sample 2,Cell type 1
3262,0.309058654249248,-0.16357697678889724,1,Sample 4,Cell type 1
3263,-0.09675851888622526,0.3356259551256222,0,Sample 3,Cell type 1
3264,0.3936150783942394,-0.4208278741340643,1,Sample 4,Cell type 1
3265,-0.5238158204991594,-0.4084867994380636,3,Sample 2,Cell type 1
3266,-0.42877075609123844,0.6464462386249161,0,Sample 3,Cell type 1
3267,-0.39449825791981763,1.1549056027750513,1,Sample 4,Cell type 1
3268,-1.9482498654263107,0.5473305668871636,2,Sample 1,Cell type 1
3269,-0.14631715288387212,1.099901135318548,0,Sample 3,Cell type 1
3270,-0.08397416605089916,0.4902325932666318,2,Sample 1,Cell type 1
3271,0.1918861966794373,0.38904799468017726,2,Sample 1,Cell type 1
3272,-0.41182613993179357,0.1948241633490757,2,Sample 1,Cell type 1
3273,0.28200397468550364,-0.45628109313094445,1,Sample 4,Cell type 1
3274,-0.9044922679500211,0.49816897912021485,1,Sample 4,Cell type 1
3275,0.6145657733053899,0.17231720436503037,1,Sample 4,Cell type 1
3276,-0.03646881308439825,0.19467155945815348,0,Sample 3,Cell type 1
3277,-0.4196536110136408,1.0817621430937157,1,Sample 4,Cell type 1
3278,-0.0788705058274094,0.01507969835587813,0,Sample 3,Cell type 1
3279,-1.125834754793922,-1.0384831229497262,3,Sample 2,Cell type 1
3280,0.06760411655429006,0.6383956396897891,2,Sample 1,Cell type 1
3281,0.27068595354876773,-0.7940624053830584,2,Sample 1,Cell type 1
3282,0.36280697004357393,-0.7858352274037437,1,Sample 4,Cell type 1
3283,-0.888460676372663,1.4018163547388982,0,Sample 3,Cell type 1
3284,-1.7519373639828428,0.9556737764109846,1,Sample 4,Cell type 1
3285,-1.017238816713827,-0.9224674653918259,3,Sample 2,Cell type 1
3286,1.5183098341269645,-0.09105003073100645,3,Sample 2,Cell type 1
3287,-0.6302270015265912,-0.49667807860089286,0,Sample 3,Cell type 1
3288,-2.108598191213502,0.0027004052777287995,1,Sample 4,Cell type 1
3289,-0.022011924040509005,1.4178012773357953,0,Sample 3,Cell type 1
3290,0.699191800805506,0.06275139686693608,3,Sample 2,Cell type 1
3291,-0.06069716054801866,-1.3477340617811095,2,Sample 1,Cell type 1
3292,-0.5967537011804811,-0.5292331540122336,2,Sample 1,Cell type 1
3293,-0.98890863682437,1.0034706886058717,2,Sample 1,Cell type 1
3294,-0.7701860522276899,-0.16528902375683732,1,Sample 4,Cell type 1
3295,0.31296746178991514,0.4654254165026901,3,Sample 2,Cell type 1
3296,-0.21971499949303797,-0.3657748314553568,3,Sample 2,Cell type 1
3297,-0.33077212889862084,0.20822440526630892,1,Sample 4,Cell type 1
3298,0.0025181815250613065,0.9839922947509465,2,Sample 1,Cell type 1
3299,-0.49811948938756156,0.1556859641897942,0,Sample 3,Cell type 1
3300,1.1027757019692037,0.09265966978155687,2,Sample 1,Cell type 1
3301,-0.8401492298893356,-0.7778385957878678,3,Sample 2,Cell type 1
3302,-0.08347423438951354,0.31464564000425893,2,Sample 1,Cell type 1
3303,-1.1852646172410946,-1.071575819966205,3,Sample 2,Cell type 1
3304,-0.04887800640469451,-0.599039836816043,3,Sample 2,Cell type 1
3305,0.7008374340238355,1.1781365406007855,1,Sample 4,Cell type 1
3306,-0.19706822494387854,-1.8411773741359896,3,Sample 2,Cell type 1
3307,0.3492478433261343,0.7231478728689562,0,Sample 3,Cell type 1
3308,0.2581748482704716,-0.6617847548418584,0,Sample 3,Cell type 1
3309,0.515299014280087,0.0655910510597755,2,Sample 1,Cell type 1
3310,0.06286162377531984,-1.7029872755318498,1,Sample 4,Cell type 1
3311,-0.026890051762970407,0.36379272971290755,1,Sample 4,Cell type 1
3312,-0.13473576962310493,0.48291659116859087,3,Sample 2,Cell type 1
3313,0.14393149563713345,0.6702644281835846,2,Sample 1,Cell type 1
3314,0.08494633555217303,-0.5102469542879488,3,Sample 2,Cell type 1
3315,0.5838183496273563,-0.7448013693059532,3,Sample 2,Cell type 1
3316,0.6524008179554102,-0.03847080586461807,1,Sample 4,Cell type 1
3317,0.44232418287958525,-0.7492736049949138,3,Sample 2,Cell type 1
3318,-2.4156097246566604,0.14707963580295588,1,Sample 4,Cell type 1
3319,0.05402256375033907,-1.1397985489707654,0,Sample 3,Cell type 1
3320,0.4576459533713153,-0.0497528135994488,1,Sample 4,Cell type 1
3321,1.2937700599748991,0.08348475001857035,1,Sample 4,Cell type 1
3322,0.6131107812579195,-0.33111595381988557,3,Sample 2,Cell type 1
3323,1.833529013454949,1.4939696033290808,3,Sample 2,Cell type 1
3324,-1.1487276190948221,-1.0526526531420057,1,Sample 4,Cell type 1
3325,-0.1963104928022964,-0.6029889314859918,0,Sample 3,Cell type 1
3326,-0.053742632039484206,-0.5726079912886014,1,Sample 4,Cell type 1
3327,-0.5485399340721042,0.6562386996071718,3,Sample 2,Cell type 1
3328,0.6152253243538204,-0.421911249311696,3,Sample 2,Cell type 1
3329,-0.541537600244767,0.48934103107269433,0,Sample 3,Cell type 1
3330,0.40222754151615536,1.437088658341571,1,Sample 4,Cell type 1
3331,0.11190978627130191,0.7968945719289032,1,Sample 4,Cell type 1
3332,0.06961318431390924,-0.8289148575801575,2,Sample 1,Cell type 1
3333,-0.23905607122336334,-0.2865955023260064,3,Sample 2,Cell type 1
3334,0.14115324422178016,-0.29362227126665785,0,Sample 3,Cell type 1
3335,-1.5738600513807957,-0.016995823420993702,2,Sample 1,Cell type 1
3336,0.0008879557498345172,-1.2355470785985956,2,Sample 1,Cell type 1
3337,1.2227747411300254,0.40626860503169904,0,Sample 3,Cell type 1
3338,-0.22004135772131522,-1.841536931788468,0,Sample 3,Cell type 1
3339,0.16708283402746538,0.04657018166804518,3,Sample 2,Cell type 1
3340,0.41223545729957395,-0.6674254480276999,1,Sample 4,Cell type 1
3341,0.7203188707160509,0.36098025545480655,1,Sample 4,Cell type 1
3342,0.14814042946393124,0.34035589134733785,1,Sample 4,Cell type 1
3343,-0.22317034426544682,-0.22380813479666753,1,Sample 4,Cell type 1
3344,1.5466877981714857,0.20540063892943006,3,Sample 2,Cell type 1
3345,0.6970378379657953,-1.0767837441973989,0,Sample 3,Cell type 1
3346,0.04324133027680075,0.10043886932091864,3,Sample 2,Cell type 1
3347,0.6861276985616156,-0.1279508239707417,0,Sample 3,Cell type 1
3348,-1.435353493239549,0.8665161701285875,3,Sample 2,Cell type 1
3349,1.9106975942963509,0.9474053161569383,2,Sample 1,Cell type 1
3350,-1.211064400995883,0.5047004828769245,3,Sample 2,Cell type 1
3351,0.6744842658585921,0.9302708620279887,2,Sample 1,Cell type 1
3352,0.7737424979511597,0.39518190576451584,3,Sample 2,Cell type 1
3353,-0.12833550558027818,2.000720398347425,2,Sample 1,Cell type 1
3354,0.5401096451255366,-1.3728265986485513,3,Sample 2,Cell type 1
3355,0.7827376896224281,0.4177140367471487,1,Sample 4,Cell type 1
3356,1.87026219631064,-0.6886054413614557,3,Sample 2,Cell type 1
3357,0.32925257533142555,-0.7531225352016199,3,Sample 2,Cell type 1
3358,-0.18873322344969914,-0.32550819560349975,2,Sample 1,Cell type 1
3359,-0.6486860089682707,-1.006062287131693,1,Sample 4,Cell type 1
3360,0.738806892837895,-0.840498657462241,2,Sample 1,Cell type 1
3361,-0.4249714356860788,0.3871013209504318,1,Sample 4,Cell type 1
3362,-1.4957933597563366,-0.31081662014640743,1,Sample 4,Cell type 1
3363,-0.6241593032939702,1.0644599232312322,1,Sample 4,Cell type 1
3364,0.42668739576435954,0.6715748036147238,1,Sample 4,Cell type 1
3365,0.07072550903347789,1.1820240648442095,0,Sample 3,Cell type 1
3366,-0.44542301827469305,0.026111069352697136,3,Sample 2,Cell type 1
3367,-0.015898908294649256,-0.0858118126487534,2,Sample 1,Cell type 1
3368,0.6563857449578913,0.4058192248858382,0,Sample 3,Cell type 1
3369,0.19798443811208374,-0.00773153705067775,3,Sample 2,Cell type 1
3370,-0.39008497925799485,-0.34604655025569675,0,Sample 3,Cell type 1
3371,-0.329141285692802,0.9231205874045978,1,Sample 4,Cell type 1
3372,-1.1066726215772884,0.7213829577122192,3,Sample 2,Cell type 1
3373,-0.27613176435983716,0.3914036280610621,2,Sample 1,Cell type 1
3374,-0.9617196208608711,-0.3165445694050111,1,Sample 4,Cell type 1
3375,-1.3977773335722046,0.07569683573548641,2,Sample 1,Cell type 1
3376,0.20580273688920137,-0.2755817670019622,3,Sample 2,Cell type 1
3377,-1.182089925535556,0.2060806859185035,3,Sample 2,Cell type 1
3378,1.1418442914313731,-0.33554780212684054,2,Sample 1,Cell type 1
3379,0.9791590025168038,-0.1580963742367725,2,Sample 1,Cell type 1
3380,0.47028471051018805,0.495791027762295,2,Sample 1,Cell type 1
3381,-0.2215114846150429,-0.5373766314064619,3,Sample 2,Cell type 1
3382,0.8778401500349671,-1.2525184252844772,2,Sample 1,Cell type 1
3383,2.3483249651107747,-0.8223390120085912,3,Sample 2,Cell type 1
3384,0.6787447057642277,-1.7975114671876842,1,Sample 4,Cell type 1
3385,0.77112554726069,-0.016079001415721317,2,Sample 1,Cell type 1
3386,-0.4861170762987781,-0.1098487726311037,2,Sample 1,Cell type 1
3387,0.49021912405005574,-0.842732450538925,0,Sample 3,Cell type 1
3388,-1.2668707118300642,0.33039912971023805,2,Sample 1,Cell type 1
3389,-0.8290473978990163,-0.16276891286424391,2,Sample 1,Cell type 1
3390,-0.12157390585283111,0.848115054937016,2,Sample 1,Cell type 1
3391,0.6800634659340427,0.33414460179152056,2,Sample 1,Cell type 1
3392,0.5767975623245086,-0.4361489957810576,2,Sample 1,Cell type 1
3393,0.5239804673773518,0.6486389164733679,1,Sample 4,Cell type 1
3394,1.5869069219488157,0.009504347614233553,3,Sample 2,Cell type 1
3395,-0.6266026338689897,-0.25764921296454046,0,Sample 3,Cell type 1
3396,1.5932426417637873,-0.6656490438798853,1,Sample 4,Cell type 1
3397,-0.29049332892445323,-1.605965488596008,2,Sample 1,Cell type 1
3398,-0.14867660175419783,0.24799918653244407,1,Sample 4,Cell type 1
3399,0.5268354181382644,1.6081636310130798,0,Sample 3,Cell type 1
3400,0.5674820115642538,0.015566604415106496,2,Sample 1,Cell type 1
3401,0.11666917617230713,0.4682395492130705,2,Sample 1,Cell type 1
3402,0.9768269564202824,0.46567816277489266,0,Sample 3,Cell type 1
3403,0.9272592519647183,-0.2690037909448576,1,Sample 4,Cell type 1
3404,-0.04121834281971685,0.40247229489899744,2,Sample 1,Cell type 1
3405,-0.6620721765189758,0.0689151064370998,0,Sample 3,Cell type 1
3406,-0.23235318560891952,0.3553161368698059,3,Sample 2,Cell type 1
3407,-0.09217938604175807,-0.30795431072806495,2,Sample 1,Cell type 1
3408,-1.5578739793126515,0.7827662445332402,3,Sample 2,Cell type 1
3409,-0.6830584700035017,-0.5145466736216243,3,Sample 2,Cell type 1
3410,0.6785393701333345,-0.9860186518148073,1,Sample 4,Cell type 1
3411,0.4791970733474113,0.6826791818721173,3,Sample 2,Cell type 1
3412,-0.25627784655545616,0.33933275712153316,0,Sample 3,Cell type 1
3413,1.5936293087674471,1.4671172368195005,3,Sample 2,Cell type 1
3414,0.07814087883906538,-0.6184078270843733,0,Sample 3,Cell type 1
3415,0.6956847360845282,1.0845102870439607,0,Sample 3,Cell type 1
3416,-0.7977826299510209,-0.847229697609678,3,Sample 2,Cell type 1
3417,1.4039464573177933,0.014721304626750503,1,Sample 4,Cell type 1
3418,0.5109841776233477,-0.9144039301843869,0,Sample 3,Cell type 1
3419,-0.47311578387043796,1.2441588273178736,3,Sample 2,Cell type 1
3420,1.1226959761001527,0.5583226180312221,1,Sample 4,Cell type 1
3421,0.6173589685186758,-2.2788340965040605,0,Sample 3,Cell type 1
3422,-1.2204573664488672,-0.9233307078236331,3,Sample 2,Cell type 1
3423,-0.8918577498819314,0.9575287590090819,2,Sample 1,Cell type 1
3424,0.759643308353059,-1.187918374759923,0,Sample 3,Cell type 1
3425,-1.1346925863464254,-1.4086470495846208,0,Sample 3,Cell type 1
3426,-0.4033438648061372,-0.06521813848131672,1,Sample 4,Cell type 1
3427,0.0734019875586983,0.20179231714134194,1,Sample 4,Cell type 1
3428,-0.7162770578904194,-0.3264806713281765,1,Sample 4,Cell type 1
3429,0.25708577236021846,0.33753660338822783,0,Sample 3,Cell type 1
3430,-1.4249267315725067,-1.7843744152995673,2,Sample 1,Cell type 1
3431,0.8297451245192402,-0.728389362825217,3,Sample 2,Cell type 1
3432,0.24640792177387275,-1.0422758108197963,2,Sample 1,Cell type 1
3433,1.1590560866701725,-0.25206554232713874,3,Sample 2,Cell type 1
3434,0.37149589083725937,-0.4404415453667902,1,Sample 4,Cell type 1
3435,1.2688134529162818,-0.9902523990614793,0,Sample 3,Cell type 1
3436,1.043472194302522,-1.3299935904285396,0,Sample 3,Cell type 1
3437,-1.58039021697371,0.6008795636058482,1,Sample 4,Cell type 1
3438,-0.6717774737446209,-0.47951411635521773,0,Sample 3,Cell type 1
3439,0.08228686234586727,0.11947352884790437,2,Sample 1,Cell type 1
3440,-0.7162834989273601,0.8502829544265732,3,Sample 2,Cell type 1
3441,-0.24642742734859302,0.6237284258154719,0,Sample 3,Cell type 1
3442,-0.06371311299657212,0.36189743699978716,0,Sample 3,Cell type 1
3443,1.4119310444406172,2.2337670943279693,3,Sample 2,Cell type 1
3444,0.047187377271677905,0.3574980006421584,1,Sample 4,Cell type 1
3445,0.5800766294783978,0.4129426296919667,0,Sample 3,Cell type 1
3446,0.34781605164551294,0.3803445460212988,1,Sample 4,Cell type 1
3447,0.748844934348813,0.6215493623452133,3,Sample 2,Cell type 1
3448,-0.2681102249371614,0.2738702675916972,1,Sample 4,Cell type 1
3449,-0.6182601716300575,-0.1894548853920071,0,Sample 3,Cell type 1
3450,-0.8969949920755135,0.7435279878326524,2,Sample 1,Cell type 1
3451,-0.691106368471813,1.0235719453262009,1,Sample 4,Cell type 1
3452,-0.12844768760143793,-0.44422888208082906,3,Sample 2,Cell type 1
3453,-0.6128966644885367,-0.9024500438461551,2,Sample 1,Cell type 1
3454,0.0876572640622865,-0.3331507465984205,3,Sample 2,Cell type 1
3455,0.26148432048834985,-1.1114389841687922,2,Sample 1,Cell type 1
3456,0.39927665291019954,-1.353816665314663,2,Sample 1,Cell type 1
3457,-1.056702684301854,0.6171214359230133,2,Sample 1,Cell type 1
3458,-0.3722483654240427,-0.08475868344330853,0,Sample 3,Cell type 1
3459,-0.271297823416031,0.2960488922151643,1,Sample 4,Cell type 1
3460,0.8014598829455498,-0.39805667070816575,1,Sample 4,Cell type 1
3461,-0.44664140315682443,-0.880123386377356,1,Sample 4,Cell type 1
3462,-0.8685981686252395,0.02383693209713955,3,Sample 2,Cell type 1
3463,-1.0243434819970265,1.403835345587492,0,Sample 3,Cell type 1
3464,0.030590395968022672,-1.1588731317068353,1,Sample 4,Cell type 1
3465,-0.3661065994700922,0.14855086433499115,2,Sample 1,Cell type 1
3466,1.2644325492546988,-0.812075353462295,1,Sample 4,Cell type 1
3467,2.3592755402469803,0.9957436645894294,1,Sample 4,Cell type 1
3468,-0.08898084907896026,-0.7231261131718318,0,Sample 3,Cell type 1
3469,-1.1121775401227703,0.1262091514350156,1,Sample 4,Cell type 1
3470,0.09813625279583643,1.2997427667756485,0,Sample 3,Cell type 1
3471,-0.44973442126264174,-0.16737749899562224,0,Sample 3,Cell type 1
3472,0.39296613232959704,-0.286423503797589,1,Sample 4,Cell type 1
3473,0.4698099307713414,-0.16450228291459812,2,Sample 1,Cell type 1
3474,-0.7113926625826594,0.7642404465902023,1,Sample 4,Cell type 1
3475,-0.566041828235285,-0.4310322436613687,3,Sample 2,Cell type 1
3476,0.25561973662636434,1.322893814793828,1,Sample 4,Cell type 1
3477,-0.38227188056303296,-0.03568522574640113,3,Sample 2,Cell type 1
3478,-0.12471854234933402,-0.4386298371924808,1,Sample 4,Cell type 1
3479,0.7308677009865996,-0.642543160544276,0,Sample 3,Cell type 1
3480,1.7616111397276928,-0.28487363889524414,3,Sample 2,Cell type 1
3481,0.5468554585603821,-1.0927645689604275,1,Sample 4,Cell type 1
3482,-0.27030222037904544,0.0017852977299216005,3,Sample 2,Cell type 1
3483,-0.56103165663324,-0.7006518597170347,3,Sample 2,Cell type 1
3484,-1.4984046647444966,1.6355852457599553,3,Sample 2,Cell type 1
3485,-0.15835018318774552,1.6543250705308417,1,Sample 4,Cell type 1
3486,-1.2567051657007298,1.0844583485682786,2,Sample 1,Cell type 1
3487,0.11967836601503044,0.07826173976633814,2,Sample 1,Cell type 1
3488,-1.523739754772371,1.15552975604407,2,Sample 1,Cell type 1
3489,0.6634590180662899,-0.5053212196109151,3,Sample 2,Cell type 1
3490,0.556321979640239,-0.9128068078021907,1,Sample 4,Cell type 1
3491,-0.45694319182623744,0.4580662250849269,0,Sample 3,Cell type 1
3492,-0.8364235885392426,-0.021008634615881712,2,Sample 1,Cell type 1
3493,-0.015408303787515712,-0.21031266336661414,1,Sample 4,Cell type 1
3494,0.1930575479334248,-0.9208112668956057,1,Sample 4,Cell type 1
3495,-0.10310190295100286,-0.4072750442492556,3,Sample 2,Cell type 1
3496,-0.2650467065466582,-0.4897893876062003,1,Sample 4,Cell type 1
3497,-0.09850914828181409,0.4820642143826727,2,Sample 1,Cell type 1
3498,-1.4772584382435339,-0.34292362153322664,2,Sample 1,Cell type 1
3499,-0.6606662185904382,1.4771167364793985,3,Sample 2,Cell type 1
3500,-0.4864049143498589,-0.8115837813659312,2,Sample 1,Cell type 1
3501,-0.47875006446483753,-0.7732703127882522,2,Sample 1,Cell type 1
3502,0.6347909764417704,-1.3988255785905448,0,Sample 3,Cell type 1
3503,1.0524066327520831,0.16839703913720291,2,Sample 1,Cell type 1
3504,-0.3610422914749317,-0.8143291923817273,3,Sample 2,Cell type 1
3505,-0.2182756370721046,0.7761400660542873,3,Sample 2,Cell type 1
3506,-1.5274848700058343,1.0546418598821354,1,Sample 4,Cell type 1
3507,0.17055730259015134,-0.6015754653910553,0,Sample 3,Cell type 1
3508,-0.820694484775581,0.049865079695298374,2,Sample 1,Cell type 1
3509,-0.2612286820276569,-0.936739915045963,3,Sample 2,Cell type 1
3510,0.5627521065111154,1.7239429419065138,2,Sample 1,Cell type 1
3511,-0.19114567933575546,-0.2934595294517501,0,Sample 3,Cell type 1
3512,-0.0047637673701835075,0.6272022234485984,2,Sample 1,Cell type 1
3513,0.12851995228249322,0.5298103857276958,3,Sample 2,Cell type 1
3514,-0.4100272885172401,-0.6412220720836332,2,Sample 1,Cell type 1
3515,2.2593763411161625,-0.28336511080703064,3,Sample 2,Cell type 1
3516,-0.02121700739924805,-0.7054997209821743,0,Sample 3,Cell type 1
3517,-0.5747553770019488,-0.1707577213694778,0,Sample 3,Cell type 1
3518,-0.7942928008684365,-1.1561642115297805,2,Sample 1,Cell type 1
3519,0.07340862122840185,-1.5900551316807143,0,Sample 3,Cell type 1
3520,-0.8255730270777436,-0.35220736350912035,2,Sample 1,Cell type 1
3521,0.538288988773456,0.47345130699310245,1,Sample 4,Cell type 1
3522,-1.2743949868253355,0.35237979036831923,0,Sample 3,Cell type 1
3523,-0.21148466656277354,-0.6193630546823204,3,Sample 2,Cell type 1
3524,0.49510903841852294,1.3106877858167527,2,Sample 1,Cell type 1
3525,-0.2501417357226208,-0.6367911280070033,3,Sample 2,Cell type 1
3526,-0.9432318329278421,0.9501435107692511,0,Sample 3,Cell type 1
3527,0.4247154513727595,0.6865112567472128,2,Sample 1,Cell type 1
3528,-0.523626856798648,-1.6396116129506604,3,Sample 2,Cell type 1
3529,-0.30750990127433697,-0.1646135949417376,3,Sample 2,Cell type 1
3530,-0.5691697552669639,-0.3075655031816733,2,Sample 1,Cell type 1
3531,-0.6770877759095784,-0.4679261227342159,2,Sample 1,Cell type 1
3532,-0.5661007158576209,-0.5697390913408349,1,Sample 4,Cell type 1
3533,0.7161545760221859,0.5081374413455756,0,Sample 3,Cell type 1
3534,-1.456868855435597,-0.4781341466038857,2,Sample 1,Cell type 1
3535,0.9374481146190758,1.1984781067902275,3,Sample 2,Cell type 1
3536,0.5978348840986095,0.4882962123467719,0,Sample 3,Cell type 1
3537,-0.1304535711550111,-0.5959221158451593,0,Sample 3,Cell type 1
3538,-0.30040003206045673,0.5595713975165617,3,Sample 2,Cell type 1
3539,-0.13470793797828204,-0.2608099966534793,2,Sample 1,Cell type 1
3540,-0.6603977574340093,-0.2571086733223948,0,Sample 3,Cell type 1
3541,0.8736854271859409,-0.4383242433655481,2,Sample 1,Cell type 1
3542,-1.4722131078364549,1.0625328431658663,3,Sample 2,Cell type 1
3543,0.4415714074654621,-0.27527842260986635,3,Sample 2,Cell type 1
3544,0.5884975977965974,1.425439127016848,1,Sample 4,Cell type 1
3545,-1.5197362246871051,-0.10261078438706467,3,Sample 2,Cell type 1
3546,-0.4386150359400617,0.6666671294242458,1,Sample 4,Cell type 1
3547,-0.6708004931071618,-0.5939894222156797,3,Sample 2,Cell type 1
3548,0.06595341330787396,-0.2954550161265511,3,Sample 2,Cell type 1
3549,0.16800664641807125,0.49213118742286427,3,Sample 2,Cell type 1
3550,-0.3755795087479617,0.43404803486877175,0,Sample 3,Cell type 1
3551,0.34468993521202995,-1.0205461279965853,2,Sample 1,Cell type 1
3552,-0.6287888261079859,-1.10483568252302,1,Sample 4,Cell type 1
3553,0.23618606003248252,-0.19058694004449403,2,Sample 1,Cell type 1
3554,-0.9937972268393834,-0.9004696912255753,2,Sample 1,Cell type 1
3555,0.6950180004726169,-0.9490691416878836,2,Sample 1,Cell type 1
3556,-1.0523530456398766,1.0475552811221183,3,Sample 2,Cell type 1
3557,-0.480510951935044,-0.23335499983462143,0,Sample 3,Cell type 1
3558,-0.24068779771266102,-0.9675815483350443,1,Sample 4,Cell type 1
3559,0.9572572013315931,-0.12682365842157603,0,Sample 3,Cell type 1
3560,0.9340078583891569,-0.57917178437423,2,Sample 1,Cell type 1
3561,0.4676192414699478,-0.21451131139341062,3,Sample 2,Cell type 1
3562,-1.105273374770865,-1.438571791527286,2,Sample 1,Cell type 1
3563,-1.454383380309724,0.6077698363873347,1,Sample 4,Cell type 1
3564,-0.013254727858016062,0.5466596092128735,3,Sample 2,Cell type 1
3565,0.35581904626527583,-0.6605229462417137,1,Sample 4,Cell type 1
3566,-0.9359334685682305,-2.2978097706253195,0,Sample 3,Cell type 1
3567,-0.05848584160715081,-0.632616735268283,3,Sample 2,Cell type 1
3568,0.5434986263652027,-0.919035228126925,1,Sample 4,Cell type 1
3569,0.4047724427646922,-0.5826177619252905,1,Sample 4,Cell type 1
3570,-0.6094082965461166,-0.23975684533145142,3,Sample 2,Cell type 1
3571,-0.6761231667409272,0.44271118645954144,2,Sample 1,Cell type 1
3572,-0.5004501612076235,0.3166428267499273,0,Sample 3,Cell type 1
3573,-0.7070859489609065,0.12298008475642233,0,Sample 3,Cell type 1
3574,-0.1402356239232103,0.31945408137530473,2,Sample 1,Cell type 1
3575,0.3603965790224278,-0.20940663217687563,2,Sample 1,Cell type 1
3576,-0.26409607517316025,-0.16933358554494152,1,Sample 4,Cell type 1
3577,-0.18155397291033948,0.32000000449085314,3,Sample 2,Cell type 1
3578,-1.1830216990770286,1.3378127232780221,2,Sample 1,Cell type 1
3579,-0.012247879338396446,0.4634331996808707,0,Sample 3,Cell type 1
3580,-0.3707341542499698,-0.3725838028562055,0,Sample 3,Cell type 1
3581,-0.6440761448244071,0.15078060881448233,2,Sample 1,Cell type 1
3582,-0.41347750653906284,0.495226357270826,3,Sample 2,Cell type 1
3583,0.7625093071305962,0.22969933216145938,0,Sample 3,Cell type 1
3584,0.8974862849843768,1.8560325776138076,1,Sample 4,Cell type 1
3585,1.0399898978097073,0.7682441344693345,3,Sample 2,Cell type 1
3586,1.3599658996611046,0.8572345217879086,1,Sample 4,Cell type 1
3587,0.5070215047456789,0.3310392779611986,0,Sample 3,Cell type 1
3588,-0.029264031901476636,-1.3902436926771997,3,Sample 2,Cell type 1
3589,2.0215459406988976,-0.42469501833625656,0,Sample 3,Cell type 1
3590,-0.6258831380015949,0.6825322451305534,3,Sample 2,Cell type 1
3591,-0.212448410014833,1.0960814828882968,3,Sample 2,Cell type 1
3592,0.8602747215655182,0.16853477216248866,2,Sample 1,Cell type 1
3593,-0.9662075140346819,0.6472902325851031,3,Sample 2,Cell type 1
3594,-0.3569467465718238,-1.511632584756425,0,Sample 3,Cell type 1
3595,-0.3993111611762925,0.9577344217982828,3,Sample 2,Cell type 1
3596,0.7600126629357166,0.19440377764351977,1,Sample 4,Cell type 1
3597,-0.5294291718147104,0.6819466678369792,0,Sample 3,Cell type 1
3598,-0.5169818478750424,1.4202487140876097,0,Sample 3,Cell type 1
3599,0.8173081710620865,1.1490944273950032,3,Sample 2,Cell type 1
3600,0.6128642227077523,0.9815465791074461,0,Sample 3,Cell type 1
3601,0.7700020735626388,0.9324759161153026,3,Sample 2,Cell type 1
3602,0.7861465142159529,-1.1200565785464074,2,Sample 1,Cell type 1
3603,1.3805550342518167,0.09747557130596318,3,Sample 2,Cell type 1
3604,0.03488195709796298,1.3560408323446025,0,Sample 3,Cell type 1
3605,-0.10203929630202738,1.208923944197878,1,Sample 4,Cell type 1
3606,-0.9447779869315085,-0.9213448872274749,3,Sample 2,Cell type 1
3607,1.3887710425321995,0.15832862677011825,0,Sample 3,Cell type 1
3608,-0.9891826292738792,1.0195521822791227,3,Sample 2,Cell type 1
3609,-0.1952226817369075,0.23577540232184124,3,Sample 2,Cell type 1
3610,0.3016803151217492,-0.023410250947982686,0,Sample 3,Cell type 1
3611,-0.07637139767125843,-1.4209970667731615,1,Sample 4,Cell type 1
3612,0.2729726739936266,1.2002196872007904,3,Sample 2,Cell type 1
3613,2.11030540180816,0.24149870457680944,3,Sample 2,Cell type 1
3614,-0.018841720699390496,-0.1394834063222687,1,Sample 4,Cell type 1
3615,-0.7355393873870426,1.2399475240140316,0,Sample 3,Cell type 1
3616,1.2898226063909164,1.0519315628672379,0,Sample 3,Cell type 1
3617,-1.2405307448529062,0.05485037984482186,0,Sample 3,Cell type 1
3618,0.2615418990113301,-0.1752804230470914,0,Sample 3,Cell type 1
3619,0.8050342473715525,-0.461513495618519,0,Sample 3,Cell type 1
3620,-1.1551404376590055,0.3558828300459904,3,Sample 2,Cell type 1
3621,1.2433283365718193,0.683180781241779,1,Sample 4,Cell type 1
3622,-0.27741726141336975,-0.46863417875895214,3,Sample 2,Cell type 1
3623,0.3538534945315882,-0.6005836856044791,3,Sample 2,Cell type 1
3624,0.2736848317203346,1.5338073187408985,3,Sample 2,Cell type 1
3625,-0.6682776426078059,1.7161193022187107,0,Sample 3,Cell type 1
3626,-0.5220226345733162,-0.4889417216154617,3,Sample 2,Cell type 1
3627,-1.6974839192068758,-0.486257589675546,0,Sample 3,Cell type 1
3628,0.8939190527219687,1.1587993839143411,1,Sample 4,Cell type 1
3629,0.9515763911397125,-0.982086252109594,0,Sample 3,Cell type 1
3630,0.9493876961418648,1.1490683245647828,1,Sample 4,Cell type 1
3631,0.3831838605971135,0.26692968422955865,0,Sample 3,Cell type 1
3632,0.7883197691600397,-1.268676512308678,3,Sample 2,Cell type 1
3633,0.020963802219228528,-0.24285146021273205,2,Sample 1,Cell type 1
3634,-1.199212768366721,-0.0734758114679641,1,Sample 4,Cell type 1
3635,-0.5041142641138775,0.4592335447072241,3,Sample 2,Cell type 1
3636,0.5503463776411425,-0.4903866170165516,2,Sample 1,Cell type 1
3637,-0.13827653985128874,-0.3486115975764954,3,Sample 2,Cell type 1
3638,-0.9735173682721338,1.090701210830672,2,Sample 1,Cell type 1
3639,-0.603171671093341,-0.22454006149341926,0,Sample 3,Cell type 1
3640,0.5327394016435691,0.33726928849156457,1,Sample 4,Cell type 1
3641,-0.7071990853971526,0.10599771479651643,3,Sample 2,Cell type 1
3642,-1.9095438961565383,-0.39670253760811947,2,Sample 1,Cell type 1
3643,0.3430532002644584,0.5544844858105152,0,Sample 3,Cell type 1
3644,0.4551864633482203,1.3027172985028306,0,Sample 3,Cell type 1
3645,1.851726853338807,-1.4938121540733986,0,Sample 3,Cell type 1
3646,-0.9417811339609683,0.37483212923685527,3,Sample 2,Cell type 1
3647,0.7831116468454233,-1.0973945034108046,1,Sample 4,Cell type 1
3648,-0.5133334561043059,1.3322815340988248,2,Sample 1,Cell type 1
3649,-0.41460211108896194,1.06022087234963,2,Sample 1,Cell type 1
3650,0.42920787485632284,-0.7187743854328299,0,Sample 3,Cell type 1
3651,-0.343441779613808,-0.5539367838990849,0,Sample 3,Cell type 1
3652,0.27078707476935293,-0.23632112811122355,0,Sample 3,Cell type 1
3653,0.5832509160018916,0.28093237410166727,2,Sample 1,Cell type 1
3654,0.10815227278990872,-0.26098696355308765,3,Sample 2,Cell type 1
3655,0.32038510920506297,0.10485214897267899,1,Sample 4,Cell type 1
3656,0.08638713658018307,2.085487330519816,3,Sample 2,Cell type 1
3657,1.2844958660520946,-1.6645924203127827,3,Sample 2,Cell type 1
3658,0.1470676130580035,2.1544269311843975,1,Sample 4,Cell type 1
3659,0.23375418266109854,-0.14986321472509975,1,Sample 4,Cell type 1
3660,-0.6073061292429585,0.12031502918096611,0,Sample 3,Cell type 1
3661,0.5847671811009729,-0.520527861894707,2,Sample 1,Cell type 1
3662,0.09138211892963172,0.12024140916950209,0,Sample 3,Cell type 1
3663,-1.0912847950546867,-0.4255022002314629,3,Sample 2,Cell type 1
3664,1.3911197310380632,0.7830864406254364,1,Sample 4,Cell type 1
3665,0.7162843446100797,-0.5052621833322651,1,Sample 4,Cell type 1
3666,0.9968681539981032,-1.6587121859265197,0,Sample 3,Cell type 1
3667,-0.32784099503482644,0.6266869684192251,2,Sample 1,Cell type 1
3668,0.1063757393175008,-0.5600966519513386,0,Sample 3,Cell type 1
3669,0.23689622165166085,0.2088442177439115,0,Sample 3,Cell type 1
3670,-0.34307834048485875,0.3326694690288484,2,Sample 1,Cell type 1
3671,-0.11046586772918542,0.472908894339146,2,Sample 1,Cell type 1
3672,0.4977657152347216,-0.9110664942246154,1,Sample 4,Cell type 1
3673,0.010262914834948096,0.38386162829346643,2,Sample 1,Cell type 1
3674,-0.5995327895655786,0.2702128792436811,3,Sample 2,Cell type 1
3675,0.7806533754757673,0.7347635551539311,1,Sample 4,Cell type 1
3676,0.06847576315562036,-0.22269837408631524,3,Sample 2,Cell type 1
3677,2.5216453876096683,-0.8987952265916784,1,Sample 4,Cell type 1
3678,-0.7725318428185665,1.3033330919207562,1,Sample 4,Cell type 1
3679,0.28779118010143073,-0.39890711663076117,2,Sample 1,Cell type 1
3680,0.6735869563617016,-0.2953657603579569,1,Sample 4,Cell type 1
3681,-1.1776296584214332,-1.099067859918928,2,Sample 1,Cell type 1
3682,1.3097693157622827,-1.1450838776435417,3,Sample 2,Cell type 1
3683,-0.31193896524755627,0.1264427919361055,1,Sample 4,Cell type 1
3684,0.48817293567137804,0.12557836877474737,1,Sample 4,Cell type 1
3685,1.2470313475975152,-1.2243691277947015,2,Sample 1,Cell type 1
3686,-1.0243644568019734,0.15158385697686452,1,Sample 4,Cell type 1
3687,-0.00563598838444376,-0.1724876628544179,1,Sample 4,Cell type 1
3688,-0.7735809145033704,-0.03816908491358389,0,Sample 3,Cell type 1
3689,0.7263698509016392,0.09878384733167538,2,Sample 1,Cell type 1
3690,0.4182683904283997,-0.4589600031508632,0,Sample 3,Cell type 1
3691,-0.4181784164152316,0.8392073806695115,0,Sample 3,Cell type 1
3692,-0.004085305621780018,0.31901101153985145,3,Sample 2,Cell type 1
3693,-0.9404756844998814,-0.7160558738212838,1,Sample 4,Cell type 1
3694,0.012146354032346499,-0.7798452607382735,2,Sample 1,Cell type 1
3695,1.4474450797864882,-0.1744367163138991,1,Sample 4,Cell type 1
3696,-0.3643736449997924,0.19596567453760316,3,Sample 2,Cell type 1
3697,-0.12640631886319154,-0.34150485595793606,0,Sample 3,Cell type 1
3698,-1.548343967771045,-0.4393271534110212,3,Sample 2,Cell type 1
3699,0.7742355752027409,0.3191937260013565,3,Sample 2,Cell type 1
3700,0.3658243236921929,1.1646578577174134,1,Sample 4,Cell type 1
3701,1.659266135799979,-0.7355076732691388,0,Sample 3,Cell type 1
3702,-0.5939090963445878,-0.09279765785722685,3,Sample 2,Cell type 1
3703,-0.8126574551827176,0.04934387987837732,0,Sample 3,Cell type 1
3704,0.5431450320474227,-0.10959639155396661,1,Sample 4,Cell type 1
3705,1.023614935808127,-1.7734550714832515,1,Sample 4,Cell type 1
3706,0.41857854858962656,-0.9762565519551807,2,Sample 1,Cell type 1
3707,-0.7787030704216278,0.8057066691785277,1,Sample 4,Cell type 1
3708,-0.73301928045098,1.0843542408843967,1,Sample 4,Cell type 1
3709,-0.14949731532908725,-0.35178484661933995,0,Sample 3,Cell type 1
3710,-1.3627059514841238,-0.044438159117295026,0,Sample 3,Cell type 1
3711,-1.5776712213150546,0.23042269464439136,3,Sample 2,Cell type 1
3712,0.2509785463175257,-1.1876838335357223,3,Sample 2,Cell type 1
3713,-2.0498669270362484,-0.15282221008013522,1,Sample 4,Cell type 1
3714,-0.5676638837993381,-1.0068039285402677,1,Sample 4,Cell type 1
3715,-1.0052522687563483,1.0313624411254987,3,Sample 2,Cell type 1
3716,-0.051310677274394034,0.26300992824278435,0,Sample 3,Cell type 1
3717,-0.5258980431957795,-0.039172024686760204,2,Sample 1,Cell type 1
3718,-0.3567549710889282,0.09051236564241825,2,Sample 1,Cell type 1
3719,-0.6579359459057605,0.8968245338595772,1,Sample 4,Cell type 1
3720,0.39989129899229714,-1.1194449398415534,1,Sample 4,Cell type 1
3721,0.024381131136503097,-0.7178024049290055,3,Sample 2,Cell type 1
3722,1.0808126019896003,-1.2100231722391006,2,Sample 1,Cell type 1
3723,-0.7492050998316768,-0.534223645175109,1,Sample 4,Cell type 1
3724,-0.05286383891785326,-0.9688129598099654,0,Sample 3,Cell type 1
3725,-1.1969270505317198,-0.7345697332078333,2,Sample 1,Cell type 1
3726,0.06502273764495901,-0.030314465373464702,2,Sample 1,Cell type 1
3727,-0.1336973710291292,0.22606396039063972,0,Sample 3,Cell type 1
3728,-0.310541454832983,0.13633297790039017,0,Sample 3,Cell type 1
3729,-0.018440444868372954,1.0228601343514996,3,Sample 2,Cell type 1
3730,-2.266424232114192,1.08735159533122,2,Sample 1,Cell type 1
3731,0.16406027138770393,-1.2987060239529948,2,Sample 1,Cell type 1
3732,1.6098163565606123,0.8189676368855852,1,Sample 4,Cell type 1
3733,-0.04248544135752852,-0.44078544283059967,2,Sample 1,Cell type 1
3734,1.2918230325678812,-0.25762252359364674,1,Sample 4,Cell type 1
3735,-0.7433090724078066,-0.9072161487479665,3,Sample 2,Cell type 1
3736,0.893345020054018,0.1856757103428298,3,Sample 2,Cell type 1
3737,0.3107005833841347,-0.0758593850246978,2,Sample 1,Cell type 1
3738,-1.5716288304823398,-1.1849165796973726,3,Sample 2,Cell type 1
3739,-1.9074454310285966,0.596120691427854,2,Sample 1,Cell type 1
3740,0.47792005587988645,0.5609381938487187,0,Sample 3,Cell type 1
3741,0.8481679259991038,2.207728031128862,1,Sample 4,Cell type 1
3742,0.33607559236147305,0.48548047457253685,1,Sample 4,Cell type 1
3743,0.474481006374707,-0.24763715145119225,0,Sample 3,Cell type 1
3744,-0.613491230403642,0.054457815398896825,2,Sample 1,Cell type 1
3745,0.8681778109293052,0.03084413502745417,3,Sample 2,Cell type 1
3746,-0.5743351125980815,-0.18441970014420067,1,Sample 4,Cell type 1
3747,-0.21163671896377775,0.2926079888743324,3,Sample 2,Cell type 1
3748,0.9821351939786338,-0.9677128149529644,0,Sample 3,Cell type 1
3749,0.6624470519146475,0.8568644003222441,2,Sample 1,Cell type 1
3750,-0.8055418887561153,0.03826025582774636,2,Sample 1,Cell type 1
3751,-0.6957304650197556,0.9003478275318155,1,Sample 4,Cell type 1
3752,-0.17075429674416642,1.1925809094799618,0,Sample 3,Cell type 1
3753,-0.7418825073524593,0.1906951861878281,0,Sample 3,Cell type 1
3754,-1.0926593243323512,-0.11917544781383754,1,Sample 4,Cell type 1
3755,-0.39155155401457775,0.8353287016552576,0,Sample 3,Cell type 1
3756,0.4049927914447409,1.1578445595134452,1,Sample 4,Cell type 1
3757,0.28050407941884736,0.39134970411813086,0,Sample 3,Cell type 1
3758,1.7359492704644344,-1.1389461095071385,2,Sample 1,Cell type 1
3759,-0.2159615174601313,-1.2347607545485977,3,Sample 2,Cell type 1
3760,-0.10322729210382703,-0.6813297394675146,2,Sample 1,Cell type 1
3761,1.2842847698894453,0.9791490753903122,3,Sample 2,Cell type 1
3762,0.34369457530606873,0.16615014973048892,0,Sample 3,Cell type 1
3763,-0.7615347680177885,0.06198441481509003,1,Sample 4,Cell type 1
3764,0.4120381490448384,3.0821851925237773,0,Sample 3,Cell type 1
3765,-0.14823012710216663,-0.10385655978674094,0,Sample 3,Cell type 1
3766,0.7968381486446532,-0.6054360708555686,0,Sample 3,Cell type 1
3767,0.6139834756433045,-0.001371322935251166,3,Sample 2,Cell type 1
3768,-0.21019739814920324,-1.2767151748592909,2,Sample 1,Cell type 1
3769,0.41190687686109784,0.6559402021081875,2,Sample 1,Cell type 1
3770,-0.16016100344029588,1.1193823600569275,3,Sample 2,Cell type 1
3771,0.19170201459119837,0.5864434251727988,2,Sample 1,Cell type 1
3772,0.6054309439895856,0.48997503521088187,1,Sample 4,Cell type 1
3773,0.08148503620958936,1.2392161211961499,1,Sample 4,Cell type 1
3774,-0.8313761311926129,0.6543852355630891,3,Sample 2,Cell type 1
3775,-0.48136528978351756,1.4818225476071503,0,Sample 3,Cell type 1
3776,0.5580695762713592,-0.6688733361757012,2,Sample 1,Cell type 1
3777,0.0940709039097618,0.12112591685761498,3,Sample 2,Cell type 1
3778,0.017871391454886407,1.3548377067309376,3,Sample 2,Cell type 1
3779,-0.7917025092562701,0.7526169503905727,0,Sample 3,Cell type 1
3780,-0.4513980789259109,0.14764104255762958,0,Sample 3,Cell type 1
3781,1.210759794593705,0.5046493476438221,0,Sample 3,Cell type 1
3782,-0.6850788146249632,-0.4893069893556473,2,Sample 1,Cell type 1
3783,-0.5082899110605035,-0.9517333272722891,1,Sample 4,Cell type 1
3784,0.4699133598448098,1.131349830664872,2,Sample 1,Cell type 1
3785,1.708469384061893,0.22562737536747401,3,Sample 2,Cell type 1
3786,0.8308848553670534,0.07452667015979388,2,Sample 1,Cell type 1
3787,0.15273321931496855,-0.029064486433873396,2,Sample 1,Cell type 1
3788,0.03442477865702515,0.549486328809805,3,Sample 2,Cell type 1
3789,-0.8963343351491114,-0.6038929572575369,3,Sample 2,Cell type 1
3790,-0.1646875447042723,-0.5972626772321912,1,Sample 4,Cell type 1
3791,-0.2964064788720232,-1.1244536153429137,1,Sample 4,Cell type 1
3792,-0.15060906806904525,0.9544903566808224,2,Sample 1,Cell type 1
3793,0.7625000363008694,0.4104683360778344,0,Sample 3,Cell type 1
3794,0.009999457525800268,2.2947224445334147,1,Sample 4,Cell type 1
3795,-0.46922501565114844,0.17937312343263442,1,Sample 4,Cell type 1
3796,-1.5001379757165958,0.09202086331793374,0,Sample 3,Cell type 1
3797,0.6493644572906124,0.26553475816630984,3,Sample 2,Cell type 1
3798,-0.12956385355306196,0.35073015959731624,3,Sample 2,Cell type 1
3799,0.43767790493603037,-0.16175412194711525,0,Sample 3,Cell type 1
3800,-0.732953532384994,-0.6654577665843558,1,Sample 4,Cell type 1
3801,0.4469790695555883,-0.1251819008985268,3,Sample 2,Cell type 1
3802,0.2850022309648669,1.0092154020284128,2,Sample 1,Cell type 1
3803,-0.503410714954231,1.2269821679331994,1,Sample 4,Cell type 1
3804,-1.0028048098974094,-0.17196387046316092,3,Sample 2,Cell type 1
3805,-0.8520909304602982,-0.24417976348373413,0,Sample 3,Cell type 1
3806,-0.7464848617496874,-0.7975453011217015,3,Sample 2,Cell type 1
3807,0.7632014107945619,0.5211130010446384,0,Sample 3,Cell type 1
3808,0.44475316131667375,-1.523955563208511,2,Sample 1,Cell type 1
3809,1.2788304896770732,0.6417027668944955,2,Sample 1,Cell type 1
3810,0.39430717748149585,0.6668825638698788,2,Sample 1,Cell type 1
3811,-0.4310086698768766,-0.20395757632287148,2,Sample 1,Cell type 1
3812,1.136403398391884,-0.45659703499958104,0,Sample 3,Cell type 1
3813,0.7611594216464693,-0.2932056162944415,1,Sample 4,Cell type 1
3814,0.7176529575097058,1.0199000330229777,1,Sample 4,Cell type 1
3815,-1.0987223111757993,0.41592171162300207,2,Sample 1,Cell type 1
3816,-1.4456331159454532,-0.2198762405358338,2,Sample 1,Cell type 1
3817,-0.4934202892157662,-1.078396627493735,3,Sample 2,Cell type 1
3818,-0.3910795374290193,-0.895693946631209,0,Sample 3,Cell type 1
3819,-0.054757194133132514,0.02302045126479887,3,Sample 2,Cell type 1
3820,0.1921646751569784,1.0025062598145948,2,Sample 1,Cell type 1
3821,0.22941928990606897,-0.11776422294847783,2,Sample 1,Cell type 1
3822,0.32844006826209327,-0.18485558196614427,2,Sample 1,Cell type 1
3823,0.7529454931359758,0.15351818869842887,2,Sample 1,Cell type 1
3824,-1.549402162001972,-0.6090842158471526,2,Sample 1,Cell type 1
3825,-0.45135694388838926,-1.1952302346318004,2,Sample 1,Cell type 1
3826,1.1074182548084146,0.4511272960418877,0,Sample 3,Cell type 1
3827,0.14549300404679613,0.19857646904026888,0,Sample 3,Cell type 1
3828,-0.6043991065071594,-0.08158932367494239,3,Sample 2,Cell type 1
3829,1.014121208950379,0.23098240240786905,2,Sample 1,Cell type 1
3830,0.416551597138135,-0.8636262817328313,3,Sample 2,Cell type 1
3831,-1.5855715885909707,-1.1993449615661587,3,Sample 2,Cell type 1
3832,0.4370273984029597,0.005137815848750254,0,Sample 3,Cell type 1
3833,0.8171066363435188,1.67075421829594,1,Sample 4,Cell type 1
3834,0.20482378745110053,0.7861527871564111,0,Sample 3,Cell type 1
3835,-0.8561532503154654,1.375232490273457,2,Sample 1,Cell type 1
3836,-0.10573548451549748,0.057823172307431114,2,Sample 1,Cell type 1
3837,-0.30625375169037494,-0.09898315701986893,1,Sample 4,Cell type 1
3838,-0.48605503342364476,1.254545943621861,2,Sample 1,Cell type 1
3839,0.6725875857036394,0.16624200588265073,1,Sample 4,Cell type 1
3840,0.12112591249982206,-0.23414836718022156,3,Sample 2,Cell type 1
3841,0.4276045187844402,0.7101243406990689,1,Sample 4,Cell type 1
3842,0.4567124085545336,0.9084525121444792,0,Sample 3,Cell type 1
3843,0.7130751212841974,-0.16348458131651866,3,Sample 2,Cell type 1
3844,0.623479203124266,-0.031215615502035294,1,Sample 4,Cell type 1
3845,0.2647041857715657,0.6668231692871398,0,Sample 3,Cell type 1
3846,-0.27892170752628737,-0.27940616345474306,0,Sample 3,Cell type 1
3847,0.20965344726938043,-1.5596493742034938,2,Sample 1,Cell type 1
3848,-0.4687421386542043,0.26328542296810364,1,Sample 4,Cell type 1
3849,-0.5345144386622135,0.15470356153932727,2,Sample 1,Cell type 1
3850,-0.5231187106604612,0.021850703881150936,2,Sample 1,Cell type 1
3851,-1.1324192535309654,0.7822978177689102,3,Sample 2,Cell type 1
3852,-0.8234972065456573,-1.0821362286748275,1,Sample 4,Cell type 1
3853,-0.9041629797391391,1.929341340462737,1,Sample 4,Cell type 1
3854,1.1222354487488795,-1.1214808502338247,0,Sample 3,Cell type 1
3855,1.4434784878293945,-0.15272303338183896,1,Sample 4,Cell type 1
3856,-0.1750930013885006,0.6129943800324077,2,Sample 1,Cell type 1
3857,0.8101099277152575,-0.12652307549785624,1,Sample 4,Cell type 1
3858,0.30859997454535587,0.5621279987994446,3,Sample 2,Cell type 1
3859,1.1626203808340356,-0.06258452724681425,2,Sample 1,Cell type 1
3860,0.4086336708220758,0.8244644684992459,1,Sample 4,Cell type 1
3861,-1.12189542673906,1.6728754181859817,3,Sample 2,Cell type 1
3862,0.23277178410995436,-0.40560692741604465,2,Sample 1,Cell type 1
3863,-0.05126221131897331,0.429032727613752,1,Sample 4,Cell type 1
3864,0.07845403163115565,1.0366974254904116,1,Sample 4,Cell type 1
3865,-0.39061907396123574,0.5066614608569908,2,Sample 1,Cell type 1
3866,-0.5205140552974615,-0.38970030701175684,0,Sample 3,Cell type 1
3867,-0.2922246865631079,1.9103741644197858,3,Sample 2,Cell type 1
3868,0.7374412015818018,0.3861503097673702,1,Sample 4,Cell type 1
3869,-0.8044811005515726,0.28813134715661354,2,Sample 1,Cell type 1
3870,0.2573428331012001,0.1344478447734562,1,Sample 4,Cell type 1
3871,-0.8736969602788538,0.10827067831383273,2,Sample 1,Cell type 1
3872,0.2179371173228879,0.33397207185703603,2,Sample 1,Cell type 1
3873,0.5545740813269634,-1.622141817336679,3,Sample 2,Cell type 1
3874,-1.0167613768738262,-0.30286379457052337,2,Sample 1,Cell type 1
3875,0.15287925441592268,0.03714923852491905,0,Sample 3,Cell type 1
3876,0.5490081522996108,-1.2901726969517213,0,Sample 3,Cell type 1
3877,0.8758388017818602,-0.6447933848475325,3,Sample 2,Cell type 1
3878,-1.053705535957268,0.6208223310747804,1,Sample 4,Cell type 1
3879,0.4760235726684518,-0.445938442486657,1,Sample 4,Cell type 1
3880,-0.4142059577777758,0.17424187179898087,2,Sample 1,Cell type 1
3881,-0.74071192311292,-0.09093335126514832,3,Sample 2,Cell type 1
3882,-0.11371722955243689,0.270949854337352,1,Sample 4,Cell type 1
3883,0.6982536665426675,0.585664761146418,3,Sample 2,Cell type 1
3884,-1.599111125489,0.027223669077344793,2,Sample 1,Cell type 1
3885,-1.0327537755945793,-0.32557949309869694,3,Sample 2,Cell type 1
3886,-1.3842101843874761,1.0671085964004583,2,Sample 1,Cell type 1
3887,-0.8787273743700421,-0.4952983585999453,3,Sample 2,Cell type 1
3888,-0.48109411516097095,0.25582554731402957,0,Sample 3,Cell type 1
3889,0.34039194659218425,0.9577975389161824,1,Sample 4,Cell type 1
3890,-0.9256932949706167,-1.0665026838222453,2,Sample 1,Cell type 1
3891,-0.913351291306804,-0.1549275674237745,0,Sample 3,Cell type 1
3892,-0.989941310578058,0.08752677746637605,1,Sample 4,Cell type 1
3893,1.002274107541987,-0.35857969304011955,1,Sample 4,Cell type 1
3894,-1.7666246209826018,-0.18446911881889028,2,Sample 1,Cell type 1
3895,0.45760502264037833,-0.5637827484887071,2,Sample 1,Cell type 1
3896,-0.04527079111991667,0.9751766318349306,1,Sample 4,Cell type 1
3897,0.5571099579653723,0.7642441668564086,0,Sample 3,Cell type 1
3898,-1.4123100696239792,1.3927531892775926,3,Sample 2,Cell type 1
3899,0.07972109207011298,-0.4027805232929594,0,Sample 3,Cell type 1
3900,0.823324509860515,0.3780779859304344,0,Sample 3,Cell type 1
3901,0.24136000712138844,0.14042898366287834,1,Sample 4,Cell type 1
3902,0.005650526902541162,-0.5282569115787576,1,Sample 4,Cell type 1
3903,0.8333797312470811,0.46683544240951014,1,Sample 4,Cell type 1
3904,-0.41314371511005743,-0.15717326674247775,1,Sample 4,Cell type 1
3905,0.1440568301567852,-0.2183466561804103,3,Sample 2,Cell type 1
3906,-0.6232741915013604,0.16258876366882483,2,Sample 1,Cell type 1
3907,0.34237010124210804,1.378459774117,3,Sample 2,Cell type 1
3908,-0.23790086339448516,-0.19710672201163842,2,Sample 1,Cell type 1
3909,-0.33330024449237006,-0.050498410488998606,2,Sample 1,Cell type 1
3910,0.8182731772406113,-0.15235694874337344,2,Sample 1,Cell type 1
3911,0.5838554898141045,1.1135367101439353,3,Sample 2,Cell type 1
3912,0.2845351588505835,0.1532619169552717,1,Sample 4,Cell type 1
3913,-0.38733916099898963,-0.7729970558026033,2,Sample 1,Cell type 1
3914,-0.6477798686138272,0.15024027043401764,3,Sample 2,Cell type 1
3915,0.14941341158166266,-0.6043063458826581,0,Sample 3,Cell type 1
3916,-0.4773032468893842,1.678351471305945,2,Sample 1,Cell type 1
3917,-0.19786877111713452,0.2665844279920174,3,Sample 2,Cell type 1
3918,0.014747146452314529,0.27806536428933687,0,Sample 3,Cell type 1
3919,1.2786574461128266,0.5868382508046927,2,Sample 1,Cell type 1
3920,0.9594396583372685,-0.02582151528209425,3,Sample 2,Cell type 1
3921,-0.7607285837497857,0.2548168038390996,2,Sample 1,Cell type 1
3922,-1.5949885140571645,0.2992452558780577,0,Sample 3,Cell type 1
3923,-0.3177562529167901,-0.8818157923646844,1,Sample 4,Cell type 1
3924,0.6027339787368743,0.07986105207981434,3,Sample 2,Cell type 1
3925,0.12839169917878407,1.7700248315177938,1,Sample 4,Cell type 1
3926,-0.7792974769730947,0.562742333429847,2,Sample 1,Cell type 1
3927,0.08336088316150086,-0.050074502319617936,0,Sample 3,Cell type 1
3928,0.27984001965432603,-0.8032436774736083,1,Sample 4,Cell type 1
3929,1.0900502821699616,1.31249165079063,1,Sample 4,Cell type 1
3930,-0.4844924317894913,1.460807770837549,0,Sample 3,Cell type 1
3931,-0.5655140543898791,0.6844445272165697,1,Sample 4,Cell type 1
3932,-0.2355646060704272,1.1622044361009465,2,Sample 1,Cell type 1
3933,0.3033224949808993,0.9841777405206301,1,Sample 4,Cell type 1
3934,-0.8084785759431308,-0.4121747150465942,1,Sample 4,Cell type 1
3935,1.0545576537872203,-1.086539937182075,3,Sample 2,Cell type 1
3936,0.31633678831043055,-0.7660551640121696,2,Sample 1,Cell type 1
3937,-1.4564826404388138,0.21604588671313768,1,Sample 4,Cell type 1
3938,-0.21629335740893582,-0.021907456322995216,3,Sample 2,Cell type 1
3939,0.19430561052022,-1.6656789625511899,1,Sample 4,Cell type 1
3940,0.3350079681019973,0.17646683018988862,2,Sample 1,Cell type 1
3941,-0.5923920850657268,0.6918595507928091,2,Sample 1,Cell type 1
3942,0.9652071732066855,-0.6535485367897889,0,Sample 3,Cell type 1
3943,-1.2151286600720543,-2.104584109463251,2,Sample 1,Cell type 1
3944,-0.10640253114405088,-1.056713826004929,3,Sample 2,Cell type 1
3945,0.31237187994311166,-0.08257740234599699,1,Sample 4,Cell type 1
3946,0.09779440363765297,-0.33517075641698774,3,Sample 2,Cell type 1
3947,-0.7994417858359286,-0.40381993698257396,0,Sample 3,Cell type 1
3948,0.38565338186830894,0.2949865178540158,1,Sample 4,Cell type 1
3949,1.4926196089158053,0.37906633672943,0,Sample 3,Cell type 1
3950,-0.14068352354565694,1.3291761325824147,1,Sample 4,Cell type 1
3951,0.7978124541270981,0.9455120340471149,3,Sample 2,Cell type 1
3952,0.9901230060095986,0.30381410883271687,1,Sample 4,Cell type 1
3953,-0.5383242656075213,0.5302728744173061,3,Sample 2,Cell type 1
3954,0.3946543207047114,0.14786889895589914,0,Sample 3,Cell type 1
3955,0.13219204005194016,0.01001749146382907,3,Sample 2,Cell type 1
3956,0.16087923737197402,0.8405235168060896,0,Sample 3,Cell type 1
3957,1.8954298406491976,1.1163472657593483,3,Sample 2,Cell type 1
3958,-0.4155170974609013,-0.27272630187686386,1,Sample 4,Cell type 1
3959,0.43478350293607443,0.1598483469749708,1,Sample 4,Cell type 1
3960,1.650019935394516,-0.8540263314034183,0,Sample 3,Cell type 1
3961,0.8304100218527698,0.6113705626710844,3,Sample 2,Cell type 1
3962,0.7145506777658013,0.5135152982869106,3,Sample 2,Cell type 1
3963,-0.6441374013943011,0.8614785157261443,2,Sample 1,Cell type 1
3964,-0.4863002085406543,-0.4312981625191829,1,Sample 4,Cell type 1
3965,-0.7343808836885888,1.3849357054138398,2,Sample 1,Cell type 1
3966,0.516712336220714,-0.8792358012438982,2,Sample 1,Cell type 1
3967,-0.5257079698224464,-0.558175123118596,2,Sample 1,Cell type 1
3968,1.5076690447476873,1.2345948226177512,0,Sample 3,Cell type 1
3969,-0.8169862537045707,0.5666851578394827,0,Sample 3,Cell type 1
3970,0.8247996179967608,0.7450240952929589,0,Sample 3,Cell type 1
3971,-1.2859865876489822,0.14770708682584338,0,Sample 3,Cell type 1
3972,-0.7782116134080007,0.3252976273781393,2,Sample 1,Cell type 1
3973,-0.2741716132214156,-0.6418218153772952,0,Sample 3,Cell type 1
3974,-0.42826806961297853,0.2867628945676962,1,Sample 4,Cell type 1
3975,-0.2334490151324353,-1.2505526469573258,0,Sample 3,Cell type 1
3976,0.19492577896217156,-0.8721667254395439,2,Sample 1,Cell type 1
3977,-0.143274628012925,0.3166558248767385,1,Sample 4,Cell type 1
3978,-0.8296528588559969,0.532295148026264,2,Sample 1,Cell type 1
3979,-1.0345132350069182,0.4579122489405406,1,Sample 4,Cell type 1
3980,0.7976474851629132,0.9018800714843883,3,Sample 2,Cell type 1
3981,0.10845073313176733,0.582814914811629,2,Sample 1,Cell type 1
3982,0.47778257460270784,-0.7586784033793607,1,Sample 4,Cell type 1
3983,-0.199495700137985,-0.9304341202276816,3,Sample 2,Cell type 1
3984,0.6267124074260764,-0.20123110883559658,1,Sample 4,Cell type 1
3985,-0.3317015204574905,-0.79613916791939,2,Sample 1,Cell type 1
3986,-0.13588188614218452,1.309391969464512,2,Sample 1,Cell type 1
3987,1.3860119995880735,1.785040116954106,0,Sample 3,Cell type 1
3988,1.3352556206610648,-0.7540464046335011,1,Sample 4,Cell type 1
3989,-0.790872885720734,-0.8828714537726168,0,Sample 3,Cell type 1
3990,1.9979321011358833,0.03680510938907276,2,Sample 1,Cell type 1
3991,-0.6518048022588385,0.14092036151015372,2,Sample 1,Cell type 1
3992,-1.721452321063444,-0.5753226553939361,0,Sample 3,Cell type 1
3993,-1.4769502897904752,-0.7436086881539281,1,Sample 4,Cell type 1
3994,0.1402294231471391,-1.0693803511007445,1,Sample 4,Cell type 1
3995,-0.8980358449955311,-0.734002256811411,1,Sample 4,Cell type 1
3996,1.1530186312528925,-1.1486897209435516,0,Sample 3,Cell type 1
3997,1.03236859310108,0.044159394024071374,3,Sample 2,Cell type 1
3998,-0.3662787089459914,-0.12748978571672526,1,Sample 4,Cell type 1
3999,0.4748453778246895,-2.3523109077314244,0,Sample 3,Cell type 1
