,X,Y,group,sample,cell_type
0,-1.2121528497588419,2.0934994139556196,0,Sample 3,Cell type 1
1,-0.004856729231914659,1.6707926195613134,0,Sample 3,Cell type 1
2,-0.20564192705045176,-0.7779579892051747,3,Sample 2,Cell type 1
3,-1.436514538104012,-1.2640721533611499,2,Sample 1,Cell type 1
4,0.5020850380494649,-1.2236059706372269,2,Sample 1,Cell type 1
5,1.1725190151372433,0.8193789596107715,0,Sample 3,Cell type 1
6,0.17376635002272073,-1.3718137791293823,3,Sample 2,Cell type 1
7,-0.7132347918836038,-0.9442365844565759,3,Sample 2,Cell type 1
8,-1.3937773541082201,-1.436833439053377,2,Sample 1,Cell type 1
9,-0.28877293265526394,1.9274638426913984,0,Sample 3,Cell type 1
10,0.4056162177082855,-1.0459162920592289,2,Sample 1,Cell type 1
11,0.16757606691821808,-1.7876272403855746,2,Sample 1,Cell type 1
12,-0.32841478618378406,0.45511882576025986,2,Sample 1,Cell type 1
13,0.06841066371167923,-2.3725666549105036,3,Sample 2,Cell type 1
14,-0.17727975550803146,-2.152785307619935,3,Sample 2,Cell type 1
15,0.15166529327899472,1.8008368740537128,0,Sample 3,Cell type 1
16,1.3323795555700615,1.8114960520145043,0,Sample 3,Cell type 1
17,1.0996890140612436,-0.7122553218509431,3,Sample 2,Cell type 1
18,-0.794871612475229,-0.8912603462253216,2,Sample 1,Cell type 1
19,2.2041741949759213,-1.2444884913230427,2,Sample 1,Cell type 1
20,-0.1495169265295879,-0.3043785949721123,1,Sample 4,Cell type 1
21,-0.2072337166565625,0.8429201207320174,0,Sample 3,Cell type 1
22,-0.6827963840490733,-1.5355495309067924,3,Sample 2,Cell type 1
23,-1.055397755679014,0.8376154900834744,1,Sample 4,Cell type 1
24,-1.2342412121677169,0.4937959760919687,1,Sample 4,Cell type 1
25,0.9087582767550576,-1.1231981321582654,3,Sample 2,Cell type 1
26,-0.8792313796254874,0.43733216134001385,3,Sample 2,Cell type 1
27,-0.534472362914439,1.7936338796292182,0,Sample 3,Cell type 1
28,0.1385447406809456,1.3082539037830694,0,Sample 3,Cell type 1
29,-0.732381623272234,-0.898832624751448,3,Sample 2,Cell type 1
30,-0.1988926830133419,-0.49870909018954335,2,Sample 1,Cell type 1
31,-0.48155555354814167,-1.5065851173719818,2,Sample 1,Cell type 1
32,-0.19659445126875547,0.7818211442018637,0,Sample 3,Cell type 1
33,-0.09171266840511397,-0.7885853826834908,2,Sample 1,Cell type 1
34,-0.04391520049302911,1.2284432598861255,0,Sample 3,Cell type 1
35,-0.8033126134016544,0.38576194791669716,0,Sample 3,Cell type 1
36,-0.2522153957122765,1.607175376394614,0,Sample 3,Cell type 1
37,0.2961695119533928,-0.5325486668517521,2,Sample 1,Cell type 1
38,-1.9229348808804243,0.11396475318645405,2,Sample 1,Cell type 1
39,-1.4007804595241824,-1.1419935070194265,3,Sample 2,Cell type 1
40,0.4544825641029169,0.16027560087204706,1,Sample 4,Cell type 1
41,1.9937471988805495,-1.2200971426040375,3,Sample 2,Cell type 1
42,-1.0154328841944833,0.22892541828395618,3,Sample 2,Cell type 1
43,-0.18711824036287517,-1.1568745685415502,3,Sample 2,Cell type 1
44,-0.21984184380215044,-2.7609947787607347,2,Sample 1,Cell type 1
45,0.016874198280469797,-1.9048537884020702,3,Sample 2,Cell type 1
46,0.8583436916058773,-1.6827195792312892,3,Sample 2,Cell type 1
47,-0.3901067367639703,-2.149003091942494,2,Sample 1,Cell type 1
48,0.506928819819247,-1.5585597396888398,2,Sample 1,Cell type 1
49,0.20589848513387954,-1.504677122357751,3,Sample 2,Cell type 1
50,-0.5121235654676894,0.1869951281629656,3,Sample 2,Cell type 1
51,-0.03911774677928444,-0.12415187744286005,1,Sample 4,Cell type 1
52,0.6257040012251673,0.36728049466595747,1,Sample 4,Cell type 1
53,1.9053708253860369,-0.33821111387406155,2,Sample 1,Cell type 1
54,0.8608057108788787,1.0170493189375538,0,Sample 3,Cell type 1
55,-0.5477038606080032,1.632500479330215,1,Sample 4,Cell type 1
56,-0.1774251229729084,-0.22450455807355651,3,Sample 2,Cell type 1
57,-0.32977659601957615,1.7307789856139253,1,Sample 4,Cell type 1
58,-0.3534791417926591,-0.9112908937372657,2,Sample 1,Cell type 1
59,-1.0934866906246612,-0.5259461809221355,2,Sample 1,Cell type 1
60,0.43010392235990375,1.3425489982484609,1,Sample 4,Cell type 1
61,0.08233391241858978,-2.8512352528000844,2,Sample 1,Cell type 1
62,0.7972564084635578,0.6268036966174416,1,Sample 4,Cell type 1
63,0.19686689225312706,-1.6418240217116349,2,Sample 1,Cell type 1
64,-0.6418174671476163,-1.4037069938313875,3,Sample 2,Cell type 1
65,0.8235524447416325,-1.2695161014281109,2,Sample 1,Cell type 1
66,0.2459253582472806,1.6525897700314376,0,Sample 3,Cell type 1
67,-0.18432057136461388,0.2606134845853565,1,Sample 4,Cell type 1
68,-0.03212636051547473,-0.14462008169443852,0,Sample 3,Cell type 1
69,-0.5399472150324418,0.6775392087479754,1,Sample 4,Cell type 1
70,0.27804929104284165,1.0693581595315174,1,Sample 4,Cell type 1
71,1.1941508551676174,0.7831011191659449,0,Sample 3,Cell type 1
72,0.5936762976074456,1.2394340643251935,0,Sample 3,Cell type 1
73,0.18162758309191113,-1.2592545401671762,2,Sample 1,Cell type 1
74,0.3520115600426659,0.598356620517911,0,Sample 3,Cell type 1
75,1.6019419741158378,-1.2460571336926394,3,Sample 2,Cell type 1
76,-0.9955891599110926,-0.640138229018792,3,Sample 2,Cell type 1
77,0.8562921281839438,0.01751393755092523,2,Sample 1,Cell type 1
78,0.246265898011108,0.6545808332046592,2,Sample 1,Cell type 1
79,0.8999460362425927,-2.394217579104833,2,Sample 1,Cell type 1
80,-0.49452835894690195,-0.2811906363587484,3,Sample 2,Cell type 1
81,-0.1199525752632875,-0.1465214516197697,1,Sample 4,Cell type 1
82,-0.024847146296721564,0.27225326641453307,1,Sample 4,Cell type 1
83,-0.6835947701904435,-1.3224526944293777,3,Sample 2,Cell type 1
84,-0.679776737182157,-1.3863871408582726,3,Sample 2,Cell type 1
85,-1.4208094032387217,1.851152790048685,1,Sample 4,Cell type 1
86,1.427820031348076,-0.9892397083045656,2,Sample 1,Cell type 1
87,0.7049173766506953,-0.9989394490124742,2,Sample 1,Cell type 1
88,-0.9226804084767676,1.9098516338917835,1,Sample 4,Cell type 1
89,0.3731439859468211,0.9714868141620131,0,Sample 3,Cell type 1
90,0.4564903977756248,1.774547728426289,1,Sample 4,Cell type 1
91,-0.9073369162222324,-0.17665565109762627,3,Sample 2,Cell type 1
92,0.027122178945870008,-1.9523261885395922,2,Sample 1,Cell type 1
93,0.9646547365728346,-1.7494361879675062,3,Sample 2,Cell type 1
94,-0.056399022447272976,1.3892013150609617,0,Sample 3,Cell type 1
95,0.34878031160003675,-1.0257968681757483,1,Sample 4,Cell type 1
96,-0.953042797762119,1.5252428869070638,0,Sample 3,Cell type 1
97,0.11893396576168924,0.7303312231055685,0,Sample 3,Cell type 1
98,2.1335241778560072,-0.9222753703310018,3,Sample 2,Cell type 1
99,-0.4524610942991923,-1.3770525769208943,2,Sample 1,Cell type 1
100,0.20039428027670125,1.2771585675975805,0,Sample 3,Cell type 1
101,0.026975243920842596,-0.7851251351645617,2,Sample 1,Cell type 1
102,0.014413497635557269,-0.6218957233252755,2,Sample 1,Cell type 1
103,-0.12004446962602139,1.1004611627772338,0,Sample 3,Cell type 1
104,-0.5337512678220043,-1.5863751192990072,2,Sample 1,Cell type 1
105,0.6808992787041904,-0.020915265165925345,2,Sample 1,Cell type 1
106,0.2421083721912266,0.39657931998451357,0,Sample 3,Cell type 1
107,0.8091704283266851,2.0731807324247047,1,Sample 4,Cell type 1
108,-0.05917829087550243,0.9394675165393358,1,Sample 4,Cell type 1
109,-0.36772541781839757,-1.8638739582251898,2,Sample 1,Cell type 1
110,-2.024230018197064,0.7711966224959114,0,Sample 3,Cell type 1
111,-1.278499481506998,1.3697381328655542,1,Sample 4,Cell type 1
112,-0.3303982577147473,0.2586413529221514,1,Sample 4,Cell type 1
113,-0.4110935338693549,0.15262918248883872,0,Sample 3,Cell type 1
114,-0.5939873860307072,0.6117553317057054,1,Sample 4,Cell type 1
115,0.027910357671526855,-2.1004087116549943,2,Sample 1,Cell type 1
116,0.055841667992015134,0.6917491225105918,0,Sample 3,Cell type 1
117,0.09117653450221788,-1.6347677839067771,3,Sample 2,Cell type 1
118,-0.046269289902074996,-0.09776957831068334,3,Sample 2,Cell type 1
119,0.448735558352991,0.7636157455766717,0,Sample 3,Cell type 1
120,-1.6878705925005133,0.07146127158399973,3,Sample 2,Cell type 1
121,0.4001923755492559,0.5731197548486664,1,Sample 4,Cell type 1
122,0.17862473060429646,-1.9587136999616361,2,Sample 1,Cell type 1
123,0.37333678557286487,2.2168049817275044,1,Sample 4,Cell type 1
124,-0.310159933126849,0.6691074674962858,1,Sample 4,Cell type 1
125,-0.4837957316305702,-0.7644528456792554,1,Sample 4,Cell type 1
126,-0.3583690707599801,-1.9718449087109147,2,Sample 1,Cell type 1
127,-0.1525459206106773,1.1739462985437783,0,Sample 3,Cell type 1
128,-0.9312405059246605,-1.2863923475306687,3,Sample 2,Cell type 1
129,0.05091924919721417,-1.2974232092187907,3,Sample 2,Cell type 1
130,0.21636546062387108,0.9598095124406905,0,Sample 3,Cell type 1
131,-0.4034384126500986,-1.4862591140924994,3,Sample 2,Cell type 1
132,-2.3255905754573134,0.7001423547025551,1,Sample 4,Cell type 1
133,0.500533878212005,0.31427395486697396,0,Sample 3,Cell type 1
134,0.6603330791904239,1.6508077088005109,0,Sample 3,Cell type 1
135,-1.2755421270354939,0.5204999816369817,0,Sample 3,Cell type 1
136,-0.13146816470831296,1.1696746824593403,1,Sample 4,Cell type 1
137,0.04561049991766761,1.2148738230906055,0,Sample 3,Cell type 1
138,-0.4078453545527061,1.027552809364673,1,Sample 4,Cell type 1
139,-0.9502121919340216,-1.3178586020410896,2,Sample 1,Cell type 1
140,0.2734601711639732,-1.0480300333508517,2,Sample 1,Cell type 1
141,0.7632680817253025,-0.025215828102650772,3,Sample 2,Cell type 1
142,0.8180563456077122,2.9518019250714183,0,Sample 3,Cell type 1
143,-0.6849358725294001,-0.9715471407736052,2,Sample 1,Cell type 1
144,-0.45575917034058516,-1.2862623467530137,3,Sample 2,Cell type 1
145,0.6526035893216555,-0.5180212509741093,3,Sample 2,Cell type 1
146,1.1118113071570845,-2.076167736646882,3,Sample 2,Cell type 1
147,-0.1879394172167797,-1.7148120740154242,2,Sample 1,Cell type 1
148,0.7113230598302448,-1.8974008822847104,2,Sample 1,Cell type 1
149,0.5484061910321633,2.478887066637129,1,Sample 4,Cell type 1
150,1.6688376396296911,0.1881924054513182,1,Sample 4,Cell type 1
151,0.15146264583389932,-0.7622045812959007,2,Sample 1,Cell type 1
152,-0.591497125967229,1.9535194675308585,1,Sample 4,Cell type 1
153,-0.7902927281118175,-0.4215696483361089,3,Sample 2,Cell type 1
154,-0.9038798857748479,-1.6590694957129233,3,Sample 2,Cell type 1
155,-1.6655435263069778,2.3571650946320304,0,Sample 3,Cell type 1
156,0.17492744540583818,-1.357056412187476,2,Sample 1,Cell type 1
157,-0.10734416854153966,-0.5845130034896895,2,Sample 1,Cell type 1
158,-0.1512963126216268,1.7373200895395675,1,Sample 4,Cell type 1
159,0.5203600740289114,-0.20246424140785457,1,Sample 4,Cell type 1
160,0.3458103605073244,1.3760353498945617,1,Sample 4,Cell type 1
161,-0.3747968906882526,-1.6070122063482999,2,Sample 1,Cell type 1
162,0.6853619841940446,0.34190167024439155,2,Sample 1,Cell type 1
163,0.46893264031422666,0.6700689454268156,1,Sample 4,Cell type 1
164,-1.076696738778572,0.3445937122228018,1,Sample 4,Cell type 1
165,0.23275789147158832,-0.2337282951133859,2,Sample 1,Cell type 1
166,1.1855686147492288,-1.2265744311561861,2,Sample 1,Cell type 1
167,-1.041270386242665,-2.4824147863180555,2,Sample 1,Cell type 1
168,-0.47757942937685915,-0.9122434939755504,1,Sample 4,Cell type 1
169,-1.0785416363419922,-0.9874542108227006,2,Sample 1,Cell type 1
170,0.39695934989065307,0.5717466299458728,1,Sample 4,Cell type 1
171,-0.16967173593634052,-0.5662375944727611,3,Sample 2,Cell type 1
172,0.5201609423669288,0.9206593089764936,0,Sample 3,Cell type 1
173,0.9997683361474549,-1.8451976565002082,3,Sample 2,Cell type 1
174,-0.4858835465697691,0.9382231638215636,1,Sample 4,Cell type 1
175,0.3927799613106011,1.5879022288398539,0,Sample 3,Cell type 1
176,0.14485019421686587,2.042622429852851,1,Sample 4,Cell type 1
177,0.7323216941616594,1.2630008877277477,0,Sample 3,Cell type 1
178,-0.09164754197801572,-0.9327244893998428,3,Sample 2,Cell type 1
179,-0.6943379702009229,-0.5542899052772146,3,Sample 2,Cell type 1
180,0.8974892038354018,-1.149343169850756,2,Sample 1,Cell type 1
181,0.699613659306018,0.48018781852138626,1,Sample 4,Cell type 1
182,-1.6837996045752117,0.6337423284277848,2,Sample 1,Cell type 1
183,0.81925002064917,1.4740215593609465,0,Sample 3,Cell type 1
184,0.15472509375177357,-0.952246495536211,3,Sample 2,Cell type 1
185,0.6766422980503426,-0.5887499580601794,2,Sample 1,Cell type 1
186,-0.09867525123688836,-0.7527620455738768,2,Sample 1,Cell type 1
187,0.2707971259955313,0.667769668879359,0,Sample 3,Cell type 1
188,-0.2278695501937611,-1.0849552720318025,2,Sample 1,Cell type 1
189,-0.3491087124212549,0.9123121568593353,0,Sample 3,Cell type 1
190,-0.014315981606680043,-1.781120038931038,2,Sample 1,Cell type 1
191,-1.7569022568799573,0.8703008196161133,1,Sample 4,Cell type 1
192,-0.8447918495414748,-1.840043831858549,3,Sample 2,Cell type 1
193,-0.1872158872855851,1.3730866995570676,1,Sample 4,Cell type 1
194,-0.7916838562068648,0.8993704639202815,0,Sample 3,Cell type 1
195,-0.10721373333833416,1.0117505557833577,0,Sample 3,Cell type 1
196,1.3658638476473783,-1.6166550421829515,3,Sample 2,Cell type 1
197,0.4006652728033693,-1.702779041073648,2,Sample 1,Cell type 1
198,0.41202821376692783,1.4110287607297671,0,Sample 3,Cell type 1
199,0.5380589609621851,2.5199055479161725,0,Sample 3,Cell type 1
200,1.9300923372903327,1.6276834303184191,1,Sample 4,Cell type 1
201,-0.13733892313982668,-0.12121209915854503,3,Sample 2,Cell type 1
202,1.5089487209684243,1.1396622502654712,0,Sample 3,Cell type 1
203,0.9743673218444467,0.5894429083892831,1,Sample 4,Cell type 1
204,0.8664409945402216,1.8430416416279223,0,Sample 3,Cell type 1
205,0.9528725465169533,-1.1174828170042408,3,Sample 2,Cell type 1
206,-0.8943420864293918,0.23135776013992615,3,Sample 2,Cell type 1
207,0.07627535955304657,0.7892414271342008,1,Sample 4,Cell type 1
208,-0.16028206223533112,-0.8145263262921215,2,Sample 1,Cell type 1
209,-0.19024562994075178,-0.6268549700701465,3,Sample 2,Cell type 1
210,-0.04706628330521777,-1.17674537995169,3,Sample 2,Cell type 1
211,-0.8207718539846223,-0.5141687879186456,3,Sample 2,Cell type 1
212,-0.8566819349475511,2.529135269711779,1,Sample 4,Cell type 1
213,-1.8433695487551736,-1.2888073786020557,2,Sample 1,Cell type 1
214,-1.2921054527244076,1.9317914835657373,0,Sample 3,Cell type 1
215,0.9652865238911321,-2.221734285271718,2,Sample 1,Cell type 1
216,-0.3618450553992614,-0.9391034613031655,0,Sample 3,Cell type 1
217,-2.576813084788571,-0.683520932189646,3,Sample 2,Cell type 1
218,1.5348850671009664,-1.2826113083505266,3,Sample 2,Cell type 1
219,-0.5667254135283702,-0.2109715140902617,0,Sample 3,Cell type 1
220,-0.07490895099133668,2.060637318033752,1,Sample 4,Cell type 1
221,0.09081387620099844,1.5297045396168374,0,Sample 3,Cell type 1
222,-0.2303248614943362,-0.8039690685476752,3,Sample 2,Cell type 1
223,-0.4228933453998055,1.4690912150040747,0,Sample 3,Cell type 1
224,-0.3343276366127125,-0.6206462984891017,1,Sample 4,Cell type 1
225,-0.573612919302349,-0.0276674125599754,1,Sample 4,Cell type 1
226,-0.4141540582953718,-1.0704729952232586,2,Sample 1,Cell type 1
227,-0.04382268827106008,-1.7379303878751626,2,Sample 1,Cell type 1
228,0.5627937185800199,-1.0622571489091786,3,Sample 2,Cell type 1
229,-0.23798576069908012,2.049586990859157,1,Sample 4,Cell type 1
230,-0.43964570872686415,1.6876703095838415,1,Sample 4,Cell type 1
231,0.29493864709832096,0.6853289501381115,0,Sample 3,Cell type 1
232,-0.2978552423503383,1.3498505496311686,1,Sample 4,Cell type 1
233,0.26804642326729405,1.2529247657462226,1,Sample 4,Cell type 1
234,0.43100479395709534,0.2634611255365069,0,Sample 3,Cell type 1
235,0.7964652112016238,2.36253808793443,1,Sample 4,Cell type 1
236,-0.8017736151413799,0.39805181011757196,1,Sample 4,Cell type 1
237,-0.5773900426698027,1.1414566977115184,1,Sample 4,Cell type 1
238,0.7984080878877218,-1.3170043025549516,0,Sample 3,Cell type 1
239,-0.4675207812768249,0.961895930294979,3,Sample 2,Cell type 1
240,0.6201243952278266,1.4424320686818868,1,Sample 4,Cell type 1
241,0.18325975056456206,1.8594544101724493,1,Sample 4,Cell type 1
242,-0.28770373796196996,1.2408858713533937,1,Sample 4,Cell type 1
243,-0.5264931912602053,0.7570191769786683,1,Sample 4,Cell type 1
244,0.6841612061986101,-0.7885678318773992,3,Sample 2,Cell type 1
245,-0.5557705048712466,0.6725740495095167,1,Sample 4,Cell type 1
246,-1.0012315393523552,2.155011683258608,0,Sample 3,Cell type 1
247,0.2622569382744682,1.739416111630264,1,Sample 4,Cell type 1
248,-0.49145851527703555,0.4321688062131719,1,Sample 4,Cell type 1
249,0.537911470089106,-0.8666753461121248,2,Sample 1,Cell type 1
250,0.8951156783445354,0.019542741350065063,3,Sample 2,Cell type 1
251,0.5590627361620278,1.3367783555115118,1,Sample 4,Cell type 1
252,0.7950257716243513,0.09913150816915972,2,Sample 1,Cell type 1
253,-1.3355242248970975,1.434688153903948,0,Sample 3,Cell type 1
254,-0.6367762990803987,-0.8464883639826821,3,Sample 2,Cell type 1
255,1.272322854858911,-1.455318558938027,2,Sample 1,Cell type 1
256,0.12647511886142881,-0.9732452256214792,3,Sample 2,Cell type 1
257,-0.44180900169008686,-1.8777149197030512,3,Sample 2,Cell type 1
258,-0.017485397953698946,-0.43421490095657866,3,Sample 2,Cell type 1
259,-0.8733607009114515,0.6903202380204791,1,Sample 4,Cell type 1
260,0.17913130725172915,2.0913123439790757,0,Sample 3,Cell type 1
261,-0.0097974182775317,0.2821965028113347,0,Sample 3,Cell type 1
262,-0.4389799261927692,1.0742759209128918,0,Sample 3,Cell type 1
263,-0.61283616192032,-1.369013640398646,3,Sample 2,Cell type 1
264,-0.02257430314978382,0.09146099533669338,3,Sample 2,Cell type 1
265,-0.11080979568577981,-1.3391120338578821,2,Sample 1,Cell type 1
266,0.8853683394298539,-2.81969682496496,3,Sample 2,Cell type 1
267,-0.42864117044183825,-0.3658863660743574,1,Sample 4,Cell type 1
268,0.6977576000583823,0.7479306150447131,1,Sample 4,Cell type 1
269,-0.35203558935758705,1.1045924618288732,0,Sample 3,Cell type 1
270,1.6492028613091183,1.966692984474514,0,Sample 3,Cell type 1
271,-0.9597802120721708,-0.44086425193536893,2,Sample 1,Cell type 1
272,-0.47109346139095687,0.3301900551602397,1,Sample 4,Cell type 1
273,-0.37995624892876495,0.47733661394103044,0,Sample 3,Cell type 1
274,-0.44947367948135925,-0.6165112372564621,2,Sample 1,Cell type 1
275,-1.261597185752798,0.3577404448393261,1,Sample 4,Cell type 1
276,-1.1192627425475805,-2.2162294337924875,2,Sample 1,Cell type 1
277,-0.7262049441175363,2.215427138913415,1,Sample 4,Cell type 1
278,-0.17209104013639193,0.23382130212904162,3,Sample 2,Cell type 1
279,1.329007371638296,0.6343229947309825,0,Sample 3,Cell type 1
280,1.1381985088799522,1.740972321793274,1,Sample 4,Cell type 1
281,0.06546348683805202,0.9208882774470859,0,Sample 3,Cell type 1
282,1.1575823074829863,1.1572438212092597,0,Sample 3,Cell type 1
283,0.599426045503561,-1.4779830864195227,3,Sample 2,Cell type 1
284,-0.33088442673731544,2.510150125872152,1,Sample 4,Cell type 1
285,-0.3338934508840675,0.763928068609675,1,Sample 4,Cell type 1
286,0.2733281855621011,-1.217051982454638,2,Sample 1,Cell type 1
287,-0.8368968680500034,-0.6212740674300268,2,Sample 1,Cell type 1
288,-0.4820994436916459,-0.9985735671163128,3,Sample 2,Cell type 1
289,-0.15541530558281547,0.3953667998733096,1,Sample 4,Cell type 1
290,-1.1584674731978593,-0.12597101950124423,0,Sample 3,Cell type 1
291,-0.09163187620209431,1.9902530495787696,0,Sample 3,Cell type 1
292,-0.6643555252452522,1.418011284212606,1,Sample 4,Cell type 1
293,0.838786120840474,-0.6097801431325294,2,Sample 1,Cell type 1
294,-0.9243614350541277,-0.41993516444199364,3,Sample 2,Cell type 1
295,-0.753648146859396,-1.4383966549929101,3,Sample 2,Cell type 1
296,0.16067607449256768,-0.9193671418841549,2,Sample 1,Cell type 1
297,0.955287522437898,0.2150675750882547,1,Sample 4,Cell type 1
298,-0.424400918088422,0.539345407484256,0,Sample 3,Cell type 1
299,1.1139722400514631,0.7999627883208378,0,Sample 3,Cell type 1
300,0.41448136162398064,-1.4233608078492104,2,Sample 1,Cell type 1
301,0.5648631310521053,0.8058549785503734,1,Sample 4,Cell type 1
302,0.9142582516120165,1.6015464261494192,0,Sample 3,Cell type 1
303,-0.5878487180273527,-2.119382607379705,3,Sample 2,Cell type 1
304,0.1995607567440578,-0.6806174456485383,3,Sample 2,Cell type 1
305,1.6107097980212985,1.10922826486619,0,Sample 3,Cell type 1
306,-0.7607627064755773,-0.4432543192473203,3,Sample 2,Cell type 1
307,-0.19470718350001448,0.7601294429800955,1,Sample 4,Cell type 1
308,0.8230151931387845,-0.5986519638649694,2,Sample 1,Cell type 1
309,-0.7181275082200432,-1.5099899478600094,3,Sample 2,Cell type 1
310,0.2703644433160202,-1.4737926758502518,2,Sample 1,Cell type 1
311,-1.4184259745655052,2.0095372005711933,0,Sample 3,Cell type 1
312,0.29882694672941496,0.16434758713226016,3,Sample 2,Cell type 1
313,0.877175387048707,0.49945817000303006,1,Sample 4,Cell type 1
314,2.46310464676419,1.8956599291476615,0,Sample 3,Cell type 1
315,0.8396421722554681,0.5718118307515456,0,Sample 3,Cell type 1
316,0.9496621429934043,-1.7718317901037484,3,Sample 2,Cell type 1
317,-0.31957239237828233,-0.8966500213346316,3,Sample 2,Cell type 1
318,0.08198771372656603,-1.3862620726455348,2,Sample 1,Cell type 1
319,0.10105135958656015,-1.3753046833683271,2,Sample 1,Cell type 1
320,-0.23083895670056387,0.37299718310045726,1,Sample 4,Cell type 1
321,0.2786733913969015,-1.7182640531405036,2,Sample 1,Cell type 1
322,0.7409420380253131,2.5275333123761046,0,Sample 3,Cell type 1
323,-0.7797453361818572,1.6296676829939618,0,Sample 3,Cell type 1
324,-0.4400922263492311,0.88237966125532,1,Sample 4,Cell type 1
325,0.545655592050105,1.1009423229295738,1,Sample 4,Cell type 1
326,-0.4531156729717786,-0.33470657105567714,2,Sample 1,Cell type 1
327,-1.2052202064312922,-1.8034324507954027,3,Sample 2,Cell type 1
328,1.062912662598585,1.250547579091984,1,Sample 4,Cell type 1
329,0.2802961731090706,-1.675459229746457,2,Sample 1,Cell type 1
330,-0.7282594735426272,-0.44386780133588755,3,Sample 2,Cell type 1
331,-0.7924290601045507,0.5469618163177825,0,Sample 3,Cell type 1
332,-1.0560617501898413,-1.1910020816507474,3,Sample 2,Cell type 1
333,-1.6304996281422832,0.19353095126607667,0,Sample 3,Cell type 1
334,-1.0081318121380642,0.506910873568418,1,Sample 4,Cell type 1
335,0.9899505077473114,0.634158675930568,1,Sample 4,Cell type 1
336,-1.7085393711829564,3.5101988269279953,0,Sample 3,Cell type 1
337,0.11046272673403748,-2.5089029631608213,3,Sample 2,Cell type 1
338,0.6592823174845647,-1.1313195301774193,3,Sample 2,Cell type 1
339,-0.1383568479387384,2.3693667841138746,0,Sample 3,Cell type 1
340,-0.9215980380633145,-0.9127336237201344,3,Sample 2,Cell type 1
341,0.08211642283173154,-1.238236924979168,3,Sample 2,Cell type 1
342,-0.7099937422416801,0.6500333597412716,0,Sample 3,Cell type 1
343,0.12425999935952117,-0.6814821879019703,2,Sample 1,Cell type 1
344,1.5940122825344947,0.3866747297733216,1,Sample 4,Cell type 1
345,-0.027140180742327102,-2.275804766530666,2,Sample 1,Cell type 1
346,-0.9360904208474876,-0.44158435006401575,0,Sample 3,Cell type 1
347,-0.5732587907392842,-0.35232445122249123,2,Sample 1,Cell type 1
348,-0.9912856605231207,-0.1740202126019521,1,Sample 4,Cell type 1
349,-1.738135636811229,1.6779373417203374,0,Sample 3,Cell type 1
350,-0.6177539102435035,0.33248257094922185,3,Sample 2,Cell type 1
351,0.8589053998878177,0.17878776047115175,0,Sample 3,Cell type 1
352,1.0086796159994478,-0.5066688188231054,3,Sample 2,Cell type 1
353,-0.33295552390820315,0.09594452876771375,1,Sample 4,Cell type 1
354,0.4212293469378457,-1.3819285649542403,2,Sample 1,Cell type 1
355,0.19053704491170265,-1.6726175119189,3,Sample 2,Cell type 1
356,0.4790355116495282,1.5346723909744648,1,Sample 4,Cell type 1
357,-0.6339359367999691,0.7536307762887677,1,Sample 4,Cell type 1
358,-0.40651215811784874,0.8817757449460227,1,Sample 4,Cell type 1
359,-1.118854059055313,1.4503753893524567,0,Sample 3,Cell type 1
360,0.690822594017217,-0.8628245459276872,2,Sample 1,Cell type 1
361,0.1211224383613861,-0.7612385488148482,2,Sample 1,Cell type 1
362,-0.9226659225645961,-0.3498754776885684,1,Sample 4,Cell type 1
363,1.5137534086664544,-1.7069753125528502,3,Sample 2,Cell type 1
364,-1.7425690557851443,-1.4235735708056065,2,Sample 1,Cell type 1
365,0.7921329911674313,-1.173704859956962,2,Sample 1,Cell type 1
366,1.4660456347833615,1.6513214096946132,1,Sample 4,Cell type 1
367,-0.09251862591059243,0.759117043528569,0,Sample 3,Cell type 1
368,0.9445127299617158,0.4981492432389577,1,Sample 4,Cell type 1
369,0.8934670204239634,1.1491329357952371,1,Sample 4,Cell type 1
370,0.41088008525577324,0.5738393282704708,0,Sample 3,Cell type 1
371,0.4042697181178788,-0.5777285200675303,3,Sample 2,Cell type 1
372,-0.9916704100200227,-0.5137277290119932,3,Sample 2,Cell type 1
373,-0.41493337569696814,-0.31743876395875636,2,Sample 1,Cell type 1
374,0.687667897874845,-0.9361588127530135,2,Sample 1,Cell type 1
375,-0.11771160385128557,-1.5252992566397638,3,Sample 2,Cell type 1
376,-0.6181275562166593,1.664153449490088,1,Sample 4,Cell type 1
377,-0.490230952387509,0.6898387520512126,0,Sample 3,Cell type 1
378,-1.6794850115352205,-0.4534215881689536,2,Sample 1,Cell type 1
379,-0.7004946027078058,-0.10623978477146889,0,Sample 3,Cell type 1
380,-0.2951515512251698,-0.8289529648471493,2,Sample 1,Cell type 1
381,2.0586878425998885,1.0473747472115906,0,Sample 3,Cell type 1
382,1.1697567509741096,-0.6410913883883782,2,Sample 1,Cell type 1
383,1.218499261815726,1.431128034947727,0,Sample 3,Cell type 1
384,-0.6287915684063596,-0.06498636284622239,0,Sample 3,Cell type 1
385,-0.9511707356279695,-1.0399041233024942,2,Sample 1,Cell type 1
386,0.042447450346095233,-0.3077681950918001,3,Sample 2,Cell type 1
387,-0.7515705935887862,-0.10460406594872318,2,Sample 1,Cell type 1
388,0.1560199872225014,0.39337434488992784,1,Sample 4,Cell type 1
389,0.3087760740551007,-1.9413159551200425,3,Sample 2,Cell type 1
390,0.23796964249425323,-0.8884017630820329,2,Sample 1,Cell type 1
391,-0.7245858406900951,0.4769869290809441,0,Sample 3,Cell type 1
392,-0.09816714687657932,1.074697899421321,1,Sample 4,Cell type 1
393,-1.2154959727632109,0.6126127417069989,0,Sample 3,Cell type 1
394,-0.2628947805991877,1.4825499448658745,1,Sample 4,Cell type 1
395,0.6953248515114185,1.7098326698133937,1,Sample 4,Cell type 1
396,0.02623759632926921,0.3932037322399444,1,Sample 4,Cell type 1
397,-0.27415007526427904,0.7028473072033667,0,Sample 3,Cell type 1
398,0.5979559771416447,-0.7616990471809238,3,Sample 2,Cell type 1
399,-1.0785483376845704,1.594611275218172,0,Sample 3,Cell type 1
400,1.82066034211811,-1.6817797143978592,2,Sample 1,Cell type 1
401,0.25533960833534436,2.072360356818516,0,Sample 3,Cell type 1
402,-0.7950901398678827,1.3361532343159932,1,Sample 4,Cell type 1
403,-1.465345797764821,0.15895207068852435,1,Sample 4,Cell type 1
404,0.3229840722692876,0.9806435148872671,0,Sample 3,Cell type 1
405,0.2640910323767549,-1.6512085354332446,3,Sample 2,Cell type 1
406,-0.7834401842261083,-0.8693117160673596,3,Sample 2,Cell type 1
407,0.0394625326358749,-0.42204241182321645,3,Sample 2,Cell type 1
408,-0.16721860582882023,0.31958363663255984,0,Sample 3,Cell type 1
409,1.0625553134792465,1.444984007520528,0,Sample 3,Cell type 1
410,-0.9209229892422954,-3.271262927588342,2,Sample 1,Cell type 1
411,1.0536920538718924,0.905545178407137,0,Sample 3,Cell type 1
412,0.5108739670218991,-0.32921604981516794,0,Sample 3,Cell type 1
413,1.2834712866468772,-1.2280754056336112,2,Sample 1,Cell type 1
414,0.010401513502325616,2.1628272617258535,0,Sample 3,Cell type 1
415,-0.3546258009532083,0.2921578287784792,0,Sample 3,Cell type 1
416,0.6937499302621911,-1.3978834971312746,3,Sample 2,Cell type 1
417,-0.8048139051997616,0.028649109769814274,0,Sample 3,Cell type 1
418,-0.16649780028582017,0.6055992522729337,0,Sample 3,Cell type 1
419,0.41715951924762323,0.06957525884476823,3,Sample 2,Cell type 1
420,-2.1635133052822204,-1.5039076418910482,2,Sample 1,Cell type 1
421,0.239002326692549,0.3985671599238525,0,Sample 3,Cell type 1
422,-0.17700289886861761,0.7785493600888634,0,Sample 3,Cell type 1
423,1.2745493013115177,0.5910274588550519,0,Sample 3,Cell type 1
424,0.2593330819907537,0.8958855565058523,0,Sample 3,Cell type 1
425,0.16772753221970063,0.6066910514943621,1,Sample 4,Cell type 1
426,0.8501258326300212,-1.3005069326124286,2,Sample 1,Cell type 1
427,1.536294001715409,0.021683984355548858,1,Sample 4,Cell type 1
428,-0.6071765591226759,-1.7829926690478128,2,Sample 1,Cell type 1
429,-0.5440197772627927,1.1858029577288027,0,Sample 3,Cell type 1
430,1.3226477097428244,-0.5015301216887238,2,Sample 1,Cell type 1
431,-0.9207948619378423,1.3005584146765377,0,Sample 3,Cell type 1
432,0.4758034733322288,1.6827324470242462,0,Sample 3,Cell type 1
433,-1.4689642984826374,1.4063930615300348,0,Sample 3,Cell type 1
434,0.3041582808047706,1.4884685962270585,0,Sample 3,Cell type 1
435,1.133129433360234,-0.3814080106673926,3,Sample 2,Cell type 1
436,0.2069289182843105,1.1701918206861284,1,Sample 4,Cell type 1
437,0.047704295936139306,0.4824505778355409,0,Sample 3,Cell type 1
438,0.6037866384542474,-0.8404608112105862,2,Sample 1,Cell type 1
439,-1.6520664370050566,1.022766064946527,1,Sample 4,Cell type 1
440,-0.04249652241403628,1.978855105934902,1,Sample 4,Cell type 1
441,0.12033512411486114,1.2919688019729803,0,Sample 3,Cell type 1
442,0.6863190602330744,-0.5571443751457654,2,Sample 1,Cell type 1
443,0.4044713934686997,2.1912904866626315,1,Sample 4,Cell type 1
444,0.3679777143512932,0.4578277041983151,0,Sample 3,Cell type 1
445,1.9529773779775312,-0.6502985762151585,3,Sample 2,Cell type 1
446,0.5123838361606591,0.847597515201751,1,Sample 4,Cell type 1
447,0.023352403148453958,-0.44162077589592197,2,Sample 1,Cell type 1
448,-0.27144894971052724,-1.0330697638473363,3,Sample 2,Cell type 1
449,0.18622939435213093,0.3945888183872589,1,Sample 4,Cell type 1
450,0.3647102176652861,2.7320018759208673,0,Sample 3,Cell type 1
451,-0.6249251025048914,-1.2078401126140101,2,Sample 1,Cell type 1
452,0.13331031624947084,-0.15203986419009885,3,Sample 2,Cell type 1
453,0.7186876546775885,-0.10017862401134991,3,Sample 2,Cell type 1
454,0.4089620796199846,2.0989268361303663,0,Sample 3,Cell type 1
455,0.9441025389932222,-0.08456554515204873,2,Sample 1,Cell type 1
456,0.8663999508134949,-1.8611049499216468,3,Sample 2,Cell type 1
457,0.6359384911004473,0.07930808409074364,3,Sample 2,Cell type 1
458,-1.076011587144535,-1.6888397377324604,3,Sample 2,Cell type 1
459,1.381571080986724,0.680291051508318,0,Sample 3,Cell type 1
460,1.3985096552966683,-0.1679505440779392,2,Sample 1,Cell type 1
461,-1.000326187175774,1.4836122610842934,1,Sample 4,Cell type 1
462,1.1348250761184293,-0.9902469252280637,1,Sample 4,Cell type 1
463,0.009735745826324159,-1.0742996011144421,3,Sample 2,Cell type 1
464,0.5433142203505564,0.7583636004081087,1,Sample 4,Cell type 1
465,-0.29422762125684415,-0.4379733488529155,3,Sample 2,Cell type 1
466,0.005890145138853708,-2.1828375495990393,2,Sample 1,Cell type 1
467,0.5124343480598188,1.098462561324945,1,Sample 4,Cell type 1
468,0.00042236708527783426,1.4809653991432918,1,Sample 4,Cell type 1
469,-0.16693469697637267,-1.2501347565858858,2,Sample 1,Cell type 1
470,0.44251932510336733,0.5614397614665818,1,Sample 4,Cell type 1
471,0.31105512821097064,-1.939098661044823,3,Sample 2,Cell type 1
472,0.3787775192281828,0.7858871272809651,1,Sample 4,Cell type 1
473,-0.1399678053563269,0.39540387240572417,0,Sample 3,Cell type 1
474,-0.7026106022587734,-0.9200904364726297,2,Sample 1,Cell type 1
475,1.0964289151973707,1.5561623200671995,1,Sample 4,Cell type 1
476,0.6256219100593021,-1.729293841723122,3,Sample 2,Cell type 1
477,0.7663951531840153,-0.46916350520125205,3,Sample 2,Cell type 1
478,-0.38150116851506854,0.3416926961494968,3,Sample 2,Cell type 1
479,0.24888799291455618,-0.5117194336769224,1,Sample 4,Cell type 1
480,-0.3564020171206175,2.1627075816941606,0,Sample 3,Cell type 1
481,0.8242267632254738,1.1910313272212107,0,Sample 3,Cell type 1
482,0.4631429188569879,-0.6319661409116271,3,Sample 2,Cell type 1
483,0.5083344241673812,0.008593284117221933,1,Sample 4,Cell type 1
484,0.9541881323331316,-0.006294524727110229,1,Sample 4,Cell type 1
485,1.030460579881902,-0.9883928005898767,2,Sample 1,Cell type 1
486,0.3785900996588359,0.9417368698745018,0,Sample 3,Cell type 1
487,0.5378347264323218,-2.2003812393304014,2,Sample 1,Cell type 1
488,-0.5288200437019953,-1.411950965146618,3,Sample 2,Cell type 1
489,1.64624894167821,-2.1507289334356474,3,Sample 2,Cell type 1
490,-0.08905507903824056,-0.7607314127831153,3,Sample 2,Cell type 1
491,1.3688230473526302,-0.5808315903386121,2,Sample 1,Cell type 1
492,-0.6591483895775997,0.42471243884065124,1,Sample 4,Cell type 1
493,0.3272519506672457,-0.4666976932344874,3,Sample 2,Cell type 1
494,1.0168522608056267,-1.7840498414724912,2,Sample 1,Cell type 1
495,-0.8577112095884856,-1.337080386795686,0,Sample 3,Cell type 1
496,-0.04786091482392296,-0.6051518365325668,2,Sample 1,Cell type 1
497,-0.41112050131907457,-1.9591611183951008,2,Sample 1,Cell type 1
498,0.38320251471420713,-1.6890476637576866,3,Sample 2,Cell type 1
499,-0.22652150790390058,-2.6200319309409386,3,Sample 2,Cell type 1
500,1.8179477763575056,1.7112296978239137,1,Sample 4,Cell type 1
501,0.6405615580364614,0.6478760013899216,3,Sample 2,Cell type 1
502,-0.14873958475901658,-2.2795158097554493,2,Sample 1,Cell type 1
503,-1.2261471767389873,-1.9028725384776277,3,Sample 2,Cell type 1
504,-0.8769762598948522,-1.0542971053595855,2,Sample 1,Cell type 1
505,-1.913564963450419,-0.32418049937464,2,Sample 1,Cell type 1
506,-0.18732269977866878,0.8126904344406556,0,Sample 3,Cell type 1
507,-0.02799079239756936,2.416640508508408,0,Sample 3,Cell type 1
508,-0.013604859587064796,-0.5959831293809865,2,Sample 1,Cell type 1
509,0.32785492554281004,0.8069938763051661,0,Sample 3,Cell type 1
510,0.6500206579153585,2.0849920228566585,0,Sample 3,Cell type 1
511,-0.504366763348382,0.3096659263941941,3,Sample 2,Cell type 1
512,-0.3033021927899897,0.8371357119181105,0,Sample 3,Cell type 1
513,0.6506243248516744,-1.6750831019399195,3,Sample 2,Cell type 1
514,-0.08920706171435497,0.35602681531795133,1,Sample 4,Cell type 1
515,0.9603311263555403,0.47448457682288336,0,Sample 3,Cell type 1
516,-0.5148145843041144,1.7422721024649896,0,Sample 3,Cell type 1
517,0.8533397516713231,1.9354364723565383,0,Sample 3,Cell type 1
518,-0.6030896909527692,-0.6938771588180067,2,Sample 1,Cell type 1
519,-1.0458958257847712,-2.27829770759587,2,Sample 1,Cell type 1
520,0.33034516342049947,0.5490203577568202,0,Sample 3,Cell type 1
521,0.7143630960870154,2.46369616137287,1,Sample 4,Cell type 1
522,2.1682653154679143,-0.5841031855184708,3,Sample 2,Cell type 1
523,0.8254756315749079,-0.18844829842957767,0,Sample 3,Cell type 1
524,0.5747339387773128,-1.1261975865851883,2,Sample 1,Cell type 1
525,0.38420840112474,-1.8440861403843596,2,Sample 1,Cell type 1
526,-0.8818337198691387,1.5450876083543585,1,Sample 4,Cell type 1
527,0.3201886844214201,-0.8386776758965963,2,Sample 1,Cell type 1
528,0.4007337500995046,0.21795580416115912,0,Sample 3,Cell type 1
529,0.3604827302900311,-0.49585307162573145,1,Sample 4,Cell type 1
530,0.345882171360272,-1.5737455205779773,3,Sample 2,Cell type 1
531,0.9305310017239677,1.0081864488156695,0,Sample 3,Cell type 1
532,-0.09298323449756654,1.171770546536421,1,Sample 4,Cell type 1
533,0.054270811133550145,-2.615941865724909,2,Sample 1,Cell type 1
534,0.21427491029306667,-1.6588279765006795,2,Sample 1,Cell type 1
535,-0.46913211911101876,-1.495817702603102,2,Sample 1,Cell type 1
536,-1.4152402429915192,-0.7066028736861945,2,Sample 1,Cell type 1
537,0.9513811690046282,-0.46620388205660646,3,Sample 2,Cell type 1
538,0.8730480964754153,1.4873104967257416,0,Sample 3,Cell type 1
539,0.058669395822509345,-0.22498408345491727,3,Sample 2,Cell type 1
540,-0.14233430064351854,-1.7302487354372105,2,Sample 1,Cell type 1
541,-0.42122534967683445,-1.4188607907252664,2,Sample 1,Cell type 1
542,1.224600665874958,1.9750094813578534,0,Sample 3,Cell type 1
543,-0.3147058381957257,-1.6099343604823315,3,Sample 2,Cell type 1
544,-0.2613385980072352,-0.9001983202688524,2,Sample 1,Cell type 1
545,-0.3134065192350575,0.2620718524011979,0,Sample 3,Cell type 1
546,0.2362239524966947,-1.6211993123944004,2,Sample 1,Cell type 1
547,0.532333458953423,2.5529739491709993,1,Sample 4,Cell type 1
548,0.15968833472222624,-0.1246563619828196,3,Sample 2,Cell type 1
549,0.7330621397619852,1.2771907807183942,0,Sample 3,Cell type 1
550,0.7707009033954575,1.3302247415491988,0,Sample 3,Cell type 1
551,-1.245265518927801,0.65750787122727,0,Sample 3,Cell type 1
552,-0.1381018399526557,1.706927949989338,0,Sample 3,Cell type 1
553,-0.9455855968545752,-0.20322105692284342,3,Sample 2,Cell type 1
554,0.35160098449618116,1.6231492028096914,1,Sample 4,Cell type 1
555,-1.323909948982637,0.231962963776429,1,Sample 4,Cell type 1
556,0.14423590440275552,-1.6518945191274752,3,Sample 2,Cell type 1
557,0.22663029723691375,0.7928760210367382,0,Sample 3,Cell type 1
558,-0.6376908529799846,-0.9672602010168617,2,Sample 1,Cell type 1
559,-0.34621910687071095,-0.3649452262849474,2,Sample 1,Cell type 1
560,-0.4459934280062669,-0.09584238366326225,0,Sample 3,Cell type 1
561,-0.13810330743266774,-0.48905828809575924,2,Sample 1,Cell type 1
562,-0.5154722136175874,-3.1913121649099785,2,Sample 1,Cell type 1
563,0.5664869413508724,1.7653618534356674,0,Sample 3,Cell type 1
564,-0.3256290503414244,1.5490547655653608,1,Sample 4,Cell type 1
565,-0.1727684162801858,-0.25001800599446,2,Sample 1,Cell type 1
566,-1.1948078226025147,-2.699158066160532,2,Sample 1,Cell type 1
567,0.10927791647100189,-0.9796917776221826,2,Sample 1,Cell type 1
568,1.3636736746379017,-1.8864899666070953,2,Sample 1,Cell type 1
569,0.8768559259819189,-0.6597429533359116,2,Sample 1,Cell type 1
570,0.14369781810553875,0.07611809636193168,2,Sample 1,Cell type 1
571,0.20493648455542252,-0.045351195258299226,2,Sample 1,Cell type 1
572,0.2585341713478252,0.8819179309610651,0,Sample 3,Cell type 1
573,-0.03922347267042939,0.8717119351641354,1,Sample 4,Cell type 1
574,-0.5884239540718132,1.98887454016835,0,Sample 3,Cell type 1
575,-0.07311964600729157,0.935297201707631,1,Sample 4,Cell type 1
576,-0.7670227649494199,-2.082006951552578,2,Sample 1,Cell type 1
577,-0.8829358628242954,0.7353686205379542,1,Sample 4,Cell type 1
578,0.5675614537112316,0.6516109035441253,0,Sample 3,Cell type 1
579,0.38882903153410964,-0.2378431911506924,1,Sample 4,Cell type 1
580,0.3365597048147831,-1.4623366214661684,2,Sample 1,Cell type 1
581,0.017972714249637103,1.437695292140168,1,Sample 4,Cell type 1
582,-0.20398177393668424,2.203194390866151,0,Sample 3,Cell type 1
583,-0.3085381047822786,-0.6523978831269555,2,Sample 1,Cell type 1
584,-0.6545591067378458,0.9973004340712384,0,Sample 3,Cell type 1
585,-0.24415107638460143,-0.16247056440948837,2,Sample 1,Cell type 1
586,-0.5847650205723787,1.6063374799388956,1,Sample 4,Cell type 1
587,0.14776837982486665,1.7503324300085241,1,Sample 4,Cell type 1
588,0.7100031739312476,1.6086773234491822,1,Sample 4,Cell type 1
589,0.23445797863894502,0.4285188655789057,0,Sample 3,Cell type 1
590,-0.6893624562050066,1.0240251833312657,1,Sample 4,Cell type 1
591,0.5939671308740962,-1.5100700336607713,2,Sample 1,Cell type 1
592,0.25597215291613046,-2.125554720410536,2,Sample 1,Cell type 1
593,0.3155617139026375,0.6632124153437896,0,Sample 3,Cell type 1
594,-0.05175088402601479,1.0582992784124123,1,Sample 4,Cell type 1
595,-0.2549986521969065,-1.823849478833476,2,Sample 1,Cell type 1
596,0.41780050881422287,0.9216678028456767,1,Sample 4,Cell type 1
597,0.41509694435209765,-0.6033559831779434,2,Sample 1,Cell type 1
598,-0.38306996480672334,0.3097793887655035,1,Sample 4,Cell type 1
599,0.27972003783975496,-0.25184221708964416,1,Sample 4,Cell type 1
600,-0.3486317836989088,-1.6731596113032068,3,Sample 2,Cell type 1
601,-1.200177489157549,-1.623069634256348,2,Sample 1,Cell type 1
602,-0.47971199585696295,-0.6704376007505524,3,Sample 2,Cell type 1
603,-0.9625606843113156,0.1663644702055176,1,Sample 4,Cell type 1
604,0.9437801666885681,1.1552861047626861,1,Sample 4,Cell type 1
605,2.3485263218622228,-1.8586624257783164,2,Sample 1,Cell type 1
606,0.3743603377054814,-1.93622456511742,2,Sample 1,Cell type 1
607,-0.7270157366463788,0.34761986768276154,2,Sample 1,Cell type 1
608,2.461488296144403,0.08809272014425029,2,Sample 1,Cell type 1
609,0.2136402126954071,1.7117046364987498,0,Sample 3,Cell type 1
610,2.0790583200596657,-2.3792494486944284,3,Sample 2,Cell type 1
611,1.0931115294835507,-1.5901893637478728,3,Sample 2,Cell type 1
612,-0.19532530823251895,1.7712697346306858,0,Sample 3,Cell type 1
613,0.9168220600107321,-3.270005153117903,2,Sample 1,Cell type 1
614,-0.6050805962274427,-0.13780296767813938,0,Sample 3,Cell type 1
615,-0.004476815063237244,1.5349933244740102,1,Sample 4,Cell type 1
616,0.6807183697343778,0.8901025692804827,1,Sample 4,Cell type 1
617,0.259267175515836,0.6919341756669468,0,Sample 3,Cell type 1
618,1.3136121281090953,1.8078536714741074,0,Sample 3,Cell type 1
619,1.3727261049061557,-1.0780203069964989,2,Sample 1,Cell type 1
620,-0.7961187854827037,0.8547974702914662,1,Sample 4,Cell type 1
621,-0.08038057645736413,-1.045912562401234,2,Sample 1,Cell type 1
622,0.9455128743679693,1.3847264741991163,1,Sample 4,Cell type 1
623,0.3550555425169828,1.6197072427434693,0,Sample 3,Cell type 1
624,0.8580334396582071,0.14300812962941634,3,Sample 2,Cell type 1
625,0.5542152254790884,-0.11533354696422982,2,Sample 1,Cell type 1
626,0.6711524003756898,0.5061974507624614,1,Sample 4,Cell type 1
627,1.5717801063331116,1.028210841577383,0,Sample 3,Cell type 1
628,-0.8237569917064484,-1.3872136988976678,3,Sample 2,Cell type 1
629,0.7718813064779662,2.2924662588385853,0,Sample 3,Cell type 1
630,-0.55953163209863,-0.8706411786361976,2,Sample 1,Cell type 1
631,-1.0935029587323368,0.8201876784858532,0,Sample 3,Cell type 1
632,1.1474477354816608,-0.7721963252915454,3,Sample 2,Cell type 1
633,0.35333005134884854,-2.146984019848183,3,Sample 2,Cell type 1
634,-1.0503748239578183,-0.684819819308478,3,Sample 2,Cell type 1
635,-0.5565559017576512,0.26549841326674006,1,Sample 4,Cell type 1
636,-0.04941135988810314,1.3835532144688512,1,Sample 4,Cell type 1
637,1.404380558652392,2.258415780171885,1,Sample 4,Cell type 1
638,-0.7204722820288494,-1.9062279610141961,2,Sample 1,Cell type 1
639,1.2409962131421837,-0.2941708059206274,3,Sample 2,Cell type 1
640,1.0484847302507707,-0.06311842266435241,3,Sample 2,Cell type 1
641,0.6968997627453539,0.739181174265727,0,Sample 3,Cell type 1
642,-0.1611932271580144,0.9947829478164335,1,Sample 4,Cell type 1
643,-1.9510537266211434,0.8925766702509567,1,Sample 4,Cell type 1
644,-0.1021237452145521,0.5515138905221519,1,Sample 4,Cell type 1
645,-0.4803085542968846,-0.8882770483477194,3,Sample 2,Cell type 1
646,-0.14431334540992627,2.098278779741224,1,Sample 4,Cell type 1
647,0.24644043160328188,0.686681146062567,0,Sample 3,Cell type 1
648,0.2530866572289158,0.29180105110062193,1,Sample 4,Cell type 1
649,-0.5323378385035684,-0.4224772116494868,2,Sample 1,Cell type 1
650,-0.6946087692786659,-0.9217493655253541,2,Sample 1,Cell type 1
651,0.22326708667614814,-0.7667490586544218,2,Sample 1,Cell type 1
652,-0.6681143213040185,2.671630977355819,1,Sample 4,Cell type 1
653,0.671731091544951,-2.086014031873548,2,Sample 1,Cell type 1
654,0.09566429473132261,0.22154484729475554,0,Sample 3,Cell type 1
655,0.6006982235210656,-0.476455178315503,2,Sample 1,Cell type 1
656,-0.9149809658565294,1.0868477646212185,0,Sample 3,Cell type 1
657,0.16380710592142733,-0.3872973764155081,2,Sample 1,Cell type 1
658,-0.524550175569155,-1.1885689958853347,2,Sample 1,Cell type 1
659,-1.0625488391187445,1.1574889886952988,0,Sample 3,Cell type 1
660,0.0256033192526133,0.39726570372305314,0,Sample 3,Cell type 1
661,-0.7850607492139718,-2.1238535551420057,2,Sample 1,Cell type 1
662,-1.0284792912422178,-2.2926771767734655,3,Sample 2,Cell type 1
663,-1.3525373020851617,-1.782799636693285,2,Sample 1,Cell type 1
664,-0.3868491870772297,0.5102664662761434,1,Sample 4,Cell type 1
665,-0.8981776172498389,1.3059277969472405,0,Sample 3,Cell type 1
666,1.234189093823821,-0.8052199382905838,3,Sample 2,Cell type 1
667,-0.02563799533097081,-0.97318023808913,3,Sample 2,Cell type 1
668,-0.15464338115837592,0.17726806605591516,3,Sample 2,Cell type 1
669,0.4397465490322078,0.44114407941319045,2,Sample 1,Cell type 1
670,0.020168694032065695,-2.234494582354296,2,Sample 1,Cell type 1
671,0.2923153935401126,-1.0313296923542075,3,Sample 2,Cell type 1
672,1.2624944460497476,1.7883597484921747,1,Sample 4,Cell type 1
673,-0.386194817745626,0.2373371133930301,0,Sample 3,Cell type 1
674,0.3092689839241538,0.08743807949184457,3,Sample 2,Cell type 1
675,1.0512599852196833,-1.7589989562144002,3,Sample 2,Cell type 1
676,0.8949058673233694,-0.9895653004984383,2,Sample 1,Cell type 1
677,0.8057257604773354,-0.5856041788868385,2,Sample 1,Cell type 1
678,-1.6147902915109105,1.1160509967675054,1,Sample 4,Cell type 1
679,0.4278538690767282,1.9831844019912497,1,Sample 4,Cell type 1
680,-0.502519519804514,0.029105709596426887,3,Sample 2,Cell type 1
681,2.2239708993788447,-1.830393083991384,3,Sample 2,Cell type 1
682,-0.5232605465019391,-0.4645063174851656,0,Sample 3,Cell type 1
683,-0.12664438240773102,-1.1470831145273677,2,Sample 1,Cell type 1
684,-0.29748630582293245,0.4172307026557257,1,Sample 4,Cell type 1
685,0.5523781488972105,-0.7875064054619733,2,Sample 1,Cell type 1
686,0.46872336093171935,0.4105838912419024,1,Sample 4,Cell type 1
687,0.22135263946401526,1.661746599228819,0,Sample 3,Cell type 1
688,0.6557917738064759,-1.156378114868779,3,Sample 2,Cell type 1
689,-0.6547429327536012,2.225894179742493,1,Sample 4,Cell type 1
690,0.26708797325482775,2.145093425464947,1,Sample 4,Cell type 1
691,1.0326067392979426,1.0703271788245479,2,Sample 1,Cell type 1
692,0.554783129531195,0.6863898880646964,1,Sample 4,Cell type 1
693,0.2576658486135884,0.9911263968411184,1,Sample 4,Cell type 1
694,0.3197503614021133,0.47891448496653677,0,Sample 3,Cell type 1
695,0.37638639690328524,0.57787558326576,3,Sample 2,Cell type 1
696,0.09061632843021157,-0.1506223826538935,0,Sample 3,Cell type 1
697,0.3193784980842234,1.5177567517621928,0,Sample 3,Cell type 1
698,-0.03303308942772915,-2.1796021496385887,3,Sample 2,Cell type 1
699,-0.9409386692438245,1.390048237669375,1,Sample 4,Cell type 1
700,1.2741359986263072,-0.9845247433505966,2,Sample 1,Cell type 1
701,1.408950499893899,0.9997490619105802,1,Sample 4,Cell type 1
702,0.008282095874704486,-0.0494689858801276,0,Sample 3,Cell type 1
703,0.014437801974579424,-0.03146035796624225,3,Sample 2,Cell type 1
704,-0.22750771968520747,2.2724656580942804,1,Sample 4,Cell type 1
705,-0.05760809726426708,1.8028263183136195,0,Sample 3,Cell type 1
706,1.3538772579705638,-0.8845388226191705,3,Sample 2,Cell type 1
707,-0.9234901345863875,-0.40146304540137545,1,Sample 4,Cell type 1
708,0.6982594808045077,-1.7729253786963337,2,Sample 1,Cell type 1
709,1.1017447492036492,-0.1839707944783281,3,Sample 2,Cell type 1
710,1.941373189076418,1.346367860288557,1,Sample 4,Cell type 1
711,0.5431575902097864,0.35007812085006396,1,Sample 4,Cell type 1
712,1.335923603481125,1.3157372238583849,0,Sample 3,Cell type 1
713,0.8716292664613126,0.8923262175999789,3,Sample 2,Cell type 1
714,-1.2545154507360405,-0.6342295490459888,3,Sample 2,Cell type 1
715,-0.2239946414995838,-0.02322458897582913,1,Sample 4,Cell type 1
716,0.5659661686915048,-0.378454646116137,3,Sample 2,Cell type 1
717,-0.06617201911719456,-0.805526617871441,2,Sample 1,Cell type 1
718,-1.9995245718988586,2.8327540580725934,0,Sample 3,Cell type 1
719,-0.8775000635071889,-0.34234713757397806,3,Sample 2,Cell type 1
720,-0.665563933995561,0.48937381877720465,1,Sample 4,Cell type 1
721,-1.069254800251936,0.0693258862071866,3,Sample 2,Cell type 1
722,0.044579929830955684,1.8753532147767589,0,Sample 3,Cell type 1
723,0.08595549947271404,-0.6901028154936081,2,Sample 1,Cell type 1
724,-1.6201140693260858,1.149163451815542,0,Sample 3,Cell type 1
725,-0.029271979474344935,-0.47228000153410366,2,Sample 1,Cell type 1
726,-0.6047605653535364,-0.7116466589657817,3,Sample 2,Cell type 1
727,-0.3088902208689133,-0.18782328654855573,3,Sample 2,Cell type 1
728,-0.48868611184405264,-0.5964133948935864,2,Sample 1,Cell type 1
729,0.20253219043038495,1.656275210089965,1,Sample 4,Cell type 1
730,-1.0723909130931495,-1.255861022311005,3,Sample 2,Cell type 1
731,-0.4712897062249016,-1.748477039009941,2,Sample 1,Cell type 1
732,-0.08853229484586356,0.28268621814783346,1,Sample 4,Cell type 1
733,-0.3176922652542823,-1.0331774223993182,3,Sample 2,Cell type 1
734,-0.39356552389558647,0.06244551118957409,2,Sample 1,Cell type 1
735,0.22480740022544504,-0.706076500923869,1,Sample 4,Cell type 1
736,0.16045535778475428,1.9189098795429722,0,Sample 3,Cell type 1
737,-0.5101919874010528,0.5752024359985459,0,Sample 3,Cell type 1
738,-0.13016296125527343,-1.6969544240061047,3,Sample 2,Cell type 1
739,0.48259800045711504,1.2385267727924205,1,Sample 4,Cell type 1
740,0.4091996602894892,2.5481232320481837,1,Sample 4,Cell type 1
741,1.224156159090681,1.5319417298413929,1,Sample 4,Cell type 1
742,-1.2037762992248018,1.608044770951682,0,Sample 3,Cell type 1
743,-1.5724447131812043,-1.4696922164961181,3,Sample 2,Cell type 1
744,-0.6106288833428652,1.0303502683580816,1,Sample 4,Cell type 1
745,0.23483002397491243,-0.8004658498519667,2,Sample 1,Cell type 1
746,0.16881397376209473,0.9226295105036861,0,Sample 3,Cell type 1
747,-0.8430683962914766,-0.6577484838776775,2,Sample 1,Cell type 1
748,-0.1578707362458609,0.8789813730771906,0,Sample 3,Cell type 1
749,-0.5615933502454044,0.4696792659592415,0,Sample 3,Cell type 1
750,0.23726043611260944,1.3705478362140677,1,Sample 4,Cell type 1
751,-0.3458361432858642,0.018171787177011955,3,Sample 2,Cell type 1
752,-0.5021871248676045,0.7695689008623389,1,Sample 4,Cell type 1
753,2.478639547257006,-1.2065401104251476,2,Sample 1,Cell type 1
754,-0.6340165907461606,0.9082108468264808,0,Sample 3,Cell type 1
755,0.6554986145115251,-0.6608884140448111,2,Sample 1,Cell type 1
756,-0.08557717588678405,0.5537964758050398,2,Sample 1,Cell type 1
757,0.999603920564927,-0.06622191798371979,1,Sample 4,Cell type 1
758,1.0944634803908808,-0.8992788892840328,2,Sample 1,Cell type 1
759,-0.48994989971235037,1.2892028201648813,0,Sample 3,Cell type 1
760,0.06871440503466433,-0.7754402981980282,1,Sample 4,Cell type 1
761,-0.39722538838557525,-1.9227939407878272,2,Sample 1,Cell type 1
762,0.807577430876775,0.3240468491252029,1,Sample 4,Cell type 1
763,0.02299585834785399,2.022761490085839,0,Sample 3,Cell type 1
764,0.06825451405201925,0.35338742268725887,1,Sample 4,Cell type 1
765,0.2153015529960859,0.7254461796020716,0,Sample 3,Cell type 1
766,0.5972890916817257,-0.7395377465703439,2,Sample 1,Cell type 1
767,1.5107495516914053,-1.1313935880256256,2,Sample 1,Cell type 1
768,0.5164701697393548,-0.9844950098415798,2,Sample 1,Cell type 1
769,-1.220525051656076,2.010067282741746,0,Sample 3,Cell type 1
770,-1.1719797968839112,-1.5347639286825423,3,Sample 2,Cell type 1
771,0.19609142749809427,-0.41856476287855693,3,Sample 2,Cell type 1
772,0.6382805611057112,-2.4987530431636937,2,Sample 1,Cell type 1
773,-1.7748559727608797,0.9350222234507708,3,Sample 2,Cell type 1
774,0.45187388688009805,0.308638244908652,2,Sample 1,Cell type 1
775,0.2077780013771855,0.27654669991647307,0,Sample 3,Cell type 1
776,-0.36893578562769513,-0.39474826006948793,2,Sample 1,Cell type 1
777,0.020310736433928146,-0.5357385249581252,1,Sample 4,Cell type 1
778,0.17770701730697028,0.6170011026692181,0,Sample 3,Cell type 1
779,0.9975133724277756,0.9503967925071746,1,Sample 4,Cell type 1
780,2.057596253995975,-2.799545963360611,2,Sample 1,Cell type 1
781,0.001295225085552896,-0.6681816873689672,2,Sample 1,Cell type 1
782,-0.5831674000265298,-1.1512114381459793,3,Sample 2,Cell type 1
783,-0.2522373242288995,-1.7528181605331032,2,Sample 1,Cell type 1
784,1.025315036003015,1.4461528485800996,1,Sample 4,Cell type 1
785,0.44118102019161864,1.2724713731203974,1,Sample 4,Cell type 1
786,-0.3602027102226172,-1.6048032155652838,3,Sample 2,Cell type 1
787,0.518150830480554,2.2184238851264206,0,Sample 3,Cell type 1
788,0.02519324980959662,-0.4479410589307099,2,Sample 1,Cell type 1
789,-0.9431387930386603,-1.175735561880768,2,Sample 1,Cell type 1
790,-0.5360921603633864,1.9373743317729277,1,Sample 4,Cell type 1
791,-1.2412097992471434,-0.47035853219322143,2,Sample 1,Cell type 1
792,0.048184167952821155,2.9705936899882293,0,Sample 3,Cell type 1
793,0.2939853323794435,0.7491762510620816,1,Sample 4,Cell type 1
794,-0.47149180555536924,1.6796816776168197,0,Sample 3,Cell type 1
795,0.13476878101569142,2.0540780284863676,0,Sample 3,Cell type 1
796,0.6635798735453988,0.8449390889817572,1,Sample 4,Cell type 1
797,0.8389657011332509,2.324325690470636,1,Sample 4,Cell type 1
798,-1.2851570562060581,1.1627709086937785,0,Sample 3,Cell type 1
799,0.5218583027307357,-0.26111372558739965,0,Sample 3,Cell type 1
800,-1.4353148089588803,-0.5681883897373263,3,Sample 2,Cell type 1
801,-0.4282625487631382,0.9275733741566714,0,Sample 3,Cell type 1
802,-0.04832298335752663,-0.09777579949288118,2,Sample 1,Cell type 1
803,0.3495505357970799,1.952517019829073,0,Sample 3,Cell type 1
804,0.3515621523663925,0.014368389682471117,3,Sample 2,Cell type 1
805,0.45633693868863645,-1.2651450970252023,2,Sample 1,Cell type 1
806,-0.5899039227983669,-1.667347878986099,2,Sample 1,Cell type 1
807,-0.6169602396394325,-2.419175692889704,2,Sample 1,Cell type 1
808,0.2430548764839006,1.577250004100915,1,Sample 4,Cell type 1
809,-0.6235002602080937,-1.5215108660251047,3,Sample 2,Cell type 1
810,-0.46451864204316085,0.5108918020890973,1,Sample 4,Cell type 1
811,-1.1108340430649688,-0.2802168836029679,1,Sample 4,Cell type 1
812,-0.3846670316095835,-0.44306560227256875,2,Sample 1,Cell type 1
813,-1.1155960550874093,-0.15688675816329345,2,Sample 1,Cell type 1
814,0.497655992244839,2.0631466556283278,1,Sample 4,Cell type 1
815,-0.0501432778185375,1.7641138564009906,0,Sample 3,Cell type 1
816,0.6273171330827988,-1.7184217810595668,3,Sample 2,Cell type 1
817,0.23095490342388564,1.2082574710169767,0,Sample 3,Cell type 1
818,-0.7802928218226,2.0428063455478074,1,Sample 4,Cell type 1
819,-0.8409760238260022,-3.025415453000651,2,Sample 1,Cell type 1
820,-0.38451835319059313,1.0315052982262891,2,Sample 1,Cell type 1
821,1.440408945208683,1.9911570823515499,1,Sample 4,Cell type 1
822,0.14216080074660306,-0.06827548696808106,0,Sample 3,Cell type 1
823,0.32770889494719496,-0.7144217925864591,2,Sample 1,Cell type 1
824,-0.9836396755619335,1.3973593785892173,0,Sample 3,Cell type 1
825,-1.126009355774257,0.37774664992729967,0,Sample 3,Cell type 1
826,0.6382750239166133,-2.487469417328046,2,Sample 1,Cell type 1
827,0.8465360750592814,-0.6235921220971545,3,Sample 2,Cell type 1
828,0.17127499530416318,0.0034089770304095435,0,Sample 3,Cell type 1
829,0.9784664536762601,0.7929164797041347,1,Sample 4,Cell type 1
830,-0.4644187598437782,1.4708627235364877,0,Sample 3,Cell type 1
831,-0.04312387920459133,0.21415713569814832,1,Sample 4,Cell type 1
832,-0.7859899148306477,0.8202934800023803,0,Sample 3,Cell type 1
833,-0.9777022471135564,1.5703987441379104,0,Sample 3,Cell type 1
834,0.1536392931920253,0.7527068286379989,0,Sample 3,Cell type 1
835,0.16709087600380435,-0.5677360991038205,0,Sample 3,Cell type 1
836,-0.9950905883130281,0.4456758417632741,0,Sample 3,Cell type 1
837,1.187292822828772,1.284490679028528,1,Sample 4,Cell type 1
838,0.012494667159682438,1.7218217390293178,1,Sample 4,Cell type 1
839,0.5758063537185455,-0.03461836629693105,1,Sample 4,Cell type 1
840,0.765843858074825,-1.0848725082731363,3,Sample 2,Cell type 1
841,0.26531813370061025,-1.8377260549522116,2,Sample 1,Cell type 1
842,-0.6781071428952679,0.4783288891255514,1,Sample 4,Cell type 1
843,0.030402782534560233,1.096025061374609,0,Sample 3,Cell type 1
844,-1.032449137556975,-1.1146071322913542,2,Sample 1,Cell type 1
845,0.12847154653740783,0.08970592294806345,2,Sample 1,Cell type 1
846,-0.19048834904964326,1.0368021978026194,1,Sample 4,Cell type 1
847,-0.4908700842902356,-0.8430072474666236,2,Sample 1,Cell type 1
848,0.06393221099202999,-0.743255950459474,3,Sample 2,Cell type 1
849,-1.104478964719721,-1.348924353205988,2,Sample 1,Cell type 1
850,-1.079818455504985,0.4145354344478269,2,Sample 1,Cell type 1
851,0.232962204110426,-1.2908586359320233,3,Sample 2,Cell type 1
852,-0.37416096104951313,1.2772031053845727,0,Sample 3,Cell type 1
853,-0.22995801552028447,1.2298631235224073,1,Sample 4,Cell type 1
854,0.494688453007732,0.1644803834058386,3,Sample 2,Cell type 1
855,-0.8589509271342021,-0.935133965679341,2,Sample 1,Cell type 1
856,0.3508634327368043,-2.0960213018915432,3,Sample 2,Cell type 1
857,-0.3868937116443494,-0.32657538017278975,2,Sample 1,Cell type 1
858,-1.0087071634680362,1.7342895576438209,0,Sample 3,Cell type 1
859,-0.22203540505244126,0.0330190712127032,2,Sample 1,Cell type 1
860,-0.25587801860387516,1.1214063937989922,1,Sample 4,Cell type 1
861,0.29411943439313726,-0.6800212061212993,1,Sample 4,Cell type 1
862,0.18721956348251836,0.8011771055404405,1,Sample 4,Cell type 1
863,0.3784306257281722,-1.5164576576283162,2,Sample 1,Cell type 1
864,-1.0796609692412258,0.6678289856757827,1,Sample 4,Cell type 1
865,0.7358972127635441,-0.18486140792808126,3,Sample 2,Cell type 1
866,0.08751583568391431,1.5806132991189537,0,Sample 3,Cell type 1
867,-0.4817696482894245,1.375019404860019,0,Sample 3,Cell type 1
868,0.1178384003112672,-1.544395238211238,3,Sample 2,Cell type 1
869,0.18405660735312168,1.3981944712731154,1,Sample 4,Cell type 1
870,-0.17573751027000956,1.2856900572093972,0,Sample 3,Cell type 1
871,0.25837960289413453,0.9511968225156932,1,Sample 4,Cell type 1
872,0.37323624916010156,2.0769806049621984,1,Sample 4,Cell type 1
873,1.0073865918294391,1.9171526963205823,1,Sample 4,Cell type 1
874,-1.5834398483006302,1.598328204894027,0,Sample 3,Cell type 1
875,-1.3508041504548,-1.8960379379758978,2,Sample 1,Cell type 1
876,-0.0096348423679452,-1.8966141205569997,3,Sample 2,Cell type 1
877,0.8673585952348342,-0.8317575678224037,2,Sample 1,Cell type 1
878,1.26365771658457,0.5817119782773854,0,Sample 3,Cell type 1
879,0.38778625383557985,0.32291467600730117,0,Sample 3,Cell type 1
880,-0.8735471203162505,1.712198000669207,1,Sample 4,Cell type 1
881,-1.0976633498156914,-0.05604629596922872,3,Sample 2,Cell type 1
882,-0.651518549957059,0.20067442422430282,3,Sample 2,Cell type 1
883,-0.14090680284078264,-3.3196111038947858,2,Sample 1,Cell type 1
884,-0.30839459272988656,-2.657101743470526,3,Sample 2,Cell type 1
885,1.0660411741321023,-0.25685438917422787,3,Sample 2,Cell type 1
886,0.8448454472528415,1.1785911313033277,0,Sample 3,Cell type 1
887,0.03306050581649477,1.3544017043579002,1,Sample 4,Cell type 1
888,-0.8697967510902421,0.13133989689185155,1,Sample 4,Cell type 1
889,-1.9773156001018315,0.36248379562361854,0,Sample 3,Cell type 1
890,-0.32881994920253843,-0.18270161274156882,2,Sample 1,Cell type 1
891,1.2018856416768227,1.0592758243358202,0,Sample 3,Cell type 1
892,0.7695897512574729,-1.1896095760101022,2,Sample 1,Cell type 1
893,0.007026923918518254,-1.1901466535687875,2,Sample 1,Cell type 1
894,-1.3016039366933991,0.6180721844555852,2,Sample 1,Cell type 1
895,-0.44148651671395744,3.046559428534602,0,Sample 3,Cell type 1
896,0.5456416525700959,2.189796924268742,1,Sample 4,Cell type 1
897,-1.1141883777335972,-1.027640499163171,2,Sample 1,Cell type 1
898,-0.04192356046197557,2.363284413004393,1,Sample 4,Cell type 1
899,1.157250633001094,-1.367887409852112,3,Sample 2,Cell type 1
900,-0.16890419106215557,0.21025637827905275,0,Sample 3,Cell type 1
901,1.3696322272143142,-0.3981092078626094,1,Sample 4,Cell type 1
902,-0.6699245802523931,-2.6855112917008648,3,Sample 2,Cell type 1
903,1.8939314912216973,-1.3022119100179816,3,Sample 2,Cell type 1
904,-0.465344731158915,0.18819461544570648,0,Sample 3,Cell type 1
905,-0.4301166062238532,-0.4756769361198103,2,Sample 1,Cell type 1
906,1.6286988281454342,-0.6248175374812258,2,Sample 1,Cell type 1
907,0.011418454269147286,0.23684846448268404,1,Sample 4,Cell type 1
908,-1.6672903515988708,2.3797573198088866,1,Sample 4,Cell type 1
909,0.8550338571154339,-2.0287997652131953,3,Sample 2,Cell type 1
910,-0.8717064298739108,0.3721904734978372,1,Sample 4,Cell type 1
911,0.10733313279667483,-0.65732635947142,2,Sample 1,Cell type 1
912,-0.17797991742261232,2.637489756575646,1,Sample 4,Cell type 1
913,1.113631001269673,-0.9110964997627903,3,Sample 2,Cell type 1
914,0.025714517571648717,-2.3806168998500588,3,Sample 2,Cell type 1
915,-0.8791330037825551,-0.4500585958987966,3,Sample 2,Cell type 1
916,0.5861120617724634,0.9354267359131342,0,Sample 3,Cell type 1
917,0.5367289986215001,-0.5169675837776846,2,Sample 1,Cell type 1
918,-0.15175479476192602,-0.3203323751627062,3,Sample 2,Cell type 1
919,-0.24725298939060814,-0.6761412729533856,3,Sample 2,Cell type 1
920,-0.14045115639937242,1.5349238438063253,1,Sample 4,Cell type 1
921,0.5265144288020507,-1.3162268384129445,3,Sample 2,Cell type 1
922,0.416604896286969,-1.2622451679012183,3,Sample 2,Cell type 1
923,-0.4022950029367647,-0.05690725037044875,3,Sample 2,Cell type 1
924,-0.047723449593753284,-2.3613326866299333,3,Sample 2,Cell type 1
925,0.337236866829249,1.2134547170363215,1,Sample 4,Cell type 1
926,-0.6113494293102772,-0.29906085464553966,2,Sample 1,Cell type 1
927,-0.3106775506409267,-1.2444952888546503,2,Sample 1,Cell type 1
928,0.0254075652651606,-0.9394611675092911,3,Sample 2,Cell type 1
929,-0.819349459463364,2.4832740530673507,0,Sample 3,Cell type 1
930,0.953365997685652,0.9330256321206304,1,Sample 4,Cell type 1
931,0.33925348921476095,1.0315576385925915,1,Sample 4,Cell type 1
932,0.1791414991572851,-2.5572202290870916,3,Sample 2,Cell type 1
933,-0.1887759897687773,1.5953485682520276,1,Sample 4,Cell type 1
934,-1.7905849866599777,-0.6965601221080531,1,Sample 4,Cell type 1
935,-0.4627677831010651,-1.0619954399143903,3,Sample 2,Cell type 1
936,1.0318022032661964,1.5385450810159669,0,Sample 3,Cell type 1
937,0.7970134555577121,0.60499473347095,0,Sample 3,Cell type 1
938,-0.901996879162431,-0.09767280539714474,2,Sample 1,Cell type 1
939,-1.1446649612997375,-1.3812430411468197,3,Sample 2,Cell type 1
940,0.40688669858675364,-1.3442474559637139,2,Sample 1,Cell type 1
941,-0.5148398658539696,1.8239686540649291,0,Sample 3,Cell type 1
942,-0.20767308109088384,-0.20251436249448496,0,Sample 3,Cell type 1
943,-0.09078451670571296,-0.8227532211006315,2,Sample 1,Cell type 1
944,-0.8723192619542769,2.1287459037970162,0,Sample 3,Cell type 1
945,-0.35407143421932497,-0.9938176854594523,3,Sample 2,Cell type 1
946,-0.09942862172994904,-1.1691073838543753,2,Sample 1,Cell type 1
947,-0.5111693981516018,-0.058471834725998706,0,Sample 3,Cell type 1
948,0.5276251756713107,0.41320944026210693,2,Sample 1,Cell type 1
949,-0.548839805628144,-1.4937697973183692,2,Sample 1,Cell type 1
950,-0.5128650132306843,-0.4727565248692642,2,Sample 1,Cell type 1
951,0.2377817772680691,0.3338054733996272,3,Sample 2,Cell type 1
952,-0.4892142423935586,-0.1253288774785779,0,Sample 3,Cell type 1
953,-0.7885808370684351,1.4032372124142756,0,Sample 3,Cell type 1
954,-0.42516364108737204,-0.2542875402923648,1,Sample 4,Cell type 1
955,-0.15575783689334535,0.9486494583132018,1,Sample 4,Cell type 1
956,-0.8133465028611978,0.8047356210606389,1,Sample 4,Cell type 1
957,-0.035914424098029585,1.1460008244793707,1,Sample 4,Cell type 1
958,-0.31232699062437685,-0.5870847683308962,3,Sample 2,Cell type 1
959,0.602673296883626,1.3049267079062221,0,Sample 3,Cell type 1
960,-0.1057092711212378,-1.4189850422171375,2,Sample 1,Cell type 1
961,-0.41408903922893714,1.1790303613111188,0,Sample 3,Cell type 1
962,0.6738378616111222,-0.9814432171541001,2,Sample 1,Cell type 1
963,-0.07336481931610078,-1.7102156092308327,2,Sample 1,Cell type 1
964,0.15667620407814525,0.21730177790797434,0,Sample 3,Cell type 1
965,-0.322630233528751,-0.9323784129725403,3,Sample 2,Cell type 1
966,-0.23539400450916614,0.08526670866238573,2,Sample 1,Cell type 1
967,-1.03158446976775,-0.9532404154354801,3,Sample 2,Cell type 1
968,-0.09990950828005392,-0.9874417632337933,2,Sample 1,Cell type 1
969,0.29327859687747865,0.24809617093811576,0,Sample 3,Cell type 1
970,-0.7277518307266675,-0.39239996998710225,3,Sample 2,Cell type 1
971,0.9342256493278459,1.2035366746409706,0,Sample 3,Cell type 1
972,-0.31350141230949313,-1.8142114472615625,2,Sample 1,Cell type 1
973,0.5953535771999494,0.8550206614255176,1,Sample 4,Cell type 1
974,0.11544801554806308,-2.4669646141035475,3,Sample 2,Cell type 1
975,0.7603390705488402,0.5384770754700775,0,Sample 3,Cell type 1
976,0.3116836192735903,-2.776336807148101,2,Sample 1,Cell type 1
977,0.30856867242516195,-1.6479120792715265,3,Sample 2,Cell type 1
978,-0.5597804063940685,1.1711839285873777,0,Sample 3,Cell type 1
979,-0.19684999050395888,0.3254027237470466,0,Sample 3,Cell type 1
980,-0.5015736462302139,2.449958846397543,0,Sample 3,Cell type 1
981,-1.0686899233348908,-0.42069075254840216,2,Sample 1,Cell type 1
982,-0.576169616805432,-1.900523974240468,3,Sample 2,Cell type 1
983,-0.6460730720786368,-1.1787780041895513,3,Sample 2,Cell type 1
984,1.2229982804327268,-1.064836771777395,2,Sample 1,Cell type 1
985,-0.7523191331874827,-1.4486087255838882,2,Sample 1,Cell type 1
986,1.6977249576101068,1.8259722084409176,0,Sample 3,Cell type 1
987,0.36821729998584307,-0.8441261277838895,2,Sample 1,Cell type 1
988,-1.7357419341805618,-1.9553515208738315,2,Sample 1,Cell type 1
989,0.1643645496290423,-1.620485283681913,3,Sample 2,Cell type 1
990,0.8601772329455328,-0.16217887315242985,3,Sample 2,Cell type 1
991,0.15606154033808173,-0.5700170363148571,3,Sample 2,Cell type 1
992,0.2477814233088018,-0.6193984065347744,3,Sample 2,Cell type 1
993,0.39525113518041577,-3.2837013303235127,2,Sample 1,Cell type 1
994,0.12570233519275267,-0.8590481419978461,2,Sample 1,Cell type 1
995,0.1831971139674722,-0.4863211611186298,1,Sample 4,Cell type 1
996,-0.6596113292221388,0.5131282214082397,1,Sample 4,Cell type 1
997,0.1927014057603261,-1.5325547719148376,3,Sample 2,Cell type 1
998,2.1154746776136277,-0.20237626271612275,0,Sample 3,Cell type 1
999,-1.9906618827303917,0.4734012701329213,1,Sample 4,Cell type 1
1000,-0.020443256793156225,1.9381832154074918,0,Sample 3,Cell type 1
1001,-0.059158052486714074,0.6386724190723019,1,Sample 4,Cell type 1
1002,0.703171178456521,-0.6155131253221221,3,Sample 2,Cell type 1
1003,-1.028691213823772,-1.404391804355609,3,Sample 2,Cell type 1
1004,0.4503046881394839,0.29614851719835655,1,Sample 4,Cell type 1
1005,-2.1575093143532573,0.9565641067857502,0,Sample 3,Cell type 1
1006,-0.6484229038573011,-0.3144195704137711,3,Sample 2,Cell type 1
1007,0.15924775645877604,0.5198264982729642,0,Sample 3,Cell type 1
1008,0.2609064177936944,-0.0008908611082423246,0,Sample 3,Cell type 1
1009,-0.02045944975359555,-0.41526072391129465,1,Sample 4,Cell type 1
1010,-1.7758223579614807,-2.119745203786149,3,Sample 2,Cell type 1
1011,-0.6270125324691173,0.44756715814699244,1,Sample 4,Cell type 1
1012,-1.1872453319394682,-1.1667745684323263,2,Sample 1,Cell type 1
1013,-0.5722429674079746,1.5436781991477408,0,Sample 3,Cell type 1
1014,0.17471119003533936,0.031090740165041764,3,Sample 2,Cell type 1
1015,-0.36489666197935056,1.145141296091177,1,Sample 4,Cell type 1
1016,-0.21482451832466587,0.28704621966777,0,Sample 3,Cell type 1
1017,-1.8022347157850716,-0.7312254612475386,3,Sample 2,Cell type 1
1018,-1.4408461873221912,0.5658609602127826,0,Sample 3,Cell type 1
1019,0.5527287659137542,-1.3558454705363923,3,Sample 2,Cell type 1
1020,-1.5479712937923769,-1.119489196519713,3,Sample 2,Cell type 1
1021,-0.14438393087250054,3.554486054275889,0,Sample 3,Cell type 1
1022,1.0808583139305115,-0.2910470491321635,2,Sample 1,Cell type 1
1023,-1.3539717037718555,2.2236402555684913,0,Sample 3,Cell type 1
1024,-0.1785618037078441,2.191890750881666,1,Sample 4,Cell type 1
1025,0.47715291006540217,0.4925713218484775,1,Sample 4,Cell type 1
1026,0.2952131502601337,-0.9005714441193194,3,Sample 2,Cell type 1
1027,0.3997480882423471,1.3776018167354196,1,Sample 4,Cell type 1
1028,-1.01450944398025,-1.1346073075900331,2,Sample 1,Cell type 1
1029,0.31255673674251533,-0.06117770264886646,1,Sample 4,Cell type 1
1030,-0.3317044070512245,-1.5794420273661336,3,Sample 2,Cell type 1
1031,-0.9673589689916849,-0.9546066533625445,3,Sample 2,Cell type 1
1032,1.3820345360805693,1.3490589357392258,0,Sample 3,Cell type 1
1033,0.35132010696033406,-0.33345645498385457,3,Sample 2,Cell type 1
1034,-0.5025149913353427,-0.9208529703768931,2,Sample 1,Cell type 1
1035,0.24490764248220429,-1.1848476294727188,3,Sample 2,Cell type 1
1036,0.48986577120200964,-1.7828707119909235,2,Sample 1,Cell type 1
1037,0.20790623539873884,1.6254582974218483,0,Sample 3,Cell type 1
1038,1.3451939659344125,-1.7070951161125834,3,Sample 2,Cell type 1
1039,0.559162457373937,-1.5032302889628888,3,Sample 2,Cell type 1
1040,-0.652300502652897,0.14701205448061994,1,Sample 4,Cell type 1
1041,0.2976843780854903,1.311327356534343,1,Sample 4,Cell type 1
1042,0.6893088995983553,1.1112483189227342,1,Sample 4,Cell type 1
1043,0.6616923428526145,-0.8736205501988387,2,Sample 1,Cell type 1
1044,-0.41289331349714775,0.6996449838632111,3,Sample 2,Cell type 1
1045,-0.4780081557533133,2.1378958893588065,1,Sample 4,Cell type 1
1046,1.5780337414318466,-0.10879035391919856,1,Sample 4,Cell type 1
1047,0.03548703801248564,-2.396565946287722,2,Sample 1,Cell type 1
1048,-0.5888509227748114,-1.248750013080875,3,Sample 2,Cell type 1
1049,-0.5882427685455619,1.5771834590058746,1,Sample 4,Cell type 1
1050,-0.38097669883572727,1.699511344570182,1,Sample 4,Cell type 1
1051,-0.0664714621945465,-0.48089445927692875,3,Sample 2,Cell type 1
1052,-0.4719138542044863,-0.44104894918636517,2,Sample 1,Cell type 1
1053,0.6960541845510034,1.3965455103780837,0,Sample 3,Cell type 1
1054,0.5011477379631554,-1.0639267621300397,2,Sample 1,Cell type 1
1055,-0.36710147601999754,-1.8140678217707005,3,Sample 2,Cell type 1
1056,0.44524249962700657,-0.06838525527991313,1,Sample 4,Cell type 1
1057,-0.2785259174538505,-1.0599412448947583,3,Sample 2,Cell type 1
1058,0.31503783857300127,-0.5421380634764881,1,Sample 4,Cell type 1
1059,0.812749778850845,-1.3227037967749462,3,Sample 2,Cell type 1
1060,-1.2252282521949145,-0.07978608328136305,2,Sample 1,Cell type 1
1061,0.3108628836247713,2.9943996139462326,0,Sample 3,Cell type 1
1062,0.035063039568342606,-0.23535780391001526,3,Sample 2,Cell type 1
1063,-0.5066181637682181,-1.0774080825495114,3,Sample 2,Cell type 1
1064,-0.6713740185781109,0.7526300993190284,0,Sample 3,Cell type 1
1065,1.0643458755030533,-1.0964697507787755,3,Sample 2,Cell type 1
1066,0.23484634573330343,-0.08526544369872413,0,Sample 3,Cell type 1
1067,0.8668664824879966,-1.2667685545454175,3,Sample 2,Cell type 1
1068,0.4637065385708605,1.2606370532657332,0,Sample 3,Cell type 1
1069,0.4616577470681117,-1.1424186320510707,3,Sample 2,Cell type 1
1070,-1.4019016761127974,-1.6885833307162708,2,Sample 1,Cell type 1
1071,0.9194186610285406,0.43745885989929,0,Sample 3,Cell type 1
1072,-0.6077384142020428,-0.46908292237372684,3,Sample 2,Cell type 1
1073,0.6819749147463605,-1.983346878240333,2,Sample 1,Cell type 1
1074,-0.171320248568951,-0.33027641093489235,3,Sample 2,Cell type 1
1075,-0.4087913361565817,-3.042839676844719,2,Sample 1,Cell type 1
1076,-0.9597580226922466,-0.8529150903751015,1,Sample 4,Cell type 1
1077,1.0581955735081086,-1.135298148514253,2,Sample 1,Cell type 1
1078,1.2389114360192295,-0.7438267376409369,3,Sample 2,Cell type 1
1079,0.6853899371763668,-0.68156142679259,2,Sample 1,Cell type 1
1080,0.15407753498504412,0.9136877082191941,2,Sample 1,Cell type 1
1081,-0.2878149166312686,-0.06083814886563066,1,Sample 4,Cell type 1
1082,-0.2771412048055197,-0.2892538872822623,1,Sample 4,Cell type 1
1083,-0.45336408644404225,-1.4798571151336493,2,Sample 1,Cell type 1
1084,0.9264886988000542,1.6333301551703487,0,Sample 3,Cell type 1
1085,0.6328255576344376,0.27249003616420886,0,Sample 3,Cell type 1
1086,-0.49762784444350516,1.4661900665390915,1,Sample 4,Cell type 1
1087,-1.0226821030418596,-1.7163423687400334,3,Sample 2,Cell type 1
1088,0.5453947270521134,-0.22999769135991865,3,Sample 2,Cell type 1
1089,-0.05011166186178789,-0.8055012331896856,2,Sample 1,Cell type 1
1090,-0.968937543424625,1.5846112952532196,1,Sample 4,Cell type 1
1091,-0.41961621302381896,1.3914996489823346,0,Sample 3,Cell type 1
1092,-0.47652903523479373,2.099550474536654,0,Sample 3,Cell type 1
1093,-1.2721134645442385,-1.53172087800165,3,Sample 2,Cell type 1
1094,-0.8707289885382766,1.048402367484547,3,Sample 2,Cell type 1
1095,0.30944681655136214,1.8727843401487736,1,Sample 4,Cell type 1
1096,-0.4223952174124909,0.08245532813312595,3,Sample 2,Cell type 1
1097,0.07364410984959359,-0.6190077172898673,3,Sample 2,Cell type 1
1098,0.8059551785561588,-0.003938134401834104,1,Sample 4,Cell type 1
1099,1.039319856438134,-0.46596153570400345,3,Sample 2,Cell type 1
1100,-0.05617628921409326,-3.0178223339903605,2,Sample 1,Cell type 1
1101,-0.05071188162784862,-0.6137679007517456,3,Sample 2,Cell type 1
1102,0.15783381250496517,1.249046938754308,1,Sample 4,Cell type 1
1103,0.4448176774738326,-1.4730278310415157,2,Sample 1,Cell type 1
1104,0.02777099900204949,-0.574803370750443,1,Sample 4,Cell type 1
1105,-0.12025636821749766,0.7386430294509088,1,Sample 4,Cell type 1
1106,0.586263265457396,-2.019385695261436,2,Sample 1,Cell type 1
1107,0.6671377236391233,1.3673440633827494,0,Sample 3,Cell type 1
1108,0.7801581038259439,1.4008753359518762,0,Sample 3,Cell type 1
1109,-0.8826932849390989,-0.7223124743619864,0,Sample 3,Cell type 1
1110,-0.1520312280011956,0.7140436617516582,1,Sample 4,Cell type 1
1111,1.0375956372488875,0.9817055501608943,0,Sample 3,Cell type 1
1112,0.6055908933162816,0.2622677406578996,0,Sample 3,Cell type 1
1113,-0.960237125644621,0.7323990113272413,0,Sample 3,Cell type 1
1114,-1.5148917335630285,1.1706349658983508,1,Sample 4,Cell type 1
1115,0.26804348152973717,-0.5481687152738814,3,Sample 2,Cell type 1
1116,-0.39324955121514404,-2.1301806071204448,3,Sample 2,Cell type 1
1117,0.8629446667450366,0.9691932243994342,0,Sample 3,Cell type 1
1118,-0.32945869517092585,1.1055423734175656,1,Sample 4,Cell type 1
1119,1.0420723174289852,-0.8898704473055631,3,Sample 2,Cell type 1
1120,0.26139581168185605,1.2403794876886627,1,Sample 4,Cell type 1
1121,-1.5350169722392333,0.9787888996406265,0,Sample 3,Cell type 1
1122,-0.442541796277816,-1.2031613651177882,2,Sample 1,Cell type 1
1123,0.4585022505929601,-0.4286931935472891,1,Sample 4,Cell type 1
1124,-1.3833463116027362,0.5623339059916086,3,Sample 2,Cell type 1
1125,0.47171138508592003,-3.1214624504359594,3,Sample 2,Cell type 1
1126,-0.7026584617437912,0.6975936807854262,1,Sample 4,Cell type 1
1127,-0.6854814921022395,-1.9008431687288403,2,Sample 1,Cell type 1
1128,-0.9067368146340984,-0.720061027800486,3,Sample 2,Cell type 1
1129,0.9508774584696065,0.47948971310910493,2,Sample 1,Cell type 1
1130,1.751842346574138,0.3533613717158788,0,Sample 3,Cell type 1
1131,-0.1891590693886875,-1.095695699495017,2,Sample 1,Cell type 1
1132,0.1344122724260228,-0.24383077231081307,2,Sample 1,Cell type 1
1133,-0.8005034979865926,-1.6840763795273639,3,Sample 2,Cell type 1
1134,-1.016289637060069,-0.07624498662662393,3,Sample 2,Cell type 1
1135,0.3434726582413875,1.3037117187087723,1,Sample 4,Cell type 1
1136,0.5691284635723961,1.4903281608350731,2,Sample 1,Cell type 1
1137,0.0676147806522618,-1.5708677359257406,2,Sample 1,Cell type 1
1138,0.2270008189292009,0.2097013272794006,1,Sample 4,Cell type 1
1139,0.4801703725954222,-0.23365435582745275,2,Sample 1,Cell type 1
1140,1.143086166250854,-0.17930570563368464,1,Sample 4,Cell type 1
1141,-0.6106073252340135,-0.4439056805316153,0,Sample 3,Cell type 1
1142,0.23537930321079498,0.8124737597469424,1,Sample 4,Cell type 1
1143,0.49101668463192694,-0.6996353138981977,2,Sample 1,Cell type 1
1144,0.3264422774694046,1.4406380578189306,1,Sample 4,Cell type 1
1145,-0.34108607696443466,1.9187565673574039,0,Sample 3,Cell type 1
1146,0.5773376512345881,0.09675858302621654,0,Sample 3,Cell type 1
1147,0.6027355708019446,-1.4916310269528759,2,Sample 1,Cell type 1
1148,1.0135289193492982,0.43386442750497534,0,Sample 3,Cell type 1
1149,-0.8770200695161615,-0.15204070607543563,0,Sample 3,Cell type 1
1150,-0.027747909909424946,1.1873717860292166,0,Sample 3,Cell type 1
1151,1.3387616722388298,2.0723688414322785,1,Sample 4,Cell type 1
1152,0.10868753926532551,-1.0420040548309217,2,Sample 1,Cell type 1
1153,0.5317621962664879,0.5576633301061584,1,Sample 4,Cell type 1
1154,-0.09157789743909035,-0.8817952740798971,3,Sample 2,Cell type 1
1155,0.9426022780384019,-0.6734912697773149,3,Sample 2,Cell type 1
1156,-0.5084328790524454,-0.8333419930995263,2,Sample 1,Cell type 1
1157,0.9615453356316346,-0.9929692458943425,3,Sample 2,Cell type 1
1158,0.9878015312358361,-1.825564193675548,2,Sample 1,Cell type 1
1159,1.6449657039522578,0.11743330742265345,0,Sample 3,Cell type 1
1160,1.5296043752421582,-0.06875187793124993,3,Sample 2,Cell type 1
1161,0.27489463165476913,-0.41043212429018716,0,Sample 3,Cell type 1
1162,-2.0998536450992895,1.0392077669741777,2,Sample 1,Cell type 1
1163,-0.48597783009624584,-1.3234895941520182,2,Sample 1,Cell type 1
1164,-0.7987083513506332,1.2414335198555728,0,Sample 3,Cell type 1
1165,-0.42380816301363106,1.4106139464906848,0,Sample 3,Cell type 1
1166,-0.798645420232844,-0.5849655860386229,2,Sample 1,Cell type 1
1167,-0.13971835654530235,0.08813450466241046,3,Sample 2,Cell type 1
1168,-0.07623642590956169,1.2232172206162715,0,Sample 3,Cell type 1
1169,0.9365293034541282,-2.3241797697515465,3,Sample 2,Cell type 1
1170,0.181996700585643,-0.4912257994306096,2,Sample 1,Cell type 1
1171,0.4869884712995336,-1.445704458057785,2,Sample 1,Cell type 1
1172,-0.5029361976246883,-3.094506558953824,3,Sample 2,Cell type 1
1173,-0.3588342692222891,-0.8091560369810087,2,Sample 1,Cell type 1
1174,-0.9738261537763835,1.1275700054433033,1,Sample 4,Cell type 1
1175,-0.37152340984751014,1.3696487146015173,1,Sample 4,Cell type 1
1176,-1.442511741004756,-0.26730875440439195,0,Sample 3,Cell type 1
1177,-0.08700811876548609,1.321369377679153,0,Sample 3,Cell type 1
1178,-0.9446502522470759,1.8914573557350978,1,Sample 4,Cell type 1
1179,-0.5853053911268224,2.5123525481246265,1,Sample 4,Cell type 1
1180,-0.5842933053737094,1.1731668716655799,0,Sample 3,Cell type 1
1181,2.3544386682148972,-0.42040715169461784,3,Sample 2,Cell type 1
1182,-0.045632933482353415,-0.05281004544248846,2,Sample 1,Cell type 1
1183,-0.7023860694052488,0.33849571676811196,0,Sample 3,Cell type 1
1184,-0.4212441065093616,-2.0578779477466362,3,Sample 2,Cell type 1
1185,-0.48412498848479796,-0.27166520025154395,2,Sample 1,Cell type 1
1186,-0.391108895234953,0.27115226275526627,2,Sample 1,Cell type 1
1187,0.5919552411034531,0.34379790577722336,3,Sample 2,Cell type 1
1188,0.28115856603326633,1.856120190653142,0,Sample 3,Cell type 1
1189,-0.5939764685584387,-0.056018008976564726,0,Sample 3,Cell type 1
1190,-0.4809012421350775,-0.06726678379582163,2,Sample 1,Cell type 1
1191,-1.1322965936403315,0.6634837417877127,0,Sample 3,Cell type 1
1192,0.8453799290243348,-0.2265543165995645,3,Sample 2,Cell type 1
1193,-0.5131852761783618,1.3455380357391524,0,Sample 3,Cell type 1
1194,-0.03640979624099374,0.6606109332815652,1,Sample 4,Cell type 1
1195,-1.5142097420720415,-0.7508073129617681,2,Sample 1,Cell type 1
1196,-0.9956340000677782,-0.8137055300584815,2,Sample 1,Cell type 1
1197,-1.215476860381474,-1.2657244784884552,1,Sample 4,Cell type 1
1198,-0.41383076008029773,2.127477952148464,0,Sample 3,Cell type 1
1199,-1.3288667324537382,-0.5973983482003962,2,Sample 1,Cell type 1
1200,0.6403276201821458,1.6034330638508596,0,Sample 3,Cell type 1
1201,-1.245303338819123,1.4848079610765117,0,Sample 3,Cell type 1
1202,0.5275609928908892,-1.643158731781985,2,Sample 1,Cell type 1
1203,-0.20609638840879524,-1.0557067626400864,2,Sample 1,Cell type 1
1204,0.8813902894289672,-0.6064052105308031,3,Sample 2,Cell type 1
1205,1.74807591602889,-1.5493722744026361,2,Sample 1,Cell type 1
1206,-0.3812411385753931,-2.043671555040378,3,Sample 2,Cell type 1
1207,0.32755082451380185,-1.2213374173753164,2,Sample 1,Cell type 1
1208,-0.7852069208383607,1.3696827794106166,0,Sample 3,Cell type 1
1209,0.7120461859803678,-1.4858091312688675,3,Sample 2,Cell type 1
1210,0.2773679820839359,3.009245241267539,1,Sample 4,Cell type 1
1211,-0.2905053174536624,-0.3164783991034241,3,Sample 2,Cell type 1
1212,-0.10995881170215349,1.762299637762351,0,Sample 3,Cell type 1
1213,-1.4637454521664663,-0.5072263951625294,3,Sample 2,Cell type 1
1214,0.15176493408831654,0.47041425776271273,1,Sample 4,Cell type 1
1215,-0.8297969234611652,0.8477290575331135,0,Sample 3,Cell type 1
1216,-0.9534997633529999,0.5548231048977579,3,Sample 2,Cell type 1
1217,-1.0973389577843728,0.4324471980579627,1,Sample 4,Cell type 1
1218,-0.8916258520064494,-2.39136412173824,3,Sample 2,Cell type 1
1219,-0.6187646752267442,0.5189879850841912,2,Sample 1,Cell type 1
1220,0.5692919024711118,0.1002863265297046,0,Sample 3,Cell type 1
1221,-0.4023798164410745,1.2107897722648477,1,Sample 4,Cell type 1
1222,-0.3869269099500548,-1.1973795392915525,3,Sample 2,Cell type 1
1223,-0.7019872177245055,-2.1256697558272135,3,Sample 2,Cell type 1
1224,0.6322975168413691,1.2720410356551124,1,Sample 4,Cell type 1
1225,1.0905831801058004,-1.242900858318401,2,Sample 1,Cell type 1
1226,0.8467395894796703,-0.4069915891384914,0,Sample 3,Cell type 1
1227,-0.3572119616536169,1.685119035458778,0,Sample 3,Cell type 1
1228,-0.5490233086040676,-2.1461370317917225,2,Sample 1,Cell type 1
1229,-0.7236914999950129,1.9382054762139558,1,Sample 4,Cell type 1
1230,-1.208032969588202,-1.17643058332523,2,Sample 1,Cell type 1
1231,-0.412724250505872,-1.740313806114365,3,Sample 2,Cell type 1
1232,0.3011276208780133,0.27835875651399167,1,Sample 4,Cell type 1
1233,1.2380041610640493,2.4367021384764174,0,Sample 3,Cell type 1
1234,0.10248353192863142,0.45515867402009536,0,Sample 3,Cell type 1
1235,0.7954390613500987,-0.7962150900958325,3,Sample 2,Cell type 1
1236,-1.3467505537767603,0.355303946803049,0,Sample 3,Cell type 1
1237,0.9916672051532492,0.6830162575185921,1,Sample 4,Cell type 1
1238,0.5455623770359711,0.7517865947252351,0,Sample 3,Cell type 1
1239,-0.5089789701215438,-1.452048378840954,3,Sample 2,Cell type 1
1240,-0.2483127931020524,-2.238241245047225,3,Sample 2,Cell type 1
1241,-0.19925747572243258,-2.338315121049259,2,Sample 1,Cell type 1
1242,0.45581382418576316,1.358166848013852,0,Sample 3,Cell type 1
1243,-0.5223601246656647,-1.4398314877104266,3,Sample 2,Cell type 1
1244,1.1027738843630466,-1.5372097655844366,2,Sample 1,Cell type 1
1245,1.2870246845874989,1.6625837521476983,1,Sample 4,Cell type 1
1246,1.3059290431453083,-0.14411310236850627,0,Sample 3,Cell type 1
1247,-0.6529239912224352,-2.1640436840724417,3,Sample 2,Cell type 1
1248,0.0009643802897793895,0.3463290951454474,1,Sample 4,Cell type 1
1249,0.09856384542758855,1.441188300832374,0,Sample 3,Cell type 1
1250,-0.11155702054479964,0.6398485881188707,1,Sample 4,Cell type 1
1251,0.6334874483104541,-1.4565123441600902,2,Sample 1,Cell type 1
1252,-0.8440714945413561,-0.8989858110127454,2,Sample 1,Cell type 1
1253,-0.2752511653633813,-1.2996273206002007,2,Sample 1,Cell type 1
1254,-0.8648452323266099,1.842522282666323,0,Sample 3,Cell type 1
1255,0.9120542771961283,-1.6696721068920317,3,Sample 2,Cell type 1
1256,0.2866756088608026,-1.9572463428933493,2,Sample 1,Cell type 1
1257,-0.37683064449465825,1.185639949886109,0,Sample 3,Cell type 1
1258,0.34939084138680765,1.3234358039693581,1,Sample 4,Cell type 1
1259,0.3844694067421701,-1.698391173511482,3,Sample 2,Cell type 1
1260,-0.31368652250572615,-0.17081195850569486,0,Sample 3,Cell type 1
1261,0.9695551883091205,1.209000424987085,1,Sample 4,Cell type 1
1262,-1.235949877341407,-1.4314440115706164,2,Sample 1,Cell type 1
1263,0.7121587288998295,1.828199467779002,1,Sample 4,Cell type 1
1264,-1.3543654513563084,0.9213282985642001,0,Sample 3,Cell type 1
1265,-0.8157562557670854,-0.8349105829396395,2,Sample 1,Cell type 1
1266,1.7750241867585073,0.872763831679959,1,Sample 4,Cell type 1
1267,-0.7806986023818663,1.8429134372862717,0,Sample 3,Cell type 1
1268,-0.3806363552039209,-1.6608895933716337,2,Sample 1,Cell type 1
1269,1.2313138766485203,0.2579185682162617,3,Sample 2,Cell type 1
1270,-1.5000059099775491,-0.0560091762481707,3,Sample 2,Cell type 1
1271,1.520952548602406,0.9514713489483033,0,Sample 3,Cell type 1
1272,-0.8727731441721587,0.6713485696363322,0,Sample 3,Cell type 1
1273,-0.03789656203554876,-2.2657414106769016,2,Sample 1,Cell type 1
1274,0.22403627415792357,-3.139653702523313,3,Sample 2,Cell type 1
1275,-0.1028300091511446,-0.5054792363981113,0,Sample 3,Cell type 1
1276,1.0957608861233479,-1.868843665694469,2,Sample 1,Cell type 1
1277,-1.080859492966417,-0.05796636539485611,1,Sample 4,Cell type 1
1278,-0.29240474958821266,0.8789606238139821,1,Sample 4,Cell type 1
1279,0.9387538213059559,-1.2180357770894474,2,Sample 1,Cell type 1
1280,-0.5128914081797159,1.2594644728024371,2,Sample 1,Cell type 1
1281,0.7870818748849174,-0.8992907755386738,3,Sample 2,Cell type 1
1282,-0.5640094846067271,0.9553847378738352,0,Sample 3,Cell type 1
1283,0.6891492205062439,-0.7989466814095181,2,Sample 1,Cell type 1
1284,-0.1345150548678317,0.6223275378422981,0,Sample 3,Cell type 1
1285,0.32181446176103845,0.056796631632568095,3,Sample 2,Cell type 1
1286,0.334718576710947,2.1212788743571434,1,Sample 4,Cell type 1
1287,1.2897765026043395,1.7174714526924255,0,Sample 3,Cell type 1
1288,1.2633702524059132,1.613947783322327,0,Sample 3,Cell type 1
1289,1.7225459660092453,0.3861219496895604,0,Sample 3,Cell type 1
1290,0.1935698172528273,-0.5306241957262383,0,Sample 3,Cell type 1
1291,0.14639555971620832,-1.6674170744543724,3,Sample 2,Cell type 1
1292,-1.0878849127839354,1.5970028528217766,0,Sample 3,Cell type 1
1293,0.3091061230784488,-0.3297886227627287,2,Sample 1,Cell type 1
1294,0.13405608464079224,-0.07019232199546643,2,Sample 1,Cell type 1
1295,-0.1384574594270957,1.0124632380651741,0,Sample 3,Cell type 1
1296,-0.5717445415923454,1.4170239240110516,1,Sample 4,Cell type 1
1297,0.06927182997831993,0.8754582116863364,0,Sample 3,Cell type 1
1298,-1.1763916409850006,-2.0102158205588516,2,Sample 1,Cell type 1
1299,-0.0655155036579944,-0.2070471096586669,3,Sample 2,Cell type 1
1300,-0.4631614058791385,-1.7170940382601447,3,Sample 2,Cell type 1
1301,0.19950694696860422,2.2619626238107795,0,Sample 3,Cell type 1
1302,-0.34937578883247644,0.947093908299342,1,Sample 4,Cell type 1
1303,-0.49072213083275185,0.7580242508094973,0,Sample 3,Cell type 1
1304,-1.2391684200427802,1.2063807849769448,1,Sample 4,Cell type 1
1305,0.20299172919565878,1.3741545374123465,0,Sample 3,Cell type 1
1306,-0.5083279041829897,-1.0330341496058262,2,Sample 1,Cell type 1
1307,1.1616941593460484,-0.9886805880273933,2,Sample 1,Cell type 1
1308,1.319584715459137,1.856488447983349,1,Sample 4,Cell type 1
1309,-1.1734281524925416,0.5988782824914907,1,Sample 4,Cell type 1
1310,-0.056132569166917626,-0.3287687468127931,0,Sample 3,Cell type 1
1311,-0.014810508793911945,0.7690730888638894,0,Sample 3,Cell type 1
1312,-0.5747258124553579,1.7159395015555532,0,Sample 3,Cell type 1
1313,-0.5451041880556592,-0.22573918077983668,2,Sample 1,Cell type 1
1314,0.567528784469284,-1.1124427884019454,3,Sample 2,Cell type 1
1315,1.589648889359553,0.5752232817504284,1,Sample 4,Cell type 1
1316,-0.03299850318336242,0.7272969236826334,3,Sample 2,Cell type 1
1317,-0.07470948711995863,0.5765343100413033,1,Sample 4,Cell type 1
1318,-0.27025207535312246,-1.5019365875410986,3,Sample 2,Cell type 1
1319,-0.14141933049262567,-0.2388946390909974,1,Sample 4,Cell type 1
1320,2.1775297183251943,-0.3244353023426674,3,Sample 2,Cell type 1
1321,0.5065802480920748,-1.310103866130597,3,Sample 2,Cell type 1
1322,1.1127778864011206,-2.084776275887971,2,Sample 1,Cell type 1
1323,0.8710157233733377,0.6989594200600031,1,Sample 4,Cell type 1
1324,0.4418399501436186,1.5005047469168007,1,Sample 4,Cell type 1
1325,0.032735340316576905,0.19825003537482178,1,Sample 4,Cell type 1
1326,-0.4573968335648491,1.2660860082593581,1,Sample 4,Cell type 1
1327,-0.18474762416694238,1.5569650918507347,0,Sample 3,Cell type 1
1328,-0.8648506620799179,1.492748485555411,0,Sample 3,Cell type 1
1329,-0.3571468916404226,1.155271994318646,0,Sample 3,Cell type 1
1330,0.9330964365354018,-0.5752194704287276,2,Sample 1,Cell type 1
1331,0.40366545158191225,-0.49876930933044605,2,Sample 1,Cell type 1
1332,-0.10474064410090121,-0.09740817338492991,2,Sample 1,Cell type 1
1333,-0.050858831348897175,-2.1607423128889796,2,Sample 1,Cell type 1
1334,-0.8312889346941914,0.3500384441894351,3,Sample 2,Cell type 1
1335,0.4908143781843333,0.18176594784127553,0,Sample 3,Cell type 1
1336,-0.3882908382632828,1.065499311509058,0,Sample 3,Cell type 1
1337,-0.6907948839719472,-1.024962791151267,2,Sample 1,Cell type 1
1338,0.14959216777973144,-1.035418655875719,3,Sample 2,Cell type 1
1339,0.9489163792338392,0.23225918385590894,2,Sample 1,Cell type 1
1340,0.03944666521617811,1.6150717407751176,1,Sample 4,Cell type 1
1341,-0.4640425930960344,1.1915236004283016,1,Sample 4,Cell type 1
1342,-1.0777010316237572,0.22270876919147875,0,Sample 3,Cell type 1
1343,-1.102135494365673,0.24973996806790177,0,Sample 3,Cell type 1
1344,-0.2890484495738324,0.9486526709689446,1,Sample 4,Cell type 1
1345,1.1194843492688018,1.739706946330215,0,Sample 3,Cell type 1
1346,-0.8738502117380632,0.7468732402441585,0,Sample 3,Cell type 1
1347,0.5141782078940351,2.063322024105945,0,Sample 3,Cell type 1
1348,-0.45555981959368835,-1.0992171099119976,2,Sample 1,Cell type 1
1349,-2.162678437685886,-0.7285153497950236,3,Sample 2,Cell type 1
1350,-0.5496112797595979,-2.0804447714743866,2,Sample 1,Cell type 1
1351,0.35078059104778186,1.015693326155192,1,Sample 4,Cell type 1
1352,-0.788431680576744,-1.7757949757077396,2,Sample 1,Cell type 1
1353,1.3823710683054122,-1.3754771731413689,3,Sample 2,Cell type 1
1354,0.8215156946063316,-0.5203379670037154,2,Sample 1,Cell type 1
1355,0.9704781599833467,1.1133735309119237,0,Sample 3,Cell type 1
1356,0.8521375725715092,2.1620933963889435,1,Sample 4,Cell type 1
1357,-0.6238823569773111,1.8655878473999539,1,Sample 4,Cell type 1
1358,0.6456980773098483,0.22116304023642508,1,Sample 4,Cell type 1
1359,1.5387566358599627,0.3803080239851344,1,Sample 4,Cell type 1
1360,-0.30461072308944354,-2.0155722128102505,3,Sample 2,Cell type 1
1361,0.2893088200381073,0.48390419631590054,0,Sample 3,Cell type 1
1362,1.3204583705862785,-1.5033697196235538,3,Sample 2,Cell type 1
1363,-0.6323795643562495,1.3771746857087965,0,Sample 3,Cell type 1
1364,-0.7374878505002506,0.19683410233480114,1,Sample 4,Cell type 1
1365,0.1109161469680676,-1.8689010393451277,2,Sample 1,Cell type 1
1366,-0.2542087152139167,-0.906737190390029,3,Sample 2,Cell type 1
1367,0.8844207463663871,1.9496242444483043,0,Sample 3,Cell type 1
1368,0.7453327734944759,-0.6837010550514673,3,Sample 2,Cell type 1
1369,1.0482469968956867,2.116547048631965,0,Sample 3,Cell type 1
1370,0.21726306975629878,-0.02139886065624763,0,Sample 3,Cell type 1
1371,-0.6183021342588874,1.3256418296996282,0,Sample 3,Cell type 1
1372,-0.044736358817770494,-0.7296339774143054,2,Sample 1,Cell type 1
1373,0.2674616436428027,-1.231985083549312,3,Sample 2,Cell type 1
1374,-0.046744095197990596,-0.3388773461355803,3,Sample 2,Cell type 1
1375,-0.061681367531283365,1.272921579853315,0,Sample 3,Cell type 1
1376,-0.5759916265775513,-1.7392502458728525,3,Sample 2,Cell type 1
1377,0.5104408811526058,1.4006755799555655,0,Sample 3,Cell type 1
1378,-1.0868592122059795,-1.8637890570206788,2,Sample 1,Cell type 1
1379,-0.5167713432996283,0.3606463946797971,0,Sample 3,Cell type 1
1380,-0.47642794814708744,-0.27957353813472663,2,Sample 1,Cell type 1
1381,-0.5214688862417274,1.0379189370531312,0,Sample 3,Cell type 1
1382,0.42454649840803826,-1.5307489257755904,3,Sample 2,Cell type 1
1383,-0.08562428796364627,0.17180614206450073,0,Sample 3,Cell type 1
1384,0.5098597464184581,0.2930400341775332,2,Sample 1,Cell type 1
1385,0.8378541652971587,1.935671993942219,1,Sample 4,Cell type 1
1386,0.311182983481747,1.2011788871524096,1,Sample 4,Cell type 1
1387,0.8235304807642608,-0.36263845834340636,2,Sample 1,Cell type 1
1388,0.21140381088587126,-1.032267128171235,3,Sample 2,Cell type 1
1389,0.7898676132712815,0.9392391810859818,1,Sample 4,Cell type 1
1390,-0.8308350566751779,-0.3050206523687564,1,Sample 4,Cell type 1
1391,-0.6256027940088296,0.39223750601577034,1,Sample 4,Cell type 1
1392,0.41755325249351816,1.2375877385865488,0,Sample 3,Cell type 1
1393,0.045319939917685736,1.4237542034853847,0,Sample 3,Cell type 1
1394,0.1253549825972197,1.8188245153482758,1,Sample 4,Cell type 1
1395,-0.6487151489601999,-0.7065487653716462,2,Sample 1,Cell type 1
1396,-1.217887348974313,1.8901506999919402,1,Sample 4,Cell type 1
1397,-0.360010286396651,2.0057193734900585,1,Sample 4,Cell type 1
1398,-1.481474185259727,-0.37312826816111455,2,Sample 1,Cell type 1
1399,-0.9809434862501467,0.7573168439831635,3,Sample 2,Cell type 1
1400,0.38360603840128693,-0.4168470443436397,2,Sample 1,Cell type 1
1401,-0.44733106804736666,-1.3682454100594905,3,Sample 2,Cell type 1
1402,-0.06607406028103237,-0.38402501493182184,3,Sample 2,Cell type 1
1403,-1.2342425745943197,-1.1285048956203956,2,Sample 1,Cell type 1
1404,0.15250847301201947,1.7530484646139866,1,Sample 4,Cell type 1
1405,-0.017093835478748928,0.4022306566817413,0,Sample 3,Cell type 1
1406,0.5779050862622171,0.7017334783265864,0,Sample 3,Cell type 1
1407,0.29811854918404407,-0.8668054983079003,3,Sample 2,Cell type 1
1408,1.859759131458734,-1.423157410179759,3,Sample 2,Cell type 1
1409,0.24156872013741176,-1.4379260182134983,3,Sample 2,Cell type 1
1410,-0.7415443772624664,0.95237971515056,0,Sample 3,Cell type 1
1411,-1.7555059758560194,0.2795767520910317,2,Sample 1,Cell type 1
1412,-0.327446779276577,-0.1952603905628667,2,Sample 1,Cell type 1
1413,-1.2500366855092342,0.5767578581229642,0,Sample 3,Cell type 1
1414,-0.8499148225175038,1.3426456777661189,0,Sample 3,Cell type 1
1415,0.20050258568264165,-0.35314319448790654,3,Sample 2,Cell type 1
1416,-0.01644844588040575,-0.7686530615050198,2,Sample 1,Cell type 1
1417,-0.17125415818228912,-0.6964756819159121,2,Sample 1,Cell type 1
1418,-0.9464449477875112,-1.2022106040769482,2,Sample 1,Cell type 1
1419,-0.3607952136234476,-0.7648404896454702,3,Sample 2,Cell type 1
1420,-0.843763563972736,-1.053784245756905,3,Sample 2,Cell type 1
1421,1.347142153166295,0.632892589704848,0,Sample 3,Cell type 1
1422,-0.4404696536005653,-0.592248615020275,3,Sample 2,Cell type 1
1423,-0.30801744937029096,1.3063911877927428,1,Sample 4,Cell type 1
1424,0.25155567269988205,-1.287166708143531,3,Sample 2,Cell type 1
1425,-0.27955146177356477,0.3819450009950074,1,Sample 4,Cell type 1
1426,-0.7839404598257956,-2.565870871307192,2,Sample 1,Cell type 1
1427,0.15721693576117612,1.5672030060708098,0,Sample 3,Cell type 1
1428,-0.08721873597077105,-0.9724997527788319,2,Sample 1,Cell type 1
1429,-0.29869474000246754,-1.4001582536767967,2,Sample 1,Cell type 1
1430,-1.6595890808130491,-1.0176278912034165,2,Sample 1,Cell type 1
1431,0.0662183230283406,-0.9705737334606122,2,Sample 1,Cell type 1
1432,0.5455131917010492,2.4773658605888267,0,Sample 3,Cell type 1
1433,1.2336879620543006,2.6048743105272987,0,Sample 3,Cell type 1
1434,0.43845353976573637,-2.071591493222927,3,Sample 2,Cell type 1
1435,-0.29254166602441595,-0.5965834015692928,3,Sample 2,Cell type 1
1436,-0.8498429709808839,1.3788739445081453,0,Sample 3,Cell type 1
1437,-0.020021566996115136,1.6542130393602297,0,Sample 3,Cell type 1
1438,0.8772376945842031,-2.753003080932225,2,Sample 1,Cell type 1
1439,0.17005922450577193,1.821589010655786,1,Sample 4,Cell type 1
1440,1.714405643667928,-1.3758115714697094,3,Sample 2,Cell type 1
1441,0.366534491830959,0.21622302022655449,1,Sample 4,Cell type 1
1442,-0.5873390390227966,1.0655964451308484,1,Sample 4,Cell type 1
1443,-0.6771982422951259,-0.5136419463953968,3,Sample 2,Cell type 1
1444,1.036850449425117,0.11427454655803859,1,Sample 4,Cell type 1
1445,0.8479491072372976,1.493604759661358,1,Sample 4,Cell type 1
1446,-1.2300678371593403,-1.115923663265145,2,Sample 1,Cell type 1
1447,1.2779178345772986,-0.4842481573726133,3,Sample 2,Cell type 1
1448,0.5564302060526221,1.6792816885945152,1,Sample 4,Cell type 1
1449,-0.24736726163989076,0.3982748755275334,0,Sample 3,Cell type 1
1450,0.11327662939190626,-0.6197931162261507,3,Sample 2,Cell type 1
1451,0.22126520447283904,-0.9931551353405201,2,Sample 1,Cell type 1
1452,0.14797646005852502,-0.6377949183386444,3,Sample 2,Cell type 1
1453,-0.38300685721735084,-0.7124193619622996,2,Sample 1,Cell type 1
1454,-0.7385865968887235,-0.08134768449306695,0,Sample 3,Cell type 1
1455,-0.2635582290776731,1.5854965634306364,1,Sample 4,Cell type 1
1456,-1.1391657219601161,0.7866781366124682,1,Sample 4,Cell type 1
1457,0.3166390789677977,-0.789159350436172,2,Sample 1,Cell type 1
1458,0.3530457213593967,0.4134750423120027,1,Sample 4,Cell type 1
1459,-0.03753646310334726,1.381632661778497,0,Sample 3,Cell type 1
1460,-0.43550617962014615,1.088738071767893,0,Sample 3,Cell type 1
1461,0.956037303139874,-0.21854952382701986,0,Sample 3,Cell type 1
1462,1.481632035850936,-1.3342264100108951,3,Sample 2,Cell type 1
1463,0.06706130234348875,2.1283673161628034,1,Sample 4,Cell type 1
1464,-0.5912229264185863,-0.4781357294586561,2,Sample 1,Cell type 1
1465,-0.6668786263731251,-1.5439108317889492,3,Sample 2,Cell type 1
1466,0.2741802771021633,1.3654025753230272,0,Sample 3,Cell type 1
1467,0.6051906834528787,-2.531248056469974,2,Sample 1,Cell type 1
1468,1.0737441049958834,-2.547270196367662,3,Sample 2,Cell type 1
1469,-1.6138710384979291,-3.2658607399873127,2,Sample 1,Cell type 1
1470,-0.06572094271405504,1.893836665270502,0,Sample 3,Cell type 1
1471,-0.5675449258627807,-0.4843236540678588,2,Sample 1,Cell type 1
1472,0.49261691981691325,1.963107549735053,1,Sample 4,Cell type 1
1473,-0.6184237676821625,-1.6965822173149931,3,Sample 2,Cell type 1
1474,0.05725298977551398,0.6178740425879066,0,Sample 3,Cell type 1
1475,1.3879492606694468,0.31458232493856575,1,Sample 4,Cell type 1
1476,1.1769362619948869,0.8325410582785071,0,Sample 3,Cell type 1
1477,0.1354886592288624,-0.13097159752398424,0,Sample 3,Cell type 1
1478,-0.7726261062911675,-1.4308589386372994,2,Sample 1,Cell type 1
1479,1.6389666061590806,-2.3003938161598665,3,Sample 2,Cell type 1
1480,1.7428497391933295,-0.8445332293294134,3,Sample 2,Cell type 1
1481,1.224267651483529,-1.6224758286661713,3,Sample 2,Cell type 1
1482,0.5855184553875049,0.003614961904951919,3,Sample 2,Cell type 1
1483,0.23649959099767606,-0.21331403953663308,1,Sample 4,Cell type 1
1484,-0.15219267553057256,-2.197957334884599,2,Sample 1,Cell type 1
1485,1.5586741158318507,-0.1799126779345812,2,Sample 1,Cell type 1
1486,-1.0561865656165137,2.465167012683483,0,Sample 3,Cell type 1
1487,-0.980612530401873,-0.1714999041678562,0,Sample 3,Cell type 1
1488,0.9737268166603972,2.217052841537961,0,Sample 3,Cell type 1
1489,-2.406105871755006,-0.543056475024633,2,Sample 1,Cell type 1
1490,0.15871481374198937,-1.0073458827081112,2,Sample 1,Cell type 1
1491,0.0768966215527867,0.6301797690359661,0,Sample 3,Cell type 1
1492,1.0215723088705502,1.2704187848813666,1,Sample 4,Cell type 1
1493,-0.41927071834767404,1.1218838976269776,1,Sample 4,Cell type 1
1494,-0.2573080409739061,2.661398386848673,0,Sample 3,Cell type 1
1495,-0.15388877182489802,1.2412378738668899,0,Sample 3,Cell type 1
1496,-1.250427445257003,-1.9435677316062243,2,Sample 1,Cell type 1
1497,-0.617392651677426,-1.3983694774542736,2,Sample 1,Cell type 1
1498,1.6766748014473274,2.2755539133993574,1,Sample 4,Cell type 1
1499,1.573533570006603,-1.0313152215746735,3,Sample 2,Cell type 1
1500,-0.21172546659036487,3.176135333271695,0,Sample 3,Cell type 1
1501,0.05428440842192264,1.6822189400977756,0,Sample 3,Cell type 1
1502,0.49929585364172413,1.5026764074114238,0,Sample 3,Cell type 1
1503,0.8320463126347115,-1.8150959656533883,3,Sample 2,Cell type 1
1504,0.55211519336889,0.679023622491331,0,Sample 3,Cell type 1
1505,1.0808912719893722,0.03419623161456564,2,Sample 1,Cell type 1
1506,0.7662332915783245,-0.8339173188794994,2,Sample 1,Cell type 1
1507,-0.9656173182857725,0.13975008556060964,1,Sample 4,Cell type 1
1508,-0.46120832058137556,-1.072833833715928,0,Sample 3,Cell type 1
1509,0.8476524580987178,-1.4442243975242635,3,Sample 2,Cell type 1
1510,0.2781411868306691,0.6102171487091581,1,Sample 4,Cell type 1
1511,0.04656697475679992,0.08562376173550146,0,Sample 3,Cell type 1
1512,0.40458834597823917,-1.069360908918567,2,Sample 1,Cell type 1
1513,0.23133491512625448,2.9642401119287154,0,Sample 3,Cell type 1
1514,-0.6812319838234551,-0.9949814750524654,2,Sample 1,Cell type 1
1515,1.1109316160819858,-0.886097669991627,3,Sample 2,Cell type 1
1516,2.0966344728239803,0.11042637938066902,1,Sample 4,Cell type 1
1517,-0.06966778091451994,0.5038996395368065,3,Sample 2,Cell type 1
1518,-0.6476828159373169,1.3392488355712717,0,Sample 3,Cell type 1
1519,0.038817302355861595,0.3352399068711698,0,Sample 3,Cell type 1
1520,-0.4640130661229478,-1.9251326533950854,2,Sample 1,Cell type 1
1521,-0.4994763117705793,0.8523797138753204,1,Sample 4,Cell type 1
1522,-0.22440164272929392,-2.122292925766284,3,Sample 2,Cell type 1
1523,0.6508137738957358,0.01530854685283578,0,Sample 3,Cell type 1
1524,0.2184085739955086,-2.6597120300370944,2,Sample 1,Cell type 1
1525,0.3616542706077368,-1.2847792675086662,2,Sample 1,Cell type 1
1526,0.06046109813603026,-0.16090868649971024,2,Sample 1,Cell type 1
1527,-0.03191550700136954,-2.1233916530092714,2,Sample 1,Cell type 1
1528,0.510928134914482,1.84649466006972,1,Sample 4,Cell type 1
1529,-0.17253411003810587,0.3016311276370396,1,Sample 4,Cell type 1
1530,-1.5760830541694686,1.7140778706394473,1,Sample 4,Cell type 1
1531,-0.9466068101326202,-0.6313857422080806,0,Sample 3,Cell type 1
1532,-1.0242435189367156,1.6979658626241156,0,Sample 3,Cell type 1
1533,0.0827505034464851,2.6336608321149955,1,Sample 4,Cell type 1
1534,-0.01794884158445879,-1.0463604334101742,3,Sample 2,Cell type 1
1535,0.6900347876921362,-2.35597875081329,3,Sample 2,Cell type 1
1536,0.6561859186447874,-0.34615503700933903,3,Sample 2,Cell type 1
1537,0.7574460532094964,-0.9559976511733003,3,Sample 2,Cell type 1
1538,0.4738636376106746,-0.9205489480389203,3,Sample 2,Cell type 1
1539,0.7954812158523388,-0.27818288004523783,3,Sample 2,Cell type 1
1540,0.8004658544343827,0.4635038327386841,0,Sample 3,Cell type 1
1541,-1.473518218366286,-0.28634592021462346,2,Sample 1,Cell type 1
1542,-0.10517807653733424,1.660837737153205,1,Sample 4,Cell type 1
1543,-0.165587671278695,-1.8248202201178456,3,Sample 2,Cell type 1
1544,0.18196794768330354,2.0457142034259426,0,Sample 3,Cell type 1
1545,-1.8939821226986226,-0.7169834952868883,3,Sample 2,Cell type 1
1546,1.3565783022486924,2.5178309558184893,1,Sample 4,Cell type 1
1547,-0.1726297010625757,-1.9422091663930865,3,Sample 2,Cell type 1
1548,1.1121660392138508,1.4462482450814897,0,Sample 3,Cell type 1
1549,-0.13614769801994275,0.6374175605381798,0,Sample 3,Cell type 1
1550,0.011143433530356963,0.9806999303119974,0,Sample 3,Cell type 1
1551,-2.16258583439939,1.5423002556247263,0,Sample 3,Cell type 1
1552,-1.374137718690717,-0.8110860720967191,3,Sample 2,Cell type 1
1553,-1.031968719792843,-0.036063017650892926,0,Sample 3,Cell type 1
1554,0.677416620173195,-0.7017819362811963,1,Sample 4,Cell type 1
1555,-1.0551747986420086,-0.9839148265047213,2,Sample 1,Cell type 1
1556,-0.4132913590080863,-1.8186025787004676,3,Sample 2,Cell type 1
1557,0.9886257534577233,0.14315705628076092,1,Sample 4,Cell type 1
1558,-0.8681204212462386,0.33967157601683584,1,Sample 4,Cell type 1
1559,-0.08584171520338311,1.358173540648222,0,Sample 3,Cell type 1
1560,-0.12009356100304527,-2.011204934357891,2,Sample 1,Cell type 1
1561,0.0001656519345576751,0.9925597430891084,1,Sample 4,Cell type 1
1562,0.960063165141489,0.6064780419950359,1,Sample 4,Cell type 1
1563,-1.264952561625707,1.7160306512608923,0,Sample 3,Cell type 1
1564,1.1812322797807167,2.104073083317961,0,Sample 3,Cell type 1
1565,0.8825740576429265,0.1535539215620807,2,Sample 1,Cell type 1
1566,-0.5040199836271155,-0.4144355979921234,2,Sample 1,Cell type 1
1567,-0.3929229977136838,0.7720996053042634,1,Sample 4,Cell type 1
1568,0.9116444288203754,-1.309889571642249,2,Sample 1,Cell type 1
1569,0.06582719142033935,1.852384300052281,0,Sample 3,Cell type 1
1570,0.16581386351915517,1.0554754696290003,1,Sample 4,Cell type 1
1571,0.651184688158193,-0.8971060396760268,2,Sample 1,Cell type 1
1572,0.9604253267790981,1.1122878958784375,1,Sample 4,Cell type 1
1573,0.5625121577888395,0.9987443869771959,3,Sample 2,Cell type 1
1574,-0.0501185776974572,-0.8070078012746166,2,Sample 1,Cell type 1
1575,-1.6722423190825255,-1.1362065974367244,2,Sample 1,Cell type 1
1576,0.21121606506693602,2.017882800085414,1,Sample 4,Cell type 1
1577,-0.8027511227996028,-1.2650818392702794,3,Sample 2,Cell type 1
1578,0.2675508118788172,0.18245751868515536,2,Sample 1,Cell type 1
1579,1.2027186414137205,1.7018898324605372,0,Sample 3,Cell type 1
1580,0.8300319554063194,0.5919868809162023,0,Sample 3,Cell type 1
1581,0.4763927181114059,-1.4719158051703127,2,Sample 1,Cell type 1
1582,0.9467949335119423,0.05756730609889538,1,Sample 4,Cell type 1
1583,0.865413382138263,-0.049775354745124956,1,Sample 4,Cell type 1
1584,-0.3277492741035979,1.5698577276641297,1,Sample 4,Cell type 1
1585,-1.9027453278986628,-0.8458787738815803,3,Sample 2,Cell type 1
1586,0.44150877745772327,-0.4558158332658967,2,Sample 1,Cell type 1
1587,0.46165770174443205,0.8375636911656058,0,Sample 3,Cell type 1
1588,0.9197376151029977,-0.762738449175756,2,Sample 1,Cell type 1
1589,-0.5492310025230152,-0.0692991558691598,3,Sample 2,Cell type 1
1590,-0.050315093519886556,-1.3583021159455666,3,Sample 2,Cell type 1
1591,-0.967755794272886,1.4799429839969636,0,Sample 3,Cell type 1
1592,1.6890370672796675,-1.6884523230511097,3,Sample 2,Cell type 1
1593,-0.08260380811923791,-0.31455104892333385,1,Sample 4,Cell type 1
1594,-0.6577763164531452,1.1949497691935298,0,Sample 3,Cell type 1
1595,0.06757342911195795,-1.8554035950040642,2,Sample 1,Cell type 1
1596,1.6122200883685123,2.032515568738038,1,Sample 4,Cell type 1
1597,-0.7987526823013746,0.29860535242244324,2,Sample 1,Cell type 1
1598,0.8253230196601401,-2.1271352821524196,3,Sample 2,Cell type 1
1599,0.5542860673899493,1.4660570550470442,1,Sample 4,Cell type 1
1600,1.6188849753837116,1.0054398756479983,1,Sample 4,Cell type 1
1601,-0.6199702592511879,0.09447538945191858,3,Sample 2,Cell type 1
1602,0.14118734693036225,-0.6390191870911209,3,Sample 2,Cell type 1
1603,0.8415580941783349,0.20155149814846962,1,Sample 4,Cell type 1
1604,0.1603677051309832,-0.5128757149962944,2,Sample 1,Cell type 1
1605,0.10110366363712947,2.551143199246628,0,Sample 3,Cell type 1
1606,0.018104682141495312,-2.1244504430850295,2,Sample 1,Cell type 1
1607,0.884985247087975,-0.8394410445688973,3,Sample 2,Cell type 1
1608,0.5163873449128603,2.730603778644368,0,Sample 3,Cell type 1
1609,0.18643436122358714,-1.5744518268946115,3,Sample 2,Cell type 1
1610,0.49744796977375716,-0.2561797759123652,0,Sample 3,Cell type 1
1611,0.016634966140326318,0.41759764701669244,0,Sample 3,Cell type 1
1612,1.4986382209740365,1.8640384525717189,0,Sample 3,Cell type 1
1613,-0.7187317370786864,1.3935353372052046,0,Sample 3,Cell type 1
1614,-0.20715103726271247,-1.1502875208069756,3,Sample 2,Cell type 1
1615,0.0585575928013556,0.879805608961392,1,Sample 4,Cell type 1
1616,-1.7219068356873444,1.7011645164023483,1,Sample 4,Cell type 1
1617,-0.6190313592828585,0.004276237350866352,0,Sample 3,Cell type 1
1618,-1.2927094299283783,-0.7602818497301215,2,Sample 1,Cell type 1
1619,-0.7170661268736495,-0.8245581302396512,2,Sample 1,Cell type 1
1620,0.8490050068096944,-1.3467116533489225,3,Sample 2,Cell type 1
1621,-1.3348794071025563,1.846982823907103,1,Sample 4,Cell type 1
1622,-0.10013954270653139,-0.32249431689206887,2,Sample 1,Cell type 1
1623,0.27503030523990835,0.961078118743639,1,Sample 4,Cell type 1
1624,-0.8111167618340303,1.0685497291226873,1,Sample 4,Cell type 1
1625,-0.12683015393316538,-1.734415249311172,3,Sample 2,Cell type 1
1626,0.8260369634733259,1.9013641094620666,0,Sample 3,Cell type 1
1627,0.22498439377488333,0.19167952755811934,3,Sample 2,Cell type 1
1628,-0.6100153913172787,-0.17095768634201614,2,Sample 1,Cell type 1
1629,0.9384997100693131,1.295713753758475,0,Sample 3,Cell type 1
1630,-0.0989861440798053,1.366244487940628,1,Sample 4,Cell type 1
1631,-0.7142300123935073,1.410891571384877,1,Sample 4,Cell type 1
1632,-0.2964662099206263,-0.0784376895521337,1,Sample 4,Cell type 1
1633,0.34265335390019,1.0617251969741734,1,Sample 4,Cell type 1
1634,0.6740111171640035,-0.3960329870864284,3,Sample 2,Cell type 1
1635,0.0794658443433807,1.6011096986974311,0,Sample 3,Cell type 1
1636,1.667770336984813,-1.806329356342565,2,Sample 1,Cell type 1
1637,-0.3005069285738722,-2.0438535123463595,3,Sample 2,Cell type 1
1638,1.1963665961943657,-1.227700403402943,3,Sample 2,Cell type 1
1639,0.9906264571469086,1.0170172613888493,0,Sample 3,Cell type 1
1640,0.41547721139293786,2.2261911304020625,0,Sample 3,Cell type 1
1641,0.9602093997910635,0.6294709103316808,1,Sample 4,Cell type 1
1642,0.713490417728599,-1.890635867291705,3,Sample 2,Cell type 1
1643,-0.0755669715536022,1.3356879776192945,1,Sample 4,Cell type 1
1644,0.3943891668115674,-1.0460142024043706,2,Sample 1,Cell type 1
1645,0.10683272382582586,0.8780241308955649,0,Sample 3,Cell type 1
1646,-0.11787218129720499,-0.22885966155554316,3,Sample 2,Cell type 1
1647,0.31791761876738744,-1.5979645231665698,3,Sample 2,Cell type 1
1648,-0.28987804603688183,-0.4065421644878987,3,Sample 2,Cell type 1
1649,0.30594665255402836,-2.049730560956414,3,Sample 2,Cell type 1
1650,0.11949078581695112,1.291312236843729,1,Sample 4,Cell type 1
1651,0.6491172435932737,0.08138936899790528,1,Sample 4,Cell type 1
1652,-1.0396649895420782,1.6637859343033397,1,Sample 4,Cell type 1
1653,0.08430040491676793,-0.06722039593456364,0,Sample 3,Cell type 1
1654,-0.03144583010210495,0.8924025724786138,1,Sample 4,Cell type 1
1655,0.26734113379591795,0.875792760940201,1,Sample 4,Cell type 1
1656,0.5156147933162332,-0.2574034469245403,2,Sample 1,Cell type 1
1657,-0.1944489591046932,-0.9981696510851967,2,Sample 1,Cell type 1
1658,-0.7048546693290338,0.4302233890807592,1,Sample 4,Cell type 1
1659,1.1352284890938111,-0.7653183709416134,3,Sample 2,Cell type 1
1660,0.8086717880162508,1.8232441500563876,3,Sample 2,Cell type 1
1661,-0.03700897381307403,-0.9087188062187841,2,Sample 1,Cell type 1
1662,-1.6522422200324884,0.6973050458641628,3,Sample 2,Cell type 1
1663,-0.7425759738784143,-0.005257377517660089,3,Sample 2,Cell type 1
1664,0.0847155624921874,1.4675303843779874,1,Sample 4,Cell type 1
1665,-0.5390320845275811,-0.23397026937618604,3,Sample 2,Cell type 1
1666,-0.3144422056491208,1.8013054601668481,1,Sample 4,Cell type 1
1667,-0.11230004712426916,1.246090134551357,1,Sample 4,Cell type 1
1668,1.1147636220195452,1.5684392818382284,1,Sample 4,Cell type 1
1669,0.22267890771573567,-1.4073706900793077,2,Sample 1,Cell type 1
1670,0.1741745608697333,-1.65972027223255,3,Sample 2,Cell type 1
1671,0.03302996446995151,-0.17027288107340544,2,Sample 1,Cell type 1
1672,1.5811524676123885,-0.2513932893688411,1,Sample 4,Cell type 1
1673,-0.5387924993950949,1.2231953297790417,0,Sample 3,Cell type 1
1674,0.922118482609354,-1.9739230347975616,2,Sample 1,Cell type 1
1675,0.9412266030302123,-1.466977706850081,3,Sample 2,Cell type 1
1676,-0.4441596213545587,2.504925655552472,0,Sample 3,Cell type 1
1677,-0.14088994716789013,-0.933610064949992,2,Sample 1,Cell type 1
1678,0.011203973897104588,-0.5489696999944682,3,Sample 2,Cell type 1
1679,0.08641129678360074,-1.7253188361234342,3,Sample 2,Cell type 1
1680,-0.2238482739016049,0.22836976407184695,1,Sample 4,Cell type 1
1681,0.17342045101010328,0.12215797789372473,1,Sample 4,Cell type 1
1682,-0.1382413899171715,1.61753612386934,1,Sample 4,Cell type 1
1683,-0.48679512298496147,-1.8062943305777042,3,Sample 2,Cell type 1
1684,0.11591026647751296,1.0191224346279644,1,Sample 4,Cell type 1
1685,-0.06195476858079492,0.043764989120604225,1,Sample 4,Cell type 1
1686,0.7457532514083078,0.8107557702248431,1,Sample 4,Cell type 1
1687,0.6897788095095817,-2.1329816446341168,2,Sample 1,Cell type 1
1688,0.5910483847100024,1.4922939872104428,0,Sample 3,Cell type 1
1689,-0.5586094790011139,-0.9006594522043092,3,Sample 2,Cell type 1
1690,0.6286401269206658,1.3403660494279719,0,Sample 3,Cell type 1
1691,-0.5429144490352826,-1.2545900221940962,2,Sample 1,Cell type 1
1692,-0.0022288885335209905,-1.4264723216126665,2,Sample 1,Cell type 1
1693,-0.44042947959326684,0.02343005926867303,1,Sample 4,Cell type 1
1694,-0.13464033853731416,-0.5207173345091243,3,Sample 2,Cell type 1
1695,-0.9515295142938623,2.314138362604771,1,Sample 4,Cell type 1
1696,-0.1403027647189526,-0.6067954822025731,2,Sample 1,Cell type 1
1697,-0.5690425815595835,-0.9063006270801189,3,Sample 2,Cell type 1
1698,1.0489298372828932,-0.30874401428884246,3,Sample 2,Cell type 1
1699,-0.2616138540878169,0.8292345765196494,1,Sample 4,Cell type 1
1700,0.22188676957174072,0.9821768166530294,1,Sample 4,Cell type 1
1701,-0.44247185353130586,-0.44330892872497174,2,Sample 1,Cell type 1
1702,0.05359257377989754,1.4127513741632796,0,Sample 3,Cell type 1
1703,0.4019997569034322,-1.712599090841811,3,Sample 2,Cell type 1
1704,-0.4624907669725147,-1.2064068289580872,3,Sample 2,Cell type 1
1705,0.030059887468692488,-1.251752663030474,3,Sample 2,Cell type 1
1706,0.9485633237303976,1.5751626485320536,0,Sample 3,Cell type 1
1707,-1.4720621956046023,0.9741755111604238,1,Sample 4,Cell type 1
1708,0.44783235834483187,1.8646245804436976,0,Sample 3,Cell type 1
1709,0.53638449379297,0.14251421356787564,1,Sample 4,Cell type 1
1710,-0.6819094128592829,-0.6197075114463918,2,Sample 1,Cell type 1
1711,-0.7595191110655545,3.1059056518699126,0,Sample 3,Cell type 1
1712,-0.030107761939878692,1.882641505613217,0,Sample 3,Cell type 1
1713,0.8992901759888108,1.7580211696982864,0,Sample 3,Cell type 1
1714,-0.28995275312250574,0.10426408429908485,0,Sample 3,Cell type 1
1715,0.1474472512624828,-1.3360221818353302,2,Sample 1,Cell type 1
1716,0.7392216153655209,0.8520782908456088,0,Sample 3,Cell type 1
1717,-0.41007103758280705,-0.45343007679914493,3,Sample 2,Cell type 1
1718,-0.7148760109752964,-2.3131040924816775,3,Sample 2,Cell type 1
1719,1.3223304409843375,0.6622220681587558,3,Sample 2,Cell type 1
1720,-0.48549214228574034,1.3661492688428416,1,Sample 4,Cell type 1
1721,-0.8581944205918453,1.1913974912889196,0,Sample 3,Cell type 1
1722,0.15690516721912587,0.27674536821119977,1,Sample 4,Cell type 1
1723,-0.25843389501840547,-1.2937896006394287,3,Sample 2,Cell type 1
1724,-0.6488006909030759,0.10876283987040525,1,Sample 4,Cell type 1
1725,-0.17877278589748172,0.720546563105442,0,Sample 3,Cell type 1
1726,0.4824757479590669,0.31957177700236483,1,Sample 4,Cell type 1
1727,-0.8912650865864701,-1.504744666990232,3,Sample 2,Cell type 1
1728,1.1609148862360334,1.7674166608681654,0,Sample 3,Cell type 1
1729,1.3513511469213433,0.3359382251237113,2,Sample 1,Cell type 1
1730,-0.49412151634748014,0.7471417151783601,1,Sample 4,Cell type 1
1731,0.2020550767972988,2.107625638075125,1,Sample 4,Cell type 1
1732,0.22479349418802613,0.5018403841435249,0,Sample 3,Cell type 1
1733,-0.9355845033624134,-1.576776086775917,3,Sample 2,Cell type 1
1734,-0.1911584374931278,0.27394907036672167,0,Sample 3,Cell type 1
1735,-0.11076478718701906,0.020561410968507388,0,Sample 3,Cell type 1
1736,-0.6180336894737888,-1.046371199734642,3,Sample 2,Cell type 1
1737,0.0962365053695191,1.4115510672469993,0,Sample 3,Cell type 1
1738,0.8721467768163574,-1.5984768516973178,2,Sample 1,Cell type 1
1739,-0.6851985899273592,1.0781363013986682,1,Sample 4,Cell type 1
1740,-0.7640980634794824,1.3388792524747688,0,Sample 3,Cell type 1
1741,-0.7946869596655606,0.1872969384080173,1,Sample 4,Cell type 1
1742,0.04669623265431652,-1.4830871449895637,2,Sample 1,Cell type 1
1743,1.306745225840877,0.08292368558504959,0,Sample 3,Cell type 1
1744,0.5100846497849669,-0.7929841558048627,2,Sample 1,Cell type 1
1745,0.9447919242445377,-0.6773803495702626,2,Sample 1,Cell type 1
1746,0.560560489696467,1.2517235555780424,2,Sample 1,Cell type 1
1747,-0.8068437472609665,-0.5701005533380634,1,Sample 4,Cell type 1
1748,-0.29776542085684243,1.870998895763349,0,Sample 3,Cell type 1
1749,-0.4014273542492256,-0.09797243830728064,1,Sample 4,Cell type 1
1750,0.9762263171341736,-1.8613433019768109,2,Sample 1,Cell type 1
1751,0.07293451733315134,-0.36943668736225055,3,Sample 2,Cell type 1
1752,0.3649995908228263,-3.43572523139453,3,Sample 2,Cell type 1
1753,-1.1288454648528654,-0.3574762059087824,2,Sample 1,Cell type 1
1754,0.43910706825389156,0.7960353651570418,1,Sample 4,Cell type 1
1755,-0.7591622622149425,-1.7255222997776487,3,Sample 2,Cell type 1
1756,0.06365882795373266,-0.39294046706911256,2,Sample 1,Cell type 1
1757,0.22450912359210912,2.406896387356107,1,Sample 4,Cell type 1
1758,-0.6943803380226656,-1.170874593764034,3,Sample 2,Cell type 1
1759,-1.0435756004038825,1.535738039064031,0,Sample 3,Cell type 1
1760,-0.7984757022152282,-2.4034278822579993,3,Sample 2,Cell type 1
1761,0.47315372140148393,-0.4558237116186471,2,Sample 1,Cell type 1
1762,-0.18221678329890773,-1.7520127456990033,3,Sample 2,Cell type 1
1763,0.3559167160079074,-0.3194244844314824,3,Sample 2,Cell type 1
1764,0.9816276776390979,-2.264483152647335,2,Sample 1,Cell type 1
1765,-0.7205371060099841,-1.7713600571385957,2,Sample 1,Cell type 1
1766,-0.08865004822327,-1.3105944428172311,2,Sample 1,Cell type 1
1767,1.315974170801027,0.8007711683548974,0,Sample 3,Cell type 1
1768,0.487620836166881,-2.2442989870729937,2,Sample 1,Cell type 1
1769,-0.27774919608980997,-0.38335822400962305,2,Sample 1,Cell type 1
1770,0.9528686838187815,-1.654884021328063,2,Sample 1,Cell type 1
1771,-0.16330381509817293,1.494144903366438,3,Sample 2,Cell type 1
1772,0.05142401527637022,0.13780417765655506,0,Sample 3,Cell type 1
1773,1.4773095968381327,0.14393218693907794,0,Sample 3,Cell type 1
1774,1.400740753541715,-1.0252148106624834,3,Sample 2,Cell type 1
1775,0.6071428718294122,1.2249531391755006,0,Sample 3,Cell type 1
1776,-0.0835593748299772,0.8649426214479915,0,Sample 3,Cell type 1
1777,-0.15496430384396964,-0.5677696447714438,2,Sample 1,Cell type 1
1778,-0.8778946551768533,-0.18153994202552126,1,Sample 4,Cell type 1
1779,-0.9895605687024656,-0.056365290467421,0,Sample 3,Cell type 1
1780,0.6578803767166029,-1.6695842835516697,3,Sample 2,Cell type 1
1781,-0.0762728729573461,0.3842574518857349,3,Sample 2,Cell type 1
1782,0.2646810436924622,2.160801150505069,1,Sample 4,Cell type 1
1783,1.227585681435612,-0.1021006250374723,2,Sample 1,Cell type 1
1784,0.814129173474802,1.2171962486605183,1,Sample 4,Cell type 1
1785,0.005742773526353554,-0.6691821266968678,1,Sample 4,Cell type 1
1786,-0.8321549758527184,0.5561560594215464,2,Sample 1,Cell type 1
1787,0.13143581229645526,0.7569785137222393,2,Sample 1,Cell type 1
1788,0.42482087591536805,-0.8808985568658472,2,Sample 1,Cell type 1
1789,-0.5253514765019306,-1.20824723301715,2,Sample 1,Cell type 1
1790,-0.4448949974086245,0.895951765157104,1,Sample 4,Cell type 1
1791,-0.2563080475494355,-2.423519144405777,2,Sample 1,Cell type 1
1792,0.3233702922218657,-0.4273018042472324,2,Sample 1,Cell type 1
1793,-0.4444374235894933,1.1635112252823814,1,Sample 4,Cell type 1
1794,-1.263549038974079,-1.6543134737108045,3,Sample 2,Cell type 1
1795,0.18060921848940353,1.0140906015469258,1,Sample 4,Cell type 1
1796,-0.78772382787781,-1.63401875769217,2,Sample 1,Cell type 1
1797,0.8235659852786859,1.6978523040227604,1,Sample 4,Cell type 1
1798,0.8271048439393669,-1.3259680858332814,2,Sample 1,Cell type 1
1799,-1.7788593343497574,-1.4144552155800454,2,Sample 1,Cell type 1
1800,-0.37340704956115245,-2.1863875455859345,2,Sample 1,Cell type 1
1801,-0.30709979306462626,-0.8381756739030247,2,Sample 1,Cell type 1
1802,1.0563312078270675,-1.6995485186719346,2,Sample 1,Cell type 1
1803,0.7290901777397774,1.0846030330171843,1,Sample 4,Cell type 1
1804,1.3111684220798665,-0.27358186997104694,3,Sample 2,Cell type 1
1805,-1.1550838529068335,-0.8369447625097906,1,Sample 4,Cell type 1
1806,-0.0735654260834127,-0.9871797741638717,2,Sample 1,Cell type 1
1807,0.02265470090436894,1.0238049115965961,0,Sample 3,Cell type 1
1808,-1.0920174363413082,-0.43880417446022835,2,Sample 1,Cell type 1
1809,1.6745583457679558,-2.209506735650571,2,Sample 1,Cell type 1
1810,-0.4771291263751037,-1.2393454179419476,2,Sample 1,Cell type 1
1811,-0.3030078692824747,0.6661282576878382,2,Sample 1,Cell type 1
1812,0.21391385125752238,1.2573582449568108,0,Sample 3,Cell type 1
1813,0.4972575118848407,0.7043117311650928,0,Sample 3,Cell type 1
1814,-0.36727224817519344,0.44431970466948434,1,Sample 4,Cell type 1
1815,0.5059633733138407,-1.3793425400831718,2,Sample 1,Cell type 1
1816,0.39576452302002596,-0.6932519748770847,2,Sample 1,Cell type 1
1817,0.3515888384068094,-1.0786478779635007,3,Sample 2,Cell type 1
1818,0.787457918781267,0.8288089246195929,0,Sample 3,Cell type 1
1819,0.06145751284820429,-0.02639377935085574,0,Sample 3,Cell type 1
1820,0.07037883770333517,-1.352219709480643,3,Sample 2,Cell type 1
1821,-0.5049929089925604,-0.5204394509426369,3,Sample 2,Cell type 1
1822,-1.82862179559596,-1.6260730900385068,3,Sample 2,Cell type 1
1823,-0.015710239141344975,1.4419919635337182,0,Sample 3,Cell type 1
1824,-0.3361494536766858,0.7745723129115942,0,Sample 3,Cell type 1
1825,0.1323229282397634,-2.10561405495395,2,Sample 1,Cell type 1
1826,0.060346911121274244,-0.28157264951773486,0,Sample 3,Cell type 1
1827,-1.0009593093069424,-2.2260146214637313,3,Sample 2,Cell type 1
1828,1.7151552714602607,1.507135217854409,0,Sample 3,Cell type 1
1829,1.1145450063479247,-0.32852070861471816,2,Sample 1,Cell type 1
1830,-0.3370854462163535,-0.5029226080247182,3,Sample 2,Cell type 1
1831,-1.5706313182711795,-0.6313401076769077,3,Sample 2,Cell type 1
1832,-1.1163588038040577,-1.5663287525392602,2,Sample 1,Cell type 1
1833,0.15289938706911377,-1.9197659783179246,3,Sample 2,Cell type 1
1834,-0.07608931816061282,-1.2664300952430094,3,Sample 2,Cell type 1
1835,-0.23961203003798204,-1.9885624176395273,3,Sample 2,Cell type 1
1836,0.9511306971797144,1.566643077760851,0,Sample 3,Cell type 1
1837,-1.4708148986176566,-0.281506140702122,3,Sample 2,Cell type 1
1838,-0.4562512542291729,-1.9432865714902787,2,Sample 1,Cell type 1
1839,0.9947246377497296,-0.017575832313491913,2,Sample 1,Cell type 1
1840,-0.343707982822007,-2.0408874131130763,3,Sample 2,Cell type 1
1841,-0.7733615125621278,-1.6368513101765072,2,Sample 1,Cell type 1
1842,1.1255477967134007,-1.387294795667854,2,Sample 1,Cell type 1
1843,-1.2942404910522698,-0.6953775429079586,2,Sample 1,Cell type 1
1844,1.2731202942102433,-0.29862865089110713,3,Sample 2,Cell type 1
1845,0.2585483859665647,0.027053487882849003,2,Sample 1,Cell type 1
1846,1.3996671233643365,2.1051632629523893,1,Sample 4,Cell type 1
1847,-0.6417595264281434,-1.9177276088093693,3,Sample 2,Cell type 1
1848,-0.5338667049731843,-2.7935327476071308,3,Sample 2,Cell type 1
1849,-0.5411138416474158,2.4407523463286527,0,Sample 3,Cell type 1
1850,-0.6883306922271619,0.6923555646161397,0,Sample 3,Cell type 1
1851,0.6977224845472441,-0.7407708458347733,3,Sample 2,Cell type 1
1852,-0.06325387349164503,-1.463299287708597,2,Sample 1,Cell type 1
1853,0.6182782708349785,-0.3734720897783914,3,Sample 2,Cell type 1
1854,1.2040496308866642,-1.8640020867057059,3,Sample 2,Cell type 1
1855,-0.8358473552168268,-0.5730852715008015,0,Sample 3,Cell type 1
1856,0.05604173049054511,1.9295026420865524,0,Sample 3,Cell type 1
1857,-2.363399152993625,-1.5133817149217035,3,Sample 2,Cell type 1
1858,-1.5338791088082393,-2.1769011242988148,3,Sample 2,Cell type 1
1859,1.337078060349981,-1.7211005439177396,2,Sample 1,Cell type 1
1860,-0.7933573307522485,-1.5063042199078336,2,Sample 1,Cell type 1
1861,1.4791648759562763,1.901252023638206,0,Sample 3,Cell type 1
1862,-1.2142989973446476,0.7143766393547124,1,Sample 4,Cell type 1
1863,-0.5724103883881829,-0.10280063052005728,3,Sample 2,Cell type 1
1864,1.6452348518636333,0.09528925173926739,1,Sample 4,Cell type 1
1865,0.5851042020599939,1.4723376490011708,1,Sample 4,Cell type 1
1866,-1.305611908021134,-1.723958266350453,2,Sample 1,Cell type 1
1867,0.9770359565481185,-0.8928332955358117,3,Sample 2,Cell type 1
1868,-0.9556183518128281,-0.7713573705642136,2,Sample 1,Cell type 1
1869,0.5330500007273695,1.3700730342831609,1,Sample 4,Cell type 1
1870,0.8387199102508328,-1.0648536843483336,3,Sample 2,Cell type 1
1871,1.3119716234971144,1.5937019928575138,0,Sample 3,Cell type 1
1872,-0.6400308515181172,0.9491803403077159,1,Sample 4,Cell type 1
1873,0.19344165724459886,-0.758874344175106,3,Sample 2,Cell type 1
1874,-0.15753744639751166,-1.3716648624924948,2,Sample 1,Cell type 1
1875,-0.2049438019963041,0.8068020433033769,1,Sample 4,Cell type 1
1876,0.019375565338206457,2.1297764443323435,0,Sample 3,Cell type 1
1877,0.9956521282842046,0.7851991288221989,2,Sample 1,Cell type 1
1878,0.4066149117396717,4.140990165149061,1,Sample 4,Cell type 1
1879,-1.3461269552981487,0.18077712729089634,1,Sample 4,Cell type 1
1880,-1.493231961088493,1.8060109518695378,1,Sample 4,Cell type 1
1881,0.5062254928850279,2.816554286243517,0,Sample 3,Cell type 1
1882,-0.5211344028915587,0.6128913327565427,0,Sample 3,Cell type 1
1883,0.46948567504021627,2.7523645006479827,0,Sample 3,Cell type 1
1884,0.0225449258953026,0.9927048026846371,0,Sample 3,Cell type 1
1885,-1.1902893627924984,-1.9001488813849294,3,Sample 2,Cell type 1
1886,1.391081081482665,0.7430057871056706,1,Sample 4,Cell type 1
1887,-0.274039360686212,1.1363710167972567,1,Sample 4,Cell type 1
1888,0.3789056614491636,0.25889509601476923,1,Sample 4,Cell type 1
1889,0.12801458068223015,1.401426188934036,1,Sample 4,Cell type 1
1890,-0.07083537166641017,-1.3631131329225026,3,Sample 2,Cell type 1
1891,0.30508226766422797,0.09242117002101269,3,Sample 2,Cell type 1
1892,0.40809948900005993,-1.5194918556911048,2,Sample 1,Cell type 1
1893,1.1356824036109099,0.5196611474090358,1,Sample 4,Cell type 1
1894,0.4274919189091067,-0.9271251149952695,2,Sample 1,Cell type 1
1895,-1.6991942545005085,-0.6691069939426555,3,Sample 2,Cell type 1
1896,-0.10744699317643824,1.6486466185278257,0,Sample 3,Cell type 1
1897,0.05772258945740906,-0.40941021534707034,3,Sample 2,Cell type 1
1898,-0.15488760882840646,-0.4043308812214961,3,Sample 2,Cell type 1
1899,0.8967736188915021,-0.35554023775506116,3,Sample 2,Cell type 1
1900,-1.3115873300203473,0.6860231151513017,1,Sample 4,Cell type 1
1901,-0.2545268012943431,-0.5194135878835267,3,Sample 2,Cell type 1
1902,-0.6567031379277495,-1.3414433559482062,3,Sample 2,Cell type 1
1903,1.0513812605628634,-0.42938699936276603,3,Sample 2,Cell type 1
1904,-0.05947626380681941,-1.147641153748756,3,Sample 2,Cell type 1
1905,0.36012450715731814,-1.0834867595504691,3,Sample 2,Cell type 1
1906,1.2718711825445472,1.459256976715201,1,Sample 4,Cell type 1
1907,-1.2687866497903668,-0.5039395081112361,1,Sample 4,Cell type 1
1908,0.0363931810646016,-0.5533308614306356,2,Sample 1,Cell type 1
1909,0.5466631942488556,0.8325489443365107,1,Sample 4,Cell type 1
1910,-0.6297392559895971,-0.8373124320009858,3,Sample 2,Cell type 1
1911,1.2409215804180185,1.0925397074342869,0,Sample 3,Cell type 1
1912,0.4306368632397064,1.8580058698478417,0,Sample 3,Cell type 1
1913,-0.3059619181354322,-2.580770639913296,2,Sample 1,Cell type 1
1914,0.39857739879742815,1.9121192308170132,1,Sample 4,Cell type 1
1915,0.8719239672726643,-1.4569471792673492,3,Sample 2,Cell type 1
1916,-0.6688497216800198,0.1395966569975582,2,Sample 1,Cell type 1
1917,0.8241997551756536,-1.3040294770314829,3,Sample 2,Cell type 1
1918,-0.14664056762095784,-1.0158354756165664,2,Sample 1,Cell type 1
1919,1.0510257412574462,-1.0123773125813917,3,Sample 2,Cell type 1
1920,0.5490828440116265,-1.671114139220589,2,Sample 1,Cell type 1
1921,-0.12810623645331232,1.5370720611603725,0,Sample 3,Cell type 1
1922,0.20298983741986654,-2.434461118329912,3,Sample 2,Cell type 1
1923,1.182315235793213,0.5853838253810821,0,Sample 3,Cell type 1
1924,0.4104846385408662,0.7923626579328662,0,Sample 3,Cell type 1
1925,-0.21589994823469702,0.21698902737415404,0,Sample 3,Cell type 1
1926,0.5570582896642587,-0.7769601500916314,2,Sample 1,Cell type 1
1927,-0.1931444517799945,0.17342604551918095,3,Sample 2,Cell type 1
1928,-0.025151336299821136,0.32125709264734825,1,Sample 4,Cell type 1
1929,-0.7483509616356763,1.8687856929400257,0,Sample 3,Cell type 1
1930,0.7465024578728555,0.8218234393787144,1,Sample 4,Cell type 1
1931,0.30725235915144583,0.9738442015247255,0,Sample 3,Cell type 1
1932,-0.5672167661043924,2.5626073100212547,1,Sample 4,Cell type 1
1933,-0.695429589590915,-1.0086937096279778,2,Sample 1,Cell type 1
1934,0.628148065848301,-2.4221447698961613,3,Sample 2,Cell type 1
1935,-0.8506835998642549,-0.18270018848004144,3,Sample 2,Cell type 1
1936,0.4866137330753515,0.07674800627065226,3,Sample 2,Cell type 1
1937,-0.5634749524342074,-0.12676903709084786,0,Sample 3,Cell type 1
1938,0.5505642451623062,-1.3548854641659087,3,Sample 2,Cell type 1
1939,0.507777174849416,1.8877598735649785,0,Sample 3,Cell type 1
1940,0.8806571187380842,1.8490967718985067,1,Sample 4,Cell type 1
1941,0.7722613337289013,-0.43653103211673694,3,Sample 2,Cell type 1
1942,-0.6876908111027633,-1.7124550484728114,3,Sample 2,Cell type 1
1943,-0.028660831287961232,2.251714924651205,0,Sample 3,Cell type 1
1944,0.3952241490261911,1.2085390126591258,0,Sample 3,Cell type 1
1945,1.2503110148065584,0.7808055345365567,1,Sample 4,Cell type 1
1946,1.2909690152469178,1.3628274412111838,0,Sample 3,Cell type 1
1947,0.027266774607380858,0.3840214151530865,0,Sample 3,Cell type 1
1948,-1.9393922082183535,1.7072363170888398,0,Sample 3,Cell type 1
1949,-0.5172583073940212,0.134761597108484,0,Sample 3,Cell type 1
1950,-0.4852027105725918,1.3647233561365621,1,Sample 4,Cell type 1
1951,-0.2806795440611797,-2.774678208040865,2,Sample 1,Cell type 1
1952,0.13316176657044487,1.3939610112065193,0,Sample 3,Cell type 1
1953,-0.6451015432944399,-0.9394440479959253,2,Sample 1,Cell type 1
1954,-1.404350317848568,-1.556119486461498,3,Sample 2,Cell type 1
1955,-1.1609405520412472,0.9903288417231564,1,Sample 4,Cell type 1
1956,-0.0032582696971480206,-1.0330077221200482,3,Sample 2,Cell type 1
1957,0.5212175930716046,0.08985146366014662,1,Sample 4,Cell type 1
1958,-0.05382197193082763,-1.8597288315462905,3,Sample 2,Cell type 1
1959,-0.3546107718543223,-1.230860093723281,3,Sample 2,Cell type 1
1960,1.5700697524246359,1.0029565374782778,1,Sample 4,Cell type 1
1961,-0.20205452111452826,0.0017734544281203801,0,Sample 3,Cell type 1
1962,0.2658512095836733,0.4012107707547571,0,Sample 3,Cell type 1
1963,0.11443901590316188,1.6796895908129705,1,Sample 4,Cell type 1
1964,0.22869231257992398,1.26756543198962,0,Sample 3,Cell type 1
1965,-1.0115987255639725,-0.4344851620276615,1,Sample 4,Cell type 1
1966,0.3453053037100779,-0.408259625505733,2,Sample 1,Cell type 1
1967,0.7723179876729366,1.9889045774449743,1,Sample 4,Cell type 1
1968,-0.17677133906373116,1.0215086711956247,0,Sample 3,Cell type 1
1969,1.0489339982420995,-1.179455176702484,2,Sample 1,Cell type 1
1970,0.8686290599514778,1.0783865227767164,0,Sample 3,Cell type 1
1971,-0.21511095244386447,0.11477927300666368,0,Sample 3,Cell type 1
1972,0.06888869460718232,-1.5975386280561341,2,Sample 1,Cell type 1
1973,-0.10283703460156549,-1.5213400977251326,2,Sample 1,Cell type 1
1974,0.22128061240894456,-0.04361547933961685,2,Sample 1,Cell type 1
1975,0.2060403125782115,0.9404432673870662,0,Sample 3,Cell type 1
1976,-1.0708846397785992,1.554334898425289,1,Sample 4,Cell type 1
1977,-0.36851101676783005,1.8456977809751325,0,Sample 3,Cell type 1
1978,-0.402855695126174,-1.1204912117039465,2,Sample 1,Cell type 1
1979,-0.012978494076752993,-0.07453297517040891,3,Sample 2,Cell type 1
1980,0.11754823870935023,-1.417705256015994,2,Sample 1,Cell type 1
1981,-1.3004352268496489,-3.0052572564293736,2,Sample 1,Cell type 1
1982,0.24453245491407674,-1.5850036550503654,3,Sample 2,Cell type 1
1983,0.09346413933774704,-2.0284728006048223,3,Sample 2,Cell type 1
1984,-0.0661445486741594,0.9026019932933732,0,Sample 3,Cell type 1
1985,0.5423406970714153,0.6096708734834378,0,Sample 3,Cell type 1
1986,0.957305189316521,0.5121736765444942,0,Sample 3,Cell type 1
1987,1.4853179492495638,-1.3854127768747801,2,Sample 1,Cell type 1
1988,0.7040527703658739,-2.1470446591427317,3,Sample 2,Cell type 1
1989,-0.7400676963829081,-1.3601615133326748,3,Sample 2,Cell type 1
1990,-1.111657973410877,-0.3163189975655136,0,Sample 3,Cell type 1
1991,-0.2678423899556015,-2.4351368905535704,2,Sample 1,Cell type 1
1992,-1.553254240496177,-2.9079244071604657,3,Sample 2,Cell type 1
1993,0.9818190576650102,-1.968128402384708,3,Sample 2,Cell type 1
1994,0.5303050149339302,1.9387790859882599,0,Sample 3,Cell type 1
1995,-0.8467525069133223,-2.9984488139943517,2,Sample 1,Cell type 1
1996,-0.537988476805069,-0.8213833312637913,2,Sample 1,Cell type 1
1997,-0.31991999208745325,-1.5961342162538803,2,Sample 1,Cell type 1
1998,1.5624857586180594,-0.4504346943210581,3,Sample 2,Cell type 1
1999,-1.0306460939708302,1.2341723857134828,1,Sample 4,Cell type 1
2000,-0.5099097018452142,1.9512132248860414,0,Sample 3,Cell type 1
2001,-0.4495440910863411,-2.143123685209382,3,Sample 2,Cell type 1
2002,1.157555317109584,-1.5286673886481168,3,Sample 2,Cell type 1
2003,-1.2571359986706403,-1.7458969945455898,3,Sample 2,Cell type 1
2004,0.14481724696296558,-0.03746555836467724,0,Sample 3,Cell type 1
2005,-1.2569218808943066,-0.13478873096020694,2,Sample 1,Cell type 1
2006,0.14295577344838048,1.9833718274376404,1,Sample 4,Cell type 1
2007,-0.6545765465867781,2.673909820548368,0,Sample 3,Cell type 1
2008,0.3658594248694124,0.6785771796373976,2,Sample 1,Cell type 1
2009,0.166706246358042,-0.6333878947394327,0,Sample 3,Cell type 1
2010,-0.1991789242245402,-0.7486964028394671,3,Sample 2,Cell type 1
2011,-0.9144154496589829,1.6561265494043877,1,Sample 4,Cell type 1
2012,1.2607006476015756,-1.038239400307832,3,Sample 2,Cell type 1
2013,-0.4242060946979527,0.36570173419012464,0,Sample 3,Cell type 1
2014,-0.44703665510796586,-1.2496575456421863,3,Sample 2,Cell type 1
2015,-0.3775454926315468,1.871160477573893,0,Sample 3,Cell type 1
2016,-0.03957096772194636,1.5398555937332832,0,Sample 3,Cell type 1
2017,-0.3199192497049097,1.2154358020645872,1,Sample 4,Cell type 1
2018,-1.4966335368206847,0.7187892127669531,0,Sample 3,Cell type 1
2019,1.8171597963382369,0.676482061452831,1,Sample 4,Cell type 1
2020,-0.6577324853515255,-2.0300842269224493,3,Sample 2,Cell type 1
2021,0.40073386326868604,-1.7858594178214209,3,Sample 2,Cell type 1
2022,0.681272836714558,-1.7277443514499804,3,Sample 2,Cell type 1
2023,-0.6866862241449709,1.560247903527193,0,Sample 3,Cell type 1
2024,-1.9031968326025794,-0.46396026254758094,3,Sample 2,Cell type 1
2025,-0.09050244201259233,-0.0393730907566594,1,Sample 4,Cell type 1
2026,0.7755657604213895,1.341755489497348,0,Sample 3,Cell type 1
2027,0.047946104213062606,1.2219015503665533,1,Sample 4,Cell type 1
2028,0.766708655873634,1.0413287814808638,1,Sample 4,Cell type 1
2029,-0.24716801167832592,-2.6836662390122656,3,Sample 2,Cell type 1
2030,0.18024633763275327,0.7043784569333131,1,Sample 4,Cell type 1
2031,0.6600786117341078,0.3062958274312797,1,Sample 4,Cell type 1
2032,0.45899553680353056,-0.021043533230668876,1,Sample 4,Cell type 1
2033,0.03177105737570775,-2.1383015262492435,3,Sample 2,Cell type 1
2034,-1.3684826835492114,-1.3144721605611691,3,Sample 2,Cell type 1
2035,-0.06994826302174487,1.438655702043599,1,Sample 4,Cell type 1
2036,0.25662858074614714,1.1552415548846993,1,Sample 4,Cell type 1
2037,-0.3874066815446642,-1.0367430629921286,3,Sample 2,Cell type 1
2038,-1.10209400060339,0.5481807966632462,1,Sample 4,Cell type 1
2039,2.023942199401562,-1.7948744031451584,3,Sample 2,Cell type 1
2040,0.7802499667823831,1.4125024707551652,1,Sample 4,Cell type 1
2041,0.7585143603776396,-1.2447635452252737,3,Sample 2,Cell type 1
2042,0.01960813940715417,1.3983986329963598,0,Sample 3,Cell type 1
2043,-0.4352912016913541,0.8697656751421646,1,Sample 4,Cell type 1
2044,-0.3501898579234597,-0.8544080939017619,3,Sample 2,Cell type 1
2045,-0.026501578299037678,2.4356462908142302,0,Sample 3,Cell type 1
2046,0.3307479225789607,2.501436650046453,0,Sample 3,Cell type 1
2047,0.11474125348599458,-0.30278049112965266,3,Sample 2,Cell type 1
2048,0.5475603821091423,-1.3369590532903306,3,Sample 2,Cell type 1
2049,-0.16201938165186403,0.5773623626696167,1,Sample 4,Cell type 1
2050,0.5482320677687743,0.12160746073529771,3,Sample 2,Cell type 1
2051,-0.19774190601647756,0.4544126016017611,0,Sample 3,Cell type 1
2052,-1.4430003872739972,-0.7348232829352837,3,Sample 2,Cell type 1
2053,0.27008212966016176,0.670498427102026,0,Sample 3,Cell type 1
2054,-1.1684007195347903,-0.04699145469453392,3,Sample 2,Cell type 1
2055,0.07759677199417456,1.476125620349531,0,Sample 3,Cell type 1
2056,-0.2528663688983787,-0.7485290534948557,3,Sample 2,Cell type 1
2057,0.4546187017222274,-0.13089543103532963,3,Sample 2,Cell type 1
2058,-0.07138732337715914,0.969943484016415,1,Sample 4,Cell type 1
2059,0.36621829292150865,2.33959394667803,1,Sample 4,Cell type 1
2060,-0.6723943884053531,-0.45020923968376925,3,Sample 2,Cell type 1
2061,0.6480217908048932,-1.579888867040042,3,Sample 2,Cell type 1
2062,1.4025558416524684,-1.2921220905585706,3,Sample 2,Cell type 1
2063,0.11641695821459264,0.508701947993347,1,Sample 4,Cell type 1
2064,0.2883147160144641,-0.5965697172925821,2,Sample 1,Cell type 1
2065,-1.0855484557596602,-0.8214775562018424,2,Sample 1,Cell type 1
2066,-0.42319873136250163,-1.8605893187532891,3,Sample 2,Cell type 1
2067,-1.1972234040720633,0.4799808524744814,1,Sample 4,Cell type 1
2068,-1.6539536800319015,0.9287039683897693,0,Sample 3,Cell type 1
2069,0.23271764607200474,-2.596425424361391,2,Sample 1,Cell type 1
2070,-0.9415696902159745,0.4564351263534525,2,Sample 1,Cell type 1
2071,0.2861290933048715,-0.9483952217099426,3,Sample 2,Cell type 1
2072,-0.2948954926285597,-0.3543628667146501,3,Sample 2,Cell type 1
2073,-1.1509760808454956,-1.180210113993083,3,Sample 2,Cell type 1
2074,0.24614132272089106,-1.8764155110764498,2,Sample 1,Cell type 1
2075,-0.34265460623820454,-1.0083721032421835,3,Sample 2,Cell type 1
2076,-0.3431845738979358,-0.2281840845580434,3,Sample 2,Cell type 1
2077,0.5848005014283851,-0.5692520342268381,2,Sample 1,Cell type 1
2078,1.2524192233874725,0.9473997911416098,0,Sample 3,Cell type 1
2079,-0.17414496258177625,1.8790214815897521,0,Sample 3,Cell type 1
2080,1.3337792892409097,2.2185908973698067,1,Sample 4,Cell type 1
2081,0.9278719731106755,-1.4047729591902842,2,Sample 1,Cell type 1
2082,0.3785163626142296,-1.5623291504316539,3,Sample 2,Cell type 1
2083,1.496772140297426,1.311691341896723,1,Sample 4,Cell type 1
2084,-0.09184179900725094,-0.5465826190526564,2,Sample 1,Cell type 1
2085,0.1870784206316787,-0.1716452668664441,2,Sample 1,Cell type 1
2086,0.5962885792623006,-0.9251812028491122,3,Sample 2,Cell type 1
2087,0.4444835728027588,1.071664545004199,0,Sample 3,Cell type 1
2088,0.03645747192305103,0.4787197219153463,0,Sample 3,Cell type 1
2089,-1.1408144936963616,-0.6849014254682053,3,Sample 2,Cell type 1
2090,-1.420988186318656,1.3269222491845367,1,Sample 4,Cell type 1
2091,0.7352611863902149,0.767780364649079,0,Sample 3,Cell type 1
2092,-0.5194984306571409,2.0570432258184095,1,Sample 4,Cell type 1
2093,1.736754173998251,0.8592913500541307,0,Sample 3,Cell type 1
2094,-0.9567064496281475,1.3556821345761125,0,Sample 3,Cell type 1
2095,-0.6461204461974119,-1.3132559818848315,3,Sample 2,Cell type 1
2096,-1.2261604479119448,0.8429754788896505,1,Sample 4,Cell type 1
2097,0.3854928493747932,1.4378118379023737,1,Sample 4,Cell type 1
2098,0.08564596239383741,-1.2761175049104216,2,Sample 1,Cell type 1
2099,-0.7229614885841026,1.2594874253772823,0,Sample 3,Cell type 1
2100,-0.3975456200943826,0.8539448204963671,1,Sample 4,Cell type 1
2101,-0.4592805402268787,-0.5708688800869253,2,Sample 1,Cell type 1
2102,-0.7651491014544071,1.3779250223043018,1,Sample 4,Cell type 1
2103,2.594474375675787,2.846333000492889,1,Sample 4,Cell type 1
2104,0.8856645354295782,0.9036950688371214,0,Sample 3,Cell type 1
2105,0.46116107609793816,-2.2068447745702855,3,Sample 2,Cell type 1
2106,-0.7618531045910376,0.4584038892331749,1,Sample 4,Cell type 1
2107,-0.2058400004942317,-0.13431014960548737,2,Sample 1,Cell type 1
2108,1.0359884678535647,-0.5646237181277223,2,Sample 1,Cell type 1
2109,-0.05449874013436248,-0.7088234953178094,2,Sample 1,Cell type 1
2110,-1.7964687180521304,-0.8436774229733438,3,Sample 2,Cell type 1
2111,0.6585364671695317,1.058654373750723,0,Sample 3,Cell type 1
2112,1.1057271928300219,1.5189679100717142,0,Sample 3,Cell type 1
2113,-0.9965739011571076,1.043947288799879,1,Sample 4,Cell type 1
2114,-0.36290911007334625,0.3809812365085061,2,Sample 1,Cell type 1
2115,1.3411144217665625,0.24359449604581496,1,Sample 4,Cell type 1
2116,0.14016913512680965,3.3882072020827283,1,Sample 4,Cell type 1
2117,0.19260254359085463,3.081346491344316,0,Sample 3,Cell type 1
2118,0.8327633390382316,-2.012206727268172,3,Sample 2,Cell type 1
2119,-0.1805251045698013,0.11121949037020928,2,Sample 1,Cell type 1
2120,0.29382985072107254,2.470546941436098,0,Sample 3,Cell type 1
2121,-0.058286151072844065,0.5114230364031969,3,Sample 2,Cell type 1
2122,0.44666153001737796,1.0608043131299292,0,Sample 3,Cell type 1
2123,-0.9553493211294755,-1.8101155531544717,3,Sample 2,Cell type 1
2124,-0.5300990071566773,1.4564789348745275,0,Sample 3,Cell type 1
2125,1.9566015836934612,1.103376945580182,0,Sample 3,Cell type 1
2126,0.6262989879588581,0.6550995443399208,1,Sample 4,Cell type 1
2127,0.01846452716033654,-0.5000771242767656,3,Sample 2,Cell type 1
2128,-0.8473693666983216,-1.4002088132693404,3,Sample 2,Cell type 1
2129,0.5004064134648286,1.708185186391193,1,Sample 4,Cell type 1
2130,0.13669235050235348,0.8528133309178567,0,Sample 3,Cell type 1
2131,0.9275048346404177,-0.2215187511879424,2,Sample 1,Cell type 1
2132,0.7506270447807982,0.5871642174261009,0,Sample 3,Cell type 1
2133,1.2214501308618122,0.5220465641836478,3,Sample 2,Cell type 1
2134,1.303713704890239,-1.2981404671615797,2,Sample 1,Cell type 1
2135,1.0262359750711842,-0.937594065216914,3,Sample 2,Cell type 1
2136,-0.47391513939109536,0.3088073842561472,0,Sample 3,Cell type 1
2137,-0.01938626709575372,-0.03803900161354212,2,Sample 1,Cell type 1
2138,0.112786159689648,2.270901542434877,1,Sample 4,Cell type 1
2139,-1.6616958830190993,-1.188219127977951,3,Sample 2,Cell type 1
2140,-0.01784022697444244,-1.5511084340603245,2,Sample 1,Cell type 1
2141,-0.6399524053615474,-0.5264017096986462,1,Sample 4,Cell type 1
2142,-1.0659586783156527,-0.06306589383508265,3,Sample 2,Cell type 1
2143,0.08576636963210693,-1.255077084395785,2,Sample 1,Cell type 1
2144,-0.3953520184535302,-0.7729243461578106,3,Sample 2,Cell type 1
2145,-1.1182443827394377,-0.03793879581981796,2,Sample 1,Cell type 1
2146,0.10988198352562882,1.3345388440480739,2,Sample 1,Cell type 1
2147,0.6642686532353965,0.3151329392729062,0,Sample 3,Cell type 1
2148,1.6706997638245822,0.888328297475861,0,Sample 3,Cell type 1
2149,-0.4605102609902192,1.097607851716289,0,Sample 3,Cell type 1
2150,-0.10610699710605885,0.22037655626348673,0,Sample 3,Cell type 1
2151,0.5492541974025409,-0.40714097545417116,3,Sample 2,Cell type 1
2152,0.08573593220767697,-1.8628101930916778,2,Sample 1,Cell type 1
2153,1.0772573300882369,0.1549362553329907,3,Sample 2,Cell type 1
2154,0.6502896950711681,1.5037030735388899,0,Sample 3,Cell type 1
2155,1.5202147394487717,-0.18155475579820857,2,Sample 1,Cell type 1
2156,-0.677434974454724,-0.2118777797486917,0,Sample 3,Cell type 1
2157,-1.3513464303738094,0.6229890074379842,1,Sample 4,Cell type 1
2158,1.0203125903992118,0.8786284531382167,1,Sample 4,Cell type 1
2159,-0.6765384835952903,-1.0112791727253372,2,Sample 1,Cell type 1
2160,0.17783188464068325,2.0230926506507148,1,Sample 4,Cell type 1
2161,0.1284591848398917,1.0024368161227315,0,Sample 3,Cell type 1
2162,0.11270899752896316,-0.4147514924502813,0,Sample 3,Cell type 1
2163,0.05762948902699581,0.8302328240790786,1,Sample 4,Cell type 1
2164,0.39737132240898615,0.8893885590630523,0,Sample 3,Cell type 1
2165,0.7189353282713394,-0.9698427415008617,2,Sample 1,Cell type 1
2166,0.44004167921964155,0.2253244361090917,0,Sample 3,Cell type 1
2167,-1.3554047167960623,-0.19471476717389757,3,Sample 2,Cell type 1
2168,0.9558102895015502,1.7157177500590979,1,Sample 4,Cell type 1
2169,0.857212748464831,-2.2052272241523196,3,Sample 2,Cell type 1
2170,1.2753423649632099,-0.9171694768406597,3,Sample 2,Cell type 1
2171,0.10349440536305482,-2.9045912844187978,3,Sample 2,Cell type 1
2172,0.6965973156707226,-0.24094952282270388,2,Sample 1,Cell type 1
2173,1.0272766351584939,-2.9411136564281666,2,Sample 1,Cell type 1
2174,1.1758274070299966,-1.4978161783151969,3,Sample 2,Cell type 1
2175,-0.6539265075314719,-0.7429668233940896,2,Sample 1,Cell type 1
2176,-0.5791922653940873,0.8436877190583808,1,Sample 4,Cell type 1
2177,-0.5256281896138592,-0.2043534114067027,3,Sample 2,Cell type 1
2178,1.3147025246436272,1.288518313148636,1,Sample 4,Cell type 1
2179,-0.01951885378892532,-2.1377837196049656,3,Sample 2,Cell type 1
2180,-0.8210953661327137,1.9840004581753201,1,Sample 4,Cell type 1
2181,-1.2430070128128516,1.654311726420023,1,Sample 4,Cell type 1
2182,-2.2190519519471334,-1.1436957771245067,3,Sample 2,Cell type 1
2183,-1.6547005723448258,-0.9284837768547094,3,Sample 2,Cell type 1
2184,-0.3390077456181626,-1.3627312867070833,2,Sample 1,Cell type 1
2185,-1.5298039803358217,0.9450927631316252,1,Sample 4,Cell type 1
2186,-0.8932195519589273,1.9886492960055508,1,Sample 4,Cell type 1
2187,-1.2933706999584116,-1.1835058654843738,2,Sample 1,Cell type 1
2188,0.18515673802045785,1.5171916301806165,1,Sample 4,Cell type 1
2189,-0.22076116135691054,-1.2893790688747093,3,Sample 2,Cell type 1
2190,0.5999201915389685,-0.7765857294267793,2,Sample 1,Cell type 1
2191,-0.6596896078120176,-1.847040118598256,3,Sample 2,Cell type 1
2192,0.009778838732135572,-1.9573324738275168,3,Sample 2,Cell type 1
2193,0.9084961177463553,0.11496519007069261,1,Sample 4,Cell type 1
2194,-0.5194220360528057,0.020847786590194706,0,Sample 3,Cell type 1
2195,-0.3388788653825417,-2.0924939233521194,2,Sample 1,Cell type 1
2196,-0.9549094654051841,1.7353233388880014,0,Sample 3,Cell type 1
2197,0.20620203211420055,0.006591539614700492,1,Sample 4,Cell type 1
2198,-0.27180720611801906,-0.8147140206655266,2,Sample 1,Cell type 1
2199,0.4671425482607712,0.7125663273703524,0,Sample 3,Cell type 1
2200,-0.24622258796240068,1.1753202621311511,0,Sample 3,Cell type 1
2201,0.5717965199111561,-1.1869792462813804,3,Sample 2,Cell type 1
2202,1.004322887567917,-0.24330428505268342,2,Sample 1,Cell type 1
2203,0.14391532092278278,2.1136018290756793,0,Sample 3,Cell type 1
2204,-2.3435589520018145,2.6423776196013304,1,Sample 4,Cell type 1
2205,0.9564251104693675,-2.215175824650652,2,Sample 1,Cell type 1
2206,-0.895636902706535,0.6851761152242168,1,Sample 4,Cell type 1
2207,-1.196433229198563,-1.0098387594464462,3,Sample 2,Cell type 1
2208,0.3705650336792985,-0.0937102451681966,1,Sample 4,Cell type 1
2209,0.21228987951970277,0.5337930739107344,1,Sample 4,Cell type 1
2210,-0.9916498288641917,-2.2022964869459116,2,Sample 1,Cell type 1
2211,-0.7826463598579984,0.4387840697104941,3,Sample 2,Cell type 1
2212,-0.1991713187832588,1.7772567607634844,0,Sample 3,Cell type 1
2213,0.3407097649544286,1.0153182219326016,1,Sample 4,Cell type 1
2214,-0.3638357739021543,-1.8318452248215076,2,Sample 1,Cell type 1
2215,-0.6327054333556523,-0.9727935230174826,2,Sample 1,Cell type 1
2216,-1.4750348667845967,0.2877457215841025,1,Sample 4,Cell type 1
2217,-0.02620261617279871,0.565260183092988,0,Sample 3,Cell type 1
2218,0.05469725277412701,-2.3971733804632267,2,Sample 1,Cell type 1
2219,-0.1811831135212214,1.2938924054529424,0,Sample 3,Cell type 1
2220,0.8810641319116403,-0.4269279355676715,3,Sample 2,Cell type 1
2221,1.3080531156220156,0.049354759418128946,2,Sample 1,Cell type 1
2222,0.6580359296825513,0.02332508002318212,0,Sample 3,Cell type 1
2223,-0.5051220444532466,-0.957978905427747,3,Sample 2,Cell type 1
2224,-0.1816848062247408,-1.113406043222031,2,Sample 1,Cell type 1
2225,-0.8010517233583736,-1.7377511243453019,3,Sample 2,Cell type 1
2226,1.338691156922019,-1.4715619199509749,2,Sample 1,Cell type 1
2227,-1.4649159026706802,0.01724493498738988,1,Sample 4,Cell type 1
2228,0.03525005392527949,-2.468615004941672,3,Sample 2,Cell type 1
2229,0.8726893364829584,0.6296483903797934,1,Sample 4,Cell type 1
2230,0.1235949324762009,-1.2692420719025388,2,Sample 1,Cell type 1
2231,-0.609459737327079,-0.8317063091672905,3,Sample 2,Cell type 1
2232,-0.09412394528173126,-0.9879777997703224,3,Sample 2,Cell type 1
2233,-0.11590284955830948,-0.9655673033196899,2,Sample 1,Cell type 1
2234,-0.8737132747429865,-1.2029408620339048,2,Sample 1,Cell type 1
2235,-0.12627000787220796,-0.7533663490889432,3,Sample 2,Cell type 1
2236,0.5926594763361007,0.5894291468227317,1,Sample 4,Cell type 1
2237,-0.08986243975266386,0.8232243203734216,0,Sample 3,Cell type 1
2238,1.3114052133934018,-2.538217417649869,3,Sample 2,Cell type 1
2239,-0.9495947106445958,-0.15374865534336302,2,Sample 1,Cell type 1
2240,0.16848067143811343,-1.3907808640882877,2,Sample 1,Cell type 1
2241,0.8831468373615258,-1.205024659401258,2,Sample 1,Cell type 1
2242,-0.38976233695594176,0.7184629457467927,1,Sample 4,Cell type 1
2243,0.06367828990082912,1.4432462168927258,1,Sample 4,Cell type 1
2244,0.030033473189457163,-0.12655572874028342,2,Sample 1,Cell type 1
2245,0.01670919063676943,1.1845607245749468,1,Sample 4,Cell type 1
2246,0.5949214204321386,-1.1639013310917738,2,Sample 1,Cell type 1
2247,0.6913987077589092,-3.166035084304942,3,Sample 2,Cell type 1
2248,1.0284657874893435,-1.0456490331449249,3,Sample 2,Cell type 1
2249,-0.18287993227201488,0.20452050031319013,1,Sample 4,Cell type 1
2250,0.24624141511364736,-0.36813471412530063,0,Sample 3,Cell type 1
2251,0.9609711377311559,0.6735397015827589,0,Sample 3,Cell type 1
2252,-0.5029234440596562,-1.2220108950881867,2,Sample 1,Cell type 1
2253,0.29867884776911857,1.2499025683732574,1,Sample 4,Cell type 1
2254,-0.7046032716821842,0.43898001468104964,2,Sample 1,Cell type 1
2255,0.5550587630872817,-0.06677733102319738,3,Sample 2,Cell type 1
2256,-0.636445654352706,1.33951515028881,1,Sample 4,Cell type 1
2257,0.17956145484797764,1.8376786420897235,0,Sample 3,Cell type 1
2258,0.28427055647210947,-2.447414171670607,3,Sample 2,Cell type 1
2259,0.5372249373832427,2.222425087510266,1,Sample 4,Cell type 1
2260,0.8994826878964022,0.7327382152160475,1,Sample 4,Cell type 1
2261,-1.0462212521181287,-1.276083277455352,3,Sample 2,Cell type 1
2262,-0.07729893601191179,0.6672264576421131,1,Sample 4,Cell type 1
2263,-0.5904456669291133,-0.8549990699183596,2,Sample 1,Cell type 1
2264,0.10017960211832583,0.6564755670997976,0,Sample 3,Cell type 1
2265,-0.8448246399733341,-1.2055561000974253,2,Sample 1,Cell type 1
2266,1.2991079942489219,-0.6934654481928797,2,Sample 1,Cell type 1
2267,0.45168474071488024,0.18426852904630753,1,Sample 4,Cell type 1
2268,0.8829760109780772,-1.3075912968332144,3,Sample 2,Cell type 1
2269,0.63995352155364,-0.2930484867492704,0,Sample 3,Cell type 1
2270,-0.4121367192736142,-1.1012151175631602,3,Sample 2,Cell type 1
2271,-0.25653410044575337,2.436169084729858,1,Sample 4,Cell type 1
2272,-1.286128821694447,1.1477924631165797,1,Sample 4,Cell type 1
2273,1.4844026518354105,1.1793877956282335,1,Sample 4,Cell type 1
2274,1.6998171224135694,2.065071249590723,1,Sample 4,Cell type 1
2275,0.375414071846821,-0.22845769856568476,1,Sample 4,Cell type 1
2276,-0.24174446958609713,-1.0825096702618389,1,Sample 4,Cell type 1
2277,1.1607420386233696,2.445757314910308,1,Sample 4,Cell type 1
2278,-1.0762683899321932,-1.2249312339716458,3,Sample 2,Cell type 1
2279,-0.3901642983589957,-0.140533596183805,2,Sample 1,Cell type 1
2280,-0.1824045814477743,-2.125581969683191,3,Sample 2,Cell type 1
2281,0.004090765313968712,0.8123302932998825,0,Sample 3,Cell type 1
2282,-0.16422721559700101,-0.10516004459573924,2,Sample 1,Cell type 1
2283,-0.3451645156479079,-2.6960697720961395,3,Sample 2,Cell type 1
2284,-0.7034262259295905,-0.7211239041112156,2,Sample 1,Cell type 1
2285,0.6635244649467914,-0.7689082472063082,0,Sample 3,Cell type 1
2286,-0.8375287861455517,1.429322202021829,0,Sample 3,Cell type 1
2287,-0.4739723643044115,-0.7383421000977237,3,Sample 2,Cell type 1
2288,0.21849474743491537,-1.7985698068091243,2,Sample 1,Cell type 1
2289,-1.2272913365884979,2.0221414575188073,0,Sample 3,Cell type 1
2290,-0.35443521690278584,0.6164056260806052,1,Sample 4,Cell type 1
2291,-0.8780887858205815,-1.2893024874980366,3,Sample 2,Cell type 1
2292,0.06189464611809464,0.310972638937389,0,Sample 3,Cell type 1
2293,0.7779551983344082,-0.301770068424312,3,Sample 2,Cell type 1
2294,-0.12142807602846667,1.4706537651876612,0,Sample 3,Cell type 1
2295,-1.6507225219835637,-1.253880393794028,2,Sample 1,Cell type 1
2296,0.6471354155141755,-1.4675642334803505,2,Sample 1,Cell type 1
2297,0.06963765459053699,0.760794119627306,0,Sample 3,Cell type 1
2298,0.7806586698308507,-0.9929138370648837,3,Sample 2,Cell type 1
2299,1.7166599400611908,-2.2359487377227207,3,Sample 2,Cell type 1
2300,0.26617546366815037,-2.0665184067817672,3,Sample 2,Cell type 1
2301,-0.29542171139696255,1.114710773873801,1,Sample 4,Cell type 1
2302,0.5575635236085885,0.732944408195192,0,Sample 3,Cell type 1
2303,0.15550744126186883,0.7174669657514493,0,Sample 3,Cell type 1
2304,0.37140099049840286,-0.5126915847571891,3,Sample 2,Cell type 1
2305,0.29691669869704707,0.5168118506273436,0,Sample 3,Cell type 1
2306,0.7811451017584545,-1.9057193125728054,3,Sample 2,Cell type 1
2307,-0.7204965877182951,1.5107135404867065,1,Sample 4,Cell type 1
2308,-0.6911838792608627,-1.101226063797648,3,Sample 2,Cell type 1
2309,1.6602086981002124,0.4486497455283457,0,Sample 3,Cell type 1
2310,-0.21552546755564622,1.57403380463677,0,Sample 3,Cell type 1
2311,-0.2623157732103343,1.1241525470871834,1,Sample 4,Cell type 1
2312,-0.5346761558774413,-1.0488605370819009,2,Sample 1,Cell type 1
2313,-0.73965129150248,-0.2780793356763458,1,Sample 4,Cell type 1
2314,-0.4702850439264002,-0.8155113209870284,3,Sample 2,Cell type 1
2315,0.5997963803506782,-2.6119209860052868,3,Sample 2,Cell type 1
2316,-0.1716301316143709,-3.8808680835676146,3,Sample 2,Cell type 1
2317,-1.4229761991234229,2.1968354491913464,0,Sample 3,Cell type 1
2318,-1.3615217840146685,-1.4490703971537648,2,Sample 1,Cell type 1
2319,0.47259546840826067,-1.1760909850038628,3,Sample 2,Cell type 1
2320,-0.24078424991457756,-1.5051496219865466,2,Sample 1,Cell type 1
2321,-1.394938081917229,-0.8745415871214455,3,Sample 2,Cell type 1
2322,0.036451104913518655,-0.5012742893760675,2,Sample 1,Cell type 1
2323,1.3380579094701628,1.335215207492836,0,Sample 3,Cell type 1
2324,-2.0957960832717957,1.657522003500179,0,Sample 3,Cell type 1
2325,-0.32332572758344225,-0.9985641016975143,3,Sample 2,Cell type 1
2326,0.025116692426221155,0.28606264511960844,2,Sample 1,Cell type 1
2327,0.19866011401270578,-0.937505811811187,2,Sample 1,Cell type 1
2328,-0.019483673808786274,2.7138162868894913,0,Sample 3,Cell type 1
2329,-0.21792801328294975,-0.013020577331045557,2,Sample 1,Cell type 1
2330,0.24592285577575074,-1.6596898003478087,2,Sample 1,Cell type 1
2331,-0.4316729765897053,-0.28407155517853977,2,Sample 1,Cell type 1
2332,-0.0019230727350830754,0.528582678568555,1,Sample 4,Cell type 1
2333,-0.3147503170196404,-2.5273579671817945,3,Sample 2,Cell type 1
2334,-0.7719387684640836,1.5488411679987515,0,Sample 3,Cell type 1
2335,-0.8429459353170833,0.14575766273664548,0,Sample 3,Cell type 1
2336,-0.14722591935920218,-2.990257646049865,3,Sample 2,Cell type 1
2337,0.016333733770334504,-2.172539085873676,2,Sample 1,Cell type 1
2338,-0.07435536529087063,0.8083984623826002,1,Sample 4,Cell type 1
2339,0.058144419463473075,0.6708054843502558,1,Sample 4,Cell type 1
2340,0.17974778060150876,1.746072665498472,0,Sample 3,Cell type 1
2341,1.3387535084983881,-0.6466026108979541,2,Sample 1,Cell type 1
2342,1.0978170532863931,-0.8863644169355638,3,Sample 2,Cell type 1
2343,1.639849676628741,1.000546255165986,1,Sample 4,Cell type 1
2344,0.035049177583287676,0.882398398697209,0,Sample 3,Cell type 1
2345,-0.3475969819458525,0.7526623012250885,0,Sample 3,Cell type 1
2346,0.6953236739975173,0.6355683791809035,1,Sample 4,Cell type 1
2347,-0.29196218363430826,0.3286322661287948,0,Sample 3,Cell type 1
2348,-1.1391664897580855,-0.8571766642236177,3,Sample 2,Cell type 1
2349,0.09783800242582702,1.4346384232291103,0,Sample 3,Cell type 1
2350,-0.9296526562050265,0.26569340104285377,3,Sample 2,Cell type 1
2351,0.5234925250832462,0.955532263271636,0,Sample 3,Cell type 1
2352,-0.14731665254656165,-1.9041429835877468,2,Sample 1,Cell type 1
2353,0.4262265674580994,-1.6444213460084165,3,Sample 2,Cell type 1
2354,2.048067630615036,0.9231520802202801,0,Sample 3,Cell type 1
2355,-0.8845637347887486,0.8280631757690118,0,Sample 3,Cell type 1
2356,-0.4373440676698123,0.7826759117391574,1,Sample 4,Cell type 1
2357,-1.3334107254313583,-2.195804917159715,2,Sample 1,Cell type 1
2358,0.24872605247840368,2.1802849735596417,0,Sample 3,Cell type 1
2359,0.4919557112251025,-0.5922535382061368,3,Sample 2,Cell type 1
2360,-0.04697634168370298,-0.6427707944474308,3,Sample 2,Cell type 1
2361,-0.43180774424748924,0.3773562196781498,0,Sample 3,Cell type 1
2362,0.051579531848096195,-0.5803732530830972,0,Sample 3,Cell type 1
2363,1.1582371347662928,-0.24908798185684422,2,Sample 1,Cell type 1
2364,0.48790403775233515,-1.031941170698691,3,Sample 2,Cell type 1
2365,1.2288489453676228,-0.5219698352842175,3,Sample 2,Cell type 1
2366,-0.6174175659143001,0.28761653262077846,2,Sample 1,Cell type 1
2367,0.3848073853893706,1.179107219423305,0,Sample 3,Cell type 1
2368,0.7789809846818943,-0.7609617757425905,2,Sample 1,Cell type 1
2369,0.4579562449240815,-0.6823626640940801,3,Sample 2,Cell type 1
2370,0.34880462017806385,-0.3249283922866102,2,Sample 1,Cell type 1
2371,-2.0236480621554427,0.7627140327441613,1,Sample 4,Cell type 1
2372,0.26224885885929866,-0.23801747443775567,2,Sample 1,Cell type 1
2373,-0.01313831685820166,1.9507146187584672,0,Sample 3,Cell type 1
2374,0.03908805626056347,1.0324733529631058,0,Sample 3,Cell type 1
2375,0.2882949727238889,-1.728516069745992,2,Sample 1,Cell type 1
2376,0.5721395121024467,-1.040894954412302,3,Sample 2,Cell type 1
2377,-0.441778435424777,1.5063454542044088,0,Sample 3,Cell type 1
2378,-0.3307390165091531,-0.974083029053137,3,Sample 2,Cell type 1
2379,1.6797774313332123,0.8023794394032027,1,Sample 4,Cell type 1
2380,-0.06580295973716253,-0.7548393096293274,3,Sample 2,Cell type 1
2381,-1.0778031340650793,-1.7190398481950702,3,Sample 2,Cell type 1
2382,-0.5873866575768303,-1.113223709870278,2,Sample 1,Cell type 1
2383,0.7485427145179689,2.017244075995327,0,Sample 3,Cell type 1
2384,0.6354117436974618,-0.0034315385353995698,0,Sample 3,Cell type 1
2385,-1.097520914345085,-0.29084911830139304,0,Sample 3,Cell type 1
2386,0.831289429936215,0.9393885707716321,1,Sample 4,Cell type 1
2387,1.643355073004856,-0.8817434087707784,3,Sample 2,Cell type 1
2388,0.6867608933253323,0.8123035440340689,1,Sample 4,Cell type 1
2389,-0.7203587691024215,0.1355645446382714,3,Sample 2,Cell type 1
2390,-1.1414612614250739,-0.9445302706277217,3,Sample 2,Cell type 1
2391,-0.3589565460955874,-0.8125925884345875,3,Sample 2,Cell type 1
2392,-1.033810156084495,1.5517662441961555,1,Sample 4,Cell type 1
2393,-1.0175352008901783,-0.8308827460234729,2,Sample 1,Cell type 1
2394,0.21370132080918675,1.4069800185839472,0,Sample 3,Cell type 1
2395,-2.5930138720552582,0.18048988693256807,0,Sample 3,Cell type 1
2396,0.5330157376348186,-0.5376171810883543,2,Sample 1,Cell type 1
2397,-0.6241151051102175,-0.4117845520200101,3,Sample 2,Cell type 1
2398,1.342939738698053,-2.529312440521406,2,Sample 1,Cell type 1
2399,-0.2891702133551886,1.333156830481162,1,Sample 4,Cell type 1
2400,0.04180679239798657,0.1515159468827192,1,Sample 4,Cell type 1
2401,-0.9527332047789815,-0.4570175445764648,3,Sample 2,Cell type 1
2402,-0.9574309171410493,1.7149581515112886,1,Sample 4,Cell type 1
2403,0.3266022045715775,-0.3620668833902725,0,Sample 3,Cell type 1
2404,-0.3339443055915458,-0.7247568627492268,2,Sample 1,Cell type 1
2405,-1.3630972694613752,0.26042720949635645,1,Sample 4,Cell type 1
2406,0.8640448473114483,-0.2457691886879395,2,Sample 1,Cell type 1
2407,-0.6504114978081039,1.6586239325421643,1,Sample 4,Cell type 1
2408,0.8172123142254911,-0.2648681162733365,2,Sample 1,Cell type 1
2409,-0.5750659100869843,1.5960042503018248,1,Sample 4,Cell type 1
2410,0.6209828037792849,-1.3871467559609865,3,Sample 2,Cell type 1
2411,-0.08651119231313341,-0.11031950462292917,3,Sample 2,Cell type 1
2412,0.4612455704446132,1.249000123634829,0,Sample 3,Cell type 1
2413,-0.7249722656377688,-0.8864160689007957,3,Sample 2,Cell type 1
2414,0.06595180234760263,-0.1660411995719444,0,Sample 3,Cell type 1
2415,0.4256049590575545,1.2893288489976134,1,Sample 4,Cell type 1
2416,0.9897446402312075,-1.2035808613162733,3,Sample 2,Cell type 1
2417,-1.2115762473446137,1.257274569071391,1,Sample 4,Cell type 1
2418,0.09076483204524191,-0.8513298968777976,3,Sample 2,Cell type 1
2419,-0.10036340800232019,1.262303619327486,1,Sample 4,Cell type 1
2420,0.9673845177791505,-1.0194291965360207,3,Sample 2,Cell type 1
2421,-0.19226031852650804,0.7001433539603219,0,Sample 3,Cell type 1
2422,0.8323447141158712,-2.5640390162546263,2,Sample 1,Cell type 1
2423,0.6685536896521135,0.09623451627390545,0,Sample 3,Cell type 1
2424,1.3958891252987948,0.9238700338031784,3,Sample 2,Cell type 1
2425,-1.0946520310662484,2.5898207993846465,1,Sample 4,Cell type 1
2426,-0.8002650596844598,0.45780402358011874,0,Sample 3,Cell type 1
2427,0.579673422978498,-0.641211636642848,3,Sample 2,Cell type 1
2428,-0.9785761840495439,0.13970218566179482,3,Sample 2,Cell type 1
2429,-0.7116115437004187,0.34735177202764933,0,Sample 3,Cell type 1
2430,0.780095786734201,0.8823540947982891,0,Sample 3,Cell type 1
2431,0.3334412595864911,-0.06630336959736205,3,Sample 2,Cell type 1
2432,-1.4228700672052135,1.2557214607351819,1,Sample 4,Cell type 1
2433,-0.2116118730484886,-0.6030898915254028,1,Sample 4,Cell type 1
2434,0.0590907475287043,-0.04513077161899037,3,Sample 2,Cell type 1
2435,1.5233092716584056,2.300767132289651,1,Sample 4,Cell type 1
2436,0.017511056931867823,-0.7464383944127078,3,Sample 2,Cell type 1
2437,0.061287256361327695,-1.4094108463538428,2,Sample 1,Cell type 1
2438,1.286332048895326,0.08276291809696246,3,Sample 2,Cell type 1
2439,0.3277482749972398,-1.477594870736746,3,Sample 2,Cell type 1
2440,-0.5616424751018819,0.7378702827217853,0,Sample 3,Cell type 1
2441,0.8701683409262929,-0.4467051399028893,2,Sample 1,Cell type 1
2442,0.7610449954395868,-0.5784816610673651,2,Sample 1,Cell type 1
2443,-1.5825801994998483,1.0375479216482957,1,Sample 4,Cell type 1
2444,1.5930963347335236,-0.6856691915614269,2,Sample 1,Cell type 1
2445,-0.07062563868100386,3.0637674701234547,0,Sample 3,Cell type 1
2446,-1.072057656899148,-0.6542266473925968,2,Sample 1,Cell type 1
2447,0.7130429494958044,-0.9966161128046788,2,Sample 1,Cell type 1
2448,0.5716878325092944,-0.6399530228619825,1,Sample 4,Cell type 1
2449,0.17650464344573058,-1.2816701979631047,3,Sample 2,Cell type 1
2450,0.7095099120778403,0.6633905650551574,1,Sample 4,Cell type 1
2451,-0.05728100753125116,0.9702222107921268,0,Sample 3,Cell type 1
2452,0.4618908200853293,-1.1029275570816448,2,Sample 1,Cell type 1
2453,-0.3001571042591496,0.7458279225950127,1,Sample 4,Cell type 1
2454,-1.6289764022847493,-0.9620052253986856,2,Sample 1,Cell type 1
2455,0.26501074512285117,1.7804361016978874,0,Sample 3,Cell type 1
2456,0.18702872943259818,-0.24471651696290198,0,Sample 3,Cell type 1
2457,-0.014967005156717934,0.6891852375288914,0,Sample 3,Cell type 1
2458,1.2923005515755535,0.7421436246309281,0,Sample 3,Cell type 1
2459,0.767053045174138,-0.09785096438685681,3,Sample 2,Cell type 1
2460,-0.7264192604169688,-0.12984296106823323,0,Sample 3,Cell type 1
2461,-0.9146711928670886,-0.9300209970554086,3,Sample 2,Cell type 1
2462,-1.617438911969558,-1.0810245749612264,2,Sample 1,Cell type 1
2463,-0.46141706445466624,1.604312980660605,0,Sample 3,Cell type 1
2464,1.0046049004588167,0.2843141582243969,0,Sample 3,Cell type 1
2465,0.2856123887720379,0.4456723237914766,0,Sample 3,Cell type 1
2466,-0.6541459172841071,-1.9070642854450832,2,Sample 1,Cell type 1
2467,0.21778938026191047,-1.0458163286576818,3,Sample 2,Cell type 1
2468,0.21004906320154,1.1548719290940355,1,Sample 4,Cell type 1
2469,0.5486862548867352,-2.722984459033169,2,Sample 1,Cell type 1
2470,-0.49851242113981153,0.5556183046717962,0,Sample 3,Cell type 1
2471,1.1535560046415119,-1.4098993925413548,2,Sample 1,Cell type 1
2472,0.4634774078054206,0.12962150283459972,2,Sample 1,Cell type 1
2473,-0.059546743280037034,1.4965376780405424,0,Sample 3,Cell type 1
2474,-0.5131895272354478,1.3902978278968592,1,Sample 4,Cell type 1
2475,0.25924562257724854,0.0818468881474661,1,Sample 4,Cell type 1
2476,-0.14207679580699117,-0.4752862897699339,2,Sample 1,Cell type 1
2477,-0.30905798035774046,-2.764235498204725,3,Sample 2,Cell type 1
2478,0.10455201957150587,-1.1132206026935587,2,Sample 1,Cell type 1
2479,0.5907732639963283,1.1370946249519764,0,Sample 3,Cell type 1
2480,-0.22570062154712903,-0.01543767601242374,3,Sample 2,Cell type 1
2481,1.395667096060199,-0.31213315082603377,3,Sample 2,Cell type 1
2482,1.144921694209393,-1.2080290001443559,3,Sample 2,Cell type 1
2483,0.9228722746535404,2.109079517810275,1,Sample 4,Cell type 1
2484,0.25947216801189454,-1.4261803985735229,2,Sample 1,Cell type 1
2485,0.5441728843603596,1.95400600998238,1,Sample 4,Cell type 1
2486,-0.5013737796719722,1.689914777906207,0,Sample 3,Cell type 1
2487,-0.8513760054538791,-1.0078758469203064,2,Sample 1,Cell type 1
2488,-1.416854842470473,1.3772339043345645,1,Sample 4,Cell type 1
2489,0.949908841251801,3.0716509136148913,0,Sample 3,Cell type 1
2490,-0.7514683150550034,0.8847299554227076,0,Sample 3,Cell type 1
2491,0.07092607276914996,1.1578525659244765,1,Sample 4,Cell type 1
2492,0.11439250784737319,-2.3808084949334134,3,Sample 2,Cell type 1
2493,0.2916491818843656,-1.544138781078361,3,Sample 2,Cell type 1
2494,0.7955579004071259,-0.48319505030835874,2,Sample 1,Cell type 1
2495,0.880767707998857,2.566677963376475,0,Sample 3,Cell type 1
2496,-0.08789129848154854,-1.1472694936127354,3,Sample 2,Cell type 1
2497,0.3278102367675979,0.3111296718611436,1,Sample 4,Cell type 1
2498,-0.3864488413467516,1.1174344095884394,0,Sample 3,Cell type 1
2499,0.7153862196007479,-1.6130580198251412,3,Sample 2,Cell type 1
2500,0.04806879569213089,1.3106496043387597,1,Sample 4,Cell type 1
2501,-0.3726444552945303,0.8793298307466437,1,Sample 4,Cell type 1
2502,-0.6159968529579659,-0.036893331399915574,1,Sample 4,Cell type 1
2503,1.0793432391109643,-0.9804545278575727,3,Sample 2,Cell type 1
2504,-1.4245005383259914,0.2021874610444705,3,Sample 2,Cell type 1
2505,-0.0815957733087456,-1.673946104101061,2,Sample 1,Cell type 1
2506,0.7776455725917776,-1.0106437083029083,2,Sample 1,Cell type 1
2507,0.526210540920299,-1.0556258289938154,2,Sample 1,Cell type 1
2508,0.02354447334204175,-0.5866844432512262,2,Sample 1,Cell type 1
2509,-1.5736557628697219,0.106250830634398,1,Sample 4,Cell type 1
2510,-0.3865491698394992,2.2591894106320263,0,Sample 3,Cell type 1
2511,-0.17988478544646286,0.47999793534123214,0,Sample 3,Cell type 1
2512,1.275604050579978,0.3224309213453377,0,Sample 3,Cell type 1
2513,0.3553586618325375,1.8810583661886098,1,Sample 4,Cell type 1
2514,-1.3799342660104263,0.5501699766072219,0,Sample 3,Cell type 1
2515,0.7642153897657644,-1.0309943159916344,2,Sample 1,Cell type 1
2516,1.2950301117286944,-0.6673386964357255,2,Sample 1,Cell type 1
2517,0.8687164526652625,1.3797585863039623,0,Sample 3,Cell type 1
2518,-0.357857516527001,2.0248130893880907,0,Sample 3,Cell type 1
2519,-0.3858508567490424,-0.12081331404642814,2,Sample 1,Cell type 1
2520,0.2057591762847419,0.8074678603758296,1,Sample 4,Cell type 1
2521,0.5273965347459241,1.7500561101012466,1,Sample 4,Cell type 1
2522,-0.10233407318461324,0.2355676475196593,0,Sample 3,Cell type 1
2523,0.28818082966194297,-0.5669429647933772,3,Sample 2,Cell type 1
2524,-0.12561986275576625,-1.9681287547313264,3,Sample 2,Cell type 1
2525,1.0125662726917606,0.3070601214283992,0,Sample 3,Cell type 1
2526,-0.49960836407086195,-0.40241532791623214,2,Sample 1,Cell type 1
2527,0.0596076750614181,-0.17949430890193407,3,Sample 2,Cell type 1
2528,0.4141272163752985,0.4194049494772275,0,Sample 3,Cell type 1
2529,-0.7879945006536122,-0.8410559923620745,2,Sample 1,Cell type 1
2530,1.17134179100195,1.7974870187726464,1,Sample 4,Cell type 1
2531,0.06076421433286993,1.594145934687778,1,Sample 4,Cell type 1
2532,0.12700484075003426,-0.07519466443909828,3,Sample 2,Cell type 1
2533,0.5247206212238088,1.1557889557750198,0,Sample 3,Cell type 1
2534,0.2615956106160781,-1.6680996031777882,3,Sample 2,Cell type 1
2535,-0.6529737956335718,1.062514450375718,1,Sample 4,Cell type 1
2536,-0.5046764406326851,-1.238293443965489,3,Sample 2,Cell type 1
2537,0.38047074874286596,-2.3975165530764437,2,Sample 1,Cell type 1
2538,-1.1828689966238732,1.9150032345655434,0,Sample 3,Cell type 1
2539,-0.8219228412208088,-1.2986145967530514,2,Sample 1,Cell type 1
2540,-0.6279186504657921,1.5186243470750873,0,Sample 3,Cell type 1
2541,0.7981056615361957,-1.2294353885906155,2,Sample 1,Cell type 1
2542,0.6464289515216572,-1.6784524784244068,2,Sample 1,Cell type 1
2543,-1.5012421648334993,1.495769156772909,1,Sample 4,Cell type 1
2544,1.3028924364570336,-0.10408116657191324,0,Sample 3,Cell type 1
2545,0.7602460735788606,2.36849069806554,0,Sample 3,Cell type 1
2546,0.558578650890872,1.3147883083373997,0,Sample 3,Cell type 1
2547,0.7196799003466006,1.2458396167012875,0,Sample 3,Cell type 1
2548,-0.12902856933280732,1.3232406854516308,0,Sample 3,Cell type 1
2549,0.3991065558145702,-1.2737189209017912,3,Sample 2,Cell type 1
2550,-0.7222471415702398,-0.3525882414064113,3,Sample 2,Cell type 1
2551,-0.9096263065179899,-1.657451862737077,3,Sample 2,Cell type 1
2552,-0.9998562716714914,-1.2121900323761619,2,Sample 1,Cell type 1
2553,1.4123633922248775,1.3239853687687644,0,Sample 3,Cell type 1
2554,1.197945346543701,2.486161874830186,1,Sample 4,Cell type 1
2555,0.9830852401604476,-0.6311375741628519,3,Sample 2,Cell type 1
2556,1.8216691984426436,-1.987609598737917,2,Sample 1,Cell type 1
2557,0.3889478332495511,-2.5594974042579386,2,Sample 1,Cell type 1
2558,0.40053257710496776,1.039818949744768,1,Sample 4,Cell type 1
2559,-0.21491660264779405,-2.4690878270163177,2,Sample 1,Cell type 1
2560,-0.17601442212773924,-1.1019254979119677,3,Sample 2,Cell type 1
2561,0.7596756570915906,0.9524678549820047,1,Sample 4,Cell type 1
2562,0.8661528431096587,0.6231002785456972,1,Sample 4,Cell type 1
2563,-0.09341273263619732,0.49155372687647725,1,Sample 4,Cell type 1
2564,0.6864113562417163,0.3374429816278123,1,Sample 4,Cell type 1
2565,0.8901074441626415,-1.0568962326642688,3,Sample 2,Cell type 1
2566,-0.7040095853526112,-0.7846552637958721,3,Sample 2,Cell type 1
2567,1.258987373244085,-0.6346495914156807,2,Sample 1,Cell type 1
2568,0.7612398164592342,0.1830700339517598,1,Sample 4,Cell type 1
2569,-1.6402859658273603,-0.4086556042387457,2,Sample 1,Cell type 1
2570,-1.526246046301913,0.31169199137639847,1,Sample 4,Cell type 1
2571,-0.709863567084617,-0.38256305821147096,2,Sample 1,Cell type 1
2572,-0.7955428174398338,-0.8003614483215384,2,Sample 1,Cell type 1
2573,-0.2686277594321026,2.3352172202315145,0,Sample 3,Cell type 1
2574,-0.48941527272422836,0.9703705623612704,0,Sample 3,Cell type 1
2575,0.5723050523529952,1.5745485805663475,1,Sample 4,Cell type 1
2576,0.7064878217177273,0.9377302423897583,0,Sample 3,Cell type 1
2577,0.7281726269317963,-1.1468225377257224,3,Sample 2,Cell type 1
2578,-0.6500366160975887,0.6842379435666499,2,Sample 1,Cell type 1
2579,0.3479528306943189,-1.3151893449944962,2,Sample 1,Cell type 1
2580,0.24791582350450764,-2.0188684388772797,2,Sample 1,Cell type 1
2581,1.4263244800521153,-1.1978723096201254,3,Sample 2,Cell type 1
2582,0.7035336329099225,0.13809913841219335,1,Sample 4,Cell type 1
2583,-0.6804906023615582,-1.4328054926263194,2,Sample 1,Cell type 1
2584,-0.2724789655278892,-0.599885573508893,2,Sample 1,Cell type 1
2585,-0.8445115918388771,-1.282948607653605,2,Sample 1,Cell type 1
2586,-0.7919662340416112,0.9719939119950113,1,Sample 4,Cell type 1
2587,1.494882575330402,-0.9721539676001343,3,Sample 2,Cell type 1
2588,-0.02039530286815973,-1.1737270457094853,2,Sample 1,Cell type 1
2589,0.7407800805716934,-1.0728606882824219,2,Sample 1,Cell type 1
2590,-0.5702766261417315,1.0851441821535175,0,Sample 3,Cell type 1
2591,-0.021843631607945488,0.2533856327414431,0,Sample 3,Cell type 1
2592,0.012899830320377951,-0.885354955999997,3,Sample 2,Cell type 1
2593,1.1122042620095918,0.42987713154386054,3,Sample 2,Cell type 1
2594,-1.880364682099489,0.338294561518824,3,Sample 2,Cell type 1
2595,0.9435520965770297,0.6246594783162361,0,Sample 3,Cell type 1
2596,0.7808325754847574,0.11958914157787448,2,Sample 1,Cell type 1
2597,-0.8891663655496256,1.1972038227456039,1,Sample 4,Cell type 1
2598,-0.256927230964562,-2.2685005654156742,3,Sample 2,Cell type 1
2599,0.4853784473089462,0.8534427050236897,1,Sample 4,Cell type 1
2600,-0.21629711930863293,-2.1118241145541354,3,Sample 2,Cell type 1
2601,0.33742405940069675,0.04815352646471771,2,Sample 1,Cell type 1
2602,-0.5405664633292895,1.0273219339904196,1,Sample 4,Cell type 1
2603,-0.49985486215654307,1.020872840168667,0,Sample 3,Cell type 1
2604,-0.7773253876330288,-0.10369453183114441,0,Sample 3,Cell type 1
2605,-0.1846930990758152,2.1626085306568275,1,Sample 4,Cell type 1
2606,1.5678698037957401,-0.6395095604548893,2,Sample 1,Cell type 1
2607,-0.6631960087376578,0.5518551678424244,0,Sample 3,Cell type 1
2608,0.35758537360788156,-1.5108686601160242,2,Sample 1,Cell type 1
2609,-1.0154643972373594,2.3620117265036846,1,Sample 4,Cell type 1
2610,1.1944024835545628,-1.1281041116783497,3,Sample 2,Cell type 1
2611,-0.09208775513859133,-1.2767354632377366,2,Sample 1,Cell type 1
2612,-0.6946341855010932,1.4277032688979483,1,Sample 4,Cell type 1
2613,0.6725148391909793,0.47790081655808725,0,Sample 3,Cell type 1
2614,-0.39597238429445847,-1.3980579986473711,2,Sample 1,Cell type 1
2615,-0.045917971029435,-1.0406406308956269,3,Sample 2,Cell type 1
2616,-0.4207037407161631,1.1422000850144252,1,Sample 4,Cell type 1
2617,1.3421606512611526,0.5571294066336043,0,Sample 3,Cell type 1
2618,0.3898441896359959,-0.14245610783056217,2,Sample 1,Cell type 1
2619,-0.2937631473693986,-0.7699488758661375,3,Sample 2,Cell type 1
2620,0.5059261912444167,1.778043559701384,0,Sample 3,Cell type 1
2621,-0.5814193102670745,-1.7020938854903243,3,Sample 2,Cell type 1
2622,-0.550520276142179,2.801948644275447,0,Sample 3,Cell type 1
2623,-0.2866721216169778,0.4819665554918726,1,Sample 4,Cell type 1
2624,-1.2491945779534877,2.202735862743199,1,Sample 4,Cell type 1
2625,-2.1207758467144098,1.8732054815379695,0,Sample 3,Cell type 1
2626,0.8400392332427414,-0.7402734115979853,3,Sample 2,Cell type 1
2627,0.44081364818103963,-1.5867856533426234,3,Sample 2,Cell type 1
2628,-0.8838902344500161,1.1764331416110936,1,Sample 4,Cell type 1
2629,-1.2671222587885786,1.608331724915438,0,Sample 3,Cell type 1
2630,1.5633259470002292,0.5954026365904506,1,Sample 4,Cell type 1
2631,0.2940958721677687,1.118471535838621,1,Sample 4,Cell type 1
2632,-0.14340082028552945,-1.0880043989608412,2,Sample 1,Cell type 1
2633,1.6485983399055897,2.404272673954564,0,Sample 3,Cell type 1
2634,-0.2880314150055862,0.417538321715743,1,Sample 4,Cell type 1
2635,0.43317018256383044,1.6073241282421176,0,Sample 3,Cell type 1
2636,-0.6153138798298387,0.2480775191129082,1,Sample 4,Cell type 1
2637,0.39749887240607773,1.8558171639870802,1,Sample 4,Cell type 1
2638,0.8417689247656469,-0.9220527117621575,3,Sample 2,Cell type 1
2639,1.2482044236247447,-2.5612823303063097,3,Sample 2,Cell type 1
2640,0.9341935404222232,-1.6200359704129919,3,Sample 2,Cell type 1
2641,-0.4668794610768039,1.8307030808154532,1,Sample 4,Cell type 1
2642,0.5894751176739467,0.7749379543054293,0,Sample 3,Cell type 1
2643,0.916824115313652,-1.6218971878767254,2,Sample 1,Cell type 1
2644,1.274371276821905,0.1721684027851047,3,Sample 2,Cell type 1
2645,0.9417479705474712,-0.8906026820806154,2,Sample 1,Cell type 1
2646,2.341816073978664,-1.795484052504699,2,Sample 1,Cell type 1
2647,0.04629123794140518,-1.2124741066099292,3,Sample 2,Cell type 1
2648,-0.0735747729624373,-1.8655314949705064,3,Sample 2,Cell type 1
2649,-0.7966523158321833,1.5209089934589257,1,Sample 4,Cell type 1
2650,0.17927398544833342,1.0100739206254359,0,Sample 3,Cell type 1
2651,-0.8260191228220317,1.3183416399574472,1,Sample 4,Cell type 1
2652,-0.006490561289400232,-0.8735286197414525,2,Sample 1,Cell type 1
2653,-0.48392541114253984,-0.6017693524657781,3,Sample 2,Cell type 1
2654,0.11122294956250048,-1.0360983122592413,3,Sample 2,Cell type 1
2655,-0.7717643406005719,2.3027748438178577,1,Sample 4,Cell type 1
2656,-0.4209982852139369,2.1106702225667586,1,Sample 4,Cell type 1
2657,-1.2567009216547995,0.09858602487215573,0,Sample 3,Cell type 1
2658,0.537555686251598,-0.6926383423952828,2,Sample 1,Cell type 1
2659,-1.13221375353935,1.1748272339287564,1,Sample 4,Cell type 1
2660,-0.9860322489762242,-1.5475933844902376,2,Sample 1,Cell type 1
2661,-1.1250539709374672,0.9335155418970442,0,Sample 3,Cell type 1
2662,-0.050619167917532695,-1.5277989130031728,3,Sample 2,Cell type 1
2663,-0.18118727907986554,0.23244861062121613,0,Sample 3,Cell type 1
2664,-0.3678116926643811,-0.5652873377025522,2,Sample 1,Cell type 1
2665,-1.1584111203329952,-0.7590447652960657,0,Sample 3,Cell type 1
2666,-0.2101276162529342,0.730890443671091,1,Sample 4,Cell type 1
2667,-1.0357451805767246,1.9286614299028155,0,Sample 3,Cell type 1
2668,0.19504057101695907,0.5487370954106172,0,Sample 3,Cell type 1
2669,0.15846780861428397,0.884511670460846,0,Sample 3,Cell type 1
2670,1.2006078325074487,1.6801773936907942,0,Sample 3,Cell type 1
2671,0.15638538524263268,0.9209238390085551,1,Sample 4,Cell type 1
2672,-0.8788963401422498,0.1364034298168506,2,Sample 1,Cell type 1
2673,-1.0275096288580114,0.1807033204031725,3,Sample 2,Cell type 1
2674,0.5218449212881844,-2.305068088333659,2,Sample 1,Cell type 1
2675,-0.9732646433085677,-1.897224117940022,2,Sample 1,Cell type 1
2676,1.4203926793920387,-2.1833568146862135,3,Sample 2,Cell type 1
2677,-1.228032198025888,-0.5040080271262111,1,Sample 4,Cell type 1
2678,-0.8401125916817165,1.6059961194699883,1,Sample 4,Cell type 1
2679,1.8554636319853555,1.3146542715154976,0,Sample 3,Cell type 1
2680,-0.053159180247564775,-1.286463556943455,3,Sample 2,Cell type 1
2681,0.4444101170737986,0.2650507908111245,1,Sample 4,Cell type 1
2682,0.4348801236755459,0.7035085343311152,0,Sample 3,Cell type 1
2683,0.27340478062172757,2.500936671372709,0,Sample 3,Cell type 1
2684,0.7567105252437115,-0.14110244487394263,3,Sample 2,Cell type 1
2685,0.11956487173064763,-0.3833998323049701,2,Sample 1,Cell type 1
2686,-0.9551400051192444,1.1143544758109654,0,Sample 3,Cell type 1
2687,-0.8737309061744718,1.6678010610599059,1,Sample 4,Cell type 1
2688,-0.45892960550418904,0.5625128470076863,0,Sample 3,Cell type 1
2689,0.07390143331193944,-2.2516977018686433,3,Sample 2,Cell type 1
2690,0.8583824382128095,2.891097995695489,1,Sample 4,Cell type 1
2691,-0.016721275171318505,1.0938619066470257,0,Sample 3,Cell type 1
2692,-1.0052055154234052,1.6505641493983818,1,Sample 4,Cell type 1
2693,1.8391184988954004,0.7097291516482727,0,Sample 3,Cell type 1
2694,-0.21248364822888416,-1.319902590934697,2,Sample 1,Cell type 1
2695,-1.3849610427559405,2.195950581962589,1,Sample 4,Cell type 1
2696,-0.281131388570986,2.250730687065687,1,Sample 4,Cell type 1
2697,-0.10500557367384378,1.0614815063670147,0,Sample 3,Cell type 1
2698,-1.1005072710290895,-1.378916366120953,3,Sample 2,Cell type 1
2699,1.2404003942512616,0.2013167674089672,0,Sample 3,Cell type 1
2700,0.2539626090001401,0.733711676493991,1,Sample 4,Cell type 1
2701,-0.19415899826022542,-2.5120081369463545,2,Sample 1,Cell type 1
2702,-1.8128416753194263,-1.2806225644812432,2,Sample 1,Cell type 1
2703,-0.5352581909279333,1.8319237499168612,0,Sample 3,Cell type 1
2704,-1.1978061161429157,0.024751661333382025,2,Sample 1,Cell type 1
2705,-0.3664201464116452,-0.6197320596580069,3,Sample 2,Cell type 1
2706,-1.5608814912309,1.114870349204128,1,Sample 4,Cell type 1
2707,-0.668551204016029,-0.12222384671484932,3,Sample 2,Cell type 1
2708,-0.028077173427675534,-1.6831463267680449,3,Sample 2,Cell type 1
2709,-1.0755604088274218,0.26507844281264137,0,Sample 3,Cell type 1
2710,-0.11492762391769451,-1.132064452002437,3,Sample 2,Cell type 1
2711,-0.30970451983161174,0.9636710256542094,1,Sample 4,Cell type 1
2712,-0.4197299256534424,1.3949238781145208,1,Sample 4,Cell type 1
2713,-0.7403397008476699,1.2043070045394537,1,Sample 4,Cell type 1
2714,0.3141072925207744,-0.6371315811926253,2,Sample 1,Cell type 1
2715,-0.17877022826068073,1.5712003952736735,0,Sample 3,Cell type 1
2716,-0.5198615083979491,-0.9326654158514431,2,Sample 1,Cell type 1
2717,-0.3071770175618813,1.2001601650013556,1,Sample 4,Cell type 1
2718,-0.06473387013015057,-3.5363405887024446,2,Sample 1,Cell type 1
2719,0.06626605641447993,-1.5825375207758525,2,Sample 1,Cell type 1
2720,0.0884282539791521,-1.5010522209464057,2,Sample 1,Cell type 1
2721,0.5859936822238418,1.2309789302600187,1,Sample 4,Cell type 1
2722,-0.48318450077538366,0.8163610757117223,1,Sample 4,Cell type 1
2723,-0.7190272386585026,-0.06425090059119198,1,Sample 4,Cell type 1
2724,-1.4726993850653163,-0.02366157338856123,0,Sample 3,Cell type 1
2725,0.7562494169886922,-1.442055476895082,3,Sample 2,Cell type 1
2726,-0.0635107395245623,-1.240372758976563,2,Sample 1,Cell type 1
2727,1.2073048107236406,-0.5155150138949496,2,Sample 1,Cell type 1
2728,0.17517113268478007,-1.6734573054945219,2,Sample 1,Cell type 1
2729,0.6356803063561691,-0.22110220045772244,2,Sample 1,Cell type 1
2730,0.582103634909584,1.0415567086458395,0,Sample 3,Cell type 1
2731,2.1136095283940963,-0.521520675962027,3,Sample 2,Cell type 1
2732,0.3845956638143872,0.1973683259567851,2,Sample 1,Cell type 1
2733,-0.48760976172742654,0.8504229576116432,0,Sample 3,Cell type 1
2734,-1.0159988779151008,-0.4649278955630255,2,Sample 1,Cell type 1
2735,-0.383339390276232,0.8514728186689463,0,Sample 3,Cell type 1
2736,-0.2921927819918772,-2.3369358179952524,2,Sample 1,Cell type 1
2737,-0.5864263964191915,2.45444953804626,1,Sample 4,Cell type 1
2738,-0.5227703165798457,-1.3092332927182078,2,Sample 1,Cell type 1
2739,-0.8208646753564995,-0.6948595059725264,3,Sample 2,Cell type 1
2740,-1.2807231827812124,0.3372023801758032,1,Sample 4,Cell type 1
2741,-1.0160488709696256,1.229564683441367,1,Sample 4,Cell type 1
2742,-1.370507623272702,2.0830978993323304,0,Sample 3,Cell type 1
2743,0.09071551357335149,-0.6328047986605672,2,Sample 1,Cell type 1
2744,-0.8471260696452805,2.185330721970079,1,Sample 4,Cell type 1
2745,0.7682438370251763,1.3699868992534832,1,Sample 4,Cell type 1
2746,-0.5512894381774321,-0.6258479169128917,3,Sample 2,Cell type 1
2747,0.5551385865530065,-0.4267285281922787,2,Sample 1,Cell type 1
2748,0.1547588599934369,0.047892135546827364,3,Sample 2,Cell type 1
2749,-0.1835125952544222,0.96521844014891,1,Sample 4,Cell type 1
2750,-0.4750491264549641,0.8674948717458942,1,Sample 4,Cell type 1
2751,-0.8067589860378798,-2.6687183021866696,2,Sample 1,Cell type 1
2752,-0.4359352694471598,1.3193088914816566,0,Sample 3,Cell type 1
2753,-0.15662821677486508,-1.8338172704377986,2,Sample 1,Cell type 1
2754,0.24587649336637607,-1.1982019345917674,2,Sample 1,Cell type 1
2755,0.690749824151903,-1.0124504710962352,3,Sample 2,Cell type 1
2756,-1.154883409735812,-1.3863278715684142,2,Sample 1,Cell type 1
2757,0.8547034669552132,1.4832967116708144,1,Sample 4,Cell type 1
2758,-0.36092708672719903,1.4413926399287362,1,Sample 4,Cell type 1
2759,0.04469115187559758,-1.247719771190449,2,Sample 1,Cell type 1
2760,0.1732999803236952,0.17939785308777811,1,Sample 4,Cell type 1
2761,0.6078297895624618,-1.671622046414126,3,Sample 2,Cell type 1
2762,0.27434110185707405,-0.005224697323229055,3,Sample 2,Cell type 1
2763,1.0148665885179755,-0.6068697949155784,3,Sample 2,Cell type 1
2764,0.20835381066684477,0.5689265150458094,1,Sample 4,Cell type 1
2765,-0.3433955362389295,1.4708426158165757,1,Sample 4,Cell type 1
2766,-0.3470987703833513,0.37772407824655585,2,Sample 1,Cell type 1
2767,0.411126279727132,1.1436654255516783,0,Sample 3,Cell type 1
2768,-0.14807811953697497,-0.030296636613211025,3,Sample 2,Cell type 1
2769,-0.4278053366754585,-0.7640228354329428,2,Sample 1,Cell type 1
2770,-0.006378113053293898,2.1839553111120207,0,Sample 3,Cell type 1
2771,0.43021455229478706,-0.7548884143412687,2,Sample 1,Cell type 1
2772,0.7239696331953599,-1.1806453992608335,3,Sample 2,Cell type 1
2773,1.0443830457234633,1.0168030733062072,0,Sample 3,Cell type 1
2774,0.6978565093765425,1.1466736045906814,0,Sample 3,Cell type 1
2775,-0.17683397082964047,-0.9445041578735445,2,Sample 1,Cell type 1
2776,-1.8973274886871139,0.6336557223423043,2,Sample 1,Cell type 1
2777,1.4950542724350826,-0.6642355133141873,2,Sample 1,Cell type 1
2778,0.40219584599265173,-0.9946166562640621,1,Sample 4,Cell type 1
2779,-0.14515925539801341,0.914930397974948,1,Sample 4,Cell type 1
2780,-0.3238363035362346,-0.09375624226015422,3,Sample 2,Cell type 1
2781,1.001826929565312,-0.8709603658698439,2,Sample 1,Cell type 1
2782,-0.7648468413467157,0.8541094309391029,3,Sample 2,Cell type 1
2783,0.19597325688697823,0.5944454597030961,0,Sample 3,Cell type 1
2784,0.41355721259869677,-1.177210610361699,2,Sample 1,Cell type 1
2785,0.015679693262102636,-1.6419440318918697,3,Sample 2,Cell type 1
2786,-0.3674887196321953,0.32012450442816653,0,Sample 3,Cell type 1
2787,-0.07069036736426826,0.7039911760942978,0,Sample 3,Cell type 1
2788,-1.122084217439755,2.3996613945495513,0,Sample 3,Cell type 1
2789,-1.113566704761385,0.3632816624472943,2,Sample 1,Cell type 1
2790,-0.002882031272454724,0.07330824864596575,0,Sample 3,Cell type 1
2791,1.1196757161166349,-0.07370219878809214,1,Sample 4,Cell type 1
2792,-1.0297308548674,-0.11769454809039304,1,Sample 4,Cell type 1
2793,-0.28323256875281905,0.5411185816824793,1,Sample 4,Cell type 1
2794,-0.9255531177835771,-0.7419962717680761,3,Sample 2,Cell type 1
2795,0.7058664498587274,0.6383277337335357,1,Sample 4,Cell type 1
2796,-0.25524314853329455,0.36317931455720875,0,Sample 3,Cell type 1
2797,-0.47281476458674565,-0.647952056781484,3,Sample 2,Cell type 1
2798,-0.3299832095103494,-1.5909579986636504,2,Sample 1,Cell type 1
2799,-0.6082909129729045,-1.314889265626408,3,Sample 2,Cell type 1
2800,0.634540550574942,0.9023542943029782,1,Sample 4,Cell type 1
2801,0.18021129379803963,1.5541782040934877,1,Sample 4,Cell type 1
2802,0.9867248610821356,-1.0061511965770955,3,Sample 2,Cell type 1
2803,0.0730517828890797,-1.304364723333081,3,Sample 2,Cell type 1
2804,-0.20507254269799377,-1.4304382067921109,2,Sample 1,Cell type 1
2805,0.13747147183482497,1.4426009759878269,1,Sample 4,Cell type 1
2806,-0.665884458483383,1.3771324451091234,0,Sample 3,Cell type 1
2807,1.438149221479618,1.5126742890136078,0,Sample 3,Cell type 1
2808,0.9434377472510612,1.0540147851280872,0,Sample 3,Cell type 1
2809,0.38108621548497545,1.4043761273333015,1,Sample 4,Cell type 1
2810,-0.1929888462850639,1.2816443172114376,0,Sample 3,Cell type 1
2811,-0.010797779790347137,0.15383125683527965,0,Sample 3,Cell type 1
2812,-0.2522130671330046,-0.7855596579281974,3,Sample 2,Cell type 1
2813,-0.15592662428214482,1.9070160774936515,0,Sample 3,Cell type 1
2814,-0.8540963435060756,0.8860964119829652,0,Sample 3,Cell type 1
2815,0.5782615159884097,-0.9105606734372894,2,Sample 1,Cell type 1
2816,-2.0431369079215638,1.7474559289914189,0,Sample 3,Cell type 1
2817,-0.28672286041031086,-1.9799999109280404,3,Sample 2,Cell type 1
2818,-0.4853602358122374,1.1690269538235782,1,Sample 4,Cell type 1
2819,-1.0720999165238287,-1.3885429956600377,3,Sample 2,Cell type 1
2820,-0.5659516358497503,0.7678845325987713,3,Sample 2,Cell type 1
2821,1.004116630699923,-1.3981380187432315,2,Sample 1,Cell type 1
2822,0.6291249695966532,-1.4476370282315751,2,Sample 1,Cell type 1
2823,-0.7371608187431371,-1.4523143762283213,2,Sample 1,Cell type 1
2824,-1.137448533393475,2.201066921564389,0,Sample 3,Cell type 1
2825,1.3148332072964235,-0.6870976984538191,2,Sample 1,Cell type 1
2826,-0.5817097406598949,0.8019850915587962,0,Sample 3,Cell type 1
2827,-0.10361379749075261,1.4638858282361058,1,Sample 4,Cell type 1
2828,-1.2248860020445778,1.4114038048142679,1,Sample 4,Cell type 1
2829,-0.7565968485574249,1.4865969533479748,1,Sample 4,Cell type 1
2830,0.13023729447993002,0.19602424778867,3,Sample 2,Cell type 1
2831,-0.137633087412378,0.1505353609165616,3,Sample 2,Cell type 1
2832,0.5662015483643804,0.5500265792845859,0,Sample 3,Cell type 1
2833,-0.17110013404371113,-0.22374703856937483,2,Sample 1,Cell type 1
2834,0.5135577035549609,-1.2162140834911113,3,Sample 2,Cell type 1
2835,1.8310325287042315,-2.4105893591227883,3,Sample 2,Cell type 1
2836,-0.6206998585331871,-0.9368287634655323,2,Sample 1,Cell type 1
2837,0.5665715386052458,1.1865729050108014,0,Sample 3,Cell type 1
2838,0.3971200941871529,0.6600520314788334,2,Sample 1,Cell type 1
2839,-0.0110701968753898,0.4482177807486609,1,Sample 4,Cell type 1
2840,-0.4753686979053333,-1.4929147664391547,3,Sample 2,Cell type 1
2841,0.2708423010287314,0.24965953877088087,1,Sample 4,Cell type 1
2842,0.04950668230970817,-1.7420426646493823,2,Sample 1,Cell type 1
2843,1.2323529918213387,0.004279824230779994,3,Sample 2,Cell type 1
2844,1.5965339918271715,3.487934844804289,1,Sample 4,Cell type 1
2845,-0.2908897697710847,0.954443501023146,0,Sample 3,Cell type 1
2846,0.7986487185183684,0.6547037498255612,0,Sample 3,Cell type 1
2847,-0.14155778199523952,0.36136220436923694,0,Sample 3,Cell type 1
2848,-1.133015087472486,-1.5142211063199584,3,Sample 2,Cell type 1
2849,0.6665262133035478,-1.504199436003549,3,Sample 2,Cell type 1
2850,1.1815475408946197,0.06577635898565193,1,Sample 4,Cell type 1
2851,-1.30713836724743,-1.3398650780205108,3,Sample 2,Cell type 1
2852,-0.657660809462342,-1.975427573217755,2,Sample 1,Cell type 1
2853,-0.4402441230763361,0.4627013056495587,0,Sample 3,Cell type 1
2854,-0.9874790975039377,0.5260285926776846,0,Sample 3,Cell type 1
2855,-1.456608222241613,-1.5646187864762922,2,Sample 1,Cell type 1
2856,-0.27456474147443016,-2.6686339511240034,2,Sample 1,Cell type 1
2857,0.5513315656594685,-1.5469074258291102,2,Sample 1,Cell type 1
2858,-0.031644123085324036,1.5452005578980996,0,Sample 3,Cell type 1
2859,0.02722192885778564,1.089098081472042,1,Sample 4,Cell type 1
2860,-1.0982875611848513,1.2811839202817614,1,Sample 4,Cell type 1
2861,-1.3806453830324774,0.45794827813147587,1,Sample 4,Cell type 1
2862,0.7300962580323525,-0.6626264535975224,3,Sample 2,Cell type 1
2863,-0.26461991681844216,-1.4081286509201738,2,Sample 1,Cell type 1
2864,0.40812597513214677,0.018056130342855692,2,Sample 1,Cell type 1
2865,-0.8825475049864748,-0.3435571976896824,2,Sample 1,Cell type 1
2866,0.9647956132374529,1.6219258822116092,1,Sample 4,Cell type 1
2867,0.7346532848018504,-0.2564004828985418,0,Sample 3,Cell type 1
2868,-0.24066076482583895,-2.3018493823578527,3,Sample 2,Cell type 1
2869,0.4039898231843657,1.692604155336097,0,Sample 3,Cell type 1
2870,0.9190125602976829,-0.3917710230224798,0,Sample 3,Cell type 1
2871,0.22397490105585624,0.09960876216129877,0,Sample 3,Cell type 1
2872,-0.21898340173340858,-1.0114162823595108,2,Sample 1,Cell type 1
2873,-0.6475046568662033,-0.23463745089147325,2,Sample 1,Cell type 1
2874,-0.6424886671626516,-1.5854858467327086,3,Sample 2,Cell type 1
2875,-0.7431411859685844,-1.403302938921331,3,Sample 2,Cell type 1
2876,-0.609270292028976,-1.2448111634859271,3,Sample 2,Cell type 1
2877,1.3595487864069677,-1.321436021553307,2,Sample 1,Cell type 1
2878,1.1011971600156303,1.2505057120105243,1,Sample 4,Cell type 1
2879,-0.4360697839964723,0.4534045036600838,3,Sample 2,Cell type 1
2880,-0.07178855542978138,2.1520937723595783,0,Sample 3,Cell type 1
2881,-0.23595974263362224,1.998193658138987,0,Sample 3,Cell type 1
2882,0.2904034278448615,-2.3768620167683756,3,Sample 2,Cell type 1
2883,-1.0799405102890185,-1.3641591238529274,3,Sample 2,Cell type 1
2884,-0.6674584363932657,1.6112238252582878,1,Sample 4,Cell type 1
2885,0.6045326709954517,-1.177510617033815,2,Sample 1,Cell type 1
2886,0.23181988551713034,2.6603206389163514,0,Sample 3,Cell type 1
2887,-0.8239778198215486,-0.9631366226934789,2,Sample 1,Cell type 1
2888,-0.36155949752950217,0.36852919542426044,1,Sample 4,Cell type 1
2889,-0.6402683249322431,-1.3991898047832896,3,Sample 2,Cell type 1
2890,-0.4866806117434701,-0.5259757541457909,2,Sample 1,Cell type 1
2891,0.027417451360177782,-2.3446963673904966,3,Sample 2,Cell type 1
2892,0.6724960212036425,1.4373868545611035,0,Sample 3,Cell type 1
2893,0.11300571206997059,-0.7044531838457606,1,Sample 4,Cell type 1
2894,-0.47388476452164285,1.0988381567644658,1,Sample 4,Cell type 1
2895,-0.7013576684954343,-0.47163203811875976,3,Sample 2,Cell type 1
2896,0.33794797832115187,-1.3729508895569784,3,Sample 2,Cell type 1
2897,-1.6604704072628267,0.9311442457672856,1,Sample 4,Cell type 1
2898,0.16190669647895617,-2.2455608693651827,3,Sample 2,Cell type 1
2899,-0.43699555860198624,1.3134432043220372,0,Sample 3,Cell type 1
2900,0.765036001673077,0.8597386446822544,2,Sample 1,Cell type 1
2901,-0.015934717039784965,-1.1983040952629305,3,Sample 2,Cell type 1
2902,1.8429110016838313,-0.18355537851177917,1,Sample 4,Cell type 1
2903,0.936158967357283,1.1074371977982342,1,Sample 4,Cell type 1
2904,0.6550221150038885,2.2303455347300423,1,Sample 4,Cell type 1
2905,-0.8096835002081341,-0.3238853374926156,0,Sample 3,Cell type 1
2906,-2.0833710853017076,1.1591585174371957,1,Sample 4,Cell type 1
2907,-0.36005237718339494,1.498279945877999,0,Sample 3,Cell type 1
2908,-1.183129255019303,1.1466879358233246,0,Sample 3,Cell type 1
2909,-0.1732185580289389,-1.7513932325456056,3,Sample 2,Cell type 1
2910,-0.7931138795650458,-0.7227120908829718,0,Sample 3,Cell type 1
2911,1.8253214692310742,0.5058866584530426,1,Sample 4,Cell type 1
2912,0.1994468765133831,1.8360707792678028,1,Sample 4,Cell type 1
2913,0.432726814848792,-0.29906466624701367,2,Sample 1,Cell type 1
2914,-0.4231821664512122,0.15475388579179772,1,Sample 4,Cell type 1
2915,-0.36259872721841074,2.1619740275765964,1,Sample 4,Cell type 1
2916,-0.02776941576419465,0.06505756990437428,0,Sample 3,Cell type 1
2917,0.657648127995592,2.517434386123158,0,Sample 3,Cell type 1
2918,1.6194476986294821,-0.0905392036742485,1,Sample 4,Cell type 1
2919,-1.0341002777218102,0.5742651494982484,1,Sample 4,Cell type 1
2920,1.0539152525074607,1.1580796837539198,0,Sample 3,Cell type 1
2921,0.3156639883873755,-1.3406044837212725,2,Sample 1,Cell type 1
2922,0.5725873929366724,0.9154895204659608,2,Sample 1,Cell type 1
2923,0.32688584616141414,0.7537532230888927,1,Sample 4,Cell type 1
2924,0.7822524397489603,-0.6845175534722596,1,Sample 4,Cell type 1
2925,0.4863172077732314,1.1492872985250866,0,Sample 3,Cell type 1
2926,1.3309862657147788,-0.7558054987749177,2,Sample 1,Cell type 1
2927,-0.004448234918456453,-0.057189848161261714,2,Sample 1,Cell type 1
2928,0.12412427429228504,-1.3186264268340389,3,Sample 2,Cell type 1
2929,1.879260629360606,-1.5728347490206724,2,Sample 1,Cell type 1
2930,-0.5918169311783739,-2.067688485528186,2,Sample 1,Cell type 1
2931,-0.9294270751298911,0.7734888826049863,1,Sample 4,Cell type 1
2932,0.42384334233222626,2.1532548965263203,0,Sample 3,Cell type 1
2933,1.7064266997250135,-0.5616702396180016,0,Sample 3,Cell type 1
2934,1.0816314927794608,0.6795260164020076,3,Sample 2,Cell type 1
2935,-0.48454399994863845,-1.0256338965443894,3,Sample 2,Cell type 1
2936,1.212355846681798,-0.6946126648299926,2,Sample 1,Cell type 1
2937,-0.9500787352236103,1.247856568181622,0,Sample 3,Cell type 1
2938,0.49532340880415826,2.645996375769359,0,Sample 3,Cell type 1
2939,0.2584634184928233,0.7981171982989699,0,Sample 3,Cell type 1
2940,0.5484717970387332,-1.1133188688081015,2,Sample 1,Cell type 1
2941,-0.3051915318592742,-2.0563947547240256,3,Sample 2,Cell type 1
2942,0.1794717254224661,1.7232140438090515,1,Sample 4,Cell type 1
2943,-0.23805080268799356,2.1005654506492957,0,Sample 3,Cell type 1
2944,0.7310172971084685,-0.2365838293525866,1,Sample 4,Cell type 1
2945,1.0221319166307399,0.526742888931336,0,Sample 3,Cell type 1
2946,-1.3104232459488134,-0.4291003722837494,1,Sample 4,Cell type 1
2947,0.06290815225287248,-0.5985605476256861,0,Sample 3,Cell type 1
2948,-1.553486927503525,-1.0030433069366396,3,Sample 2,Cell type 1
2949,1.2635503133558876,-1.489407711603668,3,Sample 2,Cell type 1
2950,-0.8321589687643786,-0.4409474637756189,3,Sample 2,Cell type 1
2951,-0.06447979943740871,0.333555154399393,1,Sample 4,Cell type 1
2952,-1.6991165794478456,0.5793959826553912,0,Sample 3,Cell type 1
2953,-0.35652024242399566,0.6430549520692765,2,Sample 1,Cell type 1
2954,-0.2070368501336819,2.2789177364037734,0,Sample 3,Cell type 1
2955,0.5163007596681181,2.094905246025879,0,Sample 3,Cell type 1
2956,-0.9821439715648458,-1.4730224074957645,2,Sample 1,Cell type 1
2957,-0.0342587050492599,1.0464181878467163,1,Sample 4,Cell type 1
2958,0.3170935651738808,-0.8642017856234706,3,Sample 2,Cell type 1
2959,0.36901766745426495,-1.7394858669043005,3,Sample 2,Cell type 1
2960,1.4968595858464913,-1.6807072712311188,3,Sample 2,Cell type 1
2961,0.549652636687133,2.1732326874228827,1,Sample 4,Cell type 1
2962,0.7252353256879711,-0.9421983614096674,3,Sample 2,Cell type 1
2963,-1.1034553824116218,0.4152559680464647,0,Sample 3,Cell type 1
2964,-0.571252094385743,-0.05726454594902386,3,Sample 2,Cell type 1
2965,-1.8903459484334708,0.19221543623204995,0,Sample 3,Cell type 1
2966,0.23310318785275674,-0.9742519303705283,3,Sample 2,Cell type 1
2967,-0.1336944642534835,1.1173709491466584,0,Sample 3,Cell type 1
2968,-0.4471374778172707,1.3017695000516167,0,Sample 3,Cell type 1
2969,0.8847203394858472,0.5488420095534055,1,Sample 4,Cell type 1
2970,0.004194959774546533,1.0375844750117937,0,Sample 3,Cell type 1
2971,1.4507261588123386,-1.2743030892460512,2,Sample 1,Cell type 1
2972,0.40444628257200615,-0.6510114361591559,3,Sample 2,Cell type 1
2973,0.3882879260425521,-1.6792838807921788,3,Sample 2,Cell type 1
2974,-1.7226743358969956,1.8777221694029564,1,Sample 4,Cell type 1
2975,0.18134739879567774,-1.4492461970645003,2,Sample 1,Cell type 1
2976,0.37970678845343375,-0.4339265424203044,3,Sample 2,Cell type 1
2977,-0.15269777564254383,-1.158556541103776,2,Sample 1,Cell type 1
2978,1.1800898914478846,-1.1547421028649645,3,Sample 2,Cell type 1
2979,-1.0019147555304952,1.2909055060999743,1,Sample 4,Cell type 1
2980,-1.003328789596483,-1.4440133612352875,3,Sample 2,Cell type 1
2981,1.505619597180027,2.0763360369239825,0,Sample 3,Cell type 1
2982,0.2689159704209831,0.8180189920372738,1,Sample 4,Cell type 1
2983,1.08224042791738,-1.3732592569622213,3,Sample 2,Cell type 1
2984,-0.4775158277855771,-2.339575568362596,2,Sample 1,Cell type 1
2985,-1.8562524785843388,-0.3738961389467854,2,Sample 1,Cell type 1
2986,-0.38211646608320415,-0.0041082975787158915,1,Sample 4,Cell type 1
2987,-1.7740728634870166,-1.9345422622801602,3,Sample 2,Cell type 1
2988,0.39314356217615987,1.4558082857589176,1,Sample 4,Cell type 1
2989,-0.5836819758459276,1.2891338538184822,1,Sample 4,Cell type 1
2990,-0.9513859720617033,-0.15681138305369902,2,Sample 1,Cell type 1
2991,-0.17988244463588154,-1.743033665161967,2,Sample 1,Cell type 1
2992,-0.02658399251556864,0.8335065141819682,0,Sample 3,Cell type 1
2993,1.2159616047314394,-2.7086398789878445,3,Sample 2,Cell type 1
2994,0.8082196694688126,-1.0354891644092492,2,Sample 1,Cell type 1
2995,0.6881461107161253,-0.35179196449973293,3,Sample 2,Cell type 1
2996,2.162422051524067,-1.1845293333117666,2,Sample 1,Cell type 1
2997,1.1742803559978479,-1.0242104460775887,3,Sample 2,Cell type 1
2998,0.2666958810087025,-2.994248399516283,3,Sample 2,Cell type 1
2999,0.712306530815829,1.460164012885253,1,Sample 4,Cell type 1
3000,1.0020325848233846,-1.6232155372159887,2,Sample 1,Cell type 1
3001,0.18849164648685277,1.6166921551095736,0,Sample 3,Cell type 1
3002,0.8831018746530062,1.3801341971963053,1,Sample 4,Cell type 1
3003,0.508263356172965,-1.0941338417542827,3,Sample 2,Cell type 1
3004,-0.677147441167183,-0.2594622323978226,2,Sample 1,Cell type 1
3005,0.1278851135979203,0.1778598872592334,0,Sample 3,Cell type 1
3006,0.47252386455384743,1.886962864466326,0,Sample 3,Cell type 1
3007,0.658226224667202,-1.770120809535181,2,Sample 1,Cell type 1
3008,-1.1102948403646415,-0.3889117186932619,2,Sample 1,Cell type 1
3009,-0.6429396543757847,2.311293444355254,0,Sample 3,Cell type 1
3010,0.24837820334460115,-1.9018110340433179,3,Sample 2,Cell type 1
3011,0.31229295551630054,-1.1231241815797501,2,Sample 1,Cell type 1
3012,0.4693550411802198,0.6200770747019804,0,Sample 3,Cell type 1
3013,0.9268764632059233,0.3434541453186316,0,Sample 3,Cell type 1
3014,0.9008402006177345,0.958885021129211,0,Sample 3,Cell type 1
3015,-0.889264199610841,0.9713395370348297,1,Sample 4,Cell type 1
3016,0.3607701078211815,-0.19461594301834806,2,Sample 1,Cell type 1
3017,-0.8528257373021445,-1.0412337668861213,3,Sample 2,Cell type 1
3018,-0.760947496310365,-1.2734574561969085,2,Sample 1,Cell type 1
3019,-0.6774807729002917,1.9996951242373333,1,Sample 4,Cell type 1
3020,1.4460868062154106,-0.5950738756314301,2,Sample 1,Cell type 1
3021,-0.6708686387577849,0.2906552621732341,1,Sample 4,Cell type 1
3022,-0.015212966322151064,0.19797650828975288,0,Sample 3,Cell type 1
3023,-1.5290535133300034,-0.9256166027764723,2,Sample 1,Cell type 1
3024,-0.44291944427774566,0.0416976859289212,0,Sample 3,Cell type 1
3025,0.26558426445521166,1.1523997438232532,0,Sample 3,Cell type 1
3026,0.7459478967637339,-1.3320802311706956,2,Sample 1,Cell type 1
3027,0.16233841668103977,-0.2125952919977856,0,Sample 3,Cell type 1
3028,-1.254390612448214,-2.1939698160047945,3,Sample 2,Cell type 1
3029,0.0015814758046486207,0.22629868450904955,3,Sample 2,Cell type 1
3030,-0.37907147765673294,0.9884381832973768,0,Sample 3,Cell type 1
3031,-0.46542562671364324,0.06089602847282194,1,Sample 4,Cell type 1
3032,0.0756220540707747,0.4448712942695692,3,Sample 2,Cell type 1
3033,-0.2423081950391945,0.07687983561140621,3,Sample 2,Cell type 1
3034,-1.7694895290636055,2.2267469610370605,1,Sample 4,Cell type 1
3035,-0.8052340522237129,1.9119028489032364,0,Sample 3,Cell type 1
3036,-0.36363817499475537,0.8250773780519712,1,Sample 4,Cell type 1
3037,0.05700299992871399,-0.034806100163276676,1,Sample 4,Cell type 1
3038,-0.22310671532060522,1.6761263769474573,1,Sample 4,Cell type 1
3039,0.28911648440673116,2.230429253172775,0,Sample 3,Cell type 1
3040,-1.220420136739791,0.4464735440950044,0,Sample 3,Cell type 1
3041,-0.2059012299386761,-0.3348672591020716,0,Sample 3,Cell type 1
3042,-0.4846886566071147,2.3755023249658374,1,Sample 4,Cell type 1
3043,0.19450772411079129,-1.376162671028249,2,Sample 1,Cell type 1
3044,-0.5098461976230358,1.3667093628411875,1,Sample 4,Cell type 1
3045,0.9745557694034048,1.84589464430258,1,Sample 4,Cell type 1
3046,-0.023373124683188196,-0.3799079027287311,2,Sample 1,Cell type 1
3047,-0.7006739251960882,-1.6446397239073638,2,Sample 1,Cell type 1
3048,-0.14971541200363903,1.7885839965438906,0,Sample 3,Cell type 1
3049,-0.573457856482244,-0.49322929365844814,0,Sample 3,Cell type 1
3050,1.349713308058052,1.7053118055595604,0,Sample 3,Cell type 1
3051,0.7711032934359278,2.768418401273081,0,Sample 3,Cell type 1
3052,-0.5262676430817097,1.6836201816532927,1,Sample 4,Cell type 1
3053,0.01505523979247874,0.06267652214595054,1,Sample 4,Cell type 1
3054,0.006304147755782522,0.7395111582811971,1,Sample 4,Cell type 1
3055,-0.7330567352587358,0.330463436962976,1,Sample 4,Cell type 1
3056,-0.03620344157146918,-1.9864810440118843,2,Sample 1,Cell type 1
3057,-0.7636944815600482,-0.5854248396436708,3,Sample 2,Cell type 1
3058,0.03617816719998605,1.0409583215048683,1,Sample 4,Cell type 1
3059,-1.4351139982943124,-0.08435800248983139,1,Sample 4,Cell type 1
3060,-1.2137389573373434,1.6004633340174124,1,Sample 4,Cell type 1
3061,-0.26359144017438885,0.33988773833125197,2,Sample 1,Cell type 1
3062,-0.08012326118396224,0.8370609998584273,0,Sample 3,Cell type 1
3063,0.2595668834820137,-2.443090234049892,2,Sample 1,Cell type 1
3064,-0.8762164150742437,-3.5413630505568006,2,Sample 1,Cell type 1
3065,-0.15056195101825692,-1.0828694827246246,2,Sample 1,Cell type 1
3066,0.984699610523788,2.348011422966808,1,Sample 4,Cell type 1
3067,0.2567980509488185,-0.19821106663765964,3,Sample 2,Cell type 1
3068,1.006095245087488,-0.6751551020575353,2,Sample 1,Cell type 1
3069,-1.6258830114387077,-2.057244629208841,3,Sample 2,Cell type 1
3070,-0.5401426199795053,0.8843850634275857,1,Sample 4,Cell type 1
3071,-1.2850054307215666,-0.6840336237413542,3,Sample 2,Cell type 1
3072,-0.7591332166598699,2.3978905583324464,1,Sample 4,Cell type 1
3073,-1.064564105064741,-2.74237418575575,2,Sample 1,Cell type 1
3074,-0.6369094425491963,-1.7600507979729016,2,Sample 1,Cell type 1
3075,-0.3554346080608893,1.3018403944358818,0,Sample 3,Cell type 1
3076,-0.37603371820760123,1.2127025837216387,1,Sample 4,Cell type 1
3077,-0.48658120595580745,1.2904925021956188,1,Sample 4,Cell type 1
3078,-0.5007328141476817,-1.782603950448382,3,Sample 2,Cell type 1
3079,-1.083003739767807,-0.41241860399902575,3,Sample 2,Cell type 1
3080,0.6084048956673141,-2.394358024389332,2,Sample 1,Cell type 1
3081,-0.4714657851418895,-1.3669109088808677,2,Sample 1,Cell type 1
3082,-0.2504464244185235,0.9994331243386833,1,Sample 4,Cell type 1
3083,0.09416593476876649,-2.337409018662534,3,Sample 2,Cell type 1
3084,2.168635439232426,-1.0509962284031729,3,Sample 2,Cell type 1
3085,-1.3252985661422192,0.5804414909898785,1,Sample 4,Cell type 1
3086,-0.599486151538222,-1.1772292780669906,2,Sample 1,Cell type 1
3087,-2.280024087453746,-0.5643340793650975,3,Sample 2,Cell type 1
3088,-1.182817592293942,0.4241246332842331,0,Sample 3,Cell type 1
3089,0.6383802036655243,-1.4440873823426799,3,Sample 2,Cell type 1
3090,-0.8102648962675391,1.251397866076219,0,Sample 3,Cell type 1
3091,0.5450898612602443,-1.922953825071887,2,Sample 1,Cell type 1
3092,-0.17361364033949633,0.7532137692353442,1,Sample 4,Cell type 1
3093,0.47046134013426544,-0.23012386458674428,3,Sample 2,Cell type 1
3094,0.3406749269038633,1.3345646047103776,1,Sample 4,Cell type 1
3095,-0.11151776053058733,1.591722521379737,1,Sample 4,Cell type 1
3096,0.8523010178076822,-1.2064364124889293,3,Sample 2,Cell type 1
3097,-0.6260788779348713,-0.434374112311372,2,Sample 1,Cell type 1
3098,1.0336482674612182,-1.5993373812825935,2,Sample 1,Cell type 1
3099,0.5300288267188904,-1.6582847212147458,3,Sample 2,Cell type 1
3100,-0.5881608278105973,0.3249666016458366,2,Sample 1,Cell type 1
3101,-0.5538806193870354,-1.527231419910916,2,Sample 1,Cell type 1
3102,-0.9648178971264951,-1.7087765871182214,3,Sample 2,Cell type 1
3103,-0.0018951329062464454,-1.434885516874442,3,Sample 2,Cell type 1
3104,-1.2860478914951794,0.38982017714702855,1,Sample 4,Cell type 1
3105,0.7323122204481294,0.560367780323572,1,Sample 4,Cell type 1
3106,-2.1700900510483505,-1.119564554531991,3,Sample 2,Cell type 1
3107,0.3050476898118277,-0.7506777151961773,2,Sample 1,Cell type 1
3108,0.4913333600347402,1.6060061680378441,0,Sample 3,Cell type 1
3109,-0.19895290094683768,2.2858764608159943,0,Sample 3,Cell type 1
3110,-0.4592660616698157,-1.224900387910469,2,Sample 1,Cell type 1
3111,1.7258465706124029,0.5154280615973292,0,Sample 3,Cell type 1
3112,0.5036236673774487,0.35654739227200605,1,Sample 4,Cell type 1
3113,-0.7519742633200532,-0.618679167359554,2,Sample 1,Cell type 1
3114,0.11172133937271728,-0.947980295048976,3,Sample 2,Cell type 1
3115,0.43662937082588443,-2.737257123808358,2,Sample 1,Cell type 1
3116,0.6226888609333102,0.5590514269371732,0,Sample 3,Cell type 1
3117,-0.7710071409684888,0.2342792680839656,1,Sample 4,Cell type 1
3118,1.0603456872760628,-0.12545200759803055,1,Sample 4,Cell type 1
3119,0.31393277374301365,0.592829099434001,1,Sample 4,Cell type 1
3120,-0.3998979443286814,-0.565574176568278,3,Sample 2,Cell type 1
3121,0.18836463608889148,-3.9506922331427554,3,Sample 2,Cell type 1
3122,-0.37169383783871446,1.1609277246982714,0,Sample 3,Cell type 1
3123,0.8865462533900133,0.16807525829957526,0,Sample 3,Cell type 1
3124,-0.5876732614384393,0.3517980503884952,0,Sample 3,Cell type 1
3125,-1.7416520371542838,1.1427813311083117,1,Sample 4,Cell type 1
3126,1.1484567945308988,-2.4627247046735707,3,Sample 2,Cell type 1
3127,-0.30032595718716953,-1.0390638687469624,3,Sample 2,Cell type 1
3128,-0.3653580920185971,-0.7288051889524643,3,Sample 2,Cell type 1
3129,-0.533478973561251,-0.8416666661263396,2,Sample 1,Cell type 1
3130,0.16186303713824163,2.3054855192712873,1,Sample 4,Cell type 1
3131,0.17334649517142897,-1.2426800539817073,2,Sample 1,Cell type 1
3132,-0.2678202656852327,0.6770812294064026,0,Sample 3,Cell type 1
3133,0.368637794892774,-2.217867454625395,3,Sample 2,Cell type 1
3134,0.1318086729892134,1.0407101614848144,1,Sample 4,Cell type 1
3135,0.5636052318597785,1.6312453499004151,1,Sample 4,Cell type 1
3136,1.732044854245282,1.952438875474877,1,Sample 4,Cell type 1
3137,1.0413930315190385,2.249208957381482,0,Sample 3,Cell type 1
3138,-1.1881489301599457,-2.639579588535745,3,Sample 2,Cell type 1
3139,0.034811734914772866,1.4465116116148051,1,Sample 4,Cell type 1
3140,0.9099048781031313,-0.680424501918252,3,Sample 2,Cell type 1
3141,-0.7744366068081963,0.7517538356920771,1,Sample 4,Cell type 1
3142,0.25980659162683345,-0.5355458503715081,3,Sample 2,Cell type 1
3143,0.26998565978111927,-1.210646245502333,3,Sample 2,Cell type 1
3144,0.28622988827862667,1.4486276210945874,0,Sample 3,Cell type 1
3145,-0.04632619990152698,-1.5880934405796703,2,Sample 1,Cell type 1
3146,-0.3728292014945938,-0.27576245381343645,0,Sample 3,Cell type 1
3147,-0.15655882491752116,-0.1519282080730675,2,Sample 1,Cell type 1
3148,-0.0667503758322887,-0.15971617575882413,1,Sample 4,Cell type 1
3149,-0.7088321975827018,-1.2660635038799,3,Sample 2,Cell type 1
3150,-0.9859449913312002,-0.2380304235710644,2,Sample 1,Cell type 1
3151,-0.4798576186558795,-2.2470295960190736,2,Sample 1,Cell type 1
3152,-0.31814375489168323,0.05277555342195239,1,Sample 4,Cell type 1
3153,-0.14652037684263575,0.714661492656103,1,Sample 4,Cell type 1
3154,-0.5538002634127172,-0.5751385139328666,1,Sample 4,Cell type 1
3155,-1.2659423792189122,-0.346530390855215,2,Sample 1,Cell type 1
3156,-0.7886430469342613,0.7726759216569623,1,Sample 4,Cell type 1
3157,-0.40495124886826894,-1.1436116598979842,3,Sample 2,Cell type 1
3158,-0.23974131840542967,0.9598363063666042,1,Sample 4,Cell type 1
3159,1.6513761078819287,-0.8735240993065521,3,Sample 2,Cell type 1
3160,0.3857991621445258,0.009870062138161662,1,Sample 4,Cell type 1
3161,1.2131152442028583,1.4816946563139868,1,Sample 4,Cell type 1
3162,-1.3020339503065301,1.0384679573291056,0,Sample 3,Cell type 1
3163,-0.31030062548997567,0.04485776309730327,3,Sample 2,Cell type 1
3164,0.06064364655498107,0.4582706307903106,0,Sample 3,Cell type 1
3165,-1.7223308126060126,-1.0246292019307321,3,Sample 2,Cell type 1
3166,-0.34941138979057396,-0.2852616805909436,1,Sample 4,Cell type 1
3167,0.39315640871552165,-1.1832648247373678,3,Sample 2,Cell type 1
3168,0.5687679745627933,1.3554106491888318,0,Sample 3,Cell type 1
3169,0.5753349330843498,0.4558174298500781,3,Sample 2,Cell type 1
3170,1.0806818645592045,-1.5229433125099352,2,Sample 1,Cell type 1
3171,-0.0792754401930152,0.5177434753728307,1,Sample 4,Cell type 1
3172,-0.520525297068956,-1.2613180505508892,3,Sample 2,Cell type 1
3173,0.45240771650523537,-0.40861020732465425,0,Sample 3,Cell type 1
3174,1.1491436156470936,-1.5631330603324356,3,Sample 2,Cell type 1
3175,1.9881519333431132,1.2118202487823837,1,Sample 4,Cell type 1
3176,-0.8567139984488898,1.3859779321945482,0,Sample 3,Cell type 1
3177,0.7891012047247496,-1.5695785818071384,2,Sample 1,Cell type 1
3178,0.705126023138857,1.5769082900364655,1,Sample 4,Cell type 1
3179,-1.1166313617539882,1.4730793934067203,1,Sample 4,Cell type 1
3180,0.3318924002895284,1.370630824094485,1,Sample 4,Cell type 1
3181,0.771324707337583,-1.2443557619533456,3,Sample 2,Cell type 1
3182,0.570169623089065,-0.506520166446867,1,Sample 4,Cell type 1
3183,-0.021124605567141626,1.2241289270556854,0,Sample 3,Cell type 1
3184,-1.6696216148816552,0.5323058154742404,1,Sample 4,Cell type 1
3185,-0.5433845225543641,-3.331404791853553,2,Sample 1,Cell type 1
3186,1.9227324681906202,0.9539049623731317,0,Sample 3,Cell type 1
3187,-0.835869051122457,0.4271380761614152,3,Sample 2,Cell type 1
3188,0.895750222842705,-0.773557470193077,3,Sample 2,Cell type 1
3189,0.8288701208370048,-0.13837994020933841,1,Sample 4,Cell type 1
3190,-0.6467948823145502,0.5985943651323707,0,Sample 3,Cell type 1
3191,-0.8850679792048226,0.04303470073546334,0,Sample 3,Cell type 1
3192,-1.6622494558849574,0.7437617563706864,1,Sample 4,Cell type 1
3193,0.742472488792865,-2.4163849102208625,3,Sample 2,Cell type 1
3194,-1.1810100352014234,0.44445954614945227,3,Sample 2,Cell type 1
3195,-0.2581438710737086,0.7993335868359621,0,Sample 3,Cell type 1
3196,-0.7760994083037149,0.6819537876066228,1,Sample 4,Cell type 1
3197,-0.8012960079159325,0.7751197656912361,0,Sample 3,Cell type 1
3198,0.1523391119400462,1.3593749770280275,1,Sample 4,Cell type 1
3199,-0.9434952973060938,1.13780350912883,1,Sample 4,Cell type 1
3200,-0.00921207046131608,-0.17547215340675237,3,Sample 2,Cell type 1
3201,-0.18039473866770886,-0.763590646727729,3,Sample 2,Cell type 1
3202,-0.834062155736461,0.06221299725068796,1,Sample 4,Cell type 1
3203,0.01473470335164136,2.3411498498202263,0,Sample 3,Cell type 1
3204,0.24706641007917104,2.3617719557081904,0,Sample 3,Cell type 1
3205,-0.9583731433738093,-0.29033617884297036,2,Sample 1,Cell type 1
3206,-1.2583914056582888,-1.8420377534960883,3,Sample 2,Cell type 1
3207,1.747277386704365,1.4564057666836128,1,Sample 4,Cell type 1
3208,-0.292257241049687,1.1477442446919268,0,Sample 3,Cell type 1
3209,-2.1980038741801877,0.6002158590786955,1,Sample 4,Cell type 1
3210,0.2768938630381782,-0.6063885755464811,3,Sample 2,Cell type 1
3211,0.7854123895932754,0.740134893193102,0,Sample 3,Cell type 1
3212,-0.01328827386072719,-1.0846550059981583,2,Sample 1,Cell type 1
3213,-0.08274497943222714,0.008757837978686012,1,Sample 4,Cell type 1
3214,0.42736628989973974,-1.5813935239056156,3,Sample 2,Cell type 1
3215,0.945254173135317,0.8749232422500999,2,Sample 1,Cell type 1
3216,-0.015535684710186088,0.7574561737325797,0,Sample 3,Cell type 1
3217,0.18897891701138644,-1.7513244558165453,3,Sample 2,Cell type 1
3218,1.1698036832277832,-1.2323631329822313,3,Sample 2,Cell type 1
3219,1.010965342123735,0.32294721802741133,1,Sample 4,Cell type 1
3220,0.7353831476601629,0.46548473156880477,0,Sample 3,Cell type 1
3221,0.7805707021354001,-0.9993955940363236,2,Sample 1,Cell type 1
3222,-0.18504075434375955,-1.4611356610678752,2,Sample 1,Cell type 1
3223,0.009490143344627364,-1.7846304067308474,3,Sample 2,Cell type 1
3224,0.4299296022563046,-0.48615901199105915,3,Sample 2,Cell type 1
3225,0.13492373757338214,1.3535525196555271,0,Sample 3,Cell type 1
3226,-0.18217569186860227,-0.42760552258441176,2,Sample 1,Cell type 1
3227,-0.46564906727440997,-0.6807646874827791,3,Sample 2,Cell type 1
3228,-1.2657785333971823,-0.9598178406674557,2,Sample 1,Cell type 1
3229,1.1480699193777884,-1.2778418311662745,2,Sample 1,Cell type 1
3230,-0.455866342591007,1.2636069884584074,1,Sample 4,Cell type 1
3231,0.3055483617852427,1.3440333177528556,0,Sample 3,Cell type 1
3232,0.6076119099888864,-1.2334069058068298,2,Sample 1,Cell type 1
3233,2.2921696184687703,-1.7215941195545579,3,Sample 2,Cell type 1
3234,0.13867333149632657,1.1951625583268002,1,Sample 4,Cell type 1
3235,-0.18383970446015507,0.3188748525917491,1,Sample 4,Cell type 1
3236,0.07766203947843231,1.7749159924263114,0,Sample 3,Cell type 1
3237,0.9766570390504383,0.29858097503052416,1,Sample 4,Cell type 1
3238,-0.945499300336641,1.3595791302658455,1,Sample 4,Cell type 1
3239,-0.49901516855664413,2.531225083093429,0,Sample 3,Cell type 1
3240,-0.6136539643202404,-1.4830706379945493,2,Sample 1,Cell type 1
3241,-0.55741745474366,1.4656212536677815,1,Sample 4,Cell type 1
3242,1.5182136133967816,0.24168582618481094,1,Sample 4,Cell type 1
3243,-0.2681952654944214,-2.072851770641255,2,Sample 1,Cell type 1
3244,-0.42050474718830755,-0.974074389327891,2,Sample 1,Cell type 1
3245,0.26902231139805005,-1.5896234889221579,3,Sample 2,Cell type 1
3246,1.1768277526536832,-1.5595961761341146,2,Sample 1,Cell type 1
3247,-0.2351735581313458,0.9427205985135465,1,Sample 4,Cell type 1
3248,-0.13630861231055677,-1.650258872269252,2,Sample 1,Cell type 1
3249,0.06816755970712085,-1.3929087767205788,1,Sample 4,Cell type 1
3250,-0.16051143906034548,-0.7059916715675183,2,Sample 1,Cell type 1
3251,0.5542846046542492,1.587710036367464,1,Sample 4,Cell type 1
3252,0.6883787906877963,0.5335380491448491,0,Sample 3,Cell type 1
3253,0.16762738421023549,-1.873300137727282,2,Sample 1,Cell type 1
3254,0.5625140337760032,-0.57343414568055,2,Sample 1,Cell type 1
3255,1.0885268766709209,-0.04705631929528975,1,Sample 4,Cell type 1
3256,-0.7149968152669715,-1.3103719751259617,2,Sample 1,Cell type 1
3257,-0.007430849254252598,-0.7544151418510098,2,Sample 1,Cell type 1
3258,0.6319357777446819,-0.2243447793976745,2,Sample 1,Cell type 1
3259,0.4168979427034707,1.5161724687600455,0,Sample 3,Cell type 1
3260,0.3579151496551805,-1.4009872862321702,2,Sample 1,Cell type 1
3261,0.11634177392460752,-1.5629683194651467,3,Sample 2,Cell type 1
3262,0.309058654249248,0.8364230232111027,1,Sample 4,Cell type 1
3263,-0.09675851888622526,1.3356259551256222,0,Sample 3,Cell type 1
3264,0.3936150783942394,0.5791721258659357,1,Sample 4,Cell type 1
3265,-0.5238158204991594,-1.4084867994380637,3,Sample 2,Cell type 1
3266,-0.42877075609123844,1.6464462386249161,0,Sample 3,Cell type 1
3267,-0.39449825791981763,2.1549056027750515,1,Sample 4,Cell type 1
3268,-1.9482498654263107,-0.45266943311283636,2,Sample 1,Cell type 1
3269,-0.14631715288387212,2.099901135318548,0,Sample 3,Cell type 1
3270,-0.08397416605089916,-0.5097674067333682,2,Sample 1,Cell type 1
3271,0.1918861966794373,-0.6109520053198227,2,Sample 1,Cell type 1
3272,-0.41182613993179357,-0.8051758366509243,2,Sample 1,Cell type 1
3273,0.28200397468550364,0.5437189068690556,1,Sample 4,Cell type 1
3274,-0.9044922679500211,1.4981689791202148,1,Sample 4,Cell type 1
3275,0.6145657733053899,1.1723172043650303,1,Sample 4,Cell type 1
3276,-0.03646881308439825,1.1946715594581534,0,Sample 3,Cell type 1
3277,-0.4196536110136408,2.081762143093716,1,Sample 4,Cell type 1
3278,-0.0788705058274094,1.015079698355878,0,Sample 3,Cell type 1
3279,-1.125834754793922,-2.0384831229497262,3,Sample 2,Cell type 1
3280,0.06760411655429006,-0.3616043603102109,2,Sample 1,Cell type 1
3281,0.27068595354876773,-1.7940624053830585,2,Sample 1,Cell type 1
3282,0.36280697004357393,0.21416477259625633,1,Sample 4,Cell type 1
3283,-0.888460676372663,2.401816354738898,0,Sample 3,Cell type 1
3284,-1.7519373639828428,1.9556737764109846,1,Sample 4,Cell type 1
3285,-1.017238816713827,-1.922467465391826,3,Sample 2,Cell type 1
3286,1.5183098341269645,-1.0910500307310065,3,Sample 2,Cell type 1
3287,-0.6302270015265912,0.5033219213991071,0,Sample 3,Cell type 1
3288,-2.108598191213502,1.0027004052777289,1,Sample 4,Cell type 1
3289,-0.022011924040509005,2.417801277335795,0,Sample 3,Cell type 1
3290,0.699191800805506,-0.9372486031330639,3,Sample 2,Cell type 1
3291,-0.06069716054801866,-2.3477340617811095,2,Sample 1,Cell type 1
3292,-0.5967537011804811,-1.5292331540122337,2,Sample 1,Cell type 1
3293,-0.98890863682437,0.0034706886058717412,2,Sample 1,Cell type 1
3294,-0.7701860522276899,0.8347109762431627,1,Sample 4,Cell type 1
3295,0.31296746178991514,-0.5345745834973099,3,Sample 2,Cell type 1
3296,-0.21971499949303797,-1.3657748314553568,3,Sample 2,Cell type 1
3297,-0.33077212889862084,1.208224405266309,1,Sample 4,Cell type 1
3298,0.0025181815250613065,-0.016007705249053483,2,Sample 1,Cell type 1
3299,-0.49811948938756156,1.1556859641897943,0,Sample 3,Cell type 1
3300,1.1027757019692037,-0.9073403302184431,2,Sample 1,Cell type 1
3301,-0.8401492298893356,-1.777838595787868,3,Sample 2,Cell type 1
3302,-0.08347423438951354,-0.685354359995741,2,Sample 1,Cell type 1
3303,-1.1852646172410946,-2.0715758199662053,3,Sample 2,Cell type 1
3304,-0.04887800640469451,-1.599039836816043,3,Sample 2,Cell type 1
3305,0.7008374340238355,2.1781365406007858,1,Sample 4,Cell type 1
3306,-0.19706822494387854,-2.84117737413599,3,Sample 2,Cell type 1
3307,0.3492478433261343,1.7231478728689562,0,Sample 3,Cell type 1
3308,0.2581748482704716,0.3382152451581416,0,Sample 3,Cell type 1
3309,0.515299014280087,-0.9344089489402245,2,Sample 1,Cell type 1
3310,0.06286162377531984,-0.7029872755318498,1,Sample 4,Cell type 1
3311,-0.026890051762970407,1.3637927297129075,1,Sample 4,Cell type 1
3312,-0.13473576962310493,-0.5170834088314091,3,Sample 2,Cell type 1
3313,0.14393149563713345,-0.32973557181641544,2,Sample 1,Cell type 1
3314,0.08494633555217303,-1.5102469542879486,3,Sample 2,Cell type 1
3315,0.5838183496273563,-1.7448013693059532,3,Sample 2,Cell type 1
3316,0.6524008179554102,0.961529194135382,1,Sample 4,Cell type 1
3317,0.44232418287958525,-1.7492736049949138,3,Sample 2,Cell type 1
3318,-2.4156097246566604,1.1470796358029558,1,Sample 4,Cell type 1
3319,0.05402256375033907,-0.13979854897076538,0,Sample 3,Cell type 1
3320,0.4576459533713153,0.9502471864005512,1,Sample 4,Cell type 1
3321,1.2937700599748991,1.0834847500185703,1,Sample 4,Cell type 1
3322,0.6131107812579195,-1.3311159538198856,3,Sample 2,Cell type 1
3323,1.833529013454949,0.4939696033290808,3,Sample 2,Cell type 1
3324,-1.1487276190948221,-0.052652653142005734,1,Sample 4,Cell type 1
3325,-0.1963104928022964,0.39701106851400825,0,Sample 3,Cell type 1
3326,-0.053742632039484206,0.4273920087113986,1,Sample 4,Cell type 1
3327,-0.5485399340721042,-0.34376130039282815,3,Sample 2,Cell type 1
3328,0.6152253243538204,-1.4219112493116959,3,Sample 2,Cell type 1
3329,-0.541537600244767,1.4893410310726942,0,Sample 3,Cell type 1
3330,0.40222754151615536,2.4370886583415707,1,Sample 4,Cell type 1
3331,0.11190978627130191,1.7968945719289033,1,Sample 4,Cell type 1
3332,0.06961318431390924,-1.8289148575801575,2,Sample 1,Cell type 1
3333,-0.23905607122336334,-1.2865955023260063,3,Sample 2,Cell type 1
3334,0.14115324422178016,0.7063777287333421,0,Sample 3,Cell type 1
3335,-1.5738600513807957,-1.0169958234209937,2,Sample 1,Cell type 1
3336,0.0008879557498345172,-2.2355470785985956,2,Sample 1,Cell type 1
3337,1.2227747411300254,1.406268605031699,0,Sample 3,Cell type 1
3338,-0.22004135772131522,-0.841536931788468,0,Sample 3,Cell type 1
3339,0.16708283402746538,-0.9534298183319548,3,Sample 2,Cell type 1
3340,0.41223545729957395,0.3325745519723001,1,Sample 4,Cell type 1
3341,0.7203188707160509,1.3609802554548065,1,Sample 4,Cell type 1
3342,0.14814042946393124,1.340355891347338,1,Sample 4,Cell type 1
3343,-0.22317034426544682,0.7761918652033325,1,Sample 4,Cell type 1
3344,1.5466877981714857,-0.7945993610705699,3,Sample 2,Cell type 1
3345,0.6970378379657953,-0.07678374419739886,0,Sample 3,Cell type 1
3346,0.04324133027680075,-0.8995611306790814,3,Sample 2,Cell type 1
3347,0.6861276985616156,0.8720491760292584,0,Sample 3,Cell type 1
3348,-1.435353493239549,-0.1334838298714125,3,Sample 2,Cell type 1
3349,1.9106975942963509,-0.05259468384306165,2,Sample 1,Cell type 1
3350,-1.211064400995883,-0.4952995171230755,3,Sample 2,Cell type 1
3351,0.6744842658585921,-0.0697291379720113,2,Sample 1,Cell type 1
3352,0.7737424979511597,-0.6048180942354842,3,Sample 2,Cell type 1
3353,-0.12833550558027818,1.000720398347425,2,Sample 1,Cell type 1
3354,0.5401096451255366,-2.372826598648551,3,Sample 2,Cell type 1
3355,0.7827376896224281,1.4177140367471486,1,Sample 4,Cell type 1
3356,1.87026219631064,-1.6886054413614557,3,Sample 2,Cell type 1
3357,0.32925257533142555,-1.7531225352016198,3,Sample 2,Cell type 1
3358,-0.18873322344969914,-1.3255081956034998,2,Sample 1,Cell type 1
3359,-0.6486860089682707,-0.0060622871316931,1,Sample 4,Cell type 1
3360,0.738806892837895,-1.8404986574622408,2,Sample 1,Cell type 1
3361,-0.4249714356860788,1.387101320950432,1,Sample 4,Cell type 1
3362,-1.4957933597563366,0.6891833798535926,1,Sample 4,Cell type 1
3363,-0.6241593032939702,2.064459923231232,1,Sample 4,Cell type 1
3364,0.42668739576435954,1.6715748036147238,1,Sample 4,Cell type 1
3365,0.07072550903347789,2.1820240648442093,0,Sample 3,Cell type 1
3366,-0.44542301827469305,-0.9738889306473029,3,Sample 2,Cell type 1
3367,-0.015898908294649256,-1.0858118126487535,2,Sample 1,Cell type 1
3368,0.6563857449578913,1.405819224885838,0,Sample 3,Cell type 1
3369,0.19798443811208374,-1.0077315370506779,3,Sample 2,Cell type 1
3370,-0.39008497925799485,0.6539534497443033,0,Sample 3,Cell type 1
3371,-0.329141285692802,1.9231205874045978,1,Sample 4,Cell type 1
3372,-1.1066726215772884,-0.27861704228778084,3,Sample 2,Cell type 1
3373,-0.27613176435983716,-0.6085963719389379,2,Sample 1,Cell type 1
3374,-0.9617196208608711,0.6834554305949889,1,Sample 4,Cell type 1
3375,-1.3977773335722046,-0.9243031642645136,2,Sample 1,Cell type 1
3376,0.20580273688920137,-1.2755817670019622,3,Sample 2,Cell type 1
3377,-1.182089925535556,-0.7939193140814965,3,Sample 2,Cell type 1
3378,1.1418442914313731,-1.3355478021268405,2,Sample 1,Cell type 1
3379,0.9791590025168038,-1.1580963742367725,2,Sample 1,Cell type 1
3380,0.47028471051018805,-0.504208972237705,2,Sample 1,Cell type 1
3381,-0.2215114846150429,-1.5373766314064619,3,Sample 2,Cell type 1
3382,0.8778401500349671,-2.252518425284477,2,Sample 1,Cell type 1
3383,2.3483249651107747,-1.8223390120085912,3,Sample 2,Cell type 1
3384,0.6787447057642277,-0.7975114671876842,1,Sample 4,Cell type 1
3385,0.77112554726069,-1.0160790014157213,2,Sample 1,Cell type 1
3386,-0.4861170762987781,-1.1098487726311037,2,Sample 1,Cell type 1
3387,0.49021912405005574,0.15726754946107502,0,Sample 3,Cell type 1
3388,-1.2668707118300642,-0.669600870289762,2,Sample 1,Cell type 1
3389,-0.8290473978990163,-1.162768912864244,2,Sample 1,Cell type 1
3390,-0.12157390585283111,-0.151884945062984,2,Sample 1,Cell type 1
3391,0.6800634659340427,-0.6658553982084794,2,Sample 1,Cell type 1
3392,0.5767975623245086,-1.4361489957810576,2,Sample 1,Cell type 1
3393,0.5239804673773518,1.648638916473368,1,Sample 4,Cell type 1
3394,1.5869069219488157,-0.9904956523857664,3,Sample 2,Cell type 1
3395,-0.6266026338689897,0.7423507870354595,0,Sample 3,Cell type 1
3396,1.5932426417637873,0.3343509561201147,1,Sample 4,Cell type 1
3397,-0.29049332892445323,-2.605965488596008,2,Sample 1,Cell type 1
3398,-0.14867660175419783,1.247999186532444,1,Sample 4,Cell type 1
3399,0.5268354181382644,2.60816363101308,0,Sample 3,Cell type 1
3400,0.5674820115642538,-0.9844333955848935,2,Sample 1,Cell type 1
3401,0.11666917617230713,-0.5317604507869296,2,Sample 1,Cell type 1
3402,0.9768269564202824,1.4656781627748927,0,Sample 3,Cell type 1
3403,0.9272592519647183,0.7309962090551424,1,Sample 4,Cell type 1
3404,-0.04121834281971685,-0.5975277051010026,2,Sample 1,Cell type 1
3405,-0.6620721765189758,1.0689151064370999,0,Sample 3,Cell type 1
3406,-0.23235318560891952,-0.6446838631301941,3,Sample 2,Cell type 1
3407,-0.09217938604175807,-1.307954310728065,2,Sample 1,Cell type 1
3408,-1.5578739793126515,-0.21723375546675983,3,Sample 2,Cell type 1
3409,-0.6830584700035017,-1.5145466736216244,3,Sample 2,Cell type 1
3410,0.6785393701333345,0.013981348185192699,1,Sample 4,Cell type 1
3411,0.4791970733474113,-0.3173208181278827,3,Sample 2,Cell type 1
3412,-0.25627784655545616,1.3393327571215332,0,Sample 3,Cell type 1
3413,1.5936293087674471,0.46711723681950046,3,Sample 2,Cell type 1
3414,0.07814087883906538,0.38159217291562675,0,Sample 3,Cell type 1
3415,0.6956847360845282,2.084510287043961,0,Sample 3,Cell type 1
3416,-0.7977826299510209,-1.847229697609678,3,Sample 2,Cell type 1
3417,1.4039464573177933,1.0147213046267505,1,Sample 4,Cell type 1
3418,0.5109841776233477,0.08559606981561307,0,Sample 3,Cell type 1
3419,-0.47311578387043796,0.24415882731787364,3,Sample 2,Cell type 1
3420,1.1226959761001527,1.5583226180312222,1,Sample 4,Cell type 1
3421,0.6173589685186758,-1.2788340965040605,0,Sample 3,Cell type 1
3422,-1.2204573664488672,-1.923330707823633,3,Sample 2,Cell type 1
3423,-0.8918577498819314,-0.042471240990918147,2,Sample 1,Cell type 1
3424,0.759643308353059,-0.1879183747599229,0,Sample 3,Cell type 1
3425,-1.1346925863464254,-0.40864704958462084,0,Sample 3,Cell type 1
3426,-0.4033438648061372,0.9347818615186833,1,Sample 4,Cell type 1
3427,0.0734019875586983,1.2017923171413418,1,Sample 4,Cell type 1
3428,-0.7162770578904194,0.6735193286718235,1,Sample 4,Cell type 1
3429,0.25708577236021846,1.3375366033882279,0,Sample 3,Cell type 1
3430,-1.4249267315725067,-2.7843744152995673,2,Sample 1,Cell type 1
3431,0.8297451245192402,-1.728389362825217,3,Sample 2,Cell type 1
3432,0.24640792177387275,-2.0422758108197963,2,Sample 1,Cell type 1
3433,1.1590560866701725,-1.2520655423271387,3,Sample 2,Cell type 1
3434,0.37149589083725937,0.5595584546332097,1,Sample 4,Cell type 1
3435,1.2688134529162818,0.009747600938520673,0,Sample 3,Cell type 1
3436,1.043472194302522,-0.3299935904285396,0,Sample 3,Cell type 1
3437,-1.58039021697371,1.6008795636058482,1,Sample 4,Cell type 1
3438,-0.6717774737446209,0.5204858836447823,0,Sample 3,Cell type 1
3439,0.08228686234586727,-0.8805264711520956,2,Sample 1,Cell type 1
3440,-0.7162834989273601,-0.1497170455734268,3,Sample 2,Cell type 1
3441,-0.24642742734859302,1.623728425815472,0,Sample 3,Cell type 1
3442,-0.06371311299657212,1.3618974369997872,0,Sample 3,Cell type 1
3443,1.4119310444406172,1.2337670943279693,3,Sample 2,Cell type 1
3444,0.047187377271677905,1.3574980006421584,1,Sample 4,Cell type 1
3445,0.5800766294783978,1.4129426296919667,0,Sample 3,Cell type 1
3446,0.34781605164551294,1.3803445460212989,1,Sample 4,Cell type 1
3447,0.748844934348813,-0.3784506376547867,3,Sample 2,Cell type 1
3448,-0.2681102249371614,1.2738702675916973,1,Sample 4,Cell type 1
3449,-0.6182601716300575,0.810545114607993,0,Sample 3,Cell type 1
3450,-0.8969949920755135,-0.2564720121673476,2,Sample 1,Cell type 1
3451,-0.691106368471813,2.023571945326201,1,Sample 4,Cell type 1
3452,-0.12844768760143793,-1.4442288820808291,3,Sample 2,Cell type 1
3453,-0.6128966644885367,-1.9024500438461551,2,Sample 1,Cell type 1
3454,0.0876572640622865,-1.3331507465984205,3,Sample 2,Cell type 1
3455,0.26148432048834985,-2.1114389841687924,2,Sample 1,Cell type 1
3456,0.39927665291019954,-2.353816665314663,2,Sample 1,Cell type 1
3457,-1.056702684301854,-0.3828785640769867,2,Sample 1,Cell type 1
3458,-0.3722483654240427,0.9152413165566915,0,Sample 3,Cell type 1
3459,-0.271297823416031,1.2960488922151643,1,Sample 4,Cell type 1
3460,0.8014598829455498,0.6019433292918343,1,Sample 4,Cell type 1
3461,-0.44664140315682443,0.11987661362264401,1,Sample 4,Cell type 1
3462,-0.8685981686252395,-0.9761630679028604,3,Sample 2,Cell type 1
3463,-1.0243434819970265,2.403835345587492,0,Sample 3,Cell type 1
3464,0.030590395968022672,-0.15887313170683526,1,Sample 4,Cell type 1
3465,-0.3661065994700922,-0.8514491356650089,2,Sample 1,Cell type 1
3466,1.2644325492546988,0.18792464653770502,1,Sample 4,Cell type 1
3467,2.3592755402469803,1.9957436645894293,1,Sample 4,Cell type 1
3468,-0.08898084907896026,0.27687388682816816,0,Sample 3,Cell type 1
3469,-1.1121775401227703,1.1262091514350157,1,Sample 4,Cell type 1
3470,0.09813625279583643,2.2997427667756485,0,Sample 3,Cell type 1
3471,-0.44973442126264174,0.8326225010043777,0,Sample 3,Cell type 1
3472,0.39296613232959704,0.7135764962024109,1,Sample 4,Cell type 1
3473,0.4698099307713414,-1.1645022829145981,2,Sample 1,Cell type 1
3474,-0.7113926625826594,1.7642404465902022,1,Sample 4,Cell type 1
3475,-0.566041828235285,-1.4310322436613687,3,Sample 2,Cell type 1
3476,0.25561973662636434,2.322893814793828,1,Sample 4,Cell type 1
3477,-0.38227188056303296,-1.035685225746401,3,Sample 2,Cell type 1
3478,-0.12471854234933402,0.5613701628075192,1,Sample 4,Cell type 1
3479,0.7308677009865996,0.35745683945572404,0,Sample 3,Cell type 1
3480,1.7616111397276928,-1.2848736388952442,3,Sample 2,Cell type 1
3481,0.5468554585603821,-0.09276456896042751,1,Sample 4,Cell type 1
3482,-0.27030222037904544,-0.9982147022700784,3,Sample 2,Cell type 1
3483,-0.56103165663324,-1.7006518597170346,3,Sample 2,Cell type 1
3484,-1.4984046647444966,0.6355852457599553,3,Sample 2,Cell type 1
3485,-0.15835018318774552,2.6543250705308417,1,Sample 4,Cell type 1
3486,-1.2567051657007298,0.08445834856827861,2,Sample 1,Cell type 1
3487,0.11967836601503044,-0.9217382602336619,2,Sample 1,Cell type 1
3488,-1.523739754772371,0.15552975604407004,2,Sample 1,Cell type 1
3489,0.6634590180662899,-1.5053212196109151,3,Sample 2,Cell type 1
3490,0.556321979640239,0.0871931921978093,1,Sample 4,Cell type 1
3491,-0.45694319182623744,1.4580662250849268,0,Sample 3,Cell type 1
3492,-0.8364235885392426,-1.0210086346158818,2,Sample 1,Cell type 1
3493,-0.015408303787515712,0.7896873366333859,1,Sample 4,Cell type 1
3494,0.1930575479334248,0.07918873310439434,1,Sample 4,Cell type 1
3495,-0.10310190295100286,-1.4072750442492556,3,Sample 2,Cell type 1
3496,-0.2650467065466582,0.5102106123937997,1,Sample 4,Cell type 1
3497,-0.09850914828181409,-0.5179357856173272,2,Sample 1,Cell type 1
3498,-1.4772584382435339,-1.3429236215332265,2,Sample 1,Cell type 1
3499,-0.6606662185904382,0.47711673647939845,3,Sample 2,Cell type 1
3500,-0.4864049143498589,-1.8115837813659312,2,Sample 1,Cell type 1
3501,-0.47875006446483753,-1.7732703127882523,2,Sample 1,Cell type 1
3502,0.6347909764417704,-0.3988255785905448,0,Sample 3,Cell type 1
3503,1.0524066327520831,-0.8316029608627971,2,Sample 1,Cell type 1
3504,-0.3610422914749317,-1.8143291923817273,3,Sample 2,Cell type 1
3505,-0.2182756370721046,-0.22385993394571269,3,Sample 2,Cell type 1
3506,-1.5274848700058343,2.0546418598821354,1,Sample 4,Cell type 1
3507,0.17055730259015134,0.39842453460894467,0,Sample 3,Cell type 1
3508,-0.820694484775581,-0.9501349203047016,2,Sample 1,Cell type 1
3509,-0.2612286820276569,-1.936739915045963,3,Sample 2,Cell type 1
3510,0.5627521065111154,0.7239429419065138,2,Sample 1,Cell type 1
3511,-0.19114567933575546,0.7065404705482499,0,Sample 3,Cell type 1
3512,-0.0047637673701835075,-0.37279777655140156,2,Sample 1,Cell type 1
3513,0.12851995228249322,-0.4701896142723042,3,Sample 2,Cell type 1
3514,-0.4100272885172401,-1.6412220720836332,2,Sample 1,Cell type 1
3515,2.2593763411161625,-1.2833651108070305,3,Sample 2,Cell type 1
3516,-0.02121700739924805,0.2945002790178257,0,Sample 3,Cell type 1
3517,-0.5747553770019488,0.8292422786305222,0,Sample 3,Cell type 1
3518,-0.7942928008684365,-2.1561642115297808,2,Sample 1,Cell type 1
3519,0.07340862122840185,-0.5900551316807143,0,Sample 3,Cell type 1
3520,-0.8255730270777436,-1.3522073635091203,2,Sample 1,Cell type 1
3521,0.538288988773456,1.4734513069931023,1,Sample 4,Cell type 1
3522,-1.2743949868253355,1.3523797903683192,0,Sample 3,Cell type 1
3523,-0.21148466656277354,-1.6193630546823203,3,Sample 2,Cell type 1
3524,0.49510903841852294,0.3106877858167527,2,Sample 1,Cell type 1
3525,-0.2501417357226208,-1.6367911280070033,3,Sample 2,Cell type 1
3526,-0.9432318329278421,1.950143510769251,0,Sample 3,Cell type 1
3527,0.4247154513727595,-0.3134887432527872,2,Sample 1,Cell type 1
3528,-0.523626856798648,-2.6396116129506604,3,Sample 2,Cell type 1
3529,-0.30750990127433697,-1.1646135949417376,3,Sample 2,Cell type 1
3530,-0.5691697552669639,-1.3075655031816733,2,Sample 1,Cell type 1
3531,-0.6770877759095784,-1.467926122734216,2,Sample 1,Cell type 1
3532,-0.5661007158576209,0.4302609086591651,1,Sample 4,Cell type 1
3533,0.7161545760221859,1.5081374413455757,0,Sample 3,Cell type 1
3534,-1.456868855435597,-1.4781341466038858,2,Sample 1,Cell type 1
3535,0.9374481146190758,0.19847810679022748,3,Sample 2,Cell type 1
3536,0.5978348840986095,1.4882962123467718,0,Sample 3,Cell type 1
3537,-0.1304535711550111,0.4040778841548407,0,Sample 3,Cell type 1
3538,-0.30040003206045673,-0.4404286024834383,3,Sample 2,Cell type 1
3539,-0.13470793797828204,-1.2608099966534794,2,Sample 1,Cell type 1
3540,-0.6603977574340093,0.7428913266776052,0,Sample 3,Cell type 1
3541,0.8736854271859409,-1.438324243365548,2,Sample 1,Cell type 1
3542,-1.4722131078364549,0.06253284316586627,3,Sample 2,Cell type 1
3543,0.4415714074654621,-1.2752784226098663,3,Sample 2,Cell type 1
3544,0.5884975977965974,2.425439127016848,1,Sample 4,Cell type 1
3545,-1.5197362246871051,-1.1026107843870647,3,Sample 2,Cell type 1
3546,-0.4386150359400617,1.6666671294242459,1,Sample 4,Cell type 1
3547,-0.6708004931071618,-1.5939894222156799,3,Sample 2,Cell type 1
3548,0.06595341330787396,-1.2954550161265512,3,Sample 2,Cell type 1
3549,0.16800664641807125,-0.5078688125771358,3,Sample 2,Cell type 1
3550,-0.3755795087479617,1.4340480348687716,0,Sample 3,Cell type 1
3551,0.34468993521202995,-2.0205461279965853,2,Sample 1,Cell type 1
3552,-0.6287888261079859,-0.10483568252301989,1,Sample 4,Cell type 1
3553,0.23618606003248252,-1.190586940044494,2,Sample 1,Cell type 1
3554,-0.9937972268393834,-1.9004696912255752,2,Sample 1,Cell type 1
3555,0.6950180004726169,-1.9490691416878836,2,Sample 1,Cell type 1
3556,-1.0523530456398766,0.047555281122118265,3,Sample 2,Cell type 1
3557,-0.480510951935044,0.7666450001653786,0,Sample 3,Cell type 1
3558,-0.24068779771266102,0.032418451664955716,1,Sample 4,Cell type 1
3559,0.9572572013315931,0.8731763415784239,0,Sample 3,Cell type 1
3560,0.9340078583891569,-1.5791717843742301,2,Sample 1,Cell type 1
3561,0.4676192414699478,-1.2145113113934105,3,Sample 2,Cell type 1
3562,-1.105273374770865,-2.438571791527286,2,Sample 1,Cell type 1
3563,-1.454383380309724,1.6077698363873347,1,Sample 4,Cell type 1
3564,-0.013254727858016062,-0.4533403907871265,3,Sample 2,Cell type 1
3565,0.35581904626527583,0.3394770537582863,1,Sample 4,Cell type 1
3566,-0.9359334685682305,-1.2978097706253195,0,Sample 3,Cell type 1
3567,-0.05848584160715081,-1.632616735268283,3,Sample 2,Cell type 1
3568,0.5434986263652027,0.08096477187307505,1,Sample 4,Cell type 1
3569,0.4047724427646922,0.41738223807470953,1,Sample 4,Cell type 1
3570,-0.6094082965461166,-1.2397568453314514,3,Sample 2,Cell type 1
3571,-0.6761231667409272,-0.5572888135404586,2,Sample 1,Cell type 1
3572,-0.5004501612076235,1.3166428267499273,0,Sample 3,Cell type 1
3573,-0.7070859489609065,1.1229800847564224,0,Sample 3,Cell type 1
3574,-0.1402356239232103,-0.6805459186246953,2,Sample 1,Cell type 1
3575,0.3603965790224278,-1.2094066321768757,2,Sample 1,Cell type 1
3576,-0.26409607517316025,0.8306664144550585,1,Sample 4,Cell type 1
3577,-0.18155397291033948,-0.6799999955091469,3,Sample 2,Cell type 1
3578,-1.1830216990770286,0.33781272327802214,2,Sample 1,Cell type 1
3579,-0.012247879338396446,1.4634331996808707,0,Sample 3,Cell type 1
3580,-0.3707341542499698,0.6274161971437945,0,Sample 3,Cell type 1
3581,-0.6440761448244071,-0.8492193911855177,2,Sample 1,Cell type 1
3582,-0.41347750653906284,-0.504773642729174,3,Sample 2,Cell type 1
3583,0.7625093071305962,1.2296993321614593,0,Sample 3,Cell type 1
3584,0.8974862849843768,2.8560325776138074,1,Sample 4,Cell type 1
3585,1.0399898978097073,-0.23175586553066552,3,Sample 2,Cell type 1
3586,1.3599658996611046,1.8572345217879085,1,Sample 4,Cell type 1
3587,0.5070215047456789,1.3310392779611986,0,Sample 3,Cell type 1
3588,-0.029264031901476636,-2.3902436926772,3,Sample 2,Cell type 1
3589,2.0215459406988976,0.5753049816637434,0,Sample 3,Cell type 1
3590,-0.6258831380015949,-0.31746775486944656,3,Sample 2,Cell type 1
3591,-0.212448410014833,0.09608148288829677,3,Sample 2,Cell type 1
3592,0.8602747215655182,-0.8314652278375113,2,Sample 1,Cell type 1
3593,-0.9662075140346819,-0.3527097674148969,3,Sample 2,Cell type 1
3594,-0.3569467465718238,-0.5116325847564249,0,Sample 3,Cell type 1
3595,-0.3993111611762925,-0.04226557820171717,3,Sample 2,Cell type 1
3596,0.7600126629357166,1.1944037776435197,1,Sample 4,Cell type 1
3597,-0.5294291718147104,1.6819466678369792,0,Sample 3,Cell type 1
3598,-0.5169818478750424,2.4202487140876094,0,Sample 3,Cell type 1
3599,0.8173081710620865,0.14909442739500323,3,Sample 2,Cell type 1
3600,0.6128642227077523,1.9815465791074462,0,Sample 3,Cell type 1
3601,0.7700020735626388,-0.06752408388469744,3,Sample 2,Cell type 1
3602,0.7861465142159529,-2.120056578546407,2,Sample 1,Cell type 1
3603,1.3805550342518167,-0.9025244286940368,3,Sample 2,Cell type 1
3604,0.03488195709796298,2.3560408323446023,0,Sample 3,Cell type 1
3605,-0.10203929630202738,2.208923944197878,1,Sample 4,Cell type 1
3606,-0.9447779869315085,-1.921344887227475,3,Sample 2,Cell type 1
3607,1.3887710425321995,1.1583286267701183,0,Sample 3,Cell type 1
3608,-0.9891826292738792,0.0195521822791227,3,Sample 2,Cell type 1
3609,-0.1952226817369075,-0.7642245976781588,3,Sample 2,Cell type 1
3610,0.3016803151217492,0.9765897490520173,0,Sample 3,Cell type 1
3611,-0.07637139767125843,-0.4209970667731615,1,Sample 4,Cell type 1
3612,0.2729726739936266,0.20021968720079042,3,Sample 2,Cell type 1
3613,2.11030540180816,-0.7585012954231906,3,Sample 2,Cell type 1
3614,-0.018841720699390496,0.8605165936777313,1,Sample 4,Cell type 1
3615,-0.7355393873870426,2.2399475240140316,0,Sample 3,Cell type 1
3616,1.2898226063909164,2.051931562867238,0,Sample 3,Cell type 1
3617,-1.2405307448529062,1.0548503798448219,0,Sample 3,Cell type 1
3618,0.2615418990113301,0.8247195769529085,0,Sample 3,Cell type 1
3619,0.8050342473715525,0.538486504381481,0,Sample 3,Cell type 1
3620,-1.1551404376590055,-0.6441171699540096,3,Sample 2,Cell type 1
3621,1.2433283365718193,1.683180781241779,1,Sample 4,Cell type 1
3622,-0.27741726141336975,-1.468634178758952,3,Sample 2,Cell type 1
3623,0.3538534945315882,-1.600583685604479,3,Sample 2,Cell type 1
3624,0.2736848317203346,0.5338073187408985,3,Sample 2,Cell type 1
3625,-0.6682776426078059,2.7161193022187105,0,Sample 3,Cell type 1
3626,-0.5220226345733162,-1.4889417216154617,3,Sample 2,Cell type 1
3627,-1.6974839192068758,0.513742410324454,0,Sample 3,Cell type 1
3628,0.8939190527219687,2.1587993839143413,1,Sample 4,Cell type 1
3629,0.9515763911397125,0.017913747890406007,0,Sample 3,Cell type 1
3630,0.9493876961418648,2.149068324564783,1,Sample 4,Cell type 1
3631,0.3831838605971135,1.2669296842295585,0,Sample 3,Cell type 1
3632,0.7883197691600397,-2.2686765123086783,3,Sample 2,Cell type 1
3633,0.020963802219228528,-1.242851460212732,2,Sample 1,Cell type 1
3634,-1.199212768366721,0.9265241885320359,1,Sample 4,Cell type 1
3635,-0.5041142641138775,-0.5407664552927759,3,Sample 2,Cell type 1
3636,0.5503463776411425,-1.4903866170165516,2,Sample 1,Cell type 1
3637,-0.13827653985128874,-1.3486115975764954,3,Sample 2,Cell type 1
3638,-0.9735173682721338,0.09070121083067195,2,Sample 1,Cell type 1
3639,-0.603171671093341,0.7754599385065808,0,Sample 3,Cell type 1
3640,0.5327394016435691,1.3372692884915645,1,Sample 4,Cell type 1
3641,-0.7071990853971526,-0.8940022852034836,3,Sample 2,Cell type 1
3642,-1.9095438961565383,-1.3967025376081195,2,Sample 1,Cell type 1
3643,0.3430532002644584,1.5544844858105153,0,Sample 3,Cell type 1
3644,0.4551864633482203,2.302717298502831,0,Sample 3,Cell type 1
3645,1.851726853338807,-0.4938121540733986,0,Sample 3,Cell type 1
3646,-0.9417811339609683,-0.6251678707631447,3,Sample 2,Cell type 1
3647,0.7831116468454233,-0.09739450341080458,1,Sample 4,Cell type 1
3648,-0.5133334561043059,0.33228153409882477,2,Sample 1,Cell type 1
3649,-0.41460211108896194,0.06022087234963003,2,Sample 1,Cell type 1
3650,0.42920787485632284,0.2812256145671701,0,Sample 3,Cell type 1
3651,-0.343441779613808,0.44606321610091515,0,Sample 3,Cell type 1
3652,0.27078707476935293,0.7636788718887765,0,Sample 3,Cell type 1
3653,0.5832509160018916,-0.7190676258983327,2,Sample 1,Cell type 1
3654,0.10815227278990872,-1.2609869635530877,3,Sample 2,Cell type 1
3655,0.32038510920506297,1.104852148972679,1,Sample 4,Cell type 1
3656,0.08638713658018307,1.085487330519816,3,Sample 2,Cell type 1
3657,1.2844958660520946,-2.6645924203127827,3,Sample 2,Cell type 1
3658,0.1470676130580035,3.1544269311843975,1,Sample 4,Cell type 1
3659,0.23375418266109854,0.8501367852749002,1,Sample 4,Cell type 1
3660,-0.6073061292429585,1.120315029180966,0,Sample 3,Cell type 1
3661,0.5847671811009729,-1.5205278618947071,2,Sample 1,Cell type 1
3662,0.09138211892963172,1.120241409169502,0,Sample 3,Cell type 1
3663,-1.0912847950546867,-1.4255022002314628,3,Sample 2,Cell type 1
3664,1.3911197310380632,1.7830864406254365,1,Sample 4,Cell type 1
3665,0.7162843446100797,0.49473781666773486,1,Sample 4,Cell type 1
3666,0.9968681539981032,-0.6587121859265197,0,Sample 3,Cell type 1
3667,-0.32784099503482644,-0.3733130315807749,2,Sample 1,Cell type 1
3668,0.1063757393175008,0.4399033480486614,0,Sample 3,Cell type 1
3669,0.23689622165166085,1.2088442177439114,0,Sample 3,Cell type 1
3670,-0.34307834048485875,-0.6673305309711516,2,Sample 1,Cell type 1
3671,-0.11046586772918542,-0.527091105660854,2,Sample 1,Cell type 1
3672,0.4977657152347216,0.08893350577538461,1,Sample 4,Cell type 1
3673,0.010262914834948096,-0.6161383717065336,2,Sample 1,Cell type 1
3674,-0.5995327895655786,-0.7297871207563189,3,Sample 2,Cell type 1
3675,0.7806533754757673,1.734763555153931,1,Sample 4,Cell type 1
3676,0.06847576315562036,-1.2226983740863153,3,Sample 2,Cell type 1
3677,2.5216453876096683,0.10120477340832157,1,Sample 4,Cell type 1
3678,-0.7725318428185665,2.303333091920756,1,Sample 4,Cell type 1
3679,0.28779118010143073,-1.3989071166307612,2,Sample 1,Cell type 1
3680,0.6735869563617016,0.7046342396420431,1,Sample 4,Cell type 1
3681,-1.1776296584214332,-2.099067859918928,2,Sample 1,Cell type 1
3682,1.3097693157622827,-2.1450838776435415,3,Sample 2,Cell type 1
3683,-0.31193896524755627,1.1264427919361055,1,Sample 4,Cell type 1
3684,0.48817293567137804,1.1255783687747474,1,Sample 4,Cell type 1
3685,1.2470313475975152,-2.2243691277947013,2,Sample 1,Cell type 1
3686,-1.0243644568019734,1.1515838569768646,1,Sample 4,Cell type 1
3687,-0.00563598838444376,0.8275123371455821,1,Sample 4,Cell type 1
3688,-0.7735809145033704,0.9618309150864162,0,Sample 3,Cell type 1
3689,0.7263698509016392,-0.9012161526683247,2,Sample 1,Cell type 1
3690,0.4182683904283997,0.5410399968491368,0,Sample 3,Cell type 1
3691,-0.4181784164152316,1.8392073806695115,0,Sample 3,Cell type 1
3692,-0.004085305621780018,-0.6809889884601485,3,Sample 2,Cell type 1
3693,-0.9404756844998814,0.2839441261787162,1,Sample 4,Cell type 1
3694,0.012146354032346499,-1.7798452607382735,2,Sample 1,Cell type 1
3695,1.4474450797864882,0.8255632836861009,1,Sample 4,Cell type 1
3696,-0.3643736449997924,-0.8040343254623968,3,Sample 2,Cell type 1
3697,-0.12640631886319154,0.6584951440420639,0,Sample 3,Cell type 1
3698,-1.548343967771045,-1.4393271534110212,3,Sample 2,Cell type 1
3699,0.7742355752027409,-0.6808062739986436,3,Sample 2,Cell type 1
3700,0.3658243236921929,2.1646578577174136,1,Sample 4,Cell type 1
3701,1.659266135799979,0.2644923267308612,0,Sample 3,Cell type 1
3702,-0.5939090963445878,-1.092797657857227,3,Sample 2,Cell type 1
3703,-0.8126574551827176,1.0493438798783774,0,Sample 3,Cell type 1
3704,0.5431450320474227,0.8904036084460334,1,Sample 4,Cell type 1
3705,1.023614935808127,-0.7734550714832515,1,Sample 4,Cell type 1
3706,0.41857854858962656,-1.9762565519551807,2,Sample 1,Cell type 1
3707,-0.7787030704216278,1.8057066691785277,1,Sample 4,Cell type 1
3708,-0.73301928045098,2.0843542408843967,1,Sample 4,Cell type 1
3709,-0.14949731532908725,0.64821515338066,0,Sample 3,Cell type 1
3710,-1.3627059514841238,0.955561840882705,0,Sample 3,Cell type 1
3711,-1.5776712213150546,-0.7695773053556086,3,Sample 2,Cell type 1
3712,0.2509785463175257,-2.187683833535722,3,Sample 2,Cell type 1
3713,-2.0498669270362484,0.8471777899198648,1,Sample 4,Cell type 1
3714,-0.5676638837993381,-0.006803928540267679,1,Sample 4,Cell type 1
3715,-1.0052522687563483,0.031362441125498686,3,Sample 2,Cell type 1
3716,-0.051310677274394034,1.2630099282427842,0,Sample 3,Cell type 1
3717,-0.5258980431957795,-1.0391720246867602,2,Sample 1,Cell type 1
3718,-0.3567549710889282,-0.9094876343575817,2,Sample 1,Cell type 1
3719,-0.6579359459057605,1.896824533859577,1,Sample 4,Cell type 1
3720,0.39989129899229714,-0.11944493984155335,1,Sample 4,Cell type 1
3721,0.024381131136503097,-1.7178024049290055,3,Sample 2,Cell type 1
3722,1.0808126019896003,-2.210023172239101,2,Sample 1,Cell type 1
3723,-0.7492050998316768,0.465776354824891,1,Sample 4,Cell type 1
3724,-0.05286383891785326,0.0311870401900346,0,Sample 3,Cell type 1
3725,-1.1969270505317198,-1.7345697332078331,2,Sample 1,Cell type 1
3726,0.06502273764495901,-1.0303144653734646,2,Sample 1,Cell type 1
3727,-0.1336973710291292,1.2260639603906398,0,Sample 3,Cell type 1
3728,-0.310541454832983,1.1363329779003901,0,Sample 3,Cell type 1
3729,-0.018440444868372954,0.022860134351499584,3,Sample 2,Cell type 1
3730,-2.266424232114192,0.08735159533122006,2,Sample 1,Cell type 1
3731,0.16406027138770393,-2.298706023952995,2,Sample 1,Cell type 1
3732,1.6098163565606123,1.8189676368855852,1,Sample 4,Cell type 1
3733,-0.04248544135752852,-1.4407854428305997,2,Sample 1,Cell type 1
3734,1.2918230325678812,0.7423774764063533,1,Sample 4,Cell type 1
3735,-0.7433090724078066,-1.9072161487479664,3,Sample 2,Cell type 1
3736,0.893345020054018,-0.8143242896571702,3,Sample 2,Cell type 1
3737,0.3107005833841347,-1.0758593850246978,2,Sample 1,Cell type 1
3738,-1.5716288304823398,-2.1849165796973726,3,Sample 2,Cell type 1
3739,-1.9074454310285966,-0.40387930857214605,2,Sample 1,Cell type 1
3740,0.47792005587988645,1.5609381938487186,0,Sample 3,Cell type 1
3741,0.8481679259991038,3.207728031128862,1,Sample 4,Cell type 1
3742,0.33607559236147305,1.4854804745725367,1,Sample 4,Cell type 1
3743,0.474481006374707,0.7523628485488077,0,Sample 3,Cell type 1
3744,-0.613491230403642,-0.9455421846011032,2,Sample 1,Cell type 1
3745,0.8681778109293052,-0.9691558649725458,3,Sample 2,Cell type 1
3746,-0.5743351125980815,0.8155802998557993,1,Sample 4,Cell type 1
3747,-0.21163671896377775,-0.7073920111256675,3,Sample 2,Cell type 1
3748,0.9821351939786338,0.03228718504703565,0,Sample 3,Cell type 1
3749,0.6624470519146475,-0.1431355996777559,2,Sample 1,Cell type 1
3750,-0.8055418887561153,-0.9617397441722536,2,Sample 1,Cell type 1
3751,-0.6957304650197556,1.9003478275318155,1,Sample 4,Cell type 1
3752,-0.17075429674416642,2.192580909479962,0,Sample 3,Cell type 1
3753,-0.7418825073524593,1.190695186187828,0,Sample 3,Cell type 1
3754,-1.0926593243323512,0.8808245521861624,1,Sample 4,Cell type 1
3755,-0.39155155401457775,1.8353287016552575,0,Sample 3,Cell type 1
3756,0.4049927914447409,2.1578445595134452,1,Sample 4,Cell type 1
3757,0.28050407941884736,1.3913497041181309,0,Sample 3,Cell type 1
3758,1.7359492704644344,-2.1389461095071383,2,Sample 1,Cell type 1
3759,-0.2159615174601313,-2.2347607545485975,3,Sample 2,Cell type 1
3760,-0.10322729210382703,-1.6813297394675146,2,Sample 1,Cell type 1
3761,1.2842847698894453,-0.02085092460968785,3,Sample 2,Cell type 1
3762,0.34369457530606873,1.166150149730489,0,Sample 3,Cell type 1
3763,-0.7615347680177885,1.06198441481509,1,Sample 4,Cell type 1
3764,0.4120381490448384,4.082185192523777,0,Sample 3,Cell type 1
3765,-0.14823012710216663,0.8961434402132591,0,Sample 3,Cell type 1
3766,0.7968381486446532,0.3945639291444314,0,Sample 3,Cell type 1
3767,0.6139834756433045,-1.0013713229352512,3,Sample 2,Cell type 1
3768,-0.21019739814920324,-2.276715174859291,2,Sample 1,Cell type 1
3769,0.41190687686109784,-0.3440597978918125,2,Sample 1,Cell type 1
3770,-0.16016100344029588,0.11938236005692748,3,Sample 2,Cell type 1
3771,0.19170201459119837,-0.4135565748272012,2,Sample 1,Cell type 1
3772,0.6054309439895856,1.4899750352108818,1,Sample 4,Cell type 1
3773,0.08148503620958936,2.23921612119615,1,Sample 4,Cell type 1
3774,-0.8313761311926129,-0.34561476443691086,3,Sample 2,Cell type 1
3775,-0.48136528978351756,2.48182254760715,0,Sample 3,Cell type 1
3776,0.5580695762713592,-1.668873336175701,2,Sample 1,Cell type 1
3777,0.0940709039097618,-0.878874083142385,3,Sample 2,Cell type 1
3778,0.017871391454886407,0.3548377067309376,3,Sample 2,Cell type 1
3779,-0.7917025092562701,1.7526169503905726,0,Sample 3,Cell type 1
3780,-0.4513980789259109,1.1476410425576296,0,Sample 3,Cell type 1
3781,1.210759794593705,1.504649347643822,0,Sample 3,Cell type 1
3782,-0.6850788146249632,-1.4893069893556472,2,Sample 1,Cell type 1
3783,-0.5082899110605035,0.0482666727277109,1,Sample 4,Cell type 1
3784,0.4699133598448098,0.13134983066487194,2,Sample 1,Cell type 1
3785,1.708469384061893,-0.774372624632526,3,Sample 2,Cell type 1
3786,0.8308848553670534,-0.9254733298402061,2,Sample 1,Cell type 1
3787,0.15273321931496855,-1.0290644864338734,2,Sample 1,Cell type 1
3788,0.03442477865702515,-0.45051367119019503,3,Sample 2,Cell type 1
3789,-0.8963343351491114,-1.6038929572575369,3,Sample 2,Cell type 1
3790,-0.1646875447042723,0.4027373227678088,1,Sample 4,Cell type 1
3791,-0.2964064788720232,-0.12445361534291366,1,Sample 4,Cell type 1
3792,-0.15060906806904525,-0.04550964331917762,2,Sample 1,Cell type 1
3793,0.7625000363008694,1.4104683360778343,0,Sample 3,Cell type 1
3794,0.009999457525800268,3.2947224445334147,1,Sample 4,Cell type 1
3795,-0.46922501565114844,1.1793731234326343,1,Sample 4,Cell type 1
3796,-1.5001379757165958,1.0920208633179338,0,Sample 3,Cell type 1
3797,0.6493644572906124,-0.7344652418336901,3,Sample 2,Cell type 1
3798,-0.12956385355306196,-0.6492698404026838,3,Sample 2,Cell type 1
3799,0.43767790493603037,0.8382458780528848,0,Sample 3,Cell type 1
3800,-0.732953532384994,0.33454223341564415,1,Sample 4,Cell type 1
3801,0.4469790695555883,-1.1251819008985269,3,Sample 2,Cell type 1
3802,0.2850022309648669,0.009215402028412756,2,Sample 1,Cell type 1
3803,-0.503410714954231,2.2269821679331994,1,Sample 4,Cell type 1
3804,-1.0028048098974094,-1.171963870463161,3,Sample 2,Cell type 1
3805,-0.8520909304602982,0.7558202365162658,0,Sample 3,Cell type 1
3806,-0.7464848617496874,-1.7975453011217015,3,Sample 2,Cell type 1
3807,0.7632014107945619,1.5211130010446383,0,Sample 3,Cell type 1
3808,0.44475316131667375,-2.523955563208511,2,Sample 1,Cell type 1
3809,1.2788304896770732,-0.35829723310550454,2,Sample 1,Cell type 1
3810,0.39430717748149585,-0.33311743613012124,2,Sample 1,Cell type 1
3811,-0.4310086698768766,-1.2039575763228716,2,Sample 1,Cell type 1
3812,1.136403398391884,0.543402965000419,0,Sample 3,Cell type 1
3813,0.7611594216464693,0.7067943837055586,1,Sample 4,Cell type 1
3814,0.7176529575097058,2.019900033022978,1,Sample 4,Cell type 1
3815,-1.0987223111757993,-0.5840782883769979,2,Sample 1,Cell type 1
3816,-1.4456331159454532,-1.2198762405358339,2,Sample 1,Cell type 1
3817,-0.4934202892157662,-2.078396627493735,3,Sample 2,Cell type 1
3818,-0.3910795374290193,0.10430605336879095,0,Sample 3,Cell type 1
3819,-0.054757194133132514,-0.9769795487352011,3,Sample 2,Cell type 1
3820,0.1921646751569784,0.0025062598145948467,2,Sample 1,Cell type 1
3821,0.22941928990606897,-1.1177642229484779,2,Sample 1,Cell type 1
3822,0.32844006826209327,-1.1848555819661444,2,Sample 1,Cell type 1
3823,0.7529454931359758,-0.8464818113015711,2,Sample 1,Cell type 1
3824,-1.549402162001972,-1.6090842158471526,2,Sample 1,Cell type 1
3825,-0.45135694388838926,-2.1952302346318007,2,Sample 1,Cell type 1
3826,1.1074182548084146,1.4511272960418877,0,Sample 3,Cell type 1
3827,0.14549300404679613,1.198576469040269,0,Sample 3,Cell type 1
3828,-0.6043991065071594,-1.0815893236749423,3,Sample 2,Cell type 1
3829,1.014121208950379,-0.769017597592131,2,Sample 1,Cell type 1
3830,0.416551597138135,-1.8636262817328313,3,Sample 2,Cell type 1
3831,-1.5855715885909707,-2.1993449615661587,3,Sample 2,Cell type 1
3832,0.4370273984029597,1.0051378158487503,0,Sample 3,Cell type 1
3833,0.8171066363435188,2.67075421829594,1,Sample 4,Cell type 1
3834,0.20482378745110053,1.7861527871564111,0,Sample 3,Cell type 1
3835,-0.8561532503154654,0.37523249027345695,2,Sample 1,Cell type 1
3836,-0.10573548451549748,-0.9421768276925688,2,Sample 1,Cell type 1
3837,-0.30625375169037494,0.9010168429801311,1,Sample 4,Cell type 1
3838,-0.48605503342364476,0.2545459436218609,2,Sample 1,Cell type 1
3839,0.6725875857036394,1.1662420058826508,1,Sample 4,Cell type 1
3840,0.12112591249982206,-1.2341483671802216,3,Sample 2,Cell type 1
3841,0.4276045187844402,1.710124340699069,1,Sample 4,Cell type 1
3842,0.4567124085545336,1.9084525121444793,0,Sample 3,Cell type 1
3843,0.7130751212841974,-1.1634845813165187,3,Sample 2,Cell type 1
3844,0.623479203124266,0.9687843844979647,1,Sample 4,Cell type 1
3845,0.2647041857715657,1.6668231692871398,0,Sample 3,Cell type 1
3846,-0.27892170752628737,0.7205938365452569,0,Sample 3,Cell type 1
3847,0.20965344726938043,-2.559649374203494,2,Sample 1,Cell type 1
3848,-0.4687421386542043,1.2632854229681036,1,Sample 4,Cell type 1
3849,-0.5345144386622135,-0.8452964384606727,2,Sample 1,Cell type 1
3850,-0.5231187106604612,-0.978149296118849,2,Sample 1,Cell type 1
3851,-1.1324192535309654,-0.21770218223108984,3,Sample 2,Cell type 1
3852,-0.8234972065456573,-0.0821362286748275,1,Sample 4,Cell type 1
3853,-0.9041629797391391,2.929341340462737,1,Sample 4,Cell type 1
3854,1.1222354487488795,-0.12148085023382471,0,Sample 3,Cell type 1
3855,1.4434784878293945,0.847276966618161,1,Sample 4,Cell type 1
3856,-0.1750930013885006,-0.3870056199675923,2,Sample 1,Cell type 1
3857,0.8101099277152575,0.8734769245021438,1,Sample 4,Cell type 1
3858,0.30859997454535587,-0.43787200120055536,3,Sample 2,Cell type 1
3859,1.1626203808340356,-1.0625845272468142,2,Sample 1,Cell type 1
3860,0.4086336708220758,1.824464468499246,1,Sample 4,Cell type 1
3861,-1.12189542673906,0.6728754181859817,3,Sample 2,Cell type 1
3862,0.23277178410995436,-1.4056069274160445,2,Sample 1,Cell type 1
3863,-0.05126221131897331,1.429032727613752,1,Sample 4,Cell type 1
3864,0.07845403163115565,2.0366974254904116,1,Sample 4,Cell type 1
3865,-0.39061907396123574,-0.4933385391430092,2,Sample 1,Cell type 1
3866,-0.5205140552974615,0.6102996929882432,0,Sample 3,Cell type 1
3867,-0.2922246865631079,0.9103741644197858,3,Sample 2,Cell type 1
3868,0.7374412015818018,1.3861503097673702,1,Sample 4,Cell type 1
3869,-0.8044811005515726,-0.7118686528433864,2,Sample 1,Cell type 1
3870,0.2573428331012001,1.1344478447734563,1,Sample 4,Cell type 1
3871,-0.8736969602788538,-0.8917293216861673,2,Sample 1,Cell type 1
3872,0.2179371173228879,-0.666027928142964,2,Sample 1,Cell type 1
3873,0.5545740813269634,-2.6221418173366793,3,Sample 2,Cell type 1
3874,-1.0167613768738262,-1.3028637945705235,2,Sample 1,Cell type 1
3875,0.15287925441592268,1.037149238524919,0,Sample 3,Cell type 1
3876,0.5490081522996108,-0.2901726969517213,0,Sample 3,Cell type 1
3877,0.8758388017818602,-1.6447933848475325,3,Sample 2,Cell type 1
3878,-1.053705535957268,1.6208223310747805,1,Sample 4,Cell type 1
3879,0.4760235726684518,0.554061557513343,1,Sample 4,Cell type 1
3880,-0.4142059577777758,-0.8257581282010191,2,Sample 1,Cell type 1
3881,-0.74071192311292,-1.0909333512651482,3,Sample 2,Cell type 1
3882,-0.11371722955243689,1.270949854337352,1,Sample 4,Cell type 1
3883,0.6982536665426675,-0.41433523885358203,3,Sample 2,Cell type 1
3884,-1.599111125489,-0.9727763309226553,2,Sample 1,Cell type 1
3885,-1.0327537755945793,-1.3255794930986968,3,Sample 2,Cell type 1
3886,-1.3842101843874761,0.0671085964004583,2,Sample 1,Cell type 1
3887,-0.8787273743700421,-1.4952983585999453,3,Sample 2,Cell type 1
3888,-0.48109411516097095,1.2558255473140296,0,Sample 3,Cell type 1
3889,0.34039194659218425,1.9577975389161824,1,Sample 4,Cell type 1
3890,-0.9256932949706167,-2.0665026838222453,2,Sample 1,Cell type 1
3891,-0.913351291306804,0.8450724325762256,0,Sample 3,Cell type 1
3892,-0.989941310578058,1.0875267774663762,1,Sample 4,Cell type 1
3893,1.002274107541987,0.6414203069598805,1,Sample 4,Cell type 1
3894,-1.7666246209826018,-1.1844691188188903,2,Sample 1,Cell type 1
3895,0.45760502264037833,-1.5637827484887072,2,Sample 1,Cell type 1
3896,-0.04527079111991667,1.9751766318349306,1,Sample 4,Cell type 1
3897,0.5571099579653723,1.7642441668564086,0,Sample 3,Cell type 1
3898,-1.4123100696239792,0.3927531892775926,3,Sample 2,Cell type 1
3899,0.07972109207011298,0.5972194767070407,0,Sample 3,Cell type 1
3900,0.823324509860515,1.3780779859304344,0,Sample 3,Cell type 1
3901,0.24136000712138844,1.1404289836628783,1,Sample 4,Cell type 1
3902,0.005650526902541162,0.47174308842124235,1,Sample 4,Cell type 1
3903,0.8333797312470811,1.46683544240951,1,Sample 4,Cell type 1
3904,-0.41314371511005743,0.8428267332575222,1,Sample 4,Cell type 1
3905,0.1440568301567852,-1.2183466561804104,3,Sample 2,Cell type 1
3906,-0.6232741915013604,-0.8374112363311752,2,Sample 1,Cell type 1
3907,0.34237010124210804,0.37845977411699994,3,Sample 2,Cell type 1
3908,-0.23790086339448516,-1.1971067220116385,2,Sample 1,Cell type 1
3909,-0.33330024449237006,-1.0504984104889985,2,Sample 1,Cell type 1
3910,0.8182731772406113,-1.1523569487433734,2,Sample 1,Cell type 1
3911,0.5838554898141045,0.1135367101439353,3,Sample 2,Cell type 1
3912,0.2845351588505835,1.1532619169552718,1,Sample 4,Cell type 1
3913,-0.38733916099898963,-1.7729970558026031,2,Sample 1,Cell type 1
3914,-0.6477798686138272,-0.8497597295659823,3,Sample 2,Cell type 1
3915,0.14941341158166266,0.3956936541173419,0,Sample 3,Cell type 1
3916,-0.4773032468893842,0.6783514713059451,2,Sample 1,Cell type 1
3917,-0.19786877111713452,-0.7334155720079826,3,Sample 2,Cell type 1
3918,0.014747146452314529,1.278065364289337,0,Sample 3,Cell type 1
3919,1.2786574461128266,-0.41316174919530735,2,Sample 1,Cell type 1
3920,0.9594396583372685,-1.0258215152820942,3,Sample 2,Cell type 1
3921,-0.7607285837497857,-0.7451831961609003,2,Sample 1,Cell type 1
3922,-1.5949885140571645,1.2992452558780578,0,Sample 3,Cell type 1
3923,-0.3177562529167901,0.11818420763531556,1,Sample 4,Cell type 1
3924,0.6027339787368743,-0.9201389479201857,3,Sample 2,Cell type 1
3925,0.12839169917878407,2.7700248315177936,1,Sample 4,Cell type 1
3926,-0.7792974769730947,-0.43725766657015297,2,Sample 1,Cell type 1
3927,0.08336088316150086,0.949925497680382,0,Sample 3,Cell type 1
3928,0.27984001965432603,0.19675632252639175,1,Sample 4,Cell type 1
3929,1.0900502821699616,2.31249165079063,1,Sample 4,Cell type 1
3930,-0.4844924317894913,2.4608077708375493,0,Sample 3,Cell type 1
3931,-0.5655140543898791,1.6844445272165696,1,Sample 4,Cell type 1
3932,-0.2355646060704272,0.16220443610094648,2,Sample 1,Cell type 1
3933,0.3033224949808993,1.98417774052063,1,Sample 4,Cell type 1
3934,-0.8084785759431308,0.5878252849534058,1,Sample 4,Cell type 1
3935,1.0545576537872203,-2.086539937182075,3,Sample 2,Cell type 1
3936,0.31633678831043055,-1.7660551640121696,2,Sample 1,Cell type 1
3937,-1.4564826404388138,1.2160458867131376,1,Sample 4,Cell type 1
3938,-0.21629335740893582,-1.0219074563229953,3,Sample 2,Cell type 1
3939,0.19430561052022,-0.6656789625511899,1,Sample 4,Cell type 1
3940,0.3350079681019973,-0.8235331698101114,2,Sample 1,Cell type 1
3941,-0.5923920850657268,-0.30814044920719086,2,Sample 1,Cell type 1
3942,0.9652071732066855,0.34645146321021114,0,Sample 3,Cell type 1
3943,-1.2151286600720543,-3.104584109463251,2,Sample 1,Cell type 1
3944,-0.10640253114405088,-2.0567138260049287,3,Sample 2,Cell type 1
3945,0.31237187994311166,0.917422597654003,1,Sample 4,Cell type 1
3946,0.09779440363765297,-1.3351707564169877,3,Sample 2,Cell type 1
3947,-0.7994417858359286,0.5961800630174261,0,Sample 3,Cell type 1
3948,0.38565338186830894,1.2949865178540159,1,Sample 4,Cell type 1
3949,1.4926196089158053,1.37906633672943,0,Sample 3,Cell type 1
3950,-0.14068352354565694,2.3291761325824147,1,Sample 4,Cell type 1
3951,0.7978124541270981,-0.054487965952885076,3,Sample 2,Cell type 1
3952,0.9901230060095986,1.3038141088327169,1,Sample 4,Cell type 1
3953,-0.5383242656075213,-0.4697271255826939,3,Sample 2,Cell type 1
3954,0.3946543207047114,1.1478688989558992,0,Sample 3,Cell type 1
3955,0.13219204005194016,-0.989982508536171,3,Sample 2,Cell type 1
3956,0.16087923737197402,1.8405235168060896,0,Sample 3,Cell type 1
3957,1.8954298406491976,0.11634726575934828,3,Sample 2,Cell type 1
3958,-0.4155170974609013,0.7272736981231361,1,Sample 4,Cell type 1
3959,0.43478350293607443,1.1598483469749707,1,Sample 4,Cell type 1
3960,1.650019935394516,0.14597366859658167,0,Sample 3,Cell type 1
3961,0.8304100218527698,-0.38862943732891564,3,Sample 2,Cell type 1
3962,0.7145506777658013,-0.48648470171308944,3,Sample 2,Cell type 1
3963,-0.6441374013943011,-0.1385214842738557,2,Sample 1,Cell type 1
3964,-0.4863002085406543,0.568701837480817,1,Sample 4,Cell type 1
3965,-0.7343808836885888,0.3849357054138398,2,Sample 1,Cell type 1
3966,0.516712336220714,-1.8792358012438983,2,Sample 1,Cell type 1
3967,-0.5257079698224464,-1.558175123118596,2,Sample 1,Cell type 1
3968,1.5076690447476873,2.234594822617751,0,Sample 3,Cell type 1
3969,-0.8169862537045707,1.5666851578394827,0,Sample 3,Cell type 1
3970,0.8247996179967608,1.7450240952929588,0,Sample 3,Cell type 1
3971,-1.2859865876489822,1.1477070868258434,0,Sample 3,Cell type 1
3972,-0.7782116134080007,-0.6747023726218607,2,Sample 1,Cell type 1
3973,-0.2741716132214156,0.3581781846227048,0,Sample 3,Cell type 1
3974,-0.42826806961297853,1.2867628945676963,1,Sample 4,Cell type 1
3975,-0.2334490151324353,-0.2505526469573258,0,Sample 3,Cell type 1
3976,0.19492577896217156,-1.872166725439544,2,Sample 1,Cell type 1
3977,-0.143274628012925,1.3166558248767384,1,Sample 4,Cell type 1
3978,-0.8296528588559969,-0.467704851973736,2,Sample 1,Cell type 1
3979,-1.0345132350069182,1.4579122489405405,1,Sample 4,Cell type 1
3980,0.7976474851629132,-0.09811992851561169,3,Sample 2,Cell type 1
3981,0.10845073313176733,-0.41718508518837105,2,Sample 1,Cell type 1
3982,0.47778257460270784,0.24132159662063934,1,Sample 4,Cell type 1
3983,-0.199495700137985,-1.9304341202276816,3,Sample 2,Cell type 1
3984,0.6267124074260764,0.7987688911644034,1,Sample 4,Cell type 1
3985,-0.3317015204574905,-1.79613916791939,2,Sample 1,Cell type 1
3986,-0.13588188614218452,0.309391969464512,2,Sample 1,Cell type 1
3987,1.3860119995880735,2.785040116954106,0,Sample 3,Cell type 1
3988,1.3352556206610648,0.24595359536649886,1,Sample 4,Cell type 1
3989,-0.790872885720734,0.11712854622738322,0,Sample 3,Cell type 1
3990,1.9979321011358833,-0.9631948906109272,2,Sample 1,Cell type 1
3991,-0.6518048022588385,-0.8590796384898463,2,Sample 1,Cell type 1
3992,-1.721452321063444,0.4246773446060639,0,Sample 3,Cell type 1
3993,-1.4769502897904752,0.2563913118460719,1,Sample 4,Cell type 1
3994,0.1402294231471391,-0.06938035110074448,1,Sample 4,Cell type 1
3995,-0.8980358449955311,0.26599774318858904,1,Sample 4,Cell type 1
3996,1.1530186312528925,-0.1486897209435516,0,Sample 3,Cell type 1
3997,1.03236859310108,-0.9558406059759286,3,Sample 2,Cell type 1
3998,-0.3662787089459914,0.8725102142832748,1,Sample 4,Cell type 1
3999,0.4748453778246895,-1.3523109077314244,0,Sample 3,Cell type 1
