,X,Y,group,sample,cell_type
0,-6.212152849758842,8.164567225821095,0,Sample 1,Cell type 1
1,-5.004856729231915,7.741860431426789,0,Sample 1,Cell type 1
2,0.7943580729495483,-6.84902580107065,5,Sample 2,Cell type 3
3,-5.436514538104012,6.806995658504325,3,Sample 2,Cell type 1
4,-3.497914961950535,6.847461841228249,3,Sample 2,Cell type 1
5,-3.8274809848627567,6.890446771476247,0,Sample 1,Cell type 1
6,1.1737663500227207,-7.442881590994857,5,Sample 2,Cell type 3
7,0.28676520811639616,-7.015304396322051,5,Sample 2,Cell type 3
8,-5.39377735410822,6.634234372812099,3,Sample 2,Cell type 1
9,-5.288772932655264,7.998531654556874,0,Sample 1,Cell type 1
10,-3.5943837822917146,7.025151519806247,3,Sample 2,Cell type 1
11,-3.832423933081782,6.283440571479901,3,Sample 2,Cell type 1
12,5.671585213816216,8.526186637625734,4,Sample 2,Cell type 2
13,1.0684106637116793,-8.443634466775979,5,Sample 2,Cell type 3
14,5.822720244491968,5.918282504245541,4,Sample 2,Cell type 2
15,5.151665293278994,7.871904685919189,1,Sample 1,Cell type 2
16,-3.6676204444299385,7.88256386387998,0,Sample 1,Cell type 1
17,2.0996890140612434,-6.783323133716419,5,Sample 2,Cell type 3
18,-4.794871612475229,7.179807465640154,3,Sample 2,Cell type 1
19,-1.7958258050240787,6.826579320542433,3,Sample 2,Cell type 1
20,-0.1495169265295879,-8.375446406837588,2,Sample 1,Cell type 3
21,-5.207233716656562,6.913987932597493,0,Sample 1,Cell type 1
22,5.317203615950927,6.535518280958684,4,Sample 2,Cell type 2
23,3.9446022443209863,6.90868330194895,1,Sample 1,Cell type 2
24,-1.2342412121677169,-7.577271835773507,2,Sample 1,Cell type 3
25,6.908758276755058,6.94786967970721,4,Sample 2,Cell type 2
26,5.120768620374513,8.508399973205488,4,Sample 2,Cell type 2
27,-5.534472362914439,7.864701691494694,0,Sample 1,Cell type 1
28,-4.8614552593190545,7.379321715648545,0,Sample 1,Cell type 1
29,0.267618376727766,-6.969900436616923,5,Sample 2,Cell type 3
30,-4.198892683013342,7.572358721675932,3,Sample 2,Cell type 1
31,5.518444446451858,6.564482694493494,4,Sample 2,Cell type 2
32,-5.196594451268756,6.852888956067339,0,Sample 1,Cell type 1
33,-4.091712668405114,7.282482429181985,3,Sample 2,Cell type 1
34,4.956084799506971,7.299511071751601,1,Sample 1,Cell type 2
35,-5.803312613401655,6.456829759782172,0,Sample 1,Cell type 1
36,-5.252215395712277,7.6782431882600894,0,Sample 1,Cell type 1
37,-3.703830488046607,7.538519145013724,3,Sample 2,Cell type 1
38,4.077065119119576,8.18503256505193,4,Sample 2,Cell type 2
39,4.599219540475818,6.929074304846049,4,Sample 2,Cell type 2
40,0.4544825641029169,-7.910792210993429,2,Sample 1,Cell type 3
41,7.993747198880549,6.8509706692614385,4,Sample 2,Cell type 2
42,4.9845671158055165,8.299993230149433,4,Sample 2,Cell type 2
43,0.8128817596371248,-7.2279423804070255,5,Sample 2,Cell type 3
44,5.7801581561978495,5.310073033104741,4,Sample 2,Cell type 2
45,1.0168741982804699,-7.9759216002675455,5,Sample 2,Cell type 3
46,1.8583436916058773,-7.753787391096765,5,Sample 2,Cell type 3
47,5.60989326323603,5.9220647199229814,4,Sample 2,Cell type 2
48,-3.493071180180753,6.512508072176636,3,Sample 2,Cell type 1
49,1.2058984851338796,-7.575744934223226,5,Sample 2,Cell type 3
50,0.48787643453231055,-5.8840726837025095,5,Sample 2,Cell type 3
51,-0.03911774677928444,-8.195219689308335,2,Sample 1,Cell type 3
52,0.6257040012251673,-7.703787317199518,2,Sample 1,Cell type 3
53,-2.094629174613963,7.732856697991414,3,Sample 2,Cell type 1
54,5.8608057108788785,7.088117130803029,1,Sample 1,Cell type 2
55,4.452296139391997,7.70356829119569,1,Sample 1,Cell type 2
56,5.822574877027091,7.846563253791919,4,Sample 2,Cell type 2
57,-0.32977659601957615,-6.34028882625155,2,Sample 1,Cell type 3
58,5.6465208582073405,7.15977691812821,4,Sample 2,Cell type 2
59,-5.093486690624661,7.54512163094334,3,Sample 2,Cell type 1
60,0.43010392235990375,-6.728518813617015,2,Sample 1,Cell type 3
61,6.08233391241859,5.219832559065392,4,Sample 2,Cell type 2
62,0.7972564084635578,-7.444264115248034,2,Sample 1,Cell type 3
63,-3.803133107746873,6.429243790153841,3,Sample 2,Cell type 1
64,0.35818253285238366,-7.474774805696863,5,Sample 2,Cell type 3
65,-3.1764475552583677,6.801551710437365,3,Sample 2,Cell type 1
66,5.2459253582472805,7.723657581896913,1,Sample 1,Cell type 2
67,4.815679428635386,6.3316812964508316,1,Sample 1,Cell type 2
68,-5.032126360515475,5.926447730171037,0,Sample 1,Cell type 1
69,-0.5399472150324418,-7.3935286031175,2,Sample 1,Cell type 3
70,0.27804929104284165,-7.001709652333958,2,Sample 1,Cell type 3
71,6.194150855167617,6.85416893103142,1,Sample 1,Cell type 2
72,5.593676297607446,7.310501876190669,1,Sample 1,Cell type 2
73,-3.818372416908089,6.811813271698299,3,Sample 2,Cell type 1
74,-4.647988439957334,6.669424432383386,0,Sample 1,Cell type 1
75,2.601941974115838,-7.317124945558115,5,Sample 2,Cell type 3
76,0.004410840088907353,-6.711206040884267,5,Sample 2,Cell type 3
77,-3.1437078718160563,8.0885817494164,3,Sample 2,Cell type 1
78,-3.753734101988892,8.725648645070134,3,Sample 2,Cell type 1
79,6.899946036242593,5.676850232760643,4,Sample 2,Cell type 2
80,0.505471641053098,-6.352258448224224,5,Sample 2,Cell type 3
81,-0.1199525752632875,-8.217589263485245,2,Sample 1,Cell type 3
82,-0.024847146296721564,-7.798814545450942,2,Sample 1,Cell type 3
83,0.31640522980955654,-7.393520506294854,5,Sample 2,Cell type 3
84,5.3202232628178425,6.684680671007203,4,Sample 2,Cell type 2
85,-1.4208094032387217,-6.2199150218167905,2,Sample 1,Cell type 3
86,-2.572179968651924,7.08182810356091,3,Sample 2,Cell type 1
87,-3.2950826233493045,7.072128362853001,3,Sample 2,Cell type 1
88,-0.9226804084767676,-6.161216177973692,2,Sample 1,Cell type 3
89,5.373143985946821,7.0425546260274885,1,Sample 1,Cell type 2
90,5.4564903977756245,7.845615540291765,1,Sample 1,Cell type 2
91,0.09266308377776755,-6.247723462963101,5,Sample 2,Cell type 3
92,6.02712217894587,6.118741623325883,4,Sample 2,Cell type 2
93,1.9646547365728346,-7.820503999832981,5,Sample 2,Cell type 3
94,-5.056399022447273,7.460269126926437,0,Sample 1,Cell type 1
95,0.34878031160003675,-9.096864680041223,2,Sample 1,Cell type 3
96,-5.953042797762119,7.596310698772539,0,Sample 1,Cell type 1
97,5.1189339657616895,6.801399034971044,1,Sample 1,Cell type 2
98,3.1335241778560072,-6.993343182196477,5,Sample 2,Cell type 3
99,-4.452461094299192,6.694015234944581,3,Sample 2,Cell type 1
100,-4.799605719723298,7.348226379463056,0,Sample 1,Cell type 1
101,6.026975243920843,7.2859426767009134,4,Sample 2,Cell type 2
102,-3.9855865023644426,7.4491720885402,3,Sample 2,Cell type 1
103,-5.120044469626022,7.171528974642709,0,Sample 1,Cell type 1
104,-4.533751267822004,6.484692692566468,3,Sample 2,Cell type 1
105,6.6808992787041905,8.05015254669955,4,Sample 2,Cell type 2
106,-4.757891627808774,6.467647131849989,0,Sample 1,Cell type 1
107,0.8091704283266851,-5.997887079440771,2,Sample 1,Cell type 3
108,-0.05917829087550243,-7.13160029532614,2,Sample 1,Cell type 3
109,-4.367725417818398,6.207193853640286,3,Sample 2,Cell type 1
110,2.975769981802936,6.842264434361387,1,Sample 1,Cell type 2
111,3.721500518493002,7.4408059447310295,1,Sample 1,Cell type 2
112,-0.3303982577147473,-7.8124264589433245,2,Sample 1,Cell type 3
113,-5.411093533869355,6.223696994354314,0,Sample 1,Cell type 1
114,-0.5939873860307072,-7.45931248015977,2,Sample 1,Cell type 3
115,6.0279103576715265,5.970659100210481,4,Sample 2,Cell type 2
116,-4.9441583320079845,6.762816934376067,0,Sample 1,Cell type 1
117,1.091176534502218,-7.705835595772252,5,Sample 2,Cell type 3
118,0.953730710097925,-6.168837390176159,5,Sample 2,Cell type 3
119,5.448735558352991,6.834683557442148,1,Sample 1,Cell type 2
120,-0.6878705925005133,-5.9996065402814756,5,Sample 2,Cell type 3
121,0.4001923755492559,-7.497948057016809,2,Sample 1,Cell type 3
122,-3.8213752693957037,6.112354111903839,3,Sample 2,Cell type 1
123,0.37333678557286487,-5.854262830137971,2,Sample 1,Cell type 3
124,-0.310159933126849,-7.40196034436919,2,Sample 1,Cell type 3
125,4.51620426836943,5.3066149661862205,1,Sample 1,Cell type 2
126,5.64163092924002,6.099222903154561,4,Sample 2,Cell type 2
127,-5.152545920610677,7.245014110409254,0,Sample 1,Cell type 1
128,0.06875949407533954,-7.357460159396144,5,Sample 2,Cell type 3
129,6.050919249197214,6.7736446026466846,4,Sample 2,Cell type 2
130,-4.783634539376129,7.030877324306166,0,Sample 1,Cell type 1
131,5.5965615873499015,6.584808697772976,4,Sample 2,Cell type 2
132,-2.3255905754573134,-7.370925457162921,2,Sample 1,Cell type 3
133,-4.499466121787995,6.3853417667324495,0,Sample 1,Cell type 1
134,-4.339666920809576,7.721875520665987,0,Sample 1,Cell type 1
135,-6.275542127035494,6.591567793502457,0,Sample 1,Cell type 1
136,-0.13146816470831296,-6.901393129406135,2,Sample 1,Cell type 3
137,5.045610499917667,7.285941634956081,1,Sample 1,Cell type 2
138,-0.4078453545527061,-7.043515002500802,2,Sample 1,Cell type 3
139,5.049787808065979,6.753209209824386,4,Sample 2,Cell type 2
140,6.273460171163973,7.023037778514624,4,Sample 2,Cell type 2
141,6.763268081725302,8.045851983762825,4,Sample 2,Cell type 2
142,-4.181943654392287,9.022869736936894,0,Sample 1,Cell type 1
143,-4.6849358725294,7.09952067109187,3,Sample 2,Cell type 1
144,5.544240829659415,6.784805465112462,4,Sample 2,Cell type 2
145,1.6526035893216555,-6.589089062839585,5,Sample 2,Cell type 3
146,7.111811307157085,5.9949000752185935,4,Sample 2,Cell type 2
147,5.812060582783221,6.356255737850051,4,Sample 2,Cell type 2
148,-3.288676940169755,6.173666929580765,3,Sample 2,Cell type 1
149,0.5484061910321633,-5.5921807452283465,2,Sample 1,Cell type 3
150,1.6688376396296911,-7.882875406414158,2,Sample 1,Cell type 3
151,-3.8485373541661008,7.308863230569575,3,Sample 2,Cell type 1
152,-0.591497125967229,-6.117548344334617,2,Sample 1,Cell type 3
153,0.2097072718881825,-6.492637460201585,5,Sample 2,Cell type 3
154,0.0961201142251521,-7.730137307578399,5,Sample 2,Cell type 3
155,-6.665543526306978,8.428232906497506,0,Sample 1,Cell type 1
156,-3.8250725545941617,6.714011399677999,3,Sample 2,Cell type 1
157,-4.107344168541539,7.486554808375786,3,Sample 2,Cell type 1
158,4.848703687378373,7.808387901405043,1,Sample 1,Cell type 2
159,5.520360074028911,5.868603570457621,1,Sample 1,Cell type 2
160,0.3458103605073244,-6.695032461970913,2,Sample 1,Cell type 3
161,-4.374796890688253,6.464055605517175,3,Sample 2,Cell type 1
162,-3.314638015805955,8.412969482109867,3,Sample 2,Cell type 1
163,0.46893264031422666,-7.40099886643866,2,Sample 1,Cell type 3
164,3.9233032612214283,6.415661524088277,1,Sample 1,Cell type 2
165,-3.7672421085284116,7.83733951675209,3,Sample 2,Cell type 1
166,-2.814431385250771,6.84449338070929,3,Sample 2,Cell type 1
167,-5.041270386242665,5.58865302554742,3,Sample 2,Cell type 1
168,-0.47757942937685915,-8.983311305841026,2,Sample 1,Cell type 3
169,4.921458363658008,7.083613601042775,4,Sample 2,Cell type 2
170,0.39695934989065307,-7.499321181919603,2,Sample 1,Cell type 3
171,0.8303282640636594,-6.637305406338236,5,Sample 2,Cell type 3
172,-4.479839057633071,6.991727120841969,0,Sample 1,Cell type 1
173,1.9997683361474548,-7.916265468365683,5,Sample 2,Cell type 3
174,-0.4858835465697691,-7.132844648043912,2,Sample 1,Cell type 3
175,5.392779961310601,7.65897004070533,1,Sample 1,Cell type 2
176,0.14485019421686587,-6.028445382012625,2,Sample 1,Cell type 3
177,-4.2676783058383405,7.334068699593223,0,Sample 1,Cell type 1
178,5.908352458021985,7.138343322465633,4,Sample 2,Cell type 2
179,0.3056620297990771,-6.62535771714269,5,Sample 2,Cell type 3
180,-3.1025107961645984,6.92172464201472,3,Sample 2,Cell type 1
181,0.699613659306018,-7.590879993344089,2,Sample 1,Cell type 3
182,-5.683799604575212,8.70481014029326,3,Sample 2,Cell type 1
183,5.81925002064917,7.545089371226422,1,Sample 1,Cell type 2
184,1.1547250937517735,-7.023314307401686,5,Sample 2,Cell type 3
185,-3.323357701949657,7.482317853805296,3,Sample 2,Cell type 1
186,-4.098675251236888,7.318305766291599,3,Sample 2,Cell type 1
187,-4.729202874004469,6.738837480744834,0,Sample 1,Cell type 1
188,5.772130449806239,6.986112539833673,4,Sample 2,Cell type 2
189,4.650891287578745,6.983379968724811,1,Sample 1,Cell type 2
190,5.98568401839332,6.289947772934438,4,Sample 2,Cell type 2
191,-1.7569022568799573,-7.2007669922493625,2,Sample 1,Cell type 3
192,0.1552081504585252,-7.911111643724024,5,Sample 2,Cell type 3
193,4.812784112714415,7.444154511422543,1,Sample 1,Cell type 2
194,-5.791683856206864,6.970438275785757,0,Sample 1,Cell type 1
195,4.892786266661666,7.082818367648833,1,Sample 1,Cell type 2
196,7.365863847647378,6.4544127696825235,4,Sample 2,Cell type 2
197,-3.5993347271966307,6.368288770791827,3,Sample 2,Cell type 1
198,-4.587971786233072,7.482096572595243,0,Sample 1,Cell type 1
199,5.538058960962185,8.590973359781648,1,Sample 1,Cell type 2
200,6.930092337290333,7.698751242183895,1,Sample 1,Cell type 2
201,5.8626610768601735,7.94985571270693,4,Sample 2,Cell type 2
202,-3.4910512790315757,7.2107300621309465,0,Sample 1,Cell type 1
203,0.9743673218444467,-7.481624903476193,2,Sample 1,Cell type 3
204,-4.133559005459778,7.914109453493398,0,Sample 1,Cell type 1
205,1.9528725465169532,-7.1885506288697165,5,Sample 2,Cell type 3
206,0.10565791357060816,-5.839710051725549,5,Sample 2,Cell type 3
207,0.07627535955304657,-7.281826384731275,2,Sample 1,Cell type 3
208,-4.160282062235331,7.256541485573354,3,Sample 2,Cell type 1
209,0.8097543700592482,-6.697922781935622,5,Sample 2,Cell type 3
210,0.9529337166947822,-7.2478131918171655,5,Sample 2,Cell type 3
211,0.17922814601537773,-6.585236599784121,5,Sample 2,Cell type 3
212,-0.8566819349475511,-5.541932542153697,2,Sample 1,Cell type 3
213,4.156630451244826,6.78226043326342,4,Sample 2,Cell type 2
214,3.7078945472755924,8.002859295431213,1,Sample 1,Cell type 2
215,-3.034713476108868,5.849333526593758,3,Sample 2,Cell type 1
216,-5.361845055399261,5.13196435056231,0,Sample 1,Cell type 1
217,-1.5768130847885709,-6.7545887440551216,5,Sample 2,Cell type 3
218,2.5348850671009666,-7.353679120216002,5,Sample 2,Cell type 3
219,4.433274586471629,5.860096297775214,1,Sample 1,Cell type 2
220,-0.07490895099133668,-6.0104304938317235,2,Sample 1,Cell type 3
221,-4.909186123799001,7.600772351482313,0,Sample 1,Cell type 1
222,5.769675138505664,7.2670987433178,4,Sample 2,Cell type 2
223,4.577106654600194,7.54015902686955,1,Sample 1,Cell type 2
224,-0.3343276366127125,-8.691714110354578,2,Sample 1,Cell type 3
225,-0.573612919302349,-8.09873522442545,2,Sample 1,Cell type 3
226,-4.414154058295372,7.0005948166422165,3,Sample 2,Cell type 1
227,5.95617731172894,6.333137423990313,4,Sample 2,Cell type 2
228,1.56279371858002,-7.133324960774654,5,Sample 2,Cell type 3
229,-0.23798576069908012,-6.021480821006318,2,Sample 1,Cell type 3
230,4.560354291273136,7.758738121449317,1,Sample 1,Cell type 2
231,-4.705061352901679,6.756396762003587,0,Sample 1,Cell type 1
232,-0.2978552423503383,-6.7212172622343065,2,Sample 1,Cell type 3
233,0.26804642326729405,-6.8181430461192525,2,Sample 1,Cell type 3
234,-4.568995206042905,6.334528937401982,0,Sample 1,Cell type 1
235,0.7964652112016238,-5.708529723931045,2,Sample 1,Cell type 3
236,-0.8017736151413799,-7.673016001747904,2,Sample 1,Cell type 3
237,4.422609957330197,7.212524509576994,1,Sample 1,Cell type 2
238,-4.201591912112278,4.754063509310524,0,Sample 1,Cell type 1
239,0.532479218723175,-5.1091718815704965,5,Sample 2,Cell type 3
240,0.6201243952278266,-6.6286357431835885,2,Sample 1,Cell type 3
241,0.18325975056456206,-6.211613401693026,2,Sample 1,Cell type 3
242,-0.28770373796196996,-6.830181940512082,2,Sample 1,Cell type 3
243,4.473506808739795,6.828086988844143,1,Sample 1,Cell type 2
244,1.6841612061986102,-6.859635643742875,5,Sample 2,Cell type 3
245,4.444229495128753,6.743641861374992,1,Sample 1,Cell type 2
246,-6.001231539352355,8.226079495124083,0,Sample 1,Cell type 1
247,5.262256938274469,7.810483923495739,1,Sample 1,Cell type 2
248,-0.49145851527703555,-7.638899005652304,2,Sample 1,Cell type 3
249,6.537911470089106,7.204392465753351,4,Sample 2,Cell type 2
250,6.895115678344536,8.09061055321554,4,Sample 2,Cell type 2
251,5.559062736162028,7.407846167376987,1,Sample 1,Cell type 2
252,-3.2049742283756486,8.170199320034635,3,Sample 2,Cell type 1
253,-6.335524224897098,7.505755965769423,0,Sample 1,Cell type 1
254,0.3632237009196013,-6.917556175848158,5,Sample 2,Cell type 3
255,7.272322854858911,6.615749252927449,4,Sample 2,Cell type 2
256,1.1264751188614288,-7.044313037486955,5,Sample 2,Cell type 3
257,5.558190998309913,6.193352892162424,4,Sample 2,Cell type 2
258,5.982514602046301,7.636852910908897,4,Sample 2,Cell type 2
259,4.1266392990885485,6.761388049885955,1,Sample 1,Cell type 2
260,-4.820868692748271,8.16238015584455,0,Sample 1,Cell type 1
261,-5.0097974182775316,6.35326431467681,0,Sample 1,Cell type 1
262,4.561020073807231,7.145343732778367,1,Sample 1,Cell type 2
263,5.38716383807968,6.70205417146683,4,Sample 2,Cell type 2
264,0.9774256968502162,-5.979606816528782,5,Sample 2,Cell type 3
265,-4.11080979568578,6.731955778007594,3,Sample 2,Cell type 1
266,1.885368339429854,-8.890764636830436,5,Sample 2,Cell type 3
267,4.571358829558162,5.705181445791118,1,Sample 1,Cell type 2
268,0.6977576000583823,-7.323137196820762,2,Sample 1,Cell type 3
269,-5.3520355893575875,7.175660273694349,0,Sample 1,Cell type 1
270,6.649202861309118,8.03776079633999,1,Sample 1,Cell type 2
271,-4.959780212072171,7.630203559930107,3,Sample 2,Cell type 1
272,-0.47109346139095687,-7.740877756705236,2,Sample 1,Cell type 3
273,-5.379956248928765,6.548404425806506,0,Sample 1,Cell type 1
274,-4.449473679481359,7.454556574609013,3,Sample 2,Cell type 1
275,-1.261597185752798,-7.7133273670261495,2,Sample 1,Cell type 3
276,4.880737257452419,5.854838378072988,4,Sample 2,Cell type 2
277,4.273795055882464,8.286494950778891,1,Sample 1,Cell type 2
278,0.827908959863608,-5.837246509736434,5,Sample 2,Cell type 3
279,6.329007371638296,6.7053908065964585,1,Sample 1,Cell type 2
280,6.138198508879952,7.8120401336587495,1,Sample 1,Cell type 2
281,-4.934536513161948,6.991956089312561,0,Sample 1,Cell type 1
282,-3.8424176925170137,7.2283116330747355,0,Sample 1,Cell type 1
283,1.5994260455035612,-7.549050898284998,5,Sample 2,Cell type 3
284,-0.33088442673731544,-5.560917685993323,2,Sample 1,Cell type 3
285,4.666106549115932,6.834995880475151,1,Sample 1,Cell type 2
286,-3.726671814437899,6.854015829410837,3,Sample 2,Cell type 1
287,-4.836896868050004,7.449793744435449,3,Sample 2,Cell type 1
288,0.5179005563083541,-7.069641378981788,5,Sample 2,Cell type 3
289,-0.15541530558281547,-7.675701011992166,2,Sample 1,Cell type 3
290,-6.1584674731978595,5.9450967923642315,0,Sample 1,Cell type 1
291,-5.0916318762020945,8.061320861444244,0,Sample 1,Cell type 1
292,4.335644474754748,7.489079096078082,1,Sample 1,Cell type 2
293,-3.161213879159526,7.461287668732946,3,Sample 2,Cell type 1
294,0.07563856494587229,-6.4910029763074695,5,Sample 2,Cell type 3
295,5.246351853140604,6.632671156872565,4,Sample 2,Cell type 2
296,-3.8393239255074323,7.15170066998132,3,Sample 2,Cell type 1
297,5.955287522437898,6.28613538695373,1,Sample 1,Cell type 2
298,-5.424400918088422,6.610413219349732,0,Sample 1,Cell type 1
299,6.113972240051464,6.871030600186313,1,Sample 1,Cell type 2
300,-3.585518638376019,6.647707004016265,3,Sample 2,Cell type 1
301,0.5648631310521053,-7.265212833315102,2,Sample 1,Cell type 3
302,-4.085741748387983,7.672614238014895,0,Sample 1,Cell type 1
303,0.4121512819726473,-8.190450419245181,5,Sample 2,Cell type 3
304,6.199560756744058,7.390450366216937,4,Sample 2,Cell type 2
305,6.610709798021299,7.180296076731666,1,Sample 1,Cell type 2
306,5.239237293524423,7.627813492618155,4,Sample 2,Cell type 2
307,-0.19470718350001448,-7.31093836888538,2,Sample 1,Cell type 3
308,-3.1769848068612156,7.472415848000506,3,Sample 2,Cell type 1
309,0.28187249177995677,-7.581057759725485,5,Sample 2,Cell type 3
310,6.27036444331602,6.597275136015224,4,Sample 2,Cell type 2
311,3.5815740254344948,8.080605012436669,1,Sample 1,Cell type 2
312,6.298826946729415,8.235415398997736,4,Sample 2,Cell type 2
313,5.877175387048707,6.570525981868506,1,Sample 1,Cell type 2
314,-2.53689535323581,7.966727741013137,0,Sample 1,Cell type 1
315,-4.160357827744532,6.642879642617022,0,Sample 1,Cell type 1
316,1.9496621429934042,-7.842899601969224,5,Sample 2,Cell type 3
317,5.680427607621717,7.1744177905308435,4,Sample 2,Cell type 2
318,-3.918012286273434,6.684805739219941,3,Sample 2,Cell type 1
319,-3.89894864041344,6.695763128497148,3,Sample 2,Cell type 1
320,-0.23083895670056387,-7.698070628765018,2,Sample 1,Cell type 3
321,-3.7213266086030985,6.352803758724972,3,Sample 2,Cell type 1
322,-4.259057961974687,8.59860112424158,0,Sample 1,Cell type 1
323,-5.779745336181858,7.700735494859437,0,Sample 1,Cell type 1
324,-0.4400922263492311,-7.188688150610155,2,Sample 1,Cell type 3
325,0.545655592050105,-6.970125488935902,2,Sample 1,Cell type 3
326,-4.453115672971778,7.736361240809798,3,Sample 2,Cell type 1
327,4.794779793568708,6.267635361070073,4,Sample 2,Cell type 2
328,1.062912662598585,-6.820520232773491,2,Sample 1,Cell type 3
329,-3.7197038268909295,6.395608582119019,3,Sample 2,Cell type 1
330,0.2717405264573728,-6.514935613201363,5,Sample 2,Cell type 3
331,-5.792429060104551,6.618029628183258,0,Sample 1,Cell type 1
332,-0.056061750189841275,-7.262069893516223,5,Sample 2,Cell type 3
333,-6.630499628142283,6.264598763131552,0,Sample 1,Cell type 1
334,3.991868187861936,6.5779786854338935,1,Sample 1,Cell type 2
335,5.989950507747311,6.705226487796043,1,Sample 1,Cell type 2
336,3.2914606288170436,9.58126663879347,1,Sample 1,Cell type 2
337,1.1104627267340375,-8.579970775026297,5,Sample 2,Cell type 3
338,1.6592823174845646,-7.202387342042894,5,Sample 2,Cell type 3
339,4.861643152061261,8.440434595979351,1,Sample 1,Cell type 2
340,0.07840196193668547,-6.98380143558561,5,Sample 2,Cell type 3
341,1.0821164228317315,-7.309304736844644,5,Sample 2,Cell type 3
342,4.29000625775832,6.7211011716067475,1,Sample 1,Cell type 2
343,-3.8757400006404787,7.389585623963505,3,Sample 2,Cell type 1
344,6.594012282534495,6.4577425416387975,1,Sample 1,Cell type 2
345,-4.027140180742327,5.79526304533481,3,Sample 2,Cell type 1
346,4.063909579152512,5.62948346180146,1,Sample 1,Cell type 2
347,5.426741209260716,7.718743360642984,4,Sample 2,Cell type 2
348,4.008714339476879,5.897047599263523,1,Sample 1,Cell type 2
349,3.2618643631887707,7.749005153585813,1,Sample 1,Cell type 2
350,0.38224608975649654,-5.738585240916254,5,Sample 2,Cell type 3
351,-4.141094600112182,6.249855572336627,0,Sample 1,Cell type 1
352,2.0086796159994478,-6.577736630688581,5,Sample 2,Cell type 3
353,-0.33295552390820315,-7.975123283097762,2,Sample 1,Cell type 3
354,-3.578770653062154,6.689139246911235,3,Sample 2,Cell type 1
355,1.1905370449117028,-7.7436853237843755,5,Sample 2,Cell type 3
356,5.479035511649528,7.60574020283994,1,Sample 1,Cell type 2
357,4.366064063200031,6.824698588154243,1,Sample 1,Cell type 2
358,4.593487841882151,6.952843556811498,1,Sample 1,Cell type 2
359,-6.118854059055313,7.521443201217933,0,Sample 1,Cell type 1
360,6.690822594017217,7.208243265937789,4,Sample 2,Cell type 2
361,6.121122438361386,7.309829263050627,4,Sample 2,Cell type 2
362,-0.9226659225645961,-8.420943289554044,2,Sample 1,Cell type 3
363,7.513753408666455,6.364092499312625,4,Sample 2,Cell type 2
364,-5.742569055785144,6.647494241059869,3,Sample 2,Cell type 1
365,-3.2078670088325687,6.897362951908513,3,Sample 2,Cell type 1
366,1.4660456347833615,-6.419746402170862,2,Sample 1,Cell type 3
367,-5.092518625910593,6.8301848553940445,0,Sample 1,Cell type 1
368,0.9445127299617158,-7.572918568626518,2,Sample 1,Cell type 3
369,0.8934670204239634,-6.921934876070239,2,Sample 1,Cell type 3
370,5.410880085255773,6.644907140135946,1,Sample 1,Cell type 2
371,6.404269718117879,7.493339291797946,4,Sample 2,Cell type 2
372,5.008329589979978,7.557340082853482,4,Sample 2,Cell type 2
373,5.585066624303032,7.753629047906719,4,Sample 2,Cell type 2
374,-3.312332102125155,7.134908999112462,3,Sample 2,Cell type 1
375,0.8822883961487145,-7.59636706850524,5,Sample 2,Cell type 3
376,-0.6181275562166593,-6.406914362375387,2,Sample 1,Cell type 3
377,-5.490230952387509,6.760906563916688,0,Sample 1,Cell type 1
378,-5.6794850115352205,7.6176462236965214,3,Sample 2,Cell type 1
379,-5.700494602707806,5.964828027094007,0,Sample 1,Cell type 1
380,-4.29515155122517,7.2421148470183265,3,Sample 2,Cell type 1
381,-2.9413121574001115,7.118442559077066,0,Sample 1,Cell type 1
382,-2.8302432490258904,7.429976423477098,3,Sample 2,Cell type 1
383,-3.781500738184274,7.502195846813202,0,Sample 1,Cell type 1
384,-5.62879156840636,6.006081449019253,0,Sample 1,Cell type 1
385,-4.9511707356279695,7.031163688562981,3,Sample 2,Cell type 1
386,1.0424474503460952,-6.378836006957275,5,Sample 2,Cell type 3
387,-4.751570593588786,7.966463745916752,3,Sample 2,Cell type 1
388,0.1560199872225014,-7.677693466975548,2,Sample 1,Cell type 3
389,1.3087760740551007,-8.012383766985518,5,Sample 2,Cell type 3
390,6.237969642494253,7.182666048783442,4,Sample 2,Cell type 2
391,4.275414159309905,6.548054740946419,1,Sample 1,Cell type 2
392,-0.09816714687657932,-6.9963699124441545,2,Sample 1,Cell type 3
393,-6.215495972763211,6.683680553572474,0,Sample 1,Cell type 1
394,4.737105219400812,7.55361775673135,1,Sample 1,Cell type 2
395,5.695324851511419,7.780900481678869,1,Sample 1,Cell type 2
396,5.02623759632927,6.46427154410542,1,Sample 1,Cell type 2
397,-5.274150075264279,6.7739151190688425,0,Sample 1,Cell type 1
398,1.5979559771416447,-6.8327668590464,5,Sample 2,Cell type 3
399,-6.078548337684571,7.665679087083648,0,Sample 1,Cell type 1
400,-2.17933965788189,6.389288097467616,3,Sample 2,Cell type 1
401,5.255339608335344,8.143428168683991,1,Sample 1,Cell type 2
402,-0.7950901398678827,-6.734914577549482,2,Sample 1,Cell type 3
403,-1.465345797764821,-7.912115741176951,2,Sample 1,Cell type 3
404,5.322984072269287,7.051711326752742,1,Sample 1,Cell type 2
405,6.264091032376755,6.419859276432231,4,Sample 2,Cell type 2
406,0.21655981577389172,-6.940379527932835,5,Sample 2,Cell type 3
407,6.039462532635875,7.649025400042259,4,Sample 2,Cell type 2
408,4.83278139417118,6.390651448498035,1,Sample 1,Cell type 2
409,6.062555313479247,7.5160518193860035,1,Sample 1,Cell type 2
410,-4.920922989242295,4.799804884277133,3,Sample 2,Cell type 1
411,6.053692053871893,6.976612990272613,1,Sample 1,Cell type 2
412,-4.489126032978101,5.741851762050308,0,Sample 1,Cell type 1
413,-2.7165287133531226,6.842992406231865,3,Sample 2,Cell type 1
414,-4.989598486497674,8.233895073591329,0,Sample 1,Cell type 1
415,4.645374199046792,6.363225640643955,1,Sample 1,Cell type 2
416,6.693749930262191,6.6731843147342005,4,Sample 2,Cell type 2
417,-5.804813905199762,6.09971692163529,0,Sample 1,Cell type 1
418,-5.16649780028582,6.676667064138409,0,Sample 1,Cell type 1
419,6.417159519247623,8.140643070710244,4,Sample 2,Cell type 2
420,-6.163513305282221,6.567160169974427,3,Sample 2,Cell type 1
421,5.239002326692549,6.469634971789328,1,Sample 1,Cell type 2
422,4.822997101131382,6.849617171954339,1,Sample 1,Cell type 2
423,-3.7254506986884826,6.662095270720528,0,Sample 1,Cell type 1
424,-4.7406669180092464,6.966953368371328,0,Sample 1,Cell type 1
425,5.1677275322197005,6.677758863359838,1,Sample 1,Cell type 2
426,-3.149874167369979,6.770560879253047,3,Sample 2,Cell type 1
427,1.536294001715409,-8.049383827509926,2,Sample 1,Cell type 3
428,-4.607176559122676,6.288075142817663,3,Sample 2,Cell type 1
429,-5.544019777262792,7.256870769594278,0,Sample 1,Cell type 1
430,7.322647709742824,7.569537690176752,4,Sample 2,Cell type 2
431,-5.920794861937843,7.371626226542013,0,Sample 1,Cell type 1
432,-4.5241965266677715,7.753800258889722,0,Sample 1,Cell type 1
433,-6.468964298482637,7.47746087339551,0,Sample 1,Cell type 1
434,-4.695841719195229,7.559536408092534,0,Sample 1,Cell type 1
435,7.133129433360234,7.689659801198083,4,Sample 2,Cell type 2
436,0.2069289182843105,-6.900875991179348,2,Sample 1,Cell type 3
437,-4.952295704063861,6.553518389701017,0,Sample 1,Cell type 1
438,-3.396213361545753,7.2306070006548895,3,Sample 2,Cell type 1
439,-1.6520664370050566,-7.048301746918948,2,Sample 1,Cell type 3
440,4.957503477585964,8.049922917800377,1,Sample 1,Cell type 2
441,-4.879664875885139,7.363036613838456,0,Sample 1,Cell type 1
442,-3.3136809397669253,7.51392343671971,3,Sample 2,Cell type 1
443,0.4044713934686997,-5.879777325202844,2,Sample 1,Cell type 3
444,5.3679777143512935,6.52889551606379,1,Sample 1,Cell type 2
445,2.9529773779775312,-6.721366388080634,5,Sample 2,Cell type 3
446,0.5123838361606591,-7.2234702966637245,2,Sample 1,Cell type 3
447,6.023352403148454,7.629447035969553,4,Sample 2,Cell type 2
448,5.7285510502894725,7.03799804801814,4,Sample 2,Cell type 2
449,0.18622939435213093,-7.6764789934782165,2,Sample 1,Cell type 3
450,5.364710217665286,8.803069687786342,1,Sample 1,Cell type 2
451,-4.624925102504891,6.863227699251466,3,Sample 2,Cell type 1
452,1.1333103162494709,-6.223107676055575,5,Sample 2,Cell type 3
453,6.718687654677589,7.970889187854126,4,Sample 2,Cell type 2
454,5.408962079619984,8.169994647995841,1,Sample 1,Cell type 2
455,-3.055897461006778,7.986502266713427,3,Sample 2,Cell type 1
456,6.866399950813495,6.209962861943829,4,Sample 2,Cell type 2
457,1.6359384911004473,-5.991759727774732,5,Sample 2,Cell type 3
458,4.923988412855465,6.382228074133015,4,Sample 2,Cell type 2
459,6.381571080986724,6.7513588633737935,1,Sample 1,Cell type 2
460,-2.6014903447033317,7.903117267787536,3,Sample 2,Cell type 1
461,3.999673812824226,7.554680072949769,1,Sample 1,Cell type 2
462,1.1348250761184293,-9.06131473709354,2,Sample 1,Cell type 3
463,1.009735745826324,-7.145367412979918,5,Sample 2,Cell type 3
464,0.5433142203505564,-7.312704211457367,2,Sample 1,Cell type 3
465,0.7057723787431558,-6.509041160718391,5,Sample 2,Cell type 3
466,6.005890145138854,5.888230262266436,4,Sample 2,Cell type 2
467,0.5124343480598188,-6.97260525054053,2,Sample 1,Cell type 3
468,5.000422367085278,7.552033211008768,1,Sample 1,Cell type 2
469,-4.166934696976373,6.82093305527959,3,Sample 2,Cell type 1
470,0.44251932510336733,-7.509628050398893,2,Sample 1,Cell type 3
471,1.3110551282109706,-8.0101664729103,5,Sample 2,Cell type 3
472,0.3787775192281828,-7.28518068458451,2,Sample 1,Cell type 3
473,-5.139967805356327,6.4664716842712,0,Sample 1,Cell type 1
474,-4.7026106022587735,7.150977375392846,3,Sample 2,Cell type 1
475,1.0964289151973707,-6.514905491798276,2,Sample 1,Cell type 3
476,1.6256219100593021,-7.800361653588597,5,Sample 2,Cell type 3
477,6.766395153184015,7.601904306664223,4,Sample 2,Cell type 2
478,0.6184988314849315,-5.729375115715978,5,Sample 2,Cell type 3
479,0.24888799291455618,-8.582787245542399,2,Sample 1,Cell type 3
480,-5.356402017120617,8.233775393559636,0,Sample 1,Cell type 1
481,-4.175773236774527,7.262099139086686,0,Sample 1,Cell type 1
482,6.463142918856988,7.439101670953848,4,Sample 2,Cell type 2
483,5.508334424167381,6.079661095982697,1,Sample 1,Cell type 2
484,0.9541881323331316,-8.077362336592586,2,Sample 1,Cell type 3
485,-2.969539420118098,7.082675011275599,3,Sample 2,Cell type 1
486,-4.621409900341164,7.012804681739977,0,Sample 1,Cell type 1
487,6.5378347264323216,5.8706865725350745,4,Sample 2,Cell type 2
488,0.4711799562980047,-7.483018777012093,5,Sample 2,Cell type 3
489,7.64624894167821,5.920338878429828,4,Sample 2,Cell type 2
490,5.910944920961759,7.31033639908236,4,Sample 2,Cell type 2
491,7.36882304735263,7.490236221526863,4,Sample 2,Cell type 2
492,-0.6591483895775997,-7.646355373024824,2,Sample 1,Cell type 3
493,1.3272519506672458,-6.537765505099963,5,Sample 2,Cell type 3
494,7.016852260805627,6.287017970392984,4,Sample 2,Cell type 2
495,4.142288790411515,4.73398742506979,1,Sample 1,Cell type 2
496,-4.047860914823923,7.4659159753329085,3,Sample 2,Cell type 1
497,-4.411120501319075,6.111906693470375,3,Sample 2,Cell type 1
498,6.383202514714207,6.382020148107789,4,Sample 2,Cell type 2
499,0.7734784920960994,-8.691099742806415,5,Sample 2,Cell type 3
500,1.8179477763575056,-6.359838114041562,2,Sample 1,Cell type 3
501,1.6405615580364614,-5.423191810475554,5,Sample 2,Cell type 3
502,-4.148739584759016,5.791552002110026,3,Sample 2,Cell type 1
503,-0.22614717673898732,-7.973940350343103,5,Sample 2,Cell type 3
504,5.123023740105148,7.01677070650589,4,Sample 2,Cell type 2
505,-5.913564963450419,7.746887312490836,3,Sample 2,Cell type 1
506,-5.187322699778669,6.883758246306131,0,Sample 1,Cell type 1
507,-5.02799079239757,8.487708320373883,0,Sample 1,Cell type 1
508,-4.013604859587065,7.475084682484489,3,Sample 2,Cell type 1
509,5.32785492554281,6.878061688170641,1,Sample 1,Cell type 2
510,-4.349979342084642,8.156059834722134,0,Sample 1,Cell type 1
511,0.49563323665161796,-5.761401885471281,5,Sample 2,Cell type 3
512,-5.30330219278999,6.908203523783586,0,Sample 1,Cell type 1
513,1.6506243248516745,-7.746150913805395,5,Sample 2,Cell type 3
514,-0.08920706171435497,-7.715040996547524,2,Sample 1,Cell type 3
515,5.96033112635554,6.545552388688359,1,Sample 1,Cell type 2
516,4.485185415695885,7.813339914330466,1,Sample 1,Cell type 2
517,-4.1466602483286765,8.006504284222014,0,Sample 1,Cell type 1
518,5.396910309047231,7.377190653047469,4,Sample 2,Cell type 2
519,-5.045895825784771,5.792770104269605,3,Sample 2,Cell type 1
520,-4.6696548365795,6.620088169622296,0,Sample 1,Cell type 1
521,0.7143630960870154,-5.607371650492606,2,Sample 1,Cell type 3
522,3.1682653154679143,-6.655170997383946,5,Sample 2,Cell type 3
523,-4.174524368425092,5.882619513435898,0,Sample 1,Cell type 1
524,-3.425266061222687,6.944870225280288,3,Sample 2,Cell type 1
525,-3.6157915988752602,6.226981671481116,3,Sample 2,Cell type 1
526,-0.8818337198691387,-6.525980203511117,2,Sample 1,Cell type 3
527,-3.67981131557858,7.232390135968879,3,Sample 2,Cell type 1
528,-4.599266249900495,6.289023616026634,0,Sample 1,Cell type 1
529,0.3604827302900311,-8.566920883491207,2,Sample 1,Cell type 3
530,1.345882171360272,-7.644813332443452,5,Sample 2,Cell type 3
531,-4.069468998276032,7.079254260681145,0,Sample 1,Cell type 1
532,-0.09298323449756654,-6.8992972653290545,2,Sample 1,Cell type 3
533,-3.9457291888664496,5.455125946140567,3,Sample 2,Cell type 1
534,-3.785725089706933,6.412239835364796,3,Sample 2,Cell type 1
535,5.530867880888981,6.575250109262374,4,Sample 2,Cell type 2
536,4.584759757008481,7.364464938179281,4,Sample 2,Cell type 2
537,1.951381169004628,-6.537271693922082,5,Sample 2,Cell type 3
538,-4.126951903524585,7.558378308591217,0,Sample 1,Cell type 1
539,6.058669395822509,7.846083728410559,4,Sample 2,Cell type 2
540,-4.142334300643519,6.340819076428265,3,Sample 2,Cell type 1
541,5.578774650323165,6.652207021140209,4,Sample 2,Cell type 2
542,-3.775399334125042,8.046077293223329,0,Sample 1,Cell type 1
543,5.685294161804275,6.461133451383144,4,Sample 2,Cell type 2
544,5.738661401992765,7.170869491596623,4,Sample 2,Cell type 2
545,4.686593480764943,6.333139664266674,1,Sample 1,Cell type 2
546,-3.7637760475033053,6.4498684994710755,3,Sample 2,Cell type 1
547,0.532333458953423,-5.518093862694476,2,Sample 1,Cell type 3
548,6.159688334722226,7.946411449882656,4,Sample 2,Cell type 2
549,-4.266937860238015,7.3482585925838695,0,Sample 1,Cell type 1
550,-4.229299096604542,7.401292553414674,0,Sample 1,Cell type 1
551,-6.245265518927801,6.728575683092745,0,Sample 1,Cell type 1
552,-5.138101839952656,7.777995761854814,0,Sample 1,Cell type 1
553,5.054414403145425,7.867846754942632,4,Sample 2,Cell type 2
554,5.351600984496181,7.694217014675167,1,Sample 1,Cell type 2
555,-1.323909948982637,-7.839104848089047,2,Sample 1,Cell type 3
556,1.1442359044027555,-7.722962330992951,5,Sample 2,Cell type 3
557,5.226630297236913,6.863943832902214,1,Sample 1,Cell type 2
558,5.3623091470200155,7.103807610848614,4,Sample 2,Cell type 2
559,-4.346219106870711,7.706122585580528,3,Sample 2,Cell type 1
560,-5.4459934280062665,5.975225428202213,0,Sample 1,Cell type 1
561,5.861896692567332,7.582009523769717,4,Sample 2,Cell type 2
562,5.4845277863824125,4.879755646955497,4,Sample 2,Cell type 2
563,-4.433513058649128,7.836429665301143,0,Sample 1,Cell type 1
564,4.6743709496585755,7.620122577430836,1,Sample 1,Cell type 2
565,-4.172768416280186,7.821049805871016,3,Sample 2,Cell type 1
566,4.805192177397485,5.371909745704944,4,Sample 2,Cell type 2
567,6.109277916471002,7.091376034243293,4,Sample 2,Cell type 2
568,7.3636736746379015,6.18457784525838,4,Sample 2,Cell type 2
569,-3.1231440740180814,7.4113248585295635,3,Sample 2,Cell type 1
570,6.143697818105538,8.147185908227407,4,Sample 2,Cell type 2
571,-3.7950635154445775,8.025716616607177,3,Sample 2,Cell type 1
572,5.258534171347825,6.952985742826541,1,Sample 1,Cell type 2
573,-0.03922347267042939,-7.19935587670134,2,Sample 1,Cell type 3
574,-5.588423954071813,8.059942352033826,0,Sample 1,Cell type 1
575,-0.07311964600729157,-7.135770610157844,2,Sample 1,Cell type 3
576,-4.76702276494942,5.989060860312898,3,Sample 2,Cell type 1
577,-0.8829358628242954,-7.335699191327522,2,Sample 1,Cell type 3
578,5.567561453711232,6.722678715409601,1,Sample 1,Cell type 2
579,0.38882903153410964,-8.308911003016167,2,Sample 1,Cell type 3
580,-3.6634402951852167,6.608731190399307,3,Sample 2,Cell type 1
581,5.0179727142496375,7.508763104005643,1,Sample 1,Cell type 2
582,-5.203981773936684,8.274262202731627,0,Sample 1,Cell type 1
583,-4.308538104782278,7.41866992873852,3,Sample 2,Cell type 1
584,4.345440893262154,7.068368245936714,1,Sample 1,Cell type 2
585,-4.244151076384601,7.908597247455987,3,Sample 2,Cell type 1
586,-0.5847650205723787,-6.46473033192658,2,Sample 1,Cell type 3
587,0.14776837982486665,-6.320735381856951,2,Sample 1,Cell type 3
588,0.7100031739312476,-6.462390488416293,2,Sample 1,Cell type 3
589,-4.765542021361055,6.499586677444381,0,Sample 1,Cell type 1
590,-0.6893624562050066,-7.04704262853421,2,Sample 1,Cell type 3
591,-3.406032869125904,6.560997778204705,3,Sample 2,Cell type 1
592,6.25597215291613,5.94551309145494,4,Sample 2,Cell type 2
593,-4.684438286097363,6.734280227209265,0,Sample 1,Cell type 1
594,-0.05175088402601479,-7.012768533453063,2,Sample 1,Cell type 3
595,-4.254998652196907,6.2472183330319995,3,Sample 2,Cell type 1
596,0.41780050881422287,-7.149400009019799,2,Sample 1,Cell type 3
597,-3.5849030556479025,7.467711828687532,3,Sample 2,Cell type 1
598,4.616930035193277,6.380847200630979,1,Sample 1,Cell type 2
599,0.27972003783975496,-8.32291002895512,2,Sample 1,Cell type 3
600,0.6513682163010912,-7.744227423168683,5,Sample 2,Cell type 3
601,-5.200177489157549,6.4479981776091275,3,Sample 2,Cell type 1
602,0.5202880041430371,-6.741505412616028,5,Sample 2,Cell type 3
603,-0.9625606843113156,-7.904703341659958,2,Sample 1,Cell type 3
604,0.9437801666885681,-6.91578170710279,2,Sample 1,Cell type 3
605,-1.6514736781377772,6.212405386087159,3,Sample 2,Cell type 1
606,6.374360337705482,6.134843246748056,4,Sample 2,Cell type 2
607,5.272984263353621,8.418687679548237,4,Sample 2,Cell type 2
608,-1.538511703855597,8.159160532009725,3,Sample 2,Cell type 1
609,-4.786359787304593,7.782772448364225,0,Sample 1,Cell type 1
610,3.0790583200596657,-8.450317260559904,5,Sample 2,Cell type 3
611,2.0931115294835507,-7.661257175613348,5,Sample 2,Cell type 3
612,-5.195325308232519,7.842337546496161,0,Sample 1,Cell type 1
613,-3.083177939989268,4.801062658747572,3,Sample 2,Cell type 1
614,-5.605080596227443,5.933264844187336,0,Sample 1,Cell type 1
615,4.995523184936763,7.606061136339486,1,Sample 1,Cell type 2
616,5.680718369734378,6.961170381145958,1,Sample 1,Cell type 2
617,-4.740732824484164,6.763001987532422,0,Sample 1,Cell type 1
618,-3.6863878718909047,7.878921483339583,0,Sample 1,Cell type 1
619,7.372726104906156,6.993047504868977,4,Sample 2,Cell type 2
620,-0.7961187854827037,-7.216270341574009,2,Sample 1,Cell type 3
621,-4.080380576457364,7.025155249464242,3,Sample 2,Cell type 1
622,0.9455128743679693,-6.686341337666359,2,Sample 1,Cell type 3
623,-4.644944457483017,7.690775054608945,0,Sample 1,Cell type 1
624,1.858033439658207,-5.928059682236059,5,Sample 2,Cell type 3
625,-3.4457847745209116,7.9557342649012455,3,Sample 2,Cell type 1
626,5.67115240037569,6.577265262627937,1,Sample 1,Cell type 2
627,-3.4282198936668884,7.099278653442858,0,Sample 1,Cell type 1
628,0.17624300829355155,-7.458281510763143,5,Sample 2,Cell type 3
629,5.771881306477966,8.36353407070406,1,Sample 1,Cell type 2
630,5.44046836790137,7.200426633229278,4,Sample 2,Cell type 2
631,3.906497041267663,6.891255490351329,1,Sample 1,Cell type 2
632,2.147447735481661,-6.843264137157021,5,Sample 2,Cell type 3
633,1.3533300513488484,-8.218051831713659,5,Sample 2,Cell type 3
634,-0.05037482395781834,-6.7558876311739535,5,Sample 2,Cell type 3
635,-0.5565559017576512,-7.8055693985987356,2,Sample 1,Cell type 3
636,-0.04941135988810314,-6.687514597396625,2,Sample 1,Cell type 3
637,1.404380558652392,-5.81265203169359,2,Sample 1,Cell type 3
638,-4.720472282028849,6.16483985085128,3,Sample 2,Cell type 1
639,7.240996213142184,7.776897005944848,4,Sample 2,Cell type 2
640,2.0484847302507707,-6.134186234529828,5,Sample 2,Cell type 3
641,-4.303100237254646,6.810248986131203,0,Sample 1,Cell type 1
642,4.838806772841986,7.065850759681909,1,Sample 1,Cell type 2
643,3.0489462733788564,6.9636444821164325,1,Sample 1,Cell type 2
644,-0.1021237452145521,-7.519553921343324,2,Sample 1,Cell type 3
645,5.519691445703115,7.182790763517756,4,Sample 2,Cell type 2
646,4.855686654590074,8.1693465916067,1,Sample 1,Cell type 2
647,5.246440431603282,6.757748957928043,1,Sample 1,Cell type 2
648,0.2530866572289158,-7.779266760764854,2,Sample 1,Cell type 3
649,-4.532337838503569,7.6485906002159885,3,Sample 2,Cell type 1
650,-4.694608769278666,7.149318446340121,3,Sample 2,Cell type 1
651,-3.776732913323852,7.304318753211054,3,Sample 2,Cell type 1
652,4.331885678695982,8.742698789221294,1,Sample 1,Cell type 2
653,-3.328268908455049,5.985053779991928,3,Sample 2,Cell type 1
654,5.095664294731322,6.292612659160231,1,Sample 1,Cell type 2
655,-3.3993017764789344,7.594612633549972,3,Sample 2,Cell type 1
656,4.08501903414347,7.157915576486694,1,Sample 1,Cell type 2
657,-3.8361928940785726,7.683770435449968,3,Sample 2,Cell type 1
658,-4.524550175569155,6.88249881598014,3,Sample 2,Cell type 1
659,-6.062548839118745,7.228556800560774,0,Sample 1,Cell type 1
660,5.025603319252613,6.468333515588529,1,Sample 1,Cell type 2
661,5.214939250786028,5.94721425672347,4,Sample 2,Cell type 2
662,-0.02847929124221782,-8.363744988638942,5,Sample 2,Cell type 3
663,-5.352537302085162,6.28826817517219,3,Sample 2,Cell type 1
664,-0.3868491870772297,-7.560801345589332,2,Sample 1,Cell type 3
665,-5.898177617249839,7.376995608812716,0,Sample 1,Cell type 1
666,2.234189093823821,-6.8762877501560595,5,Sample 2,Cell type 3
667,0.9743620046690292,-7.044248049954605,5,Sample 2,Cell type 3
668,5.845356618841624,8.248335877921392,4,Sample 2,Cell type 2
669,-3.5602534509677923,8.512211891278666,3,Sample 2,Cell type 1
670,-3.9798313059679344,5.836573229511179,3,Sample 2,Cell type 1
671,6.292315393540113,7.039738119511268,4,Sample 2,Cell type 2
672,1.2624944460497476,-6.282708063373301,2,Sample 1,Cell type 3
673,4.613805182254374,6.308404925258506,1,Sample 1,Cell type 2
674,1.3092689839241538,-5.983629732373631,5,Sample 2,Cell type 3
675,2.0512599852196836,-7.830066768079876,5,Sample 2,Cell type 3
676,6.894905867323369,7.081502511367037,4,Sample 2,Cell type 2
677,-3.194274239522665,7.485463632978637,3,Sample 2,Cell type 1
678,-1.6147902915109105,-6.95501681509797,2,Sample 1,Cell type 3
679,0.4278538690767282,-6.087883409874226,2,Sample 1,Cell type 3
680,0.49748048019548596,-6.041962102269048,5,Sample 2,Cell type 3
681,8.223970899378845,6.240674727874092,4,Sample 2,Cell type 2
682,4.476739453498061,5.60656149438031,1,Sample 1,Cell type 2
683,-4.126644382407731,6.923984697338108,3,Sample 2,Cell type 1
684,-0.29748630582293245,-7.65383710920975,2,Sample 1,Cell type 3
685,-3.4476218511027894,7.283561406403503,3,Sample 2,Cell type 1
686,0.46872336093171935,-7.660483920623573,2,Sample 1,Cell type 3
687,-4.7786473605359845,7.732814411094295,0,Sample 1,Cell type 1
688,1.655791773806476,-7.227445926734255,5,Sample 2,Cell type 3
689,-0.6547429327536012,-5.845173632122982,2,Sample 1,Cell type 3
690,0.26708797325482775,-5.9259743864005285,2,Sample 1,Cell type 3
691,-2.9673932607020577,9.141394990690024,3,Sample 2,Cell type 1
692,5.554783129531195,6.757457699930172,1,Sample 1,Cell type 2
693,0.2576658486135884,-7.079941415024357,2,Sample 1,Cell type 3
694,5.3197503614021135,6.549982296832012,1,Sample 1,Cell type 2
695,1.3763863969032852,-5.493192228599716,5,Sample 2,Cell type 3
696,5.090616328430212,5.920445429211582,1,Sample 1,Cell type 2
697,-4.680621501915777,7.588824563627668,0,Sample 1,Cell type 1
698,0.9669669105722708,-8.250669961504064,5,Sample 2,Cell type 3
699,-0.9409386692438245,-6.6810195741961005,2,Sample 1,Cell type 3
700,-2.725864001373693,7.086543068514879,3,Sample 2,Cell type 1
701,1.408950499893899,-7.071318749954895,2,Sample 1,Cell type 3
702,-4.991717904125296,6.021598825985348,0,Sample 1,Cell type 1
703,1.0144378019745794,-6.102528169831718,5,Sample 2,Cell type 3
704,-0.22750771968520747,-5.798602153771196,2,Sample 1,Cell type 3
705,-5.057608097264267,7.873894130179095,0,Sample 1,Cell type 1
706,7.353877257970564,7.186528989246305,4,Sample 2,Cell type 2
707,-0.9234901345863875,-8.47253085726685,2,Sample 1,Cell type 3
708,-3.3017405191954925,6.298142433169142,3,Sample 2,Cell type 1
709,7.101744749203649,7.8870970173871475,4,Sample 2,Cell type 2
710,6.941373189076418,7.417435672154032,1,Sample 1,Cell type 2
711,0.5431575902097864,-7.720989691015411,2,Sample 1,Cell type 3
712,6.335923603481125,7.38680503572386,1,Sample 1,Cell type 2
713,6.871629266461312,8.963394029465455,4,Sample 2,Cell type 2
714,4.74548454926396,7.436838262819487,4,Sample 2,Cell type 2
715,-0.2239946414995838,-8.094292400841304,2,Sample 1,Cell type 3
716,1.5659661686915047,-6.449522457981613,5,Sample 2,Cell type 3
717,-4.066172019117195,7.265541193994035,3,Sample 2,Cell type 1
718,-6.999524571898858,8.903821869938069,0,Sample 1,Cell type 1
719,0.1224999364928111,-6.413414949439454,5,Sample 2,Cell type 3
720,-0.665563933995561,-7.581693993088271,2,Sample 1,Cell type 3
721,4.930745199748064,8.140393698072662,4,Sample 2,Cell type 2
722,-4.955420070169044,7.946421026642234,0,Sample 1,Cell type 1
723,-3.914044500527286,7.380964996371867,3,Sample 2,Cell type 1
724,-6.620114069326085,7.2202312636810175,0,Sample 1,Cell type 1
725,5.970728020525655,7.5987878103313715,4,Sample 2,Cell type 2
726,5.395239434646464,7.359421152899694,4,Sample 2,Cell type 2
727,0.6911097791310867,-6.258891098414031,5,Sample 2,Cell type 3
728,-4.488686111844053,7.474654416971889,3,Sample 2,Cell type 1
729,0.20253219043038495,-6.414792601775511,2,Sample 1,Cell type 3
730,-0.07239091309314949,-7.32692883417648,5,Sample 2,Cell type 3
731,-4.471289706224901,6.322590772855535,3,Sample 2,Cell type 1
732,-0.08853229484586356,-7.788381593717642,2,Sample 1,Cell type 3
733,5.682307734745717,7.037890389466157,4,Sample 2,Cell type 2
734,5.606434476104414,8.13351332305505,4,Sample 2,Cell type 2
735,0.22480740022544504,-8.777144312789344,2,Sample 1,Cell type 3
736,5.1604553577847545,7.9899776914084475,1,Sample 1,Cell type 2
737,-5.510191987401052,6.646270247864021,0,Sample 1,Cell type 1
738,5.869837038744727,6.374113387859371,4,Sample 2,Cell type 2
739,0.48259800045711504,-6.832541039073055,2,Sample 1,Cell type 3
740,0.4091996602894892,-5.522944579817292,2,Sample 1,Cell type 3
741,1.224156159090681,-6.539126082024083,2,Sample 1,Cell type 3
742,3.796223700775198,7.679112582817158,1,Sample 1,Cell type 2
743,4.427555286818796,6.601375595369357,4,Sample 2,Cell type 2
744,4.389371116657134,7.101418080223557,1,Sample 1,Cell type 2
745,6.234830023974912,7.270601962013509,4,Sample 2,Cell type 2
746,-4.831186026237905,6.993697322369162,0,Sample 1,Cell type 1
747,5.156931603708523,7.413319327987798,4,Sample 2,Cell type 2
748,4.842129263754139,6.950049184942666,1,Sample 1,Cell type 2
749,-5.5615933502454045,6.540747077824717,0,Sample 1,Cell type 1
750,5.237260436112609,7.4416156480795435,1,Sample 1,Cell type 2
751,5.654163856714136,8.089239599042488,4,Sample 2,Cell type 2
752,-0.5021871248676045,-7.3014989110031365,2,Sample 1,Cell type 3
753,8.478639547257007,6.864527701440328,4,Sample 2,Cell type 2
754,-5.63401659074616,6.979278658691956,0,Sample 1,Cell type 1
755,-3.344501385488475,7.410179397820665,3,Sample 2,Cell type 1
756,5.914422824113216,8.624864287670515,4,Sample 2,Cell type 2
757,0.999603920564927,-8.137289729849195,2,Sample 1,Cell type 3
758,7.094463480390881,7.171788922581443,4,Sample 2,Cell type 2
759,4.51005010028765,7.360270632030357,1,Sample 1,Cell type 2
760,5.068714405034664,5.295627513667448,1,Sample 1,Cell type 2
761,-4.397225388385575,6.148273871077649,3,Sample 2,Cell type 1
762,0.807577430876775,-7.747020962740272,2,Sample 1,Cell type 3
763,-4.977004141652146,8.093829301951315,0,Sample 1,Cell type 1
764,5.068254514052019,6.424455234552735,1,Sample 1,Cell type 2
765,5.2153015529960856,6.796513991467547,1,Sample 1,Cell type 2
766,-3.4027109083182743,7.331530065295132,3,Sample 2,Cell type 1
767,7.510749551691405,6.93967422383985,4,Sample 2,Cell type 2
768,-3.483529830260645,7.086572802023896,3,Sample 2,Cell type 1
769,3.779474948343924,8.081135094607221,1,Sample 1,Cell type 2
770,-0.17197979688391118,-7.605831740548018,5,Sample 2,Cell type 3
771,1.1960914274980943,-6.489632574744032,5,Sample 2,Cell type 3
772,6.638280561105711,5.572314768701782,4,Sample 2,Cell type 2
773,-0.7748559727608797,-5.136045588414705,5,Sample 2,Cell type 3
774,-3.548126113119902,8.379706056774127,3,Sample 2,Cell type 1
775,-4.792221998622814,6.3476145117819485,0,Sample 1,Cell type 1
776,-4.368935785627695,7.676319551795988,3,Sample 2,Cell type 1
777,5.020310736433928,5.53532928690735,1,Sample 1,Cell type 2
778,-4.82229298269303,6.688068914534694,0,Sample 1,Cell type 1
779,0.9975133724277756,-7.1206710193583005,2,Sample 1,Cell type 3
780,8.057596253995975,5.2715218485048645,4,Sample 2,Cell type 2
781,-3.9987047749144473,7.402886124496508,3,Sample 2,Cell type 1
782,0.4168325999734702,-7.2222792500114545,5,Sample 2,Cell type 3
783,-4.2522373242289,6.318249651332373,3,Sample 2,Cell type 1
784,6.025315036003015,7.517220660445576,1,Sample 1,Cell type 2
785,5.441181020191618,7.343539184985873,1,Sample 1,Cell type 2
786,0.6397972897773828,-7.675871027430759,5,Sample 2,Cell type 3
787,-4.481849169519446,8.289491696991895,0,Sample 1,Cell type 1
788,6.025193249809597,7.623126752934765,4,Sample 2,Cell type 2
789,-4.94313879303866,6.895332249984707,3,Sample 2,Cell type 1
790,-0.5360921603633864,-6.133693480092548,2,Sample 1,Cell type 3
791,-5.241209799247144,7.600709279672254,3,Sample 2,Cell type 1
792,-4.951815832047179,9.041661501853705,0,Sample 1,Cell type 1
793,5.293985332379443,6.820244062927557,1,Sample 1,Cell type 2
794,-5.471491805555369,7.7507494894822955,0,Sample 1,Cell type 1
795,5.1347687810156915,8.125145840351843,1,Sample 1,Cell type 2
796,5.663579873545399,6.916006900847233,1,Sample 1,Cell type 2
797,0.8389657011332509,-5.746742121394839,2,Sample 1,Cell type 3
798,-6.285157056206058,7.233838720559254,0,Sample 1,Cell type 1
799,-4.4781416972692645,5.809954086278076,0,Sample 1,Cell type 1
800,-0.4353148089588803,-6.639256201602802,5,Sample 2,Cell type 3
801,4.571737451236862,6.998641186022147,1,Sample 1,Cell type 2
802,-4.048322983357527,7.973292012372594,3,Sample 2,Cell type 1
803,5.34955053579708,8.02358483169455,1,Sample 1,Cell type 2
804,6.351562152366393,8.085436201547946,4,Sample 2,Cell type 2
805,6.4563369386886365,6.805922714840273,4,Sample 2,Cell type 2
806,5.410096077201633,6.403719932879376,4,Sample 2,Cell type 2
807,5.3830397603605675,5.651892118975772,4,Sample 2,Cell type 2
808,5.2430548764839005,7.64831781596639,1,Sample 1,Cell type 2
809,0.3764997397919063,-7.592578677890581,5,Sample 2,Cell type 3
810,-0.46451864204316085,-7.560176009776378,2,Sample 1,Cell type 3
811,-1.1108340430649688,-8.351284695468443,2,Sample 1,Cell type 3
812,-4.384667031609584,7.628002209592907,3,Sample 2,Cell type 1
813,-5.115596055087409,7.914181053702182,3,Sample 2,Cell type 1
814,0.497655992244839,-6.007921156237147,2,Sample 1,Cell type 3
815,-5.050143277818537,7.835181668266467,0,Sample 1,Cell type 1
816,6.627317133082799,6.352646030805909,4,Sample 2,Cell type 2
817,5.230954903423886,7.279325282882452,1,Sample 1,Cell type 2
818,-0.7802928218226,-6.028261466317668,2,Sample 1,Cell type 3
819,5.159023976173998,5.0456523588648245,4,Sample 2,Cell type 2
820,-4.384518353190593,9.102573110091765,3,Sample 2,Cell type 1
821,6.440408945208683,8.062224894217024,1,Sample 1,Cell type 2
822,-4.857839199253397,6.002792324897395,0,Sample 1,Cell type 1
823,-3.672291105052805,7.356646019279016,3,Sample 2,Cell type 1
824,4.016360324438066,7.468427190454693,1,Sample 1,Cell type 2
825,-6.126009355774257,6.448814461792775,0,Sample 1,Cell type 1
826,-3.3617249760833867,5.58359839453743,3,Sample 2,Cell type 1
827,1.8465360750592814,-6.69465993396263,5,Sample 2,Cell type 3
828,-4.828725004695837,6.074476788895885,0,Sample 1,Cell type 1
829,0.9784664536762601,-7.2781513321613405,2,Sample 1,Cell type 3
830,4.535581240156222,7.5419305354019635,1,Sample 1,Cell type 2
831,-0.04312387920459133,-7.8569106761673275,2,Sample 1,Cell type 3
832,-5.7859899148306475,6.891361291867856,0,Sample 1,Cell type 1
833,-5.977702247113556,7.641466556003386,0,Sample 1,Cell type 1
834,-4.846360706807975,6.8237746405034745,0,Sample 1,Cell type 1
835,-4.832909123996195,5.503331712761655,0,Sample 1,Cell type 1
836,-5.995090588313028,6.516743653628749,0,Sample 1,Cell type 1
837,6.187292822828772,7.355558490894003,1,Sample 1,Cell type 2
838,5.012494667159682,7.7928895508947935,1,Sample 1,Cell type 2
839,5.575806353718545,6.036449445568545,1,Sample 1,Cell type 2
840,6.765843858074825,6.986195303592339,4,Sample 2,Cell type 2
841,6.26531813370061,6.233341756913264,4,Sample 2,Cell type 2
842,4.321892857104732,6.549396700991027,1,Sample 1,Cell type 2
843,-4.96959721746544,7.167092873240085,0,Sample 1,Cell type 1
844,-5.032449137556975,6.956460679574121,3,Sample 2,Cell type 1
845,6.1284715465374076,8.160773734813539,4,Sample 2,Cell type 2
846,-0.19048834904964326,-7.034265614062856,2,Sample 1,Cell type 3
847,-4.490870084290235,7.228060564398852,3,Sample 2,Cell type 1
848,1.06393221099203,-6.81432376232495,5,Sample 2,Cell type 3
849,-5.104478964719721,6.722143458659487,3,Sample 2,Cell type 1
850,4.920181544495015,8.485603246313303,4,Sample 2,Cell type 2
851,6.232962204110426,6.780209175933452,4,Sample 2,Cell type 2
852,-5.374160961049514,7.348270917250048,0,Sample 1,Cell type 1
853,-0.22995801552028447,-6.841204688343068,2,Sample 1,Cell type 3
854,1.494688453007732,-5.906587428459637,5,Sample 2,Cell type 3
855,-4.858950927134202,7.135933846186134,3,Sample 2,Cell type 1
856,6.350863432736804,5.975046509973932,4,Sample 2,Cell type 2
857,5.613106288355651,7.744492431692686,4,Sample 2,Cell type 2
858,-6.008707163468037,7.805357369509297,0,Sample 1,Cell type 1
859,-4.222035405052441,8.104086883078178,3,Sample 2,Cell type 1
860,4.744121981396125,7.1924742056644675,1,Sample 1,Cell type 2
861,0.29411943439313726,-8.751089017986775,2,Sample 1,Cell type 3
862,0.18721956348251836,-7.269890706325035,2,Sample 1,Cell type 3
863,-3.621569374271828,6.554610154237159,3,Sample 2,Cell type 1
864,-1.0796609692412258,-7.403238826189693,2,Sample 1,Cell type 3
865,6.735897212763544,7.886206403937394,4,Sample 2,Cell type 2
866,-4.912484164316085,7.651681110984429,0,Sample 1,Cell type 1
867,4.518230351710575,7.446087216725495,1,Sample 1,Cell type 2
868,1.1178384003112671,-7.6154630500767135,5,Sample 2,Cell type 3
869,5.184056607353122,7.469262283138591,1,Sample 1,Cell type 2
870,-5.175737510270009,7.3567578690748725,0,Sample 1,Cell type 1
871,0.25837960289413453,-7.119870989349782,2,Sample 1,Cell type 3
872,0.37323624916010156,-5.994087206903277,2,Sample 1,Cell type 3
873,1.0073865918294391,-6.153915115544893,2,Sample 1,Cell type 3
874,3.41656015169937,7.669396016759503,1,Sample 1,Cell type 2
875,-5.3508041504548,6.175029873889578,3,Sample 2,Cell type 1
876,0.9903651576320548,-7.967681932422475,5,Sample 2,Cell type 3
877,-3.132641404765166,7.239310244043072,3,Sample 2,Cell type 1
878,-3.7363422834154303,6.652779790142861,0,Sample 1,Cell type 1
879,5.38778625383558,6.393982487872776,1,Sample 1,Cell type 2
880,4.126452879683749,7.783265812534682,1,Sample 1,Cell type 2
881,-0.09766334981569136,-6.1271141078347044,5,Sample 2,Cell type 3
882,5.348481450042941,8.271742236089779,4,Sample 2,Cell type 2
883,5.8590931971592175,4.751456707970689,4,Sample 2,Cell type 2
884,0.6916054072701134,-8.728169555336002,5,Sample 2,Cell type 3
885,7.066041174132103,7.814213422691248,4,Sample 2,Cell type 2
886,5.844845447252841,7.249658943168804,1,Sample 1,Cell type 2
887,0.03306050581649477,-6.716666107507575,2,Sample 1,Cell type 3
888,4.1302032489097575,6.2024077087573275,1,Sample 1,Cell type 2
889,-6.977315600101831,6.433551607489094,0,Sample 1,Cell type 1
890,5.671180050797462,7.888366199123906,4,Sample 2,Cell type 2
891,-3.7981143583231773,7.130343636201296,0,Sample 1,Cell type 1
892,-3.230410248742527,6.881458235855373,3,Sample 2,Cell type 1
893,-3.9929730760814817,6.8809211582966885,3,Sample 2,Cell type 1
894,-5.301603936693399,8.68913999632106,3,Sample 2,Cell type 1
895,4.558513483286043,9.117627240400077,1,Sample 1,Cell type 2
896,5.545641652570096,8.260864736134216,1,Sample 1,Cell type 2
897,-5.114188377733598,7.043427312702304,3,Sample 2,Cell type 1
898,-0.04192356046197557,-5.707783398861082,2,Sample 1,Cell type 3
899,2.157250633001094,-7.438955221717587,5,Sample 2,Cell type 3
900,4.831095808937844,6.281324190144528,1,Sample 1,Cell type 2
901,1.3696322272143142,-8.469177019728084,2,Sample 1,Cell type 3
902,0.3300754197476069,-8.75657910356634,5,Sample 2,Cell type 3
903,2.8939314912216973,-7.373279721883457,5,Sample 2,Cell type 3
904,-5.465344731158915,6.259262427311182,0,Sample 1,Cell type 1
905,-4.430116606223853,7.595390875745665,3,Sample 2,Cell type 1
906,7.628698828145434,7.44625027438425,4,Sample 2,Cell type 2
907,5.011418454269148,6.307916276348159,1,Sample 1,Cell type 2
908,-1.6672903515988708,-5.691310492056589,2,Sample 1,Cell type 3
909,1.855033857115434,-8.09986757707867,5,Sample 2,Cell type 3
910,4.12829357012609,6.443258285363313,1,Sample 1,Cell type 2
911,6.107333132796675,7.4137414523940555,4,Sample 2,Cell type 2
912,-0.17797991742261232,-5.433578055289829,2,Sample 1,Cell type 3
913,7.113631001269673,7.159971312102686,4,Sample 2,Cell type 2
914,1.0257145175716487,-8.451684711715535,5,Sample 2,Cell type 3
915,0.1208669962174449,-6.521126407764272,5,Sample 2,Cell type 3
916,-4.4138879382275364,7.00649454777861,0,Sample 1,Cell type 1
917,-3.4632710013784997,7.5541002280877905,3,Sample 2,Cell type 1
918,0.848245205238074,-6.391400187028181,5,Sample 2,Cell type 3
919,0.7527470106093919,-6.747209084818861,5,Sample 2,Cell type 3
920,-0.14045115639937242,-6.53614396805915,2,Sample 1,Cell type 3
921,1.5265144288020507,-7.38729465027842,5,Sample 2,Cell type 3
922,6.416604896286969,6.808822643964257,4,Sample 2,Cell type 2
923,0.5977049970632353,-6.127975062235924,5,Sample 2,Cell type 3
924,5.952276550406247,5.709735125235542,4,Sample 2,Cell type 2
925,0.337236866829249,-6.857613094829154,2,Sample 1,Cell type 3
926,5.388650570689723,7.7720069572199355,4,Sample 2,Cell type 2
927,-4.310677550640927,6.826572523010825,3,Sample 2,Cell type 1
928,6.02540756526516,7.131606644356184,4,Sample 2,Cell type 2
929,4.180650540536636,8.554341864932827,1,Sample 1,Cell type 2
930,0.953365997685652,-7.138042179744845,2,Sample 1,Cell type 3
931,0.33925348921476095,-7.039510173272884,2,Sample 1,Cell type 3
932,1.179141499157285,-8.628288040952567,5,Sample 2,Cell type 3
933,-0.1887759897687773,-6.475719243613447,2,Sample 1,Cell type 3
934,-1.7905849866599777,-8.767627933973529,2,Sample 1,Cell type 3
935,0.537232216898935,-7.133063251779866,5,Sample 2,Cell type 3
936,6.031802203266197,7.609612892881442,1,Sample 1,Cell type 2
937,-4.202986544442288,6.676062545336426,0,Sample 1,Cell type 1
938,-4.901996879162431,7.973395006468331,3,Sample 2,Cell type 1
939,4.855335038700263,6.689824770718656,4,Sample 2,Cell type 2
940,-3.593113301413246,6.726820355901761,3,Sample 2,Cell type 1
941,4.485160134146031,7.895036465930405,1,Sample 1,Cell type 2
942,-5.207673081090884,5.8685534493709905,0,Sample 1,Cell type 1
943,-4.090784516705713,7.248314590764844,3,Sample 2,Cell type 1
944,4.127680738045723,8.199813715662492,1,Sample 1,Cell type 2
945,0.645928565780675,-7.064885497324928,5,Sample 2,Cell type 3
946,-4.099428621729949,6.9019604280111,3,Sample 2,Cell type 1
947,-5.511169398151602,6.012595977139477,0,Sample 1,Cell type 1
948,6.527625175671311,8.484277252127583,4,Sample 2,Cell type 2
949,5.451160194371856,6.5772980145471065,4,Sample 2,Cell type 2
950,-4.512865013230685,7.5983112869962115,3,Sample 2,Cell type 1
951,1.237781777268069,-5.7372623384658485,5,Sample 2,Cell type 3
952,-5.489214242393558,5.945738934386897,0,Sample 1,Cell type 1
953,-5.7885808370684355,7.474305024279751,0,Sample 1,Cell type 1
954,-0.42516364108737204,-8.32535535215784,2,Sample 1,Cell type 3
955,-0.15575783689334535,-7.122418353552273,2,Sample 1,Cell type 3
956,-0.8133465028611978,-7.266332190804836,2,Sample 1,Cell type 3
957,-0.035914424098029585,-6.925066987386105,2,Sample 1,Cell type 3
958,0.6876730093756231,-6.658152580196372,5,Sample 2,Cell type 3
959,5.602673296883626,7.375994519771698,1,Sample 1,Cell type 2
960,-4.1057092711212375,6.652082769648338,3,Sample 2,Cell type 1
961,-5.414089039228937,7.250098173176594,0,Sample 1,Cell type 1
962,6.673837861611123,7.089624594711375,4,Sample 2,Cell type 2
963,-4.073364819316101,6.360852202634643,3,Sample 2,Cell type 1
964,-4.8433237959218545,6.28836958977345,0,Sample 1,Cell type 1
965,5.677369766471249,7.138689398892935,4,Sample 2,Cell type 2
966,-4.235394004509166,8.156334520527862,3,Sample 2,Cell type 1
967,4.9684155302322495,7.117827396429996,4,Sample 2,Cell type 2
968,-4.099909508280054,7.083626048631682,3,Sample 2,Cell type 1
969,-4.706721403122521,6.319163982803591,0,Sample 1,Cell type 1
970,0.2722481692733325,-6.463467781852578,5,Sample 2,Cell type 3
971,-4.065774350672154,7.274604486506446,0,Sample 1,Cell type 1
972,-4.313501412309493,6.256856364603913,3,Sample 2,Cell type 1
973,5.595353577199949,6.926088473290993,1,Sample 1,Cell type 2
974,1.115448015548063,-8.538032425969023,5,Sample 2,Cell type 3
975,-4.23966092945116,6.609544887335553,0,Sample 1,Cell type 1
976,-3.68831638072641,5.294731004717375,3,Sample 2,Cell type 1
977,1.308568672425162,-7.718979891137002,5,Sample 2,Cell type 3
978,-5.559780406394069,7.242251740452853,0,Sample 1,Cell type 1
979,4.803150009496041,6.396470535612522,1,Sample 1,Cell type 2
980,-5.501573646230214,8.521026658263018,0,Sample 1,Cell type 1
981,-5.06868992333489,7.650377059317074,3,Sample 2,Cell type 1
982,0.423830383194568,-7.971591786105943,5,Sample 2,Cell type 3
983,0.35392692792136315,-7.249845816055027,5,Sample 2,Cell type 3
984,-2.777001719567273,7.00623104008808,3,Sample 2,Cell type 1
985,-4.752319133187482,6.622459086281587,3,Sample 2,Cell type 1
986,-3.3022750423898932,7.8970400203063935,0,Sample 1,Cell type 1
987,-3.631782700014157,7.226941684081586,3,Sample 2,Cell type 1
988,-5.735741934180561,6.115716290991644,3,Sample 2,Cell type 1
989,1.1643645496290422,-7.6915530955473885,5,Sample 2,Cell type 3
990,1.8601772329455328,-6.233246685017905,5,Sample 2,Cell type 3
991,1.1560615403380816,-6.641084848180332,5,Sample 2,Cell type 3
992,1.2477814233088018,-6.69046621840025,5,Sample 2,Cell type 3
993,-3.6047488648195842,4.787366481541962,3,Sample 2,Cell type 1
994,-3.8742976648072474,7.2120196698676295,3,Sample 2,Cell type 1
995,0.1831971139674722,-8.557388972984105,2,Sample 1,Cell type 3
996,-0.6596113292221388,-7.557939590457236,2,Sample 1,Cell type 3
997,1.192701405760326,-7.603622583780313,5,Sample 2,Cell type 3
998,7.115474677613628,5.868691549149353,1,Sample 1,Cell type 2
999,-1.9906618827303917,-7.597666541732554,2,Sample 1,Cell type 3
1000,-5.020443256793156,8.009251027272967,0,Sample 1,Cell type 1
1001,-0.059158052486714074,-7.432395392793174,2,Sample 1,Cell type 3
1002,1.7031711784565209,-6.686580937187598,5,Sample 2,Cell type 3
1003,-0.028691213823772044,-7.475459616221085,5,Sample 2,Cell type 3
1004,0.4503046881394839,-7.774919294667119,2,Sample 1,Cell type 3
1005,-7.157509314353257,7.027631918651226,0,Sample 1,Cell type 1
1006,5.351577096142699,7.756648241451704,4,Sample 2,Cell type 2
1007,-4.840752243541224,6.59089431013844,0,Sample 1,Cell type 1
1008,-4.739093582206306,6.070176950757233,0,Sample 1,Cell type 1
1009,4.979540550246404,5.655807087954181,1,Sample 1,Cell type 2
1010,-0.7758223579614807,-8.190813015651624,5,Sample 2,Cell type 3
1011,4.372987467530883,6.518634970012468,1,Sample 1,Cell type 2
1012,-5.187245331939469,6.904293243433149,3,Sample 2,Cell type 1
1013,-5.572242967407974,7.614746011013216,0,Sample 1,Cell type 1
1014,6.17471119003534,8.102158552030517,4,Sample 2,Cell type 2
1015,-0.36489666197935056,-6.925926515774298,2,Sample 1,Cell type 3
1016,4.785175481675334,6.358114031533246,1,Sample 1,Cell type 2
1017,4.1977652842149284,7.339842350617936,4,Sample 2,Cell type 2
1018,3.559153812677809,6.636928772078258,1,Sample 1,Cell type 2
1019,6.552728765913754,6.715222341329083,4,Sample 2,Cell type 2
1020,-0.5479712937923769,-7.190557008385189,5,Sample 2,Cell type 3
1021,4.8556160691275,9.625553866141365,1,Sample 1,Cell type 2
1022,-2.9191416860694885,7.780020762733312,3,Sample 2,Cell type 1
1023,-6.3539717037718555,8.294708067433966,0,Sample 1,Cell type 1
1024,4.8214381962921555,8.26295856274714,1,Sample 1,Cell type 2
1025,0.47715291006540217,-7.578496490016998,2,Sample 1,Cell type 3
1026,1.2952131502601336,-6.971639255984795,5,Sample 2,Cell type 3
1027,5.399748088242347,7.448669628600895,1,Sample 1,Cell type 2
1028,4.98549055601975,6.936460504275442,4,Sample 2,Cell type 2
1029,5.312556736742516,6.0098901092166095,1,Sample 1,Cell type 2
1030,0.6682955929487755,-7.650509839231609,5,Sample 2,Cell type 3
1031,5.032641031008315,7.116461158502931,4,Sample 2,Cell type 2
1032,-3.6179654639194307,7.4201267476047015,0,Sample 1,Cell type 1
1033,1.351320106960334,-6.4045242668493305,5,Sample 2,Cell type 3
1034,5.497485008664658,7.150214841488583,4,Sample 2,Cell type 2
1035,1.2449076424822043,-7.255915441338194,5,Sample 2,Cell type 3
1036,6.48986577120201,6.2881970998745516,4,Sample 2,Cell type 2
1037,-4.792093764601261,7.696526109287324,0,Sample 1,Cell type 1
1038,2.3451939659344125,-7.778162927978059,5,Sample 2,Cell type 3
1039,1.559162457373937,-7.574298100828364,5,Sample 2,Cell type 3
1040,-0.652300502652897,-7.924055757384855,2,Sample 1,Cell type 3
1041,5.29768437808549,7.382395168399818,1,Sample 1,Cell type 2
1042,0.6893088995983553,-6.959819492942741,2,Sample 1,Cell type 3
1043,-3.3383076571473858,7.197447261666637,3,Sample 2,Cell type 1
1044,0.5871066865028522,-5.371422828002265,5,Sample 2,Cell type 3
1045,4.521991844246687,8.208963701224281,1,Sample 1,Cell type 2
1046,1.5780337414318466,-8.179858165784674,2,Sample 1,Cell type 3
1047,-3.9645129619875146,5.674501865577754,3,Sample 2,Cell type 1
1048,0.41114907722518856,-7.319817824946351,5,Sample 2,Cell type 3
1049,-0.5882427685455619,-6.493884352859601,2,Sample 1,Cell type 3
1050,4.6190233011642725,7.770579156435658,1,Sample 1,Cell type 2
1051,0.9335285378054535,-6.551962271142404,5,Sample 2,Cell type 3
1052,-4.4719138542044865,7.63001886267911,3,Sample 2,Cell type 1
1053,-4.303945815448997,7.467613322243559,0,Sample 1,Cell type 1
1054,6.501147737963155,7.007141049735436,4,Sample 2,Cell type 2
1055,0.6328985239800025,-7.885135633636176,5,Sample 2,Cell type 3
1056,0.44524249962700657,-8.13945306714539,2,Sample 1,Cell type 3
1057,5.721474082546149,7.0111265669707175,4,Sample 2,Cell type 2
1058,0.31503783857300127,-8.613205875341963,2,Sample 1,Cell type 3
1059,1.8127497788508449,-7.393771608640422,5,Sample 2,Cell type 3
1060,4.774771747805086,7.991281728584113,4,Sample 2,Cell type 2
1061,-4.689137116375228,9.065467425811708,0,Sample 1,Cell type 1
1062,6.0350630395683424,7.83571000795546,4,Sample 2,Cell type 2
1063,0.4933818362317819,-7.148475894414987,5,Sample 2,Cell type 3
1064,-5.671374018578111,6.823697911184504,0,Sample 1,Cell type 1
1065,2.0643458755030535,-7.1675375626442515,5,Sample 2,Cell type 3
1066,5.234846345733303,5.985802368166752,1,Sample 1,Cell type 2
1067,1.8668664824879966,-7.337836366410893,5,Sample 2,Cell type 3
1068,5.463706538570861,7.331704865131209,1,Sample 1,Cell type 2
1069,1.4616577470681116,-7.213486443916546,5,Sample 2,Cell type 3
1070,4.598098323887203,6.382484481149205,4,Sample 2,Cell type 2
1071,-4.080581338971459,6.508526671764765,0,Sample 1,Cell type 1
1072,0.3922615857979572,-6.5401507342392025,5,Sample 2,Cell type 3
1073,-3.3180250852536393,6.0877209336251425,3,Sample 2,Cell type 1
1074,5.828679751431049,7.740791400930583,4,Sample 2,Cell type 2
1075,5.591208663843418,5.028228135020757,4,Sample 2,Cell type 2
1076,-0.9597580226922466,-8.923982902240578,2,Sample 1,Cell type 3
1077,-2.9418044264918914,6.9357696633512225,3,Sample 2,Cell type 1
1078,7.2389114360192295,7.327241074224538,4,Sample 2,Cell type 2
1079,6.6853899371763665,7.3895063850728855,4,Sample 2,Cell type 2
1080,-3.8459224650149557,8.98475552008467,3,Sample 2,Cell type 1
1081,4.712185083368731,6.010229662999845,1,Sample 1,Cell type 2
1082,-0.2771412048055197,-8.360321699147738,2,Sample 1,Cell type 3
1083,5.546635913555958,6.591210696731826,4,Sample 2,Cell type 2
1084,-4.073511301199946,7.704397967035824,0,Sample 1,Cell type 1
1085,-4.367174442365562,6.343557848029684,0,Sample 1,Cell type 1
1086,-0.49762784444350516,-6.604877745326384,2,Sample 1,Cell type 3
1087,4.977317896958141,6.354725443125442,4,Sample 2,Cell type 2
1088,6.545394727052114,7.841070120505557,4,Sample 2,Cell type 2
1089,-4.050111661861788,7.26556657867579,3,Sample 2,Cell type 1
1090,4.031062456575375,7.655679107118695,1,Sample 1,Cell type 2
1091,-5.419616213023819,7.46256746084781,0,Sample 1,Cell type 1
1092,4.523470964765206,8.17061828640213,1,Sample 1,Cell type 2
1093,4.727886535455761,6.5393469338638255,4,Sample 2,Cell type 2
1094,0.12927101146172337,-5.022665444380928,5,Sample 2,Cell type 3
1095,0.30944681655136214,-6.198283471716702,2,Sample 1,Cell type 3
1096,0.577604782587509,-5.98861248373235,5,Sample 2,Cell type 3
1097,1.0736441098495937,-6.690075529155343,5,Sample 2,Cell type 3
1098,0.8059551785561588,-8.075005946267309,2,Sample 1,Cell type 3
1099,2.039319856438134,-6.537029347569479,5,Sample 2,Cell type 3
1100,5.943823710785907,5.053245477875115,4,Sample 2,Cell type 2
1101,0.9492881183721513,-6.684835712617221,5,Sample 2,Cell type 3
1102,5.157833812504965,7.3201147506197835,1,Sample 1,Cell type 2
1103,-3.5551823225261674,6.59803998082396,3,Sample 2,Cell type 1
1104,0.02777099900204949,-8.645871182615918,2,Sample 1,Cell type 3
1105,-0.12025636821749766,-7.3324247824145665,2,Sample 1,Cell type 3
1106,-3.4137367345426037,6.05168211660404,3,Sample 2,Cell type 1
1107,-4.332862276360877,7.4384118752482244,0,Sample 1,Cell type 1
1108,5.7801581038259435,7.471943147817352,1,Sample 1,Cell type 2
1109,-5.882693284939099,5.348755337503489,0,Sample 1,Cell type 1
1110,4.847968771998804,6.785111473617134,1,Sample 1,Cell type 2
1111,6.037595637248888,7.05277336202637,1,Sample 1,Cell type 2
1112,-4.394409106683718,6.333335552523375,0,Sample 1,Cell type 1
1113,-5.960237125644621,6.803466823192717,0,Sample 1,Cell type 1
1114,3.4851082664369715,7.241702777763827,1,Sample 1,Cell type 2
1115,1.2680434815297372,-6.619236527139357,5,Sample 2,Cell type 3
1116,5.606750448784856,5.940887204745031,4,Sample 2,Cell type 2
1117,-4.137055333254963,7.040261036264909,0,Sample 1,Cell type 1
1118,-0.32945869517092585,-6.9655254384479095,2,Sample 1,Cell type 3
1119,7.042072317428985,7.181197364559912,4,Sample 2,Cell type 2
1120,5.261395811681856,7.311447299554138,1,Sample 1,Cell type 2
1121,-6.535016972239234,7.049856711506102,0,Sample 1,Cell type 1
1122,5.5574582037221845,6.867906446747687,4,Sample 2,Cell type 2
1123,0.4585022505929601,-8.499761005412765,2,Sample 1,Cell type 3
1124,4.616653688397264,8.633401717857083,4,Sample 2,Cell type 2
1125,1.47171138508592,-9.192530262301435,5,Sample 2,Cell type 3
1126,-0.7026584617437912,-7.373474131080049,2,Sample 1,Cell type 3
1127,-4.685481492102239,6.170224643136635,3,Sample 2,Cell type 1
1128,5.093263185365902,7.35100678406499,4,Sample 2,Cell type 2
1129,-3.0491225415303935,8.55055752497458,3,Sample 2,Cell type 1
1130,-3.248157653425862,6.4244291835813545,0,Sample 1,Cell type 1
1131,5.810840930611312,6.975372112370459,4,Sample 2,Cell type 2
1132,-3.865587727573977,7.827237039554662,3,Sample 2,Cell type 1
1133,0.1994965020134074,-7.755144191392839,5,Sample 2,Cell type 3
1134,-0.016289637060068918,-6.147312798492099,5,Sample 2,Cell type 3
1135,0.3434726582413875,-6.767356093156703,2,Sample 1,Cell type 3
1136,-3.430871536427604,9.561395972700549,3,Sample 2,Cell type 1
1137,-3.932385219347738,6.500200075939735,3,Sample 2,Cell type 1
1138,0.2270008189292009,-7.861366484586075,2,Sample 1,Cell type 3
1139,-3.5198296274045777,7.837413456038023,3,Sample 2,Cell type 1
1140,1.143086166250854,-8.25037351749916,2,Sample 1,Cell type 3
1141,-5.610607325234014,5.6271621313338605,0,Sample 1,Cell type 1
1142,5.235379303210795,6.883541571612418,1,Sample 1,Cell type 2
1143,6.491016684631927,7.371432497967278,4,Sample 2,Cell type 2
1144,0.3264422774694046,-6.630429754046545,2,Sample 1,Cell type 3
1145,4.658913923035565,7.989824379222879,1,Sample 1,Cell type 2
1146,-4.422662348765412,6.1678263948916925,0,Sample 1,Cell type 1
1147,6.602735570801944,6.579436784912599,4,Sample 2,Cell type 2
1148,-3.986471080650702,6.504932239370451,0,Sample 1,Cell type 1
1149,-5.877020069516162,5.91902710579004,0,Sample 1,Cell type 1
1150,-5.027747909909425,7.258439597894692,0,Sample 1,Cell type 1
1151,6.33876167223883,8.143436653297753,1,Sample 1,Cell type 2
1152,6.1086875392653255,7.029063757034554,4,Sample 2,Cell type 2
1153,0.5317621962664879,-7.513404481759317,2,Sample 1,Cell type 3
1154,5.90842210256091,7.189272537785579,4,Sample 2,Cell type 2
1155,1.942602278038402,-6.74455908164279,5,Sample 2,Cell type 3
1156,5.491567120947555,7.2377258187659494,4,Sample 2,Cell type 2
1157,1.9615453356316346,-7.064037057759818,5,Sample 2,Cell type 3
1158,-3.012198468764164,6.245503618189927,3,Sample 2,Cell type 1
1159,6.644965703952257,6.188501119288129,1,Sample 1,Cell type 2
1160,2.529604375242158,-6.139819689796726,5,Sample 2,Cell type 3
1161,-4.725105368345231,5.660635687575288,0,Sample 1,Cell type 1
1162,-6.099853645099289,9.110275578839653,3,Sample 2,Cell type 1
1163,-4.485977830096246,6.747578217713457,3,Sample 2,Cell type 1
1164,4.2012916486493666,7.312501331721048,1,Sample 1,Cell type 2
1165,-5.423808163013631,7.48168175835616,0,Sample 1,Cell type 1
1166,5.201354579767156,7.486102225826852,4,Sample 2,Cell type 2
1167,0.8602816434546976,-5.982933307203065,5,Sample 2,Cell type 3
1168,-5.076236425909562,7.2942850324817465,0,Sample 1,Cell type 1
1169,1.9365293034541282,-8.395247581617022,5,Sample 2,Cell type 3
1170,-3.818003299414357,7.579842012434866,3,Sample 2,Cell type 1
1171,6.486988471299534,6.625363353807691,4,Sample 2,Cell type 2
1172,5.497063802375312,4.976561252911651,4,Sample 2,Cell type 2
1173,-4.358834269222289,7.261911774884467,3,Sample 2,Cell type 1
1174,-0.9738261537763835,-6.943497806422172,2,Sample 1,Cell type 3
1175,4.62847659015249,7.440716526466993,1,Sample 1,Cell type 2
1176,3.557488258995244,5.803759057461083,1,Sample 1,Cell type 2
1177,-5.087008118765486,7.392437189544629,0,Sample 1,Cell type 1
1178,4.055349747752924,7.962525167600573,1,Sample 1,Cell type 2
1179,-0.5853053911268224,-5.558715263740849,2,Sample 1,Cell type 3
1180,-5.584293305373709,7.244234683531055,0,Sample 1,Cell type 1
1181,3.3544386682148972,-6.491474963560093,5,Sample 2,Cell type 3
1182,5.954367066517647,8.018257766422987,4,Sample 2,Cell type 2
1183,4.297613930594752,6.409563528633587,1,Sample 1,Cell type 2
1184,0.5787558934906384,-8.128945759612112,5,Sample 2,Cell type 3
1185,-4.484124988484798,7.799402611613932,3,Sample 2,Cell type 1
1186,5.608891104765047,8.342220074620741,4,Sample 2,Cell type 2
1187,1.5919552411034532,-5.727269906088252,5,Sample 2,Cell type 3
1188,5.281158566033266,7.927188002518617,1,Sample 1,Cell type 2
1189,4.406023531441561,6.01504980288891,1,Sample 1,Cell type 2
1190,5.519098757864922,8.003801028069654,4,Sample 2,Cell type 2
1191,-6.132296593640332,6.734551553653188,0,Sample 1,Cell type 1
1192,1.8453799290243347,-6.29762212846504,5,Sample 2,Cell type 3
1193,4.486814723821638,7.416605847604628,1,Sample 1,Cell type 2
1194,-0.03640979624099374,-7.4104568785839104,2,Sample 1,Cell type 3
1195,4.485790257927959,7.320260498903707,4,Sample 2,Cell type 2
1196,-4.995634000067779,7.257362281806994,3,Sample 2,Cell type 1
1197,-1.215476860381474,-9.33679229035393,2,Sample 1,Cell type 3
1198,-5.413830760080298,8.19854576401394,0,Sample 1,Cell type 1
1199,-5.328866732453738,7.473669463665079,3,Sample 2,Cell type 1
1200,5.640327620182146,7.674500875716335,1,Sample 1,Cell type 2
1201,-6.245303338819123,7.555875772941987,0,Sample 1,Cell type 1
1202,-3.4724390071091107,6.427909080083491,3,Sample 2,Cell type 1
1203,-4.206096388408795,7.015361049225389,3,Sample 2,Cell type 1
1204,1.8813902894289671,-6.677473022396279,5,Sample 2,Cell type 3
1205,-2.25192408397111,6.521695537462839,3,Sample 2,Cell type 1
1206,5.618758861424607,6.027396256825098,4,Sample 2,Cell type 2
1207,6.327550824513802,6.849730394490159,4,Sample 2,Cell type 2
1208,-5.785206920838361,7.4407505912760925,0,Sample 1,Cell type 1
1209,1.712046185980368,-7.556876943134343,5,Sample 2,Cell type 3
1210,0.2773679820839359,-5.061822570597936,2,Sample 1,Cell type 3
1211,5.709494682546338,7.754589412762051,4,Sample 2,Cell type 2
1212,4.890041188297847,7.8333674496278265,1,Sample 1,Cell type 2
1213,4.536254547833534,7.563841416702946,4,Sample 2,Cell type 2
1214,5.151764934088317,6.541482069628188,1,Sample 1,Cell type 2
1215,-5.829796923461165,6.918796869398589,0,Sample 1,Cell type 1
1216,0.04650023664700009,-5.516244706967718,5,Sample 2,Cell type 3
1217,-1.0973389577843728,-7.638620613807513,2,Sample 1,Cell type 3
1218,0.1083741479935506,-8.462431933603716,5,Sample 2,Cell type 3
1219,5.381235324773256,8.590055796949667,4,Sample 2,Cell type 2
1220,-4.430708097528888,6.17135413839518,0,Sample 1,Cell type 1
1221,4.597620183558925,7.281857584130323,1,Sample 1,Cell type 2
1222,0.6130730900499453,-7.268447351157028,5,Sample 2,Cell type 3
1223,0.29801278227549455,-8.19673756769269,5,Sample 2,Cell type 3
1224,5.632297516841369,7.343108847520588,1,Sample 1,Cell type 2
1225,7.0905831801058,6.828166953547075,4,Sample 2,Cell type 2
1226,-4.15326041052033,5.664076222726984,0,Sample 1,Cell type 1
1227,-5.357211961653617,7.756186847324253,0,Sample 1,Cell type 1
1228,-4.549023308604068,5.924930780073753,3,Sample 2,Cell type 1
1229,-0.7236914999950129,-6.132862335651519,2,Sample 1,Cell type 3
1230,-5.208032969588202,6.894637228540246,3,Sample 2,Cell type 1
1231,0.587275749494128,-7.8113816179798405,5,Sample 2,Cell type 3
1232,5.301127620878013,6.349426568379467,1,Sample 1,Cell type 2
1233,-3.7619958389359507,8.507769950341892,0,Sample 1,Cell type 1
1234,-4.897516468071369,6.526226485885571,0,Sample 1,Cell type 1
1235,1.7954390613500988,-6.867282901961308,5,Sample 2,Cell type 3
1236,3.6532494462232394,6.426371758668525,1,Sample 1,Cell type 2
1237,0.9916672051532492,-7.388051554346884,2,Sample 1,Cell type 3
1238,-4.454437622964029,6.822854406590711,0,Sample 1,Cell type 1
1239,0.4910210298784562,-7.523116190706429,5,Sample 2,Cell type 3
1240,5.751687206897947,5.83282656681825,4,Sample 2,Cell type 2
1241,-4.199257475722432,5.732752690816216,3,Sample 2,Cell type 1
1242,-4.544186175814237,7.429234659879327,0,Sample 1,Cell type 1
1243,0.4776398753343353,-7.510899299575902,5,Sample 2,Cell type 3
1244,7.102773884363047,6.533858046281039,4,Sample 2,Cell type 2
1245,1.2870246845874989,-6.408484059717777,2,Sample 1,Cell type 3
1246,-3.6940709568546914,5.926954709496969,0,Sample 1,Cell type 1
1247,5.347076008777565,5.907024127793034,4,Sample 2,Cell type 2
1248,5.000964380289779,6.417396907010923,1,Sample 1,Cell type 2
1249,5.098563845427589,7.51225611269785,1,Sample 1,Cell type 2
1250,4.8884429794552,6.710916399984346,1,Sample 1,Cell type 2
1251,-3.3665125516895458,6.614555467705385,3,Sample 2,Cell type 1
1252,-4.844071494541356,7.17208200085273,3,Sample 2,Cell type 1
1253,5.724748834636618,6.771440491265275,4,Sample 2,Cell type 2
1254,-5.86484523232661,7.9135900945317985,0,Sample 1,Cell type 1
1255,6.912054277196129,6.401395704973444,4,Sample 2,Cell type 2
1256,6.2866756088608025,6.113821468972127,4,Sample 2,Cell type 2
1257,-5.3768306444946585,7.256707761751585,0,Sample 1,Cell type 1
1258,5.349390841386808,7.394503615834834,1,Sample 1,Cell type 2
1259,6.38446940674217,6.372676638353993,4,Sample 2,Cell type 2
1260,-5.313686522505726,5.900255853359781,0,Sample 1,Cell type 1
1261,5.969555188309121,7.280068236852561,1,Sample 1,Cell type 2
1262,-5.235949877341407,6.639623800294859,3,Sample 2,Cell type 1
1263,5.71215872889983,7.899267279644477,1,Sample 1,Cell type 2
1264,-6.354365451356308,6.9923961104296755,0,Sample 1,Cell type 1
1265,-4.815756255767085,7.236157228925836,3,Sample 2,Cell type 1
1266,1.7750241867585073,-7.198303980185517,2,Sample 1,Cell type 3
1267,-5.780698602381866,7.913981249151747,0,Sample 1,Cell type 1
1268,-4.3806363552039205,6.410178218493842,3,Sample 2,Cell type 1
1269,2.23131387664852,-5.813149243649214,5,Sample 2,Cell type 3
1270,-0.5000059099775491,-6.127076988113647,5,Sample 2,Cell type 3
1271,6.520952548602406,7.022539160813779,1,Sample 1,Cell type 2
1272,4.127226855827841,6.742416381501807,1,Sample 1,Cell type 2
1273,-4.037896562035549,5.805326401188574,3,Sample 2,Cell type 1
1274,6.224036274157924,4.931414109342162,4,Sample 2,Cell type 2
1275,4.897169990848855,5.565588575467364,1,Sample 1,Cell type 2
1276,-2.904239113876652,6.202224146171007,3,Sample 2,Cell type 1
1277,3.9191405070335827,6.013101446470619,1,Sample 1,Cell type 2
1278,-0.29240474958821266,-7.1921071880514935,2,Sample 1,Cell type 3
1279,-3.061246178694044,6.853032034776028,3,Sample 2,Cell type 1
1280,5.487108591820284,9.330532284667912,4,Sample 2,Cell type 2
1281,6.787081874884917,7.171777036326802,4,Sample 2,Cell type 2
1282,-5.564009484606727,7.026452549739311,0,Sample 1,Cell type 1
1283,-3.310850779493756,7.272121130455957,3,Sample 2,Cell type 1
1284,4.8654849451321684,6.693395349707774,1,Sample 1,Cell type 2
1285,6.321814461761038,8.127864443498044,4,Sample 2,Cell type 2
1286,5.334718576710947,8.192346686222619,1,Sample 1,Cell type 2
1287,6.289776502604339,7.788539264557901,1,Sample 1,Cell type 2
1288,-3.736629747594087,7.685015595187803,0,Sample 1,Cell type 1
1289,-3.2774540339907547,6.4571897615550355,0,Sample 1,Cell type 1
1290,-4.806430182747173,5.540443616139237,0,Sample 1,Cell type 1
1291,1.1463955597162083,-7.738484886319847,5,Sample 2,Cell type 3
1292,-6.087884912783935,7.668070664687252,0,Sample 1,Cell type 1
1293,-3.6908938769215514,7.741279189102746,3,Sample 2,Cell type 1
1294,6.134056084640792,8.000875489870008,4,Sample 2,Cell type 2
1295,-5.138457459427095,7.08353104993065,0,Sample 1,Cell type 1
1296,-0.5717445415923454,-6.654043887854424,2,Sample 1,Cell type 3
1297,-4.9307281700216805,6.946526023551812,0,Sample 1,Cell type 1
1298,-5.176391640985001,6.060851991306624,3,Sample 2,Cell type 1
1299,0.9344844963420056,-6.278114921524143,5,Sample 2,Cell type 3
1300,0.5368385941208615,-7.78816185012562,5,Sample 2,Cell type 3
1301,-4.800493053031396,8.333030435676255,0,Sample 1,Cell type 1
1302,4.650624211167523,7.018161720164818,1,Sample 1,Cell type 2
1303,4.509277869167248,6.829092062674973,1,Sample 1,Cell type 2
1304,-1.2391684200427802,-6.8646870268885305,2,Sample 1,Cell type 3
1305,5.202991729195658,7.445222349277822,1,Sample 1,Cell type 2
1306,-4.508327904182989,7.038033662259649,3,Sample 2,Cell type 1
1307,-2.838305840653952,7.082387223838082,3,Sample 2,Cell type 1
1308,1.319584715459137,-6.214579363882127,2,Sample 1,Cell type 3
1309,-1.1734281524925416,-7.472189529373985,2,Sample 1,Cell type 3
1310,-5.056132569166918,5.742299065052682,0,Sample 1,Cell type 1
1311,-5.014810508793912,6.840140900729365,0,Sample 1,Cell type 1
1312,-5.574725812455358,7.787007313421029,0,Sample 1,Cell type 1
1313,-4.545104188055659,7.845328631085639,3,Sample 2,Cell type 1
1314,1.567528784469284,-7.183510600267421,5,Sample 2,Cell type 3
1315,1.589648889359553,-7.495844530115047,2,Sample 1,Cell type 3
1316,0.9670014968166376,-5.343770888182842,5,Sample 2,Cell type 3
1317,-0.07470948711995863,-7.494533501824172,2,Sample 1,Cell type 3
1318,0.7297479246468775,-7.5730043994065745,5,Sample 2,Cell type 3
1319,-0.14141933049262567,-8.309962450956473,2,Sample 1,Cell type 3
1320,3.1775297183251943,-6.395503114208143,5,Sample 2,Cell type 3
1321,1.506580248092075,-7.381171677996073,5,Sample 2,Cell type 3
1322,7.112777886401121,5.986291535977505,4,Sample 2,Cell type 2
1323,0.8710157233733377,-7.372108391805472,2,Sample 1,Cell type 3
1324,0.4418399501436186,-6.570563064948675,2,Sample 1,Cell type 3
1325,5.032735340316577,6.2693178472402975,1,Sample 1,Cell type 2
1326,-0.4573968335648491,-6.804981803606117,2,Sample 1,Cell type 3
1327,-5.184747624166943,7.6280329037162105,0,Sample 1,Cell type 1
1328,-5.864850662079918,7.563816297420886,0,Sample 1,Cell type 1
1329,-5.357146891640423,7.2263398061841215,0,Sample 1,Cell type 1
1330,-3.0669035634645985,7.495848341436748,3,Sample 2,Cell type 1
1331,6.4036654515819125,7.57229850253503,4,Sample 2,Cell type 2
1332,5.895259355899099,7.973659638480545,4,Sample 2,Cell type 2
1333,5.949141168651103,5.910325498976496,4,Sample 2,Cell type 2
1334,0.1687110653058086,-5.72102936767604,5,Sample 2,Cell type 3
1335,-4.509185621815667,6.252833759706751,0,Sample 1,Cell type 1
1336,-5.388290838263282,7.136567123374533,0,Sample 1,Cell type 1
1337,-0.6907948839719472,-7.096030603016743,2,Sample 1,Cell type 3
1338,1.1495921677797314,-7.1064864677411945,5,Sample 2,Cell type 3
1339,6.9489163792338395,8.303326995721385,4,Sample 2,Cell type 2
1340,0.03944666521617811,-6.455996071090358,2,Sample 1,Cell type 3
1341,4.535957406903965,7.262591412293777,1,Sample 1,Cell type 2
1342,3.922298968376243,6.293776581056954,1,Sample 1,Cell type 2
1343,-6.1021354943656725,6.320807779933377,0,Sample 1,Cell type 1
1344,-0.2890484495738324,-7.122415140896531,2,Sample 1,Cell type 3
1345,-3.880515650731198,7.810774758195691,0,Sample 1,Cell type 1
1346,-5.8738502117380635,6.817941052109634,0,Sample 1,Cell type 1
1347,-4.485821792105964,8.13438983597142,0,Sample 1,Cell type 1
1348,-4.455559819593688,6.9718507019534774,3,Sample 2,Cell type 1
1349,3.837321562314114,7.342552462070452,4,Sample 2,Cell type 2
1350,-4.549611279759598,5.990623040391089,3,Sample 2,Cell type 1
1351,5.350780591047782,7.086761138020668,1,Sample 1,Cell type 2
1352,-4.788431680576744,6.295272836157736,3,Sample 2,Cell type 1
1353,2.382371068305412,-7.446544985006844,5,Sample 2,Cell type 3
1354,-3.1784843053936687,7.55072984486176,3,Sample 2,Cell type 1
1355,-4.0295218400166535,7.184441342777399,0,Sample 1,Cell type 1
1356,0.8521375725715092,-5.908974415476532,2,Sample 1,Cell type 3
1357,-0.6238823569773111,-6.205479964465521,2,Sample 1,Cell type 3
1358,5.645698077309849,6.2922308521019,1,Sample 1,Cell type 2
1359,1.5387566358599627,-7.690759787880341,2,Sample 1,Cell type 3
1360,5.695389276910556,6.0554955990552255,4,Sample 2,Cell type 2
1361,-4.710691179961893,6.554972008181376,0,Sample 1,Cell type 1
1362,2.3204583705862785,-7.574437531489029,5,Sample 2,Cell type 3
1363,-5.632379564356249,7.448242497574272,0,Sample 1,Cell type 1
1364,4.2625121494997495,6.2679019142002765,1,Sample 1,Cell type 2
1365,-3.8890838530319325,6.202166772520347,3,Sample 2,Cell type 1
1366,5.745791284786083,7.164330621475447,4,Sample 2,Cell type 2
1367,-4.115579253633613,8.020692056313779,0,Sample 1,Cell type 1
1368,1.745332773494476,-6.754768866916943,5,Sample 2,Cell type 3
1369,6.048246996895687,8.18761486049744,1,Sample 1,Cell type 2
1370,-4.7827369302437015,6.049668951209227,0,Sample 1,Cell type 1
1371,4.3816978657411125,7.396709641565104,1,Sample 1,Cell type 2
1372,-4.0447363588177705,7.34143383445117,3,Sample 2,Cell type 1
1373,1.2674616436428028,-7.303052895414788,5,Sample 2,Cell type 3
1374,0.9532559048020094,-6.409945158001056,5,Sample 2,Cell type 3
1375,-5.061681367531284,7.34398939171879,0,Sample 1,Cell type 1
1376,5.424008373422449,6.3318175659926235,4,Sample 2,Cell type 2
1377,5.510440881152606,7.471743391821041,1,Sample 1,Cell type 2
1378,-5.0868592122059795,6.207278754844797,3,Sample 2,Cell type 1
1379,4.483228656700372,6.431714206545273,1,Sample 1,Cell type 2
1380,-4.476427948147087,7.791494273730748,3,Sample 2,Cell type 1
1381,-5.521468886241728,7.108986748918607,0,Sample 1,Cell type 1
1382,6.424546498408038,6.540318886089885,4,Sample 2,Cell type 2
1383,-5.085624287963646,6.242873953929976,0,Sample 1,Cell type 1
1384,-3.490140253581542,8.364107846043009,3,Sample 2,Cell type 1
1385,5.837854165297159,8.006739805807694,1,Sample 1,Cell type 2
1386,0.311182983481747,-6.869888924713066,2,Sample 1,Cell type 3
1387,-3.1764695192357393,7.708429353522069,3,Sample 2,Cell type 1
1388,6.211403810885871,7.038800683694241,4,Sample 2,Cell type 2
1389,5.789867613271282,7.010306992951457,1,Sample 1,Cell type 2
1390,-0.8308350566751779,-8.376088464234233,2,Sample 1,Cell type 3
1391,-0.6256027940088296,-7.678830305849705,2,Sample 1,Cell type 3
1392,-4.582446747506482,7.308655550452024,0,Sample 1,Cell type 1
1393,-4.954680060082314,7.49482201535086,0,Sample 1,Cell type 1
1394,0.1253549825972197,-6.2522432965172,2,Sample 1,Cell type 3
1395,5.3512848510398,7.36451904649383,4,Sample 2,Cell type 2
1396,3.7821126510256873,7.961218511857416,1,Sample 1,Cell type 2
1397,-0.360010286396651,-6.065348438375417,2,Sample 1,Cell type 3
1398,-5.481474185259727,7.697939543704361,3,Sample 2,Cell type 1
1399,5.019056513749853,8.82838465584864,4,Sample 2,Cell type 2
1400,-3.616393961598713,7.654220767521836,3,Sample 2,Cell type 1
1401,0.5526689319526333,-7.439313221924966,5,Sample 2,Cell type 3
1402,0.9339259397189676,-6.455092826797298,5,Sample 2,Cell type 3
1403,-5.23424257459432,6.94256291624508,3,Sample 2,Cell type 1
1404,5.15250847301202,7.8241162764794625,1,Sample 1,Cell type 2
1405,4.982906164521251,6.473298468547217,1,Sample 1,Cell type 2
1406,5.577905086262217,6.772801290192062,1,Sample 1,Cell type 2
1407,1.2981185491840441,-6.937873310173376,5,Sample 2,Cell type 3
1408,7.859759131458734,6.647910401685716,4,Sample 2,Cell type 2
1409,6.241568720137412,6.633141793651977,4,Sample 2,Cell type 2
1410,-5.741544377262466,7.023447527016035,0,Sample 1,Cell type 1
1411,4.244494024143981,8.350644563956507,4,Sample 2,Cell type 2
1412,-4.327446779276577,7.875807421302609,3,Sample 2,Cell type 1
1413,3.749963314490766,6.64782566998844,1,Sample 1,Cell type 2
1414,4.150085177482496,7.413713489631594,1,Sample 1,Cell type 2
1415,1.2005025856826417,-6.424211006353382,5,Sample 2,Cell type 3
1416,-4.016448445880406,7.302414750360456,3,Sample 2,Cell type 1
1417,-4.171254158182289,7.374592129949563,3,Sample 2,Cell type 1
1418,-4.946444947787511,6.868857207788527,3,Sample 2,Cell type 1
1419,0.6392047863765524,-6.835908301510946,5,Sample 2,Cell type 3
1420,0.156236436027264,-7.12485205762238,5,Sample 2,Cell type 3
1421,-3.652857846833705,6.703960401570323,0,Sample 1,Cell type 1
1422,5.559530346399435,7.4788191968452,4,Sample 2,Cell type 2
1423,-0.30801744937029096,-6.764676624072733,2,Sample 1,Cell type 3
1424,1.251555672699882,-7.358234520009007,5,Sample 2,Cell type 3
1425,-0.27955146177356477,-7.689122810870468,2,Sample 1,Cell type 3
1426,5.2160595401742045,5.5051969405582835,4,Sample 2,Cell type 2
1427,-4.842783064238824,7.638270817936285,0,Sample 1,Cell type 1
1428,5.9127812640292285,7.098568059086643,4,Sample 2,Cell type 2
1429,5.7013052599975325,6.670909558188679,4,Sample 2,Cell type 2
1430,-5.659589080813049,7.0534399206620595,3,Sample 2,Cell type 1
1431,6.06621832302834,7.100494078404863,4,Sample 2,Cell type 2
1432,-4.454486808298951,8.548433672454303,0,Sample 1,Cell type 1
1433,6.233687962054301,8.675942122392774,1,Sample 1,Cell type 2
1434,1.4384535397657363,-8.142659305088403,5,Sample 2,Cell type 3
1435,5.707458333975584,7.474484410296183,4,Sample 2,Cell type 2
1436,-5.849842970980884,7.4499417563736205,0,Sample 1,Cell type 1
1437,-5.020021566996115,7.725280851225705,0,Sample 1,Cell type 1
1438,-3.122762305415797,5.3180647309332505,3,Sample 2,Cell type 1
1439,0.17005922450577193,-6.24947880120969,2,Sample 1,Cell type 3
1440,7.714405643667928,6.695256240395766,4,Sample 2,Cell type 2
1441,0.366534491830959,-7.8548447916389215,2,Sample 1,Cell type 3
1442,4.412660960977203,7.1366642569963235,1,Sample 1,Cell type 2
1443,0.32280175770487407,-6.584709758260872,5,Sample 2,Cell type 3
1444,1.036850449425117,-7.956793265307437,2,Sample 1,Cell type 3
1445,5.847949107237298,7.564672571526834,1,Sample 1,Cell type 2
1446,-5.23006783715934,6.95514414860033,3,Sample 2,Cell type 1
1447,2.2779178345772984,-6.555315969238089,5,Sample 2,Cell type 3
1448,5.556430206052622,7.750349500459991,1,Sample 1,Cell type 2
1449,4.752632738360109,6.469342687393009,1,Sample 1,Cell type 2
1450,1.1132766293919063,-6.6908609280916265,5,Sample 2,Cell type 3
1451,-3.778734795527161,7.077912676524956,3,Sample 2,Cell type 1
1452,6.147976460058525,7.433272893526831,4,Sample 2,Cell type 2
1453,-4.383006857217351,7.358648449903176,3,Sample 2,Cell type 1
1454,-5.738586596888723,5.989720127372409,0,Sample 1,Cell type 1
1455,-0.2635582290776731,-6.485571248434839,2,Sample 1,Cell type 3
1456,3.860834278039884,6.857745948477944,1,Sample 1,Cell type 2
1457,-3.6833609210322025,7.281908461429303,3,Sample 2,Cell type 1
1458,0.3530457213593967,-7.657592769553473,2,Sample 1,Cell type 3
1459,-5.037536463103347,7.452700473643973,0,Sample 1,Cell type 1
1460,-5.4355061796201465,7.159805883633369,0,Sample 1,Cell type 1
1461,-4.043962696860126,5.852518288038455,0,Sample 1,Cell type 1
1462,2.481632035850936,-7.40529422187637,5,Sample 2,Cell type 3
1463,5.067061302343489,8.199435128028279,1,Sample 1,Cell type 2
1464,-4.591222926418586,7.592932082406819,3,Sample 2,Cell type 1
1465,0.3331213736268749,-7.614978643654425,5,Sample 2,Cell type 3
1466,-4.725819722897837,7.4364703871885025,0,Sample 1,Cell type 1
1467,-3.3948093165471214,5.539819755395501,3,Sample 2,Cell type 1
1468,2.0737441049958836,-8.618338008233138,5,Sample 2,Cell type 3
1469,-5.613871038497929,4.805207071878163,3,Sample 2,Cell type 1
1470,-5.065720942714055,7.964904477135978,0,Sample 1,Cell type 1
1471,5.432455074137219,7.586744157797616,4,Sample 2,Cell type 2
1472,5.492616919816913,8.034175361600528,1,Sample 1,Cell type 2
1473,5.381576232317838,6.374485594550483,4,Sample 2,Cell type 2
1474,-4.942747010224486,6.6889418544533825,0,Sample 1,Cell type 1
1475,1.3879492606694468,-7.75648548692691,2,Sample 1,Cell type 3
1476,6.176936261994887,6.903608870143983,1,Sample 1,Cell type 2
1477,-4.864511340771138,5.940096214341491,0,Sample 1,Cell type 1
1478,-4.772626106291168,6.640208873228176,3,Sample 2,Cell type 1
1479,2.6389666061590806,-8.371461628025342,5,Sample 2,Cell type 3
1480,7.742849739193329,7.226534582536062,4,Sample 2,Cell type 2
1481,7.224267651483529,6.448591983199304,4,Sample 2,Cell type 2
1482,1.585518455387505,-6.067452849960524,5,Sample 2,Cell type 3
1483,0.23649959099767606,-8.28438185140211,2,Sample 1,Cell type 3
1484,5.847807324469428,5.873110476980877,4,Sample 2,Cell type 2
1485,-2.4413258841681493,7.891155133930894,3,Sample 2,Cell type 1
1486,-6.056186565616514,8.53623482454896,0,Sample 1,Cell type 1
1487,-5.980612530401873,5.8995679076976195,0,Sample 1,Cell type 1
1488,5.973726816660397,8.288120653403437,1,Sample 1,Cell type 2
1489,-6.406105871755006,7.528011336840843,3,Sample 2,Cell type 1
1490,-3.841285186258011,7.0637219291573645,3,Sample 2,Cell type 1
1491,-4.923103378447213,6.701247580901441,0,Sample 1,Cell type 1
1492,1.0215723088705502,-6.800649026984109,2,Sample 1,Cell type 3
1493,4.580729281652326,7.192951709492453,1,Sample 1,Cell type 2
1494,-5.257308040973906,8.732466198714148,0,Sample 1,Cell type 1
1495,-5.153888771824898,7.312305685732365,0,Sample 1,Cell type 1
1496,-5.250427445257003,6.127500080259251,3,Sample 2,Cell type 1
1497,-4.6173926516774255,6.672698334411201,3,Sample 2,Cell type 1
1498,1.6766748014473274,-5.795513898466118,2,Sample 1,Cell type 3
1499,2.573533570006603,-7.102383033440149,5,Sample 2,Cell type 3
1500,-5.211725466590365,9.24720314513717,0,Sample 1,Cell type 1
1501,5.054284408421923,7.753286751963251,1,Sample 1,Cell type 2
1502,-4.5007041463582755,7.573744219276899,0,Sample 1,Cell type 1
1503,1.8320463126347115,-7.886163777518863,5,Sample 2,Cell type 3
1504,-4.44788480663111,6.750091434356807,0,Sample 1,Cell type 1
1505,-2.919108728010628,8.105264043480041,3,Sample 2,Cell type 1
1506,-3.2337667084216752,7.237150492985976,3,Sample 2,Cell type 1
1507,-0.9656173182857725,-7.931317726304866,2,Sample 1,Cell type 3
1508,4.538791679418624,4.998233978149548,1,Sample 1,Cell type 2
1509,1.8476524580987177,-7.515292209389739,5,Sample 2,Cell type 3
1510,5.278141186830669,6.681284960574634,1,Sample 1,Cell type 2
1511,-4.9534330252432,6.156691573600977,0,Sample 1,Cell type 1
1512,6.404588345978239,7.001706902946909,4,Sample 2,Cell type 2
1513,-4.768665084873746,9.035307923794191,0,Sample 1,Cell type 1
1514,5.318768016176545,7.0760863368130105,4,Sample 2,Cell type 2
1515,2.1109316160819858,-6.9571654818571025,5,Sample 2,Cell type 3
1516,7.096634472823981,6.181494191246145,1,Sample 1,Cell type 2
1517,5.93033221908548,8.574967451402282,4,Sample 2,Cell type 2
1518,4.352317184062683,7.410316647436748,1,Sample 1,Cell type 2
1519,-4.961182697644138,6.406307718736645,0,Sample 1,Cell type 1
1520,-4.464013066122948,6.14593515847039,3,Sample 2,Cell type 1
1521,4.50052368822942,6.923447525740796,1,Sample 1,Cell type 2
1522,5.775598357270706,5.948774886099192,4,Sample 2,Cell type 2
1523,-4.349186226104264,6.0863763587183115,0,Sample 1,Cell type 1
1524,-3.7815914260044914,5.411355781828381,3,Sample 2,Cell type 1
1525,6.361654270607737,6.786288544356809,4,Sample 2,Cell type 2
1526,6.06046109813603,7.910159125365765,4,Sample 2,Cell type 2
1527,-4.0319155070013695,5.947676158856204,3,Sample 2,Cell type 1
1528,0.510928134914482,-6.224573151795755,2,Sample 1,Cell type 3
1529,-0.17253411003810587,-7.769436684228436,2,Sample 1,Cell type 3
1530,3.4239169458305314,7.785145682504923,1,Sample 1,Cell type 2
1531,-5.94660681013262,5.439682069657395,0,Sample 1,Cell type 1
1532,-6.024243518936716,7.769033674489592,0,Sample 1,Cell type 1
1533,0.0827505034464851,-5.43740697975048,2,Sample 1,Cell type 3
1534,0.9820511584155412,-7.11742824527565,5,Sample 2,Cell type 3
1535,6.690034787692136,5.715089061052185,4,Sample 2,Cell type 2
1536,6.656185918644788,7.724912774856136,4,Sample 2,Cell type 2
1537,1.7574460532094964,-7.027065463038776,5,Sample 2,Cell type 3
1538,1.4738636376106746,-6.991616759904396,5,Sample 2,Cell type 3
1539,1.7954812158523388,-6.349250691910713,5,Sample 2,Cell type 3
1540,5.800465854434383,6.53457164460416,1,Sample 1,Cell type 2
1541,-5.473518218366286,7.784721891650852,3,Sample 2,Cell type 1
1542,4.894821923462666,7.7319055490186805,1,Sample 1,Cell type 2
1543,5.834412328721305,6.24624759174763,4,Sample 2,Cell type 2
1544,-4.818032052316696,8.116782015291419,0,Sample 1,Cell type 1
1545,-0.8939821226986226,-6.788051307152364,5,Sample 2,Cell type 3
1546,1.3565783022486924,-5.553236856046986,2,Sample 1,Cell type 3
1547,5.827370298937424,6.1288586454723895,4,Sample 2,Cell type 2
1548,-3.887833960786149,7.5173160569469655,0,Sample 1,Cell type 1
1549,4.8638523019800575,6.708485372403655,1,Sample 1,Cell type 2
1550,-4.988856566469643,7.051767742177473,0,Sample 1,Cell type 1
1551,2.83741416560061,7.613368067490201,1,Sample 1,Cell type 2
1552,-0.3741377186907171,-6.882153883962195,5,Sample 2,Cell type 3
1553,-6.031968719792843,6.035004794214583,0,Sample 1,Cell type 1
1554,0.677416620173195,-8.772849748146673,2,Sample 1,Cell type 3
1555,4.944825201357991,7.087152985360754,4,Sample 2,Cell type 2
1556,5.5867086409919136,6.252465233165008,4,Sample 2,Cell type 2
1557,5.988625753457724,6.214224868146236,1,Sample 1,Cell type 2
1558,4.131879578753761,6.410739387882312,1,Sample 1,Cell type 2
1559,4.914158284796617,7.4292413525136975,1,Sample 1,Cell type 2
1560,-4.120093561003046,6.059862877507585,3,Sample 2,Cell type 1
1561,5.000165651934558,7.063627554954584,1,Sample 1,Cell type 2
1562,5.960063165141489,6.6775458538605115,1,Sample 1,Cell type 2
1563,3.735047438374293,7.787098463126368,1,Sample 1,Cell type 2
1564,-3.8187677202192836,8.175140895183437,0,Sample 1,Cell type 1
1565,6.882574057642927,8.224621733427556,4,Sample 2,Cell type 2
1566,-4.504019983627115,7.656632213873352,3,Sample 2,Cell type 1
1567,-0.3929229977136838,-7.298968206561212,2,Sample 1,Cell type 3
1568,-3.0883555711796244,6.761178240223226,3,Sample 2,Cell type 1
1569,-4.93417280857966,7.923452111917756,0,Sample 1,Cell type 1
1570,5.165813863519155,7.126543281494476,1,Sample 1,Cell type 2
1571,-3.348815311841807,7.173961772189449,3,Sample 2,Cell type 1
1572,0.9604253267790981,-6.958779915987038,2,Sample 1,Cell type 3
1573,6.56251215778884,9.069812198842671,4,Sample 2,Cell type 2
1574,-4.050118577697457,7.264060010590859,3,Sample 2,Cell type 1
1575,-5.6722423190825255,6.934861214428751,3,Sample 2,Cell type 1
1576,0.21121606506693602,-6.053185011780061,2,Sample 1,Cell type 3
1577,5.197248877200397,6.805985972595196,4,Sample 2,Cell type 2
1578,-3.732449188121183,8.25352533055063,3,Sample 2,Cell type 1
1579,-3.7972813585862797,7.772957644326013,0,Sample 1,Cell type 1
1580,-4.169968044593681,6.663054692781678,0,Sample 1,Cell type 1
1581,-3.523607281888594,6.599152006695163,3,Sample 2,Cell type 1
1582,0.9467949335119423,-8.01350050576658,2,Sample 1,Cell type 3
1583,0.865413382138263,-8.1208431666106,2,Sample 1,Cell type 3
1584,-0.3277492741035979,-6.501210084201346,2,Sample 1,Cell type 3
1585,4.097254672101338,7.2251890379838954,4,Sample 2,Cell type 2
1586,-3.5584912225422767,7.615251978599579,3,Sample 2,Cell type 1
1587,-4.538342298255568,6.908631503031081,0,Sample 1,Cell type 1
1588,-3.0802623848970025,7.30832936268972,3,Sample 2,Cell type 1
1589,0.45076899747698485,-6.140366967734636,5,Sample 2,Cell type 3
1590,0.9496849064801134,-7.4293699278110426,5,Sample 2,Cell type 3
1591,-5.967755794272886,7.551010795862439,0,Sample 1,Cell type 1
1592,2.6890370672796675,-7.759520134916585,5,Sample 2,Cell type 3
1593,4.917396191880762,5.756516762942142,1,Sample 1,Cell type 2
1594,-5.657776316453145,7.266017581059005,0,Sample 1,Cell type 1
1595,-3.932426570888042,6.215664216861411,3,Sample 2,Cell type 1
1596,1.6122200883685123,-6.038552243127437,2,Sample 1,Cell type 3
1597,5.201247317698625,8.369673164287919,4,Sample 2,Cell type 2
1598,1.8253230196601402,-8.198203094017895,5,Sample 2,Cell type 3
1599,0.5542860673899493,-6.605010756818431,2,Sample 1,Cell type 3
1600,6.618884975383711,7.076507687513474,1,Sample 1,Cell type 2
1601,0.38002974074881213,-5.976592422413557,5,Sample 2,Cell type 3
1602,1.1411873469303622,-6.710086998956596,5,Sample 2,Cell type 3
1603,5.841558094178335,6.272619310013945,1,Sample 1,Cell type 2
1604,-3.8396322948690167,7.558192096869181,3,Sample 2,Cell type 1
1605,5.101103663637129,8.622211011112103,1,Sample 1,Cell type 2
1606,-3.9818953178585046,5.946617368780446,3,Sample 2,Cell type 1
1607,6.884985247087975,7.231626767296579,4,Sample 2,Cell type 2
1608,-4.48361265508714,8.801671590509844,0,Sample 1,Cell type 1
1609,6.186434361223587,6.496615984970864,4,Sample 2,Cell type 2
1610,-4.5025520302262425,5.8148880359531105,0,Sample 1,Cell type 1
1611,5.016634966140327,6.488665458882168,1,Sample 1,Cell type 2
1612,6.498638220974037,7.935106264437194,1,Sample 1,Cell type 2
1613,-5.718731737078686,7.46460314907068,0,Sample 1,Cell type 1
1614,5.792848962737287,6.9207802910585,4,Sample 2,Cell type 2
1615,0.0585575928013556,-7.191262202904084,2,Sample 1,Cell type 3
1616,-1.7219068356873444,-6.369903295463127,2,Sample 1,Cell type 3
1617,-5.619031359282858,6.0753440492163415,0,Sample 1,Cell type 1
1618,-5.292709429928379,7.310785962135354,3,Sample 2,Cell type 1
1619,-4.717066126873649,7.246509681625825,3,Sample 2,Cell type 1
1620,1.8490050068096944,-7.417779465214398,5,Sample 2,Cell type 3
1621,-1.3348794071025563,-6.224084987958372,2,Sample 1,Cell type 3
1622,-4.100139542706532,7.748573494973407,3,Sample 2,Cell type 1
1623,5.275030305239908,7.032145930609115,1,Sample 1,Cell type 2
1624,4.188883238165969,7.139617540988163,1,Sample 1,Cell type 2
1625,5.873169846066834,6.3366525625543035,4,Sample 2,Cell type 2
1626,5.826036963473326,7.9724319213275425,1,Sample 1,Cell type 2
1627,1.2249843937748834,-5.879388284307356,5,Sample 2,Cell type 3
1628,-4.610015391317279,7.90011012552346,3,Sample 2,Cell type 1
1629,5.938499710069313,7.366781565623951,1,Sample 1,Cell type 2
1630,-0.0989861440798053,-6.704823323924848,2,Sample 1,Cell type 3
1631,-0.7142300123935073,-6.660176240480599,2,Sample 1,Cell type 3
1632,-0.2964662099206263,-8.14950550141761,2,Sample 1,Cell type 3
1633,0.34265335390019,-7.0093426148913025,2,Sample 1,Cell type 3
1634,6.674011117164003,7.675034824779047,4,Sample 2,Cell type 2
1635,-4.920534155656619,7.672177510562907,0,Sample 1,Cell type 1
1636,7.6677703369848125,6.26473845552291,4,Sample 2,Cell type 2
1637,0.6994930714261278,-8.114921324211835,5,Sample 2,Cell type 3
1638,2.1963665961943657,-7.298768215268419,5,Sample 2,Cell type 3
1639,5.990626457146909,7.088085073254325,1,Sample 1,Cell type 2
1640,-4.584522788607062,8.297258942267538,0,Sample 1,Cell type 1
1641,0.9602093997910635,-7.441596901533795,2,Sample 1,Cell type 3
1642,1.713490417728599,-7.96170367915718,5,Sample 2,Cell type 3
1643,-0.0755669715536022,-6.735379834246181,2,Sample 1,Cell type 3
1644,-3.6056108331884325,7.025053609461105,3,Sample 2,Cell type 1
1645,-4.893167276174174,6.94909194276104,0,Sample 1,Cell type 1
1646,5.882127818702795,7.842208150309933,4,Sample 2,Cell type 2
1647,6.317917618767387,6.473103288698906,4,Sample 2,Cell type 2
1648,5.710121953963118,7.664525647377577,4,Sample 2,Cell type 2
1649,6.305946652554028,6.0213372509090615,4,Sample 2,Cell type 2
1650,0.11949078581695112,-6.779755575021746,2,Sample 1,Cell type 3
1651,5.649117243593274,6.152457180863381,1,Sample 1,Cell type 2
1652,3.960335010457922,7.734853746168815,1,Sample 1,Cell type 2
1653,-4.9156995950832325,6.003847415930911,0,Sample 1,Cell type 1
1654,-0.03144583010210495,-7.178665239386862,2,Sample 1,Cell type 3
1655,0.26734113379591795,-7.195275050925274,2,Sample 1,Cell type 3
1656,-3.4843852066837666,7.813664364940935,3,Sample 2,Cell type 1
1657,-4.194448959104693,7.072898160780278,3,Sample 2,Cell type 1
1658,-0.7048546693290338,-7.640844422784716,2,Sample 1,Cell type 3
1659,2.1352284890938114,-6.836386182807089,5,Sample 2,Cell type 3
1660,1.8086717880162508,-4.247823661809088,5,Sample 2,Cell type 3
1661,5.962991026186926,7.162349005646692,4,Sample 2,Cell type 2
1662,-0.6522422200324884,-5.373762766001313,5,Sample 2,Cell type 3
1663,0.25742402612158566,-6.076325189383136,5,Sample 2,Cell type 3
1664,5.084715562492187,7.538598196243463,1,Sample 1,Cell type 2
1665,5.460967915472419,7.837097542489289,4,Sample 2,Cell type 2
1666,-0.3144422056491208,-6.269762351698628,2,Sample 1,Cell type 3
1667,-0.11230004712426916,-6.824977677314118,2,Sample 1,Cell type 3
1668,1.1147636220195452,-6.5026285300272475,2,Sample 1,Cell type 3
1669,-3.7773210922842644,6.663697121786168,3,Sample 2,Cell type 1
1670,1.1741745608697334,-7.730788084098026,5,Sample 2,Cell type 3
1671,-3.9669700355300486,7.90079493079207,3,Sample 2,Cell type 1
1672,6.581152467612388,5.819674522496634,1,Sample 1,Cell type 2
1673,-5.538792499395095,7.294263141644517,0,Sample 1,Cell type 1
1674,6.9221184826093545,6.097144777067914,4,Sample 2,Cell type 2
1675,1.9412266030302123,-7.538045518715556,5,Sample 2,Cell type 3
1676,-5.444159621354559,8.575993467417948,0,Sample 1,Cell type 1
1677,5.85911005283211,7.137457746915484,4,Sample 2,Cell type 2
1678,1.0112039738971046,-6.620037511859944,5,Sample 2,Cell type 3
1679,6.0864112967836,6.345748975742041,4,Sample 2,Cell type 2
1680,-0.2238482739016049,-7.842698047793629,2,Sample 1,Cell type 3
1681,0.17342045101010328,-7.948909833971751,2,Sample 1,Cell type 3
1682,-0.1382413899171715,-6.4535316879961355,2,Sample 1,Cell type 3
1683,5.513204877015038,6.264773481287771,4,Sample 2,Cell type 2
1684,0.11591026647751296,-7.051945377237511,2,Sample 1,Cell type 3
1685,-0.06195476858079492,-8.027302822744872,2,Sample 1,Cell type 3
1686,0.7457532514083078,-7.260312041640632,2,Sample 1,Cell type 3
1687,-3.3102211904904184,5.938086167231359,3,Sample 2,Cell type 1
1688,5.591048384710002,7.563361799075918,1,Sample 1,Cell type 2
1689,5.441390520998886,7.170408359661166,4,Sample 2,Cell type 2
1690,-4.371359873079334,7.411433861293447,0,Sample 1,Cell type 1
1691,-4.542914449035282,6.81647778967138,3,Sample 2,Cell type 1
1692,5.997771111466479,6.644595490252809,4,Sample 2,Cell type 2
1693,4.559570520406734,6.094497871134148,1,Sample 1,Cell type 2
1694,5.865359661462686,7.550350477356352,4,Sample 2,Cell type 2
1695,4.0484704857061375,8.385206174470246,1,Sample 1,Cell type 2
1696,-4.140302764718952,7.4642723296629025,3,Sample 2,Cell type 1
1697,0.43095741844041646,-6.977368438945595,5,Sample 2,Cell type 3
1698,2.048929837282893,-6.379811826154318,5,Sample 2,Cell type 3
1699,-0.2616138540878169,-7.241833235345826,2,Sample 1,Cell type 3
1700,0.22188676957174072,-7.088890995212446,2,Sample 1,Cell type 3
1701,-4.4424718535313055,7.627758883140504,3,Sample 2,Cell type 1
1702,5.0535925737798975,7.4838191860287555,1,Sample 1,Cell type 2
1703,6.401999756903432,6.358468721023664,4,Sample 2,Cell type 2
1704,0.5375092330274853,-7.277474640823563,5,Sample 2,Cell type 3
1705,6.030059887468693,6.819315148835002,4,Sample 2,Cell type 2
1706,5.948563323730397,7.646230460397529,1,Sample 1,Cell type 2
1707,-1.4720621956046023,-7.0968923007050515,2,Sample 1,Cell type 3
1708,-4.552167641655168,7.935692392309173,0,Sample 1,Cell type 1
1709,5.53638449379297,6.213582025433351,1,Sample 1,Cell type 2
1710,-4.681909412859283,7.451360300419084,3,Sample 2,Cell type 1
1711,-5.759519111065554,9.176973463735388,0,Sample 1,Cell type 1
1712,-5.030107761939878,7.953709317478693,0,Sample 1,Cell type 1
1713,5.899290175988811,7.829088981563762,1,Sample 1,Cell type 2
1714,-5.289952753122506,6.17533189616456,0,Sample 1,Cell type 1
1715,6.1474472512624825,6.735045630030146,4,Sample 2,Cell type 2
1716,-4.260778384634479,6.923146102711084,0,Sample 1,Cell type 1
1717,5.589928962417193,7.617637735066331,4,Sample 2,Cell type 2
1718,5.2851239890247035,5.757963719383798,4,Sample 2,Cell type 2
1719,2.3223304409843375,-5.40884574370672,5,Sample 2,Cell type 3
1720,-0.48549214228574034,-6.704918543022634,2,Sample 1,Cell type 3
1721,4.141805579408155,7.2624653031543955,1,Sample 1,Cell type 2
1722,0.15690516721912587,-7.794322443654275,2,Sample 1,Cell type 3
1723,0.7415661049815945,-7.364857412504904,5,Sample 2,Cell type 3
1724,-0.6488006909030759,-7.962304971995071,2,Sample 1,Cell type 3
1725,4.821227214102518,6.7916143749709175,1,Sample 1,Cell type 2
1726,0.4824757479590669,-7.751496034863111,2,Sample 1,Cell type 3
1727,5.10873491341353,6.566323144875243,4,Sample 2,Cell type 2
1728,-3.8390851137639666,7.838484472733641,0,Sample 1,Cell type 1
1729,7.351351146921344,8.407006036989188,4,Sample 2,Cell type 2
1730,4.50587848365252,6.818209527043836,1,Sample 1,Cell type 2
1731,0.2020550767972988,-5.963442173790351,2,Sample 1,Cell type 3
1732,-4.7752065058119735,6.572908196009,0,Sample 1,Cell type 1
1733,5.0644154966375865,6.494291725089559,4,Sample 2,Cell type 2
1734,-5.191158437493128,6.345016882232197,0,Sample 1,Cell type 1
1735,4.889235212812981,6.091629222833983,1,Sample 1,Cell type 2
1736,0.3819663105262112,-7.117439011600117,5,Sample 2,Cell type 3
1737,-4.903763494630481,7.482618879112475,0,Sample 1,Cell type 1
1738,6.872146776816358,6.472590960168158,4,Sample 2,Cell type 2
1739,-0.6851985899273592,-6.992931510466807,2,Sample 1,Cell type 3
1740,4.235901936520517,7.409947064340244,1,Sample 1,Cell type 2
1741,-0.7946869596655606,-7.8837708734574585,2,Sample 1,Cell type 3
1742,6.046696232654316,6.587980666875912,4,Sample 2,Cell type 2
1743,-3.693254774159123,6.153991497450525,0,Sample 1,Cell type 1
1744,6.510084649784967,7.278083656060613,4,Sample 2,Cell type 2
1745,6.944791924244537,7.393687462295213,4,Sample 2,Cell type 2
1746,-3.439439510303533,9.322791367443518,3,Sample 2,Cell type 1
1747,-0.8068437472609665,-8.641168365203539,2,Sample 1,Cell type 3
1748,4.702234579143157,7.9420667076288245,1,Sample 1,Cell type 2
1749,-0.4014273542492256,-8.169040250172756,2,Sample 1,Cell type 3
1750,-3.0237736828658264,6.209724509888664,3,Sample 2,Cell type 1
1751,1.0729345173331513,-6.4405044992277265,5,Sample 2,Cell type 3
1752,1.3649995908228263,-9.506793043260005,5,Sample 2,Cell type 3
1753,4.871154535147134,7.713591605956693,4,Sample 2,Cell type 2
1754,5.439107068253891,6.867103177022517,1,Sample 1,Cell type 2
1755,0.24083773778505746,-7.796590111643124,5,Sample 2,Cell type 3
1756,-3.9363411720462675,7.678127344796363,3,Sample 2,Cell type 1
1757,5.224509123592109,8.477964199221582,1,Sample 1,Cell type 2
1758,0.30561966197733437,-7.241942405629509,5,Sample 2,Cell type 3
1759,-6.043575600403883,7.606805850929506,0,Sample 1,Cell type 1
1760,0.20152429778477177,-8.474495694123474,5,Sample 2,Cell type 3
1761,-3.526846278598516,7.615244100246828,3,Sample 2,Cell type 1
1762,0.8177832167010923,-7.823080557564479,5,Sample 2,Cell type 3
1763,1.3559167160079073,-6.390492296296958,5,Sample 2,Cell type 3
1764,6.981627677639098,5.8065846592181405,4,Sample 2,Cell type 2
1765,-4.720537106009984,6.29970775472688,3,Sample 2,Cell type 1
1766,-4.08865004822327,6.760473369048245,3,Sample 2,Cell type 1
1767,-3.6840258291989727,6.871838980220373,0,Sample 1,Cell type 1
1768,-3.5123791638331188,5.826768824792482,3,Sample 2,Cell type 1
1769,5.72225080391019,7.687709587855853,4,Sample 2,Cell type 2
1770,-3.0471313161812184,6.416183790537413,3,Sample 2,Cell type 1
1771,0.8366961849018271,-4.5769229084990375,5,Sample 2,Cell type 3
1772,-4.94857598472363,6.208871989522031,0,Sample 1,Cell type 1
1773,-3.5226904031618673,6.2149999988045534,0,Sample 1,Cell type 1
1774,2.400740753541715,-7.0962826225279585,5,Sample 2,Cell type 3
1775,-4.392857128170588,7.296020951040976,0,Sample 1,Cell type 1
1776,4.916440625170023,6.936010433313467,1,Sample 1,Cell type 2
1777,-4.15496430384397,7.503298167094032,3,Sample 2,Cell type 1
1778,-0.8778946551768533,-8.252607753890997,2,Sample 1,Cell type 3
1779,-5.989560568702466,6.014702521398054,0,Sample 1,Cell type 1
1780,6.657880376716603,6.401483528313806,4,Sample 2,Cell type 2
1781,0.9237271270426539,-5.686810359979741,5,Sample 2,Cell type 3
1782,0.2646810436924622,-5.9102666613604065,2,Sample 1,Cell type 3
1783,-2.7724143185643877,7.968967186828003,3,Sample 2,Cell type 1
1784,5.814129173474802,7.288264060525994,1,Sample 1,Cell type 2
1785,0.005742773526353554,-8.740249938562343,2,Sample 1,Cell type 3
1786,-4.832154975852719,8.627223871287022,3,Sample 2,Cell type 1
1787,-3.868564187703545,8.828046325587716,3,Sample 2,Cell type 1
1788,-3.575179124084632,7.190169254999629,3,Sample 2,Cell type 1
1789,-4.525351476501931,6.862820578848326,3,Sample 2,Cell type 1
1790,-0.4448949974086245,-7.175116046708371,2,Sample 1,Cell type 3
1791,5.743691952450565,5.647548667459699,4,Sample 2,Cell type 2
1792,-3.6766297077781345,7.643766007618243,3,Sample 2,Cell type 1
1793,-0.4444374235894933,-6.907556586583094,2,Sample 1,Cell type 3
1794,4.736450961025921,6.4167543381546714,4,Sample 2,Cell type 2
1795,0.18060921848940353,-7.05697721031855,2,Sample 1,Cell type 3
1796,-4.7877238278778105,6.437049054173306,3,Sample 2,Cell type 1
1797,0.8235659852786859,-6.3732155078427155,2,Sample 1,Cell type 3
1798,-3.1728951560606333,6.745099726032194,3,Sample 2,Cell type 1
1799,4.221140665650243,6.65661259628543,4,Sample 2,Cell type 2
1800,-4.373407049561153,5.884680266279541,3,Sample 2,Cell type 1
1801,5.692900206935374,7.232892137962451,4,Sample 2,Cell type 2
1802,-2.9436687921729323,6.371519293193541,3,Sample 2,Cell type 1
1803,0.7290901777397774,-6.986464778848291,2,Sample 1,Cell type 3
1804,2.3111684220798665,-6.344649681836523,5,Sample 2,Cell type 3
1805,3.8449161470931665,5.234123049355685,1,Sample 1,Cell type 2
1806,-4.073565426083412,7.083888037701604,3,Sample 2,Cell type 1
1807,-4.9773452990956315,7.094872723462072,0,Sample 1,Cell type 1
1808,-5.092017436341308,7.632263637405247,3,Sample 2,Cell type 1
1809,-2.325441654232044,5.861561076214905,3,Sample 2,Cell type 1
1810,-4.477129126375104,6.831722393923528,3,Sample 2,Cell type 1
1811,5.6969921307175255,8.737196069553313,4,Sample 2,Cell type 2
1812,-4.786086148742478,7.328426056822287,0,Sample 1,Cell type 1
1813,5.497257511884841,6.775379543030568,1,Sample 1,Cell type 2
1814,-0.36727224817519344,-7.626748107195991,2,Sample 1,Cell type 3
1815,-3.4940366266861593,6.691725271782303,3,Sample 2,Cell type 1
1816,-3.604235476979974,7.377815836988391,3,Sample 2,Cell type 1
1817,6.351588838406809,6.992419933901974,4,Sample 2,Cell type 2
1818,-4.212542081218733,6.899876736485068,0,Sample 1,Cell type 1
1819,-4.938542487151795,6.04467403251462,0,Sample 1,Cell type 1
1820,1.0703788377033352,-7.4232875213461185,5,Sample 2,Cell type 3
1821,0.49500709100743956,-6.591507262808112,5,Sample 2,Cell type 3
1822,-0.82862179559596,-7.697140901903982,5,Sample 2,Cell type 3
1823,-5.015710239141345,7.513059775399194,0,Sample 1,Cell type 1
1824,-5.336149453676686,6.84564012477707,0,Sample 1,Cell type 1
1825,6.1323229282397635,5.965453756911526,4,Sample 2,Cell type 2
1826,5.060346911121274,5.789495162347741,1,Sample 1,Cell type 2
1827,4.999040690693057,5.845053190401744,4,Sample 2,Cell type 2
1828,-3.2848447285397393,7.578203029719885,0,Sample 1,Cell type 1
1829,-2.8854549936520755,7.742547103250757,3,Sample 2,Cell type 1
1830,0.6629145537836465,-6.573990419890194,5,Sample 2,Cell type 3
1831,-0.5706313182711795,-6.702407919542384,5,Sample 2,Cell type 3
1832,-5.116358803804058,6.504739059326215,3,Sample 2,Cell type 1
1833,1.1528993870691138,-7.9908337901834,5,Sample 2,Cell type 3
1834,5.923910681839387,6.804637716622466,4,Sample 2,Cell type 2
1835,0.760387969962018,-8.059630229505002,5,Sample 2,Cell type 3
1836,5.951130697179714,7.637710889626327,1,Sample 1,Cell type 2
1837,-0.4708148986176566,-6.352573952567598,5,Sample 2,Cell type 3
1838,5.543748745770827,6.127781240375197,4,Sample 2,Cell type 2
1839,6.99472463774973,8.053491979551984,4,Sample 2,Cell type 2
1840,0.656292017177993,-8.111955224978551,5,Sample 2,Cell type 3
1841,5.226638487437873,6.434216501688969,4,Sample 2,Cell type 2
1842,-2.8744522032865993,6.683773016197621,3,Sample 2,Cell type 1
1843,4.705759508947731,7.375690268957517,4,Sample 2,Cell type 2
1844,7.273120294210243,7.772439160974368,4,Sample 2,Cell type 2
1845,-3.7414516140334353,8.098121299748325,3,Sample 2,Cell type 1
1846,6.3996671233643365,8.176231074817865,1,Sample 1,Cell type 2
1847,5.358240473571857,6.153340203056106,4,Sample 2,Cell type 2
1848,0.46613329502681566,-8.864600559472606,5,Sample 2,Cell type 3
1849,-5.541113841647416,8.511820158194128,0,Sample 1,Cell type 1
1850,-5.6883306922271615,6.763423376481615,0,Sample 1,Cell type 1
1851,1.697722484547244,-6.811838657700249,5,Sample 2,Cell type 3
1852,-4.063253873491645,6.607768524156878,3,Sample 2,Cell type 1
1853,1.6182782708349785,-6.444539901643867,5,Sample 2,Cell type 3
1854,2.204049630886664,-7.935069898571181,5,Sample 2,Cell type 3
1855,4.164152644783173,5.497982540364674,1,Sample 1,Cell type 2
1856,5.056041730490545,8.000570453952028,1,Sample 1,Cell type 2
1857,-1.3633991529936251,-7.5844495267871785,5,Sample 2,Cell type 3
1858,-0.5338791088082393,-8.24796893616429,5,Sample 2,Cell type 3
1859,7.337078060349981,6.349967267947736,4,Sample 2,Cell type 2
1860,-4.793357330752248,6.564763591957642,3,Sample 2,Cell type 1
1861,-3.5208351240437237,7.972319835503681,0,Sample 1,Cell type 1
1862,3.7857010026553524,6.785444451220188,1,Sample 1,Cell type 2
1863,0.4275896116118171,-6.173868442385533,5,Sample 2,Cell type 3
1864,6.645234851863633,6.1663570636047425,1,Sample 1,Cell type 2
1865,0.5851042020599939,-6.598730162864305,2,Sample 1,Cell type 3
1866,4.694388091978866,6.347109545515022,4,Sample 2,Cell type 2
1867,6.977035956548119,7.178234516329664,4,Sample 2,Cell type 2
1868,-4.955618351812828,7.2997104413012615,3,Sample 2,Cell type 1
1869,5.5330500007273695,7.441140846148636,1,Sample 1,Cell type 2
1870,1.8387199102508327,-7.135921496213809,5,Sample 2,Cell type 3
1871,6.311971623497114,7.664769804722989,1,Sample 1,Cell type 2
1872,4.359969148481882,7.020248152173192,1,Sample 1,Cell type 2
1873,1.193441657244599,-6.829942156040581,5,Sample 2,Cell type 3
1874,-4.157537446397511,6.699402949372981,3,Sample 2,Cell type 1
1875,-0.2049438019963041,-7.264265768562098,2,Sample 1,Cell type 3
1876,5.019375565338207,8.200844256197819,1,Sample 1,Cell type 2
1877,6.995652128284204,8.856266940687675,4,Sample 2,Cell type 2
1878,0.4066149117396717,-3.930077646716414,2,Sample 1,Cell type 3
1879,-1.3461269552981487,-7.8902906845745795,2,Sample 1,Cell type 3
1880,3.506768038911507,7.877078763735013,1,Sample 1,Cell type 2
1881,-4.493774507114972,8.887622098108992,0,Sample 1,Cell type 1
1882,-5.521134402891558,6.683959144622018,0,Sample 1,Cell type 1
1883,-4.530514324959784,8.823432312513459,0,Sample 1,Cell type 1
1884,-4.9774550741046975,7.063772614550112,0,Sample 1,Cell type 1
1885,-0.19028936279249842,-7.971216693250405,5,Sample 2,Cell type 3
1886,1.391081081482665,-7.328062024759805,2,Sample 1,Cell type 3
1887,-0.274039360686212,-6.934696795068219,2,Sample 1,Cell type 3
1888,5.3789056614491635,6.329962907880245,1,Sample 1,Cell type 2
1889,5.12801458068223,7.472494000799512,1,Sample 1,Cell type 2
1890,0.9291646283335898,-7.434180944787978,5,Sample 2,Cell type 3
1891,1.305082267664228,-5.978646641844463,5,Sample 2,Cell type 3
1892,6.40809948900006,6.5515759561743705,4,Sample 2,Cell type 2
1893,6.13568240361091,6.590728959274512,1,Sample 1,Cell type 2
1894,6.427491918909107,7.143942696870206,4,Sample 2,Cell type 2
1895,-0.6991942545005085,-6.740174805808131,5,Sample 2,Cell type 3
1896,4.892553006823562,7.719714430393301,1,Sample 1,Cell type 2
1897,6.057722589457409,7.661657596518405,4,Sample 2,Cell type 2
1898,0.8451123911715935,-6.475398693086971,5,Sample 2,Cell type 3
1899,1.896773618891502,-6.426608049620537,5,Sample 2,Cell type 3
1900,-1.3115873300203473,-7.385044696714174,2,Sample 1,Cell type 3
1901,0.7454731987056569,-6.590481399749002,5,Sample 2,Cell type 3
1902,5.3432968620722505,6.7296244559172695,4,Sample 2,Cell type 2
1903,2.0513812605628634,-6.500454811228241,5,Sample 2,Cell type 3
1904,0.9405237361931806,-7.218708965614232,5,Sample 2,Cell type 3
1905,1.3601245071573183,-7.154554571415945,5,Sample 2,Cell type 3
1906,1.2718711825445472,-6.6118108351502745,2,Sample 1,Cell type 3
1907,3.731213350209633,5.56712830375424,1,Sample 1,Cell type 2
1908,-3.9636068189353986,7.5177369504348395,3,Sample 2,Cell type 1
1909,5.546663194248856,6.903616756201986,1,Sample 1,Cell type 2
1910,5.370260744010403,7.23375537986449,4,Sample 2,Cell type 2
1911,-3.7590784195819813,7.163607519299762,0,Sample 1,Cell type 1
1912,5.430636863239706,7.929073681713318,1,Sample 1,Cell type 2
1913,5.6940380818645675,5.49029717195218,4,Sample 2,Cell type 2
1914,5.398577398797428,7.983187042682489,1,Sample 1,Cell type 2
1915,6.871923967272664,6.6141206325981265,4,Sample 2,Cell type 2
1916,-4.6688497216800195,8.210664468863033,3,Sample 2,Cell type 1
1917,1.8241997551756537,-7.375097288896958,5,Sample 2,Cell type 3
1918,5.853359432379042,7.055232336248909,4,Sample 2,Cell type 2
1919,2.051025741257446,-7.083445124446867,5,Sample 2,Cell type 3
1920,-3.4509171559883733,6.3999536726448865,3,Sample 2,Cell type 1
1921,4.871893763546687,7.6081398730258485,1,Sample 1,Cell type 2
1922,6.202989837419866,5.636606693535564,4,Sample 2,Cell type 2
1923,-3.817684764206787,6.656451637246557,0,Sample 1,Cell type 1
1924,5.410484638540866,6.863430469798342,1,Sample 1,Cell type 2
1925,-5.215899948234697,6.28805683923963,0,Sample 1,Cell type 1
1926,-3.442941710335741,7.294107661773844,3,Sample 2,Cell type 1
1927,5.806855548220005,8.244493857384656,4,Sample 2,Cell type 2
1928,-0.025151336299821136,-7.749810719218127,2,Sample 1,Cell type 3
1929,4.251649038364324,7.939853504805502,1,Sample 1,Cell type 2
1930,0.7465024578728555,-7.2492443724867615,2,Sample 1,Cell type 3
1931,-4.6927476408485544,7.044912013390201,0,Sample 1,Cell type 1
1932,-0.5672167661043924,-5.508460501844221,2,Sample 1,Cell type 3
1933,-4.6954295895909155,7.062374102237498,3,Sample 2,Cell type 1
1934,1.628148065848301,-8.493212581761636,5,Sample 2,Cell type 3
1935,0.1493164001357451,-6.2537680003455165,5,Sample 2,Cell type 3
1936,1.4866137330753515,-5.994319805594824,5,Sample 2,Cell type 3
1937,-5.563474952434207,5.944298774774627,0,Sample 1,Cell type 1
1938,1.550564245162306,-7.425953276031384,5,Sample 2,Cell type 3
1939,5.507777174849416,7.958827685430454,1,Sample 1,Cell type 2
1940,0.8806571187380842,-6.221971039966968,2,Sample 1,Cell type 3
1941,1.7722613337289013,-6.507598843982213,5,Sample 2,Cell type 3
1942,0.3123091888972367,-7.783522860338287,5,Sample 2,Cell type 3
1943,-5.0286608312879615,8.32278273651668,0,Sample 1,Cell type 1
1944,-4.604775850973809,7.279606824524601,0,Sample 1,Cell type 1
1945,1.2503110148065584,-7.290262277328919,2,Sample 1,Cell type 3
1946,-3.709030984753082,7.43389525307666,0,Sample 1,Cell type 1
1947,-4.972733225392619,6.455089227018562,0,Sample 1,Cell type 1
1948,3.0606077917816465,7.778304128954315,1,Sample 1,Cell type 2
1949,-5.517258307394021,6.205829408973959,0,Sample 1,Cell type 1
1950,-0.4852027105725918,-6.706344455728914,2,Sample 1,Cell type 3
1951,-4.280679544061179,5.29638960382461,3,Sample 2,Cell type 1
1952,-4.866838233429555,7.465028823071995,0,Sample 1,Cell type 1
1953,-4.64510154329444,7.13162376386955,3,Sample 2,Cell type 1
1954,-0.4043503178485679,-7.627187298326973,5,Sample 2,Cell type 3
1955,3.8390594479587525,7.0613966535886314,1,Sample 1,Cell type 2
1956,0.996741730302852,-7.104075533985524,5,Sample 2,Cell type 3
1957,5.521217593071604,6.160919275525622,1,Sample 1,Cell type 2
1958,0.9461780280691724,-7.930796643411766,5,Sample 2,Cell type 3
1959,5.645389228145678,6.840207718142195,4,Sample 2,Cell type 2
1960,1.5700697524246359,-7.068111274387197,2,Sample 1,Cell type 3
1961,-5.202054521114528,6.0728412662935956,0,Sample 1,Cell type 1
1962,-4.734148790416326,6.472278582620232,0,Sample 1,Cell type 1
1963,0.11443901590316188,-6.391378221052505,2,Sample 1,Cell type 3
1964,-4.771307687420076,7.338633243855096,0,Sample 1,Cell type 1
1965,-1.0115987255639725,-8.505552973893137,2,Sample 1,Cell type 3
1966,6.345305303710078,7.662808186359743,4,Sample 2,Cell type 2
1967,5.7723179876729365,8.059972389310449,1,Sample 1,Cell type 2
1968,-5.176771339063731,7.0925764830611,0,Sample 1,Cell type 1
1969,-2.9510660017579005,6.891612635162992,3,Sample 2,Cell type 1
1970,5.868629059951478,7.149454334642192,1,Sample 1,Cell type 2
1971,-5.215110952443864,6.185847084872139,0,Sample 1,Cell type 1
1972,-3.9311113053928177,6.473529183809341,3,Sample 2,Cell type 1
1973,5.897162965398435,6.549727714140343,4,Sample 2,Cell type 2
1974,-3.7787193875910554,8.027452332525858,3,Sample 2,Cell type 1
1975,-4.793959687421789,7.011511079252542,0,Sample 1,Cell type 1
1976,3.9291153602214006,7.625402710290764,1,Sample 1,Cell type 2
1977,-5.36851101676783,7.916765592840608,0,Sample 1,Cell type 1
1978,-4.402855695126174,6.950576600161529,3,Sample 2,Cell type 1
1979,5.987021505923247,7.996534836695067,4,Sample 2,Cell type 2
1980,-3.8824517612906497,6.6533625558494816,3,Sample 2,Cell type 1
1981,4.699564773150351,5.0658105554361015,4,Sample 2,Cell type 2
1982,1.2445324549140768,-7.656071466915841,5,Sample 2,Cell type 3
1983,6.093464139337747,6.042595011260653,4,Sample 2,Cell type 2
1984,4.933855451325841,6.973669805158849,1,Sample 1,Cell type 2
1985,5.542340697071415,6.6807386853489135,1,Sample 1,Cell type 2
1986,5.957305189316521,6.5832414884099695,1,Sample 1,Cell type 2
1987,-2.5146820507504364,6.685655034990695,3,Sample 2,Cell type 1
1988,6.704052770365874,5.924023152722744,4,Sample 2,Cell type 2
1989,0.25993230361709185,-7.43122932519815,5,Sample 2,Cell type 3
1990,-6.1116579734108765,5.754748814299962,0,Sample 1,Cell type 1
1991,5.732157610044398,5.635930921311905,4,Sample 2,Cell type 2
1992,-0.5532542404961771,-8.978992219025942,5,Sample 2,Cell type 3
1993,6.98181905766501,6.102939409480768,4,Sample 2,Cell type 2
1994,5.53030501493393,8.009846897853736,1,Sample 1,Cell type 2
1995,-4.846752506913322,5.072618997871124,3,Sample 2,Cell type 1
1996,-4.537988476805069,7.249684480601684,3,Sample 2,Cell type 1
1997,5.680080007912546,6.474933595611595,4,Sample 2,Cell type 2
1998,2.5624857586180596,-6.5215025061865335,5,Sample 2,Cell type 3
1999,-1.0306460939708302,-6.836895426151993,2,Sample 1,Cell type 3
2000,-5.509909701845214,8.022281036751517,0,Sample 1,Cell type 1
2001,0.5504559089136589,-8.214191497074857,5,Sample 2,Cell type 3
2002,2.1575553171095843,-7.599735200513592,5,Sample 2,Cell type 3
2003,-0.2571359986706403,-7.8169648064110655,5,Sample 2,Cell type 3
2004,5.144817246962965,6.033602253500798,1,Sample 1,Cell type 2
2005,4.743078119105693,7.936279080905269,4,Sample 2,Cell type 2
2006,0.14295577344838048,-6.087695984427835,2,Sample 1,Cell type 3
2007,-5.654576546586778,8.744977632413844,0,Sample 1,Cell type 1
2008,6.365859424869412,8.749644991502873,4,Sample 2,Cell type 2
2009,-4.833293753641958,5.437679917126043,0,Sample 1,Cell type 1
2010,0.8008210757754598,-6.819764214704943,5,Sample 2,Cell type 3
2011,-0.9144154496589829,-6.414941262461088,2,Sample 1,Cell type 3
2012,2.260700647601576,-7.109307212173308,5,Sample 2,Cell type 3
2013,-5.4242060946979525,6.4367695460556,0,Sample 1,Cell type 1
2014,0.5529633448920341,-7.320725357507662,5,Sample 2,Cell type 3
2015,-5.377545492631547,7.9422282894393685,0,Sample 1,Cell type 1
2016,-5.0395709677219465,7.610923405598759,0,Sample 1,Cell type 1
2017,-0.3199192497049097,-6.855632009800888,2,Sample 1,Cell type 3
2018,-6.496633536820685,6.789857024632429,0,Sample 1,Cell type 1
2019,1.8171597963382369,-7.394585750412644,2,Sample 1,Cell type 3
2020,0.3422675146484745,-8.101152038787925,5,Sample 2,Cell type 3
2021,1.400733863268686,-7.856927229686896,5,Sample 2,Cell type 3
2022,1.681272836714558,-7.798812163315456,5,Sample 2,Cell type 3
2023,-5.686686224144971,7.6313157153926685,0,Sample 1,Cell type 1
2024,-0.9031968326025794,-6.535028074413057,5,Sample 2,Cell type 3
2025,-0.09050244201259233,-8.110440902622134,2,Sample 1,Cell type 3
2026,5.775565760421389,7.412823301362823,1,Sample 1,Cell type 2
2027,5.047946104213063,7.292969362232029,1,Sample 1,Cell type 2
2028,0.766708655873634,-7.0297390303846115,2,Sample 1,Cell type 3
2029,0.7528319883216741,-8.754734050877742,5,Sample 2,Cell type 3
2030,5.180246337632753,6.775446268798788,1,Sample 1,Cell type 2
2031,5.660078611734107,6.377363639296755,1,Sample 1,Cell type 2
2032,0.45899553680353056,-8.092111345096145,2,Sample 1,Cell type 3
2033,1.0317710573757077,-8.209369338114719,5,Sample 2,Cell type 3
2034,-0.36848268354921143,-7.385539972426645,5,Sample 2,Cell type 3
2035,-0.06994826302174487,-6.6324121098218765,2,Sample 1,Cell type 3
2036,0.25662858074614714,-6.915826256980776,2,Sample 1,Cell type 3
2037,5.612593318455335,7.034324748873347,4,Sample 2,Cell type 2
2038,3.89790599939661,6.619248608528721,1,Sample 1,Cell type 2
2039,3.023942199401562,-7.865942215010634,5,Sample 2,Cell type 3
2040,0.7802499667823831,-6.65856534111031,2,Sample 1,Cell type 3
2041,1.7585143603776396,-7.315831357090749,5,Sample 2,Cell type 3
2042,-4.980391860592846,7.469466444861835,0,Sample 1,Cell type 1
2043,4.564708798308646,6.94083348700764,1,Sample 1,Cell type 2
2044,5.64981014207654,7.216659717963713,4,Sample 2,Cell type 2
2045,-5.026501578299038,8.506714102679705,0,Sample 1,Cell type 1
2046,-4.6692520774210395,8.572504461911928,0,Sample 1,Cell type 1
2047,6.114741253485994,7.768287320735823,4,Sample 2,Cell type 2
2048,1.5475603821091424,-7.408026865155806,5,Sample 2,Cell type 3
2049,-0.16201938165186403,-7.493705449195859,2,Sample 1,Cell type 3
2050,6.548232067768774,8.192675272600773,4,Sample 2,Cell type 2
2051,-5.197741906016478,6.525480413467236,0,Sample 1,Cell type 1
2052,4.556999612726003,7.336244528930192,4,Sample 2,Cell type 2
2053,-4.729917870339838,6.7415662389675015,0,Sample 1,Cell type 1
2054,-0.1684007195347903,-6.118059266560009,5,Sample 2,Cell type 3
2055,-4.922403228005826,7.547193432215006,0,Sample 1,Cell type 1
2056,0.7471336311016212,-6.819596865360331,5,Sample 2,Cell type 3
2057,1.4546187017222274,-6.201963242900805,5,Sample 2,Cell type 3
2058,-0.07138732337715914,-7.10112432784906,2,Sample 1,Cell type 3
2059,5.366218292921508,8.410661758543505,1,Sample 1,Cell type 2
2060,0.32760561159464685,-6.521277051549244,5,Sample 2,Cell type 3
2061,1.648021790804893,-7.6509566789055174,5,Sample 2,Cell type 3
2062,2.402555841652468,-7.363189902424046,5,Sample 2,Cell type 3
2063,0.11641695821459264,-7.562365863872128,2,Sample 1,Cell type 3
2064,-3.7116852839855357,7.474498094572893,3,Sample 2,Cell type 1
2065,-5.08554845575966,7.249590255663633,3,Sample 2,Cell type 1
2066,0.5768012686374984,-7.931657130618765,5,Sample 2,Cell type 3
2067,3.802776595927937,6.551048664339957,1,Sample 1,Cell type 2
2068,-6.6539536800319015,6.999771780255244,0,Sample 1,Cell type 1
2069,-3.767282353927995,5.474642387504085,3,Sample 2,Cell type 1
2070,-4.9415696902159745,8.527502938218928,3,Sample 2,Cell type 1
2071,6.286129093304871,7.122672590155533,4,Sample 2,Cell type 2
2072,5.70510450737144,7.716704945150825,4,Sample 2,Cell type 2
2073,4.849023919154504,6.890857697872392,4,Sample 2,Cell type 2
2074,-3.753858677279109,6.194652300789025,3,Sample 2,Cell type 1
2075,0.6573453937617955,-7.079439915107659,5,Sample 2,Cell type 3
2076,0.6568154261020642,-6.2992518964235185,5,Sample 2,Cell type 3
2077,-3.415199498571615,7.501815777638638,3,Sample 2,Cell type 1
2078,-3.7475807766125273,7.018467603007085,0,Sample 1,Cell type 1
2079,-5.174144962581776,7.950089293455227,0,Sample 1,Cell type 1
2080,1.3337792892409097,-5.852476914495669,2,Sample 1,Cell type 3
2081,-3.0721280268893247,6.6662948526751915,3,Sample 2,Cell type 1
2082,1.3785163626142296,-7.633396962297129,5,Sample 2,Cell type 3
2083,6.496772140297426,7.382759153762199,1,Sample 1,Cell type 2
2084,-4.091841799007251,7.524485192812819,3,Sample 2,Cell type 1
2085,-3.812921579368321,7.899422544999031,3,Sample 2,Cell type 1
2086,6.596288579262301,7.1458866090163635,4,Sample 2,Cell type 2
2087,5.444483572802759,7.142732356869675,1,Sample 1,Cell type 2
2088,-4.963542528076949,6.549787533780822,0,Sample 1,Cell type 1
2089,4.859185506303638,7.38616638639727,4,Sample 2,Cell type 2
2090,3.579011813681344,7.397990061050012,1,Sample 1,Cell type 2
2091,-4.264738813609785,6.838848176514555,0,Sample 1,Cell type 1
2092,4.480501569342859,8.128111037683885,1,Sample 1,Cell type 2
2093,6.736754173998251,6.930359161919606,1,Sample 1,Cell type 2
2094,4.043293550371852,7.426749946441588,1,Sample 1,Cell type 2
2095,0.35387955380258806,-7.384323793750307,5,Sample 2,Cell type 3
2096,-1.2261604479119448,-7.228092332975825,2,Sample 1,Cell type 3
2097,5.385492849374793,7.508879649767849,1,Sample 1,Cell type 2
2098,6.085645962393837,6.794950306955053,4,Sample 2,Cell type 2
2099,4.277038511415897,7.330555237242758,1,Sample 1,Cell type 2
2100,-0.3975456200943826,-7.217122991369108,2,Sample 1,Cell type 3
2101,-4.459280540226879,7.5001989317785505,3,Sample 2,Cell type 1
2102,4.234850898545593,7.448992834169777,1,Sample 1,Cell type 2
2103,2.594474375675787,-5.224734811372587,2,Sample 1,Cell type 3
2104,5.885664535429578,6.974762880702597,1,Sample 1,Cell type 2
2105,6.461161076097938,5.86422303729519,4,Sample 2,Cell type 2
2106,-0.7618531045910376,-7.612663922632301,2,Sample 1,Cell type 3
2107,-4.205840000494232,7.936757662259988,3,Sample 2,Cell type 1
2108,-2.9640115321464355,7.506444093737753,3,Sample 2,Cell type 1
2109,-4.054498740134362,7.362244316547666,3,Sample 2,Cell type 1
2110,-0.7964687180521304,-6.914745234838819,5,Sample 2,Cell type 3
2111,-4.341463532830469,7.129722185616199,0,Sample 1,Cell type 1
2112,-3.894272807169978,7.5900357219371895,0,Sample 1,Cell type 1
2113,4.003426098842892,7.115015100665355,1,Sample 1,Cell type 2
2114,-4.362909110073346,8.452049048373981,3,Sample 2,Cell type 1
2115,1.3411144217665625,-7.8274733158196605,2,Sample 1,Cell type 3
2116,5.1401691351268095,9.459275013948204,1,Sample 1,Cell type 2
2117,5.192602543590855,9.152414303209792,1,Sample 1,Cell type 2
2118,6.832763339038232,6.058861084597304,4,Sample 2,Cell type 2
2119,-4.180525104569801,8.182287302235684,3,Sample 2,Cell type 1
2120,5.293829850721073,8.541614753301573,1,Sample 1,Cell type 2
2121,0.9417138489271559,-5.559644775462279,5,Sample 2,Cell type 3
2122,-4.553338469982622,7.131872124995405,0,Sample 1,Cell type 1
2123,0.04465067887052454,-7.881183365019947,5,Sample 2,Cell type 3
2124,-5.530099007156677,7.527546746740003,0,Sample 1,Cell type 1
2125,-3.043398416306539,7.174444757445658,0,Sample 1,Cell type 1
2126,0.6262989879588581,-7.415968267525555,2,Sample 1,Cell type 3
2127,1.0184645271603365,-6.571144936142241,5,Sample 2,Cell type 3
2128,0.15263063330167836,-7.471276625134816,5,Sample 2,Cell type 3
2129,0.5004064134648286,-6.362882625474283,2,Sample 1,Cell type 3
2130,-4.863307649497647,6.923881142783332,0,Sample 1,Cell type 1
2131,-3.0724951653595824,7.849549060677533,3,Sample 2,Cell type 1
2132,-4.249372955219202,6.658232029291576,0,Sample 1,Cell type 1
2133,2.221450130861812,-5.549021247681828,5,Sample 2,Cell type 3
2134,-2.6962862951097613,6.772927344703896,3,Sample 2,Cell type 1
2135,2.0262359750711845,-7.00866187708239,5,Sample 2,Cell type 3
2136,-5.473915139391095,6.379875196121622,0,Sample 1,Cell type 1
2137,-4.019386267095753,8.033028810251933,3,Sample 2,Cell type 1
2138,0.112786159689648,-5.800166269430599,2,Sample 1,Cell type 3
2139,4.3383041169809005,6.8828486838875245,4,Sample 2,Cell type 2
2140,-4.017840226974442,6.519959377805151,3,Sample 2,Cell type 1
2141,-0.6399524053615474,-8.597469521564122,2,Sample 1,Cell type 3
2142,-0.06595867831565272,-6.134133705700558,5,Sample 2,Cell type 3
2143,6.085766369632107,6.815990727469691,4,Sample 2,Cell type 2
2144,0.6046479815464698,-6.843992158023286,5,Sample 2,Cell type 3
2145,-5.118244382739437,8.033129016045658,3,Sample 2,Cell type 1
2146,-3.8901180164743714,9.40560665591355,3,Sample 2,Cell type 1
2147,-4.335731346764604,6.386200751138381,0,Sample 1,Cell type 1
2148,-3.329300236175418,6.959396109341337,0,Sample 1,Cell type 1
2149,-5.460510260990219,7.168675663581765,0,Sample 1,Cell type 1
2150,4.893893002893941,6.291444368128962,1,Sample 1,Cell type 2
2151,1.549254197402541,-6.478208787319646,5,Sample 2,Cell type 3
2152,-3.914264067792323,6.208257618773798,3,Sample 2,Cell type 1
2153,2.077257330088237,-5.916131556532485,5,Sample 2,Cell type 3
2154,-4.349710304928832,7.574770885404365,0,Sample 1,Cell type 1
2155,7.520214739448772,7.889513056067267,4,Sample 2,Cell type 2
2156,-5.677434974454724,5.859190032116784,0,Sample 1,Cell type 1
2157,-1.3513464303738094,-7.4480788044274915,2,Sample 1,Cell type 3
2158,1.0203125903992118,-7.192439358727259,2,Sample 1,Cell type 3
2159,-4.676538483595291,7.059788639140138,3,Sample 2,Cell type 1
2160,0.17783188464068325,-6.047975161214761,2,Sample 1,Cell type 3
2161,5.128459184839891,7.073504627988207,1,Sample 1,Cell type 2
2162,5.112708997528963,5.656316319415194,1,Sample 1,Cell type 2
2163,0.05762948902699581,-7.240834987786397,2,Sample 1,Cell type 3
2164,-4.602628677591014,6.960456370928528,0,Sample 1,Cell type 1
2165,6.718935328271339,7.101225070364614,4,Sample 2,Cell type 2
2166,-4.559958320780359,6.296392247974567,0,Sample 1,Cell type 1
2167,4.644595283203937,7.876353044691578,4,Sample 2,Cell type 2
2168,0.9558102895015502,-6.355350061806377,2,Sample 1,Cell type 3
2169,6.857212748464831,5.865840587713156,4,Sample 2,Cell type 2
2170,7.27534236496321,7.153898335024816,4,Sample 2,Cell type 2
2171,6.103494405363055,5.166476527446678,4,Sample 2,Cell type 2
2172,-3.3034026843292774,7.830118289042772,3,Sample 2,Cell type 1
2173,-2.972723364841506,5.129954155437309,3,Sample 2,Cell type 1
2174,7.175827407029996,6.573251633550279,4,Sample 2,Cell type 2
2175,5.346073492468528,7.328100988471386,4,Sample 2,Cell type 2
2176,-0.5791922653940873,-7.227380092807095,2,Sample 1,Cell type 3
2177,0.47437181038614085,-6.275421223272178,5,Sample 2,Cell type 3
2178,1.3147025246436272,-6.78254949871684,2,Sample 1,Cell type 3
2179,5.9804811462110745,5.93328409226051,4,Sample 2,Cell type 2
2180,-0.8210953661327137,-6.087067353690156,2,Sample 1,Cell type 3
2181,3.7569929871871484,7.725379538285498,1,Sample 1,Cell type 2
2182,-1.2190519519471334,-7.214763588989982,5,Sample 2,Cell type 3
2183,-0.6547005723448258,-6.999551588720185,5,Sample 2,Cell type 3
2184,-4.339007745618162,6.708336525158392,3,Sample 2,Cell type 1
2185,-1.5298039803358217,-7.12597504873385,2,Sample 1,Cell type 3
2186,4.106780448041072,8.059717107871027,1,Sample 1,Cell type 2
2187,-5.293370699958412,6.887561946381101,3,Sample 2,Cell type 1
2188,0.18515673802045785,-6.553876181684859,2,Sample 1,Cell type 3
2189,0.7792388386430895,-7.360446880740184,5,Sample 2,Cell type 3
2190,-3.4000798084610313,7.294482082438696,3,Sample 2,Cell type 1
2191,0.3403103921879824,-7.918107930463732,5,Sample 2,Cell type 3
2192,6.009778838732135,6.113735338037959,4,Sample 2,Cell type 2
2193,0.9084961177463553,-7.956102621794783,2,Sample 1,Cell type 3
2194,-5.519422036052806,6.09191559845567,0,Sample 1,Cell type 1
2195,-4.338878865382542,5.978573888513356,3,Sample 2,Cell type 1
2196,4.045090534594816,7.806391150753477,1,Sample 1,Cell type 2
2197,0.20620203211420055,-8.064476272250776,2,Sample 1,Cell type 3
2198,5.7281927938819805,7.256353791199949,4,Sample 2,Cell type 2
2199,-4.532857451739229,6.7836341392358275,0,Sample 1,Cell type 1
2200,-5.246222587962401,7.246388073996627,0,Sample 1,Cell type 1
2201,1.571796519911156,-7.258047058146856,5,Sample 2,Cell type 3
2202,-2.995677112432083,7.827763526812792,3,Sample 2,Cell type 1
2203,-4.856084679077218,8.184669640941156,0,Sample 1,Cell type 1
2204,-2.3435589520018145,-5.4286901922641455,2,Sample 1,Cell type 3
2205,6.956425110469367,5.855891987214823,4,Sample 2,Cell type 2
2206,-0.895636902706535,-7.385891696641258,2,Sample 1,Cell type 3
2207,-0.1964332291985631,-7.080906571311922,5,Sample 2,Cell type 3
2208,5.3705650336792985,5.977357566697279,1,Sample 1,Cell type 2
2209,5.212289879519703,6.60486088577621,1,Sample 1,Cell type 2
2210,5.008350171135808,5.868771324919564,4,Sample 2,Cell type 2
2211,5.217353640142002,8.509851881575969,4,Sample 2,Cell type 2
2212,-5.199171318783259,7.84832457262896,0,Sample 1,Cell type 1
2213,5.340709764954429,7.086386033798077,1,Sample 1,Cell type 2
2214,-4.363835773902155,6.239222587043968,3,Sample 2,Cell type 1
2215,-4.632705433355652,7.098274288847993,3,Sample 2,Cell type 1
2216,-1.4750348667845967,-7.783322090281373,2,Sample 1,Cell type 3
2217,-5.026202616172799,6.636327994958464,0,Sample 1,Cell type 1
2218,6.054697252774127,5.673894431402249,4,Sample 2,Cell type 2
2219,4.818816886478778,7.364960217318418,1,Sample 1,Cell type 2
2220,6.88106413191164,7.644139876297804,4,Sample 2,Cell type 2
2221,-2.6919468843779844,8.120422571283605,3,Sample 2,Cell type 1
2222,-4.341964070317449,6.094392891888658,0,Sample 1,Cell type 1
2223,5.4948779555467535,7.113088906437729,4,Sample 2,Cell type 2
2224,5.818315193775259,6.957661768643445,4,Sample 2,Cell type 2
2225,0.1989482766416264,-7.808818936210778,5,Sample 2,Cell type 3
2226,-2.6613088430779808,6.599505891914501,3,Sample 2,Cell type 1
2227,-1.4649159026706802,-8.053822876878085,2,Sample 1,Cell type 3
2228,1.0352500539252796,-8.539682816807147,5,Sample 2,Cell type 3
2229,0.8726893364829584,-7.441419421485682,2,Sample 1,Cell type 3
2230,-3.876405067523799,6.801825739962937,3,Sample 2,Cell type 1
2231,5.390540262672921,7.239361502698185,4,Sample 2,Cell type 2
2232,0.9058760547182687,-7.059045611635798,5,Sample 2,Cell type 3
2233,5.884097150441691,7.105500508545785,4,Sample 2,Cell type 2
2234,-4.873713274742986,6.868126949831571,3,Sample 2,Cell type 1
2235,5.873729992127792,7.317701462776532,4,Sample 2,Cell type 2
2236,5.592659476336101,6.660496958688207,1,Sample 1,Cell type 2
2237,-5.089862439752664,6.894292132238897,0,Sample 1,Cell type 1
2238,2.3114052133934018,-8.609285229515345,5,Sample 2,Cell type 3
2239,-4.949594710644596,7.917319156522113,3,Sample 2,Cell type 1
2240,-3.8315193285618867,6.680286947777188,3,Sample 2,Cell type 1
2241,-3.116853162638474,6.866043152464218,3,Sample 2,Cell type 1
2242,-0.38976233695594176,-7.352604866118683,2,Sample 1,Cell type 3
2243,0.06367828990082912,-6.62782159497275,2,Sample 1,Cell type 3
2244,6.030033473189457,7.944512083125192,4,Sample 2,Cell type 2
2245,5.016709190636769,7.2556285364404225,1,Sample 1,Cell type 2
2246,-3.4050785795678613,6.907166480773702,3,Sample 2,Cell type 1
2247,6.691398707758909,4.905032727560533,4,Sample 2,Cell type 2
2248,2.0284657874893437,-7.116716845010401,5,Sample 2,Cell type 3
2249,4.817120067727985,6.275588312178666,1,Sample 1,Cell type 2
2250,-4.753758584886353,5.702933097740175,0,Sample 1,Cell type 1
2251,-4.039028862268844,6.744607513448234,0,Sample 1,Cell type 1
2252,5.497076555940344,6.849056916777289,4,Sample 2,Cell type 2
2253,0.29867884776911857,-6.821165243492218,2,Sample 1,Cell type 3
2254,-4.704603271682184,8.510047826546526,3,Sample 2,Cell type 1
2255,1.5550587630872816,-6.137845142888673,5,Sample 2,Cell type 3
2256,-0.636445654352706,-6.731552661576665,2,Sample 1,Cell type 3
2257,-4.820438545152022,7.9087464539551995,0,Sample 1,Cell type 1
2258,1.2842705564721095,-8.518481983536082,5,Sample 2,Cell type 3
2259,0.5372249373832427,-5.8486427243552095,2,Sample 1,Cell type 3
2260,5.899482687896402,6.8038060270815235,1,Sample 1,Cell type 2
2261,-0.046221252118128664,-7.347151089320827,5,Sample 2,Cell type 3
2262,-0.07729893601191179,-7.4038413542233625,2,Sample 1,Cell type 3
2263,-4.590445666929114,7.216068741947116,3,Sample 2,Cell type 1
2264,-4.899820397881674,6.727543378965273,0,Sample 1,Cell type 1
2265,-4.844824639973334,6.86551171176805,3,Sample 2,Cell type 1
2266,-2.7008920057510784,7.377602363672596,3,Sample 2,Cell type 1
2267,5.45168474071488,6.255336340911783,1,Sample 1,Cell type 2
2268,1.8829760109780773,-7.37865910869869,5,Sample 2,Cell type 3
2269,5.63995352155364,5.778019325116205,1,Sample 1,Cell type 2
2270,5.587863280726386,6.969852694302316,4,Sample 2,Cell type 2
2271,4.743465899554247,8.507236896595334,1,Sample 1,Cell type 2
2272,3.7138711783055527,7.218860274982055,1,Sample 1,Cell type 2
2273,1.4844026518354105,-6.891680016237242,2,Sample 1,Cell type 3
2274,1.6998171224135694,-6.005996562274753,2,Sample 1,Cell type 3
2275,0.375414071846821,-8.29952551043116,2,Sample 1,Cell type 3
2276,-0.24174446958609713,-9.153577482127314,2,Sample 1,Cell type 3
2277,1.1607420386233696,-5.6253104969551675,2,Sample 1,Cell type 3
2278,4.923731610067807,6.84613657789383,4,Sample 2,Cell type 2
2279,-4.390164298358996,7.9305342156816705,3,Sample 2,Cell type 1
2280,5.817595418552226,5.9454858421822845,4,Sample 2,Cell type 2
2281,-4.995909234686032,6.883398105165358,0,Sample 1,Cell type 1
2282,5.835772784402999,7.965907767269736,4,Sample 2,Cell type 2
2283,0.654835484352092,-8.767137583961615,5,Sample 2,Cell type 3
2284,-4.70342622592959,7.34994390775426,3,Sample 2,Cell type 1
2285,-4.336475535053209,5.302159564659167,0,Sample 1,Cell type 1
2286,4.162471213854448,7.500390013887304,1,Sample 1,Cell type 2
2287,0.5260276356955885,-6.8094099119632,5,Sample 2,Cell type 3
2288,6.2184947474349155,6.2724980050563515,4,Sample 2,Cell type 2
2289,-6.227291336588498,8.093209269384282,0,Sample 1,Cell type 1
2290,4.645564783097214,6.687473437946081,1,Sample 1,Cell type 2
2291,0.12191121417941853,-7.360370299363512,5,Sample 2,Cell type 3
2292,-4.938105353881905,6.382040450802864,0,Sample 1,Cell type 1
2293,1.7779551983344082,-6.372837880289787,5,Sample 2,Cell type 3
2294,-5.121428076028467,7.541721577053137,0,Sample 1,Cell type 1
2295,-5.650722521983564,6.817187418071447,3,Sample 2,Cell type 1
2296,-3.3528645844858245,6.603503578385125,3,Sample 2,Cell type 1
2297,-4.930362345409463,6.8318619314927815,0,Sample 1,Cell type 1
2298,1.7806586698308506,-7.063981648930359,5,Sample 2,Cell type 3
2299,7.716659940061191,5.835119074142755,4,Sample 2,Cell type 2
2300,1.2661754636681504,-8.137586218647243,5,Sample 2,Cell type 3
2301,4.704578288603037,7.185778585739277,1,Sample 1,Cell type 2
2302,5.5575635236085885,6.804012220060668,1,Sample 1,Cell type 2
2303,5.155507441261869,6.788534777616925,1,Sample 1,Cell type 2
2304,1.3714009904984028,-6.583759396622664,5,Sample 2,Cell type 3
2305,-4.703083301302953,6.587879662492819,0,Sample 1,Cell type 1
2306,1.7811451017584545,-7.976787124438281,5,Sample 2,Cell type 3
2307,4.279503412281705,7.5817813523521815,1,Sample 1,Cell type 2
2308,0.30881612073913733,-7.172293875663123,5,Sample 2,Cell type 3
2309,-3.339791301899788,6.519717557393821,0,Sample 1,Cell type 1
2310,-5.215525467555646,7.645101616502245,0,Sample 1,Cell type 1
2311,4.737684226789666,7.195220358952659,1,Sample 1,Cell type 2
2312,-4.534676155877442,7.022207274783574,3,Sample 2,Cell type 1
2313,-0.73965129150248,-8.34914714754182,2,Sample 1,Cell type 3
2314,5.5297149560736,7.255556490878447,4,Sample 2,Cell type 2
2315,1.599796380350678,-8.682988797870763,5,Sample 2,Cell type 3
2316,0.8283698683856291,-9.95193589543309,5,Sample 2,Cell type 3
2317,-6.422976199123423,8.267903261056823,0,Sample 1,Cell type 1
2318,4.638478215985332,6.621997414711711,4,Sample 2,Cell type 2
2319,6.472595468408261,6.894976826861613,4,Sample 2,Cell type 2
2320,5.759215750085422,6.5659181898789285,4,Sample 2,Cell type 2
2321,-0.394938081917229,-6.945609398986921,5,Sample 2,Cell type 3
2322,-3.9635488950864812,7.569793522489408,3,Sample 2,Cell type 1
2323,-3.661942090529837,7.406283019358312,0,Sample 1,Cell type 1
2324,-7.095796083271796,7.7285898153656545,0,Sample 1,Cell type 1
2325,0.6766742724165578,-7.06963191356299,5,Sample 2,Cell type 3
2326,-3.974883307573779,8.357130456985084,3,Sample 2,Cell type 1
2327,-3.801339885987294,7.1335620000542885,3,Sample 2,Cell type 1
2328,-5.019483673808787,8.784884098754967,0,Sample 1,Cell type 1
2329,-4.2179280132829495,8.05804723453443,3,Sample 2,Cell type 1
2330,-3.754077144224249,6.411378011517667,3,Sample 2,Cell type 1
2331,5.568327023410295,7.786996256686936,4,Sample 2,Cell type 2
2332,-0.0019230727350830754,-7.54248513329692,2,Sample 1,Cell type 3
2333,0.6852496829803596,-8.59842577904727,5,Sample 2,Cell type 3
2334,-5.771938768464084,7.619908979864227,0,Sample 1,Cell type 1
2335,4.157054064682916,6.216825474602121,1,Sample 1,Cell type 2
2336,5.852774080640798,5.080810165815611,4,Sample 2,Cell type 2
2337,6.016333733770335,5.898528725991799,4,Sample 2,Cell type 2
2338,-0.07435536529087063,-7.262669349482875,2,Sample 1,Cell type 3
2339,0.058144419463473075,-7.40026232751522,2,Sample 1,Cell type 3
2340,5.179747780601509,7.817140477363948,1,Sample 1,Cell type 2
2341,7.338753508498388,7.424465200967521,4,Sample 2,Cell type 2
2342,2.097817053286393,-6.957432228801039,5,Sample 2,Cell type 3
2343,1.639849676628741,-7.0705215566994895,2,Sample 1,Cell type 3
2344,-4.9649508224167125,6.953466210562684,0,Sample 1,Cell type 1
2345,-5.347596981945853,6.823730113090564,0,Sample 1,Cell type 1
2346,0.6953236739975173,-7.435499432684572,2,Sample 1,Cell type 3
2347,4.7080378163656915,6.39970007799427,1,Sample 1,Cell type 2
2348,-0.13916648975808554,-6.928244476089093,5,Sample 2,Cell type 3
2349,-4.902161997574173,7.505706235094586,0,Sample 1,Cell type 1
2350,5.070347343794974,8.336761212908328,4,Sample 2,Cell type 2
2351,-4.476507474916754,7.026600075137112,0,Sample 1,Cell type 1
2352,-4.147316652546562,6.166924828277729,3,Sample 2,Cell type 1
2353,1.4262265674580994,-7.715489157873892,5,Sample 2,Cell type 3
2354,-2.951932369384964,6.994219892085756,0,Sample 1,Cell type 1
2355,4.115436265211251,6.8991309876344875,1,Sample 1,Cell type 2
2356,4.562655932330188,6.853743723604633,1,Sample 1,Cell type 2
2357,4.666589274568642,5.87526289470576,4,Sample 2,Cell type 2
2358,-4.751273947521597,8.251352785425118,0,Sample 1,Cell type 1
2359,1.4919557112251025,-6.663321350071612,5,Sample 2,Cell type 3
2360,5.953023658316297,7.4282970174180445,4,Sample 2,Cell type 2
2361,-5.4318077442474895,6.448424031543626,0,Sample 1,Cell type 1
2362,-4.9484204681519035,5.490694558782378,0,Sample 1,Cell type 1
2363,7.158237134766293,7.821979830008631,4,Sample 2,Cell type 2
2364,1.4879040377523352,-7.103008982564167,5,Sample 2,Cell type 3
2365,2.2288489453676226,-6.593037647149693,5,Sample 2,Cell type 3
2366,-4.6174175659143,8.358684344486253,3,Sample 2,Cell type 1
2367,-4.6151926146106295,7.250175031288781,0,Sample 1,Cell type 1
2368,6.778980984681894,7.310106036122885,4,Sample 2,Cell type 2
2369,1.4579562449240815,-6.753430475959556,5,Sample 2,Cell type 3
2370,-3.651195379821936,7.746139419578865,3,Sample 2,Cell type 1
2371,-2.0236480621554427,-7.3083537791213145,2,Sample 1,Cell type 3
2372,6.262248858859299,7.83305033742772,4,Sample 2,Cell type 2
2373,-5.0131383168582015,8.021782430623944,0,Sample 1,Cell type 1
2374,-4.960911943739436,7.103541164828582,0,Sample 1,Cell type 1
2375,6.288294972723889,6.3425517421194835,4,Sample 2,Cell type 2
2376,1.5721395121024466,-7.111962766277777,5,Sample 2,Cell type 3
2377,-5.441778435424777,7.577413266069884,0,Sample 1,Cell type 1
2378,0.669260983490847,-7.0451508409186125,5,Sample 2,Cell type 3
2379,6.679777431333212,6.873447251268678,1,Sample 1,Cell type 2
2380,5.934197040262838,7.316228502236148,4,Sample 2,Cell type 2
2381,-0.07780313406507933,-7.790107660060546,5,Sample 2,Cell type 3
2382,-4.587386657576831,6.957844101995198,3,Sample 2,Cell type 1
2383,-4.251457285482031,8.088311887860803,0,Sample 1,Cell type 1
2384,5.635411743697462,6.067636273330076,1,Sample 1,Cell type 2
2385,3.9024790856549147,5.780218693564082,1,Sample 1,Cell type 2
2386,5.831289429936215,7.010456382637107,1,Sample 1,Cell type 2
2387,2.643355073004856,-6.952811220636254,5,Sample 2,Cell type 3
2388,5.686760893325332,6.883371355899545,1,Sample 1,Cell type 2
2389,0.27964123089757853,-5.935503267227205,5,Sample 2,Cell type 3
2390,4.858538738574926,7.126537541237754,4,Sample 2,Cell type 2
2391,0.6410434539044125,-6.883660400300063,5,Sample 2,Cell type 3
2392,3.966189843915505,7.622834056061631,1,Sample 1,Cell type 2
2393,-5.017535200890178,7.240185065842002,3,Sample 2,Cell type 1
2394,5.213701320809187,7.478047830449422,1,Sample 1,Cell type 2
2395,-7.593013872055258,6.2515576987980435,0,Sample 1,Cell type 1
2396,-3.466984262365181,7.533450630777121,3,Sample 2,Cell type 1
2397,0.3758848948897825,-6.482852363885486,5,Sample 2,Cell type 3
2398,-2.6570602613019467,5.5417553713440695,3,Sample 2,Cell type 1
2399,-0.2891702133551886,-6.737910981384314,2,Sample 1,Cell type 3
2400,0.04180679239798657,-7.919551864982756,2,Sample 1,Cell type 3
2401,5.047266795221018,7.614050267289011,4,Sample 2,Cell type 2
2402,-0.9574309171410493,-6.3561096603541865,2,Sample 1,Cell type 3
2403,-4.673397795428422,5.709000928475203,0,Sample 1,Cell type 1
2404,-4.333944305591546,7.346310949116249,3,Sample 2,Cell type 1
2405,-1.3630972694613752,-7.810640602369119,2,Sample 1,Cell type 3
2406,-3.1359551526885516,7.825298623177536,3,Sample 2,Cell type 1
2407,-0.6504114978081039,-6.412443879323311,2,Sample 1,Cell type 3
2408,-3.182787685774509,7.806199695592139,3,Sample 2,Cell type 1
2409,-0.5750659100869843,-6.47506356156365,2,Sample 1,Cell type 3
2410,1.620982803779285,-7.458214567826462,5,Sample 2,Cell type 3
2411,5.913488807686867,7.960748307242547,4,Sample 2,Cell type 2
2412,-4.538754429555387,7.320067935500305,0,Sample 1,Cell type 1
2413,0.27502773436223116,-6.957483880766271,5,Sample 2,Cell type 3
2414,5.065951802347603,5.905026612293531,1,Sample 1,Cell type 2
2415,0.4256049590575545,-6.781738962867863,2,Sample 1,Cell type 3
2416,1.9897446402312076,-7.274648673181749,5,Sample 2,Cell type 3
2417,-1.2115762473446137,-6.813793242794085,2,Sample 1,Cell type 3
2418,6.090764832045242,7.219737914987678,4,Sample 2,Cell type 2
2419,4.899636591997679,7.333371431192962,1,Sample 1,Cell type 2
2420,1.9673845177791505,-7.090497008401496,5,Sample 2,Cell type 3
2421,-5.192260318526508,6.771211165825798,0,Sample 1,Cell type 1
2422,-3.1676552858841287,5.507028795610849,3,Sample 2,Cell type 1
2423,-4.331446310347887,6.167302328139381,0,Sample 1,Cell type 1
2424,2.395889125298795,-5.1471977780622975,5,Sample 2,Cell type 3
2425,-1.0946520310662484,-5.481247012480829,2,Sample 1,Cell type 3
2426,4.19973494031554,6.528871835445594,1,Sample 1,Cell type 2
2427,6.579673422978498,7.4298561752226275,4,Sample 2,Cell type 2
2428,5.021423815950456,8.21076999752727,4,Sample 2,Cell type 2
2429,-5.7116115437004185,6.418419583893125,0,Sample 1,Cell type 1
2430,-4.219904213265799,6.953421906663765,0,Sample 1,Cell type 1
2431,6.3334412595864915,8.004764442268113,4,Sample 2,Cell type 2
2432,3.5771299327947865,7.326789272600657,1,Sample 1,Cell type 2
2433,4.788388126951512,5.467977920340073,1,Sample 1,Cell type 2
2434,1.0590907475287044,-6.116198583484466,5,Sample 2,Cell type 3
2435,1.5233092716584056,-5.770300679575825,2,Sample 1,Cell type 3
2436,1.0175110569318677,-6.817506206278183,5,Sample 2,Cell type 3
2437,-3.938712743638672,6.661656965511633,3,Sample 2,Cell type 1
2438,2.286332048895326,-5.988304893768513,5,Sample 2,Cell type 3
2439,1.3277482749972398,-7.548662682602221,5,Sample 2,Cell type 3
2440,-5.561642475101882,6.808938094587261,0,Sample 1,Cell type 1
2441,6.870168340926293,7.6243626719625865,4,Sample 2,Cell type 2
2442,-3.238955004560413,7.49258615079811,3,Sample 2,Cell type 1
2443,-1.5825801994998483,-7.03351989021718,2,Sample 1,Cell type 3
2444,7.593096334733524,7.3853986203040485,4,Sample 2,Cell type 2
2445,-5.070625638681004,9.13483528198893,0,Sample 1,Cell type 1
2446,-5.072057656899148,7.416841164472879,3,Sample 2,Cell type 1
2447,-3.2869570505041956,7.074451699060797,3,Sample 2,Cell type 1
2448,0.5716878325092944,-8.711020834727458,2,Sample 1,Cell type 3
2449,1.1765046434457305,-7.35273800982858,5,Sample 2,Cell type 3
2450,5.7095099120778405,6.7344583769206325,1,Sample 1,Cell type 2
2451,-5.057281007531251,7.041290022657602,0,Sample 1,Cell type 1
2452,-3.5381091799146707,6.9681402547838305,3,Sample 2,Cell type 1
2453,4.699842895740851,6.816895734460489,1,Sample 1,Cell type 2
2454,-5.628976402284749,7.10906258646679,3,Sample 2,Cell type 1
2455,-4.734989254877149,7.851503913563363,0,Sample 1,Cell type 1
2456,-4.8129712705674015,5.826351294902573,0,Sample 1,Cell type 1
2457,4.985032994843282,6.760253049394366,1,Sample 1,Cell type 2
2458,6.292300551575553,6.813211436496403,1,Sample 1,Cell type 2
2459,6.767053045174138,7.973216847478619,4,Sample 2,Cell type 2
2460,-5.726419260416969,5.9412248507972425,0,Sample 1,Cell type 1
2461,5.085328807132911,7.141046814810067,4,Sample 2,Cell type 2
2462,-5.617438911969558,6.990043236904249,3,Sample 2,Cell type 1
2463,-5.4614170644546665,7.675380792526081,0,Sample 1,Cell type 1
2464,-3.9953950995411835,6.355381970089873,0,Sample 1,Cell type 1
2465,-4.714387611227962,6.516740135656952,0,Sample 1,Cell type 1
2466,-4.654145917284107,6.164003526420392,3,Sample 2,Cell type 1
2467,1.2177893802619104,-7.116884140523157,5,Sample 2,Cell type 3
2468,5.21004906320154,7.225939740959511,1,Sample 1,Cell type 2
2469,6.548686254886735,5.348083352832306,4,Sample 2,Cell type 2
2470,-5.498512421139812,6.626686116537272,0,Sample 1,Cell type 1
2471,-2.846443995358488,6.66116841932412,3,Sample 2,Cell type 1
2472,6.463477407805421,8.200689314700075,4,Sample 2,Cell type 2
2473,-5.059546743280037,7.567605489906018,0,Sample 1,Cell type 1
2474,4.486810472764552,7.4613656397623345,1,Sample 1,Cell type 2
2475,0.25924562257724854,-7.989220923718009,2,Sample 1,Cell type 3
2476,5.857923204193009,7.595781522095542,4,Sample 2,Cell type 2
2477,5.690942019642259,5.306832313660751,4,Sample 2,Cell type 2
2478,-3.8954479804284943,6.957847209171917,3,Sample 2,Cell type 1
2479,-4.409226736003672,7.208162436817452,0,Sample 1,Cell type 1
2480,0.774299378452871,-6.086505487877899,5,Sample 2,Cell type 3
2481,2.395667096060199,-6.383200962691509,5,Sample 2,Cell type 3
2482,7.144921694209393,6.86303881172112,4,Sample 2,Cell type 2
2483,0.9228722746535404,-5.9619882940552005,2,Sample 1,Cell type 3
2484,-3.7405278319881052,6.644887413291952,3,Sample 2,Cell type 1
2485,5.54417288436036,8.025073821847855,1,Sample 1,Cell type 2
2486,4.498626220328028,7.760982589771682,1,Sample 1,Cell type 2
2487,-4.851376005453879,7.063191964945169,3,Sample 2,Cell type 1
2488,-1.416854842470473,-6.693833907530911,2,Sample 1,Cell type 3
2489,5.949908841251801,9.142718725480368,1,Sample 1,Cell type 2
2490,-5.751468315055003,6.955797767288183,0,Sample 1,Cell type 1
2491,5.07092607276915,7.228920377789952,1,Sample 1,Cell type 2
2492,1.114392507847373,-8.451876306798889,5,Sample 2,Cell type 3
2493,6.291649181884366,6.526929030787115,4,Sample 2,Cell type 2
2494,-3.204442099592874,7.587872761557117,3,Sample 2,Cell type 1
2495,5.8807677079988565,8.637745775241951,1,Sample 1,Cell type 2
2496,0.9121087015184515,-7.218337305478211,5,Sample 2,Cell type 3
2497,5.327810236767598,6.382197483726619,1,Sample 1,Cell type 2
2498,4.613551158653248,7.188502221453915,1,Sample 1,Cell type 2
2499,1.7153862196007479,-7.684125831690617,5,Sample 2,Cell type 3
2500,0.04806879569213089,-6.760418207526715,2,Sample 1,Cell type 3
2501,-0.3726444552945303,-7.191737981118831,2,Sample 1,Cell type 3
2502,-0.6159968529579659,-8.107961143265392,2,Sample 1,Cell type 3
2503,2.0793432391109645,-7.051522339723048,5,Sample 2,Cell type 3
2504,-0.42450053832599144,-5.868880350821005,5,Sample 2,Cell type 3
2505,-4.081595773308746,6.3971217077644145,3,Sample 2,Cell type 1
2506,-3.2223544274082223,7.060424103562568,3,Sample 2,Cell type 1
2507,-3.473789459079701,7.01544198287166,3,Sample 2,Cell type 1
2508,6.023544473342041,7.48438336861425,4,Sample 2,Cell type 2
2509,-1.5736557628697219,-7.964816981231078,2,Sample 1,Cell type 3
2510,-5.386549169839499,8.330257222497501,0,Sample 1,Cell type 1
2511,4.820115214553537,6.5510657472067075,1,Sample 1,Cell type 2
2512,-3.724395949420022,6.393498733210813,0,Sample 1,Cell type 1
2513,0.3553586618325375,-6.190009445676866,2,Sample 1,Cell type 3
2514,-6.379934266010427,6.621237788472698,0,Sample 1,Cell type 1
2515,-3.2357846102342354,7.040073495873841,3,Sample 2,Cell type 1
2516,-2.7049698882713056,7.4037291154297495,3,Sample 2,Cell type 1
2517,-4.131283547334737,7.450826398169438,0,Sample 1,Cell type 1
2518,4.642142483472999,8.095880901253565,1,Sample 1,Cell type 2
2519,5.614149143250957,7.9502544978190475,4,Sample 2,Cell type 2
2520,0.2057591762847419,-7.263599951489646,2,Sample 1,Cell type 3
2521,5.527396534745924,7.821123921966723,1,Sample 1,Cell type 2
2522,-5.102334073184613,6.306635459385134,0,Sample 1,Cell type 1
2523,1.288180829661943,-6.638010776658853,5,Sample 2,Cell type 3
2524,5.874380137244234,6.102939057134149,4,Sample 2,Cell type 2
2525,6.01256627269176,6.378127933293875,1,Sample 1,Cell type 2
2526,5.500391635929138,7.668652483949243,4,Sample 2,Cell type 2
2527,6.059607675061418,7.891573502963541,4,Sample 2,Cell type 2
2528,-4.585872783624701,6.490472761342703,0,Sample 1,Cell type 1
2529,-4.787994500653612,7.230011819503401,3,Sample 2,Cell type 1
2530,6.17134179100195,7.8685548306381214,1,Sample 1,Cell type 2
2531,5.0607642143328695,7.6652137465532535,1,Sample 1,Cell type 2
2532,6.127004840750034,7.995873147426377,4,Sample 2,Cell type 2
2533,5.524720621223809,7.226856767640496,1,Sample 1,Cell type 2
2534,1.2615956106160782,-7.739167415043264,5,Sample 2,Cell type 3
2535,-0.6529737956335718,-7.008553361489757,2,Sample 1,Cell type 3
2536,0.49532355936731487,-7.309361255830964,5,Sample 2,Cell type 3
2537,-3.619529251257134,5.673551258789032,3,Sample 2,Cell type 1
2538,-6.182868996623873,7.986071046431019,0,Sample 1,Cell type 1
2539,-4.821922841220809,6.772453215112424,3,Sample 2,Cell type 1
2540,4.3720813495342075,7.589692158940562,1,Sample 1,Cell type 2
2541,-3.2018943384638043,6.84163242327486,3,Sample 2,Cell type 1
2542,-3.3535710484783428,6.392615333441069,3,Sample 2,Cell type 1
2543,3.4987578351665007,7.566836968638384,1,Sample 1,Cell type 2
2544,-3.6971075635429664,5.966986645293562,0,Sample 1,Cell type 1
2545,5.760246073578861,8.439558509931016,1,Sample 1,Cell type 2
2546,-4.441421349109128,7.385856120202876,0,Sample 1,Cell type 1
2547,-4.2803200996534,7.316907428566763,0,Sample 1,Cell type 1
2548,-5.1290285693328075,7.394308497317106,0,Sample 1,Cell type 1
2549,1.39910655581457,-7.3447867327672665,5,Sample 2,Cell type 3
2550,5.277752858429761,7.718479570459064,4,Sample 2,Cell type 2
2551,5.09037369348201,6.413615949128399,4,Sample 2,Cell type 2
2552,5.000143728328508,6.858877779489314,4,Sample 2,Cell type 2
2553,-3.5876366077751225,7.39505318063424,0,Sample 1,Cell type 1
2554,1.197945346543701,-5.584905937035289,2,Sample 1,Cell type 3
2555,1.9830852401604475,-6.702205386028328,5,Sample 2,Cell type 3
2556,-2.1783308015573564,6.0834582131275585,3,Sample 2,Cell type 1
2557,-3.611052166750449,5.511570407607537,3,Sample 2,Cell type 1
2558,5.4005325771049675,7.110886761610243,1,Sample 1,Cell type 2
2559,-4.214916602647794,5.601979984849158,3,Sample 2,Cell type 1
2560,0.8239855778722608,-7.172993309777444,5,Sample 2,Cell type 3
2561,0.7596756570915906,-7.118599956883471,2,Sample 1,Cell type 3
2562,0.8661528431096587,-7.447967533319779,2,Sample 1,Cell type 3
2563,-0.09341273263619732,-7.579514084988999,2,Sample 1,Cell type 3
2564,0.6864113562417163,-7.733624830237663,2,Sample 1,Cell type 3
2565,1.8901074441626415,-7.127964044529744,5,Sample 2,Cell type 3
2566,5.295990414647389,7.286412548069603,4,Sample 2,Cell type 2
2567,-2.741012626755915,7.436418220449795,3,Sample 2,Cell type 1
2568,0.7612398164592342,-7.887997777913716,2,Sample 1,Cell type 3
2569,-5.64028596582736,7.66241220762673,3,Sample 2,Cell type 1
2570,-1.526246046301913,-7.759375820489077,2,Sample 1,Cell type 3
2571,-4.709863567084617,7.688504753654005,3,Sample 2,Cell type 1
2572,-4.795542817439834,7.270706363543937,3,Sample 2,Cell type 1
2573,-5.2686277594321025,8.40628503209699,0,Sample 1,Cell type 1
2574,4.510584727275772,7.041438374226746,1,Sample 1,Cell type 2
2575,5.572305052352995,7.6456163924318234,1,Sample 1,Cell type 2
2576,5.706487821717728,7.008798054255234,1,Sample 1,Cell type 2
2577,6.728172626931796,6.924245274139753,4,Sample 2,Cell type 2
2578,5.349963383902411,8.755305755432126,4,Sample 2,Cell type 2
2579,6.347952830694319,6.755878466870979,4,Sample 2,Cell type 2
2580,-3.7520841764954924,6.052199372988196,3,Sample 2,Cell type 1
2581,2.4263244800521155,-7.268940121485601,5,Sample 2,Cell type 3
2582,0.7035336329099225,-7.932968673453282,2,Sample 1,Cell type 3
2583,5.319509397638441,6.638262319239156,4,Sample 2,Cell type 2
2584,-4.272478965527889,7.471182238356582,3,Sample 2,Cell type 1
2585,5.155488408161123,6.7881192042118705,4,Sample 2,Cell type 2
2586,-0.7919662340416112,-7.099073899870464,2,Sample 1,Cell type 3
2587,7.4948825753304025,7.098913844265342,4,Sample 2,Cell type 2
2588,5.97960469713184,6.89734076615599,4,Sample 2,Cell type 2
2589,6.740780080571693,6.998207123583054,4,Sample 2,Cell type 2
2590,-5.570276626141731,7.156211994018993,0,Sample 1,Cell type 1
2591,4.978156368392055,6.3244534446069185,1,Sample 1,Cell type 2
2592,1.012899830320378,-6.956422767865472,5,Sample 2,Cell type 3
2593,7.112204262009592,8.500944943409337,4,Sample 2,Cell type 2
2594,-0.880364682099489,-5.732773250346652,5,Sample 2,Cell type 3
2595,-4.056447903422971,6.695727290181711,0,Sample 1,Cell type 1
2596,6.780832575484757,8.19065695344335,4,Sample 2,Cell type 2
2597,4.110833634450374,7.26827163461108,1,Sample 1,Cell type 2
2598,5.743072769035438,5.802567246449801,4,Sample 2,Cell type 2
2599,5.485378447308946,6.924510516889165,1,Sample 1,Cell type 2
2600,0.7837028806913671,-8.182891926419611,5,Sample 2,Cell type 3
2601,-3.6625759405993032,8.119221338330194,3,Sample 2,Cell type 1
2602,4.45943353667071,7.098389745855895,1,Sample 1,Cell type 2
2603,-5.499854862156543,7.091940652034142,0,Sample 1,Cell type 1
2604,4.222674612366971,5.967373280034331,1,Sample 1,Cell type 2
2605,4.815306900924185,8.233676342522303,1,Sample 1,Cell type 2
2606,7.56786980379574,7.4315582514105865,4,Sample 2,Cell type 2
2607,-5.663196008737658,6.6229229797079,0,Sample 1,Cell type 1
2608,6.357585373607882,6.560199151749451,4,Sample 2,Cell type 2
2609,-1.0154643972373594,-5.709056085361791,2,Sample 1,Cell type 3
2610,2.194402483554563,-7.199171923543825,5,Sample 2,Cell type 3
2611,-4.092087755138591,6.794332348627739,3,Sample 2,Cell type 1
2612,4.305365814498907,7.498771080763424,1,Sample 1,Cell type 2
2613,-4.327485160809021,6.548968628423562,0,Sample 1,Cell type 1
2614,-4.395972384294458,6.673009813218105,3,Sample 2,Cell type 1
2615,0.954082028970565,-7.111708442761103,5,Sample 2,Cell type 3
2616,-0.4207037407161631,-6.928867726851051,2,Sample 1,Cell type 3
2617,-3.6578393487388476,6.62819721849908,0,Sample 1,Cell type 1
2618,-3.610155810364004,7.928611704034913,3,Sample 2,Cell type 1
2619,0.7062368526306013,-6.841016687731613,5,Sample 2,Cell type 3
2620,-4.494073808755584,7.84911137156686,0,Sample 1,Cell type 1
2621,0.4185806897329255,-7.7731616973558,5,Sample 2,Cell type 3
2622,-5.550520276142179,8.873016456140922,0,Sample 1,Cell type 1
2623,4.713327878383022,6.553034367357348,1,Sample 1,Cell type 2
2624,-1.2491945779534877,-5.868331949122276,2,Sample 1,Cell type 3
2625,-7.12077584671441,7.944273293403445,0,Sample 1,Cell type 1
2626,1.8400392332427415,-6.811341223463461,5,Sample 2,Cell type 3
2627,1.4408136481810396,-7.657853465208099,5,Sample 2,Cell type 3
2628,-0.8838902344500161,-6.894634670254382,2,Sample 1,Cell type 3
2629,-6.267122258788579,7.679399536780913,0,Sample 1,Cell type 1
2630,1.5633259470002292,-7.475665175275025,2,Sample 1,Cell type 3
2631,0.2940958721677687,-6.9525962760268545,2,Sample 1,Cell type 3
2632,5.856599179714471,6.9830634129046345,4,Sample 2,Cell type 2
2633,-3.3514016600944103,8.47534048582004,0,Sample 1,Cell type 1
2634,-0.2880314150055862,-7.653529490149732,2,Sample 1,Cell type 3
2635,5.43317018256383,7.678391940107593,1,Sample 1,Cell type 2
2636,4.384686120170161,6.319145330978384,1,Sample 1,Cell type 2
2637,0.39749887240607773,-6.2152506478783955,2,Sample 1,Cell type 3
2638,1.8417689247656468,-6.993120523627633,5,Sample 2,Cell type 3
2639,2.2482044236247445,-8.632350142171784,5,Sample 2,Cell type 3
2640,1.9341935404222232,-7.691103782278468,5,Sample 2,Cell type 3
2641,-0.4668794610768039,-6.240364731050022,2,Sample 1,Cell type 3
2642,5.589475117673946,6.846005766170904,1,Sample 1,Cell type 2
2643,-3.083175884686348,6.44917062398875,3,Sample 2,Cell type 1
2644,2.2743712768219053,-5.898899409080371,5,Sample 2,Cell type 3
2645,6.941747970547471,7.18046512978486,4,Sample 2,Cell type 2
2646,8.341816073978665,6.275583759360777,4,Sample 2,Cell type 2
2647,1.046291237941405,-7.283541918475405,5,Sample 2,Cell type 3
2648,5.926425227037563,6.205536316894969,4,Sample 2,Cell type 2
2649,4.203347684167817,7.591976805324401,1,Sample 1,Cell type 2
2650,-4.820726014551666,7.081141732490911,0,Sample 1,Cell type 1
2651,4.173980877177968,7.389409451822923,1,Sample 1,Cell type 2
2652,-4.0064905612894,7.197539192124023,3,Sample 2,Cell type 1
2653,5.51607458885746,7.469298459399697,4,Sample 2,Cell type 2
2654,6.1112229495625,7.034969499606234,4,Sample 2,Cell type 2
2655,-0.7717643406005719,-5.768292968047618,2,Sample 1,Cell type 3
2656,-0.4209982852139369,-5.960397589298717,2,Sample 1,Cell type 3
2657,3.7432990783452005,6.1696538367376315,1,Sample 1,Cell type 2
2658,-3.462444313748402,7.378429469470193,3,Sample 2,Cell type 1
2659,-1.13221375353935,-6.896240577936719,2,Sample 1,Cell type 3
2660,5.013967751023776,6.523474427375238,4,Sample 2,Cell type 2
2661,3.874946029062533,7.00458335376252,1,Sample 1,Cell type 2
2662,5.9493808320824675,6.543268898862303,4,Sample 2,Cell type 2
2663,4.818812720920135,6.303516422486692,1,Sample 1,Cell type 2
2664,-4.367811692664381,7.505780474162923,3,Sample 2,Cell type 1
2665,-6.158411120332995,5.31202304656941,0,Sample 1,Cell type 1
2666,-0.2101276162529342,-7.340177368194384,2,Sample 1,Cell type 3
2667,-6.035745180576725,7.999729241768291,0,Sample 1,Cell type 1
2668,-4.804959428983041,6.619804907276093,0,Sample 1,Cell type 1
2669,-4.841532191385716,6.955579482326321,0,Sample 1,Cell type 1
2670,-3.7993921674925515,7.75124520555627,0,Sample 1,Cell type 1
2671,0.15638538524263268,-7.15014397285692,2,Sample 1,Cell type 3
2672,-4.87889634014225,8.207471241682326,3,Sample 2,Cell type 1
2673,4.972490371141989,8.251771132268647,4,Sample 2,Cell type 2
2674,-3.478155078711816,5.765999723531817,3,Sample 2,Cell type 1
2675,-4.973264643308568,6.173843693925454,3,Sample 2,Cell type 1
2676,2.4203926793920387,-8.254424626551689,5,Sample 2,Cell type 3
2677,-1.228032198025888,-8.575075838991687,2,Sample 1,Cell type 3
2678,-0.8401125916817165,-6.465071692395487,2,Sample 1,Cell type 3
2679,-3.1445363680146445,7.385722083380973,0,Sample 1,Cell type 1
2680,5.946840819752436,6.78460425492202,4,Sample 2,Cell type 2
2681,5.444410117073799,6.3361186026766,1,Sample 1,Cell type 2
2682,-4.565119876324454,6.774576346196591,0,Sample 1,Cell type 1
2683,-4.7265952193782725,8.572004483238185,0,Sample 1,Cell type 1
2684,1.7567105252437116,-6.212170256739418,5,Sample 2,Cell type 3
2685,-3.8804351282693523,7.687667979560505,3,Sample 2,Cell type 1
2686,4.044859994880755,7.185422287676441,1,Sample 1,Cell type 2
2687,-0.8737309061744718,-6.40326675080557,2,Sample 1,Cell type 3
2688,-5.458929605504189,6.633580658873162,0,Sample 1,Cell type 1
2689,6.073901433311939,5.819370109996832,4,Sample 2,Cell type 2
2690,5.85838243821281,8.962165807560964,1,Sample 1,Cell type 2
2691,-5.016721275171318,7.164929718512501,0,Sample 1,Cell type 1
2692,3.9947944845765946,7.721631961263857,1,Sample 1,Cell type 2
2693,-3.1608815011045994,6.780796963513748,0,Sample 1,Cell type 1
2694,-4.2124836482288845,6.751165220930778,3,Sample 2,Cell type 1
2695,-1.3849610427559405,-5.875117229902886,2,Sample 1,Cell type 3
2696,-0.281131388570986,-5.820337124799789,2,Sample 1,Cell type 3
2697,4.894994426326156,7.13254931823249,1,Sample 1,Cell type 2
2698,-0.10050727102908952,-7.449984177986428,5,Sample 2,Cell type 3
2699,-3.7595996057487384,6.272384579274442,0,Sample 1,Cell type 1
2700,0.2539626090001401,-7.3373561353714845,2,Sample 1,Cell type 3
2701,-4.194158998260225,5.559059674919121,3,Sample 2,Cell type 1
2702,4.187158324680574,6.790445247384232,4,Sample 2,Cell type 2
2703,4.464741809072066,7.902991561782336,1,Sample 1,Cell type 2
2704,-5.197806116142916,8.095819473198858,3,Sample 2,Cell type 1
2705,0.6335798535883548,-6.690799871523483,5,Sample 2,Cell type 3
2706,-1.5608814912309,-6.956197462661347,2,Sample 1,Cell type 3
2707,5.331448795983971,7.948843965150626,4,Sample 2,Cell type 2
2708,0.9719228265723244,-7.75421413863352,5,Sample 2,Cell type 3
2709,-6.075560408827422,6.336146254678117,0,Sample 1,Cell type 1
2710,5.885072376082306,6.9390033598630385,4,Sample 2,Cell type 2
2711,4.6902954801683885,7.034738837519685,1,Sample 1,Cell type 2
2712,-0.4197299256534424,-6.6761439337509545,2,Sample 1,Cell type 3
2713,4.25966029915233,7.275374816404929,1,Sample 1,Cell type 2
2714,-3.6858927074792254,7.433936230672851,3,Sample 2,Cell type 1
2715,-5.178770228260681,7.642268207139149,0,Sample 1,Cell type 1
2716,-4.519861508397949,7.138402396014032,3,Sample 2,Cell type 1
2717,4.692822982438119,7.271227976866831,1,Sample 1,Cell type 2
2718,-4.0647338701301505,4.534727223163031,3,Sample 2,Cell type 1
2719,-3.93373394358552,6.488530291089623,3,Sample 2,Cell type 1
2720,-3.911571746020848,6.57001559091907,3,Sample 2,Cell type 1
2721,0.5859936822238418,-6.840088881605457,2,Sample 1,Cell type 3
2722,-0.48318450077538366,-7.254706736153754,2,Sample 1,Cell type 3
2723,4.280972761341498,6.006816911274283,1,Sample 1,Cell type 2
2724,-6.472699385065316,6.047406238476914,0,Sample 1,Cell type 1
2725,1.7562494169886922,-7.513123288760557,5,Sample 2,Cell type 3
2726,-4.063510739524562,6.830695052888912,3,Sample 2,Cell type 1
2727,-2.792695189276359,7.555552797970526,3,Sample 2,Cell type 1
2728,6.17517113268478,6.397610506370953,4,Sample 2,Cell type 2
2729,-3.364319693643831,7.849965611407753,3,Sample 2,Cell type 1
2730,-4.417896365090416,7.112624520511315,0,Sample 1,Cell type 1
2731,8.113609528394097,7.549547135903449,4,Sample 2,Cell type 2
2732,-3.615404336185613,8.26843613782226,3,Sample 2,Cell type 1
2733,-5.487609761727427,6.921490769477119,0,Sample 1,Cell type 1
2734,-5.0159988779151,7.60613991630245,3,Sample 2,Cell type 1
2735,-5.383339390276232,6.922540630534422,0,Sample 1,Cell type 1
2736,5.7078072180081225,5.734131993870223,4,Sample 2,Cell type 2
2737,-0.5864263964191915,-5.616618273819215,2,Sample 1,Cell type 3
2738,5.477229683420155,6.761834519147268,4,Sample 2,Cell type 2
2739,5.1791353246435,7.376208305892949,4,Sample 2,Cell type 2
2740,3.7192768172187876,6.408270192041279,1,Sample 1,Cell type 2
2741,-1.0160488709696256,-6.841503128424108,2,Sample 1,Cell type 3
2742,-6.370507623272702,8.154165711197805,0,Sample 1,Cell type 1
2743,6.090715513573351,7.438263013204908,4,Sample 2,Cell type 2
2744,-0.8471260696452805,-5.885737089895397,2,Sample 1,Cell type 3
2745,0.7682438370251763,-6.701080912611992,2,Sample 1,Cell type 3
2746,0.44871056182256785,-6.696915728778367,5,Sample 2,Cell type 3
2747,6.5551385865530065,7.6443392836731965,4,Sample 2,Cell type 2
2748,1.1547588599934369,-6.023175676318648,5,Sample 2,Cell type 3
2749,4.816487404745578,7.036286252014386,1,Sample 1,Cell type 2
2750,-0.4750491264549641,-7.203572940119582,2,Sample 1,Cell type 3
2751,-4.80675898603788,5.402349509678806,3,Sample 2,Cell type 1
2752,-5.435935269447159,7.390376703347132,0,Sample 1,Cell type 1
2753,5.843371783225135,6.237250541427676,4,Sample 2,Cell type 2
2754,-3.754123506633624,6.872865877273708,3,Sample 2,Cell type 1
2755,1.690749824151903,-7.083518282961711,5,Sample 2,Cell type 3
2756,-5.154883409735812,6.684739940297061,3,Sample 2,Cell type 1
2757,0.8547034669552132,-6.5877711001946615,2,Sample 1,Cell type 3
2758,-0.36092708672719903,-6.629675171936739,2,Sample 1,Cell type 3
2759,-3.9553088481244023,6.823348040675026,3,Sample 2,Cell type 1
2760,0.1732999803236952,-7.8916699587776975,2,Sample 1,Cell type 3
2761,1.6078297895624618,-7.7426898582796015,5,Sample 2,Cell type 3
2762,1.274341101857074,-6.076292509188704,5,Sample 2,Cell type 3
2763,7.014866588517975,7.464198016949897,4,Sample 2,Cell type 2
2764,0.20835381066684477,-7.502141296819666,2,Sample 1,Cell type 3
2765,4.65660446376107,7.541910427682051,1,Sample 1,Cell type 2
2766,5.652901229616648,8.448791890112032,4,Sample 2,Cell type 2
2767,5.411126279727132,7.214733237417154,1,Sample 1,Cell type 2
2768,5.851921880463025,8.040771175252264,4,Sample 2,Cell type 2
2769,-4.427805336675458,7.3070449764325325,3,Sample 2,Cell type 1
2770,-5.006378113053294,8.255023122977496,0,Sample 1,Cell type 1
2771,6.430214552294787,7.316179397524206,4,Sample 2,Cell type 2
2772,1.72396963319536,-7.251713211126309,5,Sample 2,Cell type 3
2773,-3.955616954276537,7.087870885171683,0,Sample 1,Cell type 1
2774,-4.3021434906234575,7.217741416456157,0,Sample 1,Cell type 1
2775,-4.176833970829641,7.126563653991931,3,Sample 2,Cell type 1
2776,-5.897327488687114,8.70472353420778,3,Sample 2,Cell type 1
2777,-2.5049457275649174,7.406832298551288,3,Sample 2,Cell type 1
2778,0.40219584599265173,-9.065684468129538,2,Sample 1,Cell type 3
2779,-0.14515925539801341,-7.156137413890527,2,Sample 1,Cell type 3
2780,0.6761636964637654,-6.16482405412563,5,Sample 2,Cell type 3
2781,7.001826929565312,7.200107445995632,4,Sample 2,Cell type 2
2782,0.23515315865328434,-5.216958380926373,5,Sample 2,Cell type 3
2783,-4.804026743113022,6.665513271568572,0,Sample 1,Cell type 1
2784,-3.586442787401303,6.893857201503776,3,Sample 2,Cell type 1
2785,6.015679693262102,6.429123779973606,4,Sample 2,Cell type 2
2786,-5.367488719632195,6.391192316293642,0,Sample 1,Cell type 1
2787,4.929309632635732,6.775058987959773,1,Sample 1,Cell type 2
2788,-6.122084217439755,8.470729206415028,0,Sample 1,Cell type 1
2789,-5.113566704761385,8.43434947431277,3,Sample 2,Cell type 1
2790,-5.0028820312724545,6.1443760605114415,0,Sample 1,Cell type 1
2791,1.1196757161166349,-8.144770010653568,2,Sample 1,Cell type 3
2792,-1.0297308548674,-8.188762359955868,2,Sample 1,Cell type 3
2793,4.716767431247181,6.612186393547955,1,Sample 1,Cell type 2
2794,0.07444688221642293,-6.813064083633551,5,Sample 2,Cell type 3
2795,5.7058664498587275,6.709395545599011,1,Sample 1,Cell type 2
2796,4.744756851466706,6.434247126422684,1,Sample 1,Cell type 2
2797,5.5271852354132545,7.423115755083992,4,Sample 2,Cell type 2
2798,-4.329983209510349,6.4801098132018256,3,Sample 2,Cell type 1
2799,5.391709087027095,6.7561785462390676,4,Sample 2,Cell type 2
2800,0.634540550574942,-7.168713517562497,2,Sample 1,Cell type 3
2801,0.18021129379803963,-6.516889607771988,2,Sample 1,Cell type 3
2802,6.986724861082136,7.0649166152883796,4,Sample 2,Cell type 2
2803,1.0730517828890798,-7.375432535198557,5,Sample 2,Cell type 3
2804,-4.205072542697994,6.640629605073364,3,Sample 2,Cell type 1
2805,5.137471471834825,7.513668787853303,1,Sample 1,Cell type 2
2806,-5.665884458483383,7.448200256974599,0,Sample 1,Cell type 1
2807,-3.561850778520382,7.583742100879084,0,Sample 1,Cell type 1
2808,-4.056562252748939,7.125082596993563,0,Sample 1,Cell type 1
2809,5.3810862154849755,7.475443939198777,1,Sample 1,Cell type 2
2810,-5.192988846285064,7.352712129076913,0,Sample 1,Cell type 1
2811,-5.010797779790347,6.224899068700755,0,Sample 1,Cell type 1
2812,0.7477869328669954,-6.856627469793673,5,Sample 2,Cell type 3
2813,4.844073375717855,7.9780838893591275,1,Sample 1,Cell type 2
2814,-5.854096343506075,6.957164223848441,0,Sample 1,Cell type 1
2815,-3.4217384840115903,7.160507138428186,3,Sample 2,Cell type 1
2816,2.9568630920784362,7.818523740856895,1,Sample 1,Cell type 2
2817,0.7132771395896891,-8.051067722793515,5,Sample 2,Cell type 3
2818,4.514639764187763,7.2400947656890535,1,Sample 1,Cell type 2
2819,-0.07209991652382874,-7.459610807525513,5,Sample 2,Cell type 3
2820,0.4340483641502497,-5.303183279266705,5,Sample 2,Cell type 3
2821,7.004116630699923,6.672929793122244,4,Sample 2,Cell type 2
2822,6.629124969596653,6.6234307836339,4,Sample 2,Cell type 2
2823,5.262839181256863,6.618753435637155,4,Sample 2,Cell type 2
2824,3.862551466606525,8.272134733429866,1,Sample 1,Cell type 2
2825,7.314833207296424,7.383970113411657,4,Sample 2,Cell type 2
2826,-5.581709740659895,6.873052903424272,0,Sample 1,Cell type 1
2827,-0.10361379749075261,-6.60718198362937,2,Sample 1,Cell type 3
2828,3.7751139979554225,7.482471616679743,1,Sample 1,Cell type 2
2829,-0.7565968485574249,-6.5844708585175,2,Sample 1,Cell type 3
2830,1.13023729447993,-5.8750435640768055,5,Sample 2,Cell type 3
2831,0.862366912587622,-5.9205324509489134,5,Sample 2,Cell type 3
2832,-4.43379845163562,6.621094391150061,0,Sample 1,Cell type 1
2833,5.828899865956289,7.847320773296101,4,Sample 2,Cell type 2
2834,1.513557703554961,-7.287281895356586,5,Sample 2,Cell type 3
2835,2.8310325287042315,-8.481657170988264,5,Sample 2,Cell type 3
2836,-4.620699858533187,7.134239048399943,3,Sample 2,Cell type 1
2837,5.5665715386052455,7.257640716876277,1,Sample 1,Cell type 2
2838,-3.602879905812847,8.73111984334431,3,Sample 2,Cell type 1
2839,4.98892980312461,6.519285592614136,1,Sample 1,Cell type 2
2840,5.524631302094667,6.578153045426321,4,Sample 2,Cell type 2
2841,0.2708423010287314,-7.821408273094595,2,Sample 1,Cell type 3
2842,6.049506682309708,6.329025147216093,4,Sample 2,Cell type 2
2843,7.2323529918213385,8.075347636096255,4,Sample 2,Cell type 2
2844,6.5965339918271715,9.559002656669765,1,Sample 1,Cell type 2
2845,-5.290889769771085,7.0255113128886215,0,Sample 1,Cell type 1
2846,5.798648718518368,6.725771561691037,1,Sample 1,Cell type 2
2847,-5.14155778199524,6.432430016234712,0,Sample 1,Cell type 1
2848,-0.13301508747248603,-7.585288918185434,5,Sample 2,Cell type 3
2849,6.666526213303547,6.566868375861927,4,Sample 2,Cell type 2
2850,1.1815475408946197,-8.005291452879824,2,Sample 1,Cell type 3
2851,4.69286163275257,6.731202733844965,4,Sample 2,Cell type 2
2852,-4.657660809462342,6.095640238647721,3,Sample 2,Cell type 1
2853,-5.4402441230763365,6.5337691175150345,0,Sample 1,Cell type 1
2854,4.012520902496062,6.59709640454316,1,Sample 1,Cell type 2
2855,-5.456608222241613,6.506449025389183,3,Sample 2,Cell type 1
2856,5.72543525852557,5.402433860741472,4,Sample 2,Cell type 2
2857,-3.4486684343405316,6.524160386036366,3,Sample 2,Cell type 1
2858,-5.031644123085324,7.616268369763575,0,Sample 1,Cell type 1
2859,0.02722192885778564,-6.981969730393433,2,Sample 1,Cell type 3
2860,-1.0982875611848513,-6.789883891583714,2,Sample 1,Cell type 3
2861,3.619354616967523,6.529016089996952,1,Sample 1,Cell type 2
2862,6.7300962580323525,7.408441358267953,4,Sample 2,Cell type 2
2863,-4.264619916818442,6.662939160945301,3,Sample 2,Cell type 1
2864,-3.5918740248678533,8.089123942208332,3,Sample 2,Cell type 1
2865,5.117452495013525,7.727510614175793,4,Sample 2,Cell type 2
2866,0.9647956132374529,-6.449141929653867,2,Sample 1,Cell type 3
2867,-4.26534671519815,5.814667328966934,0,Sample 1,Cell type 1
2868,0.759339235174161,-8.372917194223328,5,Sample 2,Cell type 3
2869,-4.596010176815634,7.763671967201573,0,Sample 1,Cell type 1
2870,-4.080987439702318,5.679296788842995,0,Sample 1,Cell type 1
2871,-4.776025098944144,6.170676574026774,0,Sample 1,Cell type 1
2872,-4.218983401733409,7.059651529505965,3,Sample 2,Cell type 1
2873,-4.647504656866204,7.836430360974003,3,Sample 2,Cell type 1
2874,0.3575113328373484,-7.656553658598185,5,Sample 2,Cell type 3
2875,0.25685881403141564,-7.4743707507868065,5,Sample 2,Cell type 3
2876,5.390729707971024,6.826256648379548,4,Sample 2,Cell type 2
2877,-2.6404512135930323,6.7496317903121685,3,Sample 2,Cell type 1
2878,1.1011971600156303,-6.820562099854952,2,Sample 1,Cell type 3
2879,5.563930216003528,8.524472315525559,4,Sample 2,Cell type 2
2880,-5.071788555429781,8.223161584225053,0,Sample 1,Cell type 1
2881,-5.235959742633622,8.069261470004463,0,Sample 1,Cell type 1
2882,1.2904034278448615,-8.447929828633852,5,Sample 2,Cell type 3
2883,-0.0799405102890185,-7.435226935718402,5,Sample 2,Cell type 3
2884,-0.6674584363932657,-6.459843986607188,2,Sample 1,Cell type 3
2885,6.604532670995452,6.8935571948316605,4,Sample 2,Cell type 2
2886,-4.7681801144828695,8.731388450781827,0,Sample 1,Cell type 1
2887,-4.823977819821549,7.107931189171997,3,Sample 2,Cell type 1
2888,-0.36155949752950217,-7.702538616441215,2,Sample 1,Cell type 3
2889,0.35973167506775694,-7.470257616648765,5,Sample 2,Cell type 3
2890,-4.48668061174347,7.5450920577196845,3,Sample 2,Cell type 1
2891,1.0274174513601777,-8.415764179255971,5,Sample 2,Cell type 3
2892,5.672496021203642,7.508454666426579,1,Sample 1,Cell type 2
2893,0.11300571206997059,-8.775520995711236,2,Sample 1,Cell type 3
2894,-0.47388476452164285,-6.9722296551010094,2,Sample 1,Cell type 3
2895,0.29864233150456565,-6.542699849984235,5,Sample 2,Cell type 3
2896,1.3379479783211519,-7.444018701422454,5,Sample 2,Cell type 3
2897,-1.6604704072628267,-7.13992356609819,2,Sample 1,Cell type 3
2898,1.1619066964789562,-8.316628681230657,5,Sample 2,Cell type 3
2899,4.5630044413980135,7.3845110161875125,1,Sample 1,Cell type 2
2900,-3.234963998326923,8.93080645654773,3,Sample 2,Cell type 1
2901,0.984065282960215,-7.269371907128406,5,Sample 2,Cell type 3
2902,1.8429110016838313,-8.254623190377254,2,Sample 1,Cell type 3
2903,0.936158967357283,-6.963630614067241,2,Sample 1,Cell type 3
2904,5.655022115003889,8.301413346595517,1,Sample 1,Cell type 2
2905,-5.809683500208134,5.74718247437286,0,Sample 1,Cell type 1
2906,2.9166289146982924,7.230226329302671,1,Sample 1,Cell type 2
2907,-5.360052377183395,7.569347757743475,0,Sample 1,Cell type 1
2908,3.816870744980697,7.2177557476888,1,Sample 1,Cell type 2
2909,5.826781441971061,6.31967457931987,4,Sample 2,Cell type 2
2910,-5.793113879565046,5.348355720982504,0,Sample 1,Cell type 1
2911,1.8253214692310742,-7.565181153412433,2,Sample 1,Cell type 3
2912,0.1994468765133831,-6.234997032597673,2,Sample 1,Cell type 3
2913,-3.567273185151208,7.772003145618462,3,Sample 2,Cell type 1
2914,-0.4231821664512122,-7.916313926073678,2,Sample 1,Cell type 3
2915,4.637401272781589,8.233041839442071,1,Sample 1,Cell type 2
2916,-5.027769415764195,6.136125381769849,0,Sample 1,Cell type 1
2917,-4.342351872004408,8.588502197988634,0,Sample 1,Cell type 1
2918,6.619447698629482,5.980528608191227,1,Sample 1,Cell type 2
2919,-1.0341002777218102,-7.4968026623672275,2,Sample 1,Cell type 3
2920,-3.9460847474925393,7.2291474956193955,0,Sample 1,Cell type 1
2921,6.315663988387375,6.730463328144203,4,Sample 2,Cell type 2
2922,-3.4274126070633275,8.986557332331436,3,Sample 2,Cell type 1
2923,0.32688584616141414,-7.317314588776583,2,Sample 1,Cell type 3
2924,0.7822524397489603,-8.755585365337735,2,Sample 1,Cell type 3
2925,-4.513682792226769,7.220355110390562,0,Sample 1,Cell type 1
2926,-2.669013734285221,7.315262313090558,3,Sample 2,Cell type 1
2927,-4.004448234918456,8.013877963704214,3,Sample 2,Cell type 1
2928,1.124124274292285,-7.389694238699514,5,Sample 2,Cell type 3
2929,-2.120739370639394,6.498233062844803,3,Sample 2,Cell type 1
2930,-4.591816931178374,6.003379326337289,3,Sample 2,Cell type 1
2931,-0.9294270751298911,-7.29757892926049,2,Sample 1,Cell type 3
2932,-4.576156657667774,8.224322708391796,0,Sample 1,Cell type 1
2933,-3.2935733002749865,5.509397572247474,0,Sample 1,Cell type 1
2934,2.0816314927794606,-5.391541795463468,5,Sample 2,Cell type 3
2935,0.5154560000513615,-7.096701708409865,5,Sample 2,Cell type 3
2936,7.212355846681798,7.376455147035483,4,Sample 2,Cell type 2
2937,-5.95007873522361,7.318924380047098,0,Sample 1,Cell type 1
2938,5.4953234088041585,8.717064187634834,1,Sample 1,Cell type 2
2939,5.258463418492823,6.869185010164445,1,Sample 1,Cell type 2
2940,-3.451528202961267,6.957748943057374,3,Sample 2,Cell type 1
2941,5.694808468140725,6.01467305714145,4,Sample 2,Cell type 2
2942,0.1794717254224661,-6.347853768056424,2,Sample 1,Cell type 3
2943,-5.238050802687994,8.17163326251477,0,Sample 1,Cell type 1
2944,0.7310172971084685,-8.307651641218062,2,Sample 1,Cell type 3
2945,-3.97786808336926,6.597810700796812,0,Sample 1,Cell type 1
2946,-1.3104232459488134,-8.500168184149224,2,Sample 1,Cell type 3
2947,-4.937091847747127,5.472507264239789,0,Sample 1,Cell type 1
2948,4.446513072496475,7.068024504928836,4,Sample 2,Cell type 2
2949,7.263550313355887,6.581660100261807,4,Sample 2,Cell type 2
2950,5.167841031235621,7.630120348089856,4,Sample 2,Cell type 2
2951,-0.06447979943740871,-7.737512657466082,2,Sample 1,Cell type 3
2952,-6.699116579447845,6.650463794520867,0,Sample 1,Cell type 1
2953,5.643479757576005,8.714122763934752,4,Sample 2,Cell type 2
2954,4.792963149866318,8.349985548269249,1,Sample 1,Cell type 2
2955,-4.483699240331882,8.165973057891355,0,Sample 1,Cell type 1
2956,5.017856028435154,6.598045404369711,4,Sample 2,Cell type 2
2957,4.96574129495074,7.1174859997121915,1,Sample 1,Cell type 2
2958,1.3170935651738809,-6.935269597488946,5,Sample 2,Cell type 3
2959,1.369017667454265,-7.810553678769776,5,Sample 2,Cell type 3
2960,2.496859585846491,-7.751775083096595,5,Sample 2,Cell type 3
2961,0.549652636687133,-5.897835124442593,2,Sample 1,Cell type 3
2962,6.725235325687971,7.1288694504558086,4,Sample 2,Cell type 2
2963,-6.103455382411622,6.48632377991194,0,Sample 1,Cell type 1
2964,0.428747905614257,-6.128332357814499,5,Sample 2,Cell type 3
2965,3.109654051566529,6.263283248097525,1,Sample 1,Cell type 2
2966,1.2331031878527567,-7.045319742236003,5,Sample 2,Cell type 3
2967,-5.133694464253484,7.188438761012134,0,Sample 1,Cell type 1
2968,-5.447137477817271,7.372837311917092,0,Sample 1,Cell type 1
2969,0.8847203394858472,-7.52222580231207,2,Sample 1,Cell type 3
2970,-4.995805040225454,7.108652286877269,0,Sample 1,Cell type 1
2971,-2.549273841187661,6.796764722619424,3,Sample 2,Cell type 1
2972,6.404446282572006,7.42005637570632,4,Sample 2,Cell type 2
2973,1.388287926042552,-7.750351692657654,5,Sample 2,Cell type 3
2974,3.2773256641030044,7.948789981268432,1,Sample 1,Cell type 2
2975,-3.818652601204322,6.621821614800975,3,Sample 2,Cell type 1
2976,1.3797067884534338,-6.50499435428578,5,Sample 2,Cell type 3
2977,-4.152697775642544,6.9125112707617,3,Sample 2,Cell type 1
2978,7.180089891447885,6.916325709000511,4,Sample 2,Cell type 2
2979,3.9980852444695048,7.361973317965449,1,Sample 1,Cell type 2
2980,-0.003328789596483084,-7.515081173100763,5,Sample 2,Cell type 3
2981,-3.494380402819973,8.147403848789457,0,Sample 1,Cell type 1
2982,0.2689159704209831,-7.2530488198282015,2,Sample 1,Cell type 3
2983,7.08224042791738,6.697808554903254,4,Sample 2,Cell type 2
2984,5.522484172214423,5.7314922435028794,4,Sample 2,Cell type 2
2985,-5.856252478584339,7.6971716729186905,3,Sample 2,Cell type 1
2986,-0.38211646608320415,-8.075176109444191,2,Sample 1,Cell type 3
2987,-0.7740728634870166,-8.005610074145636,5,Sample 2,Cell type 3
2988,0.39314356217615987,-6.615259526106558,2,Sample 1,Cell type 3
2989,-0.5836819758459276,-6.781933958046993,2,Sample 1,Cell type 3
2990,-4.951385972061703,7.914256428811776,3,Sample 2,Cell type 1
2991,-4.179882444635881,6.328034146703509,3,Sample 2,Cell type 1
2992,4.973416007484431,6.9045743260474435,1,Sample 1,Cell type 2
2993,2.215961604731439,-8.77970769085332,5,Sample 2,Cell type 3
2994,6.808219669468812,7.0355786474562265,4,Sample 2,Cell type 2
2995,1.6881461107161253,-6.422859776365208,5,Sample 2,Cell type 3
2996,8.162422051524068,6.886538478553709,4,Sample 2,Cell type 2
2997,2.1742803559978476,-7.095278257943064,5,Sample 2,Cell type 3
2998,1.2666958810087026,-9.06531621138176,5,Sample 2,Cell type 3
2999,5.7123065308158285,7.531231824750728,1,Sample 1,Cell type 2
3000,-2.9979674151766154,6.447852274649487,3,Sample 2,Cell type 1
3001,-4.8115083535131475,7.687759966975049,0,Sample 1,Cell type 1
3002,0.8831018746530062,-6.69093361466917,2,Sample 1,Cell type 3
3003,1.508263356172965,-7.165201653619758,5,Sample 2,Cell type 3
3004,-4.6771474411671825,7.811605579467653,3,Sample 2,Cell type 1
3005,5.12788511359792,6.2489276991247085,1,Sample 1,Cell type 2
3006,-4.527476135446152,7.958030676331802,0,Sample 1,Cell type 1
3007,-3.341773775332798,6.300947002330295,3,Sample 2,Cell type 1
3008,-5.1102948403646415,7.682156093172214,3,Sample 2,Cell type 1
3009,-5.642939654375785,8.38236125622073,0,Sample 1,Cell type 1
3010,1.2483782033446011,-7.972878845908793,5,Sample 2,Cell type 3
3011,6.3122929555163,6.947943630285725,4,Sample 2,Cell type 2
3012,5.469355041180219,6.691144886567456,1,Sample 1,Cell type 2
3013,-4.073123536794077,6.414521957184107,0,Sample 1,Cell type 1
3014,5.9008402006177345,7.029952832994686,1,Sample 1,Cell type 2
3015,-0.889264199610841,-7.099728274830646,2,Sample 1,Cell type 3
3016,6.360770107821182,7.876451868847127,4,Sample 2,Cell type 2
3017,0.1471742626978555,-7.112301578751596,5,Sample 2,Cell type 3
3018,5.239052503689635,6.797610355668567,4,Sample 2,Cell type 2
3019,-0.6774807729002917,-6.071372687628142,2,Sample 1,Cell type 3
3020,-2.5539131937845894,7.475993936234046,3,Sample 2,Cell type 1
3021,-0.6708686387577849,-7.780412549692241,2,Sample 1,Cell type 3
3022,-5.015212966322151,6.269044320155229,0,Sample 1,Cell type 1
3023,-5.529053513330004,7.145451209089003,3,Sample 2,Cell type 1
3024,-5.442919444277746,6.112765497794396,0,Sample 1,Cell type 1
3025,5.265584264455212,7.223467555688728,1,Sample 1,Cell type 2
3026,-3.2540521032362664,6.73898758069478,3,Sample 2,Cell type 1
3027,-4.83766158331896,5.85847251986769,0,Sample 1,Cell type 1
3028,-0.25439061244821404,-8.265037627870269,5,Sample 2,Cell type 3
3029,6.001581475804649,8.297366496374526,4,Sample 2,Cell type 2
3030,4.6209285223432675,7.059505995162852,1,Sample 1,Cell type 2
3031,-0.46542562671364324,-8.010171783392654,2,Sample 1,Cell type 3
3032,1.0756220540707746,-5.626196517595906,5,Sample 2,Cell type 3
3033,5.757691804960806,8.147947647476881,4,Sample 2,Cell type 2
3034,3.2305104709363945,8.297814772902536,1,Sample 1,Cell type 2
3035,4.194765947776287,7.982970660768712,1,Sample 1,Cell type 2
3036,-0.36363817499475537,-7.245990433813504,2,Sample 1,Cell type 3
3037,0.05700299992871399,-8.105873912028752,2,Sample 1,Cell type 3
3038,-0.22310671532060522,-6.394941434918018,2,Sample 1,Cell type 3
3039,-4.7108835155932685,8.301497065038252,0,Sample 1,Cell type 1
3040,-6.220420136739791,6.51754135596048,0,Sample 1,Cell type 1
3041,-5.205901229938676,5.736200552763404,0,Sample 1,Cell type 1
3042,4.515311343392885,8.446570136831312,1,Sample 1,Cell type 2
3043,6.1945077241107915,6.694905140837227,4,Sample 2,Cell type 2
3044,-0.5098461976230358,-6.704358449024288,2,Sample 1,Cell type 3
3045,0.9745557694034048,-6.225173167562895,2,Sample 1,Cell type 3
3046,5.9766268753168115,7.691159909136744,4,Sample 2,Cell type 2
3047,5.299326074803912,6.4264280879581115,4,Sample 2,Cell type 2
3048,4.850284587996361,7.859651808409366,1,Sample 1,Cell type 2
3049,4.426542143517756,5.577838518207027,1,Sample 1,Cell type 2
3050,-3.650286691941948,7.776379617425036,0,Sample 1,Cell type 1
3051,-4.228896706564072,8.839486213138557,0,Sample 1,Cell type 1
3052,4.4737323569182905,7.754687993518768,1,Sample 1,Cell type 2
3053,0.01505523979247874,-8.008391289719524,2,Sample 1,Cell type 3
3054,0.006304147755782522,-7.331556653584278,2,Sample 1,Cell type 3
3055,-0.7330567352587358,-7.7406043749024995,2,Sample 1,Cell type 3
3056,5.96379655842853,6.084586767853591,4,Sample 2,Cell type 2
3057,0.23630551843995184,-6.656492651509146,5,Sample 2,Cell type 3
3058,0.03617816719998605,-7.030109490360608,2,Sample 1,Cell type 3
3059,-1.4351139982943124,-8.155425814355308,2,Sample 1,Cell type 3
3060,-1.2137389573373434,-6.470604477848063,2,Sample 1,Cell type 3
3061,5.736408559825611,8.410955550196727,4,Sample 2,Cell type 2
3062,4.919876738816038,6.908128811723903,1,Sample 1,Cell type 2
3063,-3.7404331165179863,5.627977577815583,3,Sample 2,Cell type 1
3064,-4.876216415074244,4.529704761308675,3,Sample 2,Cell type 1
3065,5.849438048981743,6.988198329140851,4,Sample 2,Cell type 2
3066,0.984699610523788,-5.723056388898668,2,Sample 1,Cell type 3
3067,1.2567980509488186,-6.269278878503135,5,Sample 2,Cell type 3
3068,7.006095245087488,7.3959127098079405,4,Sample 2,Cell type 2
3069,-0.6258830114387077,-8.128312441074316,5,Sample 2,Cell type 3
3070,4.459857380020495,6.955452875293061,1,Sample 1,Cell type 2
3071,-0.2850054307215666,-6.7551014356068295,5,Sample 2,Cell type 3
3072,-0.7591332166598699,-5.673177253533029,2,Sample 1,Cell type 3
3073,4.935435894935259,5.328693626109725,4,Sample 2,Cell type 2
3074,-4.636909442549197,6.311017013892574,3,Sample 2,Cell type 1
3075,-5.3554346080608894,7.372908206301357,0,Sample 1,Cell type 1
3076,4.6239662817923985,7.283770395587115,1,Sample 1,Cell type 2
3077,-0.48658120595580745,-6.780575309669857,2,Sample 1,Cell type 3
3078,0.49926718585231833,-7.853671762313858,5,Sample 2,Cell type 3
3079,4.916996260232193,7.65864920786645,4,Sample 2,Cell type 2
3080,6.608404895667314,5.676709787476144,4,Sample 2,Cell type 2
3081,-4.4714657851418895,6.704156902984608,3,Sample 2,Cell type 1
3082,4.749553575581476,7.070500936204159,1,Sample 1,Cell type 2
3083,1.0941659347687664,-8.40847683052801,5,Sample 2,Cell type 3
3084,3.168635439232426,-7.122064040268649,5,Sample 2,Cell type 3
3085,-1.3252985661422192,-7.490626320875597,2,Sample 1,Cell type 3
3086,-4.599486151538222,6.893838533798485,3,Sample 2,Cell type 1
3087,-1.280024087453746,-6.635401891230573,5,Sample 2,Cell type 3
3088,-6.182817592293942,6.4951924451497085,0,Sample 1,Cell type 1
3089,1.6383802036655242,-7.515155194208155,5,Sample 2,Cell type 3
3090,-5.810264896267539,7.322465677941695,0,Sample 1,Cell type 1
3091,-3.4549101387397556,6.148113986793589,3,Sample 2,Cell type 1
3092,4.8263863596605034,6.82428158110082,1,Sample 1,Cell type 2
3093,1.4704613401342654,-6.30119167645222,5,Sample 2,Cell type 3
3094,0.3406749269038633,-6.736503207155097,2,Sample 1,Cell type 3
3095,-0.11151776053058733,-6.479345290485738,2,Sample 1,Cell type 3
3096,6.852301017807682,6.864631399376546,4,Sample 2,Cell type 2
3097,5.373921122065129,7.636693699554104,4,Sample 2,Cell type 2
3098,7.033648267461218,6.471730430582882,4,Sample 2,Cell type 2
3099,1.5300288267188904,-7.729352533080221,5,Sample 2,Cell type 3
3100,-4.588160827810597,8.396034413511313,3,Sample 2,Cell type 1
3101,-4.553880619387035,6.543836391954559,3,Sample 2,Cell type 1
3102,0.03518210287350487,-7.779844398983697,5,Sample 2,Cell type 3
3103,0.9981048670937536,-7.505953328739918,5,Sample 2,Cell type 3
3104,3.7139521085048206,6.460887989012504,1,Sample 1,Cell type 2
3105,0.7323122204481294,-7.510700031541903,2,Sample 1,Cell type 3
3106,3.8299099489516495,6.951503257333484,4,Sample 2,Cell type 2
3107,-3.6949523101881723,7.320390096669298,3,Sample 2,Cell type 1
3108,-4.50866663996526,7.677073979903319,0,Sample 1,Cell type 1
3109,4.801047099053163,8.35694427268147,1,Sample 1,Cell type 2
3110,5.540733938330185,6.8461674239550065,4,Sample 2,Cell type 2
3111,6.725846570612402,6.5864958734628045,1,Sample 1,Cell type 2
3112,0.5036236673774487,-7.71452041959347,2,Sample 1,Cell type 3
3113,5.2480257366799465,7.4523886445059215,4,Sample 2,Cell type 2
3114,1.1117213393727172,-7.019048106914451,5,Sample 2,Cell type 3
3115,-3.5633706291741154,5.333810688057118,3,Sample 2,Cell type 1
3116,5.6226888609333106,6.630119238802648,1,Sample 1,Cell type 2
3117,4.228992859031512,6.305347079949441,1,Sample 1,Cell type 2
3118,1.0603456872760628,-8.196519819463505,2,Sample 1,Cell type 3
3119,5.313932773743014,6.663896911299476,1,Sample 1,Cell type 2
3120,0.6001020556713186,-6.6366419884337535,5,Sample 2,Cell type 3
3121,1.1883646360888915,-10.02176004500823,5,Sample 2,Cell type 3
3122,4.6283061621612855,7.231995536563747,1,Sample 1,Cell type 2
3123,-4.113453746609987,6.239143070165051,0,Sample 1,Cell type 1
3124,4.4123267385615605,6.422865862253971,1,Sample 1,Cell type 2
3125,-1.7416520371542838,-6.928286480757164,2,Sample 1,Cell type 3
3126,2.1484567945308988,-8.533792516539046,5,Sample 2,Cell type 3
3127,0.6996740428128305,-7.110131680612438,5,Sample 2,Cell type 3
3128,0.634641907981403,-6.799873000817939,5,Sample 2,Cell type 3
3129,-4.533478973561251,7.229401145739136,3,Sample 2,Cell type 1
3130,0.16186303713824163,-5.765582292594188,2,Sample 1,Cell type 3
3131,-3.8266535048285713,6.828387757883768,3,Sample 2,Cell type 1
3132,4.732179734314768,6.748149041271878,1,Sample 1,Cell type 2
3133,1.368637794892774,-8.28893526649087,5,Sample 2,Cell type 3
3134,5.131808672989213,7.11177797335029,1,Sample 1,Cell type 2
3135,5.563605231859778,7.702313161765891,1,Sample 1,Cell type 2
3136,1.732044854245282,-6.118628936390598,2,Sample 1,Cell type 3
3137,6.041393031519038,8.320276769246957,1,Sample 1,Cell type 2
3138,-0.18814893015994572,-8.710647400401221,5,Sample 2,Cell type 3
3139,0.034811734914772866,-6.62455620025067,2,Sample 1,Cell type 3
3140,1.9099048781031311,-6.751492313783728,5,Sample 2,Cell type 3
3141,-0.7744366068081963,-7.319313976173398,2,Sample 1,Cell type 3
3142,1.2598065916268335,-6.606613662236984,5,Sample 2,Cell type 3
3143,6.26998565978112,6.860421566363143,4,Sample 2,Cell type 2
3144,-4.713770111721374,7.519695432960063,0,Sample 1,Cell type 1
3145,-4.046326199901527,6.482974371285805,3,Sample 2,Cell type 1
3146,4.627170798505406,5.795305358052039,1,Sample 1,Cell type 2
3147,-4.156558824917521,7.9191396037924076,3,Sample 2,Cell type 1
3148,4.933249624167711,5.911351636106652,1,Sample 1,Cell type 2
3149,5.291167802417299,6.805004307985575,4,Sample 2,Cell type 2
3150,5.0140550086688,7.833037388294411,4,Sample 2,Cell type 2
3151,-4.479857618655879,5.824038215846402,3,Sample 2,Cell type 1
3152,-0.31814375489168323,-8.018292258443523,2,Sample 1,Cell type 3
3153,-0.14652037684263575,-7.3564063192093725,2,Sample 1,Cell type 3
3154,-0.5538002634127172,-8.646206325798342,2,Sample 1,Cell type 3
3155,-5.265942379218912,7.72453742101026,3,Sample 2,Cell type 1
3156,-0.7886430469342613,-7.298391890208514,2,Sample 1,Cell type 3
3157,0.5950487511317311,-7.21467947176346,5,Sample 2,Cell type 3
3158,4.76025868159457,7.03090411823208,1,Sample 1,Cell type 2
3159,2.6513761078819287,-6.944591911172028,5,Sample 2,Cell type 3
3160,5.385799162144526,6.080937874003637,1,Sample 1,Cell type 2
3161,1.2131152442028583,-6.589373155551488,2,Sample 1,Cell type 3
3162,-6.30203395030653,7.109535769194581,0,Sample 1,Cell type 1
3163,5.689699374510024,8.115925574962779,4,Sample 2,Cell type 2
3164,-4.939356353445019,6.529338442655786,0,Sample 1,Cell type 1
3165,-0.7223308126060126,-7.095697013796208,5,Sample 2,Cell type 3
3166,4.650588610209426,5.785806131274532,1,Sample 1,Cell type 2
3167,6.393156408715521,6.887802987128108,4,Sample 2,Cell type 2
3168,-4.431232025437207,7.426478461054307,0,Sample 1,Cell type 1
3169,1.5753349330843498,-5.615250382015398,5,Sample 2,Cell type 3
3170,-2.9193181354407955,6.5481244993555405,3,Sample 2,Cell type 1
3171,-0.0792754401930152,-7.553324336492645,2,Sample 1,Cell type 3
3172,0.479474702931044,-7.3323858624163645,5,Sample 2,Cell type 3
3173,5.452407716505236,5.662457604540821,1,Sample 1,Cell type 2
3174,2.1491436156470938,-7.634200872197911,5,Sample 2,Cell type 3
3175,1.9881519333431132,-6.859247563083092,2,Sample 1,Cell type 3
3176,-5.85671399844889,7.457045744060023,0,Sample 1,Cell type 1
3177,-3.2108987952752504,6.501489230058337,3,Sample 2,Cell type 1
3178,0.705126023138857,-6.49415952182901,2,Sample 1,Cell type 3
3179,-1.1166313617539882,-6.597988418458756,2,Sample 1,Cell type 3
3180,0.3318924002895284,-6.70043698777099,2,Sample 1,Cell type 3
3181,6.771324707337583,6.82671204991213,4,Sample 2,Cell type 2
3182,0.570169623089065,-8.577587978312343,2,Sample 1,Cell type 3
3183,4.978875394432858,7.295196738921161,1,Sample 1,Cell type 2
3184,-1.6696216148816552,-7.538761996391235,2,Sample 1,Cell type 3
3185,-4.543384522554364,4.739663020011923,3,Sample 2,Cell type 1
3186,-3.0772675318093796,7.024972774238607,0,Sample 1,Cell type 1
3187,0.16413094887754298,-5.64392973570406,5,Sample 2,Cell type 3
3188,6.895750222842705,7.297510341672399,4,Sample 2,Cell type 2
3189,0.8288701208370048,-8.209447752074814,2,Sample 1,Cell type 3
3190,-5.64679488231455,6.669662176997846,0,Sample 1,Cell type 1
3191,-5.885067979204822,6.1141025126009385,0,Sample 1,Cell type 1
3192,-1.6622494558849574,-7.327306055494789,2,Sample 1,Cell type 3
3193,1.742472488792865,-8.487452722086338,5,Sample 2,Cell type 3
3194,-0.18101003520142345,-5.6266082657160235,5,Sample 2,Cell type 3
3195,4.741856128926291,6.870401398701437,1,Sample 1,Cell type 2
3196,-0.7760994083037149,-7.389114024258853,2,Sample 1,Cell type 3
3197,-5.801296007915933,6.846187577556711,0,Sample 1,Cell type 1
3198,0.1523391119400462,-6.711692834837448,2,Sample 1,Cell type 3
3199,-0.9434952973060938,-6.933264302736646,2,Sample 1,Cell type 3
3200,0.9907879295386839,-6.246539965272228,5,Sample 2,Cell type 3
3201,0.8196052613322912,-6.834658458593204,5,Sample 2,Cell type 3
3202,-0.834062155736461,-8.008854814614788,2,Sample 1,Cell type 3
3203,-4.985265296648358,8.412217661685702,0,Sample 1,Cell type 1
3204,5.247066410079171,8.432839767573666,1,Sample 1,Cell type 2
3205,-4.95837314337381,7.780731633022505,3,Sample 2,Cell type 1
3206,-0.2583914056582888,-7.913105565361564,5,Sample 2,Cell type 3
3207,1.747277386704365,-6.614662045181863,2,Sample 1,Cell type 3
3208,4.707742758950313,7.218812056557402,1,Sample 1,Cell type 2
3209,-2.1980038741801877,-7.47085195278678,2,Sample 1,Cell type 3
3210,1.276893863038178,-6.677456387411957,5,Sample 2,Cell type 3
3211,-4.214587610406724,6.8112027050585775,0,Sample 1,Cell type 1
3212,-4.013288273860727,6.986412805867317,3,Sample 2,Cell type 1
3213,-0.08274497943222714,-8.062309973886789,2,Sample 1,Cell type 3
3214,6.42736628989974,6.48967428795986,4,Sample 2,Cell type 2
3215,-3.054745826864683,8.945991054115575,3,Sample 2,Cell type 1
3216,4.984464315289814,6.828523985598055,1,Sample 1,Cell type 2
3217,1.1889789170113865,-7.822392267682021,5,Sample 2,Cell type 3
3218,2.169803683227783,-7.303430944847706,5,Sample 2,Cell type 3
3219,1.010965342123735,-7.748120593838064,2,Sample 1,Cell type 3
3220,5.735383147660163,6.53655254343428,1,Sample 1,Cell type 2
3221,6.7805707021354005,7.071672217829152,4,Sample 2,Cell type 2
3222,-4.18504075434376,6.609932150797601,3,Sample 2,Cell type 1
3223,1.0094901433446273,-7.855698218596323,5,Sample 2,Cell type 3
3224,6.429929602256305,7.584908799874416,4,Sample 2,Cell type 2
3225,5.1349237375733825,7.424620331521003,1,Sample 1,Cell type 2
3226,5.817824308131398,7.6434622892810635,4,Sample 2,Cell type 2
3227,0.53435093272559,-6.751832499348255,5,Sample 2,Cell type 3
3228,-5.2657785333971825,7.11124997119802,3,Sample 2,Cell type 1
3229,-2.8519300806222114,6.7932259806992015,3,Sample 2,Cell type 1
3230,-0.455866342591007,-6.807460823407069,2,Sample 1,Cell type 3
3231,-4.694451638214757,7.415101129618331,0,Sample 1,Cell type 1
3232,-3.3923880900111136,6.8376609060586455,3,Sample 2,Cell type 1
3233,3.2921696184687703,-7.792661931420033,5,Sample 2,Cell type 3
3234,5.138673331496326,7.266230370192276,1,Sample 1,Cell type 2
3235,4.816160295539845,6.389942664457225,1,Sample 1,Cell type 2
3236,-4.922337960521568,7.845983804291787,0,Sample 1,Cell type 1
3237,0.9766570390504383,-7.772486836834951,2,Sample 1,Cell type 3
3238,-0.945499300336641,-6.71148868159963,2,Sample 1,Cell type 3
3239,-5.499015168556644,8.602292894958904,0,Sample 1,Cell type 1
3240,5.386346035679759,6.587997173870926,4,Sample 2,Cell type 2
3241,-0.55741745474366,-6.605446558197694,2,Sample 1,Cell type 3
3242,1.5182136133967816,-7.829381985680665,2,Sample 1,Cell type 3
3243,-4.2681952654944215,5.998216041224221,3,Sample 2,Cell type 1
3244,-4.420504747188308,7.096993422537585,3,Sample 2,Cell type 1
3245,1.26902231139805,-7.660691300787633,5,Sample 2,Cell type 3
3246,-2.8231722473463168,6.511471635731361,3,Sample 2,Cell type 1
3247,4.764826441868654,7.013788410379022,1,Sample 1,Cell type 2
3248,-4.136308612310557,6.420808939596224,3,Sample 2,Cell type 1
3249,0.06816755970712085,-9.463976588586053,2,Sample 1,Cell type 3
3250,-4.160511439060345,7.365076140297957,3,Sample 2,Cell type 1
3251,0.5542846046542492,-6.483357775498011,2,Sample 1,Cell type 3
3252,5.688378790687796,6.604605861010325,1,Sample 1,Cell type 2
3253,-3.8323726157897644,6.197767674138193,3,Sample 2,Cell type 1
3254,6.5625140337760035,7.497633666184925,4,Sample 2,Cell type 2
3255,6.088526876670921,6.024011492570185,1,Sample 1,Cell type 2
3256,5.2850031847330285,6.760695836739513,4,Sample 2,Cell type 2
3257,-4.007430849254253,7.316652670014466,3,Sample 2,Cell type 1
3258,-3.368064222255318,7.846723032467801,3,Sample 2,Cell type 1
3259,5.4168979427034705,7.5872402806255215,1,Sample 1,Cell type 2
3260,-3.6420848503448195,6.670080525633305,3,Sample 2,Cell type 1
3261,6.116341773924607,6.508099492400329,4,Sample 2,Cell type 2
3262,0.309058654249248,-7.234644788654372,2,Sample 1,Cell type 3
3263,4.903241481113775,7.406693766991098,1,Sample 1,Cell type 2
3264,5.393615078394239,6.650239937731412,1,Sample 1,Cell type 2
3265,0.4761841795008406,-7.479554611303539,5,Sample 2,Cell type 3
3266,4.571229243908761,7.717514050490392,1,Sample 1,Cell type 2
3267,4.6055017420801825,8.225973414640526,1,Sample 1,Cell type 2
3268,4.051750134573689,7.618398378752639,4,Sample 2,Cell type 2
3269,4.8536828471161275,8.170968947184024,1,Sample 1,Cell type 2
3270,5.916025833949101,7.5613004051321075,4,Sample 2,Cell type 2
3271,6.191886196679437,7.4601158065456525,4,Sample 2,Cell type 2
3272,-4.411826139931794,7.265891975214551,3,Sample 2,Cell type 1
3273,0.28200397468550364,-7.52734890499642,2,Sample 1,Cell type 3
3274,-0.9044922679500211,-6.572898832745261,2,Sample 1,Cell type 3
3275,0.6145657733053899,-6.898750607500445,2,Sample 1,Cell type 3
3276,-5.036468813084398,7.265739371323629,0,Sample 1,Cell type 1
3277,-0.4196536110136408,-5.98930566877176,2,Sample 1,Cell type 3
3278,4.9211294941725905,7.086147510221354,1,Sample 1,Cell type 2
3279,-0.12583475479392203,-8.109550934815202,5,Sample 2,Cell type 3
3280,-3.93239588344571,7.709463451555265,3,Sample 2,Cell type 1
3281,6.270685953548767,6.2770054064824174,4,Sample 2,Cell type 2
3282,0.36280697004357393,-7.856903039269219,2,Sample 1,Cell type 3
3283,-5.888460676372663,8.472884166604373,0,Sample 1,Cell type 1
3284,-1.7519373639828428,-6.115394035454491,2,Sample 1,Cell type 3
3285,-0.0172388167138271,-7.993535277257301,5,Sample 2,Cell type 3
3286,2.5183098341269643,-7.162117842596482,5,Sample 2,Cell type 3
3287,4.369772998473409,6.574389733264582,1,Sample 1,Cell type 2
3288,2.891401808786498,7.073768217143204,1,Sample 1,Cell type 2
3289,4.977988075959491,8.488869089201271,1,Sample 1,Cell type 2
3290,1.699191800805506,-7.008316414998539,5,Sample 2,Cell type 3
3291,-4.060697160548019,5.723333750084366,3,Sample 2,Cell type 1
3292,5.403246298819519,6.541834657853242,4,Sample 2,Cell type 2
3293,-4.98890863682437,8.074538500471347,3,Sample 2,Cell type 1
3294,-0.7701860522276899,-7.2363568356223125,2,Sample 1,Cell type 3
3295,6.312967461789915,7.536493228368165,4,Sample 2,Cell type 2
3296,0.780285000506962,-7.436842643320833,5,Sample 2,Cell type 3
3297,4.669227871101379,7.279292217131784,1,Sample 1,Cell type 2
3298,-3.9974818184749386,8.055060106616422,3,Sample 2,Cell type 1
3299,4.501880510612438,7.226753776055269,1,Sample 1,Cell type 2
3300,-2.897224298030796,7.163727481647032,3,Sample 2,Cell type 1
3301,0.1598507701106644,-7.8489064076533435,5,Sample 2,Cell type 3
3302,-4.083474234389514,7.3857134518697345,3,Sample 2,Cell type 1
3303,4.814735382758905,5.99949199189927,4,Sample 2,Cell type 2
3304,5.951121993595305,6.472027975049432,4,Sample 2,Cell type 2
3305,0.7008374340238355,-5.89293127126469,2,Sample 1,Cell type 3
3306,5.802931775056122,5.229890437729486,4,Sample 2,Cell type 2
3307,5.349247843326134,7.794215684734432,1,Sample 1,Cell type 2
3308,-4.741825151729528,6.409283057023617,0,Sample 1,Cell type 1
3309,6.515299014280087,7.136658862925251,4,Sample 2,Cell type 2
3310,0.06286162377531984,-8.774055087397326,2,Sample 1,Cell type 3
3311,-0.026890051762970407,-6.707275082152568,2,Sample 1,Cell type 3
3312,0.865264230376895,-6.588151220696885,5,Sample 2,Cell type 3
3313,-3.8560685043628666,7.74133224004906,3,Sample 2,Cell type 1
3314,1.0849463355521731,-7.581314766153424,5,Sample 2,Cell type 3
3315,1.5838183496273563,-7.815869181171429,5,Sample 2,Cell type 3
3316,0.6524008179554102,-7.109538617730093,2,Sample 1,Cell type 3
3317,6.442324182879585,6.321794206870562,4,Sample 2,Cell type 2
3318,2.5843902753433396,7.218147447668431,1,Sample 1,Cell type 2
3319,-4.945977436249661,5.93126926289471,0,Sample 1,Cell type 1
3320,5.4576459533713155,7.021314998266027,1,Sample 1,Cell type 2
3321,6.293770059974899,7.154552561884046,1,Sample 1,Cell type 2
3322,1.6131107812579195,-7.402183765685361,5,Sample 2,Cell type 3
3323,7.833529013454949,8.565037415194556,4,Sample 2,Cell type 2
3324,-1.1487276190948221,-8.123720465007482,2,Sample 1,Cell type 3
3325,-5.196310492802296,6.468078880379483,0,Sample 1,Cell type 1
3326,4.9462573679605155,6.498459820576874,1,Sample 1,Cell type 2
3327,5.451460065927896,7.727306511472648,4,Sample 2,Cell type 2
3328,1.6152253243538204,-7.492979061177172,5,Sample 2,Cell type 3
3329,-5.541537600244767,7.56040884293817,0,Sample 1,Cell type 1
3330,0.40222754151615536,-5.633979153523905,2,Sample 1,Cell type 3
3331,0.11190978627130191,-6.274173239936572,2,Sample 1,Cell type 3
3332,6.069613184313909,6.242152954285318,4,Sample 2,Cell type 2
3333,5.760943928776637,6.784472309539469,4,Sample 2,Cell type 2
3334,5.14115324422178,6.777445540598817,1,Sample 1,Cell type 2
3335,4.426139948619205,7.054071988444482,4,Sample 2,Cell type 2
3336,6.0008879557498345,5.83552073326688,4,Sample 2,Cell type 2
3337,6.222774741130025,7.477336416897175,1,Sample 1,Cell type 2
3338,-5.220041357721315,5.229530880077007,0,Sample 1,Cell type 1
3339,1.1670828340274655,-7.0244976301974305,5,Sample 2,Cell type 3
3340,0.41223545729957395,-7.7384932598931755,2,Sample 1,Cell type 3
3341,0.7203188707160509,-6.710087556410669,2,Sample 1,Cell type 3
3342,0.14814042946393124,-6.730711920518138,2,Sample 1,Cell type 3
3343,4.776829655734553,6.847259677068808,1,Sample 1,Cell type 2
3344,2.5466877981714857,-6.865667172936045,5,Sample 2,Cell type 3
3345,5.697037837965795,5.994284067668077,1,Sample 1,Cell type 2
3346,1.0432413302768007,-6.970628942544557,5,Sample 2,Cell type 3
3347,-4.313872301438384,6.943116987894734,0,Sample 1,Cell type 1
3348,-0.4353534932395491,-6.204551641736888,5,Sample 2,Cell type 3
3349,-2.0893024057036493,8.018473128022414,3,Sample 2,Cell type 1
3350,-0.21106440099588308,-6.566367328988551,5,Sample 2,Cell type 3
3351,-3.325515734141408,8.001338673893464,3,Sample 2,Cell type 1
3352,6.77374249795116,7.466249717629991,4,Sample 2,Cell type 2
3353,5.871664494419722,9.071788210212901,4,Sample 2,Cell type 2
3354,1.5401096451255367,-8.443894410514027,5,Sample 2,Cell type 3
3355,0.7827376896224281,-6.653353775118327,2,Sample 1,Cell type 3
3356,7.87026219631064,6.38246237050402,4,Sample 2,Cell type 2
3357,1.3292525753314255,-7.824190347067096,5,Sample 2,Cell type 3
3358,-4.188733223449699,6.745559616261976,3,Sample 2,Cell type 1
3359,4.351313991031729,6.065005524733783,1,Sample 1,Cell type 2
3360,-3.261193107162105,6.230569154403234,3,Sample 2,Cell type 1
3361,-0.4249714356860788,-6.683966490915044,2,Sample 1,Cell type 3
3362,-1.4957933597563366,-7.381884432011883,2,Sample 1,Cell type 3
3363,-0.6241593032939702,-6.006607888634243,2,Sample 1,Cell type 3
3364,0.42668739576435954,-6.399493008250752,2,Sample 1,Cell type 3
3365,5.070725509033478,8.253091876709686,1,Sample 1,Cell type 2
3366,0.554576981725307,-7.044956742512778,5,Sample 2,Cell type 3
3367,-4.015898908294649,6.985255999216722,3,Sample 2,Cell type 1
3368,-4.343614255042109,7.476887036751314,0,Sample 1,Cell type 1
3369,1.1979844381120837,-7.078799348916153,5,Sample 2,Cell type 3
3370,-5.390084979257995,6.725021261609779,0,Sample 1,Cell type 1
3371,-0.329141285692802,-6.147947224460878,2,Sample 1,Cell type 3
3372,4.893327378422711,7.792450769577695,4,Sample 2,Cell type 2
3373,-4.276131764359837,7.462471439926538,3,Sample 2,Cell type 1
3374,-0.9617196208608711,-7.387612381270486,2,Sample 1,Cell type 3
3375,4.602222666427796,7.146764647600962,4,Sample 2,Cell type 2
3376,6.2058027368892015,6.795486044863513,4,Sample 2,Cell type 2
3377,4.817910074464444,7.277148497783979,4,Sample 2,Cell type 2
3378,-2.858155708568627,6.735520009738635,3,Sample 2,Cell type 1
3379,6.979159002516804,6.912971437628703,4,Sample 2,Cell type 2
3380,-3.529715289489812,7.566858839627771,3,Sample 2,Cell type 1
3381,0.7784885153849571,-7.608444443271937,5,Sample 2,Cell type 3
3382,-3.122159849965033,5.818549386580998,3,Sample 2,Cell type 1
3383,3.3483249651107747,-7.8934068238740664,5,Sample 2,Cell type 3
3384,5.6787447057642275,5.273556344677791,1,Sample 1,Cell type 2
3385,6.77112554726069,7.054988810449754,4,Sample 2,Cell type 2
3386,-4.486117076298778,6.961219039234372,3,Sample 2,Cell type 1
3387,-4.509780875949945,6.22833536132655,0,Sample 1,Cell type 1
3388,-5.266870711830064,7.4014669415757135,3,Sample 2,Cell type 1
3389,5.170952602100984,6.908298899001232,4,Sample 2,Cell type 2
3390,5.878426094147169,7.919182866802491,4,Sample 2,Cell type 2
3391,-3.3199365340659575,7.405212413656996,3,Sample 2,Cell type 1
3392,6.576797562324509,6.634918816084418,4,Sample 2,Cell type 2
3393,0.5239804673773518,-6.422428895392107,2,Sample 1,Cell type 3
3394,2.586906921948816,-7.061563464251242,5,Sample 2,Cell type 3
3395,-5.626602633868989,6.813418598900935,0,Sample 1,Cell type 1
3396,1.5932426417637873,-7.736716855745361,2,Sample 1,Cell type 3
3397,-4.290493328924454,5.465102323269468,3,Sample 2,Cell type 1
3398,-0.14867660175419783,-6.823068625333032,2,Sample 1,Cell type 3
3399,-4.473164581861735,8.679231442878555,0,Sample 1,Cell type 1
3400,-3.4325179884357464,7.086634416280582,3,Sample 2,Cell type 1
3401,-3.8833308238276927,7.539307361078546,3,Sample 2,Cell type 1
3402,5.9768269564202825,7.536745974640368,1,Sample 1,Cell type 2
3403,0.9272592519647183,-7.340071602810333,2,Sample 1,Cell type 3
3404,-4.041218342819717,7.473540106764473,3,Sample 2,Cell type 1
3405,4.337927823481024,7.139982918302575,1,Sample 1,Cell type 2
3406,0.7676468143910805,-6.715751674995669,5,Sample 2,Cell type 3
3407,-4.092179386041758,6.76311350113741,3,Sample 2,Cell type 1
3408,4.442126020687349,7.853834056398716,4,Sample 2,Cell type 2
3409,0.3169415299964983,-7.5856144854871,5,Sample 2,Cell type 3
3410,5.678539370133334,6.085049160050668,1,Sample 1,Cell type 2
3411,1.4791970733474114,-6.388388629993358,5,Sample 2,Cell type 3
3412,-5.256277846555456,7.410400568987009,0,Sample 1,Cell type 1
3413,2.593629308767447,-5.603950575045975,5,Sample 2,Cell type 3
3414,-4.921859121160935,6.452659984781103,0,Sample 1,Cell type 1
3415,-4.304315263915472,8.155578098909436,0,Sample 1,Cell type 1
3416,0.2022173700489791,-7.9182975094751535,5,Sample 2,Cell type 3
3417,1.4039464573177933,-7.056346507238725,2,Sample 1,Cell type 3
3418,-4.489015822376652,6.156663881681089,0,Sample 1,Cell type 1
3419,0.526884216129562,-5.826908984547602,5,Sample 2,Cell type 3
3420,6.122695976100153,7.629390429896698,1,Sample 1,Cell type 2
3421,-4.382641031481324,4.792233715361415,0,Sample 1,Cell type 1
3422,-0.22045736644886715,-7.994398519689109,5,Sample 2,Cell type 3
3423,5.108142250118068,8.028596570874557,4,Sample 2,Cell type 2
3424,5.759643308353059,5.883149437105553,1,Sample 1,Cell type 2
3425,3.8653074136535746,5.6624207622808544,1,Sample 1,Cell type 2
3426,4.596656135193863,7.005849673384159,1,Sample 1,Cell type 2
3427,0.0734019875586983,-6.869275494724134,2,Sample 1,Cell type 3
3428,4.283722942109581,6.744587140537299,1,Sample 1,Cell type 2
3429,-4.7429142276397815,7.408604415253703,0,Sample 1,Cell type 1
3430,-5.424926731572507,5.286693396565909,3,Sample 2,Cell type 1
3431,6.82974512451924,6.342678449040259,4,Sample 2,Cell type 2
3432,6.246407921773873,6.028792001045679,4,Sample 2,Cell type 2
3433,7.159056086670173,6.819002269538337,4,Sample 2,Cell type 2
3434,0.37149589083725937,-7.511509357232265,2,Sample 1,Cell type 3
3435,-3.731186547083718,6.080815412803997,0,Sample 1,Cell type 1
3436,6.043472194302522,5.741074221436936,1,Sample 1,Cell type 2
3437,-1.58039021697371,-6.470188248259627,2,Sample 1,Cell type 3
3438,-5.671777473744621,6.591553695510258,0,Sample 1,Cell type 1
3439,6.0822868623458675,7.19054134071338,4,Sample 2,Cell type 2
3440,5.2837165010726395,7.921350766292049,4,Sample 2,Cell type 2
3441,4.753572572651407,7.694796237680947,1,Sample 1,Cell type 2
3442,4.936286887003428,7.432965248865263,1,Sample 1,Cell type 2
3443,2.4119310444406175,-4.837300717537506,5,Sample 2,Cell type 3
3444,0.047187377271677905,-6.7135698112233175,2,Sample 1,Cell type 3
3445,5.580076629478397,7.484010441557443,1,Sample 1,Cell type 2
3446,0.34781605164551294,-6.690723265844177,2,Sample 1,Cell type 3
3447,1.748844934348813,-6.449518449520262,5,Sample 2,Cell type 3
3448,-0.2681102249371614,-6.797197544273779,2,Sample 1,Cell type 3
3449,-5.618260171630057,6.881612926473468,0,Sample 1,Cell type 1
3450,-4.896994992075514,7.814595799698128,3,Sample 2,Cell type 1
3451,-0.691106368471813,-6.047495866539275,2,Sample 1,Cell type 3
3452,0.871552312398562,-7.515296693946304,5,Sample 2,Cell type 3
3453,-4.612896664488536,6.16861776801932,3,Sample 2,Cell type 1
3454,6.087657264062287,6.737917065267055,4,Sample 2,Cell type 2
3455,-3.73851567951165,5.959628827696683,3,Sample 2,Cell type 1
3456,-3.6007233470898004,5.7172511465508125,3,Sample 2,Cell type 1
3457,4.943297315698146,7.688189247788489,4,Sample 2,Cell type 2
3458,4.627751634575957,6.986309128422167,1,Sample 1,Cell type 2
3459,-0.271297823416031,-6.775018919650311,2,Sample 1,Cell type 3
3460,0.8014598829455498,-7.469124482573641,2,Sample 1,Cell type 3
3461,4.553358596843175,6.190944425488119,1,Sample 1,Cell type 2
3462,0.13140183137476047,-7.047230879768336,5,Sample 2,Cell type 3
3463,-6.024343481997026,8.474903157452967,0,Sample 1,Cell type 1
3464,5.030590395968023,5.91219468015864,1,Sample 1,Cell type 2
3465,-4.3661065994700925,7.219618676200467,3,Sample 2,Cell type 1
3466,6.264432549254699,6.25899245840318,1,Sample 1,Cell type 2
3467,7.35927554024698,8.066811476454905,1,Sample 1,Cell type 2
3468,-5.08898084907896,6.347941698693644,0,Sample 1,Cell type 1
3469,-1.1121775401227703,-6.94485866043046,2,Sample 1,Cell type 3
3470,5.098136252795836,8.370810578641123,1,Sample 1,Cell type 2
3471,4.550265578737358,6.903690312869854,1,Sample 1,Cell type 2
3472,0.39296613232959704,-7.357491315663064,2,Sample 1,Cell type 3
3473,-3.5301900692286585,6.906565528950877,3,Sample 2,Cell type 1
3474,-0.7113926625826594,-6.306827365275273,2,Sample 1,Cell type 3
3475,0.43395817176471496,-7.502100055526844,5,Sample 2,Cell type 3
3476,0.25561973662636434,-5.748173997071648,2,Sample 1,Cell type 3
3477,0.617728119436967,-7.106753037611877,5,Sample 2,Cell type 3
3478,4.875281457650666,6.632437974672995,1,Sample 1,Cell type 2
3479,5.730867700986599,6.428524651321199,1,Sample 1,Cell type 2
3480,7.761611139727693,6.786194172970231,4,Sample 2,Cell type 2
3481,5.546855458560382,5.9783032429050476,1,Sample 1,Cell type 2
3482,0.7296977796209545,-7.069282514135554,5,Sample 2,Cell type 3
3483,0.43896834336676005,-7.7717196715825105,5,Sample 2,Cell type 3
3484,-0.49840466474449663,-5.43548256610552,5,Sample 2,Cell type 3
3485,-0.15835018318774552,-5.416742741334634,2,Sample 1,Cell type 3
3486,-5.25670516570073,8.155526160433753,3,Sample 2,Cell type 1
3487,-3.8803216339849698,7.149329551631814,3,Sample 2,Cell type 1
3488,4.476260245227629,8.226597567909545,4,Sample 2,Cell type 2
3489,6.66345901806629,6.565746592254561,4,Sample 2,Cell type 2
3490,0.556321979640239,-7.983874619667667,2,Sample 1,Cell type 3
3491,-5.456943191826237,7.529134036950403,0,Sample 1,Cell type 1
3492,5.163576411460758,7.050059177249594,4,Sample 2,Cell type 2
3493,4.984591696212484,6.860755148498861,1,Sample 1,Cell type 2
3494,0.1930575479334248,-7.991879078761081,2,Sample 1,Cell type 3
3495,0.8968980970489971,-7.478342856114731,5,Sample 2,Cell type 3
3496,4.734953293453342,6.581278424259275,1,Sample 1,Cell type 2
3497,5.901490851718186,7.553132026248148,4,Sample 2,Cell type 2
3498,-5.477258438243534,6.728144190332249,3,Sample 2,Cell type 1
3499,0.33933378140956183,-5.593951075386077,5,Sample 2,Cell type 3
3500,-4.486404914349859,6.259484030499545,3,Sample 2,Cell type 1
3501,-4.478750064464838,6.297797499077223,3,Sample 2,Cell type 1
3502,5.634790976441771,5.672242233274931,1,Sample 1,Cell type 2
3503,7.052406632752083,7.239464851002678,4,Sample 2,Cell type 2
3504,0.6389577085250683,-7.885397004247203,5,Sample 2,Cell type 3
3505,5.781724362927895,7.847207877919763,4,Sample 2,Cell type 2
3506,-1.5274848700058343,-6.01642595198334,2,Sample 1,Cell type 3
3507,5.170557302590152,6.4694923464744205,1,Sample 1,Cell type 2
3508,-4.820694484775581,7.1209328915607735,3,Sample 2,Cell type 1
3509,0.7387713179723431,-8.00780772691144,5,Sample 2,Cell type 3
3510,-3.437247893488885,8.79501075377199,3,Sample 2,Cell type 1
3511,4.808854320664245,6.777608282413725,1,Sample 1,Cell type 2
3512,-4.004763767370184,7.698270035314074,3,Sample 2,Cell type 1
3513,1.1285199522824931,-6.54125742613778,5,Sample 2,Cell type 3
3514,5.58997271148276,6.429845739781842,4,Sample 2,Cell type 2
3515,3.2593763411161625,-7.3544329226725065,5,Sample 2,Cell type 3
3516,4.978782992600752,6.3655680908833014,1,Sample 1,Cell type 2
3517,-5.5747553770019485,6.9003100904959975,0,Sample 1,Cell type 1
3518,-4.794292800868437,5.914903600335695,3,Sample 2,Cell type 1
3519,-4.926591378771598,5.481012680184762,0,Sample 1,Cell type 1
3520,-4.825573027077744,6.718860448356355,3,Sample 2,Cell type 1
3521,5.538288988773456,7.544519118858578,1,Sample 1,Cell type 2
3522,-6.274394986825335,7.423447602233795,0,Sample 1,Cell type 1
3523,0.7885153334372265,-7.690430866547796,5,Sample 2,Cell type 3
3524,-3.504890961581477,8.381755597682229,3,Sample 2,Cell type 1
3525,0.7498582642773792,-7.707858939872478,5,Sample 2,Cell type 3
3526,4.056768167072158,8.021211322634727,1,Sample 1,Cell type 2
3527,6.42471545137276,7.757579068612689,4,Sample 2,Cell type 2
3528,5.476373143201352,5.431456198914815,4,Sample 2,Cell type 2
3529,0.692490098725663,-7.235681406807213,5,Sample 2,Cell type 3
3530,5.430830244733036,6.763502308683802,4,Sample 2,Cell type 2
3531,-4.677087775909579,6.6031416891312595,3,Sample 2,Cell type 1
3532,-0.5661007158576209,-7.64080690320631,2,Sample 1,Cell type 3
3533,-4.283845423977814,7.579205253211051,0,Sample 1,Cell type 1
3534,-5.456868855435597,6.59293366526159,3,Sample 2,Cell type 1
3535,6.937448114619076,8.269545918655703,4,Sample 2,Cell type 2
3536,-4.402165115901391,7.559364024212248,0,Sample 1,Cell type 1
3537,4.869546428844989,6.475145696020316,1,Sample 1,Cell type 2
3538,0.6995999679395433,-6.511496414348914,5,Sample 2,Cell type 3
3539,5.865292062021718,6.810257815211997,4,Sample 2,Cell type 2
3540,-5.660397757434009,6.813959138543081,0,Sample 1,Cell type 1
3541,-3.126314572814059,6.632743568499928,3,Sample 2,Cell type 1
3542,4.527786892163546,8.133600655031342,4,Sample 2,Cell type 2
3543,6.441571407465462,6.795789389255609,4,Sample 2,Cell type 2
3544,0.5884975977965974,-5.645628684848628,2,Sample 1,Cell type 3
3545,4.480263775312895,6.968457027478411,4,Sample 2,Cell type 2
3546,-0.4386150359400617,-6.40440068244123,2,Sample 1,Cell type 3
3547,0.32919950689283817,-7.665057234081155,5,Sample 2,Cell type 3
3548,6.065953413307874,6.775612795738924,4,Sample 2,Cell type 2
3549,1.1680066464180712,-6.578936624442611,5,Sample 2,Cell type 3
3550,-5.375579508747962,7.505115846734247,0,Sample 1,Cell type 1
3551,6.34468993521203,6.05052168386889,4,Sample 2,Cell type 2
3552,4.371211173892014,5.966232129342456,1,Sample 1,Cell type 2
3553,6.236186060032482,6.880480871820981,4,Sample 2,Cell type 2
3554,5.0062027731606165,6.1705981206399,4,Sample 2,Cell type 2
3555,-3.3049819995273833,6.121998670177592,3,Sample 2,Cell type 1
3556,-0.05235304563987664,-6.023512530743357,5,Sample 2,Cell type 3
3557,-5.480510951935044,6.837712812030854,0,Sample 1,Cell type 1
3558,-0.24068779771266102,-8.03864936020052,2,Sample 1,Cell type 3
3559,5.957257201331593,6.9442441534439,1,Sample 1,Cell type 2
3560,6.9340078583891565,6.491896027491245,4,Sample 2,Cell type 2
3561,1.4676192414699478,-7.285579123258886,5,Sample 2,Cell type 3
3562,4.894726625229135,5.6324960203381895,4,Sample 2,Cell type 2
3563,-1.454383380309724,-6.463297975478141,2,Sample 1,Cell type 3
3564,5.986745272141984,7.617727421078349,4,Sample 2,Cell type 2
3565,0.35581904626527583,-7.731590758107189,2,Sample 1,Cell type 3
3566,4.064066531431769,4.773258041240156,1,Sample 1,Cell type 2
3567,0.9415141583928492,-7.703684547133759,5,Sample 2,Cell type 3
3568,5.543498626365203,6.152032583738551,1,Sample 1,Cell type 2
3569,0.4047724427646922,-7.653685573790766,2,Sample 1,Cell type 3
3570,0.3905917034538834,-7.310824657196927,5,Sample 2,Cell type 3
3571,-4.676123166740927,7.513778998325017,3,Sample 2,Cell type 1
3572,-5.500450161207624,7.387710638615403,0,Sample 1,Cell type 1
3573,-5.7070859489609065,7.194047896621898,0,Sample 1,Cell type 1
3574,-4.1402356239232105,7.390521893240781,3,Sample 2,Cell type 1
3575,6.360396579022428,6.8616611796886,4,Sample 2,Cell type 2
3576,-0.26409607517316025,-7.240401397410417,2,Sample 1,Cell type 3
3577,0.8184460270896605,-6.751067807374622,5,Sample 2,Cell type 3
3578,4.816978300922972,8.408880535143497,4,Sample 2,Cell type 2
3579,4.987752120661604,7.534501011546347,1,Sample 1,Cell type 2
3580,-5.37073415424997,6.69848400900927,0,Sample 1,Cell type 1
3581,-4.644076144824407,7.221848420679958,3,Sample 2,Cell type 1
3582,5.586522493460937,7.5662941691363015,4,Sample 2,Cell type 2
3583,5.762509307130596,7.300767144026935,1,Sample 1,Cell type 2
3584,0.8974862849843768,-5.215035234251668,2,Sample 1,Cell type 3
3585,2.0399898978097073,-6.302823677396141,5,Sample 2,Cell type 3
3586,6.359965899661105,7.928302333653384,1,Sample 1,Cell type 2
3587,-4.492978495254321,7.402107089826674,0,Sample 1,Cell type 1
3588,0.9707359680985234,-8.461311504542675,5,Sample 2,Cell type 3
3589,-2.9784540593011024,6.646372793529219,0,Sample 1,Cell type 1
3590,0.3741168619984051,-6.388535566734922,5,Sample 2,Cell type 3
3591,5.787551589985167,8.167149294753772,4,Sample 2,Cell type 2
3592,-3.139725278434482,7.239602584027964,3,Sample 2,Cell type 1
3593,5.033792485965318,7.718358044450579,4,Sample 2,Cell type 2
3594,-5.356946746571824,5.55943522710905,0,Sample 1,Cell type 1
3595,0.6006888388237075,-6.113333390067193,5,Sample 2,Cell type 3
3596,0.7600126629357166,-6.876664034221956,2,Sample 1,Cell type 3
3597,-5.52942917181471,7.753014479702455,0,Sample 1,Cell type 1
3598,4.4830181521249575,8.491316525953085,1,Sample 1,Cell type 2
3599,1.8173081710620864,-5.921973384470473,5,Sample 2,Cell type 3
3600,5.612864222707753,8.052614390972922,1,Sample 1,Cell type 2
3601,1.770002073562639,-6.138591895750173,5,Sample 2,Cell type 3
3602,-3.213853485784047,5.951011233319068,3,Sample 2,Cell type 1
3603,2.3805550342518167,-6.973592240559512,5,Sample 2,Cell type 3
3604,5.034881957097963,8.427108644210078,1,Sample 1,Cell type 2
3605,4.897960703697972,8.279991756063353,1,Sample 1,Cell type 2
3606,0.055222013068491504,-7.9924126990929505,5,Sample 2,Cell type 3
3607,-3.6112289574678007,7.229396438635594,0,Sample 1,Cell type 1
3608,0.010817370726120767,-6.051515629586353,5,Sample 2,Cell type 3
3609,5.804777318263093,7.3068432141873165,4,Sample 2,Cell type 2
3610,5.301680315121749,7.047657560917493,1,Sample 1,Cell type 2
3611,-0.07637139767125843,-8.492064878638637,2,Sample 1,Cell type 3
3612,6.2729726739936265,8.271287499066267,4,Sample 2,Cell type 2
3613,8.11030540180816,7.312566516442285,4,Sample 2,Cell type 2
3614,4.98115827930061,6.931584405543207,1,Sample 1,Cell type 2
3615,-5.735539387387043,8.311015335879507,0,Sample 1,Cell type 1
3616,6.289822606390916,8.122999374732714,1,Sample 1,Cell type 2
3617,-6.240530744852906,7.125918191710297,0,Sample 1,Cell type 1
3618,-4.7384581009886695,6.895787388818384,0,Sample 1,Cell type 1
3619,-4.194965752628447,6.609554316246957,0,Sample 1,Cell type 1
3620,-0.15514043765900554,-6.715184981819485,5,Sample 2,Cell type 3
3621,1.2433283365718193,-6.387887030623697,2,Sample 1,Cell type 3
3622,5.72258273858663,6.602433633106523,4,Sample 2,Cell type 2
3623,1.353853494531588,-7.671651497469955,5,Sample 2,Cell type 3
3624,1.2736848317203346,-5.5372604931245775,5,Sample 2,Cell type 3
3625,-5.668277642607806,8.787187114084187,0,Sample 1,Cell type 1
3626,0.4779773654266838,-7.560009533480937,5,Sample 2,Cell type 3
3627,3.302516080793124,6.58481022218993,1,Sample 1,Cell type 2
3628,5.8939190527219685,8.229867195779816,1,Sample 1,Cell type 2
3629,-4.048423608860287,6.088981559755881,0,Sample 1,Cell type 1
3630,0.9493876961418648,-5.921999487300693,2,Sample 1,Cell type 3
3631,-4.616816139402887,7.337997496095034,0,Sample 1,Cell type 1
3632,1.7883197691600397,-8.339744324174154,5,Sample 2,Cell type 3
3633,-3.9790361977807716,6.828216351652744,3,Sample 2,Cell type 1
3634,-1.199212768366721,-7.14454362333344,2,Sample 1,Cell type 3
3635,0.4958857358861225,-6.611834267158251,5,Sample 2,Cell type 3
3636,6.550346377641143,6.580681194848924,4,Sample 2,Cell type 2
3637,0.8617234601487113,-7.4196794094419705,5,Sample 2,Cell type 3
3638,-4.973517368272134,8.161769022696147,3,Sample 2,Cell type 1
3639,-5.603171671093341,6.846527750372056,0,Sample 1,Cell type 1
3640,5.532739401643569,7.40833710035704,1,Sample 1,Cell type 2
3641,5.292800914602847,7.177065526661992,4,Sample 2,Cell type 2
3642,-5.9095438961565385,6.674365274257356,3,Sample 2,Cell type 1
3643,5.343053200264459,7.62555229767599,1,Sample 1,Cell type 2
3644,-4.5448135366517795,8.373785110368306,0,Sample 1,Cell type 1
3645,-3.148273146661193,5.577255657792077,0,Sample 1,Cell type 1
3646,0.0582188660390317,-6.69623568262862,5,Sample 2,Cell type 3
3647,0.7831116468454233,-8.16846231527628,2,Sample 1,Cell type 3
3648,-4.513333456104306,8.403349345964301,3,Sample 2,Cell type 1
3649,-4.414602111088962,8.131288684215106,3,Sample 2,Cell type 1
3650,-4.570792125143678,6.352293426432645,0,Sample 1,Cell type 1
3651,4.656558220386192,6.517131027966391,1,Sample 1,Cell type 2
3652,5.270787074769353,6.834746683754252,1,Sample 1,Cell type 2
3653,-3.4167490839981083,7.352000185967142,3,Sample 2,Cell type 1
3654,6.1081522727899085,6.810080848312388,4,Sample 2,Cell type 2
3655,0.32038510920506297,-6.966215662892797,2,Sample 1,Cell type 3
3656,1.0863871365801832,-4.985580481345659,5,Sample 2,Cell type 3
3657,2.2844958660520946,-8.735660232178258,5,Sample 2,Cell type 3
3658,0.1470676130580035,-4.9166408806810775,2,Sample 1,Cell type 3
3659,0.23375418266109854,-7.220931026590575,2,Sample 1,Cell type 3
3660,-5.607306129242959,7.191382841046441,0,Sample 1,Cell type 1
3661,-3.4152328188990273,6.550539949970768,3,Sample 2,Cell type 1
3662,-4.908617881070368,7.191309221034977,0,Sample 1,Cell type 1
3663,-0.09128479505468667,-7.496570012096939,5,Sample 2,Cell type 3
3664,6.391119731038064,7.854154252490912,1,Sample 1,Cell type 2
3665,0.7162843446100797,-7.5763299951977405,2,Sample 1,Cell type 3
3666,-4.003131846001897,5.412355625938956,0,Sample 1,Cell type 1
3667,-4.327840995034826,7.697754780284701,3,Sample 2,Cell type 1
3668,-4.8936242606825,6.510971159914137,0,Sample 1,Cell type 1
3669,-4.763103778348339,7.279912029609387,0,Sample 1,Cell type 1
3670,-4.343078340484858,7.403737280894324,3,Sample 2,Cell type 1
3671,5.889534132270815,7.543976706204622,4,Sample 2,Cell type 2
3672,5.4977657152347215,6.160001317640861,1,Sample 1,Cell type 2
3673,-3.9897370851650518,7.454929440158942,3,Sample 2,Cell type 1
3674,5.400467210434421,7.341280691109157,4,Sample 2,Cell type 2
3675,5.780653375475767,7.805831367019406,1,Sample 1,Cell type 2
3676,1.0684757631556203,-7.293766185951791,5,Sample 2,Cell type 3
3677,2.5216453876096683,-7.969863038457154,2,Sample 1,Cell type 3
3678,-0.7725318428185665,-5.76773471994472,2,Sample 1,Cell type 3
3679,6.287791180101431,6.672160695234714,4,Sample 2,Cell type 2
3680,0.6735869563617016,-7.366433572223432,2,Sample 1,Cell type 3
3681,-5.177629658421433,5.971999951946548,3,Sample 2,Cell type 1
3682,2.3097693157622827,-8.216151689509017,5,Sample 2,Cell type 3
3683,-0.31193896524755627,-6.94462501992937,2,Sample 1,Cell type 3
3684,0.48817293567137804,-6.945489443090728,2,Sample 1,Cell type 3
3685,-2.752968652402485,5.846698684070774,3,Sample 2,Cell type 1
3686,-1.0243644568019734,-6.919483954888611,2,Sample 1,Cell type 3
3687,-0.00563598838444376,-7.243555474719893,2,Sample 1,Cell type 3
3688,-5.773580914503371,7.032898726951892,0,Sample 1,Cell type 1
3689,-3.273630149098361,7.169851659197151,3,Sample 2,Cell type 1
3690,-4.5817316095716,6.612107808714613,0,Sample 1,Cell type 1
3691,-5.418178416415231,7.9102751925349875,0,Sample 1,Cell type 1
3692,0.99591469437822,-6.752056800325624,5,Sample 2,Cell type 3
3693,4.059524315500118,6.355011938044192,1,Sample 1,Cell type 2
3694,-3.9878536459676535,6.291222551127202,3,Sample 2,Cell type 1
3695,6.447445079786489,6.896631095551577,1,Sample 1,Cell type 2
3696,0.6356263550002076,-6.875102137327873,5,Sample 2,Cell type 3
3697,-5.126406318863191,6.729562955907539,0,Sample 1,Cell type 1
3698,-0.5483439677710451,-7.510394965276497,5,Sample 2,Cell type 3
3699,1.774235575202741,-6.751874085864119,5,Sample 2,Cell type 3
3700,5.365824323692193,8.235725669582889,1,Sample 1,Cell type 2
3701,6.659266135799979,6.335560138596337,1,Sample 1,Cell type 2
3702,0.4060909036554122,-7.163865469722702,5,Sample 2,Cell type 3
3703,4.187342544817282,7.120411691743853,1,Sample 1,Cell type 2
3704,0.5431450320474227,-7.180664203419442,2,Sample 1,Cell type 3
3705,1.023614935808127,-8.844522883348727,2,Sample 1,Cell type 3
3706,-3.5814214514103733,6.094811259910295,3,Sample 2,Cell type 1
3707,-0.7787030704216278,-6.265361142686948,2,Sample 1,Cell type 3
3708,-0.73301928045098,-5.986713570981079,2,Sample 1,Cell type 3
3709,-5.1494973153290875,6.719282965246135,0,Sample 1,Cell type 1
3710,-6.3627059514841235,7.026629652748181,0,Sample 1,Cell type 1
3711,-0.5776712213150546,-6.840645117221084,5,Sample 2,Cell type 3
3712,1.2509785463175258,-8.258751645401198,5,Sample 2,Cell type 3
3713,2.9501330729637516,6.91824560178534,1,Sample 1,Cell type 2
3714,4.432336116200662,6.064263883325208,1,Sample 1,Cell type 2
3715,-0.005252268756348322,-6.039705370739977,5,Sample 2,Cell type 3
3716,-5.051310677274394,7.33407774010826,0,Sample 1,Cell type 1
3717,-4.525898043195779,7.0318957871787156,3,Sample 2,Cell type 1
3718,-4.356754971088928,7.1615801775078936,3,Sample 2,Cell type 1
3719,4.342064054094239,7.967892345725053,1,Sample 1,Cell type 2
3720,0.39989129899229714,-8.190512751707029,2,Sample 1,Cell type 3
3721,1.0243811311365032,-7.788870216794481,5,Sample 2,Cell type 3
3722,7.0808126019896,5.861044639626375,4,Sample 2,Cell type 2
3723,-0.7492050998316768,-7.605291457040584,2,Sample 1,Cell type 3
3724,-5.052863838917853,6.10225485205551,0,Sample 1,Cell type 1
3725,-5.19692705053172,6.336498078657642,3,Sample 2,Cell type 1
3726,-3.934977262355041,7.040753346492011,3,Sample 2,Cell type 1
3727,4.866302628970871,7.297131772256115,1,Sample 1,Cell type 2
3728,4.689458545167017,7.207400789765866,1,Sample 1,Cell type 2
3729,5.981559555131627,8.093927946216976,4,Sample 2,Cell type 2
3730,3.733575767885808,8.158419407196696,4,Sample 2,Cell type 2
3731,6.1640602713877035,5.77236178791248,4,Sample 2,Cell type 2
3732,1.6098163565606123,-6.252100174979891,2,Sample 1,Cell type 3
3733,-4.042485441357528,6.630282369034876,3,Sample 2,Cell type 1
3734,1.2918230325678812,-7.328690335459123,2,Sample 1,Cell type 3
3735,5.256690927592193,6.163851663117509,4,Sample 2,Cell type 2
3736,1.893345020054018,-6.885392101522646,5,Sample 2,Cell type 3
3737,-3.6892994166158655,6.995208426840778,3,Sample 2,Cell type 1
3738,-0.5716288304823398,-8.255984391562848,5,Sample 2,Cell type 3
3739,4.092554568971403,7.667188503293329,4,Sample 2,Cell type 2
3740,-4.522079944120113,7.632006005714194,0,Sample 1,Cell type 1
3741,5.848167925999104,9.278795842994338,1,Sample 1,Cell type 2
3742,5.336075592361473,7.556548286438012,1,Sample 1,Cell type 2
3743,-4.525518993625293,6.823430660414283,0,Sample 1,Cell type 1
3744,-4.613491230403642,7.1255256272643726,3,Sample 2,Cell type 1
3745,1.8681778109293052,-7.040223676838021,5,Sample 2,Cell type 3
3746,-0.5743351125980815,-7.255487512009676,2,Sample 1,Cell type 3
3747,0.7883632810362222,-6.7784598229911435,5,Sample 2,Cell type 3
3748,-4.017864806021366,6.103354996912511,0,Sample 1,Cell type 1
3749,-3.3375529480853525,7.92793221218772,3,Sample 2,Cell type 1
3750,5.194458111243884,7.109328067693222,4,Sample 2,Cell type 2
3751,4.304269534980245,7.971415639397291,1,Sample 1,Cell type 2
3752,-5.170754296744167,8.263648721345437,0,Sample 1,Cell type 1
3753,4.258117492647541,7.261762998053303,1,Sample 1,Cell type 2
3754,-1.0926593243323512,-7.190243259679313,2,Sample 1,Cell type 3
3755,-5.391551554014578,7.9063965135207335,0,Sample 1,Cell type 1
3756,0.4049927914447409,-5.91322325235203,2,Sample 1,Cell type 3
3757,5.280504079418847,7.462417515983606,1,Sample 1,Cell type 2
3758,-2.2640507295355654,5.932121702358337,3,Sample 2,Cell type 1
3759,5.784038482539868,5.836307057316878,4,Sample 2,Cell type 2
3760,-4.103227292103827,6.389738072397961,3,Sample 2,Cell type 1
3761,2.284284769889445,-6.091918736475163,5,Sample 2,Cell type 3
3762,-4.656305424693931,7.237217961595965,0,Sample 1,Cell type 1
3763,-0.7615347680177885,-7.009083397050386,2,Sample 1,Cell type 3
3764,-4.587961850955161,10.153253004389253,0,Sample 1,Cell type 1
3765,-5.148230127102167,6.967211252078735,0,Sample 1,Cell type 1
3766,5.796838148644653,6.465631741009907,1,Sample 1,Cell type 2
3767,6.6139834756433045,7.069696488930225,4,Sample 2,Cell type 2
3768,-4.210197398149203,5.794352637006185,3,Sample 2,Cell type 1
3769,-3.5880931231389024,7.727008013973663,3,Sample 2,Cell type 1
3770,0.8398389965597042,-5.951685451808548,5,Sample 2,Cell type 3
3771,6.191702014591199,7.657511237038275,4,Sample 2,Cell type 2
3772,0.6054309439895856,-6.581092776654594,2,Sample 1,Cell type 3
3773,5.081485036209589,8.310283933061626,1,Sample 1,Cell type 2
3774,0.1686238688073871,-6.416682576302386,5,Sample 2,Cell type 3
3775,-5.4813652897835174,8.552890359472626,0,Sample 1,Cell type 1
3776,6.558069576271359,6.402194475689774,4,Sample 2,Cell type 2
3777,1.0940709039097618,-6.949941895007861,5,Sample 2,Cell type 3
3778,1.0178713914548865,-5.716230105134538,5,Sample 2,Cell type 3
3779,-5.79170250925627,7.823684762256049,0,Sample 1,Cell type 1
3780,4.54860192107409,7.218708854423105,1,Sample 1,Cell type 2
3781,6.210759794593705,7.575717159509297,1,Sample 1,Cell type 2
3782,5.314921185375037,6.581760822509828,4,Sample 2,Cell type 2
3783,4.491710088939497,6.119334484593186,1,Sample 1,Cell type 2
3784,-3.53008664015519,8.202417642530348,3,Sample 2,Cell type 1
3785,2.708469384061893,-6.845440436498001,5,Sample 2,Cell type 3
3786,6.830884855367053,7.1455944820252695,4,Sample 2,Cell type 2
3787,-3.8472667806850316,7.042003325431602,3,Sample 2,Cell type 1
3788,1.034424778657025,-6.52158148305567,5,Sample 2,Cell type 3
3789,0.10366566485088857,-7.674960769123013,5,Sample 2,Cell type 3
3790,-0.1646875447042723,-7.6683304890976665,2,Sample 1,Cell type 3
3791,4.703593521127977,5.946614196522562,1,Sample 1,Cell type 2
3792,-4.150609068069045,8.025558168546297,3,Sample 2,Cell type 1
3793,5.762500036300869,7.48153614794331,1,Sample 1,Cell type 2
3794,0.009999457525800268,-4.776345367332061,2,Sample 1,Cell type 3
3795,-0.46922501565114844,-6.891694688432841,2,Sample 1,Cell type 3
3796,3.499862024283404,7.163088675183409,1,Sample 1,Cell type 2
3797,1.6493644572906123,-6.805533053699166,5,Sample 2,Cell type 3
3798,5.870436146446938,7.421797971462792,4,Sample 2,Cell type 2
3799,-4.56232209506397,6.90931368991836,0,Sample 1,Cell type 1
3800,4.267046467615006,6.4056100452811195,1,Sample 1,Cell type 2
3801,1.4469790695555882,-7.196249712764002,5,Sample 2,Cell type 3
3802,-3.7149977690351332,8.080283213893889,3,Sample 2,Cell type 1
3803,4.496589285045769,8.298049979798675,1,Sample 1,Cell type 2
3804,4.997195190102591,6.8991039414023145,4,Sample 2,Cell type 2
3805,-5.852090930460298,6.826888048381742,0,Sample 1,Cell type 1
3806,0.2535151382503126,-7.868613112987177,5,Sample 2,Cell type 3
3807,-4.2367985892054385,7.592180812910114,0,Sample 1,Cell type 1
3808,6.444753161316674,5.547112248656965,4,Sample 2,Cell type 2
3809,-2.7211695103229268,7.7127705787599705,3,Sample 2,Cell type 1
3810,6.394307177481496,7.7379503757353545,4,Sample 2,Cell type 2
3811,-4.431008669876877,6.867110235542604,3,Sample 2,Cell type 1
3812,-3.863596601608116,6.614470776865894,0,Sample 1,Cell type 1
3813,0.7611594216464693,-7.364273428159917,2,Sample 1,Cell type 3
3814,5.7176529575097055,8.090967844888453,1,Sample 1,Cell type 2
3815,-5.098722311175799,7.486989523488478,3,Sample 2,Cell type 1
3816,4.554366884054547,6.851191571329641,4,Sample 2,Cell type 2
3817,0.5065797107842338,-8.14946443935921,5,Sample 2,Cell type 3
3818,4.608920462570981,6.175373865234267,1,Sample 1,Cell type 2
3819,5.945242805866868,7.094088263130274,4,Sample 2,Cell type 2
3820,-3.8078353248430217,8.07357407168007,3,Sample 2,Cell type 1
3821,-3.770580710093931,6.953303588916998,3,Sample 2,Cell type 1
3822,-3.6715599317379066,6.886212229899331,3,Sample 2,Cell type 1
3823,-3.247054506864024,7.224586000563904,3,Sample 2,Cell type 1
3824,-5.549402162001972,6.461983596018323,3,Sample 2,Cell type 1
3825,5.548643056111611,5.875837577233675,4,Sample 2,Cell type 2
3826,-3.8925817451915856,7.522195107907363,0,Sample 1,Cell type 1
3827,-4.854506995953204,7.269644280905744,0,Sample 1,Cell type 1
3828,0.39560089349284056,-7.152657135540418,5,Sample 2,Cell type 3
3829,-2.985878791049621,7.302050214273344,3,Sample 2,Cell type 1
3830,1.416551597138135,-7.934694093598306,5,Sample 2,Cell type 3
3831,4.4144284114090295,5.871722850299317,4,Sample 2,Cell type 2
3832,5.43702739840296,7.076205627714225,1,Sample 1,Cell type 2
3833,5.817106636343519,8.741822030161416,1,Sample 1,Cell type 2
3834,-4.795176212548899,7.857220599021886,0,Sample 1,Cell type 1
3835,-4.856153250315465,8.446300302138933,3,Sample 2,Cell type 1
3836,-4.105735484515497,7.128890984172907,3,Sample 2,Cell type 1
3837,-0.30625375169037494,-7.170050968885344,2,Sample 1,Cell type 3
3838,5.513944966576355,8.325613755487336,4,Sample 2,Cell type 2
3839,0.6725875857036394,-6.904825805982825,2,Sample 1,Cell type 3
3840,1.121125912499822,-7.305216179045697,5,Sample 2,Cell type 3
3841,5.42760451878444,7.781192152564545,1,Sample 1,Cell type 2
3842,-4.543287591445466,7.979520324009955,0,Sample 1,Cell type 1
3843,1.7130751212841973,-7.234552393181994,5,Sample 2,Cell type 3
3844,0.623479203124266,-7.102283427367511,2,Sample 1,Cell type 3
3845,-4.735295814228435,7.737890981152615,0,Sample 1,Cell type 1
3846,-5.278921707526288,6.791661648410733,0,Sample 1,Cell type 1
3847,-3.7903465527306195,5.511418437661982,3,Sample 2,Cell type 1
3848,-0.4687421386542043,-6.807782388897372,2,Sample 1,Cell type 3
3849,5.465485561337786,7.225771373404803,4,Sample 2,Cell type 2
3850,-4.523118710660461,7.092918515746627,3,Sample 2,Cell type 1
3851,-0.1324192535309654,-6.288769994096565,5,Sample 2,Cell type 3
3852,4.176502793454342,5.988931583190648,1,Sample 1,Cell type 2
3853,-0.9041629797391391,-5.141726471402738,2,Sample 1,Cell type 3
3854,-3.8777645512511203,5.949586961631651,0,Sample 1,Cell type 1
3855,6.4434784878293945,6.918344778483637,1,Sample 1,Cell type 2
3856,-4.1750930013885,7.684062191897883,3,Sample 2,Cell type 1
3857,0.8101099277152575,-7.197590887363332,2,Sample 1,Cell type 3
3858,1.3085999745453558,-6.508939813066031,5,Sample 2,Cell type 3
3859,-2.837379619165964,7.008483284618661,3,Sample 2,Cell type 1
3860,5.408633670822076,7.895532280364721,1,Sample 1,Cell type 2
3861,-0.12189542673905995,-5.398192393679494,5,Sample 2,Cell type 3
3862,-3.7672282158900456,6.6654608844494305,3,Sample 2,Cell type 1
3863,-0.05126221131897331,-6.642035084251724,2,Sample 1,Cell type 3
3864,0.07845403163115565,-6.034370386375064,2,Sample 1,Cell type 3
3865,-4.390619073961235,7.5777292727224665,3,Sample 2,Cell type 1
3866,-5.520514055297461,6.681367504853719,0,Sample 1,Cell type 1
3867,5.707775313436892,8.98144197628526,4,Sample 2,Cell type 2
3868,5.7374412015818015,7.457218121632845,1,Sample 1,Cell type 2
3869,-4.804481100551572,7.359199159022089,3,Sample 2,Cell type 1
3870,0.2573428331012001,-6.936619967092019,2,Sample 1,Cell type 3
3871,-4.873696960278854,7.179338490179308,3,Sample 2,Cell type 1
3872,-3.782062882677112,7.4050398837225115,3,Sample 2,Cell type 1
3873,6.5545740813269635,5.448925994528796,4,Sample 2,Cell type 2
3874,4.983238623126174,6.768204017294952,4,Sample 2,Cell type 2
3875,-4.8471207455840775,7.108217050390395,0,Sample 1,Cell type 1
3876,-4.450991847700389,5.780895114913754,0,Sample 1,Cell type 1
3877,1.8758388017818604,-7.715861196713008,5,Sample 2,Cell type 3
3878,-1.053705535957268,-6.450245480790695,2,Sample 1,Cell type 3
3879,0.4760235726684518,-7.5170062543521325,2,Sample 1,Cell type 3
3880,-4.414205957777776,7.245309683664456,3,Sample 2,Cell type 1
3881,5.2592880768870796,6.980134460600327,4,Sample 2,Cell type 2
3882,-0.11371722955243689,-6.800117957528124,2,Sample 1,Cell type 3
3883,1.6982536665426675,-6.485403050719057,5,Sample 2,Cell type 3
3884,4.400888874511,7.09829148094282,4,Sample 2,Cell type 2
3885,-0.03275377559457926,-7.396647304964173,5,Sample 2,Cell type 3
3886,4.615789815612524,8.138176408265934,4,Sample 2,Cell type 2
3887,5.121272625629958,6.57576945326553,4,Sample 2,Cell type 2
3888,-5.481094115160971,7.326893359179505,0,Sample 1,Cell type 1
3889,0.34039194659218425,-6.113270272949293,2,Sample 1,Cell type 3
3890,-4.925693294970617,6.004565128043231,3,Sample 2,Cell type 1
3891,4.086648708693196,6.916140244441701,1,Sample 1,Cell type 2
3892,-0.989941310578058,-6.983541034399099,2,Sample 1,Cell type 3
3893,1.002274107541987,-7.429647504905595,2,Sample 1,Cell type 3
3894,4.2333753790173985,6.886598693046585,4,Sample 2,Cell type 2
3895,-3.5423949773596215,6.507285063376768,3,Sample 2,Cell type 1
3896,-0.04527079111991667,-6.095891180030545,2,Sample 1,Cell type 3
3897,5.557109957965372,7.835311978721884,1,Sample 1,Cell type 2
3898,4.587689930376021,8.463821001143067,4,Sample 2,Cell type 2
3899,-4.920278907929887,6.668287288572516,0,Sample 1,Cell type 1
3900,-4.176675490139485,7.44914579779591,0,Sample 1,Cell type 1
3901,0.24136000712138844,-6.930638828202597,2,Sample 1,Cell type 3
3902,5.005650526902541,6.542810900286717,1,Sample 1,Cell type 2
3903,0.8333797312470811,-6.604232369455965,2,Sample 1,Cell type 3
3904,-0.41314371511005743,-7.228241078607954,2,Sample 1,Cell type 3
3905,6.144056830156785,6.852721155685066,4,Sample 2,Cell type 2
3906,-4.623274191501361,7.2336565755343,3,Sample 2,Cell type 1
3907,1.342370101242108,-5.692608037748475,5,Sample 2,Cell type 3
3908,-4.2379008633944855,6.873961089853837,3,Sample 2,Cell type 1
3909,-4.33330024449237,7.020569401376477,3,Sample 2,Cell type 1
3910,6.818273177240611,6.918710863122102,4,Sample 2,Cell type 2
3911,1.5838554898141046,-5.95753110172154,5,Sample 2,Cell type 3
3912,0.2845351588505835,-6.917805894910204,2,Sample 1,Cell type 3
3913,-4.38733916099899,6.298070756062872,3,Sample 2,Cell type 1
3914,5.352220131386173,7.221308082299493,4,Sample 2,Cell type 2
3915,-4.850586588418337,6.466761465982818,0,Sample 1,Cell type 1
3916,-4.4773032468893845,8.74941928317142,3,Sample 2,Cell type 1
3917,0.8021312288828655,-6.804483383873458,5,Sample 2,Cell type 3
3918,-4.985252853547686,7.349133176154813,0,Sample 1,Cell type 1
3919,-2.7213425538871734,7.657906062670168,3,Sample 2,Cell type 1
3920,6.959439658337269,7.0452462965833815,4,Sample 2,Cell type 2
3921,-4.760728583749786,7.325884615704575,3,Sample 2,Cell type 1
3922,-6.594988514057165,7.370313067743533,0,Sample 1,Cell type 1
3923,-0.3177562529167901,-7.95288360423016,2,Sample 1,Cell type 3
3924,1.6027339787368744,-6.991206759785661,5,Sample 2,Cell type 3
3925,0.12839169917878407,-5.301042980347682,2,Sample 1,Cell type 3
3926,-4.7792974769730945,7.633810145295323,3,Sample 2,Cell type 1
3927,-4.916639116838499,7.020993309545857,0,Sample 1,Cell type 1
3928,0.27984001965432603,-7.8743114893390835,2,Sample 1,Cell type 3
3929,1.0900502821699616,-5.758576161074846,2,Sample 1,Cell type 3
3930,4.515507568210508,8.531875582703025,1,Sample 1,Cell type 2
3931,-0.5655140543898791,-6.3866232846489055,2,Sample 1,Cell type 3
3932,-4.235564606070427,8.233272247966422,3,Sample 2,Cell type 1
3933,0.3033224949808993,-6.086890071344845,2,Sample 1,Cell type 3
3934,-0.8084785759431308,-7.48324252691207,2,Sample 1,Cell type 3
3935,7.054557653787221,5.9845278746834,4,Sample 2,Cell type 2
3936,-3.6836632116895696,6.305012647853306,3,Sample 2,Cell type 1
3937,-1.4564826404388138,-6.855021925152338,2,Sample 1,Cell type 3
3938,0.7837066425910642,-7.092975268188471,5,Sample 2,Cell type 3
3939,0.19430561052022,-8.736746774416666,2,Sample 1,Cell type 3
3940,6.335007968101998,7.247534642055364,4,Sample 2,Cell type 2
3941,5.407607914934273,7.762927362658285,4,Sample 2,Cell type 2
3942,-4.034792826793314,6.417519275075687,0,Sample 1,Cell type 1
3943,-5.215128660072054,4.966483702402225,3,Sample 2,Cell type 1
3944,5.893597468855949,6.014353985860547,4,Sample 2,Cell type 2
3945,5.312371879943112,6.988490409519478,1,Sample 1,Cell type 2
3946,1.097794403637653,-7.406238568282463,5,Sample 2,Cell type 3
3947,4.200558214164071,6.667247874882902,1,Sample 1,Cell type 2
3948,0.38565338186830894,-6.77608129401146,2,Sample 1,Cell type 3
3949,-3.5073803910841947,7.4501341485949055,0,Sample 1,Cell type 1
3950,4.859316476454343,8.40024394444789,1,Sample 1,Cell type 2
3951,6.797812454127098,8.01657984591259,4,Sample 2,Cell type 2
3952,0.9901230060095986,-6.767253703032758,2,Sample 1,Cell type 3
3953,0.46167573439247866,-6.54079493744817,5,Sample 2,Cell type 3
3954,-4.605345679295288,7.2189367108213744,0,Sample 1,Cell type 1
3955,1.13219204005194,-7.061050320401646,5,Sample 2,Cell type 3
3956,-4.839120762628026,7.911591328671565,0,Sample 1,Cell type 1
3957,2.8954298406491974,-5.954720546106127,5,Sample 2,Cell type 3
3958,-0.4155170974609013,-7.343794113742339,2,Sample 1,Cell type 3
3959,0.43478350293607443,-6.911219464890505,2,Sample 1,Cell type 3
3960,6.650019935394516,6.217041480462057,1,Sample 1,Cell type 2
3961,1.83041002185277,-6.459697249194392,5,Sample 2,Cell type 3
3962,1.7145506777658013,-6.557552513578565,5,Sample 2,Cell type 3
3963,-4.6441374013943015,7.93254632759162,3,Sample 2,Cell type 1
3964,-0.4863002085406543,-7.5023659743846585,2,Sample 1,Cell type 3
3965,-4.734380883688589,8.456003517279315,3,Sample 2,Cell type 1
3966,6.5167123362207136,6.191832010621577,4,Sample 2,Cell type 2
3967,5.474292030177554,6.51289268874688,4,Sample 2,Cell type 2
3968,6.507669044747687,8.305662634483227,1,Sample 1,Cell type 2
3969,-5.81698625370457,7.637752969704958,0,Sample 1,Cell type 1
3970,-4.175200382003239,7.816091907158435,0,Sample 1,Cell type 1
3971,-6.285986587648982,7.2187748986913185,0,Sample 1,Cell type 1
3972,5.221788386591999,7.396365439243615,4,Sample 2,Cell type 2
3973,-5.274171613221416,6.429245996488181,0,Sample 1,Cell type 1
3974,-0.42826806961297853,-6.78430491729778,2,Sample 1,Cell type 3
3975,4.766550984867565,5.82051516490815,1,Sample 1,Cell type 2
3976,-3.8050742210378283,6.1989010864259315,3,Sample 2,Cell type 1
3977,-0.143274628012925,-6.754411986988737,2,Sample 1,Cell type 3
3978,-4.829652858855997,7.603362959891739,3,Sample 2,Cell type 1
3979,-1.0345132350069182,-6.613155562924935,2,Sample 1,Cell type 3
3980,1.7976474851629132,-6.169187740381087,5,Sample 2,Cell type 3
3981,6.108450733131767,7.653882726677105,4,Sample 2,Cell type 2
3982,5.477782574602708,6.312389408486115,1,Sample 1,Cell type 2
3983,0.800504299862015,-8.001501932093158,5,Sample 2,Cell type 3
3984,5.626712407426076,6.869836703029879,1,Sample 1,Cell type 2
3985,-4.33170152045749,6.274928643946086,3,Sample 2,Cell type 1
3986,5.864118113857815,8.380459781329987,4,Sample 2,Cell type 2
3987,6.3860119995880735,8.856107928819581,1,Sample 1,Cell type 2
3988,1.3352556206610648,-7.825114216498976,2,Sample 1,Cell type 3
3989,-5.790872885720734,6.188196358092859,0,Sample 1,Cell type 1
3990,7.997932101135883,7.107872921254549,4,Sample 2,Cell type 2
3991,5.348195197741162,7.211988173375629,4,Sample 2,Cell type 2
3992,3.278547678936556,6.495745156471539,1,Sample 1,Cell type 2
3993,3.523049710209525,6.327459123711547,1,Sample 1,Cell type 2
3994,0.1402294231471391,-8.14044816296622,2,Sample 1,Cell type 3
3995,4.1019641550044685,6.337065555054065,1,Sample 1,Cell type 2
3996,-3.8469813687471075,5.922378090921924,0,Sample 1,Cell type 1
3997,2.03236859310108,-7.026908417841404,5,Sample 2,Cell type 3
3998,-0.3662787089459914,-7.198557597582201,2,Sample 1,Cell type 3
3999,5.474845377824689,4.718756904134051,1,Sample 1,Cell type 2
