,X,Y,group,sample,cell_type
0,-1.2121528497588419,6.09349941395562,0,Sample 3,Cell type 1
1,-0.004856729231914659,5.670792619561314,0,Sample 3,Cell type 1
2,-0.20564192705045176,-4.7779579892051744,3,Sample 2,Cell type 1
3,-1.436514538104012,-5.26407215336115,2,Sample 1,Cell type 1
4,0.5020850380494649,-5.223605970637227,2,Sample 1,Cell type 1
5,1.1725190151372433,4.819378959610772,0,Sample 3,Cell type 1
6,0.17376635002272073,-5.371813779129382,3,Sample 2,Cell type 1
7,-0.7132347918836038,-4.944236584456576,3,Sample 2,Cell type 1
8,-1.3937773541082201,-5.436833439053377,2,Sample 1,Cell type 1
9,-0.28877293265526394,5.927463842691399,0,Sample 3,Cell type 1
10,0.4056162177082855,-5.045916292059228,2,Sample 1,Cell type 1
11,0.16757606691821808,-5.787627240385574,2,Sample 1,Cell type 1
12,-0.32841478618378406,-3.54488117423974,2,Sample 1,Cell type 1
13,0.06841066371167923,-6.372566654910504,3,Sample 2,Cell type 1
14,-0.17727975550803146,-6.152785307619935,3,Sample 2,Cell type 1
15,0.15166529327899472,5.800836874053713,0,Sample 3,Cell type 1
16,1.3323795555700615,5.811496052014505,0,Sample 3,Cell type 1
17,1.0996890140612436,-4.712255321850943,3,Sample 2,Cell type 1
18,-0.794871612475229,-4.891260346225321,2,Sample 1,Cell type 1
19,2.2041741949759213,-5.244488491323042,2,Sample 1,Cell type 1
20,-0.1495169265295879,3.6956214050278877,1,Sample 4,Cell type 1
21,-0.2072337166565625,4.842920120732018,0,Sample 3,Cell type 1
22,-0.6827963840490733,-5.535549530906792,3,Sample 2,Cell type 1
23,-1.055397755679014,4.837615490083475,1,Sample 4,Cell type 1
24,-1.2342412121677169,4.493795976091969,1,Sample 4,Cell type 1
25,0.9087582767550576,-5.123198132158265,3,Sample 2,Cell type 1
26,-0.8792313796254874,-3.562667838659986,3,Sample 2,Cell type 1
27,-0.534472362914439,5.793633879629218,0,Sample 3,Cell type 1
28,0.1385447406809456,5.308253903783069,0,Sample 3,Cell type 1
29,-0.732381623272234,-4.8988326247514475,3,Sample 2,Cell type 1
30,-0.1988926830133419,-4.498709090189544,2,Sample 1,Cell type 1
31,-0.48155555354814167,-5.506585117371982,2,Sample 1,Cell type 1
32,-0.19659445126875547,4.781821144201864,0,Sample 3,Cell type 1
33,-0.09171266840511397,-4.7885853826834905,2,Sample 1,Cell type 1
34,-0.04391520049302911,5.2284432598861255,0,Sample 3,Cell type 1
35,-0.8033126134016544,4.385761947916697,0,Sample 3,Cell type 1
36,-0.2522153957122765,5.607175376394614,0,Sample 3,Cell type 1
37,0.2961695119533928,-4.532548666851752,2,Sample 1,Cell type 1
38,-1.9229348808804243,-3.886035246813546,2,Sample 1,Cell type 1
39,-1.4007804595241824,-5.141993507019427,3,Sample 2,Cell type 1
40,0.4544825641029169,4.160275600872047,1,Sample 4,Cell type 1
41,1.9937471988805495,-5.220097142604037,3,Sample 2,Cell type 1
42,-1.0154328841944833,-3.771074581716044,3,Sample 2,Cell type 1
43,-0.18711824036287517,-5.15687456854155,3,Sample 2,Cell type 1
44,-0.21984184380215044,-6.760994778760734,2,Sample 1,Cell type 1
45,0.016874198280469797,-5.90485378840207,3,Sample 2,Cell type 1
46,0.8583436916058773,-5.682719579231289,3,Sample 2,Cell type 1
47,-0.3901067367639703,-6.149003091942494,2,Sample 1,Cell type 1
48,0.506928819819247,-5.55855973968884,2,Sample 1,Cell type 1
49,0.20589848513387954,-5.504677122357751,3,Sample 2,Cell type 1
50,-0.5121235654676894,-3.8130048718370344,3,Sample 2,Cell type 1
51,-0.03911774677928444,3.87584812255714,1,Sample 4,Cell type 1
52,0.6257040012251673,4.367280494665957,1,Sample 4,Cell type 1
53,1.9053708253860369,-4.3382111138740616,2,Sample 1,Cell type 1
54,0.8608057108788787,5.017049318937554,0,Sample 3,Cell type 1
55,-0.5477038606080032,5.632500479330215,1,Sample 4,Cell type 1
56,-0.1774251229729084,-4.224504558073557,3,Sample 2,Cell type 1
57,-0.32977659601957615,5.7307789856139255,1,Sample 4,Cell type 1
58,-0.3534791417926591,-4.911290893737266,2,Sample 1,Cell type 1
59,-1.0934866906246612,-4.525946180922135,2,Sample 1,Cell type 1
60,0.43010392235990375,5.342548998248461,1,Sample 4,Cell type 1
61,0.08233391241858978,-6.851235252800084,2,Sample 1,Cell type 1
62,0.7972564084635578,4.626803696617442,1,Sample 4,Cell type 1
63,0.19686689225312706,-5.641824021711635,2,Sample 1,Cell type 1
64,-0.6418174671476163,-5.4037069938313875,3,Sample 2,Cell type 1
65,0.8235524447416325,-5.269516101428111,2,Sample 1,Cell type 1
66,0.2459253582472806,5.652589770031438,0,Sample 3,Cell type 1
67,-0.18432057136461388,4.260613484585356,1,Sample 4,Cell type 1
68,-0.03212636051547473,3.8553799183055615,0,Sample 3,Cell type 1
69,-0.5399472150324418,4.677539208747976,1,Sample 4,Cell type 1
70,0.27804929104284165,5.069358159531517,1,Sample 4,Cell type 1
71,1.1941508551676174,4.783101119165945,0,Sample 3,Cell type 1
72,0.5936762976074456,5.239434064325193,0,Sample 3,Cell type 1
73,0.18162758309191113,-5.259254540167176,2,Sample 1,Cell type 1
74,0.3520115600426659,4.598356620517911,0,Sample 3,Cell type 1
75,1.6019419741158378,-5.24605713369264,3,Sample 2,Cell type 1
76,-0.9955891599110926,-4.640138229018792,3,Sample 2,Cell type 1
77,0.8562921281839438,-3.982486062449075,2,Sample 1,Cell type 1
78,0.246265898011108,-3.345419166795341,2,Sample 1,Cell type 1
79,0.8999460362425927,-6.394217579104833,2,Sample 1,Cell type 1
80,-0.49452835894690195,-4.281190636358748,3,Sample 2,Cell type 1
81,-0.1199525752632875,3.85347854838023,1,Sample 4,Cell type 1
82,-0.024847146296721564,4.272253266414533,1,Sample 4,Cell type 1
83,-0.6835947701904435,-5.322452694429378,3,Sample 2,Cell type 1
84,-0.679776737182157,-5.386387140858273,3,Sample 2,Cell type 1
85,-1.4208094032387217,5.851152790048685,1,Sample 4,Cell type 1
86,1.427820031348076,-4.989239708304566,2,Sample 1,Cell type 1
87,0.7049173766506953,-4.998939449012474,2,Sample 1,Cell type 1
88,-0.9226804084767676,5.909851633891783,1,Sample 4,Cell type 1
89,0.3731439859468211,4.971486814162013,0,Sample 3,Cell type 1
90,0.4564903977756248,5.774547728426289,1,Sample 4,Cell type 1
91,-0.9073369162222324,-4.176655651097626,3,Sample 2,Cell type 1
92,0.027122178945870008,-5.952326188539592,2,Sample 1,Cell type 1
93,0.9646547365728346,-5.749436187967506,3,Sample 2,Cell type 1
94,-0.056399022447272976,5.389201315060961,0,Sample 3,Cell type 1
95,0.34878031160003675,2.9742031318242517,1,Sample 4,Cell type 1
96,-0.953042797762119,5.525242886907064,0,Sample 3,Cell type 1
97,0.11893396576168924,4.730331223105568,0,Sample 3,Cell type 1
98,2.1335241778560072,-4.922275370331001,3,Sample 2,Cell type 1
99,-0.4524610942991923,-5.377052576920894,2,Sample 1,Cell type 1
100,0.20039428027670125,5.2771585675975805,0,Sample 3,Cell type 1
101,0.026975243920842596,-4.785125135164562,2,Sample 1,Cell type 1
102,0.014413497635557269,-4.6218957233252755,2,Sample 1,Cell type 1
103,-0.12004446962602139,5.100461162777234,0,Sample 3,Cell type 1
104,-0.5337512678220043,-5.586375119299007,2,Sample 1,Cell type 1
105,0.6808992787041904,-4.020915265165925,2,Sample 1,Cell type 1
106,0.2421083721912266,4.396579319984514,0,Sample 3,Cell type 1
107,0.8091704283266851,6.073180732424705,1,Sample 4,Cell type 1
108,-0.05917829087550243,4.939467516539335,1,Sample 4,Cell type 1
109,-0.36772541781839757,-5.86387395822519,2,Sample 1,Cell type 1
110,-2.024230018197064,4.7711966224959115,0,Sample 3,Cell type 1
111,-1.278499481506998,5.369738132865554,1,Sample 4,Cell type 1
112,-0.3303982577147473,4.258641352922151,1,Sample 4,Cell type 1
113,-0.4110935338693549,4.152629182488838,0,Sample 3,Cell type 1
114,-0.5939873860307072,4.611755331705705,1,Sample 4,Cell type 1
115,0.027910357671526855,-6.100408711654994,2,Sample 1,Cell type 1
116,0.055841667992015134,4.691749122510592,0,Sample 3,Cell type 1
117,0.09117653450221788,-5.634767783906777,3,Sample 2,Cell type 1
118,-0.046269289902074996,-4.097769578310683,3,Sample 2,Cell type 1
119,0.448735558352991,4.763615745576672,0,Sample 3,Cell type 1
120,-1.6878705925005133,-3.928538728416,3,Sample 2,Cell type 1
121,0.4001923755492559,4.573119754848666,1,Sample 4,Cell type 1
122,0.17862473060429646,-5.958713699961637,2,Sample 1,Cell type 1
123,0.37333678557286487,6.216804981727504,1,Sample 4,Cell type 1
124,-0.310159933126849,4.669107467496286,1,Sample 4,Cell type 1
125,-0.4837957316305702,3.2355471543207446,1,Sample 4,Cell type 1
126,-0.3583690707599801,-5.9718449087109144,2,Sample 1,Cell type 1
127,-0.1525459206106773,5.173946298543778,0,Sample 3,Cell type 1
128,-0.9312405059246605,-5.2863923475306684,3,Sample 2,Cell type 1
129,0.05091924919721417,-5.297423209218791,3,Sample 2,Cell type 1
130,0.21636546062387108,4.959809512440691,0,Sample 3,Cell type 1
131,-0.4034384126500986,-5.4862591140924994,3,Sample 2,Cell type 1
132,-2.3255905754573134,4.700142354702555,1,Sample 4,Cell type 1
133,0.500533878212005,4.314273954866974,0,Sample 3,Cell type 1
134,0.6603330791904239,5.650807708800511,0,Sample 3,Cell type 1
135,-1.2755421270354939,4.5204999816369815,0,Sample 3,Cell type 1
136,-0.13146816470831296,5.16967468245934,1,Sample 4,Cell type 1
137,0.04561049991766761,5.214873823090605,0,Sample 3,Cell type 1
138,-0.4078453545527061,5.027552809364673,1,Sample 4,Cell type 1
139,-0.9502121919340216,-5.317858602041089,2,Sample 1,Cell type 1
140,0.2734601711639732,-5.048030033350852,2,Sample 1,Cell type 1
141,0.7632680817253025,-4.025215828102651,3,Sample 2,Cell type 1
142,0.8180563456077122,6.951801925071418,0,Sample 3,Cell type 1
143,-0.6849358725294001,-4.971547140773605,2,Sample 1,Cell type 1
144,-0.45575917034058516,-5.286262346753014,3,Sample 2,Cell type 1
145,0.6526035893216555,-4.518021250974109,3,Sample 2,Cell type 1
146,1.1118113071570845,-6.076167736646882,3,Sample 2,Cell type 1
147,-0.1879394172167797,-5.714812074015424,2,Sample 1,Cell type 1
148,0.7113230598302448,-5.89740088228471,2,Sample 1,Cell type 1
149,0.5484061910321633,6.478887066637129,1,Sample 4,Cell type 1
150,1.6688376396296911,4.188192405451318,1,Sample 4,Cell type 1
151,0.15146264583389932,-4.762204581295901,2,Sample 1,Cell type 1
152,-0.591497125967229,5.9535194675308585,1,Sample 4,Cell type 1
153,-0.7902927281118175,-4.421569648336109,3,Sample 2,Cell type 1
154,-0.9038798857748479,-5.659069495712924,3,Sample 2,Cell type 1
155,-1.6655435263069778,6.35716509463203,0,Sample 3,Cell type 1
156,0.17492744540583818,-5.357056412187476,2,Sample 1,Cell type 1
157,-0.10734416854153966,-4.58451300348969,2,Sample 1,Cell type 1
158,-0.1512963126216268,5.737320089539567,1,Sample 4,Cell type 1
159,0.5203600740289114,3.7975357585921454,1,Sample 4,Cell type 1
160,0.3458103605073244,5.376035349894562,1,Sample 4,Cell type 1
161,-0.3747968906882526,-5.6070122063483,2,Sample 1,Cell type 1
162,0.6853619841940446,-3.6580983297556084,2,Sample 1,Cell type 1
163,0.46893264031422666,4.670068945426816,1,Sample 4,Cell type 1
164,-1.076696738778572,4.344593712222801,1,Sample 4,Cell type 1
165,0.23275789147158832,-4.233728295113385,2,Sample 1,Cell type 1
166,1.1855686147492288,-5.226574431156186,2,Sample 1,Cell type 1
167,-1.041270386242665,-6.4824147863180555,2,Sample 1,Cell type 1
168,-0.47757942937685915,3.0877565060244496,1,Sample 4,Cell type 1
169,-1.0785416363419922,-4.9874542108227,2,Sample 1,Cell type 1
170,0.39695934989065307,4.571746629945872,1,Sample 4,Cell type 1
171,-0.16967173593634052,-4.566237594472761,3,Sample 2,Cell type 1
172,0.5201609423669288,4.920659308976494,0,Sample 3,Cell type 1
173,0.9997683361474549,-5.845197656500208,3,Sample 2,Cell type 1
174,-0.4858835465697691,4.938223163821563,1,Sample 4,Cell type 1
175,0.3927799613106011,5.587902228839854,0,Sample 3,Cell type 1
176,0.14485019421686587,6.042622429852851,1,Sample 4,Cell type 1
177,0.7323216941616594,5.263000887727747,0,Sample 3,Cell type 1
178,-0.09164754197801572,-4.932724489399843,3,Sample 2,Cell type 1
179,-0.6943379702009229,-4.554289905277215,3,Sample 2,Cell type 1
180,0.8974892038354018,-5.149343169850756,2,Sample 1,Cell type 1
181,0.699613659306018,4.480187818521387,1,Sample 4,Cell type 1
182,-1.6837996045752117,-3.3662576715722152,2,Sample 1,Cell type 1
183,0.81925002064917,5.4740215593609465,0,Sample 3,Cell type 1
184,0.15472509375177357,-4.952246495536211,3,Sample 2,Cell type 1
185,0.6766422980503426,-4.58874995806018,2,Sample 1,Cell type 1
186,-0.09867525123688836,-4.752762045573877,2,Sample 1,Cell type 1
187,0.2707971259955313,4.667769668879359,0,Sample 3,Cell type 1
188,-0.2278695501937611,-5.084955272031802,2,Sample 1,Cell type 1
189,-0.3491087124212549,4.912312156859335,0,Sample 3,Cell type 1
190,-0.014315981606680043,-5.7811200389310375,2,Sample 1,Cell type 1
191,-1.7569022568799573,4.870300819616113,1,Sample 4,Cell type 1
192,-0.8447918495414748,-5.840043831858549,3,Sample 2,Cell type 1
193,-0.1872158872855851,5.373086699557067,1,Sample 4,Cell type 1
194,-0.7916838562068648,4.899370463920281,0,Sample 3,Cell type 1
195,-0.10721373333833416,5.011750555783357,0,Sample 3,Cell type 1
196,1.3658638476473783,-5.616655042182952,3,Sample 2,Cell type 1
197,0.4006652728033693,-5.702779041073648,2,Sample 1,Cell type 1
198,0.41202821376692783,5.411028760729767,0,Sample 3,Cell type 1
199,0.5380589609621851,6.5199055479161725,0,Sample 3,Cell type 1
200,1.9300923372903327,5.627683430318419,1,Sample 4,Cell type 1
201,-0.13733892313982668,-4.121212099158545,3,Sample 2,Cell type 1
202,1.5089487209684243,5.139662250265471,0,Sample 3,Cell type 1
203,0.9743673218444467,4.589442908389283,1,Sample 4,Cell type 1
204,0.8664409945402216,5.843041641627923,0,Sample 3,Cell type 1
205,0.9528725465169533,-5.117482817004241,3,Sample 2,Cell type 1
206,-0.8943420864293918,-3.768642239860074,3,Sample 2,Cell type 1
207,0.07627535955304657,4.7892414271342005,1,Sample 4,Cell type 1
208,-0.16028206223533112,-4.814526326292121,2,Sample 1,Cell type 1
209,-0.19024562994075178,-4.626854970070147,3,Sample 2,Cell type 1
210,-0.04706628330521777,-5.17674537995169,3,Sample 2,Cell type 1
211,-0.8207718539846223,-4.514168787918646,3,Sample 2,Cell type 1
212,-0.8566819349475511,6.529135269711778,1,Sample 4,Cell type 1
213,-1.8433695487551736,-5.288807378602056,2,Sample 1,Cell type 1
214,-1.2921054527244076,5.931791483565737,0,Sample 3,Cell type 1
215,0.9652865238911321,-6.221734285271718,2,Sample 1,Cell type 1
216,-0.3618450553992614,3.0608965386968343,0,Sample 3,Cell type 1
217,-2.576813084788571,-4.683520932189646,3,Sample 2,Cell type 1
218,1.5348850671009664,-5.282611308350527,3,Sample 2,Cell type 1
219,-0.5667254135283702,3.7890284859097383,0,Sample 3,Cell type 1
220,-0.07490895099133668,6.060637318033752,1,Sample 4,Cell type 1
221,0.09081387620099844,5.529704539616837,0,Sample 3,Cell type 1
222,-0.2303248614943362,-4.8039690685476755,3,Sample 2,Cell type 1
223,-0.4228933453998055,5.469091215004075,0,Sample 3,Cell type 1
224,-0.3343276366127125,3.3793537015108983,1,Sample 4,Cell type 1
225,-0.573612919302349,3.9723325874400244,1,Sample 4,Cell type 1
226,-0.4141540582953718,-5.070472995223259,2,Sample 1,Cell type 1
227,-0.04382268827106008,-5.737930387875163,2,Sample 1,Cell type 1
228,0.5627937185800199,-5.062257148909178,3,Sample 2,Cell type 1
229,-0.23798576069908012,6.049586990859157,1,Sample 4,Cell type 1
230,-0.43964570872686415,5.687670309583842,1,Sample 4,Cell type 1
231,0.29493864709832096,4.6853289501381115,0,Sample 3,Cell type 1
232,-0.2978552423503383,5.349850549631169,1,Sample 4,Cell type 1
233,0.26804642326729405,5.252924765746223,1,Sample 4,Cell type 1
234,0.43100479395709534,4.263461125536507,0,Sample 3,Cell type 1
235,0.7964652112016238,6.36253808793443,1,Sample 4,Cell type 1
236,-0.8017736151413799,4.398051810117572,1,Sample 4,Cell type 1
237,-0.5773900426698027,5.141456697711519,1,Sample 4,Cell type 1
238,0.7984080878877218,2.6829956974450484,0,Sample 3,Cell type 1
239,-0.4675207812768249,-3.038104069705021,3,Sample 2,Cell type 1
240,0.6201243952278266,5.442432068681887,1,Sample 4,Cell type 1
241,0.18325975056456206,5.859454410172449,1,Sample 4,Cell type 1
242,-0.28770373796196996,5.2408858713533935,1,Sample 4,Cell type 1
243,-0.5264931912602053,4.757019176978668,1,Sample 4,Cell type 1
244,0.6841612061986101,-4.788567831877399,3,Sample 2,Cell type 1
245,-0.5557705048712466,4.6725740495095165,1,Sample 4,Cell type 1
246,-1.0012315393523552,6.155011683258608,0,Sample 3,Cell type 1
247,0.2622569382744682,5.7394161116302636,1,Sample 4,Cell type 1
248,-0.49145851527703555,4.432168806213172,1,Sample 4,Cell type 1
249,0.537911470089106,-4.866675346112125,2,Sample 1,Cell type 1
250,0.8951156783445354,-3.9804572586499347,3,Sample 2,Cell type 1
251,0.5590627361620278,5.336778355511512,1,Sample 4,Cell type 1
252,0.7950257716243513,-3.90086849183084,2,Sample 1,Cell type 1
253,-1.3355242248970975,5.434688153903948,0,Sample 3,Cell type 1
254,-0.6367762990803987,-4.846488363982682,3,Sample 2,Cell type 1
255,1.272322854858911,-5.455318558938027,2,Sample 1,Cell type 1
256,0.12647511886142881,-4.973245225621479,3,Sample 2,Cell type 1
257,-0.44180900169008686,-5.877714919703052,3,Sample 2,Cell type 1
258,-0.017485397953698946,-4.4342149009565786,3,Sample 2,Cell type 1
259,-0.8733607009114515,4.69032023802048,1,Sample 4,Cell type 1
260,0.17913130725172915,6.091312343979076,0,Sample 3,Cell type 1
261,-0.0097974182775317,4.282196502811335,0,Sample 3,Cell type 1
262,-0.4389799261927692,5.074275920912892,0,Sample 3,Cell type 1
263,-0.61283616192032,-5.369013640398646,3,Sample 2,Cell type 1
264,-0.02257430314978382,-3.9085390046633064,3,Sample 2,Cell type 1
265,-0.11080979568577981,-5.339112033857882,2,Sample 1,Cell type 1
266,0.8853683394298539,-6.81969682496496,3,Sample 2,Cell type 1
267,-0.42864117044183825,3.634113633925643,1,Sample 4,Cell type 1
268,0.6977576000583823,4.747930615044713,1,Sample 4,Cell type 1
269,-0.35203558935758705,5.104592461828873,0,Sample 3,Cell type 1
270,1.6492028613091183,5.9666929844745145,0,Sample 3,Cell type 1
271,-0.9597802120721708,-4.440864251935369,2,Sample 1,Cell type 1
272,-0.47109346139095687,4.33019005516024,1,Sample 4,Cell type 1
273,-0.37995624892876495,4.477336613941031,0,Sample 3,Cell type 1
274,-0.44947367948135925,-4.6165112372564625,2,Sample 1,Cell type 1
275,-1.261597185752798,4.357740444839326,1,Sample 4,Cell type 1
276,-1.1192627425475805,-6.2162294337924875,2,Sample 1,Cell type 1
277,-0.7262049441175363,6.215427138913415,1,Sample 4,Cell type 1
278,-0.17209104013639193,-3.7661786978709584,3,Sample 2,Cell type 1
279,1.329007371638296,4.634322994730983,0,Sample 3,Cell type 1
280,1.1381985088799522,5.740972321793274,1,Sample 4,Cell type 1
281,0.06546348683805202,4.9208882774470855,0,Sample 3,Cell type 1
282,1.1575823074829863,5.15724382120926,0,Sample 3,Cell type 1
283,0.599426045503561,-5.477983086419522,3,Sample 2,Cell type 1
284,-0.33088442673731544,6.510150125872152,1,Sample 4,Cell type 1
285,-0.3338934508840675,4.763928068609675,1,Sample 4,Cell type 1
286,0.2733281855621011,-5.217051982454638,2,Sample 1,Cell type 1
287,-0.8368968680500034,-4.6212740674300266,2,Sample 1,Cell type 1
288,-0.4820994436916459,-4.9985735671163125,3,Sample 2,Cell type 1
289,-0.15541530558281547,4.39536679987331,1,Sample 4,Cell type 1
290,-1.1584674731978593,3.874028980498756,0,Sample 3,Cell type 1
291,-0.09163187620209431,5.99025304957877,0,Sample 3,Cell type 1
292,-0.6643555252452522,5.418011284212606,1,Sample 4,Cell type 1
293,0.838786120840474,-4.60978014313253,2,Sample 1,Cell type 1
294,-0.9243614350541277,-4.419935164441994,3,Sample 2,Cell type 1
295,-0.753648146859396,-5.438396654992911,3,Sample 2,Cell type 1
296,0.16067607449256768,-4.919367141884155,2,Sample 1,Cell type 1
297,0.955287522437898,4.215067575088255,1,Sample 4,Cell type 1
298,-0.424400918088422,4.539345407484256,0,Sample 3,Cell type 1
299,1.1139722400514631,4.799962788320838,0,Sample 3,Cell type 1
300,0.41448136162398064,-5.42336080784921,2,Sample 1,Cell type 1
301,0.5648631310521053,4.805854978550373,1,Sample 4,Cell type 1
302,0.9142582516120165,5.60154642614942,0,Sample 3,Cell type 1
303,-0.5878487180273527,-6.1193826073797055,3,Sample 2,Cell type 1
304,0.1995607567440578,-4.680617445648538,3,Sample 2,Cell type 1
305,1.6107097980212985,5.10922826486619,0,Sample 3,Cell type 1
306,-0.7607627064755773,-4.443254319247321,3,Sample 2,Cell type 1
307,-0.19470718350001448,4.760129442980095,1,Sample 4,Cell type 1
308,0.8230151931387845,-4.598651963864969,2,Sample 1,Cell type 1
309,-0.7181275082200432,-5.509989947860009,3,Sample 2,Cell type 1
310,0.2703644433160202,-5.473792675850252,2,Sample 1,Cell type 1
311,-1.4184259745655052,6.009537200571193,0,Sample 3,Cell type 1
312,0.29882694672941496,-3.8356524128677396,3,Sample 2,Cell type 1
313,0.877175387048707,4.49945817000303,1,Sample 4,Cell type 1
314,2.46310464676419,5.895659929147661,0,Sample 3,Cell type 1
315,0.8396421722554681,4.571811830751546,0,Sample 3,Cell type 1
316,0.9496621429934043,-5.771831790103748,3,Sample 2,Cell type 1
317,-0.31957239237828233,-4.896650021334632,3,Sample 2,Cell type 1
318,0.08198771372656603,-5.386262072645534,2,Sample 1,Cell type 1
319,0.10105135958656015,-5.375304683368327,2,Sample 1,Cell type 1
320,-0.23083895670056387,4.372997183100457,1,Sample 4,Cell type 1
321,0.2786733913969015,-5.718264053140503,2,Sample 1,Cell type 1
322,0.7409420380253131,6.527533312376105,0,Sample 3,Cell type 1
323,-0.7797453361818572,5.629667682993961,0,Sample 3,Cell type 1
324,-0.4400922263492311,4.88237966125532,1,Sample 4,Cell type 1
325,0.545655592050105,5.100942322929574,1,Sample 4,Cell type 1
326,-0.4531156729717786,-4.334706571055677,2,Sample 1,Cell type 1
327,-1.2052202064312922,-5.803432450795403,3,Sample 2,Cell type 1
328,1.062912662598585,5.250547579091984,1,Sample 4,Cell type 1
329,0.2802961731090706,-5.675459229746457,2,Sample 1,Cell type 1
330,-0.7282594735426272,-4.443867801335887,3,Sample 2,Cell type 1
331,-0.7924290601045507,4.546961816317783,0,Sample 3,Cell type 1
332,-1.0560617501898413,-5.191002081650748,3,Sample 2,Cell type 1
333,-1.6304996281422832,4.193530951266077,0,Sample 3,Cell type 1
334,-1.0081318121380642,4.506910873568418,1,Sample 4,Cell type 1
335,0.9899505077473114,4.634158675930568,1,Sample 4,Cell type 1
336,-1.7085393711829564,7.510198826927995,0,Sample 3,Cell type 1
337,0.11046272673403748,-6.508902963160821,3,Sample 2,Cell type 1
338,0.6592823174845647,-5.131319530177419,3,Sample 2,Cell type 1
339,-0.1383568479387384,6.369366784113875,0,Sample 3,Cell type 1
340,-0.9215980380633145,-4.9127336237201344,3,Sample 2,Cell type 1
341,0.08211642283173154,-5.2382369249791685,3,Sample 2,Cell type 1
342,-0.7099937422416801,4.650033359741272,0,Sample 3,Cell type 1
343,0.12425999935952117,-4.68148218790197,2,Sample 1,Cell type 1
344,1.5940122825344947,4.386674729773322,1,Sample 4,Cell type 1
345,-0.027140180742327102,-6.2758047665306655,2,Sample 1,Cell type 1
346,-0.9360904208474876,3.5584156499359842,0,Sample 3,Cell type 1
347,-0.5732587907392842,-4.352324451222492,2,Sample 1,Cell type 1
348,-0.9912856605231207,3.825979787398048,1,Sample 4,Cell type 1
349,-1.738135636811229,5.677937341720337,0,Sample 3,Cell type 1
350,-0.6177539102435035,-3.667517429050778,3,Sample 2,Cell type 1
351,0.8589053998878177,4.178787760471152,0,Sample 3,Cell type 1
352,1.0086796159994478,-4.506668818823106,3,Sample 2,Cell type 1
353,-0.33295552390820315,4.095944528767713,1,Sample 4,Cell type 1
354,0.4212293469378457,-5.38192856495424,2,Sample 1,Cell type 1
355,0.19053704491170265,-5.6726175119189,3,Sample 2,Cell type 1
356,0.4790355116495282,5.534672390974465,1,Sample 4,Cell type 1
357,-0.6339359367999691,4.753630776288768,1,Sample 4,Cell type 1
358,-0.40651215811784874,4.881775744946022,1,Sample 4,Cell type 1
359,-1.118854059055313,5.450375389352457,0,Sample 3,Cell type 1
360,0.690822594017217,-4.862824545927687,2,Sample 1,Cell type 1
361,0.1211224383613861,-4.761238548814848,2,Sample 1,Cell type 1
362,-0.9226659225645961,3.6501245223114314,1,Sample 4,Cell type 1
363,1.5137534086664544,-5.70697531255285,3,Sample 2,Cell type 1
364,-1.7425690557851443,-5.4235735708056065,2,Sample 1,Cell type 1
365,0.7921329911674313,-5.173704859956962,2,Sample 1,Cell type 1
366,1.4660456347833615,5.651321409694614,1,Sample 4,Cell type 1
367,-0.09251862591059243,4.759117043528569,0,Sample 3,Cell type 1
368,0.9445127299617158,4.498149243238958,1,Sample 4,Cell type 1
369,0.8934670204239634,5.149132935795237,1,Sample 4,Cell type 1
370,0.41088008525577324,4.573839328270471,0,Sample 3,Cell type 1
371,0.4042697181178788,-4.57772852006753,3,Sample 2,Cell type 1
372,-0.9916704100200227,-4.513727729011993,3,Sample 2,Cell type 1
373,-0.41493337569696814,-4.317438763958757,2,Sample 1,Cell type 1
374,0.687667897874845,-4.936158812753013,2,Sample 1,Cell type 1
375,-0.11771160385128557,-5.525299256639764,3,Sample 2,Cell type 1
376,-0.6181275562166593,5.6641534494900885,1,Sample 4,Cell type 1
377,-0.490230952387509,4.689838752051212,0,Sample 3,Cell type 1
378,-1.6794850115352205,-4.453421588168954,2,Sample 1,Cell type 1
379,-0.7004946027078058,3.8937602152285313,0,Sample 3,Cell type 1
380,-0.2951515512251698,-4.828952964847149,2,Sample 1,Cell type 1
381,2.0586878425998885,5.047374747211591,0,Sample 3,Cell type 1
382,1.1697567509741096,-4.641091388388378,2,Sample 1,Cell type 1
383,1.218499261815726,5.431128034947727,0,Sample 3,Cell type 1
384,-0.6287915684063596,3.9350136371537774,0,Sample 3,Cell type 1
385,-0.9511707356279695,-5.039904123302494,2,Sample 1,Cell type 1
386,0.042447450346095233,-4.3077681950918,3,Sample 2,Cell type 1
387,-0.7515705935887862,-4.104604065948723,2,Sample 1,Cell type 1
388,0.1560199872225014,4.393374344889928,1,Sample 4,Cell type 1
389,0.3087760740551007,-5.941315955120043,3,Sample 2,Cell type 1
390,0.23796964249425323,-4.888401763082033,2,Sample 1,Cell type 1
391,-0.7245858406900951,4.476986929080944,0,Sample 3,Cell type 1
392,-0.09816714687657932,5.074697899421321,1,Sample 4,Cell type 1
393,-1.2154959727632109,4.612612741706998,0,Sample 3,Cell type 1
394,-0.2628947805991877,5.482549944865874,1,Sample 4,Cell type 1
395,0.6953248515114185,5.709832669813394,1,Sample 4,Cell type 1
396,0.02623759632926921,4.393203732239945,1,Sample 4,Cell type 1
397,-0.27415007526427904,4.702847307203367,0,Sample 3,Cell type 1
398,0.5979559771416447,-4.761699047180924,3,Sample 2,Cell type 1
399,-1.0785483376845704,5.594611275218172,0,Sample 3,Cell type 1
400,1.82066034211811,-5.68177971439786,2,Sample 1,Cell type 1
401,0.25533960833534436,6.072360356818516,0,Sample 3,Cell type 1
402,-0.7950901398678827,5.336153234315994,1,Sample 4,Cell type 1
403,-1.465345797764821,4.158952070688525,1,Sample 4,Cell type 1
404,0.3229840722692876,4.980643514887267,0,Sample 3,Cell type 1
405,0.2640910323767549,-5.651208535433245,3,Sample 2,Cell type 1
406,-0.7834401842261083,-4.86931171606736,3,Sample 2,Cell type 1
407,0.0394625326358749,-4.422042411823217,3,Sample 2,Cell type 1
408,-0.16721860582882023,4.31958363663256,0,Sample 3,Cell type 1
409,1.0625553134792465,5.444984007520528,0,Sample 3,Cell type 1
410,-0.9209229892422954,-7.271262927588342,2,Sample 1,Cell type 1
411,1.0536920538718924,4.905545178407137,0,Sample 3,Cell type 1
412,0.5108739670218991,3.6707839501848323,0,Sample 3,Cell type 1
413,1.2834712866468772,-5.228075405633611,2,Sample 1,Cell type 1
414,0.010401513502325616,6.1628272617258535,0,Sample 3,Cell type 1
415,-0.3546258009532083,4.292157828778479,0,Sample 3,Cell type 1
416,0.6937499302621911,-5.397883497131275,3,Sample 2,Cell type 1
417,-0.8048139051997616,4.028649109769814,0,Sample 3,Cell type 1
418,-0.16649780028582017,4.605599252272934,0,Sample 3,Cell type 1
419,0.41715951924762323,-3.9304247411552318,3,Sample 2,Cell type 1
420,-2.1635133052822204,-5.503907641891049,2,Sample 1,Cell type 1
421,0.239002326692549,4.398567159923853,0,Sample 3,Cell type 1
422,-0.17700289886861761,4.7785493600888636,0,Sample 3,Cell type 1
423,1.2745493013115177,4.591027458855052,0,Sample 3,Cell type 1
424,0.2593330819907537,4.895885556505853,0,Sample 3,Cell type 1
425,0.16772753221970063,4.606691051494362,1,Sample 4,Cell type 1
426,0.8501258326300212,-5.300506932612429,2,Sample 1,Cell type 1
427,1.536294001715409,4.0216839843555485,1,Sample 4,Cell type 1
428,-0.6071765591226759,-5.782992669047813,2,Sample 1,Cell type 1
429,-0.5440197772627927,5.185802957728803,0,Sample 3,Cell type 1
430,1.3226477097428244,-4.501530121688724,2,Sample 1,Cell type 1
431,-0.9207948619378423,5.300558414676537,0,Sample 3,Cell type 1
432,0.4758034733322288,5.682732447024247,0,Sample 3,Cell type 1
433,-1.4689642984826374,5.406393061530035,0,Sample 3,Cell type 1
434,0.3041582808047706,5.488468596227058,0,Sample 3,Cell type 1
435,1.133129433360234,-4.381408010667393,3,Sample 2,Cell type 1
436,0.2069289182843105,5.170191820686128,1,Sample 4,Cell type 1
437,0.047704295936139306,4.482450577835541,0,Sample 3,Cell type 1
438,0.6037866384542474,-4.840460811210586,2,Sample 1,Cell type 1
439,-1.6520664370050566,5.022766064946527,1,Sample 4,Cell type 1
440,-0.04249652241403628,5.978855105934902,1,Sample 4,Cell type 1
441,0.12033512411486114,5.29196880197298,0,Sample 3,Cell type 1
442,0.6863190602330744,-4.557144375145765,2,Sample 1,Cell type 1
443,0.4044713934686997,6.1912904866626315,1,Sample 4,Cell type 1
444,0.3679777143512932,4.457827704198315,0,Sample 3,Cell type 1
445,1.9529773779775312,-4.6502985762151585,3,Sample 2,Cell type 1
446,0.5123838361606591,4.847597515201751,1,Sample 4,Cell type 1
447,0.023352403148453958,-4.441620775895922,2,Sample 1,Cell type 1
448,-0.27144894971052724,-5.033069763847336,3,Sample 2,Cell type 1
449,0.18622939435213093,4.394588818387259,1,Sample 4,Cell type 1
450,0.3647102176652861,6.732001875920867,0,Sample 3,Cell type 1
451,-0.6249251025048914,-5.20784011261401,2,Sample 1,Cell type 1
452,0.13331031624947084,-4.152039864190099,3,Sample 2,Cell type 1
453,0.7186876546775885,-4.10017862401135,3,Sample 2,Cell type 1
454,0.4089620796199846,6.098926836130366,0,Sample 3,Cell type 1
455,0.9441025389932222,-4.084565545152048,2,Sample 1,Cell type 1
456,0.8663999508134949,-5.861104949921646,3,Sample 2,Cell type 1
457,0.6359384911004473,-3.9206919159092566,3,Sample 2,Cell type 1
458,-1.076011587144535,-5.688839737732461,3,Sample 2,Cell type 1
459,1.381571080986724,4.680291051508318,0,Sample 3,Cell type 1
460,1.3985096552966683,-4.167950544077939,2,Sample 1,Cell type 1
461,-1.000326187175774,5.483612261084294,1,Sample 4,Cell type 1
462,1.1348250761184293,3.009753074771936,1,Sample 4,Cell type 1
463,0.009735745826324159,-5.074299601114443,3,Sample 2,Cell type 1
464,0.5433142203505564,4.758363600408108,1,Sample 4,Cell type 1
465,-0.29422762125684415,-4.437973348852916,3,Sample 2,Cell type 1
466,0.005890145138853708,-6.182837549599039,2,Sample 1,Cell type 1
467,0.5124343480598188,5.098462561324945,1,Sample 4,Cell type 1
468,0.00042236708527783426,5.480965399143292,1,Sample 4,Cell type 1
469,-0.16693469697637267,-5.250134756585886,2,Sample 1,Cell type 1
470,0.44251932510336733,4.561439761466582,1,Sample 4,Cell type 1
471,0.31105512821097064,-5.939098661044823,3,Sample 2,Cell type 1
472,0.3787775192281828,4.785887127280965,1,Sample 4,Cell type 1
473,-0.1399678053563269,4.3954038724057245,0,Sample 3,Cell type 1
474,-0.7026106022587734,-4.92009043647263,2,Sample 1,Cell type 1
475,1.0964289151973707,5.5561623200672,1,Sample 4,Cell type 1
476,0.6256219100593021,-5.729293841723122,3,Sample 2,Cell type 1
477,0.7663951531840153,-4.469163505201252,3,Sample 2,Cell type 1
478,-0.38150116851506854,-3.658307303850503,3,Sample 2,Cell type 1
479,0.24888799291455618,3.488280566323078,1,Sample 4,Cell type 1
480,-0.3564020171206175,6.1627075816941606,0,Sample 3,Cell type 1
481,0.8242267632254738,5.191031327221211,0,Sample 3,Cell type 1
482,0.4631429188569879,-4.6319661409116275,3,Sample 2,Cell type 1
483,0.5083344241673812,4.008593284117222,1,Sample 4,Cell type 1
484,0.9541881323331316,3.9937054752728898,1,Sample 4,Cell type 1
485,1.030460579881902,-4.988392800589876,2,Sample 1,Cell type 1
486,0.3785900996588359,4.941736869874502,0,Sample 3,Cell type 1
487,0.5378347264323218,-6.200381239330401,2,Sample 1,Cell type 1
488,-0.5288200437019953,-5.411950965146618,3,Sample 2,Cell type 1
489,1.64624894167821,-6.150728933435648,3,Sample 2,Cell type 1
490,-0.08905507903824056,-4.760731412783115,3,Sample 2,Cell type 1
491,1.3688230473526302,-4.5808315903386125,2,Sample 1,Cell type 1
492,-0.6591483895775997,4.424712438840651,1,Sample 4,Cell type 1
493,0.3272519506672457,-4.4666976932344875,3,Sample 2,Cell type 1
494,1.0168522608056267,-5.784049841472491,2,Sample 1,Cell type 1
495,-0.8577112095884856,2.662919613204314,0,Sample 3,Cell type 1
496,-0.04786091482392296,-4.605151836532567,2,Sample 1,Cell type 1
497,-0.41112050131907457,-5.959161118395101,2,Sample 1,Cell type 1
498,0.38320251471420713,-5.689047663757687,3,Sample 2,Cell type 1
499,-0.22652150790390058,-6.620031930940939,3,Sample 2,Cell type 1
500,1.8179477763575056,5.711229697823914,1,Sample 4,Cell type 1
501,0.6405615580364614,-3.3521239986100784,3,Sample 2,Cell type 1
502,-0.14873958475901658,-6.279515809755449,2,Sample 1,Cell type 1
503,-1.2261471767389873,-5.902872538477627,3,Sample 2,Cell type 1
504,-0.8769762598948522,-5.054297105359585,2,Sample 1,Cell type 1
505,-1.913564963450419,-4.3241804993746396,2,Sample 1,Cell type 1
506,-0.18732269977866878,4.812690434440656,0,Sample 3,Cell type 1
507,-0.02799079239756936,6.416640508508408,0,Sample 3,Cell type 1
508,-0.013604859587064796,-4.595983129380986,2,Sample 1,Cell type 1
509,0.32785492554281004,4.806993876305166,0,Sample 3,Cell type 1
510,0.6500206579153585,6.0849920228566585,0,Sample 3,Cell type 1
511,-0.504366763348382,-3.690334073605806,3,Sample 2,Cell type 1
512,-0.3033021927899897,4.83713571191811,0,Sample 3,Cell type 1
513,0.6506243248516744,-5.6750831019399195,3,Sample 2,Cell type 1
514,-0.08920706171435497,4.356026815317952,1,Sample 4,Cell type 1
515,0.9603311263555403,4.474484576822883,0,Sample 3,Cell type 1
516,-0.5148145843041144,5.74227210246499,0,Sample 3,Cell type 1
517,0.8533397516713231,5.935436472356538,0,Sample 3,Cell type 1
518,-0.6030896909527692,-4.693877158818006,2,Sample 1,Cell type 1
519,-1.0458958257847712,-6.27829770759587,2,Sample 1,Cell type 1
520,0.33034516342049947,4.54902035775682,0,Sample 3,Cell type 1
521,0.7143630960870154,6.463696161372869,1,Sample 4,Cell type 1
522,2.1682653154679143,-4.584103185518471,3,Sample 2,Cell type 1
523,0.8254756315749079,3.8115517015704223,0,Sample 3,Cell type 1
524,0.5747339387773128,-5.126197586585188,2,Sample 1,Cell type 1
525,0.38420840112474,-5.844086140384359,2,Sample 1,Cell type 1
526,-0.8818337198691387,5.5450876083543585,1,Sample 4,Cell type 1
527,0.3201886844214201,-4.838677675896596,2,Sample 1,Cell type 1
528,0.4007337500995046,4.217955804161159,0,Sample 3,Cell type 1
529,0.3604827302900311,3.5041469283742686,1,Sample 4,Cell type 1
530,0.345882171360272,-5.573745520577977,3,Sample 2,Cell type 1
531,0.9305310017239677,5.008186448815669,0,Sample 3,Cell type 1
532,-0.09298323449756654,5.171770546536421,1,Sample 4,Cell type 1
533,0.054270811133550145,-6.615941865724909,2,Sample 1,Cell type 1
534,0.21427491029306667,-5.65882797650068,2,Sample 1,Cell type 1
535,-0.46913211911101876,-5.495817702603102,2,Sample 1,Cell type 1
536,-1.4152402429915192,-4.706602873686195,2,Sample 1,Cell type 1
537,0.9513811690046282,-4.466203882056607,3,Sample 2,Cell type 1
538,0.8730480964754153,5.487310496725741,0,Sample 3,Cell type 1
539,0.058669395822509345,-4.224984083454917,3,Sample 2,Cell type 1
540,-0.14233430064351854,-5.73024873543721,2,Sample 1,Cell type 1
541,-0.42122534967683445,-5.418860790725266,2,Sample 1,Cell type 1
542,1.224600665874958,5.975009481357853,0,Sample 3,Cell type 1
543,-0.3147058381957257,-5.609934360482331,3,Sample 2,Cell type 1
544,-0.2613385980072352,-4.900198320268853,2,Sample 1,Cell type 1
545,-0.3134065192350575,4.262071852401198,0,Sample 3,Cell type 1
546,0.2362239524966947,-5.6211993123944,2,Sample 1,Cell type 1
547,0.532333458953423,6.552973949170999,1,Sample 4,Cell type 1
548,0.15968833472222624,-4.12465636198282,3,Sample 2,Cell type 1
549,0.7330621397619852,5.277190780718394,0,Sample 3,Cell type 1
550,0.7707009033954575,5.330224741549198,0,Sample 3,Cell type 1
551,-1.245265518927801,4.65750787122727,0,Sample 3,Cell type 1
552,-0.1381018399526557,5.706927949989338,0,Sample 3,Cell type 1
553,-0.9455855968545752,-4.203221056922843,3,Sample 2,Cell type 1
554,0.35160098449618116,5.623149202809691,1,Sample 4,Cell type 1
555,-1.323909948982637,4.231962963776429,1,Sample 4,Cell type 1
556,0.14423590440275552,-5.651894519127476,3,Sample 2,Cell type 1
557,0.22663029723691375,4.792876021036738,0,Sample 3,Cell type 1
558,-0.6376908529799846,-4.967260201016861,2,Sample 1,Cell type 1
559,-0.34621910687071095,-4.364945226284948,2,Sample 1,Cell type 1
560,-0.4459934280062669,3.9041576163367377,0,Sample 3,Cell type 1
561,-0.13810330743266774,-4.489058288095759,2,Sample 1,Cell type 1
562,-0.5154722136175874,-7.191312164909979,2,Sample 1,Cell type 1
563,0.5664869413508724,5.765361853435667,0,Sample 3,Cell type 1
564,-0.3256290503414244,5.54905476556536,1,Sample 4,Cell type 1
565,-0.1727684162801858,-4.25001800599446,2,Sample 1,Cell type 1
566,-1.1948078226025147,-6.699158066160532,2,Sample 1,Cell type 1
567,0.10927791647100189,-4.9796917776221825,2,Sample 1,Cell type 1
568,1.3636736746379017,-5.886489966607096,2,Sample 1,Cell type 1
569,0.8768559259819189,-4.659742953335912,2,Sample 1,Cell type 1
570,0.14369781810553875,-3.923881903638068,2,Sample 1,Cell type 1
571,0.20493648455542252,-4.0453511952582994,2,Sample 1,Cell type 1
572,0.2585341713478252,4.881917930961065,0,Sample 3,Cell type 1
573,-0.03922347267042939,4.871711935164136,1,Sample 4,Cell type 1
574,-0.5884239540718132,5.98887454016835,0,Sample 3,Cell type 1
575,-0.07311964600729157,4.935297201707631,1,Sample 4,Cell type 1
576,-0.7670227649494199,-6.082006951552578,2,Sample 1,Cell type 1
577,-0.8829358628242954,4.735368620537954,1,Sample 4,Cell type 1
578,0.5675614537112316,4.6516109035441255,0,Sample 3,Cell type 1
579,0.38882903153410964,3.7621568088493076,1,Sample 4,Cell type 1
580,0.3365597048147831,-5.462336621466169,2,Sample 1,Cell type 1
581,0.017972714249637103,5.437695292140168,1,Sample 4,Cell type 1
582,-0.20398177393668424,6.203194390866151,0,Sample 3,Cell type 1
583,-0.3085381047822786,-4.652397883126955,2,Sample 1,Cell type 1
584,-0.6545591067378458,4.997300434071239,0,Sample 3,Cell type 1
585,-0.24415107638460143,-4.162470564409489,2,Sample 1,Cell type 1
586,-0.5847650205723787,5.606337479938896,1,Sample 4,Cell type 1
587,0.14776837982486665,5.750332430008524,1,Sample 4,Cell type 1
588,0.7100031739312476,5.608677323449182,1,Sample 4,Cell type 1
589,0.23445797863894502,4.428518865578906,0,Sample 3,Cell type 1
590,-0.6893624562050066,5.024025183331266,1,Sample 4,Cell type 1
591,0.5939671308740962,-5.510070033660771,2,Sample 1,Cell type 1
592,0.25597215291613046,-6.125554720410536,2,Sample 1,Cell type 1
593,0.3155617139026375,4.663212415343789,0,Sample 3,Cell type 1
594,-0.05175088402601479,5.058299278412412,1,Sample 4,Cell type 1
595,-0.2549986521969065,-5.823849478833476,2,Sample 1,Cell type 1
596,0.41780050881422287,4.921667802845676,1,Sample 4,Cell type 1
597,0.41509694435209765,-4.603355983177943,2,Sample 1,Cell type 1
598,-0.38306996480672334,4.309779388765503,1,Sample 4,Cell type 1
599,0.27972003783975496,3.748157782910356,1,Sample 4,Cell type 1
600,-0.3486317836989088,-5.673159611303207,3,Sample 2,Cell type 1
601,-1.200177489157549,-5.623069634256348,2,Sample 1,Cell type 1
602,-0.47971199585696295,-4.670437600750552,3,Sample 2,Cell type 1
603,-0.9625606843113156,4.166364470205518,1,Sample 4,Cell type 1
604,0.9437801666885681,5.155286104762686,1,Sample 4,Cell type 1
605,2.3485263218622228,-5.858662425778316,2,Sample 1,Cell type 1
606,0.3743603377054814,-5.93622456511742,2,Sample 1,Cell type 1
607,-0.7270157366463788,-3.6523801323172385,2,Sample 1,Cell type 1
608,2.461488296144403,-3.9119072798557495,2,Sample 1,Cell type 1
609,0.2136402126954071,5.71170463649875,0,Sample 3,Cell type 1
610,2.0790583200596657,-6.379249448694429,3,Sample 2,Cell type 1
611,1.0931115294835507,-5.590189363747872,3,Sample 2,Cell type 1
612,-0.19532530823251895,5.771269734630685,0,Sample 3,Cell type 1
613,0.9168220600107321,-7.2700051531179035,2,Sample 1,Cell type 1
614,-0.6050805962274427,3.862197032321861,0,Sample 3,Cell type 1
615,-0.004476815063237244,5.53499332447401,1,Sample 4,Cell type 1
616,0.6807183697343778,4.890102569280483,1,Sample 4,Cell type 1
617,0.259267175515836,4.691934175666947,0,Sample 3,Cell type 1
618,1.3136121281090953,5.807853671474107,0,Sample 3,Cell type 1
619,1.3727261049061557,-5.078020306996499,2,Sample 1,Cell type 1
620,-0.7961187854827037,4.854797470291467,1,Sample 4,Cell type 1
621,-0.08038057645736413,-5.0459125624012335,2,Sample 1,Cell type 1
622,0.9455128743679693,5.384726474199116,1,Sample 4,Cell type 1
623,0.3550555425169828,5.61970724274347,0,Sample 3,Cell type 1
624,0.8580334396582071,-3.8569918703705834,3,Sample 2,Cell type 1
625,0.5542152254790884,-4.11533354696423,2,Sample 1,Cell type 1
626,0.6711524003756898,4.506197450762461,1,Sample 4,Cell type 1
627,1.5717801063331116,5.0282108415773825,0,Sample 3,Cell type 1
628,-0.8237569917064484,-5.387213698897668,3,Sample 2,Cell type 1
629,0.7718813064779662,6.292466258838585,0,Sample 3,Cell type 1
630,-0.55953163209863,-4.870641178636197,2,Sample 1,Cell type 1
631,-1.0935029587323368,4.820187678485853,0,Sample 3,Cell type 1
632,1.1474477354816608,-4.772196325291546,3,Sample 2,Cell type 1
633,0.35333005134884854,-6.146984019848183,3,Sample 2,Cell type 1
634,-1.0503748239578183,-4.684819819308478,3,Sample 2,Cell type 1
635,-0.5565559017576512,4.26549841326674,1,Sample 4,Cell type 1
636,-0.04941135988810314,5.383553214468851,1,Sample 4,Cell type 1
637,1.404380558652392,6.258415780171886,1,Sample 4,Cell type 1
638,-0.7204722820288494,-5.906227961014196,2,Sample 1,Cell type 1
639,1.2409962131421837,-4.294170805920627,3,Sample 2,Cell type 1
640,1.0484847302507707,-4.063118422664353,3,Sample 2,Cell type 1
641,0.6968997627453539,4.7391811742657275,0,Sample 3,Cell type 1
642,-0.1611932271580144,4.994782947816433,1,Sample 4,Cell type 1
643,-1.9510537266211434,4.892576670250957,1,Sample 4,Cell type 1
644,-0.1021237452145521,4.551513890522152,1,Sample 4,Cell type 1
645,-0.4803085542968846,-4.888277048347719,3,Sample 2,Cell type 1
646,-0.14431334540992627,6.098278779741224,1,Sample 4,Cell type 1
647,0.24644043160328188,4.6866811460625675,0,Sample 3,Cell type 1
648,0.2530866572289158,4.291801051100622,1,Sample 4,Cell type 1
649,-0.5323378385035684,-4.422477211649487,2,Sample 1,Cell type 1
650,-0.6946087692786659,-4.921749365525354,2,Sample 1,Cell type 1
651,0.22326708667614814,-4.766749058654422,2,Sample 1,Cell type 1
652,-0.6681143213040185,6.671630977355819,1,Sample 4,Cell type 1
653,0.671731091544951,-6.086014031873548,2,Sample 1,Cell type 1
654,0.09566429473132261,4.221544847294756,0,Sample 3,Cell type 1
655,0.6006982235210656,-4.476455178315503,2,Sample 1,Cell type 1
656,-0.9149809658565294,5.0868477646212185,0,Sample 3,Cell type 1
657,0.16380710592142733,-4.387297376415508,2,Sample 1,Cell type 1
658,-0.524550175569155,-5.188568995885335,2,Sample 1,Cell type 1
659,-1.0625488391187445,5.157488988695299,0,Sample 3,Cell type 1
660,0.0256033192526133,4.397265703723053,0,Sample 3,Cell type 1
661,-0.7850607492139718,-6.123853555142006,2,Sample 1,Cell type 1
662,-1.0284792912422178,-6.2926771767734655,3,Sample 2,Cell type 1
663,-1.3525373020851617,-5.7827996366932854,2,Sample 1,Cell type 1
664,-0.3868491870772297,4.510266466276144,1,Sample 4,Cell type 1
665,-0.8981776172498389,5.30592779694724,0,Sample 3,Cell type 1
666,1.234189093823821,-4.805219938290584,3,Sample 2,Cell type 1
667,-0.02563799533097081,-4.97318023808913,3,Sample 2,Cell type 1
668,-0.15464338115837592,-3.822731933944085,3,Sample 2,Cell type 1
669,0.4397465490322078,-3.5588559205868098,2,Sample 1,Cell type 1
670,0.020168694032065695,-6.234494582354296,2,Sample 1,Cell type 1
671,0.2923153935401126,-5.031329692354207,3,Sample 2,Cell type 1
672,1.2624944460497476,5.788359748492175,1,Sample 4,Cell type 1
673,-0.386194817745626,4.23733711339303,0,Sample 3,Cell type 1
674,0.3092689839241538,-3.912561920508155,3,Sample 2,Cell type 1
675,1.0512599852196833,-5.7589989562144,3,Sample 2,Cell type 1
676,0.8949058673233694,-4.989565300498438,2,Sample 1,Cell type 1
677,0.8057257604773354,-4.585604178886839,2,Sample 1,Cell type 1
678,-1.6147902915109105,5.116050996767505,1,Sample 4,Cell type 1
679,0.4278538690767282,5.98318440199125,1,Sample 4,Cell type 1
680,-0.502519519804514,-3.970894290403573,3,Sample 2,Cell type 1
681,2.2239708993788447,-5.830393083991384,3,Sample 2,Cell type 1
682,-0.5232605465019391,3.5354936825148346,0,Sample 3,Cell type 1
683,-0.12664438240773102,-5.147083114527367,2,Sample 1,Cell type 1
684,-0.29748630582293245,4.417230702655726,1,Sample 4,Cell type 1
685,0.5523781488972105,-4.787506405461973,2,Sample 1,Cell type 1
686,0.46872336093171935,4.410583891241902,1,Sample 4,Cell type 1
687,0.22135263946401526,5.661746599228819,0,Sample 3,Cell type 1
688,0.6557917738064759,-5.1563781148687795,3,Sample 2,Cell type 1
689,-0.6547429327536012,6.225894179742493,1,Sample 4,Cell type 1
690,0.26708797325482775,6.145093425464947,1,Sample 4,Cell type 1
691,1.0326067392979426,-2.929672821175452,2,Sample 1,Cell type 1
692,0.554783129531195,4.686389888064697,1,Sample 4,Cell type 1
693,0.2576658486135884,4.991126396841119,1,Sample 4,Cell type 1
694,0.3197503614021133,4.478914484966537,0,Sample 3,Cell type 1
695,0.37638639690328524,-3.42212441673424,3,Sample 2,Cell type 1
696,0.09061632843021157,3.8493776173461063,0,Sample 3,Cell type 1
697,0.3193784980842234,5.517756751762192,0,Sample 3,Cell type 1
698,-0.03303308942772915,-6.179602149638589,3,Sample 2,Cell type 1
699,-0.9409386692438245,5.390048237669375,1,Sample 4,Cell type 1
700,1.2741359986263072,-4.984524743350597,2,Sample 1,Cell type 1
701,1.408950499893899,4.99974906191058,1,Sample 4,Cell type 1
702,0.008282095874704486,3.950531014119872,0,Sample 3,Cell type 1
703,0.014437801974579424,-4.0314603579662425,3,Sample 2,Cell type 1
704,-0.22750771968520747,6.27246565809428,1,Sample 4,Cell type 1
705,-0.05760809726426708,5.8028263183136195,0,Sample 3,Cell type 1
706,1.3538772579705638,-4.88453882261917,3,Sample 2,Cell type 1
707,-0.9234901345863875,3.5985369545986243,1,Sample 4,Cell type 1
708,0.6982594808045077,-5.772925378696334,2,Sample 1,Cell type 1
709,1.1017447492036492,-4.183970794478328,3,Sample 2,Cell type 1
710,1.941373189076418,5.346367860288557,1,Sample 4,Cell type 1
711,0.5431575902097864,4.350078120850064,1,Sample 4,Cell type 1
712,1.335923603481125,5.315737223858385,0,Sample 3,Cell type 1
713,0.8716292664613126,-3.1076737824000213,3,Sample 2,Cell type 1
714,-1.2545154507360405,-4.634229549045989,3,Sample 2,Cell type 1
715,-0.2239946414995838,3.976775411024171,1,Sample 4,Cell type 1
716,0.5659661686915048,-4.378454646116137,3,Sample 2,Cell type 1
717,-0.06617201911719456,-4.805526617871441,2,Sample 1,Cell type 1
718,-1.9995245718988586,6.832754058072593,0,Sample 3,Cell type 1
719,-0.8775000635071889,-4.342347137573978,3,Sample 2,Cell type 1
720,-0.665563933995561,4.489373818777205,1,Sample 4,Cell type 1
721,-1.069254800251936,-3.930674113792813,3,Sample 2,Cell type 1
722,0.044579929830955684,5.875353214776759,0,Sample 3,Cell type 1
723,0.08595549947271404,-4.690102815493608,2,Sample 1,Cell type 1
724,-1.6201140693260858,5.149163451815542,0,Sample 3,Cell type 1
725,-0.029271979474344935,-4.472280001534104,2,Sample 1,Cell type 1
726,-0.6047605653535364,-4.7116466589657815,3,Sample 2,Cell type 1
727,-0.3088902208689133,-4.187823286548555,3,Sample 2,Cell type 1
728,-0.48868611184405264,-4.596413394893586,2,Sample 1,Cell type 1
729,0.20253219043038495,5.656275210089965,1,Sample 4,Cell type 1
730,-1.0723909130931495,-5.255861022311005,3,Sample 2,Cell type 1
731,-0.4712897062249016,-5.7484770390099404,2,Sample 1,Cell type 1
732,-0.08853229484586356,4.282686218147833,1,Sample 4,Cell type 1
733,-0.3176922652542823,-5.033177422399318,3,Sample 2,Cell type 1
734,-0.39356552389558647,-3.937554488810426,2,Sample 1,Cell type 1
735,0.22480740022544504,3.293923499076131,1,Sample 4,Cell type 1
736,0.16045535778475428,5.918909879542972,0,Sample 3,Cell type 1
737,-0.5101919874010528,4.575202435998546,0,Sample 3,Cell type 1
738,-0.13016296125527343,-5.696954424006105,3,Sample 2,Cell type 1
739,0.48259800045711504,5.2385267727924205,1,Sample 4,Cell type 1
740,0.4091996602894892,6.548123232048184,1,Sample 4,Cell type 1
741,1.224156159090681,5.531941729841392,1,Sample 4,Cell type 1
742,-1.2037762992248018,5.6080447709516825,0,Sample 3,Cell type 1
743,-1.5724447131812043,-5.469692216496118,3,Sample 2,Cell type 1
744,-0.6106288833428652,5.030350268358082,1,Sample 4,Cell type 1
745,0.23483002397491243,-4.800465849851967,2,Sample 1,Cell type 1
746,0.16881397376209473,4.922629510503686,0,Sample 3,Cell type 1
747,-0.8430683962914766,-4.657748483877677,2,Sample 1,Cell type 1
748,-0.1578707362458609,4.878981373077191,0,Sample 3,Cell type 1
749,-0.5615933502454044,4.4696792659592415,0,Sample 3,Cell type 1
750,0.23726043611260944,5.370547836214068,1,Sample 4,Cell type 1
751,-0.3458361432858642,-3.981828212822988,3,Sample 2,Cell type 1
752,-0.5021871248676045,4.769568900862339,1,Sample 4,Cell type 1
753,2.478639547257006,-5.206540110425148,2,Sample 1,Cell type 1
754,-0.6340165907461606,4.9082108468264805,0,Sample 3,Cell type 1
755,0.6554986145115251,-4.660888414044811,2,Sample 1,Cell type 1
756,-0.08557717588678405,-3.44620352419496,2,Sample 1,Cell type 1
757,0.999603920564927,3.93377808201628,1,Sample 4,Cell type 1
758,1.0944634803908808,-4.899278889284033,2,Sample 1,Cell type 1
759,-0.48994989971235037,5.289202820164881,0,Sample 3,Cell type 1
760,0.06871440503466433,3.224559701801972,1,Sample 4,Cell type 1
761,-0.39722538838557525,-5.922793940787827,2,Sample 1,Cell type 1
762,0.807577430876775,4.324046849125203,1,Sample 4,Cell type 1
763,0.02299585834785399,6.0227614900858395,0,Sample 3,Cell type 1
764,0.06825451405201925,4.353387422687259,1,Sample 4,Cell type 1
765,0.2153015529960859,4.725446179602072,0,Sample 3,Cell type 1
766,0.5972890916817257,-4.739537746570344,2,Sample 1,Cell type 1
767,1.5107495516914053,-5.131393588025626,2,Sample 1,Cell type 1
768,0.5164701697393548,-4.98449500984158,2,Sample 1,Cell type 1
769,-1.220525051656076,6.010067282741746,0,Sample 3,Cell type 1
770,-1.1719797968839112,-5.534763928682542,3,Sample 2,Cell type 1
771,0.19609142749809427,-4.418564762878557,3,Sample 2,Cell type 1
772,0.6382805611057112,-6.498753043163694,2,Sample 1,Cell type 1
773,-1.7748559727608797,-3.064977776549229,3,Sample 2,Cell type 1
774,0.45187388688009805,-3.6913617550913482,2,Sample 1,Cell type 1
775,0.2077780013771855,4.276546699916473,0,Sample 3,Cell type 1
776,-0.36893578562769513,-4.394748260069488,2,Sample 1,Cell type 1
777,0.020310736433928146,3.4642614750418748,1,Sample 4,Cell type 1
778,0.17770701730697028,4.617001102669218,0,Sample 3,Cell type 1
779,0.9975133724277756,4.950396792507175,1,Sample 4,Cell type 1
780,2.057596253995975,-6.799545963360611,2,Sample 1,Cell type 1
781,0.001295225085552896,-4.668181687368968,2,Sample 1,Cell type 1
782,-0.5831674000265298,-5.151211438145979,3,Sample 2,Cell type 1
783,-0.2522373242288995,-5.752818160533103,2,Sample 1,Cell type 1
784,1.025315036003015,5.4461528485801,1,Sample 4,Cell type 1
785,0.44118102019161864,5.272471373120397,1,Sample 4,Cell type 1
786,-0.3602027102226172,-5.604803215565283,3,Sample 2,Cell type 1
787,0.518150830480554,6.218423885126421,0,Sample 3,Cell type 1
788,0.02519324980959662,-4.44794105893071,2,Sample 1,Cell type 1
789,-0.9431387930386603,-5.175735561880768,2,Sample 1,Cell type 1
790,-0.5360921603633864,5.9373743317729275,1,Sample 4,Cell type 1
791,-1.2412097992471434,-4.470358532193221,2,Sample 1,Cell type 1
792,0.048184167952821155,6.970593689988229,0,Sample 3,Cell type 1
793,0.2939853323794435,4.749176251062082,1,Sample 4,Cell type 1
794,-0.47149180555536924,5.67968167761682,0,Sample 3,Cell type 1
795,0.13476878101569142,6.054078028486368,0,Sample 3,Cell type 1
796,0.6635798735453988,4.844939088981757,1,Sample 4,Cell type 1
797,0.8389657011332509,6.324325690470636,1,Sample 4,Cell type 1
798,-1.2851570562060581,5.162770908693778,0,Sample 3,Cell type 1
799,0.5218583027307357,3.7388862744126,0,Sample 3,Cell type 1
800,-1.4353148089588803,-4.568188389737326,3,Sample 2,Cell type 1
801,-0.4282625487631382,4.927573374156672,0,Sample 3,Cell type 1
802,-0.04832298335752663,-4.097775799492881,2,Sample 1,Cell type 1
803,0.3495505357970799,5.952517019829073,0,Sample 3,Cell type 1
804,0.3515621523663925,-3.9856316103175287,3,Sample 2,Cell type 1
805,0.45633693868863645,-5.2651450970252025,2,Sample 1,Cell type 1
806,-0.5899039227983669,-5.667347878986099,2,Sample 1,Cell type 1
807,-0.6169602396394325,-6.419175692889704,2,Sample 1,Cell type 1
808,0.2430548764839006,5.5772500041009145,1,Sample 4,Cell type 1
809,-0.6235002602080937,-5.521510866025105,3,Sample 2,Cell type 1
810,-0.46451864204316085,4.510891802089097,1,Sample 4,Cell type 1
811,-1.1108340430649688,3.719783116397032,1,Sample 4,Cell type 1
812,-0.3846670316095835,-4.4430656022725685,2,Sample 1,Cell type 1
813,-1.1155960550874093,-4.156886758163293,2,Sample 1,Cell type 1
814,0.497655992244839,6.063146655628328,1,Sample 4,Cell type 1
815,-0.0501432778185375,5.764113856400991,0,Sample 3,Cell type 1
816,0.6273171330827988,-5.7184217810595666,3,Sample 2,Cell type 1
817,0.23095490342388564,5.208257471016976,0,Sample 3,Cell type 1
818,-0.7802928218226,6.042806345547808,1,Sample 4,Cell type 1
819,-0.8409760238260022,-7.025415453000651,2,Sample 1,Cell type 1
820,-0.38451835319059313,-2.968494701773711,2,Sample 1,Cell type 1
821,1.440408945208683,5.99115708235155,1,Sample 4,Cell type 1
822,0.14216080074660306,3.931724513031919,0,Sample 3,Cell type 1
823,0.32770889494719496,-4.714421792586459,2,Sample 1,Cell type 1
824,-0.9836396755619335,5.3973593785892175,0,Sample 3,Cell type 1
825,-1.126009355774257,4.3777466499273,0,Sample 3,Cell type 1
826,0.6382750239166133,-6.487469417328046,2,Sample 1,Cell type 1
827,0.8465360750592814,-4.623592122097154,3,Sample 2,Cell type 1
828,0.17127499530416318,4.00340897703041,0,Sample 3,Cell type 1
829,0.9784664536762601,4.792916479704135,1,Sample 4,Cell type 1
830,-0.4644187598437782,5.470862723536488,0,Sample 3,Cell type 1
831,-0.04312387920459133,4.214157135698148,1,Sample 4,Cell type 1
832,-0.7859899148306477,4.8202934800023804,0,Sample 3,Cell type 1
833,-0.9777022471135564,5.57039874413791,0,Sample 3,Cell type 1
834,0.1536392931920253,4.752706828637999,0,Sample 3,Cell type 1
835,0.16709087600380435,3.4322639008961797,0,Sample 3,Cell type 1
836,-0.9950905883130281,4.445675841763274,0,Sample 3,Cell type 1
837,1.187292822828772,5.2844906790285275,1,Sample 4,Cell type 1
838,0.012494667159682438,5.721821739029318,1,Sample 4,Cell type 1
839,0.5758063537185455,3.965381633703069,1,Sample 4,Cell type 1
840,0.765843858074825,-5.084872508273136,3,Sample 2,Cell type 1
841,0.26531813370061025,-5.837726054952212,2,Sample 1,Cell type 1
842,-0.6781071428952679,4.478328889125551,1,Sample 4,Cell type 1
843,0.030402782534560233,5.096025061374609,0,Sample 3,Cell type 1
844,-1.032449137556975,-5.114607132291354,2,Sample 1,Cell type 1
845,0.12847154653740783,-3.9102940770519368,2,Sample 1,Cell type 1
846,-0.19048834904964326,5.036802197802619,1,Sample 4,Cell type 1
847,-0.4908700842902356,-4.843007247466623,2,Sample 1,Cell type 1
848,0.06393221099202999,-4.743255950459474,3,Sample 2,Cell type 1
849,-1.104478964719721,-5.348924353205988,2,Sample 1,Cell type 1
850,-1.079818455504985,-3.585464565552173,2,Sample 1,Cell type 1
851,0.232962204110426,-5.2908586359320235,3,Sample 2,Cell type 1
852,-0.37416096104951313,5.277203105384572,0,Sample 3,Cell type 1
853,-0.22995801552028447,5.229863123522407,1,Sample 4,Cell type 1
854,0.494688453007732,-3.835519616594161,3,Sample 2,Cell type 1
855,-0.8589509271342021,-4.935133965679341,2,Sample 1,Cell type 1
856,0.3508634327368043,-6.096021301891543,3,Sample 2,Cell type 1
857,-0.3868937116443494,-4.326575380172789,2,Sample 1,Cell type 1
858,-1.0087071634680362,5.734289557643821,0,Sample 3,Cell type 1
859,-0.22203540505244126,-3.966980928787297,2,Sample 1,Cell type 1
860,-0.25587801860387516,5.121406393798992,1,Sample 4,Cell type 1
861,0.29411943439313726,3.3199787938787004,1,Sample 4,Cell type 1
862,0.18721956348251836,4.80117710554044,1,Sample 4,Cell type 1
863,0.3784306257281722,-5.516457657628316,2,Sample 1,Cell type 1
864,-1.0796609692412258,4.667828985675783,1,Sample 4,Cell type 1
865,0.7358972127635441,-4.184861407928081,3,Sample 2,Cell type 1
866,0.08751583568391431,5.580613299118953,0,Sample 3,Cell type 1
867,-0.4817696482894245,5.375019404860019,0,Sample 3,Cell type 1
868,0.1178384003112672,-5.544395238211238,3,Sample 2,Cell type 1
869,0.18405660735312168,5.398194471273116,1,Sample 4,Cell type 1
870,-0.17573751027000956,5.285690057209397,0,Sample 3,Cell type 1
871,0.25837960289413453,4.951196822515693,1,Sample 4,Cell type 1
872,0.37323624916010156,6.076980604962198,1,Sample 4,Cell type 1
873,1.0073865918294391,5.917152696320582,1,Sample 4,Cell type 1
874,-1.5834398483006302,5.5983282048940275,0,Sample 3,Cell type 1
875,-1.3508041504548,-5.896037937975898,2,Sample 1,Cell type 1
876,-0.0096348423679452,-5.8966141205569995,3,Sample 2,Cell type 1
877,0.8673585952348342,-4.831757567822404,2,Sample 1,Cell type 1
878,1.26365771658457,4.581711978277386,0,Sample 3,Cell type 1
879,0.38778625383557985,4.322914676007301,0,Sample 3,Cell type 1
880,-0.8735471203162505,5.712198000669207,1,Sample 4,Cell type 1
881,-1.0976633498156914,-4.056046295969229,3,Sample 2,Cell type 1
882,-0.651518549957059,-3.799325575775697,3,Sample 2,Cell type 1
883,-0.14090680284078264,-7.319611103894786,2,Sample 1,Cell type 1
884,-0.30839459272988656,-6.657101743470526,3,Sample 2,Cell type 1
885,1.0660411741321023,-4.256854389174228,3,Sample 2,Cell type 1
886,0.8448454472528415,5.178591131303328,0,Sample 3,Cell type 1
887,0.03306050581649477,5.3544017043579,1,Sample 4,Cell type 1
888,-0.8697967510902421,4.131339896891852,1,Sample 4,Cell type 1
889,-1.9773156001018315,4.362483795623619,0,Sample 3,Cell type 1
890,-0.32881994920253843,-4.182701612741569,2,Sample 1,Cell type 1
891,1.2018856416768227,5.0592758243358205,0,Sample 3,Cell type 1
892,0.7695897512574729,-5.189609576010103,2,Sample 1,Cell type 1
893,0.007026923918518254,-5.190146653568787,2,Sample 1,Cell type 1
894,-1.3016039366933991,-3.381927815544415,2,Sample 1,Cell type 1
895,-0.44148651671395744,7.046559428534602,0,Sample 3,Cell type 1
896,0.5456416525700959,6.189796924268742,1,Sample 4,Cell type 1
897,-1.1141883777335972,-5.027640499163171,2,Sample 1,Cell type 1
898,-0.04192356046197557,6.3632844130043935,1,Sample 4,Cell type 1
899,1.157250633001094,-5.367887409852112,3,Sample 2,Cell type 1
900,-0.16890419106215557,4.210256378279053,0,Sample 3,Cell type 1
901,1.3696322272143142,3.6018907921373904,1,Sample 4,Cell type 1
902,-0.6699245802523931,-6.685511291700864,3,Sample 2,Cell type 1
903,1.8939314912216973,-5.302211910017982,3,Sample 2,Cell type 1
904,-0.465344731158915,4.188194615445706,0,Sample 3,Cell type 1
905,-0.4301166062238532,-4.47567693611981,2,Sample 1,Cell type 1
906,1.6286988281454342,-4.624817537481226,2,Sample 1,Cell type 1
907,0.011418454269147286,4.236848464482684,1,Sample 4,Cell type 1
908,-1.6672903515988708,6.379757319808887,1,Sample 4,Cell type 1
909,0.8550338571154339,-6.028799765213195,3,Sample 2,Cell type 1
910,-0.8717064298739108,4.372190473497837,1,Sample 4,Cell type 1
911,0.10733313279667483,-4.65732635947142,2,Sample 1,Cell type 1
912,-0.17797991742261232,6.637489756575646,1,Sample 4,Cell type 1
913,1.113631001269673,-4.91109649976279,3,Sample 2,Cell type 1
914,0.025714517571648717,-6.380616899850059,3,Sample 2,Cell type 1
915,-0.8791330037825551,-4.450058595898796,3,Sample 2,Cell type 1
916,0.5861120617724634,4.9354267359131345,0,Sample 3,Cell type 1
917,0.5367289986215001,-4.516967583777685,2,Sample 1,Cell type 1
918,-0.15175479476192602,-4.320332375162706,3,Sample 2,Cell type 1
919,-0.24725298939060814,-4.6761412729533856,3,Sample 2,Cell type 1
920,-0.14045115639937242,5.534923843806325,1,Sample 4,Cell type 1
921,0.5265144288020507,-5.316226838412945,3,Sample 2,Cell type 1
922,0.416604896286969,-5.262245167901218,3,Sample 2,Cell type 1
923,-0.4022950029367647,-4.056907250370449,3,Sample 2,Cell type 1
924,-0.047723449593753284,-6.361332686629933,3,Sample 2,Cell type 1
925,0.337236866829249,5.2134547170363215,1,Sample 4,Cell type 1
926,-0.6113494293102772,-4.29906085464554,2,Sample 1,Cell type 1
927,-0.3106775506409267,-5.24449528885465,2,Sample 1,Cell type 1
928,0.0254075652651606,-4.939461167509291,3,Sample 2,Cell type 1
929,-0.819349459463364,6.483274053067351,0,Sample 3,Cell type 1
930,0.953365997685652,4.93302563212063,1,Sample 4,Cell type 1
931,0.33925348921476095,5.0315576385925915,1,Sample 4,Cell type 1
932,0.1791414991572851,-6.557220229087092,3,Sample 2,Cell type 1
933,-0.1887759897687773,5.595348568252028,1,Sample 4,Cell type 1
934,-1.7905849866599777,3.3034398778919467,1,Sample 4,Cell type 1
935,-0.4627677831010651,-5.061995439914391,3,Sample 2,Cell type 1
936,1.0318022032661964,5.538545081015966,0,Sample 3,Cell type 1
937,0.7970134555577121,4.60499473347095,0,Sample 3,Cell type 1
938,-0.901996879162431,-4.097672805397145,2,Sample 1,Cell type 1
939,-1.1446649612997375,-5.38124304114682,3,Sample 2,Cell type 1
940,0.40688669858675364,-5.344247455963714,2,Sample 1,Cell type 1
941,-0.5148398658539696,5.823968654064929,0,Sample 3,Cell type 1
942,-0.20767308109088384,3.797485637505515,0,Sample 3,Cell type 1
943,-0.09078451670571296,-4.822753221100632,2,Sample 1,Cell type 1
944,-0.8723192619542769,6.128745903797016,0,Sample 3,Cell type 1
945,-0.35407143421932497,-4.993817685459453,3,Sample 2,Cell type 1
946,-0.09942862172994904,-5.169107383854375,2,Sample 1,Cell type 1
947,-0.5111693981516018,3.9415281652740015,0,Sample 3,Cell type 1
948,0.5276251756713107,-3.586790559737893,2,Sample 1,Cell type 1
949,-0.548839805628144,-5.493769797318369,2,Sample 1,Cell type 1
950,-0.5128650132306843,-4.472756524869264,2,Sample 1,Cell type 1
951,0.2377817772680691,-3.666194526600373,3,Sample 2,Cell type 1
952,-0.4892142423935586,3.874671122521422,0,Sample 3,Cell type 1
953,-0.7885808370684351,5.403237212414275,0,Sample 3,Cell type 1
954,-0.42516364108737204,3.7457124597076352,1,Sample 4,Cell type 1
955,-0.15575783689334535,4.948649458313202,1,Sample 4,Cell type 1
956,-0.8133465028611978,4.804735621060639,1,Sample 4,Cell type 1
957,-0.035914424098029585,5.146000824479371,1,Sample 4,Cell type 1
958,-0.31232699062437685,-4.587084768330897,3,Sample 2,Cell type 1
959,0.602673296883626,5.304926707906223,0,Sample 3,Cell type 1
960,-0.1057092711212378,-5.4189850422171375,2,Sample 1,Cell type 1
961,-0.41408903922893714,5.179030361311119,0,Sample 3,Cell type 1
962,0.6738378616111222,-4.9814432171541005,2,Sample 1,Cell type 1
963,-0.07336481931610078,-5.710215609230833,2,Sample 1,Cell type 1
964,0.15667620407814525,4.2173017779079744,0,Sample 3,Cell type 1
965,-0.322630233528751,-4.9323784129725405,3,Sample 2,Cell type 1
966,-0.23539400450916614,-3.9147332913376145,2,Sample 1,Cell type 1
967,-1.03158446976775,-4.95324041543548,3,Sample 2,Cell type 1
968,-0.09990950828005392,-4.987441763233793,2,Sample 1,Cell type 1
969,0.29327859687747865,4.2480961709381155,0,Sample 3,Cell type 1
970,-0.7277518307266675,-4.392399969987102,3,Sample 2,Cell type 1
971,0.9342256493278459,5.20353667464097,0,Sample 3,Cell type 1
972,-0.31350141230949313,-5.814211447261562,2,Sample 1,Cell type 1
973,0.5953535771999494,4.855020661425518,1,Sample 4,Cell type 1
974,0.11544801554806308,-6.4669646141035475,3,Sample 2,Cell type 1
975,0.7603390705488402,4.538477075470078,0,Sample 3,Cell type 1
976,0.3116836192735903,-6.776336807148101,2,Sample 1,Cell type 1
977,0.30856867242516195,-5.647912079271526,3,Sample 2,Cell type 1
978,-0.5597804063940685,5.171183928587378,0,Sample 3,Cell type 1
979,-0.19684999050395888,4.325402723747047,0,Sample 3,Cell type 1
980,-0.5015736462302139,6.449958846397543,0,Sample 3,Cell type 1
981,-1.0686899233348908,-4.420690752548402,2,Sample 1,Cell type 1
982,-0.576169616805432,-5.900523974240468,3,Sample 2,Cell type 1
983,-0.6460730720786368,-5.178778004189551,3,Sample 2,Cell type 1
984,1.2229982804327268,-5.064836771777395,2,Sample 1,Cell type 1
985,-0.7523191331874827,-5.448608725583888,2,Sample 1,Cell type 1
986,1.6977249576101068,5.825972208440918,0,Sample 3,Cell type 1
987,0.36821729998584307,-4.844126127783889,2,Sample 1,Cell type 1
988,-1.7357419341805618,-5.9553515208738315,2,Sample 1,Cell type 1
989,0.1643645496290423,-5.620485283681913,3,Sample 2,Cell type 1
990,0.8601772329455328,-4.162178873152429,3,Sample 2,Cell type 1
991,0.15606154033808173,-4.570017036314857,3,Sample 2,Cell type 1
992,0.2477814233088018,-4.619398406534774,3,Sample 2,Cell type 1
993,0.39525113518041577,-7.283701330323513,2,Sample 1,Cell type 1
994,0.12570233519275267,-4.859048141997846,2,Sample 1,Cell type 1
995,0.1831971139674722,3.5136788388813702,1,Sample 4,Cell type 1
996,-0.6596113292221388,4.513128221408239,1,Sample 4,Cell type 1
997,0.1927014057603261,-5.532554771914837,3,Sample 2,Cell type 1
998,2.1154746776136277,3.7976237372838773,0,Sample 3,Cell type 1
999,-1.9906618827303917,4.473401270132921,1,Sample 4,Cell type 1
1000,-0.020443256793156225,5.938183215407491,0,Sample 3,Cell type 1
1001,-0.059158052486714074,4.638672419072302,1,Sample 4,Cell type 1
1002,0.703171178456521,-4.615513125322122,3,Sample 2,Cell type 1
1003,-1.028691213823772,-5.404391804355609,3,Sample 2,Cell type 1
1004,0.4503046881394839,4.296148517198357,1,Sample 4,Cell type 1
1005,-2.1575093143532573,4.95656410678575,0,Sample 3,Cell type 1
1006,-0.6484229038573011,-4.314419570413771,3,Sample 2,Cell type 1
1007,0.15924775645877604,4.519826498272964,0,Sample 3,Cell type 1
1008,0.2609064177936944,3.9991091388917575,0,Sample 3,Cell type 1
1009,-0.02045944975359555,3.5847392760887056,1,Sample 4,Cell type 1
1010,-1.7758223579614807,-6.119745203786149,3,Sample 2,Cell type 1
1011,-0.6270125324691173,4.447567158146993,1,Sample 4,Cell type 1
1012,-1.1872453319394682,-5.166774568432326,2,Sample 1,Cell type 1
1013,-0.5722429674079746,5.543678199147741,0,Sample 3,Cell type 1
1014,0.17471119003533936,-3.968909259834958,3,Sample 2,Cell type 1
1015,-0.36489666197935056,5.145141296091177,1,Sample 4,Cell type 1
1016,-0.21482451832466587,4.28704621966777,0,Sample 3,Cell type 1
1017,-1.8022347157850716,-4.731225461247539,3,Sample 2,Cell type 1
1018,-1.4408461873221912,4.565860960212783,0,Sample 3,Cell type 1
1019,0.5527287659137542,-5.3558454705363925,3,Sample 2,Cell type 1
1020,-1.5479712937923769,-5.119489196519713,3,Sample 2,Cell type 1
1021,-0.14438393087250054,7.554486054275889,0,Sample 3,Cell type 1
1022,1.0808583139305115,-4.291047049132164,2,Sample 1,Cell type 1
1023,-1.3539717037718555,6.223640255568491,0,Sample 3,Cell type 1
1024,-0.1785618037078441,6.191890750881666,1,Sample 4,Cell type 1
1025,0.47715291006540217,4.4925713218484775,1,Sample 4,Cell type 1
1026,0.2952131502601337,-4.900571444119319,3,Sample 2,Cell type 1
1027,0.3997480882423471,5.377601816735419,1,Sample 4,Cell type 1
1028,-1.01450944398025,-5.134607307590033,2,Sample 1,Cell type 1
1029,0.31255673674251533,3.9388222973511335,1,Sample 4,Cell type 1
1030,-0.3317044070512245,-5.579442027366134,3,Sample 2,Cell type 1
1031,-0.9673589689916849,-4.954606653362545,3,Sample 2,Cell type 1
1032,1.3820345360805693,5.349058935739226,0,Sample 3,Cell type 1
1033,0.35132010696033406,-4.333456454983855,3,Sample 2,Cell type 1
1034,-0.5025149913353427,-4.920852970376893,2,Sample 1,Cell type 1
1035,0.24490764248220429,-5.184847629472719,3,Sample 2,Cell type 1
1036,0.48986577120200964,-5.782870711990924,2,Sample 1,Cell type 1
1037,0.20790623539873884,5.625458297421848,0,Sample 3,Cell type 1
1038,1.3451939659344125,-5.707095116112583,3,Sample 2,Cell type 1
1039,0.559162457373937,-5.503230288962889,3,Sample 2,Cell type 1
1040,-0.652300502652897,4.14701205448062,1,Sample 4,Cell type 1
1041,0.2976843780854903,5.311327356534343,1,Sample 4,Cell type 1
1042,0.6893088995983553,5.111248318922734,1,Sample 4,Cell type 1
1043,0.6616923428526145,-4.873620550198838,2,Sample 1,Cell type 1
1044,-0.41289331349714775,-3.300355016136789,3,Sample 2,Cell type 1
1045,-0.4780081557533133,6.1378958893588065,1,Sample 4,Cell type 1
1046,1.5780337414318466,3.891209646080801,1,Sample 4,Cell type 1
1047,0.03548703801248564,-6.396565946287722,2,Sample 1,Cell type 1
1048,-0.5888509227748114,-5.248750013080875,3,Sample 2,Cell type 1
1049,-0.5882427685455619,5.577183459005875,1,Sample 4,Cell type 1
1050,-0.38097669883572727,5.699511344570182,1,Sample 4,Cell type 1
1051,-0.0664714621945465,-4.480894459276929,3,Sample 2,Cell type 1
1052,-0.4719138542044863,-4.441048949186365,2,Sample 1,Cell type 1
1053,0.6960541845510034,5.3965455103780835,0,Sample 3,Cell type 1
1054,0.5011477379631554,-5.0639267621300394,2,Sample 1,Cell type 1
1055,-0.36710147601999754,-5.814067821770701,3,Sample 2,Cell type 1
1056,0.44524249962700657,3.931614744720087,1,Sample 4,Cell type 1
1057,-0.2785259174538505,-5.059941244894758,3,Sample 2,Cell type 1
1058,0.31503783857300127,3.457861936523512,1,Sample 4,Cell type 1
1059,0.812749778850845,-5.322703796774946,3,Sample 2,Cell type 1
1060,-1.2252282521949145,-4.079786083281363,2,Sample 1,Cell type 1
1061,0.3108628836247713,6.994399613946232,0,Sample 3,Cell type 1
1062,0.035063039568342606,-4.2353578039100155,3,Sample 2,Cell type 1
1063,-0.5066181637682181,-5.077408082549511,3,Sample 2,Cell type 1
1064,-0.6713740185781109,4.7526300993190285,0,Sample 3,Cell type 1
1065,1.0643458755030533,-5.096469750778776,3,Sample 2,Cell type 1
1066,0.23484634573330343,3.914734556301276,0,Sample 3,Cell type 1
1067,0.8668664824879966,-5.2667685545454175,3,Sample 2,Cell type 1
1068,0.4637065385708605,5.260637053265733,0,Sample 3,Cell type 1
1069,0.4616577470681117,-5.14241863205107,3,Sample 2,Cell type 1
1070,-1.4019016761127974,-5.688583330716271,2,Sample 1,Cell type 1
1071,0.9194186610285406,4.43745885989929,0,Sample 3,Cell type 1
1072,-0.6077384142020428,-4.469082922373727,3,Sample 2,Cell type 1
1073,0.6819749147463605,-5.983346878240333,2,Sample 1,Cell type 1
1074,-0.171320248568951,-4.330276410934893,3,Sample 2,Cell type 1
1075,-0.4087913361565817,-7.042839676844719,2,Sample 1,Cell type 1
1076,-0.9597580226922466,3.1470849096248985,1,Sample 4,Cell type 1
1077,1.0581955735081086,-5.135298148514253,2,Sample 1,Cell type 1
1078,1.2389114360192295,-4.743826737640937,3,Sample 2,Cell type 1
1079,0.6853899371763668,-4.68156142679259,2,Sample 1,Cell type 1
1080,0.15407753498504412,-3.086312291780806,2,Sample 1,Cell type 1
1081,-0.2878149166312686,3.9391618511343696,1,Sample 4,Cell type 1
1082,-0.2771412048055197,3.7107461127177377,1,Sample 4,Cell type 1
1083,-0.45336408644404225,-5.479857115133649,2,Sample 1,Cell type 1
1084,0.9264886988000542,5.6333301551703485,0,Sample 3,Cell type 1
1085,0.6328255576344376,4.272490036164209,0,Sample 3,Cell type 1
1086,-0.49762784444350516,5.466190066539092,1,Sample 4,Cell type 1
1087,-1.0226821030418596,-5.716342368740033,3,Sample 2,Cell type 1
1088,0.5453947270521134,-4.229997691359919,3,Sample 2,Cell type 1
1089,-0.05011166186178789,-4.805501233189686,2,Sample 1,Cell type 1
1090,-0.968937543424625,5.58461129525322,1,Sample 4,Cell type 1
1091,-0.41961621302381896,5.391499648982334,0,Sample 3,Cell type 1
1092,-0.47652903523479373,6.099550474536654,0,Sample 3,Cell type 1
1093,-1.2721134645442385,-5.53172087800165,3,Sample 2,Cell type 1
1094,-0.8707289885382766,-2.951597632515453,3,Sample 2,Cell type 1
1095,0.30944681655136214,5.872784340148773,1,Sample 4,Cell type 1
1096,-0.4223952174124909,-3.917544671866874,3,Sample 2,Cell type 1
1097,0.07364410984959359,-4.619007717289867,3,Sample 2,Cell type 1
1098,0.8059551785561588,3.9960618655981657,1,Sample 4,Cell type 1
1099,1.039319856438134,-4.465961535704004,3,Sample 2,Cell type 1
1100,-0.05617628921409326,-7.0178223339903605,2,Sample 1,Cell type 1
1101,-0.05071188162784862,-4.613767900751745,3,Sample 2,Cell type 1
1102,0.15783381250496517,5.249046938754308,1,Sample 4,Cell type 1
1103,0.4448176774738326,-5.473027831041516,2,Sample 1,Cell type 1
1104,0.02777099900204949,3.425196629249557,1,Sample 4,Cell type 1
1105,-0.12025636821749766,4.738643029450909,1,Sample 4,Cell type 1
1106,0.586263265457396,-6.019385695261436,2,Sample 1,Cell type 1
1107,0.6671377236391233,5.367344063382749,0,Sample 3,Cell type 1
1108,0.7801581038259439,5.400875335951876,0,Sample 3,Cell type 1
1109,-0.8826932849390989,3.2776875256380134,0,Sample 3,Cell type 1
1110,-0.1520312280011956,4.714043661751658,1,Sample 4,Cell type 1
1111,1.0375956372488875,4.9817055501608944,0,Sample 3,Cell type 1
1112,0.6055908933162816,4.2622677406579,0,Sample 3,Cell type 1
1113,-0.960237125644621,4.732399011327241,0,Sample 3,Cell type 1
1114,-1.5148917335630285,5.170634965898351,1,Sample 4,Cell type 1
1115,0.26804348152973717,-4.5481687152738814,3,Sample 2,Cell type 1
1116,-0.39324955121514404,-6.130180607120445,3,Sample 2,Cell type 1
1117,0.8629446667450366,4.969193224399434,0,Sample 3,Cell type 1
1118,-0.32945869517092585,5.105542373417566,1,Sample 4,Cell type 1
1119,1.0420723174289852,-4.889870447305563,3,Sample 2,Cell type 1
1120,0.26139581168185605,5.240379487688663,1,Sample 4,Cell type 1
1121,-1.5350169722392333,4.978788899640627,0,Sample 3,Cell type 1
1122,-0.442541796277816,-5.203161365117788,2,Sample 1,Cell type 1
1123,0.4585022505929601,3.5713068064527107,1,Sample 4,Cell type 1
1124,-1.3833463116027362,-3.4376660940083914,3,Sample 2,Cell type 1
1125,0.47171138508592003,-7.12146245043596,3,Sample 2,Cell type 1
1126,-0.7026584617437912,4.697593680785427,1,Sample 4,Cell type 1
1127,-0.6854814921022395,-5.900843168728841,2,Sample 1,Cell type 1
1128,-0.9067368146340984,-4.720061027800486,3,Sample 2,Cell type 1
1129,0.9508774584696065,-3.520510286890895,2,Sample 1,Cell type 1
1130,1.751842346574138,4.353361371715879,0,Sample 3,Cell type 1
1131,-0.1891590693886875,-5.095695699495017,2,Sample 1,Cell type 1
1132,0.1344122724260228,-4.2438307723108135,2,Sample 1,Cell type 1
1133,-0.8005034979865926,-5.684076379527363,3,Sample 2,Cell type 1
1134,-1.016289637060069,-4.076244986626624,3,Sample 2,Cell type 1
1135,0.3434726582413875,5.303711718708772,1,Sample 4,Cell type 1
1136,0.5691284635723961,-2.509671839164927,2,Sample 1,Cell type 1
1137,0.0676147806522618,-5.570867735925741,2,Sample 1,Cell type 1
1138,0.2270008189292009,4.209701327279401,1,Sample 4,Cell type 1
1139,0.4801703725954222,-4.233654355827452,2,Sample 1,Cell type 1
1140,1.143086166250854,3.8206942943663154,1,Sample 4,Cell type 1
1141,-0.6106073252340135,3.556094319468385,0,Sample 3,Cell type 1
1142,0.23537930321079498,4.8124737597469425,1,Sample 4,Cell type 1
1143,0.49101668463192694,-4.699635313898198,2,Sample 1,Cell type 1
1144,0.3264422774694046,5.440638057818931,1,Sample 4,Cell type 1
1145,-0.34108607696443466,5.918756567357404,0,Sample 3,Cell type 1
1146,0.5773376512345881,4.096758583026217,0,Sample 3,Cell type 1
1147,0.6027355708019446,-5.491631026952876,2,Sample 1,Cell type 1
1148,1.0135289193492982,4.433864427504975,0,Sample 3,Cell type 1
1149,-0.8770200695161615,3.847959293924564,0,Sample 3,Cell type 1
1150,-0.027747909909424946,5.187371786029217,0,Sample 3,Cell type 1
1151,1.3387616722388298,6.0723688414322785,1,Sample 4,Cell type 1
1152,0.10868753926532551,-5.0420040548309215,2,Sample 1,Cell type 1
1153,0.5317621962664879,4.557663330106158,1,Sample 4,Cell type 1
1154,-0.09157789743909035,-4.881795274079897,3,Sample 2,Cell type 1
1155,0.9426022780384019,-4.6734912697773145,3,Sample 2,Cell type 1
1156,-0.5084328790524454,-4.833341993099526,2,Sample 1,Cell type 1
1157,0.9615453356316346,-4.992969245894343,3,Sample 2,Cell type 1
1158,0.9878015312358361,-5.8255641936755485,2,Sample 1,Cell type 1
1159,1.6449657039522578,4.117433307422654,0,Sample 3,Cell type 1
1160,1.5296043752421582,-4.06875187793125,3,Sample 2,Cell type 1
1161,0.27489463165476913,3.589567875709813,0,Sample 3,Cell type 1
1162,-2.0998536450992895,-2.9607922330258223,2,Sample 1,Cell type 1
1163,-0.48597783009624584,-5.323489594152019,2,Sample 1,Cell type 1
1164,-0.7987083513506332,5.241433519855573,0,Sample 3,Cell type 1
1165,-0.42380816301363106,5.410613946490685,0,Sample 3,Cell type 1
1166,-0.798645420232844,-4.584965586038623,2,Sample 1,Cell type 1
1167,-0.13971835654530235,-3.9118654953375893,3,Sample 2,Cell type 1
1168,-0.07623642590956169,5.223217220616271,0,Sample 3,Cell type 1
1169,0.9365293034541282,-6.324179769751547,3,Sample 2,Cell type 1
1170,0.181996700585643,-4.49122579943061,2,Sample 1,Cell type 1
1171,0.4869884712995336,-5.445704458057785,2,Sample 1,Cell type 1
1172,-0.5029361976246883,-7.0945065589538245,3,Sample 2,Cell type 1
1173,-0.3588342692222891,-4.809156036981008,2,Sample 1,Cell type 1
1174,-0.9738261537763835,5.127570005443303,1,Sample 4,Cell type 1
1175,-0.37152340984751014,5.369648714601517,1,Sample 4,Cell type 1
1176,-1.442511741004756,3.732691245595608,0,Sample 3,Cell type 1
1177,-0.08700811876548609,5.3213693776791535,0,Sample 3,Cell type 1
1178,-0.9446502522470759,5.891457355735097,1,Sample 4,Cell type 1
1179,-0.5853053911268224,6.5123525481246265,1,Sample 4,Cell type 1
1180,-0.5842933053737094,5.17316687166558,0,Sample 3,Cell type 1
1181,2.3544386682148972,-4.420407151694618,3,Sample 2,Cell type 1
1182,-0.045632933482353415,-4.052810045442488,2,Sample 1,Cell type 1
1183,-0.7023860694052488,4.3384957167681115,0,Sample 3,Cell type 1
1184,-0.4212441065093616,-6.057877947746636,3,Sample 2,Cell type 1
1185,-0.48412498848479796,-4.271665200251544,2,Sample 1,Cell type 1
1186,-0.391108895234953,-3.7288477372447337,2,Sample 1,Cell type 1
1187,0.5919552411034531,-3.6562020942227766,3,Sample 2,Cell type 1
1188,0.28115856603326633,5.856120190653142,0,Sample 3,Cell type 1
1189,-0.5939764685584387,3.9439819910234353,0,Sample 3,Cell type 1
1190,-0.4809012421350775,-4.067266783795821,2,Sample 1,Cell type 1
1191,-1.1322965936403315,4.663483741787712,0,Sample 3,Cell type 1
1192,0.8453799290243348,-4.2265543165995645,3,Sample 2,Cell type 1
1193,-0.5131852761783618,5.345538035739152,0,Sample 3,Cell type 1
1194,-0.03640979624099374,4.660610933281565,1,Sample 4,Cell type 1
1195,-1.5142097420720415,-4.7508073129617685,2,Sample 1,Cell type 1
1196,-0.9956340000677782,-4.813705530058481,2,Sample 1,Cell type 1
1197,-1.215476860381474,2.734275521511545,1,Sample 4,Cell type 1
1198,-0.41383076008029773,6.127477952148464,0,Sample 3,Cell type 1
1199,-1.3288667324537382,-4.597398348200397,2,Sample 1,Cell type 1
1200,0.6403276201821458,5.60343306385086,0,Sample 3,Cell type 1
1201,-1.245303338819123,5.484807961076512,0,Sample 3,Cell type 1
1202,0.5275609928908892,-5.643158731781985,2,Sample 1,Cell type 1
1203,-0.20609638840879524,-5.055706762640087,2,Sample 1,Cell type 1
1204,0.8813902894289672,-4.606405210530803,3,Sample 2,Cell type 1
1205,1.74807591602889,-5.549372274402637,2,Sample 1,Cell type 1
1206,-0.3812411385753931,-6.043671555040378,3,Sample 2,Cell type 1
1207,0.32755082451380185,-5.221337417375317,2,Sample 1,Cell type 1
1208,-0.7852069208383607,5.369682779410617,0,Sample 3,Cell type 1
1209,0.7120461859803678,-5.4858091312688675,3,Sample 2,Cell type 1
1210,0.2773679820839359,7.009245241267539,1,Sample 4,Cell type 1
1211,-0.2905053174536624,-4.316478399103424,3,Sample 2,Cell type 1
1212,-0.10995881170215349,5.762299637762351,0,Sample 3,Cell type 1
1213,-1.4637454521664663,-4.5072263951625295,3,Sample 2,Cell type 1
1214,0.15176493408831654,4.470414257762712,1,Sample 4,Cell type 1
1215,-0.8297969234611652,4.847729057533114,0,Sample 3,Cell type 1
1216,-0.9534997633529999,-3.445176895102242,3,Sample 2,Cell type 1
1217,-1.0973389577843728,4.432447198057963,1,Sample 4,Cell type 1
1218,-0.8916258520064494,-6.39136412173824,3,Sample 2,Cell type 1
1219,-0.6187646752267442,-3.481012014915809,2,Sample 1,Cell type 1
1220,0.5692919024711118,4.100286326529704,0,Sample 3,Cell type 1
1221,-0.4023798164410745,5.210789772264848,1,Sample 4,Cell type 1
1222,-0.3869269099500548,-5.1973795392915525,3,Sample 2,Cell type 1
1223,-0.7019872177245055,-6.1256697558272135,3,Sample 2,Cell type 1
1224,0.6322975168413691,5.272041035655112,1,Sample 4,Cell type 1
1225,1.0905831801058004,-5.242900858318401,2,Sample 1,Cell type 1
1226,0.8467395894796703,3.5930084108615086,0,Sample 3,Cell type 1
1227,-0.3572119616536169,5.6851190354587775,0,Sample 3,Cell type 1
1228,-0.5490233086040676,-6.1461370317917225,2,Sample 1,Cell type 1
1229,-0.7236914999950129,5.938205476213956,1,Sample 4,Cell type 1
1230,-1.208032969588202,-5.17643058332523,2,Sample 1,Cell type 1
1231,-0.412724250505872,-5.740313806114365,3,Sample 2,Cell type 1
1232,0.3011276208780133,4.278358756513992,1,Sample 4,Cell type 1
1233,1.2380041610640493,6.436702138476417,0,Sample 3,Cell type 1
1234,0.10248353192863142,4.455158674020096,0,Sample 3,Cell type 1
1235,0.7954390613500987,-4.796215090095832,3,Sample 2,Cell type 1
1236,-1.3467505537767603,4.355303946803049,0,Sample 3,Cell type 1
1237,0.9916672051532492,4.683016257518592,1,Sample 4,Cell type 1
1238,0.5455623770359711,4.751786594725235,0,Sample 3,Cell type 1
1239,-0.5089789701215438,-5.452048378840954,3,Sample 2,Cell type 1
1240,-0.2483127931020524,-6.2382412450472255,3,Sample 2,Cell type 1
1241,-0.19925747572243258,-6.338315121049259,2,Sample 1,Cell type 1
1242,0.45581382418576316,5.358166848013852,0,Sample 3,Cell type 1
1243,-0.5223601246656647,-5.439831487710427,3,Sample 2,Cell type 1
1244,1.1027738843630466,-5.537209765584437,2,Sample 1,Cell type 1
1245,1.2870246845874989,5.6625837521476985,1,Sample 4,Cell type 1
1246,1.3059290431453083,3.8558868976314935,0,Sample 3,Cell type 1
1247,-0.6529239912224352,-6.164043684072442,3,Sample 2,Cell type 1
1248,0.0009643802897793895,4.346329095145448,1,Sample 4,Cell type 1
1249,0.09856384542758855,5.4411883008323745,0,Sample 3,Cell type 1
1250,-0.11155702054479964,4.639848588118871,1,Sample 4,Cell type 1
1251,0.6334874483104541,-5.456512344160091,2,Sample 1,Cell type 1
1252,-0.8440714945413561,-4.8989858110127456,2,Sample 1,Cell type 1
1253,-0.2752511653633813,-5.299627320600201,2,Sample 1,Cell type 1
1254,-0.8648452323266099,5.842522282666323,0,Sample 3,Cell type 1
1255,0.9120542771961283,-5.6696721068920315,3,Sample 2,Cell type 1
1256,0.2866756088608026,-5.957246342893349,2,Sample 1,Cell type 1
1257,-0.37683064449465825,5.185639949886109,0,Sample 3,Cell type 1
1258,0.34939084138680765,5.323435803969359,1,Sample 4,Cell type 1
1259,0.3844694067421701,-5.6983911735114825,3,Sample 2,Cell type 1
1260,-0.31368652250572615,3.829188041494305,0,Sample 3,Cell type 1
1261,0.9695551883091205,5.209000424987085,1,Sample 4,Cell type 1
1262,-1.235949877341407,-5.431444011570616,2,Sample 1,Cell type 1
1263,0.7121587288998295,5.828199467779002,1,Sample 4,Cell type 1
1264,-1.3543654513563084,4.9213282985642,0,Sample 3,Cell type 1
1265,-0.8157562557670854,-4.8349105829396395,2,Sample 1,Cell type 1
1266,1.7750241867585073,4.872763831679959,1,Sample 4,Cell type 1
1267,-0.7806986023818663,5.842913437286271,0,Sample 3,Cell type 1
1268,-0.3806363552039209,-5.660889593371634,2,Sample 1,Cell type 1
1269,1.2313138766485203,-3.7420814317837383,3,Sample 2,Cell type 1
1270,-1.5000059099775491,-4.056009176248171,3,Sample 2,Cell type 1
1271,1.520952548602406,4.951471348948304,0,Sample 3,Cell type 1
1272,-0.8727731441721587,4.671348569636332,0,Sample 3,Cell type 1
1273,-0.03789656203554876,-6.265741410676902,2,Sample 1,Cell type 1
1274,0.22403627415792357,-7.139653702523313,3,Sample 2,Cell type 1
1275,-0.1028300091511446,3.494520763601889,0,Sample 3,Cell type 1
1276,1.0957608861233479,-5.8688436656944685,2,Sample 1,Cell type 1
1277,-1.080859492966417,3.942033634605144,1,Sample 4,Cell type 1
1278,-0.29240474958821266,4.878960623813982,1,Sample 4,Cell type 1
1279,0.9387538213059559,-5.218035777089447,2,Sample 1,Cell type 1
1280,-0.5128914081797159,-2.740535527197563,2,Sample 1,Cell type 1
1281,0.7870818748849174,-4.899290775538674,3,Sample 2,Cell type 1
1282,-0.5640094846067271,4.955384737873835,0,Sample 3,Cell type 1
1283,0.6891492205062439,-4.798946681409518,2,Sample 1,Cell type 1
1284,-0.1345150548678317,4.622327537842298,0,Sample 3,Cell type 1
1285,0.32181446176103845,-3.943203368367432,3,Sample 2,Cell type 1
1286,0.334718576710947,6.121278874357143,1,Sample 4,Cell type 1
1287,1.2897765026043395,5.7174714526924255,0,Sample 3,Cell type 1
1288,1.2633702524059132,5.6139477833223275,0,Sample 3,Cell type 1
1289,1.7225459660092453,4.38612194968956,0,Sample 3,Cell type 1
1290,0.1935698172528273,3.4693758042737617,0,Sample 3,Cell type 1
1291,0.14639555971620832,-5.667417074454372,3,Sample 2,Cell type 1
1292,-1.0878849127839354,5.597002852821777,0,Sample 3,Cell type 1
1293,0.3091061230784488,-4.329788622762729,2,Sample 1,Cell type 1
1294,0.13405608464079224,-4.070192321995466,2,Sample 1,Cell type 1
1295,-0.1384574594270957,5.012463238065174,0,Sample 3,Cell type 1
1296,-0.5717445415923454,5.417023924011051,1,Sample 4,Cell type 1
1297,0.06927182997831993,4.875458211686336,0,Sample 3,Cell type 1
1298,-1.1763916409850006,-6.010215820558852,2,Sample 1,Cell type 1
1299,-0.0655155036579944,-4.207047109658667,3,Sample 2,Cell type 1
1300,-0.4631614058791385,-5.717094038260145,3,Sample 2,Cell type 1
1301,0.19950694696860422,6.2619626238107795,0,Sample 3,Cell type 1
1302,-0.34937578883247644,4.947093908299342,1,Sample 4,Cell type 1
1303,-0.49072213083275185,4.758024250809497,0,Sample 3,Cell type 1
1304,-1.2391684200427802,5.206380784976945,1,Sample 4,Cell type 1
1305,0.20299172919565878,5.3741545374123465,0,Sample 3,Cell type 1
1306,-0.5083279041829897,-5.033034149605826,2,Sample 1,Cell type 1
1307,1.1616941593460484,-4.9886805880273934,2,Sample 1,Cell type 1
1308,1.319584715459137,5.856488447983349,1,Sample 4,Cell type 1
1309,-1.1734281524925416,4.598878282491491,1,Sample 4,Cell type 1
1310,-0.056132569166917626,3.671231253187207,0,Sample 3,Cell type 1
1311,-0.014810508793911945,4.769073088863889,0,Sample 3,Cell type 1
1312,-0.5747258124553579,5.715939501555553,0,Sample 3,Cell type 1
1313,-0.5451041880556592,-4.225739180779836,2,Sample 1,Cell type 1
1314,0.567528784469284,-5.112442788401945,3,Sample 2,Cell type 1
1315,1.589648889359553,4.575223281750429,1,Sample 4,Cell type 1
1316,-0.03299850318336242,-3.2727030763173666,3,Sample 2,Cell type 1
1317,-0.07470948711995863,4.576534310041303,1,Sample 4,Cell type 1
1318,-0.27025207535312246,-5.501936587541099,3,Sample 2,Cell type 1
1319,-0.14141933049262567,3.761105360909003,1,Sample 4,Cell type 1
1320,2.1775297183251943,-4.324435302342668,3,Sample 2,Cell type 1
1321,0.5065802480920748,-5.310103866130597,3,Sample 2,Cell type 1
1322,1.1127778864011206,-6.084776275887971,2,Sample 1,Cell type 1
1323,0.8710157233733377,4.698959420060003,1,Sample 4,Cell type 1
1324,0.4418399501436186,5.500504746916801,1,Sample 4,Cell type 1
1325,0.032735340316576905,4.198250035374822,1,Sample 4,Cell type 1
1326,-0.4573968335648491,5.266086008259358,1,Sample 4,Cell type 1
1327,-0.18474762416694238,5.556965091850735,0,Sample 3,Cell type 1
1328,-0.8648506620799179,5.492748485555411,0,Sample 3,Cell type 1
1329,-0.3571468916404226,5.155271994318646,0,Sample 3,Cell type 1
1330,0.9330964365354018,-4.575219470428728,2,Sample 1,Cell type 1
1331,0.40366545158191225,-4.498769309330446,2,Sample 1,Cell type 1
1332,-0.10474064410090121,-4.09740817338493,2,Sample 1,Cell type 1
1333,-0.050858831348897175,-6.1607423128889796,2,Sample 1,Cell type 1
1334,-0.8312889346941914,-3.649961555810565,3,Sample 2,Cell type 1
1335,0.4908143781843333,4.181765947841275,0,Sample 3,Cell type 1
1336,-0.3882908382632828,5.065499311509058,0,Sample 3,Cell type 1
1337,-0.6907948839719472,-5.0249627911512675,2,Sample 1,Cell type 1
1338,0.14959216777973144,-5.035418655875719,3,Sample 2,Cell type 1
1339,0.9489163792338392,-3.767740816144091,2,Sample 1,Cell type 1
1340,0.03944666521617811,5.615071740775117,1,Sample 4,Cell type 1
1341,-0.4640425930960344,5.191523600428302,1,Sample 4,Cell type 1
1342,-1.0777010316237572,4.222708769191478,0,Sample 3,Cell type 1
1343,-1.102135494365673,4.249739968067901,0,Sample 3,Cell type 1
1344,-0.2890484495738324,4.9486526709689445,1,Sample 4,Cell type 1
1345,1.1194843492688018,5.739706946330215,0,Sample 3,Cell type 1
1346,-0.8738502117380632,4.746873240244159,0,Sample 3,Cell type 1
1347,0.5141782078940351,6.063322024105945,0,Sample 3,Cell type 1
1348,-0.45555981959368835,-5.099217109911998,2,Sample 1,Cell type 1
1349,-2.162678437685886,-4.728515349795024,3,Sample 2,Cell type 1
1350,-0.5496112797595979,-6.080444771474387,2,Sample 1,Cell type 1
1351,0.35078059104778186,5.015693326155192,1,Sample 4,Cell type 1
1352,-0.788431680576744,-5.77579497570774,2,Sample 1,Cell type 1
1353,1.3823710683054122,-5.375477173141369,3,Sample 2,Cell type 1
1354,0.8215156946063316,-4.520337967003716,2,Sample 1,Cell type 1
1355,0.9704781599833467,5.1133735309119235,0,Sample 3,Cell type 1
1356,0.8521375725715092,6.1620933963889435,1,Sample 4,Cell type 1
1357,-0.6238823569773111,5.865587847399954,1,Sample 4,Cell type 1
1358,0.6456980773098483,4.221163040236425,1,Sample 4,Cell type 1
1359,1.5387566358599627,4.380308023985134,1,Sample 4,Cell type 1
1360,-0.30461072308944354,-6.01557221281025,3,Sample 2,Cell type 1
1361,0.2893088200381073,4.4839041963159,0,Sample 3,Cell type 1
1362,1.3204583705862785,-5.503369719623554,3,Sample 2,Cell type 1
1363,-0.6323795643562495,5.3771746857087965,0,Sample 3,Cell type 1
1364,-0.7374878505002506,4.196834102334801,1,Sample 4,Cell type 1
1365,0.1109161469680676,-5.868901039345128,2,Sample 1,Cell type 1
1366,-0.2542087152139167,-4.906737190390029,3,Sample 2,Cell type 1
1367,0.8844207463663871,5.949624244448304,0,Sample 3,Cell type 1
1368,0.7453327734944759,-4.6837010550514675,3,Sample 2,Cell type 1
1369,1.0482469968956867,6.116547048631965,0,Sample 3,Cell type 1
1370,0.21726306975629878,3.9786011393437524,0,Sample 3,Cell type 1
1371,-0.6183021342588874,5.325641829699628,0,Sample 3,Cell type 1
1372,-0.044736358817770494,-4.729633977414306,2,Sample 1,Cell type 1
1373,0.2674616436428027,-5.231985083549312,3,Sample 2,Cell type 1
1374,-0.046744095197990596,-4.338877346135581,3,Sample 2,Cell type 1
1375,-0.061681367531283365,5.272921579853315,0,Sample 3,Cell type 1
1376,-0.5759916265775513,-5.739250245872852,3,Sample 2,Cell type 1
1377,0.5104408811526058,5.400675579955566,0,Sample 3,Cell type 1
1378,-1.0868592122059795,-5.8637890570206785,2,Sample 1,Cell type 1
1379,-0.5167713432996283,4.360646394679797,0,Sample 3,Cell type 1
1380,-0.47642794814708744,-4.279573538134727,2,Sample 1,Cell type 1
1381,-0.5214688862417274,5.037918937053131,0,Sample 3,Cell type 1
1382,0.42454649840803826,-5.53074892577559,3,Sample 2,Cell type 1
1383,-0.08562428796364627,4.171806142064501,0,Sample 3,Cell type 1
1384,0.5098597464184581,-3.706959965822467,2,Sample 1,Cell type 1
1385,0.8378541652971587,5.9356719939422184,1,Sample 4,Cell type 1
1386,0.311182983481747,5.20117888715241,1,Sample 4,Cell type 1
1387,0.8235304807642608,-4.362638458343406,2,Sample 1,Cell type 1
1388,0.21140381088587126,-5.032267128171235,3,Sample 2,Cell type 1
1389,0.7898676132712815,4.9392391810859815,1,Sample 4,Cell type 1
1390,-0.8308350566751779,3.694979347631244,1,Sample 4,Cell type 1
1391,-0.6256027940088296,4.39223750601577,1,Sample 4,Cell type 1
1392,0.41755325249351816,5.237587738586549,0,Sample 3,Cell type 1
1393,0.045319939917685736,5.423754203485385,0,Sample 3,Cell type 1
1394,0.1253549825972197,5.818824515348275,1,Sample 4,Cell type 1
1395,-0.6487151489601999,-4.706548765371646,2,Sample 1,Cell type 1
1396,-1.217887348974313,5.89015069999194,1,Sample 4,Cell type 1
1397,-0.360010286396651,6.0057193734900585,1,Sample 4,Cell type 1
1398,-1.481474185259727,-4.373128268161114,2,Sample 1,Cell type 1
1399,-0.9809434862501467,-3.2426831560168363,3,Sample 2,Cell type 1
1400,0.38360603840128693,-4.41684704434364,2,Sample 1,Cell type 1
1401,-0.44733106804736666,-5.36824541005949,3,Sample 2,Cell type 1
1402,-0.06607406028103237,-4.384025014931822,3,Sample 2,Cell type 1
1403,-1.2342425745943197,-5.128504895620395,2,Sample 1,Cell type 1
1404,0.15250847301201947,5.753048464613987,1,Sample 4,Cell type 1
1405,-0.017093835478748928,4.402230656681741,0,Sample 3,Cell type 1
1406,0.5779050862622171,4.701733478326586,0,Sample 3,Cell type 1
1407,0.29811854918404407,-4.8668054983079,3,Sample 2,Cell type 1
1408,1.859759131458734,-5.423157410179759,3,Sample 2,Cell type 1
1409,0.24156872013741176,-5.437926018213498,3,Sample 2,Cell type 1
1410,-0.7415443772624664,4.95237971515056,0,Sample 3,Cell type 1
1411,-1.7555059758560194,-3.7204232479089683,2,Sample 1,Cell type 1
1412,-0.327446779276577,-4.195260390562867,2,Sample 1,Cell type 1
1413,-1.2500366855092342,4.576757858122964,0,Sample 3,Cell type 1
1414,-0.8499148225175038,5.342645677766119,0,Sample 3,Cell type 1
1415,0.20050258568264165,-4.353143194487907,3,Sample 2,Cell type 1
1416,-0.01644844588040575,-4.768653061505019,2,Sample 1,Cell type 1
1417,-0.17125415818228912,-4.696475681915913,2,Sample 1,Cell type 1
1418,-0.9464449477875112,-5.2022106040769485,2,Sample 1,Cell type 1
1419,-0.3607952136234476,-4.76484048964547,3,Sample 2,Cell type 1
1420,-0.843763563972736,-5.053784245756905,3,Sample 2,Cell type 1
1421,1.347142153166295,4.632892589704848,0,Sample 3,Cell type 1
1422,-0.4404696536005653,-4.592248615020275,3,Sample 2,Cell type 1
1423,-0.30801744937029096,5.306391187792743,1,Sample 4,Cell type 1
1424,0.25155567269988205,-5.287166708143531,3,Sample 2,Cell type 1
1425,-0.27955146177356477,4.381945000995008,1,Sample 4,Cell type 1
1426,-0.7839404598257956,-6.565870871307192,2,Sample 1,Cell type 1
1427,0.15721693576117612,5.56720300607081,0,Sample 3,Cell type 1
1428,-0.08721873597077105,-4.972499752778832,2,Sample 1,Cell type 1
1429,-0.29869474000246754,-5.400158253676796,2,Sample 1,Cell type 1
1430,-1.6595890808130491,-5.017627891203416,2,Sample 1,Cell type 1
1431,0.0662183230283406,-4.970573733460612,2,Sample 1,Cell type 1
1432,0.5455131917010492,6.477365860588827,0,Sample 3,Cell type 1
1433,1.2336879620543006,6.604874310527299,0,Sample 3,Cell type 1
1434,0.43845353976573637,-6.071591493222927,3,Sample 2,Cell type 1
1435,-0.29254166602441595,-4.596583401569292,3,Sample 2,Cell type 1
1436,-0.8498429709808839,5.378873944508145,0,Sample 3,Cell type 1
1437,-0.020021566996115136,5.654213039360229,0,Sample 3,Cell type 1
1438,0.8772376945842031,-6.753003080932225,2,Sample 1,Cell type 1
1439,0.17005922450577193,5.821589010655786,1,Sample 4,Cell type 1
1440,1.714405643667928,-5.3758115714697094,3,Sample 2,Cell type 1
1441,0.366534491830959,4.216223020226554,1,Sample 4,Cell type 1
1442,-0.5873390390227966,5.065596445130848,1,Sample 4,Cell type 1
1443,-0.6771982422951259,-4.5136419463953965,3,Sample 2,Cell type 1
1444,1.036850449425117,4.114274546558039,1,Sample 4,Cell type 1
1445,0.8479491072372976,5.493604759661358,1,Sample 4,Cell type 1
1446,-1.2300678371593403,-5.1159236632651455,2,Sample 1,Cell type 1
1447,1.2779178345772986,-4.484248157372614,3,Sample 2,Cell type 1
1448,0.5564302060526221,5.679281688594515,1,Sample 4,Cell type 1
1449,-0.24736726163989076,4.398274875527534,0,Sample 3,Cell type 1
1450,0.11327662939190626,-4.619793116226151,3,Sample 2,Cell type 1
1451,0.22126520447283904,-4.99315513534052,2,Sample 1,Cell type 1
1452,0.14797646005852502,-4.637794918338645,3,Sample 2,Cell type 1
1453,-0.38300685721735084,-4.7124193619623,2,Sample 1,Cell type 1
1454,-0.7385865968887235,3.9186523155069333,0,Sample 3,Cell type 1
1455,-0.2635582290776731,5.585496563430636,1,Sample 4,Cell type 1
1456,-1.1391657219601161,4.786678136612468,1,Sample 4,Cell type 1
1457,0.3166390789677977,-4.789159350436172,2,Sample 1,Cell type 1
1458,0.3530457213593967,4.413475042312003,1,Sample 4,Cell type 1
1459,-0.03753646310334726,5.3816326617784975,0,Sample 3,Cell type 1
1460,-0.43550617962014615,5.088738071767893,0,Sample 3,Cell type 1
1461,0.956037303139874,3.78145047617298,0,Sample 3,Cell type 1
1462,1.481632035850936,-5.334226410010895,3,Sample 2,Cell type 1
1463,0.06706130234348875,6.128367316162803,1,Sample 4,Cell type 1
1464,-0.5912229264185863,-4.478135729458656,2,Sample 1,Cell type 1
1465,-0.6668786263731251,-5.543910831788949,3,Sample 2,Cell type 1
1466,0.2741802771021633,5.365402575323027,0,Sample 3,Cell type 1
1467,0.6051906834528787,-6.531248056469974,2,Sample 1,Cell type 1
1468,1.0737441049958834,-6.547270196367662,3,Sample 2,Cell type 1
1469,-1.6138710384979291,-7.265860739987312,2,Sample 1,Cell type 1
1470,-0.06572094271405504,5.893836665270502,0,Sample 3,Cell type 1
1471,-0.5675449258627807,-4.484323654067859,2,Sample 1,Cell type 1
1472,0.49261691981691325,5.963107549735053,1,Sample 4,Cell type 1
1473,-0.6184237676821625,-5.696582217314993,3,Sample 2,Cell type 1
1474,0.05725298977551398,4.617874042587907,0,Sample 3,Cell type 1
1475,1.3879492606694468,4.3145823249385655,1,Sample 4,Cell type 1
1476,1.1769362619948869,4.832541058278507,0,Sample 3,Cell type 1
1477,0.1354886592288624,3.8690284024760158,0,Sample 3,Cell type 1
1478,-0.7726261062911675,-5.430858938637299,2,Sample 1,Cell type 1
1479,1.6389666061590806,-6.3003938161598665,3,Sample 2,Cell type 1
1480,1.7428497391933295,-4.844533229329413,3,Sample 2,Cell type 1
1481,1.224267651483529,-5.622475828666172,3,Sample 2,Cell type 1
1482,0.5855184553875049,-3.996385038095048,3,Sample 2,Cell type 1
1483,0.23649959099767606,3.786685960463367,1,Sample 4,Cell type 1
1484,-0.15219267553057256,-6.197957334884599,2,Sample 1,Cell type 1
1485,1.5586741158318507,-4.179912677934581,2,Sample 1,Cell type 1
1486,-1.0561865656165137,6.465167012683483,0,Sample 3,Cell type 1
1487,-0.980612530401873,3.828500095832144,0,Sample 3,Cell type 1
1488,0.9737268166603972,6.217052841537961,0,Sample 3,Cell type 1
1489,-2.406105871755006,-4.543056475024633,2,Sample 1,Cell type 1
1490,0.15871481374198937,-5.007345882708111,2,Sample 1,Cell type 1
1491,0.0768966215527867,4.630179769035966,0,Sample 3,Cell type 1
1492,1.0215723088705502,5.270418784881366,1,Sample 4,Cell type 1
1493,-0.41927071834767404,5.121883897626978,1,Sample 4,Cell type 1
1494,-0.2573080409739061,6.661398386848672,0,Sample 3,Cell type 1
1495,-0.15388877182489802,5.24123787386689,0,Sample 3,Cell type 1
1496,-1.250427445257003,-5.943567731606224,2,Sample 1,Cell type 1
1497,-0.617392651677426,-5.398369477454274,2,Sample 1,Cell type 1
1498,1.6766748014473274,6.275553913399357,1,Sample 4,Cell type 1
1499,1.573533570006603,-5.0313152215746735,3,Sample 2,Cell type 1
1500,-0.21172546659036487,7.176135333271695,0,Sample 3,Cell type 1
1501,0.05428440842192264,5.682218940097775,0,Sample 3,Cell type 1
1502,0.49929585364172413,5.502676407411424,0,Sample 3,Cell type 1
1503,0.8320463126347115,-5.815095965653388,3,Sample 2,Cell type 1
1504,0.55211519336889,4.679023622491331,0,Sample 3,Cell type 1
1505,1.0808912719893722,-3.9658037683854346,2,Sample 1,Cell type 1
1506,0.7662332915783245,-4.833917318879499,2,Sample 1,Cell type 1
1507,-0.9656173182857725,4.1397500855606095,1,Sample 4,Cell type 1
1508,-0.46120832058137556,2.927166166284072,0,Sample 3,Cell type 1
1509,0.8476524580987178,-5.4442243975242635,3,Sample 2,Cell type 1
1510,0.2781411868306691,4.610217148709158,1,Sample 4,Cell type 1
1511,0.04656697475679992,4.085623761735501,0,Sample 3,Cell type 1
1512,0.40458834597823917,-5.069360908918567,2,Sample 1,Cell type 1
1513,0.23133491512625448,6.964240111928715,0,Sample 3,Cell type 1
1514,-0.6812319838234551,-4.994981475052465,2,Sample 1,Cell type 1
1515,1.1109316160819858,-4.886097669991627,3,Sample 2,Cell type 1
1516,2.0966344728239803,4.1104263793806695,1,Sample 4,Cell type 1
1517,-0.06966778091451994,-3.4961003604631937,3,Sample 2,Cell type 1
1518,-0.6476828159373169,5.339248835571272,0,Sample 3,Cell type 1
1519,0.038817302355861595,4.33523990687117,0,Sample 3,Cell type 1
1520,-0.4640130661229478,-5.925132653395085,2,Sample 1,Cell type 1
1521,-0.4994763117705793,4.852379713875321,1,Sample 4,Cell type 1
1522,-0.22440164272929392,-6.122292925766284,3,Sample 2,Cell type 1
1523,0.6508137738957358,4.015308546852836,0,Sample 3,Cell type 1
1524,0.2184085739955086,-6.659712030037094,2,Sample 1,Cell type 1
1525,0.3616542706077368,-5.284779267508666,2,Sample 1,Cell type 1
1526,0.06046109813603026,-4.1609086864997105,2,Sample 1,Cell type 1
1527,-0.03191550700136954,-6.123391653009271,2,Sample 1,Cell type 1
1528,0.510928134914482,5.8464946600697205,1,Sample 4,Cell type 1
1529,-0.17253411003810587,4.301631127637039,1,Sample 4,Cell type 1
1530,-1.5760830541694686,5.714077870639447,1,Sample 4,Cell type 1
1531,-0.9466068101326202,3.3686142577919194,0,Sample 3,Cell type 1
1532,-1.0242435189367156,5.697965862624116,0,Sample 3,Cell type 1
1533,0.0827505034464851,6.6336608321149955,1,Sample 4,Cell type 1
1534,-0.01794884158445879,-5.046360433410174,3,Sample 2,Cell type 1
1535,0.6900347876921362,-6.35597875081329,3,Sample 2,Cell type 1
1536,0.6561859186447874,-4.346155037009339,3,Sample 2,Cell type 1
1537,0.7574460532094964,-4.9559976511733,3,Sample 2,Cell type 1
1538,0.4738636376106746,-4.92054894803892,3,Sample 2,Cell type 1
1539,0.7954812158523388,-4.278182880045238,3,Sample 2,Cell type 1
1540,0.8004658544343827,4.4635038327386845,0,Sample 3,Cell type 1
1541,-1.473518218366286,-4.2863459202146235,2,Sample 1,Cell type 1
1542,-0.10517807653733424,5.660837737153205,1,Sample 4,Cell type 1
1543,-0.165587671278695,-5.824820220117846,3,Sample 2,Cell type 1
1544,0.18196794768330354,6.045714203425943,0,Sample 3,Cell type 1
1545,-1.8939821226986226,-4.716983495286889,3,Sample 2,Cell type 1
1546,1.3565783022486924,6.517830955818489,1,Sample 4,Cell type 1
1547,-0.1726297010625757,-5.942209166393086,3,Sample 2,Cell type 1
1548,1.1121660392138508,5.44624824508149,0,Sample 3,Cell type 1
1549,-0.13614769801994275,4.6374175605381796,0,Sample 3,Cell type 1
1550,0.011143433530356963,4.980699930311998,0,Sample 3,Cell type 1
1551,-2.16258583439939,5.542300255624726,0,Sample 3,Cell type 1
1552,-1.374137718690717,-4.811086072096719,3,Sample 2,Cell type 1
1553,-1.031968719792843,3.9639369823491073,0,Sample 3,Cell type 1
1554,0.677416620173195,3.298218063718804,1,Sample 4,Cell type 1
1555,-1.0551747986420086,-4.983914826504721,2,Sample 1,Cell type 1
1556,-0.4132913590080863,-5.818602578700467,3,Sample 2,Cell type 1
1557,0.9886257534577233,4.143157056280761,1,Sample 4,Cell type 1
1558,-0.8681204212462386,4.339671576016836,1,Sample 4,Cell type 1
1559,-0.08584171520338311,5.358173540648222,0,Sample 3,Cell type 1
1560,-0.12009356100304527,-6.011204934357891,2,Sample 1,Cell type 1
1561,0.0001656519345576751,4.992559743089108,1,Sample 4,Cell type 1
1562,0.960063165141489,4.606478041995036,1,Sample 4,Cell type 1
1563,-1.264952561625707,5.716030651260892,0,Sample 3,Cell type 1
1564,1.1812322797807167,6.104073083317961,0,Sample 3,Cell type 1
1565,0.8825740576429265,-3.8464460784379195,2,Sample 1,Cell type 1
1566,-0.5040199836271155,-4.4144355979921235,2,Sample 1,Cell type 1
1567,-0.3929229977136838,4.7720996053042635,1,Sample 4,Cell type 1
1568,0.9116444288203754,-5.309889571642249,2,Sample 1,Cell type 1
1569,0.06582719142033935,5.852384300052281,0,Sample 3,Cell type 1
1570,0.16581386351915517,5.055475469629,1,Sample 4,Cell type 1
1571,0.651184688158193,-4.897106039676027,2,Sample 1,Cell type 1
1572,0.9604253267790981,5.1122878958784375,1,Sample 4,Cell type 1
1573,0.5625121577888395,-3.001255613022804,3,Sample 2,Cell type 1
1574,-0.0501185776974572,-4.807007801274617,2,Sample 1,Cell type 1
1575,-1.6722423190825255,-5.136206597436725,2,Sample 1,Cell type 1
1576,0.21121606506693602,6.017882800085414,1,Sample 4,Cell type 1
1577,-0.8027511227996028,-5.265081839270279,3,Sample 2,Cell type 1
1578,0.2675508118788172,-3.8175424813148444,2,Sample 1,Cell type 1
1579,1.2027186414137205,5.701889832460537,0,Sample 3,Cell type 1
1580,0.8300319554063194,4.5919868809162026,0,Sample 3,Cell type 1
1581,0.4763927181114059,-5.471915805170313,2,Sample 1,Cell type 1
1582,0.9467949335119423,4.057567306098895,1,Sample 4,Cell type 1
1583,0.865413382138263,3.950224645254875,1,Sample 4,Cell type 1
1584,-0.3277492741035979,5.56985772766413,1,Sample 4,Cell type 1
1585,-1.9027453278986628,-4.84587877388158,3,Sample 2,Cell type 1
1586,0.44150877745772327,-4.455815833265897,2,Sample 1,Cell type 1
1587,0.46165770174443205,4.837563691165606,0,Sample 3,Cell type 1
1588,0.9197376151029977,-4.762738449175756,2,Sample 1,Cell type 1
1589,-0.5492310025230152,-4.06929915586916,3,Sample 2,Cell type 1
1590,-0.050315093519886556,-5.358302115945567,3,Sample 2,Cell type 1
1591,-0.967755794272886,5.479942983996963,0,Sample 3,Cell type 1
1592,1.6890370672796675,-5.688452323051109,3,Sample 2,Cell type 1
1593,-0.08260380811923791,3.6854489510766664,1,Sample 4,Cell type 1
1594,-0.6577763164531452,5.19494976919353,0,Sample 3,Cell type 1
1595,0.06757342911195795,-5.855403595004065,2,Sample 1,Cell type 1
1596,1.6122200883685123,6.032515568738038,1,Sample 4,Cell type 1
1597,-0.7987526823013746,-3.7013946475775565,2,Sample 1,Cell type 1
1598,0.8253230196601401,-6.12713528215242,3,Sample 2,Cell type 1
1599,0.5542860673899493,5.466057055047044,1,Sample 4,Cell type 1
1600,1.6188849753837116,5.0054398756479985,1,Sample 4,Cell type 1
1601,-0.6199702592511879,-3.905524610548081,3,Sample 2,Cell type 1
1602,0.14118734693036225,-4.639019187091121,3,Sample 2,Cell type 1
1603,0.8415580941783349,4.201551498148469,1,Sample 4,Cell type 1
1604,0.1603677051309832,-4.512875714996294,2,Sample 1,Cell type 1
1605,0.10110366363712947,6.551143199246628,0,Sample 3,Cell type 1
1606,0.018104682141495312,-6.1244504430850295,2,Sample 1,Cell type 1
1607,0.884985247087975,-4.839441044568897,3,Sample 2,Cell type 1
1608,0.5163873449128603,6.730603778644368,0,Sample 3,Cell type 1
1609,0.18643436122358714,-5.574451826894611,3,Sample 2,Cell type 1
1610,0.49744796977375716,3.743820224087635,0,Sample 3,Cell type 1
1611,0.016634966140326318,4.417597647016692,0,Sample 3,Cell type 1
1612,1.4986382209740365,5.864038452571719,0,Sample 3,Cell type 1
1613,-0.7187317370786864,5.393535337205204,0,Sample 3,Cell type 1
1614,-0.20715103726271247,-5.150287520806976,3,Sample 2,Cell type 1
1615,0.0585575928013556,4.879805608961392,1,Sample 4,Cell type 1
1616,-1.7219068356873444,5.701164516402349,1,Sample 4,Cell type 1
1617,-0.6190313592828585,4.004276237350866,0,Sample 3,Cell type 1
1618,-1.2927094299283783,-4.760281849730122,2,Sample 1,Cell type 1
1619,-0.7170661268736495,-4.824558130239651,2,Sample 1,Cell type 1
1620,0.8490050068096944,-5.3467116533489225,3,Sample 2,Cell type 1
1621,-1.3348794071025563,5.846982823907103,1,Sample 4,Cell type 1
1622,-0.10013954270653139,-4.322494316892069,2,Sample 1,Cell type 1
1623,0.27503030523990835,4.9610781187436395,1,Sample 4,Cell type 1
1624,-0.8111167618340303,5.0685497291226875,1,Sample 4,Cell type 1
1625,-0.12683015393316538,-5.734415249311172,3,Sample 2,Cell type 1
1626,0.8260369634733259,5.901364109462067,0,Sample 3,Cell type 1
1627,0.22498439377488333,-3.8083204724418804,3,Sample 2,Cell type 1
1628,-0.6100153913172787,-4.170957686342016,2,Sample 1,Cell type 1
1629,0.9384997100693131,5.295713753758475,0,Sample 3,Cell type 1
1630,-0.0989861440798053,5.3662444879406275,1,Sample 4,Cell type 1
1631,-0.7142300123935073,5.410891571384877,1,Sample 4,Cell type 1
1632,-0.2964662099206263,3.9215623104478663,1,Sample 4,Cell type 1
1633,0.34265335390019,5.061725196974173,1,Sample 4,Cell type 1
1634,0.6740111171640035,-4.3960329870864285,3,Sample 2,Cell type 1
1635,0.0794658443433807,5.601109698697432,0,Sample 3,Cell type 1
1636,1.667770336984813,-5.806329356342565,2,Sample 1,Cell type 1
1637,-0.3005069285738722,-6.0438535123463595,3,Sample 2,Cell type 1
1638,1.1963665961943657,-5.2277004034029435,3,Sample 2,Cell type 1
1639,0.9906264571469086,5.017017261388849,0,Sample 3,Cell type 1
1640,0.41547721139293786,6.2261911304020625,0,Sample 3,Cell type 1
1641,0.9602093997910635,4.629470910331681,1,Sample 4,Cell type 1
1642,0.713490417728599,-5.890635867291705,3,Sample 2,Cell type 1
1643,-0.0755669715536022,5.335687977619295,1,Sample 4,Cell type 1
1644,0.3943891668115674,-5.04601420240437,2,Sample 1,Cell type 1
1645,0.10683272382582586,4.8780241308955645,0,Sample 3,Cell type 1
1646,-0.11787218129720499,-4.228859661555543,3,Sample 2,Cell type 1
1647,0.31791761876738744,-5.59796452316657,3,Sample 2,Cell type 1
1648,-0.28987804603688183,-4.406542164487899,3,Sample 2,Cell type 1
1649,0.30594665255402836,-6.049730560956414,3,Sample 2,Cell type 1
1650,0.11949078581695112,5.291312236843729,1,Sample 4,Cell type 1
1651,0.6491172435932737,4.081389368997906,1,Sample 4,Cell type 1
1652,-1.0396649895420782,5.663785934303339,1,Sample 4,Cell type 1
1653,0.08430040491676793,3.9327796040654364,0,Sample 3,Cell type 1
1654,-0.03144583010210495,4.8924025724786135,1,Sample 4,Cell type 1
1655,0.26734113379591795,4.875792760940201,1,Sample 4,Cell type 1
1656,0.5156147933162332,-4.25740344692454,2,Sample 1,Cell type 1
1657,-0.1944489591046932,-4.998169651085197,2,Sample 1,Cell type 1
1658,-0.7048546693290338,4.430223389080759,1,Sample 4,Cell type 1
1659,1.1352284890938111,-4.765318370941613,3,Sample 2,Cell type 1
1660,0.8086717880162508,-2.1767558499436124,3,Sample 2,Cell type 1
1661,-0.03700897381307403,-4.908718806218784,2,Sample 1,Cell type 1
1662,-1.6522422200324884,-3.3026949541358372,3,Sample 2,Cell type 1
1663,-0.7425759738784143,-4.00525737751766,3,Sample 2,Cell type 1
1664,0.0847155624921874,5.467530384377987,1,Sample 4,Cell type 1
1665,-0.5390320845275811,-4.2339702693761865,3,Sample 2,Cell type 1
1666,-0.3144422056491208,5.801305460166848,1,Sample 4,Cell type 1
1667,-0.11230004712426916,5.246090134551357,1,Sample 4,Cell type 1
1668,1.1147636220195452,5.568439281838228,1,Sample 4,Cell type 1
1669,0.22267890771573567,-5.407370690079308,2,Sample 1,Cell type 1
1670,0.1741745608697333,-5.65972027223255,3,Sample 2,Cell type 1
1671,0.03302996446995151,-4.170272881073405,2,Sample 1,Cell type 1
1672,1.5811524676123885,3.748606710631159,1,Sample 4,Cell type 1
1673,-0.5387924993950949,5.223195329779042,0,Sample 3,Cell type 1
1674,0.922118482609354,-5.973923034797561,2,Sample 1,Cell type 1
1675,0.9412266030302123,-5.466977706850081,3,Sample 2,Cell type 1
1676,-0.4441596213545587,6.504925655552472,0,Sample 3,Cell type 1
1677,-0.14088994716789013,-4.933610064949992,2,Sample 1,Cell type 1
1678,0.011203973897104588,-4.548969699994468,3,Sample 2,Cell type 1
1679,0.08641129678360074,-5.725318836123434,3,Sample 2,Cell type 1
1680,-0.2238482739016049,4.2283697640718465,1,Sample 4,Cell type 1
1681,0.17342045101010328,4.122157977893725,1,Sample 4,Cell type 1
1682,-0.1382413899171715,5.61753612386934,1,Sample 4,Cell type 1
1683,-0.48679512298496147,-5.806294330577704,3,Sample 2,Cell type 1
1684,0.11591026647751296,5.019122434627964,1,Sample 4,Cell type 1
1685,-0.06195476858079492,4.0437649891206044,1,Sample 4,Cell type 1
1686,0.7457532514083078,4.810755770224843,1,Sample 4,Cell type 1
1687,0.6897788095095817,-6.132981644634117,2,Sample 1,Cell type 1
1688,0.5910483847100024,5.492293987210442,0,Sample 3,Cell type 1
1689,-0.5586094790011139,-4.90065945220431,3,Sample 2,Cell type 1
1690,0.6286401269206658,5.340366049427971,0,Sample 3,Cell type 1
1691,-0.5429144490352826,-5.254590022194096,2,Sample 1,Cell type 1
1692,-0.0022288885335209905,-5.426472321612667,2,Sample 1,Cell type 1
1693,-0.44042947959326684,4.023430059268673,1,Sample 4,Cell type 1
1694,-0.13464033853731416,-4.520717334509124,3,Sample 2,Cell type 1
1695,-0.9515295142938623,6.314138362604771,1,Sample 4,Cell type 1
1696,-0.1403027647189526,-4.606795482202573,2,Sample 1,Cell type 1
1697,-0.5690425815595835,-4.906300627080119,3,Sample 2,Cell type 1
1698,1.0489298372828932,-4.308744014288843,3,Sample 2,Cell type 1
1699,-0.2616138540878169,4.829234576519649,1,Sample 4,Cell type 1
1700,0.22188676957174072,4.98217681665303,1,Sample 4,Cell type 1
1701,-0.44247185353130586,-4.443308928724972,2,Sample 1,Cell type 1
1702,0.05359257377989754,5.41275137416328,0,Sample 3,Cell type 1
1703,0.4019997569034322,-5.712599090841811,3,Sample 2,Cell type 1
1704,-0.4624907669725147,-5.206406828958087,3,Sample 2,Cell type 1
1705,0.030059887468692488,-5.251752663030474,3,Sample 2,Cell type 1
1706,0.9485633237303976,5.575162648532054,0,Sample 3,Cell type 1
1707,-1.4720621956046023,4.974175511160424,1,Sample 4,Cell type 1
1708,0.44783235834483187,5.864624580443698,0,Sample 3,Cell type 1
1709,0.53638449379297,4.142514213567876,1,Sample 4,Cell type 1
1710,-0.6819094128592829,-4.619707511446392,2,Sample 1,Cell type 1
1711,-0.7595191110655545,7.105905651869913,0,Sample 3,Cell type 1
1712,-0.030107761939878692,5.8826415056132175,0,Sample 3,Cell type 1
1713,0.8992901759888108,5.758021169698287,0,Sample 3,Cell type 1
1714,-0.28995275312250574,4.104264084299085,0,Sample 3,Cell type 1
1715,0.1474472512624828,-5.33602218183533,2,Sample 1,Cell type 1
1716,0.7392216153655209,4.852078290845609,0,Sample 3,Cell type 1
1717,-0.41007103758280705,-4.453430076799145,3,Sample 2,Cell type 1
1718,-0.7148760109752964,-6.3131040924816775,3,Sample 2,Cell type 1
1719,1.3223304409843375,-3.337777931841244,3,Sample 2,Cell type 1
1720,-0.48549214228574034,5.366149268842841,1,Sample 4,Cell type 1
1721,-0.8581944205918453,5.19139749128892,0,Sample 3,Cell type 1
1722,0.15690516721912587,4.2767453682112,1,Sample 4,Cell type 1
1723,-0.25843389501840547,-5.293789600639428,3,Sample 2,Cell type 1
1724,-0.6488006909030759,4.108762839870405,1,Sample 4,Cell type 1
1725,-0.17877278589748172,4.720546563105442,0,Sample 3,Cell type 1
1726,0.4824757479590669,4.3195717770023645,1,Sample 4,Cell type 1
1727,-0.8912650865864701,-5.5047446669902325,3,Sample 2,Cell type 1
1728,1.1609148862360334,5.767416660868165,0,Sample 3,Cell type 1
1729,1.3513511469213433,-3.6640617748762887,2,Sample 1,Cell type 1
1730,-0.49412151634748014,4.74714171517836,1,Sample 4,Cell type 1
1731,0.2020550767972988,6.107625638075125,1,Sample 4,Cell type 1
1732,0.22479349418802613,4.501840384143525,0,Sample 3,Cell type 1
1733,-0.9355845033624134,-5.576776086775917,3,Sample 2,Cell type 1
1734,-0.1911584374931278,4.273949070366721,0,Sample 3,Cell type 1
1735,-0.11076478718701906,4.020561410968507,0,Sample 3,Cell type 1
1736,-0.6180336894737888,-5.046371199734642,3,Sample 2,Cell type 1
1737,0.0962365053695191,5.411551067246999,0,Sample 3,Cell type 1
1738,0.8721467768163574,-5.598476851697318,2,Sample 1,Cell type 1
1739,-0.6851985899273592,5.0781363013986685,1,Sample 4,Cell type 1
1740,-0.7640980634794824,5.338879252474769,0,Sample 3,Cell type 1
1741,-0.7946869596655606,4.187296938408017,1,Sample 4,Cell type 1
1742,0.04669623265431652,-5.483087144989564,2,Sample 1,Cell type 1
1743,1.306745225840877,4.082923685585049,0,Sample 3,Cell type 1
1744,0.5100846497849669,-4.792984155804863,2,Sample 1,Cell type 1
1745,0.9447919242445377,-4.677380349570263,2,Sample 1,Cell type 1
1746,0.560560489696467,-2.7482764444219576,2,Sample 1,Cell type 1
1747,-0.8068437472609665,3.4298994466619366,1,Sample 4,Cell type 1
1748,-0.29776542085684243,5.870998895763349,0,Sample 3,Cell type 1
1749,-0.4014273542492256,3.9020275616927194,1,Sample 4,Cell type 1
1750,0.9762263171341736,-5.861343301976811,2,Sample 1,Cell type 1
1751,0.07293451733315134,-4.369436687362251,3,Sample 2,Cell type 1
1752,0.3649995908228263,-7.43572523139453,3,Sample 2,Cell type 1
1753,-1.1288454648528654,-4.357476205908783,2,Sample 1,Cell type 1
1754,0.43910706825389156,4.796035365157041,1,Sample 4,Cell type 1
1755,-0.7591622622149425,-5.725522299777649,3,Sample 2,Cell type 1
1756,0.06365882795373266,-4.392940467069113,2,Sample 1,Cell type 1
1757,0.22450912359210912,6.406896387356107,1,Sample 4,Cell type 1
1758,-0.6943803380226656,-5.170874593764034,3,Sample 2,Cell type 1
1759,-1.0435756004038825,5.5357380390640305,0,Sample 3,Cell type 1
1760,-0.7984757022152282,-6.403427882257999,3,Sample 2,Cell type 1
1761,0.47315372140148393,-4.455823711618647,2,Sample 1,Cell type 1
1762,-0.18221678329890773,-5.752012745699004,3,Sample 2,Cell type 1
1763,0.3559167160079074,-4.319424484431482,3,Sample 2,Cell type 1
1764,0.9816276776390979,-6.264483152647335,2,Sample 1,Cell type 1
1765,-0.7205371060099841,-5.771360057138596,2,Sample 1,Cell type 1
1766,-0.08865004822327,-5.310594442817231,2,Sample 1,Cell type 1
1767,1.315974170801027,4.800771168354897,0,Sample 3,Cell type 1
1768,0.487620836166881,-6.244298987072994,2,Sample 1,Cell type 1
1769,-0.27774919608980997,-4.383358224009623,2,Sample 1,Cell type 1
1770,0.9528686838187815,-5.654884021328063,2,Sample 1,Cell type 1
1771,-0.16330381509817293,-2.505855096633562,3,Sample 2,Cell type 1
1772,0.05142401527637022,4.137804177656555,0,Sample 3,Cell type 1
1773,1.4773095968381327,4.143932186939078,0,Sample 3,Cell type 1
1774,1.400740753541715,-5.025214810662483,3,Sample 2,Cell type 1
1775,0.6071428718294122,5.224953139175501,0,Sample 3,Cell type 1
1776,-0.0835593748299772,4.864942621447992,0,Sample 3,Cell type 1
1777,-0.15496430384396964,-4.5677696447714435,2,Sample 1,Cell type 1
1778,-0.8778946551768533,3.8184600579744785,1,Sample 4,Cell type 1
1779,-0.9895605687024656,3.9436347095325788,0,Sample 3,Cell type 1
1780,0.6578803767166029,-5.66958428355167,3,Sample 2,Cell type 1
1781,-0.0762728729573461,-3.615742548114265,3,Sample 2,Cell type 1
1782,0.2646810436924622,6.160801150505069,1,Sample 4,Cell type 1
1783,1.227585681435612,-4.1021006250374725,2,Sample 1,Cell type 1
1784,0.814129173474802,5.217196248660518,1,Sample 4,Cell type 1
1785,0.005742773526353554,3.330817873303132,1,Sample 4,Cell type 1
1786,-0.8321549758527184,-3.4438439405784536,2,Sample 1,Cell type 1
1787,0.13143581229645526,-3.243021486277761,2,Sample 1,Cell type 1
1788,0.42482087591536805,-4.880898556865847,2,Sample 1,Cell type 1
1789,-0.5253514765019306,-5.20824723301715,2,Sample 1,Cell type 1
1790,-0.4448949974086245,4.895951765157104,1,Sample 4,Cell type 1
1791,-0.2563080475494355,-6.423519144405777,2,Sample 1,Cell type 1
1792,0.3233702922218657,-4.427301804247232,2,Sample 1,Cell type 1
1793,-0.4444374235894933,5.163511225282382,1,Sample 4,Cell type 1
1794,-1.263549038974079,-5.654313473710804,3,Sample 2,Cell type 1
1795,0.18060921848940353,5.0140906015469255,1,Sample 4,Cell type 1
1796,-0.78772382787781,-5.63401875769217,2,Sample 1,Cell type 1
1797,0.8235659852786859,5.69785230402276,1,Sample 4,Cell type 1
1798,0.8271048439393669,-5.325968085833281,2,Sample 1,Cell type 1
1799,-1.7788593343497574,-5.414455215580046,2,Sample 1,Cell type 1
1800,-0.37340704956115245,-6.1863875455859345,2,Sample 1,Cell type 1
1801,-0.30709979306462626,-4.838175673903025,2,Sample 1,Cell type 1
1802,1.0563312078270675,-5.699548518671935,2,Sample 1,Cell type 1
1803,0.7290901777397774,5.084603033017184,1,Sample 4,Cell type 1
1804,1.3111684220798665,-4.273581869971047,3,Sample 2,Cell type 1
1805,-1.1550838529068335,3.1630552374902097,1,Sample 4,Cell type 1
1806,-0.0735654260834127,-4.987179774163872,2,Sample 1,Cell type 1
1807,0.02265470090436894,5.023804911596597,0,Sample 3,Cell type 1
1808,-1.0920174363413082,-4.438804174460229,2,Sample 1,Cell type 1
1809,1.6745583457679558,-6.209506735650571,2,Sample 1,Cell type 1
1810,-0.4771291263751037,-5.239345417941948,2,Sample 1,Cell type 1
1811,-0.3030078692824747,-3.3338717423121618,2,Sample 1,Cell type 1
1812,0.21391385125752238,5.257358244956811,0,Sample 3,Cell type 1
1813,0.4972575118848407,4.704311731165093,0,Sample 3,Cell type 1
1814,-0.36727224817519344,4.444319704669485,1,Sample 4,Cell type 1
1815,0.5059633733138407,-5.379342540083172,2,Sample 1,Cell type 1
1816,0.39576452302002596,-4.693251974877085,2,Sample 1,Cell type 1
1817,0.3515888384068094,-5.078647877963501,3,Sample 2,Cell type 1
1818,0.787457918781267,4.828808924619593,0,Sample 3,Cell type 1
1819,0.06145751284820429,3.9736062206491445,0,Sample 3,Cell type 1
1820,0.07037883770333517,-5.352219709480643,3,Sample 2,Cell type 1
1821,-0.5049929089925604,-4.520439450942637,3,Sample 2,Cell type 1
1822,-1.82862179559596,-5.626073090038506,3,Sample 2,Cell type 1
1823,-0.015710239141344975,5.441991963533718,0,Sample 3,Cell type 1
1824,-0.3361494536766858,4.7745723129115945,0,Sample 3,Cell type 1
1825,0.1323229282397634,-6.10561405495395,2,Sample 1,Cell type 1
1826,0.060346911121274244,3.718427350482265,0,Sample 3,Cell type 1
1827,-1.0009593093069424,-6.226014621463731,3,Sample 2,Cell type 1
1828,1.7151552714602607,5.507135217854409,0,Sample 3,Cell type 1
1829,1.1145450063479247,-4.328520708614718,2,Sample 1,Cell type 1
1830,-0.3370854462163535,-4.502922608024718,3,Sample 2,Cell type 1
1831,-1.5706313182711795,-4.631340107676908,3,Sample 2,Cell type 1
1832,-1.1163588038040577,-5.566328752539261,2,Sample 1,Cell type 1
1833,0.15289938706911377,-5.919765978317924,3,Sample 2,Cell type 1
1834,-0.07608931816061282,-5.26643009524301,3,Sample 2,Cell type 1
1835,-0.23961203003798204,-5.988562417639527,3,Sample 2,Cell type 1
1836,0.9511306971797144,5.566643077760851,0,Sample 3,Cell type 1
1837,-1.4708148986176566,-4.281506140702122,3,Sample 2,Cell type 1
1838,-0.4562512542291729,-5.943286571490279,2,Sample 1,Cell type 1
1839,0.9947246377497296,-4.017575832313492,2,Sample 1,Cell type 1
1840,-0.343707982822007,-6.040887413113076,3,Sample 2,Cell type 1
1841,-0.7733615125621278,-5.636851310176507,2,Sample 1,Cell type 1
1842,1.1255477967134007,-5.387294795667854,2,Sample 1,Cell type 1
1843,-1.2942404910522698,-4.695377542907958,2,Sample 1,Cell type 1
1844,1.2731202942102433,-4.298628650891107,3,Sample 2,Cell type 1
1845,0.2585483859665647,-3.9729465121171508,2,Sample 1,Cell type 1
1846,1.3996671233643365,6.10516326295239,1,Sample 4,Cell type 1
1847,-0.6417595264281434,-5.917727608809369,3,Sample 2,Cell type 1
1848,-0.5338667049731843,-6.793532747607131,3,Sample 2,Cell type 1
1849,-0.5411138416474158,6.440752346328653,0,Sample 3,Cell type 1
1850,-0.6883306922271619,4.69235556461614,0,Sample 3,Cell type 1
1851,0.6977224845472441,-4.740770845834773,3,Sample 2,Cell type 1
1852,-0.06325387349164503,-5.4632992877085975,2,Sample 1,Cell type 1
1853,0.6182782708349785,-4.373472089778391,3,Sample 2,Cell type 1
1854,1.2040496308866642,-5.864002086705706,3,Sample 2,Cell type 1
1855,-0.8358473552168268,3.4269147284991988,0,Sample 3,Cell type 1
1856,0.05604173049054511,5.929502642086552,0,Sample 3,Cell type 1
1857,-2.363399152993625,-5.513381714921703,3,Sample 2,Cell type 1
1858,-1.5338791088082393,-6.176901124298815,3,Sample 2,Cell type 1
1859,1.337078060349981,-5.721100543917739,2,Sample 1,Cell type 1
1860,-0.7933573307522485,-5.506304219907833,2,Sample 1,Cell type 1
1861,1.4791648759562763,5.901252023638206,0,Sample 3,Cell type 1
1862,-1.2142989973446476,4.714376639354713,1,Sample 4,Cell type 1
1863,-0.5724103883881829,-4.102800630520058,3,Sample 2,Cell type 1
1864,1.6452348518636333,4.095289251739267,1,Sample 4,Cell type 1
1865,0.5851042020599939,5.472337649001171,1,Sample 4,Cell type 1
1866,-1.305611908021134,-5.723958266350453,2,Sample 1,Cell type 1
1867,0.9770359565481185,-4.892833295535811,3,Sample 2,Cell type 1
1868,-0.9556183518128281,-4.771357370564214,2,Sample 1,Cell type 1
1869,0.5330500007273695,5.370073034283161,1,Sample 4,Cell type 1
1870,0.8387199102508328,-5.064853684348334,3,Sample 2,Cell type 1
1871,1.3119716234971144,5.593701992857514,0,Sample 3,Cell type 1
1872,-0.6400308515181172,4.949180340307716,1,Sample 4,Cell type 1
1873,0.19344165724459886,-4.758874344175106,3,Sample 2,Cell type 1
1874,-0.15753744639751166,-5.371664862492494,2,Sample 1,Cell type 1
1875,-0.2049438019963041,4.806802043303377,1,Sample 4,Cell type 1
1876,0.019375565338206457,6.129776444332343,0,Sample 3,Cell type 1
1877,0.9956521282842046,-3.2148008711778013,2,Sample 1,Cell type 1
1878,0.4066149117396717,8.140990165149061,1,Sample 4,Cell type 1
1879,-1.3461269552981487,4.180777127290896,1,Sample 4,Cell type 1
1880,-1.493231961088493,5.8060109518695375,1,Sample 4,Cell type 1
1881,0.5062254928850279,6.816554286243517,0,Sample 3,Cell type 1
1882,-0.5211344028915587,4.612891332756543,0,Sample 3,Cell type 1
1883,0.46948567504021627,6.752364500647983,0,Sample 3,Cell type 1
1884,0.0225449258953026,4.992704802684637,0,Sample 3,Cell type 1
1885,-1.1902893627924984,-5.900148881384929,3,Sample 2,Cell type 1
1886,1.391081081482665,4.743005787105671,1,Sample 4,Cell type 1
1887,-0.274039360686212,5.1363710167972565,1,Sample 4,Cell type 1
1888,0.3789056614491636,4.258895096014769,1,Sample 4,Cell type 1
1889,0.12801458068223015,5.401426188934036,1,Sample 4,Cell type 1
1890,-0.07083537166641017,-5.363113132922503,3,Sample 2,Cell type 1
1891,0.30508226766422797,-3.9075788299789873,3,Sample 2,Cell type 1
1892,0.40809948900005993,-5.519491855691105,2,Sample 1,Cell type 1
1893,1.1356824036109099,4.519661147409036,1,Sample 4,Cell type 1
1894,0.4274919189091067,-4.9271251149952695,2,Sample 1,Cell type 1
1895,-1.6991942545005085,-4.6691069939426555,3,Sample 2,Cell type 1
1896,-0.10744699317643824,5.648646618527826,0,Sample 3,Cell type 1
1897,0.05772258945740906,-4.40941021534707,3,Sample 2,Cell type 1
1898,-0.15488760882840646,-4.404330881221496,3,Sample 2,Cell type 1
1899,0.8967736188915021,-4.355540237755061,3,Sample 2,Cell type 1
1900,-1.3115873300203473,4.686023115151301,1,Sample 4,Cell type 1
1901,-0.2545268012943431,-4.519413587883527,3,Sample 2,Cell type 1
1902,-0.6567031379277495,-5.341443355948206,3,Sample 2,Cell type 1
1903,1.0513812605628634,-4.429386999362766,3,Sample 2,Cell type 1
1904,-0.05947626380681941,-5.147641153748756,3,Sample 2,Cell type 1
1905,0.36012450715731814,-5.083486759550469,3,Sample 2,Cell type 1
1906,1.2718711825445472,5.459256976715201,1,Sample 4,Cell type 1
1907,-1.2687866497903668,3.496060491888764,1,Sample 4,Cell type 1
1908,0.0363931810646016,-4.553330861430636,2,Sample 1,Cell type 1
1909,0.5466631942488556,4.83254894433651,1,Sample 4,Cell type 1
1910,-0.6297392559895971,-4.837312432000986,3,Sample 2,Cell type 1
1911,1.2409215804180185,5.092539707434287,0,Sample 3,Cell type 1
1912,0.4306368632397064,5.858005869847842,0,Sample 3,Cell type 1
1913,-0.3059619181354322,-6.580770639913296,2,Sample 1,Cell type 1
1914,0.39857739879742815,5.912119230817013,1,Sample 4,Cell type 1
1915,0.8719239672726643,-5.456947179267349,3,Sample 2,Cell type 1
1916,-0.6688497216800198,-3.860403343002442,2,Sample 1,Cell type 1
1917,0.8241997551756536,-5.304029477031483,3,Sample 2,Cell type 1
1918,-0.14664056762095784,-5.015835475616567,2,Sample 1,Cell type 1
1919,1.0510257412574462,-5.012377312581392,3,Sample 2,Cell type 1
1920,0.5490828440116265,-5.671114139220589,2,Sample 1,Cell type 1
1921,-0.12810623645331232,5.537072061160373,0,Sample 3,Cell type 1
1922,0.20298983741986654,-6.434461118329912,3,Sample 2,Cell type 1
1923,1.182315235793213,4.585383825381082,0,Sample 3,Cell type 1
1924,0.4104846385408662,4.792362657932866,0,Sample 3,Cell type 1
1925,-0.21589994823469702,4.216989027374154,0,Sample 3,Cell type 1
1926,0.5570582896642587,-4.776960150091631,2,Sample 1,Cell type 1
1927,-0.1931444517799945,-3.826573954480819,3,Sample 2,Cell type 1
1928,-0.025151336299821136,4.321257092647349,1,Sample 4,Cell type 1
1929,-0.7483509616356763,5.868785692940026,0,Sample 3,Cell type 1
1930,0.7465024578728555,4.821823439378714,1,Sample 4,Cell type 1
1931,0.30725235915144583,4.9738442015247255,0,Sample 3,Cell type 1
1932,-0.5672167661043924,6.562607310021255,1,Sample 4,Cell type 1
1933,-0.695429589590915,-5.008693709627978,2,Sample 1,Cell type 1
1934,0.628148065848301,-6.422144769896161,3,Sample 2,Cell type 1
1935,-0.8506835998642549,-4.182700188480041,3,Sample 2,Cell type 1
1936,0.4866137330753515,-3.9232519937293477,3,Sample 2,Cell type 1
1937,-0.5634749524342074,3.873230962909152,0,Sample 3,Cell type 1
1938,0.5505642451623062,-5.354885464165909,3,Sample 2,Cell type 1
1939,0.507777174849416,5.8877598735649785,0,Sample 3,Cell type 1
1940,0.8806571187380842,5.849096771898507,1,Sample 4,Cell type 1
1941,0.7722613337289013,-4.436531032116737,3,Sample 2,Cell type 1
1942,-0.6876908111027633,-5.712455048472812,3,Sample 2,Cell type 1
1943,-0.028660831287961232,6.251714924651205,0,Sample 3,Cell type 1
1944,0.3952241490261911,5.208539012659125,0,Sample 3,Cell type 1
1945,1.2503110148065584,4.780805534536556,1,Sample 4,Cell type 1
1946,1.2909690152469178,5.362827441211184,0,Sample 3,Cell type 1
1947,0.027266774607380858,4.384021415153087,0,Sample 3,Cell type 1
1948,-1.9393922082183535,5.70723631708884,0,Sample 3,Cell type 1
1949,-0.5172583073940212,4.134761597108484,0,Sample 3,Cell type 1
1950,-0.4852027105725918,5.364723356136562,1,Sample 4,Cell type 1
1951,-0.2806795440611797,-6.774678208040865,2,Sample 1,Cell type 1
1952,0.13316176657044487,5.393961011206519,0,Sample 3,Cell type 1
1953,-0.6451015432944399,-4.939444047995925,2,Sample 1,Cell type 1
1954,-1.404350317848568,-5.556119486461498,3,Sample 2,Cell type 1
1955,-1.1609405520412472,4.990328841723156,1,Sample 4,Cell type 1
1956,-0.0032582696971480206,-5.033007722120049,3,Sample 2,Cell type 1
1957,0.5212175930716046,4.089851463660146,1,Sample 4,Cell type 1
1958,-0.05382197193082763,-5.85972883154629,3,Sample 2,Cell type 1
1959,-0.3546107718543223,-5.2308600937232805,3,Sample 2,Cell type 1
1960,1.5700697524246359,5.002956537478278,1,Sample 4,Cell type 1
1961,-0.20205452111452826,4.00177345442812,0,Sample 3,Cell type 1
1962,0.2658512095836733,4.401210770754757,0,Sample 3,Cell type 1
1963,0.11443901590316188,5.679689590812971,1,Sample 4,Cell type 1
1964,0.22869231257992398,5.26756543198962,0,Sample 3,Cell type 1
1965,-1.0115987255639725,3.5655148379723385,1,Sample 4,Cell type 1
1966,0.3453053037100779,-4.408259625505733,2,Sample 1,Cell type 1
1967,0.7723179876729366,5.988904577444974,1,Sample 4,Cell type 1
1968,-0.17677133906373116,5.021508671195624,0,Sample 3,Cell type 1
1969,1.0489339982420995,-5.179455176702484,2,Sample 1,Cell type 1
1970,0.8686290599514778,5.078386522776716,0,Sample 3,Cell type 1
1971,-0.21511095244386447,4.114779273006664,0,Sample 3,Cell type 1
1972,0.06888869460718232,-5.597538628056134,2,Sample 1,Cell type 1
1973,-0.10283703460156549,-5.521340097725132,2,Sample 1,Cell type 1
1974,0.22128061240894456,-4.043615479339617,2,Sample 1,Cell type 1
1975,0.2060403125782115,4.940443267387066,0,Sample 3,Cell type 1
1976,-1.0708846397785992,5.554334898425289,1,Sample 4,Cell type 1
1977,-0.36851101676783005,5.845697780975133,0,Sample 3,Cell type 1
1978,-0.402855695126174,-5.120491211703946,2,Sample 1,Cell type 1
1979,-0.012978494076752993,-4.074532975170409,3,Sample 2,Cell type 1
1980,0.11754823870935023,-5.417705256015994,2,Sample 1,Cell type 1
1981,-1.3004352268496489,-7.005257256429374,2,Sample 1,Cell type 1
1982,0.24453245491407674,-5.5850036550503654,3,Sample 2,Cell type 1
1983,0.09346413933774704,-6.028472800604822,3,Sample 2,Cell type 1
1984,-0.0661445486741594,4.9026019932933735,0,Sample 3,Cell type 1
1985,0.5423406970714153,4.609670873483438,0,Sample 3,Cell type 1
1986,0.957305189316521,4.512173676544494,0,Sample 3,Cell type 1
1987,1.4853179492495638,-5.38541277687478,2,Sample 1,Cell type 1
1988,0.7040527703658739,-6.147044659142732,3,Sample 2,Cell type 1
1989,-0.7400676963829081,-5.360161513332675,3,Sample 2,Cell type 1
1990,-1.111657973410877,3.6836810024344864,0,Sample 3,Cell type 1
1991,-0.2678423899556015,-6.43513689055357,2,Sample 1,Cell type 1
1992,-1.553254240496177,-6.907924407160466,3,Sample 2,Cell type 1
1993,0.9818190576650102,-5.968128402384708,3,Sample 2,Cell type 1
1994,0.5303050149339302,5.93877908598826,0,Sample 3,Cell type 1
1995,-0.8467525069133223,-6.998448813994352,2,Sample 1,Cell type 1
1996,-0.537988476805069,-4.8213833312637915,2,Sample 1,Cell type 1
1997,-0.31991999208745325,-5.596134216253881,2,Sample 1,Cell type 1
1998,1.5624857586180594,-4.450434694321058,3,Sample 2,Cell type 1
1999,-1.0306460939708302,5.2341723857134825,1,Sample 4,Cell type 1
2000,-0.5099097018452142,5.951213224886041,0,Sample 3,Cell type 1
2001,-0.4495440910863411,-6.143123685209382,3,Sample 2,Cell type 1
2002,1.157555317109584,-5.528667388648117,3,Sample 2,Cell type 1
2003,-1.2571359986706403,-5.74589699454559,3,Sample 2,Cell type 1
2004,0.14481724696296558,3.9625344416353228,0,Sample 3,Cell type 1
2005,-1.2569218808943066,-4.1347887309602065,2,Sample 1,Cell type 1
2006,0.14295577344838048,5.98337182743764,1,Sample 4,Cell type 1
2007,-0.6545765465867781,6.673909820548368,0,Sample 3,Cell type 1
2008,0.3658594248694124,-3.3214228203626024,2,Sample 1,Cell type 1
2009,0.166706246358042,3.3666121052605673,0,Sample 3,Cell type 1
2010,-0.1991789242245402,-4.748696402839467,3,Sample 2,Cell type 1
2011,-0.9144154496589829,5.656126549404387,1,Sample 4,Cell type 1
2012,1.2607006476015756,-5.038239400307832,3,Sample 2,Cell type 1
2013,-0.4242060946979527,4.365701734190124,0,Sample 3,Cell type 1
2014,-0.44703665510796586,-5.249657545642187,3,Sample 2,Cell type 1
2015,-0.3775454926315468,5.871160477573893,0,Sample 3,Cell type 1
2016,-0.03957096772194636,5.539855593733283,0,Sample 3,Cell type 1
2017,-0.3199192497049097,5.2154358020645875,1,Sample 4,Cell type 1
2018,-1.4966335368206847,4.7187892127669535,0,Sample 3,Cell type 1
2019,1.8171597963382369,4.676482061452831,1,Sample 4,Cell type 1
2020,-0.6577324853515255,-6.030084226922449,3,Sample 2,Cell type 1
2021,0.40073386326868604,-5.78585941782142,3,Sample 2,Cell type 1
2022,0.681272836714558,-5.727744351449981,3,Sample 2,Cell type 1
2023,-0.6866862241449709,5.560247903527193,0,Sample 3,Cell type 1
2024,-1.9031968326025794,-4.463960262547581,3,Sample 2,Cell type 1
2025,-0.09050244201259233,3.9606269092433406,1,Sample 4,Cell type 1
2026,0.7755657604213895,5.341755489497348,0,Sample 3,Cell type 1
2027,0.047946104213062606,5.221901550366553,1,Sample 4,Cell type 1
2028,0.766708655873634,5.041328781480864,1,Sample 4,Cell type 1
2029,-0.24716801167832592,-6.683666239012266,3,Sample 2,Cell type 1
2030,0.18024633763275327,4.704378456933313,1,Sample 4,Cell type 1
2031,0.6600786117341078,4.3062958274312795,1,Sample 4,Cell type 1
2032,0.45899553680353056,3.978956466769331,1,Sample 4,Cell type 1
2033,0.03177105737570775,-6.1383015262492435,3,Sample 2,Cell type 1
2034,-1.3684826835492114,-5.314472160561169,3,Sample 2,Cell type 1
2035,-0.06994826302174487,5.438655702043599,1,Sample 4,Cell type 1
2036,0.25662858074614714,5.155241554884699,1,Sample 4,Cell type 1
2037,-0.3874066815446642,-5.036743062992128,3,Sample 2,Cell type 1
2038,-1.10209400060339,4.548180796663246,1,Sample 4,Cell type 1
2039,2.023942199401562,-5.794874403145158,3,Sample 2,Cell type 1
2040,0.7802499667823831,5.412502470755165,1,Sample 4,Cell type 1
2041,0.7585143603776396,-5.244763545225274,3,Sample 2,Cell type 1
2042,0.01960813940715417,5.39839863299636,0,Sample 3,Cell type 1
2043,-0.4352912016913541,4.8697656751421645,1,Sample 4,Cell type 1
2044,-0.3501898579234597,-4.854408093901762,3,Sample 2,Cell type 1
2045,-0.026501578299037678,6.43564629081423,0,Sample 3,Cell type 1
2046,0.3307479225789607,6.501436650046453,0,Sample 3,Cell type 1
2047,0.11474125348599458,-4.302780491129653,3,Sample 2,Cell type 1
2048,0.5475603821091423,-5.336959053290331,3,Sample 2,Cell type 1
2049,-0.16201938165186403,4.577362362669617,1,Sample 4,Cell type 1
2050,0.5482320677687743,-3.878392539264702,3,Sample 2,Cell type 1
2051,-0.19774190601647756,4.454412601601761,0,Sample 3,Cell type 1
2052,-1.4430003872739972,-4.734823282935284,3,Sample 2,Cell type 1
2053,0.27008212966016176,4.670498427102026,0,Sample 3,Cell type 1
2054,-1.1684007195347903,-4.046991454694534,3,Sample 2,Cell type 1
2055,0.07759677199417456,5.4761256203495305,0,Sample 3,Cell type 1
2056,-0.2528663688983787,-4.748529053494855,3,Sample 2,Cell type 1
2057,0.4546187017222274,-4.13089543103533,3,Sample 2,Cell type 1
2058,-0.07138732337715914,4.969943484016415,1,Sample 4,Cell type 1
2059,0.36621829292150865,6.33959394667803,1,Sample 4,Cell type 1
2060,-0.6723943884053531,-4.450209239683769,3,Sample 2,Cell type 1
2061,0.6480217908048932,-5.579888867040042,3,Sample 2,Cell type 1
2062,1.4025558416524684,-5.29212209055857,3,Sample 2,Cell type 1
2063,0.11641695821459264,4.508701947993347,1,Sample 4,Cell type 1
2064,0.2883147160144641,-4.596569717292582,2,Sample 1,Cell type 1
2065,-1.0855484557596602,-4.821477556201843,2,Sample 1,Cell type 1
2066,-0.42319873136250163,-5.86058931875329,3,Sample 2,Cell type 1
2067,-1.1972234040720633,4.4799808524744815,1,Sample 4,Cell type 1
2068,-1.6539536800319015,4.928703968389769,0,Sample 3,Cell type 1
2069,0.23271764607200474,-6.5964254243613905,2,Sample 1,Cell type 1
2070,-0.9415696902159745,-3.5435648736465475,2,Sample 1,Cell type 1
2071,0.2861290933048715,-4.9483952217099425,3,Sample 2,Cell type 1
2072,-0.2948954926285597,-4.35436286671465,3,Sample 2,Cell type 1
2073,-1.1509760808454956,-5.180210113993083,3,Sample 2,Cell type 1
2074,0.24614132272089106,-5.87641551107645,2,Sample 1,Cell type 1
2075,-0.34265460623820454,-5.008372103242183,3,Sample 2,Cell type 1
2076,-0.3431845738979358,-4.228184084558043,3,Sample 2,Cell type 1
2077,0.5848005014283851,-4.569252034226838,2,Sample 1,Cell type 1
2078,1.2524192233874725,4.94739979114161,0,Sample 3,Cell type 1
2079,-0.17414496258177625,5.879021481589752,0,Sample 3,Cell type 1
2080,1.3337792892409097,6.218590897369807,1,Sample 4,Cell type 1
2081,0.9278719731106755,-5.404772959190284,2,Sample 1,Cell type 1
2082,0.3785163626142296,-5.562329150431654,3,Sample 2,Cell type 1
2083,1.496772140297426,5.311691341896723,1,Sample 4,Cell type 1
2084,-0.09184179900725094,-4.546582619052656,2,Sample 1,Cell type 1
2085,0.1870784206316787,-4.171645266866444,2,Sample 1,Cell type 1
2086,0.5962885792623006,-4.925181202849112,3,Sample 2,Cell type 1
2087,0.4444835728027588,5.071664545004199,0,Sample 3,Cell type 1
2088,0.03645747192305103,4.478719721915346,0,Sample 3,Cell type 1
2089,-1.1408144936963616,-4.6849014254682055,3,Sample 2,Cell type 1
2090,-1.420988186318656,5.326922249184537,1,Sample 4,Cell type 1
2091,0.7352611863902149,4.767780364649079,0,Sample 3,Cell type 1
2092,-0.5194984306571409,6.0570432258184095,1,Sample 4,Cell type 1
2093,1.736754173998251,4.85929135005413,0,Sample 3,Cell type 1
2094,-0.9567064496281475,5.355682134576113,0,Sample 3,Cell type 1
2095,-0.6461204461974119,-5.313255981884831,3,Sample 2,Cell type 1
2096,-1.2261604479119448,4.842975478889651,1,Sample 4,Cell type 1
2097,0.3854928493747932,5.437811837902373,1,Sample 4,Cell type 1
2098,0.08564596239383741,-5.276117504910422,2,Sample 1,Cell type 1
2099,-0.7229614885841026,5.259487425377283,0,Sample 3,Cell type 1
2100,-0.3975456200943826,4.853944820496367,1,Sample 4,Cell type 1
2101,-0.4592805402268787,-4.570868880086925,2,Sample 1,Cell type 1
2102,-0.7651491014544071,5.377925022304302,1,Sample 4,Cell type 1
2103,2.594474375675787,6.846333000492889,1,Sample 4,Cell type 1
2104,0.8856645354295782,4.903695068837122,0,Sample 3,Cell type 1
2105,0.46116107609793816,-6.2068447745702855,3,Sample 2,Cell type 1
2106,-0.7618531045910376,4.458403889233175,1,Sample 4,Cell type 1
2107,-0.2058400004942317,-4.134310149605487,2,Sample 1,Cell type 1
2108,1.0359884678535647,-4.564623718127723,2,Sample 1,Cell type 1
2109,-0.05449874013436248,-4.70882349531781,2,Sample 1,Cell type 1
2110,-1.7964687180521304,-4.843677422973344,3,Sample 2,Cell type 1
2111,0.6585364671695317,5.0586543737507235,0,Sample 3,Cell type 1
2112,1.1057271928300219,5.518967910071714,0,Sample 3,Cell type 1
2113,-0.9965739011571076,5.043947288799879,1,Sample 4,Cell type 1
2114,-0.36290911007334625,-3.6190187634914937,2,Sample 1,Cell type 1
2115,1.3411144217665625,4.243594496045815,1,Sample 4,Cell type 1
2116,0.14016913512680965,7.388207202082729,1,Sample 4,Cell type 1
2117,0.19260254359085463,7.081346491344316,0,Sample 3,Cell type 1
2118,0.8327633390382316,-6.012206727268172,3,Sample 2,Cell type 1
2119,-0.1805251045698013,-3.8887805096297905,2,Sample 1,Cell type 1
2120,0.29382985072107254,6.470546941436098,0,Sample 3,Cell type 1
2121,-0.058286151072844065,-3.4885769635968034,3,Sample 2,Cell type 1
2122,0.44666153001737796,5.060804313129929,0,Sample 3,Cell type 1
2123,-0.9553493211294755,-5.810115553154471,3,Sample 2,Cell type 1
2124,-0.5300990071566773,5.456478934874528,0,Sample 3,Cell type 1
2125,1.9566015836934612,5.103376945580182,0,Sample 3,Cell type 1
2126,0.6262989879588581,4.655099544339921,1,Sample 4,Cell type 1
2127,0.01846452716033654,-4.500077124276766,3,Sample 2,Cell type 1
2128,-0.8473693666983216,-5.400208813269341,3,Sample 2,Cell type 1
2129,0.5004064134648286,5.7081851863911925,1,Sample 4,Cell type 1
2130,0.13669235050235348,4.852813330917857,0,Sample 3,Cell type 1
2131,0.9275048346404177,-4.221518751187943,2,Sample 1,Cell type 1
2132,0.7506270447807982,4.587164217426101,0,Sample 3,Cell type 1
2133,1.2214501308618122,-3.477953435816352,3,Sample 2,Cell type 1
2134,1.303713704890239,-5.29814046716158,2,Sample 1,Cell type 1
2135,1.0262359750711842,-4.937594065216914,3,Sample 2,Cell type 1
2136,-0.47391513939109536,4.308807384256147,0,Sample 3,Cell type 1
2137,-0.01938626709575372,-4.038039001613543,2,Sample 1,Cell type 1
2138,0.112786159689648,6.270901542434877,1,Sample 4,Cell type 1
2139,-1.6616958830190993,-5.188219127977951,3,Sample 2,Cell type 1
2140,-0.01784022697444244,-5.551108434060325,2,Sample 1,Cell type 1
2141,-0.6399524053615474,3.4735982903013536,1,Sample 4,Cell type 1
2142,-1.0659586783156527,-4.063065893835082,3,Sample 2,Cell type 1
2143,0.08576636963210693,-5.255077084395785,2,Sample 1,Cell type 1
2144,-0.3953520184535302,-4.772924346157811,3,Sample 2,Cell type 1
2145,-1.1182443827394377,-4.037938795819818,2,Sample 1,Cell type 1
2146,0.10988198352562882,-2.665461155951926,2,Sample 1,Cell type 1
2147,0.6642686532353965,4.315132939272906,0,Sample 3,Cell type 1
2148,1.6706997638245822,4.888328297475861,0,Sample 3,Cell type 1
2149,-0.4605102609902192,5.0976078517162895,0,Sample 3,Cell type 1
2150,-0.10610699710605885,4.220376556263487,0,Sample 3,Cell type 1
2151,0.5492541974025409,-4.407140975454171,3,Sample 2,Cell type 1
2152,0.08573593220767697,-5.862810193091677,2,Sample 1,Cell type 1
2153,1.0772573300882369,-3.8450637446670095,3,Sample 2,Cell type 1
2154,0.6502896950711681,5.503703073538889,0,Sample 3,Cell type 1
2155,1.5202147394487717,-4.181554755798208,2,Sample 1,Cell type 1
2156,-0.677434974454724,3.7881222202513083,0,Sample 3,Cell type 1
2157,-1.3513464303738094,4.622989007437984,1,Sample 4,Cell type 1
2158,1.0203125903992118,4.878628453138217,1,Sample 4,Cell type 1
2159,-0.6765384835952903,-5.011279172725337,2,Sample 1,Cell type 1
2160,0.17783188464068325,6.023092650650715,1,Sample 4,Cell type 1
2161,0.1284591848398917,5.0024368161227315,0,Sample 3,Cell type 1
2162,0.11270899752896316,3.5852485075497187,0,Sample 3,Cell type 1
2163,0.05762948902699581,4.830232824079078,1,Sample 4,Cell type 1
2164,0.39737132240898615,4.889388559063052,0,Sample 3,Cell type 1
2165,0.7189353282713394,-4.9698427415008615,2,Sample 1,Cell type 1
2166,0.44004167921964155,4.225324436109092,0,Sample 3,Cell type 1
2167,-1.3554047167960623,-4.194714767173897,3,Sample 2,Cell type 1
2168,0.9558102895015502,5.715717750059098,1,Sample 4,Cell type 1
2169,0.857212748464831,-6.20522722415232,3,Sample 2,Cell type 1
2170,1.2753423649632099,-4.91716947684066,3,Sample 2,Cell type 1
2171,0.10349440536305482,-6.904591284418798,3,Sample 2,Cell type 1
2172,0.6965973156707226,-4.240949522822704,2,Sample 1,Cell type 1
2173,1.0272766351584939,-6.941113656428167,2,Sample 1,Cell type 1
2174,1.1758274070299966,-5.497816178315197,3,Sample 2,Cell type 1
2175,-0.6539265075314719,-4.74296682339409,2,Sample 1,Cell type 1
2176,-0.5791922653940873,4.843687719058381,1,Sample 4,Cell type 1
2177,-0.5256281896138592,-4.204353411406703,3,Sample 2,Cell type 1
2178,1.3147025246436272,5.288518313148636,1,Sample 4,Cell type 1
2179,-0.01951885378892532,-6.137783719604966,3,Sample 2,Cell type 1
2180,-0.8210953661327137,5.98400045817532,1,Sample 4,Cell type 1
2181,-1.2430070128128516,5.654311726420023,1,Sample 4,Cell type 1
2182,-2.2190519519471334,-5.143695777124506,3,Sample 2,Cell type 1
2183,-1.6547005723448258,-4.928483776854709,3,Sample 2,Cell type 1
2184,-0.3390077456181626,-5.362731286707083,2,Sample 1,Cell type 1
2185,-1.5298039803358217,4.945092763131625,1,Sample 4,Cell type 1
2186,-0.8932195519589273,5.988649296005551,1,Sample 4,Cell type 1
2187,-1.2933706999584116,-5.183505865484374,2,Sample 1,Cell type 1
2188,0.18515673802045785,5.5171916301806165,1,Sample 4,Cell type 1
2189,-0.22076116135691054,-5.289379068874709,3,Sample 2,Cell type 1
2190,0.5999201915389685,-4.776585729426779,2,Sample 1,Cell type 1
2191,-0.6596896078120176,-5.847040118598256,3,Sample 2,Cell type 1
2192,0.009778838732135572,-5.957332473827517,3,Sample 2,Cell type 1
2193,0.9084961177463553,4.114965190070692,1,Sample 4,Cell type 1
2194,-0.5194220360528057,4.020847786590195,0,Sample 3,Cell type 1
2195,-0.3388788653825417,-6.092493923352119,2,Sample 1,Cell type 1
2196,-0.9549094654051841,5.735323338888001,0,Sample 3,Cell type 1
2197,0.20620203211420055,4.006591539614701,1,Sample 4,Cell type 1
2198,-0.27180720611801906,-4.814714020665527,2,Sample 1,Cell type 1
2199,0.4671425482607712,4.712566327370352,0,Sample 3,Cell type 1
2200,-0.24622258796240068,5.175320262131152,0,Sample 3,Cell type 1
2201,0.5717965199111561,-5.18697924628138,3,Sample 2,Cell type 1
2202,1.004322887567917,-4.243304285052684,2,Sample 1,Cell type 1
2203,0.14391532092278278,6.113601829075679,0,Sample 3,Cell type 1
2204,-2.3435589520018145,6.64237761960133,1,Sample 4,Cell type 1
2205,0.9564251104693675,-6.215175824650652,2,Sample 1,Cell type 1
2206,-0.895636902706535,4.685176115224217,1,Sample 4,Cell type 1
2207,-1.196433229198563,-5.009838759446446,3,Sample 2,Cell type 1
2208,0.3705650336792985,3.9062897548318034,1,Sample 4,Cell type 1
2209,0.21228987951970277,4.533793073910735,1,Sample 4,Cell type 1
2210,-0.9916498288641917,-6.202296486945912,2,Sample 1,Cell type 1
2211,-0.7826463598579984,-3.5612159302895057,3,Sample 2,Cell type 1
2212,-0.1991713187832588,5.777256760763485,0,Sample 3,Cell type 1
2213,0.3407097649544286,5.015318221932602,1,Sample 4,Cell type 1
2214,-0.3638357739021543,-5.831845224821508,2,Sample 1,Cell type 1
2215,-0.6327054333556523,-4.972793523017483,2,Sample 1,Cell type 1
2216,-1.4750348667845967,4.287745721584103,1,Sample 4,Cell type 1
2217,-0.02620261617279871,4.565260183092988,0,Sample 3,Cell type 1
2218,0.05469725277412701,-6.397173380463227,2,Sample 1,Cell type 1
2219,-0.1811831135212214,5.293892405452943,0,Sample 3,Cell type 1
2220,0.8810641319116403,-4.426927935567671,3,Sample 2,Cell type 1
2221,1.3080531156220156,-3.950645240581871,2,Sample 1,Cell type 1
2222,0.6580359296825513,4.023325080023183,0,Sample 3,Cell type 1
2223,-0.5051220444532466,-4.957978905427747,3,Sample 2,Cell type 1
2224,-0.1816848062247408,-5.113406043222031,2,Sample 1,Cell type 1
2225,-0.8010517233583736,-5.737751124345302,3,Sample 2,Cell type 1
2226,1.338691156922019,-5.471561919950974,2,Sample 1,Cell type 1
2227,-1.4649159026706802,4.0172449349873895,1,Sample 4,Cell type 1
2228,0.03525005392527949,-6.468615004941672,3,Sample 2,Cell type 1
2229,0.8726893364829584,4.629648390379794,1,Sample 4,Cell type 1
2230,0.1235949324762009,-5.269242071902538,2,Sample 1,Cell type 1
2231,-0.609459737327079,-4.8317063091672905,3,Sample 2,Cell type 1
2232,-0.09412394528173126,-4.987977799770323,3,Sample 2,Cell type 1
2233,-0.11590284955830948,-4.96556730331969,2,Sample 1,Cell type 1
2234,-0.8737132747429865,-5.202940862033905,2,Sample 1,Cell type 1
2235,-0.12627000787220796,-4.753366349088943,3,Sample 2,Cell type 1
2236,0.5926594763361007,4.589429146822732,1,Sample 4,Cell type 1
2237,-0.08986243975266386,4.823224320373422,0,Sample 3,Cell type 1
2238,1.3114052133934018,-6.538217417649869,3,Sample 2,Cell type 1
2239,-0.9495947106445958,-4.153748655343363,2,Sample 1,Cell type 1
2240,0.16848067143811343,-5.3907808640882875,2,Sample 1,Cell type 1
2241,0.8831468373615258,-5.205024659401258,2,Sample 1,Cell type 1
2242,-0.38976233695594176,4.718462945746793,1,Sample 4,Cell type 1
2243,0.06367828990082912,5.443246216892725,1,Sample 4,Cell type 1
2244,0.030033473189457163,-4.126555728740284,2,Sample 1,Cell type 1
2245,0.01670919063676943,5.184560724574947,1,Sample 4,Cell type 1
2246,0.5949214204321386,-5.163901331091774,2,Sample 1,Cell type 1
2247,0.6913987077589092,-7.1660350843049425,3,Sample 2,Cell type 1
2248,1.0284657874893435,-5.045649033144925,3,Sample 2,Cell type 1
2249,-0.18287993227201488,4.2045205003131905,1,Sample 4,Cell type 1
2250,0.24624141511364736,3.6318652858746994,0,Sample 3,Cell type 1
2251,0.9609711377311559,4.673539701582759,0,Sample 3,Cell type 1
2252,-0.5029234440596562,-5.222010895088187,2,Sample 1,Cell type 1
2253,0.29867884776911857,5.249902568373257,1,Sample 4,Cell type 1
2254,-0.7046032716821842,-3.5610199853189504,2,Sample 1,Cell type 1
2255,0.5550587630872817,-4.066777331023197,3,Sample 2,Cell type 1
2256,-0.636445654352706,5.33951515028881,1,Sample 4,Cell type 1
2257,0.17956145484797764,5.837678642089724,0,Sample 3,Cell type 1
2258,0.28427055647210947,-6.447414171670607,3,Sample 2,Cell type 1
2259,0.5372249373832427,6.222425087510266,1,Sample 4,Cell type 1
2260,0.8994826878964022,4.732738215216048,1,Sample 4,Cell type 1
2261,-1.0462212521181287,-5.276083277455352,3,Sample 2,Cell type 1
2262,-0.07729893601191179,4.667226457642113,1,Sample 4,Cell type 1
2263,-0.5904456669291133,-4.854999069918359,2,Sample 1,Cell type 1
2264,0.10017960211832583,4.656475567099798,0,Sample 3,Cell type 1
2265,-0.8448246399733341,-5.205556100097425,2,Sample 1,Cell type 1
2266,1.2991079942489219,-4.69346544819288,2,Sample 1,Cell type 1
2267,0.45168474071488024,4.1842685290463075,1,Sample 4,Cell type 1
2268,0.8829760109780772,-5.307591296833214,3,Sample 2,Cell type 1
2269,0.63995352155364,3.7069515132507296,0,Sample 3,Cell type 1
2270,-0.4121367192736142,-5.10121511756316,3,Sample 2,Cell type 1
2271,-0.25653410044575337,6.436169084729858,1,Sample 4,Cell type 1
2272,-1.286128821694447,5.14779246311658,1,Sample 4,Cell type 1
2273,1.4844026518354105,5.179387795628234,1,Sample 4,Cell type 1
2274,1.6998171224135694,6.065071249590723,1,Sample 4,Cell type 1
2275,0.375414071846821,3.771542301434315,1,Sample 4,Cell type 1
2276,-0.24174446958609713,2.917490329738161,1,Sample 4,Cell type 1
2277,1.1607420386233696,6.445757314910308,1,Sample 4,Cell type 1
2278,-1.0762683899321932,-5.224931233971645,3,Sample 2,Cell type 1
2279,-0.3901642983589957,-4.140533596183805,2,Sample 1,Cell type 1
2280,-0.1824045814477743,-6.125581969683191,3,Sample 2,Cell type 1
2281,0.004090765313968712,4.812330293299882,0,Sample 3,Cell type 1
2282,-0.16422721559700101,-4.105160044595739,2,Sample 1,Cell type 1
2283,-0.3451645156479079,-6.6960697720961395,3,Sample 2,Cell type 1
2284,-0.7034262259295905,-4.721123904111216,2,Sample 1,Cell type 1
2285,0.6635244649467914,3.2310917527936915,0,Sample 3,Cell type 1
2286,-0.8375287861455517,5.429322202021829,0,Sample 3,Cell type 1
2287,-0.4739723643044115,-4.738342100097724,3,Sample 2,Cell type 1
2288,0.21849474743491537,-5.798569806809124,2,Sample 1,Cell type 1
2289,-1.2272913365884979,6.022141457518807,0,Sample 3,Cell type 1
2290,-0.35443521690278584,4.6164056260806055,1,Sample 4,Cell type 1
2291,-0.8780887858205815,-5.289302487498037,3,Sample 2,Cell type 1
2292,0.06189464611809464,4.310972638937389,0,Sample 3,Cell type 1
2293,0.7779551983344082,-4.301770068424312,3,Sample 2,Cell type 1
2294,-0.12142807602846667,5.470653765187661,0,Sample 3,Cell type 1
2295,-1.6507225219835637,-5.253880393794028,2,Sample 1,Cell type 1
2296,0.6471354155141755,-5.467564233480351,2,Sample 1,Cell type 1
2297,0.06963765459053699,4.760794119627306,0,Sample 3,Cell type 1
2298,0.7806586698308507,-4.992913837064884,3,Sample 2,Cell type 1
2299,1.7166599400611908,-6.235948737722721,3,Sample 2,Cell type 1
2300,0.26617546366815037,-6.066518406781768,3,Sample 2,Cell type 1
2301,-0.29542171139696255,5.114710773873801,1,Sample 4,Cell type 1
2302,0.5575635236085885,4.732944408195192,0,Sample 3,Cell type 1
2303,0.15550744126186883,4.717466965751449,0,Sample 3,Cell type 1
2304,0.37140099049840286,-4.512691584757189,3,Sample 2,Cell type 1
2305,0.29691669869704707,4.516811850627343,0,Sample 3,Cell type 1
2306,0.7811451017584545,-5.905719312572805,3,Sample 2,Cell type 1
2307,-0.7204965877182951,5.510713540486706,1,Sample 4,Cell type 1
2308,-0.6911838792608627,-5.101226063797648,3,Sample 2,Cell type 1
2309,1.6602086981002124,4.448649745528345,0,Sample 3,Cell type 1
2310,-0.21552546755564622,5.57403380463677,0,Sample 3,Cell type 1
2311,-0.2623157732103343,5.124152547087183,1,Sample 4,Cell type 1
2312,-0.5346761558774413,-5.048860537081901,2,Sample 1,Cell type 1
2313,-0.73965129150248,3.721920664323654,1,Sample 4,Cell type 1
2314,-0.4702850439264002,-4.815511320987029,3,Sample 2,Cell type 1
2315,0.5997963803506782,-6.611920986005287,3,Sample 2,Cell type 1
2316,-0.1716301316143709,-7.880868083567615,3,Sample 2,Cell type 1
2317,-1.4229761991234229,6.196835449191346,0,Sample 3,Cell type 1
2318,-1.3615217840146685,-5.449070397153765,2,Sample 1,Cell type 1
2319,0.47259546840826067,-5.176090985003863,3,Sample 2,Cell type 1
2320,-0.24078424991457756,-5.505149621986547,2,Sample 1,Cell type 1
2321,-1.394938081917229,-4.8745415871214455,3,Sample 2,Cell type 1
2322,0.036451104913518655,-4.5012742893760675,2,Sample 1,Cell type 1
2323,1.3380579094701628,5.335215207492836,0,Sample 3,Cell type 1
2324,-2.0957960832717957,5.657522003500179,0,Sample 3,Cell type 1
2325,-0.32332572758344225,-4.998564101697514,3,Sample 2,Cell type 1
2326,0.025116692426221155,-3.7139373548803913,2,Sample 1,Cell type 1
2327,0.19866011401270578,-4.937505811811187,2,Sample 1,Cell type 1
2328,-0.019483673808786274,6.713816286889491,0,Sample 3,Cell type 1
2329,-0.21792801328294975,-4.013020577331045,2,Sample 1,Cell type 1
2330,0.24592285577575074,-5.659689800347809,2,Sample 1,Cell type 1
2331,-0.4316729765897053,-4.2840715551785395,2,Sample 1,Cell type 1
2332,-0.0019230727350830754,4.528582678568555,1,Sample 4,Cell type 1
2333,-0.3147503170196404,-6.5273579671817945,3,Sample 2,Cell type 1
2334,-0.7719387684640836,5.548841167998751,0,Sample 3,Cell type 1
2335,-0.8429459353170833,4.145757662736646,0,Sample 3,Cell type 1
2336,-0.14722591935920218,-6.990257646049865,3,Sample 2,Cell type 1
2337,0.016333733770334504,-6.172539085873677,2,Sample 1,Cell type 1
2338,-0.07435536529087063,4.8083984623826,1,Sample 4,Cell type 1
2339,0.058144419463473075,4.6708054843502556,1,Sample 4,Cell type 1
2340,0.17974778060150876,5.746072665498472,0,Sample 3,Cell type 1
2341,1.3387535084983881,-4.646602610897954,2,Sample 1,Cell type 1
2342,1.0978170532863931,-4.886364416935564,3,Sample 2,Cell type 1
2343,1.639849676628741,5.000546255165986,1,Sample 4,Cell type 1
2344,0.035049177583287676,4.882398398697209,0,Sample 3,Cell type 1
2345,-0.3475969819458525,4.752662301225088,0,Sample 3,Cell type 1
2346,0.6953236739975173,4.635568379180904,1,Sample 4,Cell type 1
2347,-0.29196218363430826,4.328632266128794,0,Sample 3,Cell type 1
2348,-1.1391664897580855,-4.857176664223617,3,Sample 2,Cell type 1
2349,0.09783800242582702,5.43463842322911,0,Sample 3,Cell type 1
2350,-0.9296526562050265,-3.7343065989571462,3,Sample 2,Cell type 1
2351,0.5234925250832462,4.955532263271636,0,Sample 3,Cell type 1
2352,-0.14731665254656165,-5.904142983587747,2,Sample 1,Cell type 1
2353,0.4262265674580994,-5.644421346008416,3,Sample 2,Cell type 1
2354,2.048067630615036,4.92315208022028,0,Sample 3,Cell type 1
2355,-0.8845637347887486,4.828063175769012,0,Sample 3,Cell type 1
2356,-0.4373440676698123,4.782675911739157,1,Sample 4,Cell type 1
2357,-1.3334107254313583,-6.195804917159715,2,Sample 1,Cell type 1
2358,0.24872605247840368,6.180284973559642,0,Sample 3,Cell type 1
2359,0.4919557112251025,-4.592253538206137,3,Sample 2,Cell type 1
2360,-0.04697634168370298,-4.642770794447431,3,Sample 2,Cell type 1
2361,-0.43180774424748924,4.37735621967815,0,Sample 3,Cell type 1
2362,0.051579531848096195,3.4196267469169026,0,Sample 3,Cell type 1
2363,1.1582371347662928,-4.249087981856844,2,Sample 1,Cell type 1
2364,0.48790403775233515,-5.031941170698691,3,Sample 2,Cell type 1
2365,1.2288489453676228,-4.521969835284217,3,Sample 2,Cell type 1
2366,-0.6174175659143001,-3.7123834673792215,2,Sample 1,Cell type 1
2367,0.3848073853893706,5.179107219423305,0,Sample 3,Cell type 1
2368,0.7789809846818943,-4.76096177574259,2,Sample 1,Cell type 1
2369,0.4579562449240815,-4.6823626640940805,3,Sample 2,Cell type 1
2370,0.34880462017806385,-4.32492839228661,2,Sample 1,Cell type 1
2371,-2.0236480621554427,4.762714032744161,1,Sample 4,Cell type 1
2372,0.26224885885929866,-4.238017474437756,2,Sample 1,Cell type 1
2373,-0.01313831685820166,5.950714618758467,0,Sample 3,Cell type 1
2374,0.03908805626056347,5.032473352963106,0,Sample 3,Cell type 1
2375,0.2882949727238889,-5.728516069745992,2,Sample 1,Cell type 1
2376,0.5721395121024467,-5.040894954412302,3,Sample 2,Cell type 1
2377,-0.441778435424777,5.506345454204409,0,Sample 3,Cell type 1
2378,-0.3307390165091531,-4.974083029053137,3,Sample 2,Cell type 1
2379,1.6797774313332123,4.802379439403203,1,Sample 4,Cell type 1
2380,-0.06580295973716253,-4.754839309629327,3,Sample 2,Cell type 1
2381,-1.0778031340650793,-5.71903984819507,3,Sample 2,Cell type 1
2382,-0.5873866575768303,-5.113223709870278,2,Sample 1,Cell type 1
2383,0.7485427145179689,6.017244075995327,0,Sample 3,Cell type 1
2384,0.6354117436974618,3.9965684614646007,0,Sample 3,Cell type 1
2385,-1.097520914345085,3.7091508816986067,0,Sample 3,Cell type 1
2386,0.831289429936215,4.939388570771632,1,Sample 4,Cell type 1
2387,1.643355073004856,-4.881743408770778,3,Sample 2,Cell type 1
2388,0.6867608933253323,4.812303544034069,1,Sample 4,Cell type 1
2389,-0.7203587691024215,-3.8644354553617286,3,Sample 2,Cell type 1
2390,-1.1414612614250739,-4.944530270627721,3,Sample 2,Cell type 1
2391,-0.3589565460955874,-4.812592588434588,3,Sample 2,Cell type 1
2392,-1.033810156084495,5.5517662441961555,1,Sample 4,Cell type 1
2393,-1.0175352008901783,-4.830882746023473,2,Sample 1,Cell type 1
2394,0.21370132080918675,5.406980018583947,0,Sample 3,Cell type 1
2395,-2.5930138720552582,4.180489886932568,0,Sample 3,Cell type 1
2396,0.5330157376348186,-4.537617181088354,2,Sample 1,Cell type 1
2397,-0.6241151051102175,-4.41178455202001,3,Sample 2,Cell type 1
2398,1.342939738698053,-6.529312440521406,2,Sample 1,Cell type 1
2399,-0.2891702133551886,5.333156830481162,1,Sample 4,Cell type 1
2400,0.04180679239798657,4.15151594688272,1,Sample 4,Cell type 1
2401,-0.9527332047789815,-4.457017544576464,3,Sample 2,Cell type 1
2402,-0.9574309171410493,5.714958151511289,1,Sample 4,Cell type 1
2403,0.3266022045715775,3.6379331166097275,0,Sample 3,Cell type 1
2404,-0.3339443055915458,-4.724756862749227,2,Sample 1,Cell type 1
2405,-1.3630972694613752,4.260427209496356,1,Sample 4,Cell type 1
2406,0.8640448473114483,-4.245769188687939,2,Sample 1,Cell type 1
2407,-0.6504114978081039,5.658623932542165,1,Sample 4,Cell type 1
2408,0.8172123142254911,-4.264868116273337,2,Sample 1,Cell type 1
2409,-0.5750659100869843,5.596004250301825,1,Sample 4,Cell type 1
2410,0.6209828037792849,-5.387146755960987,3,Sample 2,Cell type 1
2411,-0.08651119231313341,-4.110319504622929,3,Sample 2,Cell type 1
2412,0.4612455704446132,5.249000123634829,0,Sample 3,Cell type 1
2413,-0.7249722656377688,-4.886416068900796,3,Sample 2,Cell type 1
2414,0.06595180234760263,3.8339588004280554,0,Sample 3,Cell type 1
2415,0.4256049590575545,5.289328848997613,1,Sample 4,Cell type 1
2416,0.9897446402312075,-5.203580861316273,3,Sample 2,Cell type 1
2417,-1.2115762473446137,5.257274569071391,1,Sample 4,Cell type 1
2418,0.09076483204524191,-4.851329896877798,3,Sample 2,Cell type 1
2419,-0.10036340800232019,5.262303619327486,1,Sample 4,Cell type 1
2420,0.9673845177791505,-5.019429196536021,3,Sample 2,Cell type 1
2421,-0.19226031852650804,4.700143353960322,0,Sample 3,Cell type 1
2422,0.8323447141158712,-6.564039016254626,2,Sample 1,Cell type 1
2423,0.6685536896521135,4.096234516273905,0,Sample 3,Cell type 1
2424,1.3958891252987948,-3.0761299661968216,3,Sample 2,Cell type 1
2425,-1.0946520310662484,6.589820799384647,1,Sample 4,Cell type 1
2426,-0.8002650596844598,4.457804023580119,0,Sample 3,Cell type 1
2427,0.579673422978498,-4.641211636642848,3,Sample 2,Cell type 1
2428,-0.9785761840495439,-3.860297814338205,3,Sample 2,Cell type 1
2429,-0.7116115437004187,4.3473517720276496,0,Sample 3,Cell type 1
2430,0.780095786734201,4.8823540947982895,0,Sample 3,Cell type 1
2431,0.3334412595864911,-4.066303369597362,3,Sample 2,Cell type 1
2432,-1.4228700672052135,5.255721460735182,1,Sample 4,Cell type 1
2433,-0.2116118730484886,3.3969101084745974,1,Sample 4,Cell type 1
2434,0.0590907475287043,-4.04513077161899,3,Sample 2,Cell type 1
2435,1.5233092716584056,6.300767132289651,1,Sample 4,Cell type 1
2436,0.017511056931867823,-4.746438394412707,3,Sample 2,Cell type 1
2437,0.061287256361327695,-5.409410846353842,2,Sample 1,Cell type 1
2438,1.286332048895326,-3.9172370819030373,3,Sample 2,Cell type 1
2439,0.3277482749972398,-5.477594870736746,3,Sample 2,Cell type 1
2440,-0.5616424751018819,4.737870282721786,0,Sample 3,Cell type 1
2441,0.8701683409262929,-4.446705139902889,2,Sample 1,Cell type 1
2442,0.7610449954395868,-4.578481661067365,2,Sample 1,Cell type 1
2443,-1.5825801994998483,5.0375479216482955,1,Sample 4,Cell type 1
2444,1.5930963347335236,-4.685669191561427,2,Sample 1,Cell type 1
2445,-0.07062563868100386,7.063767470123455,0,Sample 3,Cell type 1
2446,-1.072057656899148,-4.654226647392597,2,Sample 1,Cell type 1
2447,0.7130429494958044,-4.996616112804679,2,Sample 1,Cell type 1
2448,0.5716878325092944,3.3600469771380173,1,Sample 4,Cell type 1
2449,0.17650464344573058,-5.281670197963105,3,Sample 2,Cell type 1
2450,0.7095099120778403,4.663390565055157,1,Sample 4,Cell type 1
2451,-0.05728100753125116,4.970222210792127,0,Sample 3,Cell type 1
2452,0.4618908200853293,-5.102927557081645,2,Sample 1,Cell type 1
2453,-0.3001571042591496,4.745827922595013,1,Sample 4,Cell type 1
2454,-1.6289764022847493,-4.962005225398686,2,Sample 1,Cell type 1
2455,0.26501074512285117,5.780436101697887,0,Sample 3,Cell type 1
2456,0.18702872943259818,3.755283483037098,0,Sample 3,Cell type 1
2457,-0.014967005156717934,4.689185237528891,0,Sample 3,Cell type 1
2458,1.2923005515755535,4.742143624630928,0,Sample 3,Cell type 1
2459,0.767053045174138,-4.097850964386857,3,Sample 2,Cell type 1
2460,-0.7264192604169688,3.870157038931767,0,Sample 3,Cell type 1
2461,-0.9146711928670886,-4.930020997055409,3,Sample 2,Cell type 1
2462,-1.617438911969558,-5.081024574961226,2,Sample 1,Cell type 1
2463,-0.46141706445466624,5.604312980660605,0,Sample 3,Cell type 1
2464,1.0046049004588167,4.284314158224397,0,Sample 3,Cell type 1
2465,0.2856123887720379,4.445672323791476,0,Sample 3,Cell type 1
2466,-0.6541459172841071,-5.907064285445084,2,Sample 1,Cell type 1
2467,0.21778938026191047,-5.045816328657682,3,Sample 2,Cell type 1
2468,0.21004906320154,5.1548719290940355,1,Sample 4,Cell type 1
2469,0.5486862548867352,-6.722984459033169,2,Sample 1,Cell type 1
2470,-0.49851242113981153,4.555618304671796,0,Sample 3,Cell type 1
2471,1.1535560046415119,-5.409899392541355,2,Sample 1,Cell type 1
2472,0.4634774078054206,-3.8703784971654,2,Sample 1,Cell type 1
2473,-0.059546743280037034,5.496537678040543,0,Sample 3,Cell type 1
2474,-0.5131895272354478,5.390297827896859,1,Sample 4,Cell type 1
2475,0.25924562257724854,4.081846888147466,1,Sample 4,Cell type 1
2476,-0.14207679580699117,-4.475286289769934,2,Sample 1,Cell type 1
2477,-0.30905798035774046,-6.764235498204725,3,Sample 2,Cell type 1
2478,0.10455201957150587,-5.113220602693558,2,Sample 1,Cell type 1
2479,0.5907732639963283,5.137094624951977,0,Sample 3,Cell type 1
2480,-0.22570062154712903,-4.015437676012423,3,Sample 2,Cell type 1
2481,1.395667096060199,-4.312133150826034,3,Sample 2,Cell type 1
2482,1.144921694209393,-5.208029000144355,3,Sample 2,Cell type 1
2483,0.9228722746535404,6.109079517810275,1,Sample 4,Cell type 1
2484,0.25947216801189454,-5.426180398573523,2,Sample 1,Cell type 1
2485,0.5441728843603596,5.95400600998238,1,Sample 4,Cell type 1
2486,-0.5013737796719722,5.689914777906207,0,Sample 3,Cell type 1
2487,-0.8513760054538791,-5.007875846920307,2,Sample 1,Cell type 1
2488,-1.416854842470473,5.377233904334565,1,Sample 4,Cell type 1
2489,0.949908841251801,7.071650913614891,0,Sample 3,Cell type 1
2490,-0.7514683150550034,4.884729955422707,0,Sample 3,Cell type 1
2491,0.07092607276914996,5.157852565924476,1,Sample 4,Cell type 1
2492,0.11439250784737319,-6.380808494933413,3,Sample 2,Cell type 1
2493,0.2916491818843656,-5.5441387810783604,3,Sample 2,Cell type 1
2494,0.7955579004071259,-4.483195050308359,2,Sample 1,Cell type 1
2495,0.880767707998857,6.566677963376475,0,Sample 3,Cell type 1
2496,-0.08789129848154854,-5.147269493612735,3,Sample 2,Cell type 1
2497,0.3278102367675979,4.311129671861144,1,Sample 4,Cell type 1
2498,-0.3864488413467516,5.11743440958844,0,Sample 3,Cell type 1
2499,0.7153862196007479,-5.613058019825141,3,Sample 2,Cell type 1
2500,0.04806879569213089,5.31064960433876,1,Sample 4,Cell type 1
2501,-0.3726444552945303,4.879329830746644,1,Sample 4,Cell type 1
2502,-0.6159968529579659,3.9631066686000844,1,Sample 4,Cell type 1
2503,1.0793432391109643,-4.980454527857573,3,Sample 2,Cell type 1
2504,-1.4245005383259914,-3.7978125389555295,3,Sample 2,Cell type 1
2505,-0.0815957733087456,-5.673946104101061,2,Sample 1,Cell type 1
2506,0.7776455725917776,-5.010643708302908,2,Sample 1,Cell type 1
2507,0.526210540920299,-5.055625828993816,2,Sample 1,Cell type 1
2508,0.02354447334204175,-4.586684443251226,2,Sample 1,Cell type 1
2509,-1.5736557628697219,4.106250830634398,1,Sample 4,Cell type 1
2510,-0.3865491698394992,6.259189410632026,0,Sample 3,Cell type 1
2511,-0.17988478544646286,4.479997935341232,0,Sample 3,Cell type 1
2512,1.275604050579978,4.322430921345338,0,Sample 3,Cell type 1
2513,0.3553586618325375,5.8810583661886096,1,Sample 4,Cell type 1
2514,-1.3799342660104263,4.550169976607222,0,Sample 3,Cell type 1
2515,0.7642153897657644,-5.030994315991634,2,Sample 1,Cell type 1
2516,1.2950301117286944,-4.667338696435726,2,Sample 1,Cell type 1
2517,0.8687164526652625,5.3797585863039625,0,Sample 3,Cell type 1
2518,-0.357857516527001,6.024813089388091,0,Sample 3,Cell type 1
2519,-0.3858508567490424,-4.120813314046428,2,Sample 1,Cell type 1
2520,0.2057591762847419,4.807467860375829,1,Sample 4,Cell type 1
2521,0.5273965347459241,5.750056110101247,1,Sample 4,Cell type 1
2522,-0.10233407318461324,4.235567647519659,0,Sample 3,Cell type 1
2523,0.28818082966194297,-4.566942964793378,3,Sample 2,Cell type 1
2524,-0.12561986275576625,-5.968128754731326,3,Sample 2,Cell type 1
2525,1.0125662726917606,4.3070601214284,0,Sample 3,Cell type 1
2526,-0.49960836407086195,-4.402415327916232,2,Sample 1,Cell type 1
2527,0.0596076750614181,-4.179494308901934,3,Sample 2,Cell type 1
2528,0.4141272163752985,4.419404949477228,0,Sample 3,Cell type 1
2529,-0.7879945006536122,-4.841055992362074,2,Sample 1,Cell type 1
2530,1.17134179100195,5.797487018772646,1,Sample 4,Cell type 1
2531,0.06076421433286993,5.594145934687778,1,Sample 4,Cell type 1
2532,0.12700484075003426,-4.075194664439098,3,Sample 2,Cell type 1
2533,0.5247206212238088,5.15578895577502,0,Sample 3,Cell type 1
2534,0.2615956106160781,-5.668099603177788,3,Sample 2,Cell type 1
2535,-0.6529737956335718,5.062514450375718,1,Sample 4,Cell type 1
2536,-0.5046764406326851,-5.238293443965489,3,Sample 2,Cell type 1
2537,0.38047074874286596,-6.397516553076444,2,Sample 1,Cell type 1
2538,-1.1828689966238732,5.915003234565543,0,Sample 3,Cell type 1
2539,-0.8219228412208088,-5.298614596753051,2,Sample 1,Cell type 1
2540,-0.6279186504657921,5.518624347075087,0,Sample 3,Cell type 1
2541,0.7981056615361957,-5.229435388590615,2,Sample 1,Cell type 1
2542,0.6464289515216572,-5.678452478424407,2,Sample 1,Cell type 1
2543,-1.5012421648334993,5.495769156772909,1,Sample 4,Cell type 1
2544,1.3028924364570336,3.8959188334280865,0,Sample 3,Cell type 1
2545,0.7602460735788606,6.36849069806554,0,Sample 3,Cell type 1
2546,0.558578650890872,5.3147883083374,0,Sample 3,Cell type 1
2547,0.7196799003466006,5.2458396167012875,0,Sample 3,Cell type 1
2548,-0.12902856933280732,5.323240685451631,0,Sample 3,Cell type 1
2549,0.3991065558145702,-5.273718920901791,3,Sample 2,Cell type 1
2550,-0.7222471415702398,-4.352588241406411,3,Sample 2,Cell type 1
2551,-0.9096263065179899,-5.6574518627370765,3,Sample 2,Cell type 1
2552,-0.9998562716714914,-5.212190032376162,2,Sample 1,Cell type 1
2553,1.4123633922248775,5.323985368768764,0,Sample 3,Cell type 1
2554,1.197945346543701,6.486161874830186,1,Sample 4,Cell type 1
2555,0.9830852401604476,-4.631137574162852,3,Sample 2,Cell type 1
2556,1.8216691984426436,-5.987609598737917,2,Sample 1,Cell type 1
2557,0.3889478332495511,-6.559497404257939,2,Sample 1,Cell type 1
2558,0.40053257710496776,5.039818949744768,1,Sample 4,Cell type 1
2559,-0.21491660264779405,-6.469087827016318,2,Sample 1,Cell type 1
2560,-0.17601442212773924,-5.101925497911968,3,Sample 2,Cell type 1
2561,0.7596756570915906,4.952467854982005,1,Sample 4,Cell type 1
2562,0.8661528431096587,4.623100278545697,1,Sample 4,Cell type 1
2563,-0.09341273263619732,4.491553726876477,1,Sample 4,Cell type 1
2564,0.6864113562417163,4.337442981627812,1,Sample 4,Cell type 1
2565,0.8901074441626415,-5.056896232664268,3,Sample 2,Cell type 1
2566,-0.7040095853526112,-4.784655263795872,3,Sample 2,Cell type 1
2567,1.258987373244085,-4.6346495914156804,2,Sample 1,Cell type 1
2568,0.7612398164592342,4.1830700339517595,1,Sample 4,Cell type 1
2569,-1.6402859658273603,-4.408655604238746,2,Sample 1,Cell type 1
2570,-1.526246046301913,4.3116919913763985,1,Sample 4,Cell type 1
2571,-0.709863567084617,-4.3825630582114705,2,Sample 1,Cell type 1
2572,-0.7955428174398338,-4.800361448321539,2,Sample 1,Cell type 1
2573,-0.2686277594321026,6.335217220231515,0,Sample 3,Cell type 1
2574,-0.48941527272422836,4.97037056236127,0,Sample 3,Cell type 1
2575,0.5723050523529952,5.574548580566348,1,Sample 4,Cell type 1
2576,0.7064878217177273,4.937730242389758,0,Sample 3,Cell type 1
2577,0.7281726269317963,-5.146822537725723,3,Sample 2,Cell type 1
2578,-0.6500366160975887,-3.31576205643335,2,Sample 1,Cell type 1
2579,0.3479528306943189,-5.315189344994496,2,Sample 1,Cell type 1
2580,0.24791582350450764,-6.01886843887728,2,Sample 1,Cell type 1
2581,1.4263244800521153,-5.197872309620125,3,Sample 2,Cell type 1
2582,0.7035336329099225,4.138099138412193,1,Sample 4,Cell type 1
2583,-0.6804906023615582,-5.432805492626319,2,Sample 1,Cell type 1
2584,-0.2724789655278892,-4.599885573508893,2,Sample 1,Cell type 1
2585,-0.8445115918388771,-5.282948607653605,2,Sample 1,Cell type 1
2586,-0.7919662340416112,4.971993911995011,1,Sample 4,Cell type 1
2587,1.494882575330402,-4.972153967600134,3,Sample 2,Cell type 1
2588,-0.02039530286815973,-5.1737270457094855,2,Sample 1,Cell type 1
2589,0.7407800805716934,-5.072860688282422,2,Sample 1,Cell type 1
2590,-0.5702766261417315,5.085144182153518,0,Sample 3,Cell type 1
2591,-0.021843631607945488,4.253385632741443,0,Sample 3,Cell type 1
2592,0.012899830320377951,-4.885354955999997,3,Sample 2,Cell type 1
2593,1.1122042620095918,-3.5701228684561395,3,Sample 2,Cell type 1
2594,-1.880364682099489,-3.6617054384811762,3,Sample 2,Cell type 1
2595,0.9435520965770297,4.624659478316236,0,Sample 3,Cell type 1
2596,0.7808325754847574,-3.8804108584221257,2,Sample 1,Cell type 1
2597,-0.8891663655496256,5.197203822745604,1,Sample 4,Cell type 1
2598,-0.256927230964562,-6.268500565415675,3,Sample 2,Cell type 1
2599,0.4853784473089462,4.8534427050236895,1,Sample 4,Cell type 1
2600,-0.21629711930863293,-6.111824114554135,3,Sample 2,Cell type 1
2601,0.33742405940069675,-3.9518464735352823,2,Sample 1,Cell type 1
2602,-0.5405664633292895,5.02732193399042,1,Sample 4,Cell type 1
2603,-0.49985486215654307,5.020872840168667,0,Sample 3,Cell type 1
2604,-0.7773253876330288,3.8963054681688556,0,Sample 3,Cell type 1
2605,-0.1846930990758152,6.1626085306568275,1,Sample 4,Cell type 1
2606,1.5678698037957401,-4.639509560454889,2,Sample 1,Cell type 1
2607,-0.6631960087376578,4.551855167842424,0,Sample 3,Cell type 1
2608,0.35758537360788156,-5.510868660116024,2,Sample 1,Cell type 1
2609,-1.0154643972373594,6.362011726503685,1,Sample 4,Cell type 1
2610,1.1944024835545628,-5.12810411167835,3,Sample 2,Cell type 1
2611,-0.09208775513859133,-5.276735463237737,2,Sample 1,Cell type 1
2612,-0.6946341855010932,5.4277032688979485,1,Sample 4,Cell type 1
2613,0.6725148391909793,4.477900816558087,0,Sample 3,Cell type 1
2614,-0.39597238429445847,-5.398057998647371,2,Sample 1,Cell type 1
2615,-0.045917971029435,-5.040640630895627,3,Sample 2,Cell type 1
2616,-0.4207037407161631,5.142200085014425,1,Sample 4,Cell type 1
2617,1.3421606512611526,4.557129406633605,0,Sample 3,Cell type 1
2618,0.3898441896359959,-4.142456107830562,2,Sample 1,Cell type 1
2619,-0.2937631473693986,-4.769948875866137,3,Sample 2,Cell type 1
2620,0.5059261912444167,5.778043559701384,0,Sample 3,Cell type 1
2621,-0.5814193102670745,-5.702093885490324,3,Sample 2,Cell type 1
2622,-0.550520276142179,6.801948644275447,0,Sample 3,Cell type 1
2623,-0.2866721216169778,4.481966555491873,1,Sample 4,Cell type 1
2624,-1.2491945779534877,6.202735862743199,1,Sample 4,Cell type 1
2625,-2.1207758467144098,5.873205481537969,0,Sample 3,Cell type 1
2626,0.8400392332427414,-4.740273411597985,3,Sample 2,Cell type 1
2627,0.44081364818103963,-5.5867856533426234,3,Sample 2,Cell type 1
2628,-0.8838902344500161,5.176433141611094,1,Sample 4,Cell type 1
2629,-1.2671222587885786,5.608331724915438,0,Sample 3,Cell type 1
2630,1.5633259470002292,4.595402636590451,1,Sample 4,Cell type 1
2631,0.2940958721677687,5.118471535838621,1,Sample 4,Cell type 1
2632,-0.14340082028552945,-5.088004398960841,2,Sample 1,Cell type 1
2633,1.6485983399055897,6.404272673954564,0,Sample 3,Cell type 1
2634,-0.2880314150055862,4.417538321715743,1,Sample 4,Cell type 1
2635,0.43317018256383044,5.607324128242118,0,Sample 3,Cell type 1
2636,-0.6153138798298387,4.2480775191129085,1,Sample 4,Cell type 1
2637,0.39749887240607773,5.85581716398708,1,Sample 4,Cell type 1
2638,0.8417689247656469,-4.9220527117621575,3,Sample 2,Cell type 1
2639,1.2482044236247447,-6.56128233030631,3,Sample 2,Cell type 1
2640,0.9341935404222232,-5.620035970412992,3,Sample 2,Cell type 1
2641,-0.4668794610768039,5.830703080815454,1,Sample 4,Cell type 1
2642,0.5894751176739467,4.774937954305429,0,Sample 3,Cell type 1
2643,0.916824115313652,-5.621897187876725,2,Sample 1,Cell type 1
2644,1.274371276821905,-3.827831597214895,3,Sample 2,Cell type 1
2645,0.9417479705474712,-4.890602682080615,2,Sample 1,Cell type 1
2646,2.341816073978664,-5.7954840525046984,2,Sample 1,Cell type 1
2647,0.04629123794140518,-5.212474106609929,3,Sample 2,Cell type 1
2648,-0.0735747729624373,-5.865531494970506,3,Sample 2,Cell type 1
2649,-0.7966523158321833,5.520908993458925,1,Sample 4,Cell type 1
2650,0.17927398544833342,5.010073920625436,0,Sample 3,Cell type 1
2651,-0.8260191228220317,5.318341639957447,1,Sample 4,Cell type 1
2652,-0.006490561289400232,-4.873528619741452,2,Sample 1,Cell type 1
2653,-0.48392541114253984,-4.601769352465778,3,Sample 2,Cell type 1
2654,0.11122294956250048,-5.0360983122592415,3,Sample 2,Cell type 1
2655,-0.7717643406005719,6.302774843817858,1,Sample 4,Cell type 1
2656,-0.4209982852139369,6.110670222566759,1,Sample 4,Cell type 1
2657,-1.2567009216547995,4.098586024872156,0,Sample 3,Cell type 1
2658,0.537555686251598,-4.692638342395282,2,Sample 1,Cell type 1
2659,-1.13221375353935,5.174827233928757,1,Sample 4,Cell type 1
2660,-0.9860322489762242,-5.547593384490238,2,Sample 1,Cell type 1
2661,-1.1250539709374672,4.933515541897044,0,Sample 3,Cell type 1
2662,-0.050619167917532695,-5.527798913003172,3,Sample 2,Cell type 1
2663,-0.18118727907986554,4.2324486106212165,0,Sample 3,Cell type 1
2664,-0.3678116926643811,-4.565287337702553,2,Sample 1,Cell type 1
2665,-1.1584111203329952,3.240955234703934,0,Sample 3,Cell type 1
2666,-0.2101276162529342,4.7308904436710915,1,Sample 4,Cell type 1
2667,-1.0357451805767246,5.9286614299028155,0,Sample 3,Cell type 1
2668,0.19504057101695907,4.548737095410617,0,Sample 3,Cell type 1
2669,0.15846780861428397,4.884511670460846,0,Sample 3,Cell type 1
2670,1.2006078325074487,5.680177393690794,0,Sample 3,Cell type 1
2671,0.15638538524263268,4.920923839008555,1,Sample 4,Cell type 1
2672,-0.8788963401422498,-3.8635965701831494,2,Sample 1,Cell type 1
2673,-1.0275096288580114,-3.8192966795968273,3,Sample 2,Cell type 1
2674,0.5218449212881844,-6.305068088333659,2,Sample 1,Cell type 1
2675,-0.9732646433085677,-5.897224117940022,2,Sample 1,Cell type 1
2676,1.4203926793920387,-6.1833568146862135,3,Sample 2,Cell type 1
2677,-1.228032198025888,3.4959919728737887,1,Sample 4,Cell type 1
2678,-0.8401125916817165,5.605996119469989,1,Sample 4,Cell type 1
2679,1.8554636319853555,5.314654271515497,0,Sample 3,Cell type 1
2680,-0.053159180247564775,-5.286463556943455,3,Sample 2,Cell type 1
2681,0.4444101170737986,4.265050790811125,1,Sample 4,Cell type 1
2682,0.4348801236755459,4.703508534331116,0,Sample 3,Cell type 1
2683,0.27340478062172757,6.500936671372709,0,Sample 3,Cell type 1
2684,0.7567105252437115,-4.141102444873942,3,Sample 2,Cell type 1
2685,0.11956487173064763,-4.3833998323049705,2,Sample 1,Cell type 1
2686,-0.9551400051192444,5.114354475810965,0,Sample 3,Cell type 1
2687,-0.8737309061744718,5.667801061059905,1,Sample 4,Cell type 1
2688,-0.45892960550418904,4.562512847007686,0,Sample 3,Cell type 1
2689,0.07390143331193944,-6.251697701868643,3,Sample 2,Cell type 1
2690,0.8583824382128095,6.891097995695489,1,Sample 4,Cell type 1
2691,-0.016721275171318505,5.093861906647025,0,Sample 3,Cell type 1
2692,-1.0052055154234052,5.650564149398382,1,Sample 4,Cell type 1
2693,1.8391184988954004,4.709729151648273,0,Sample 3,Cell type 1
2694,-0.21248364822888416,-5.3199025909346975,2,Sample 1,Cell type 1
2695,-1.3849610427559405,6.195950581962589,1,Sample 4,Cell type 1
2696,-0.281131388570986,6.250730687065687,1,Sample 4,Cell type 1
2697,-0.10500557367384378,5.061481506367015,0,Sample 3,Cell type 1
2698,-1.1005072710290895,-5.3789163661209525,3,Sample 2,Cell type 1
2699,1.2404003942512616,4.201316767408967,0,Sample 3,Cell type 1
2700,0.2539626090001401,4.733711676493991,1,Sample 4,Cell type 1
2701,-0.19415899826022542,-6.5120081369463545,2,Sample 1,Cell type 1
2702,-1.8128416753194263,-5.280622564481243,2,Sample 1,Cell type 1
2703,-0.5352581909279333,5.831923749916861,0,Sample 3,Cell type 1
2704,-1.1978061161429157,-3.975248338666618,2,Sample 1,Cell type 1
2705,-0.3664201464116452,-4.619732059658007,3,Sample 2,Cell type 1
2706,-1.5608814912309,5.1148703492041285,1,Sample 4,Cell type 1
2707,-0.668551204016029,-4.122223846714849,3,Sample 2,Cell type 1
2708,-0.028077173427675534,-5.683146326768044,3,Sample 2,Cell type 1
2709,-1.0755604088274218,4.265078442812642,0,Sample 3,Cell type 1
2710,-0.11492762391769451,-5.132064452002437,3,Sample 2,Cell type 1
2711,-0.30970451983161174,4.963671025654209,1,Sample 4,Cell type 1
2712,-0.4197299256534424,5.394923878114521,1,Sample 4,Cell type 1
2713,-0.7403397008476699,5.204307004539453,1,Sample 4,Cell type 1
2714,0.3141072925207744,-4.637131581192625,2,Sample 1,Cell type 1
2715,-0.17877022826068073,5.5712003952736735,0,Sample 3,Cell type 1
2716,-0.5198615083979491,-4.932665415851443,2,Sample 1,Cell type 1
2717,-0.3071770175618813,5.200160165001355,1,Sample 4,Cell type 1
2718,-0.06473387013015057,-7.536340588702444,2,Sample 1,Cell type 1
2719,0.06626605641447993,-5.582537520775852,2,Sample 1,Cell type 1
2720,0.0884282539791521,-5.501052220946406,2,Sample 1,Cell type 1
2721,0.5859936822238418,5.230978930260019,1,Sample 4,Cell type 1
2722,-0.48318450077538366,4.816361075711722,1,Sample 4,Cell type 1
2723,-0.7190272386585026,3.935749099408808,1,Sample 4,Cell type 1
2724,-1.4726993850653163,3.9763384266114388,0,Sample 3,Cell type 1
2725,0.7562494169886922,-5.4420554768950815,3,Sample 2,Cell type 1
2726,-0.0635107395245623,-5.240372758976563,2,Sample 1,Cell type 1
2727,1.2073048107236406,-4.51551501389495,2,Sample 1,Cell type 1
2728,0.17517113268478007,-5.673457305494522,2,Sample 1,Cell type 1
2729,0.6356803063561691,-4.2211022004577226,2,Sample 1,Cell type 1
2730,0.582103634909584,5.04155670864584,0,Sample 3,Cell type 1
2731,2.1136095283940963,-4.521520675962027,3,Sample 2,Cell type 1
2732,0.3845956638143872,-3.802631674043215,2,Sample 1,Cell type 1
2733,-0.48760976172742654,4.850422957611643,0,Sample 3,Cell type 1
2734,-1.0159988779151008,-4.464927895563026,2,Sample 1,Cell type 1
2735,-0.383339390276232,4.851472818668946,0,Sample 3,Cell type 1
2736,-0.2921927819918772,-6.336935817995252,2,Sample 1,Cell type 1
2737,-0.5864263964191915,6.45444953804626,1,Sample 4,Cell type 1
2738,-0.5227703165798457,-5.309233292718208,2,Sample 1,Cell type 1
2739,-0.8208646753564995,-4.694859505972526,3,Sample 2,Cell type 1
2740,-1.2807231827812124,4.337202380175803,1,Sample 4,Cell type 1
2741,-1.0160488709696256,5.229564683441367,1,Sample 4,Cell type 1
2742,-1.370507623272702,6.08309789933233,0,Sample 3,Cell type 1
2743,0.09071551357335149,-4.632804798660567,2,Sample 1,Cell type 1
2744,-0.8471260696452805,6.185330721970079,1,Sample 4,Cell type 1
2745,0.7682438370251763,5.369986899253483,1,Sample 4,Cell type 1
2746,-0.5512894381774321,-4.625847916912892,3,Sample 2,Cell type 1
2747,0.5551385865530065,-4.426728528192279,2,Sample 1,Cell type 1
2748,0.1547588599934369,-3.952107864453173,3,Sample 2,Cell type 1
2749,-0.1835125952544222,4.96521844014891,1,Sample 4,Cell type 1
2750,-0.4750491264549641,4.867494871745894,1,Sample 4,Cell type 1
2751,-0.8067589860378798,-6.66871830218667,2,Sample 1,Cell type 1
2752,-0.4359352694471598,5.319308891481657,0,Sample 3,Cell type 1
2753,-0.15662821677486508,-5.833817270437799,2,Sample 1,Cell type 1
2754,0.24587649336637607,-5.198201934591768,2,Sample 1,Cell type 1
2755,0.690749824151903,-5.012450471096235,3,Sample 2,Cell type 1
2756,-1.154883409735812,-5.386327871568414,2,Sample 1,Cell type 1
2757,0.8547034669552132,5.483296711670814,1,Sample 4,Cell type 1
2758,-0.36092708672719903,5.441392639928736,1,Sample 4,Cell type 1
2759,0.04469115187559758,-5.247719771190449,2,Sample 1,Cell type 1
2760,0.1732999803236952,4.179397853087778,1,Sample 4,Cell type 1
2761,0.6078297895624618,-5.671622046414126,3,Sample 2,Cell type 1
2762,0.27434110185707405,-4.005224697323229,3,Sample 2,Cell type 1
2763,1.0148665885179755,-4.606869794915578,3,Sample 2,Cell type 1
2764,0.20835381066684477,4.56892651504581,1,Sample 4,Cell type 1
2765,-0.3433955362389295,5.470842615816576,1,Sample 4,Cell type 1
2766,-0.3470987703833513,-3.6222759217534444,2,Sample 1,Cell type 1
2767,0.411126279727132,5.143665425551679,0,Sample 3,Cell type 1
2768,-0.14807811953697497,-4.030296636613211,3,Sample 2,Cell type 1
2769,-0.4278053366754585,-4.764022835432943,2,Sample 1,Cell type 1
2770,-0.006378113053293898,6.183955311112021,0,Sample 3,Cell type 1
2771,0.43021455229478706,-4.754888414341269,2,Sample 1,Cell type 1
2772,0.7239696331953599,-5.1806453992608335,3,Sample 2,Cell type 1
2773,1.0443830457234633,5.016803073306208,0,Sample 3,Cell type 1
2774,0.6978565093765425,5.146673604590681,0,Sample 3,Cell type 1
2775,-0.17683397082964047,-4.944504157873545,2,Sample 1,Cell type 1
2776,-1.8973274886871139,-3.3663442776576957,2,Sample 1,Cell type 1
2777,1.4950542724350826,-4.664235513314187,2,Sample 1,Cell type 1
2778,0.40219584599265173,3.0053833437359376,1,Sample 4,Cell type 1
2779,-0.14515925539801341,4.914930397974948,1,Sample 4,Cell type 1
2780,-0.3238363035362346,-4.093756242260154,3,Sample 2,Cell type 1
2781,1.001826929565312,-4.870960365869844,2,Sample 1,Cell type 1
2782,-0.7648468413467157,-3.145890569060897,3,Sample 2,Cell type 1
2783,0.19597325688697823,4.594445459703096,0,Sample 3,Cell type 1
2784,0.41355721259869677,-5.1772106103616995,2,Sample 1,Cell type 1
2785,0.015679693262102636,-5.641944031891869,3,Sample 2,Cell type 1
2786,-0.3674887196321953,4.320124504428167,0,Sample 3,Cell type 1
2787,-0.07069036736426826,4.703991176094298,0,Sample 3,Cell type 1
2788,-1.122084217439755,6.399661394549551,0,Sample 3,Cell type 1
2789,-1.113566704761385,-3.636718337552706,2,Sample 1,Cell type 1
2790,-0.002882031272454724,4.073308248645966,0,Sample 3,Cell type 1
2791,1.1196757161166349,3.926297801211908,1,Sample 4,Cell type 1
2792,-1.0297308548674,3.882305451909607,1,Sample 4,Cell type 1
2793,-0.28323256875281905,4.541118581682479,1,Sample 4,Cell type 1
2794,-0.9255531177835771,-4.741996271768076,3,Sample 2,Cell type 1
2795,0.7058664498587274,4.638327733733536,1,Sample 4,Cell type 1
2796,-0.25524314853329455,4.363179314557208,0,Sample 3,Cell type 1
2797,-0.47281476458674565,-4.647952056781484,3,Sample 2,Cell type 1
2798,-0.3299832095103494,-5.59095799866365,2,Sample 1,Cell type 1
2799,-0.6082909129729045,-5.314889265626408,3,Sample 2,Cell type 1
2800,0.634540550574942,4.902354294302978,1,Sample 4,Cell type 1
2801,0.18021129379803963,5.554178204093487,1,Sample 4,Cell type 1
2802,0.9867248610821356,-5.006151196577096,3,Sample 2,Cell type 1
2803,0.0730517828890797,-5.304364723333081,3,Sample 2,Cell type 1
2804,-0.20507254269799377,-5.430438206792111,2,Sample 1,Cell type 1
2805,0.13747147183482497,5.442600975987827,1,Sample 4,Cell type 1
2806,-0.665884458483383,5.377132445109123,0,Sample 3,Cell type 1
2807,1.438149221479618,5.512674289013608,0,Sample 3,Cell type 1
2808,0.9434377472510612,5.054014785128087,0,Sample 3,Cell type 1
2809,0.38108621548497545,5.404376127333301,1,Sample 4,Cell type 1
2810,-0.1929888462850639,5.281644317211438,0,Sample 3,Cell type 1
2811,-0.010797779790347137,4.1538312568352795,0,Sample 3,Cell type 1
2812,-0.2522130671330046,-4.785559657928197,3,Sample 2,Cell type 1
2813,-0.15592662428214482,5.907016077493652,0,Sample 3,Cell type 1
2814,-0.8540963435060756,4.886096411982965,0,Sample 3,Cell type 1
2815,0.5782615159884097,-4.910560673437289,2,Sample 1,Cell type 1
2816,-2.0431369079215638,5.747455928991419,0,Sample 3,Cell type 1
2817,-0.28672286041031086,-5.979999910928041,3,Sample 2,Cell type 1
2818,-0.4853602358122374,5.169026953823578,1,Sample 4,Cell type 1
2819,-1.0720999165238287,-5.388542995660037,3,Sample 2,Cell type 1
2820,-0.5659516358497503,-3.2321154674012287,3,Sample 2,Cell type 1
2821,1.004116630699923,-5.398138018743231,2,Sample 1,Cell type 1
2822,0.6291249695966532,-5.447637028231576,2,Sample 1,Cell type 1
2823,-0.7371608187431371,-5.452314376228321,2,Sample 1,Cell type 1
2824,-1.137448533393475,6.201066921564389,0,Sample 3,Cell type 1
2825,1.3148332072964235,-4.687097698453819,2,Sample 1,Cell type 1
2826,-0.5817097406598949,4.801985091558796,0,Sample 3,Cell type 1
2827,-0.10361379749075261,5.463885828236106,1,Sample 4,Cell type 1
2828,-1.2248860020445778,5.411403804814268,1,Sample 4,Cell type 1
2829,-0.7565968485574249,5.486596953347975,1,Sample 4,Cell type 1
2830,0.13023729447993002,-3.80397575221133,3,Sample 2,Cell type 1
2831,-0.137633087412378,-3.8494646390834384,3,Sample 2,Cell type 1
2832,0.5662015483643804,4.5500265792845855,0,Sample 3,Cell type 1
2833,-0.17110013404371113,-4.223747038569375,2,Sample 1,Cell type 1
2834,0.5135577035549609,-5.216214083491111,3,Sample 2,Cell type 1
2835,1.8310325287042315,-6.410589359122788,3,Sample 2,Cell type 1
2836,-0.6206998585331871,-4.936828763465533,2,Sample 1,Cell type 1
2837,0.5665715386052458,5.186572905010801,0,Sample 3,Cell type 1
2838,0.3971200941871529,-3.339947968521167,2,Sample 1,Cell type 1
2839,-0.0110701968753898,4.448217780748661,1,Sample 4,Cell type 1
2840,-0.4753686979053333,-5.492914766439155,3,Sample 2,Cell type 1
2841,0.2708423010287314,4.249659538770881,1,Sample 4,Cell type 1
2842,0.04950668230970817,-5.742042664649382,2,Sample 1,Cell type 1
2843,1.2323529918213387,-3.99572017576922,3,Sample 2,Cell type 1
2844,1.5965339918271715,7.487934844804289,1,Sample 4,Cell type 1
2845,-0.2908897697710847,4.954443501023146,0,Sample 3,Cell type 1
2846,0.7986487185183684,4.654703749825561,0,Sample 3,Cell type 1
2847,-0.14155778199523952,4.361362204369237,0,Sample 3,Cell type 1
2848,-1.133015087472486,-5.514221106319958,3,Sample 2,Cell type 1
2849,0.6665262133035478,-5.504199436003549,3,Sample 2,Cell type 1
2850,1.1815475408946197,4.0657763589856515,1,Sample 4,Cell type 1
2851,-1.30713836724743,-5.339865078020511,3,Sample 2,Cell type 1
2852,-0.657660809462342,-5.975427573217755,2,Sample 1,Cell type 1
2853,-0.4402441230763361,4.462701305649559,0,Sample 3,Cell type 1
2854,-0.9874790975039377,4.526028592677685,0,Sample 3,Cell type 1
2855,-1.456608222241613,-5.564618786476292,2,Sample 1,Cell type 1
2856,-0.27456474147443016,-6.668633951124003,2,Sample 1,Cell type 1
2857,0.5513315656594685,-5.54690742582911,2,Sample 1,Cell type 1
2858,-0.031644123085324036,5.5452005578981,0,Sample 3,Cell type 1
2859,0.02722192885778564,5.089098081472042,1,Sample 4,Cell type 1
2860,-1.0982875611848513,5.281183920281761,1,Sample 4,Cell type 1
2861,-1.3806453830324774,4.457948278131476,1,Sample 4,Cell type 1
2862,0.7300962580323525,-4.662626453597523,3,Sample 2,Cell type 1
2863,-0.26461991681844216,-5.408128650920174,2,Sample 1,Cell type 1
2864,0.40812597513214677,-3.9819438696571443,2,Sample 1,Cell type 1
2865,-0.8825475049864748,-4.343557197689682,2,Sample 1,Cell type 1
2866,0.9647956132374529,5.621925882211609,1,Sample 4,Cell type 1
2867,0.7346532848018504,3.743599517101458,0,Sample 3,Cell type 1
2868,-0.24066076482583895,-6.301849382357853,3,Sample 2,Cell type 1
2869,0.4039898231843657,5.692604155336097,0,Sample 3,Cell type 1
2870,0.9190125602976829,3.60822897697752,0,Sample 3,Cell type 1
2871,0.22397490105585624,4.099608762161298,0,Sample 3,Cell type 1
2872,-0.21898340173340858,-5.0114162823595105,2,Sample 1,Cell type 1
2873,-0.6475046568662033,-4.234637450891473,2,Sample 1,Cell type 1
2874,-0.6424886671626516,-5.585485846732709,3,Sample 2,Cell type 1
2875,-0.7431411859685844,-5.403302938921331,3,Sample 2,Cell type 1
2876,-0.609270292028976,-5.244811163485927,3,Sample 2,Cell type 1
2877,1.3595487864069677,-5.321436021553307,2,Sample 1,Cell type 1
2878,1.1011971600156303,5.250505712010524,1,Sample 4,Cell type 1
2879,-0.4360697839964723,-3.546595496339916,3,Sample 2,Cell type 1
2880,-0.07178855542978138,6.152093772359578,0,Sample 3,Cell type 1
2881,-0.23595974263362224,5.998193658138987,0,Sample 3,Cell type 1
2882,0.2904034278448615,-6.376862016768376,3,Sample 2,Cell type 1
2883,-1.0799405102890185,-5.364159123852927,3,Sample 2,Cell type 1
2884,-0.6674584363932657,5.611223825258287,1,Sample 4,Cell type 1
2885,0.6045326709954517,-5.177510617033815,2,Sample 1,Cell type 1
2886,0.23181988551713034,6.660320638916351,0,Sample 3,Cell type 1
2887,-0.8239778198215486,-4.9631366226934786,2,Sample 1,Cell type 1
2888,-0.36155949752950217,4.36852919542426,1,Sample 4,Cell type 1
2889,-0.6402683249322431,-5.39918980478329,3,Sample 2,Cell type 1
2890,-0.4866806117434701,-4.525975754145791,2,Sample 1,Cell type 1
2891,0.027417451360177782,-6.344696367390497,3,Sample 2,Cell type 1
2892,0.6724960212036425,5.437386854561104,0,Sample 3,Cell type 1
2893,0.11300571206997059,3.295546816154239,1,Sample 4,Cell type 1
2894,-0.47388476452164285,5.098838156764466,1,Sample 4,Cell type 1
2895,-0.7013576684954343,-4.471632038118759,3,Sample 2,Cell type 1
2896,0.33794797832115187,-5.372950889556979,3,Sample 2,Cell type 1
2897,-1.6604704072628267,4.931144245767285,1,Sample 4,Cell type 1
2898,0.16190669647895617,-6.245560869365183,3,Sample 2,Cell type 1
2899,-0.43699555860198624,5.313443204322037,0,Sample 3,Cell type 1
2900,0.765036001673077,-3.1402613553177456,2,Sample 1,Cell type 1
2901,-0.015934717039784965,-5.19830409526293,3,Sample 2,Cell type 1
2902,1.8429110016838313,3.8164446214882206,1,Sample 4,Cell type 1
2903,0.936158967357283,5.107437197798235,1,Sample 4,Cell type 1
2904,0.6550221150038885,6.230345534730042,1,Sample 4,Cell type 1
2905,-0.8096835002081341,3.676114662507384,0,Sample 3,Cell type 1
2906,-2.0833710853017076,5.159158517437196,1,Sample 4,Cell type 1
2907,-0.36005237718339494,5.498279945877999,0,Sample 3,Cell type 1
2908,-1.183129255019303,5.146687935823325,0,Sample 3,Cell type 1
2909,-0.1732185580289389,-5.751393232545605,3,Sample 2,Cell type 1
2910,-0.7931138795650458,3.277287909117028,0,Sample 3,Cell type 1
2911,1.8253214692310742,4.505886658453043,1,Sample 4,Cell type 1
2912,0.1994468765133831,5.836070779267803,1,Sample 4,Cell type 1
2913,0.432726814848792,-4.2990646662470136,2,Sample 1,Cell type 1
2914,-0.4231821664512122,4.154753885791798,1,Sample 4,Cell type 1
2915,-0.36259872721841074,6.161974027576596,1,Sample 4,Cell type 1
2916,-0.02776941576419465,4.065057569904374,0,Sample 3,Cell type 1
2917,0.657648127995592,6.517434386123158,0,Sample 3,Cell type 1
2918,1.6194476986294821,3.9094607963257513,1,Sample 4,Cell type 1
2919,-1.0341002777218102,4.574265149498248,1,Sample 4,Cell type 1
2920,1.0539152525074607,5.15807968375392,0,Sample 3,Cell type 1
2921,0.3156639883873755,-5.340604483721273,2,Sample 1,Cell type 1
2922,0.5725873929366724,-3.084510479534039,2,Sample 1,Cell type 1
2923,0.32688584616141414,4.753753223088893,1,Sample 4,Cell type 1
2924,0.7822524397489603,3.3154824465277404,1,Sample 4,Cell type 1
2925,0.4863172077732314,5.149287298525087,0,Sample 3,Cell type 1
2926,1.3309862657147788,-4.755805498774918,2,Sample 1,Cell type 1
2927,-0.004448234918456453,-4.057189848161261,2,Sample 1,Cell type 1
2928,0.12412427429228504,-5.318626426834038,3,Sample 2,Cell type 1
2929,1.879260629360606,-5.572834749020672,2,Sample 1,Cell type 1
2930,-0.5918169311783739,-6.067688485528186,2,Sample 1,Cell type 1
2931,-0.9294270751298911,4.773488882604986,1,Sample 4,Cell type 1
2932,0.42384334233222626,6.15325489652632,0,Sample 3,Cell type 1
2933,1.7064266997250135,3.4383297603819987,0,Sample 3,Cell type 1
2934,1.0816314927794608,-3.320473983597992,3,Sample 2,Cell type 1
2935,-0.48454399994863845,-5.02563389654439,3,Sample 2,Cell type 1
2936,1.212355846681798,-4.694612664829992,2,Sample 1,Cell type 1
2937,-0.9500787352236103,5.247856568181622,0,Sample 3,Cell type 1
2938,0.49532340880415826,6.645996375769359,0,Sample 3,Cell type 1
2939,0.2584634184928233,4.79811719829897,0,Sample 3,Cell type 1
2940,0.5484717970387332,-5.1133188688081015,2,Sample 1,Cell type 1
2941,-0.3051915318592742,-6.0563947547240256,3,Sample 2,Cell type 1
2942,0.1794717254224661,5.723214043809051,1,Sample 4,Cell type 1
2943,-0.23805080268799356,6.100565450649295,0,Sample 3,Cell type 1
2944,0.7310172971084685,3.7634161706474134,1,Sample 4,Cell type 1
2945,1.0221319166307399,4.526742888931336,0,Sample 3,Cell type 1
2946,-1.3104232459488134,3.5708996277162504,1,Sample 4,Cell type 1
2947,0.06290815225287248,3.401439452374314,0,Sample 3,Cell type 1
2948,-1.553486927503525,-5.00304330693664,3,Sample 2,Cell type 1
2949,1.2635503133558876,-5.489407711603668,3,Sample 2,Cell type 1
2950,-0.8321589687643786,-4.440947463775619,3,Sample 2,Cell type 1
2951,-0.06447979943740871,4.333555154399393,1,Sample 4,Cell type 1
2952,-1.6991165794478456,4.579395982655392,0,Sample 3,Cell type 1
2953,-0.35652024242399566,-3.3569450479307235,2,Sample 1,Cell type 1
2954,-0.2070368501336819,6.278917736403773,0,Sample 3,Cell type 1
2955,0.5163007596681181,6.0949052460258795,0,Sample 3,Cell type 1
2956,-0.9821439715648458,-5.4730224074957645,2,Sample 1,Cell type 1
2957,-0.0342587050492599,5.046418187846716,1,Sample 4,Cell type 1
2958,0.3170935651738808,-4.864201785623471,3,Sample 2,Cell type 1
2959,0.36901766745426495,-5.7394858669043005,3,Sample 2,Cell type 1
2960,1.4968595858464913,-5.680707271231119,3,Sample 2,Cell type 1
2961,0.549652636687133,6.173232687422883,1,Sample 4,Cell type 1
2962,0.7252353256879711,-4.942198361409667,3,Sample 2,Cell type 1
2963,-1.1034553824116218,4.4152559680464645,0,Sample 3,Cell type 1
2964,-0.571252094385743,-4.057264545949024,3,Sample 2,Cell type 1
2965,-1.8903459484334708,4.19221543623205,0,Sample 3,Cell type 1
2966,0.23310318785275674,-4.974251930370528,3,Sample 2,Cell type 1
2967,-0.1336944642534835,5.117370949146658,0,Sample 3,Cell type 1
2968,-0.4471374778172707,5.301769500051616,0,Sample 3,Cell type 1
2969,0.8847203394858472,4.548842009553406,1,Sample 4,Cell type 1
2970,0.004194959774546533,5.037584475011793,0,Sample 3,Cell type 1
2971,1.4507261588123386,-5.274303089246051,2,Sample 1,Cell type 1
2972,0.40444628257200615,-4.6510114361591555,3,Sample 2,Cell type 1
2973,0.3882879260425521,-5.679283880792179,3,Sample 2,Cell type 1
2974,-1.7226743358969956,5.877722169402957,1,Sample 4,Cell type 1
2975,0.18134739879567774,-5.4492461970645,2,Sample 1,Cell type 1
2976,0.37970678845343375,-4.433926542420305,3,Sample 2,Cell type 1
2977,-0.15269777564254383,-5.158556541103776,2,Sample 1,Cell type 1
2978,1.1800898914478846,-5.154742102864964,3,Sample 2,Cell type 1
2979,-1.0019147555304952,5.290905506099974,1,Sample 4,Cell type 1
2980,-1.003328789596483,-5.444013361235288,3,Sample 2,Cell type 1
2981,1.505619597180027,6.0763360369239825,0,Sample 3,Cell type 1
2982,0.2689159704209831,4.818018992037274,1,Sample 4,Cell type 1
2983,1.08224042791738,-5.373259256962221,3,Sample 2,Cell type 1
2984,-0.4775158277855771,-6.339575568362596,2,Sample 1,Cell type 1
2985,-1.8562524785843388,-4.373896138946785,2,Sample 1,Cell type 1
2986,-0.38211646608320415,3.995891702421284,1,Sample 4,Cell type 1
2987,-1.7740728634870166,-5.934542262280161,3,Sample 2,Cell type 1
2988,0.39314356217615987,5.455808285758917,1,Sample 4,Cell type 1
2989,-0.5836819758459276,5.289133853818482,1,Sample 4,Cell type 1
2990,-0.9513859720617033,-4.156811383053699,2,Sample 1,Cell type 1
2991,-0.17988244463588154,-5.743033665161967,2,Sample 1,Cell type 1
2992,-0.02658399251556864,4.833506514181968,0,Sample 3,Cell type 1
2993,1.2159616047314394,-6.708639878987844,3,Sample 2,Cell type 1
2994,0.8082196694688126,-5.035489164409249,2,Sample 1,Cell type 1
2995,0.6881461107161253,-4.351791964499733,3,Sample 2,Cell type 1
2996,2.162422051524067,-5.184529333311766,2,Sample 1,Cell type 1
2997,1.1742803559978479,-5.024210446077588,3,Sample 2,Cell type 1
2998,0.2666958810087025,-6.994248399516283,3,Sample 2,Cell type 1
2999,0.712306530815829,5.460164012885253,1,Sample 4,Cell type 1
3000,1.0020325848233846,-5.623215537215988,2,Sample 1,Cell type 1
3001,0.18849164648685277,5.616692155109574,0,Sample 3,Cell type 1
3002,0.8831018746530062,5.3801341971963055,1,Sample 4,Cell type 1
3003,0.508263356172965,-5.0941338417542825,3,Sample 2,Cell type 1
3004,-0.677147441167183,-4.259462232397823,2,Sample 1,Cell type 1
3005,0.1278851135979203,4.177859887259233,0,Sample 3,Cell type 1
3006,0.47252386455384743,5.8869628644663266,0,Sample 3,Cell type 1
3007,0.658226224667202,-5.770120809535181,2,Sample 1,Cell type 1
3008,-1.1102948403646415,-4.388911718693262,2,Sample 1,Cell type 1
3009,-0.6429396543757847,6.311293444355254,0,Sample 3,Cell type 1
3010,0.24837820334460115,-5.901811034043318,3,Sample 2,Cell type 1
3011,0.31229295551630054,-5.12312418157975,2,Sample 1,Cell type 1
3012,0.4693550411802198,4.620077074701981,0,Sample 3,Cell type 1
3013,0.9268764632059233,4.343454145318631,0,Sample 3,Cell type 1
3014,0.9008402006177345,4.958885021129211,0,Sample 3,Cell type 1
3015,-0.889264199610841,4.9713395370348294,1,Sample 4,Cell type 1
3016,0.3607701078211815,-4.1946159430183485,2,Sample 1,Cell type 1
3017,-0.8528257373021445,-5.041233766886121,3,Sample 2,Cell type 1
3018,-0.760947496310365,-5.273457456196908,2,Sample 1,Cell type 1
3019,-0.6774807729002917,5.999695124237333,1,Sample 4,Cell type 1
3020,1.4460868062154106,-4.59507387563143,2,Sample 1,Cell type 1
3021,-0.6708686387577849,4.290655262173234,1,Sample 4,Cell type 1
3022,-0.015212966322151064,4.197976508289753,0,Sample 3,Cell type 1
3023,-1.5290535133300034,-4.925616602776472,2,Sample 1,Cell type 1
3024,-0.44291944427774566,4.041697685928921,0,Sample 3,Cell type 1
3025,0.26558426445521166,5.152399743823253,0,Sample 3,Cell type 1
3026,0.7459478967637339,-5.332080231170695,2,Sample 1,Cell type 1
3027,0.16233841668103977,3.7874047080022146,0,Sample 3,Cell type 1
3028,-1.254390612448214,-6.1939698160047945,3,Sample 2,Cell type 1
3029,0.0015814758046486207,-3.7737013154909507,3,Sample 2,Cell type 1
3030,-0.37907147765673294,4.988438183297377,0,Sample 3,Cell type 1
3031,-0.46542562671364324,4.060896028472822,1,Sample 4,Cell type 1
3032,0.0756220540707747,-3.555128705730431,3,Sample 2,Cell type 1
3033,-0.2423081950391945,-3.923120164388594,3,Sample 2,Cell type 1
3034,-1.7694895290636055,6.22674696103706,1,Sample 4,Cell type 1
3035,-0.8052340522237129,5.911902848903236,0,Sample 3,Cell type 1
3036,-0.36363817499475537,4.825077378051971,1,Sample 4,Cell type 1
3037,0.05700299992871399,3.9651938998367235,1,Sample 4,Cell type 1
3038,-0.22310671532060522,5.676126376947457,1,Sample 4,Cell type 1
3039,0.28911648440673116,6.230429253172775,0,Sample 3,Cell type 1
3040,-1.220420136739791,4.446473544095005,0,Sample 3,Cell type 1
3041,-0.2059012299386761,3.6651327408979286,0,Sample 3,Cell type 1
3042,-0.4846886566071147,6.375502324965837,1,Sample 4,Cell type 1
3043,0.19450772411079129,-5.376162671028249,2,Sample 1,Cell type 1
3044,-0.5098461976230358,5.3667093628411875,1,Sample 4,Cell type 1
3045,0.9745557694034048,5.8458946443025805,1,Sample 4,Cell type 1
3046,-0.023373124683188196,-4.379907902728731,2,Sample 1,Cell type 1
3047,-0.7006739251960882,-5.644639723907364,2,Sample 1,Cell type 1
3048,-0.14971541200363903,5.78858399654389,0,Sample 3,Cell type 1
3049,-0.573457856482244,3.506770706341552,0,Sample 3,Cell type 1
3050,1.349713308058052,5.70531180555956,0,Sample 3,Cell type 1
3051,0.7711032934359278,6.768418401273081,0,Sample 3,Cell type 1
3052,-0.5262676430817097,5.683620181653293,1,Sample 4,Cell type 1
3053,0.01505523979247874,4.06267652214595,1,Sample 4,Cell type 1
3054,0.006304147755782522,4.739511158281197,1,Sample 4,Cell type 1
3055,-0.7330567352587358,4.330463436962976,1,Sample 4,Cell type 1
3056,-0.03620344157146918,-5.986481044011884,2,Sample 1,Cell type 1
3057,-0.7636944815600482,-4.585424839643671,3,Sample 2,Cell type 1
3058,0.03617816719998605,5.040958321504868,1,Sample 4,Cell type 1
3059,-1.4351139982943124,3.9156419975101686,1,Sample 4,Cell type 1
3060,-1.2137389573373434,5.600463334017412,1,Sample 4,Cell type 1
3061,-0.26359144017438885,-3.660112261668748,2,Sample 1,Cell type 1
3062,-0.08012326118396224,4.837060999858427,0,Sample 3,Cell type 1
3063,0.2595668834820137,-6.443090234049892,2,Sample 1,Cell type 1
3064,-0.8762164150742437,-7.5413630505568,2,Sample 1,Cell type 1
3065,-0.15056195101825692,-5.082869482724624,2,Sample 1,Cell type 1
3066,0.984699610523788,6.348011422966808,1,Sample 4,Cell type 1
3067,0.2567980509488185,-4.1982110666376595,3,Sample 2,Cell type 1
3068,1.006095245087488,-4.675155102057535,2,Sample 1,Cell type 1
3069,-1.6258830114387077,-6.05724462920884,3,Sample 2,Cell type 1
3070,-0.5401426199795053,4.884385063427586,1,Sample 4,Cell type 1
3071,-1.2850054307215666,-4.684033623741354,3,Sample 2,Cell type 1
3072,-0.7591332166598699,6.397890558332446,1,Sample 4,Cell type 1
3073,-1.064564105064741,-6.74237418575575,2,Sample 1,Cell type 1
3074,-0.6369094425491963,-5.760050797972902,2,Sample 1,Cell type 1
3075,-0.3554346080608893,5.301840394435882,0,Sample 3,Cell type 1
3076,-0.37603371820760123,5.212702583721639,1,Sample 4,Cell type 1
3077,-0.48658120595580745,5.290492502195619,1,Sample 4,Cell type 1
3078,-0.5007328141476817,-5.782603950448382,3,Sample 2,Cell type 1
3079,-1.083003739767807,-4.412418603999026,3,Sample 2,Cell type 1
3080,0.6084048956673141,-6.394358024389332,2,Sample 1,Cell type 1
3081,-0.4714657851418895,-5.366910908880867,2,Sample 1,Cell type 1
3082,-0.2504464244185235,4.999433124338683,1,Sample 4,Cell type 1
3083,0.09416593476876649,-6.337409018662534,3,Sample 2,Cell type 1
3084,2.168635439232426,-5.050996228403173,3,Sample 2,Cell type 1
3085,-1.3252985661422192,4.5804414909898785,1,Sample 4,Cell type 1
3086,-0.599486151538222,-5.17722927806699,2,Sample 1,Cell type 1
3087,-2.280024087453746,-4.564334079365097,3,Sample 2,Cell type 1
3088,-1.182817592293942,4.424124633284233,0,Sample 3,Cell type 1
3089,0.6383802036655243,-5.44408738234268,3,Sample 2,Cell type 1
3090,-0.8102648962675391,5.2513978660762195,0,Sample 3,Cell type 1
3091,0.5450898612602443,-5.922953825071887,2,Sample 1,Cell type 1
3092,-0.17361364033949633,4.753213769235344,1,Sample 4,Cell type 1
3093,0.47046134013426544,-4.230123864586744,3,Sample 2,Cell type 1
3094,0.3406749269038633,5.334564604710378,1,Sample 4,Cell type 1
3095,-0.11151776053058733,5.5917225213797375,1,Sample 4,Cell type 1
3096,0.8523010178076822,-5.206436412488929,3,Sample 2,Cell type 1
3097,-0.6260788779348713,-4.434374112311372,2,Sample 1,Cell type 1
3098,1.0336482674612182,-5.599337381282593,2,Sample 1,Cell type 1
3099,0.5300288267188904,-5.658284721214746,3,Sample 2,Cell type 1
3100,-0.5881608278105973,-3.6750333983541634,2,Sample 1,Cell type 1
3101,-0.5538806193870354,-5.527231419910916,2,Sample 1,Cell type 1
3102,-0.9648178971264951,-5.708776587118222,3,Sample 2,Cell type 1
3103,-0.0018951329062464454,-5.434885516874442,3,Sample 2,Cell type 1
3104,-1.2860478914951794,4.389820177147029,1,Sample 4,Cell type 1
3105,0.7323122204481294,4.560367780323572,1,Sample 4,Cell type 1
3106,-2.1700900510483505,-5.119564554531991,3,Sample 2,Cell type 1
3107,0.3050476898118277,-4.750677715196177,2,Sample 1,Cell type 1
3108,0.4913333600347402,5.606006168037844,0,Sample 3,Cell type 1
3109,-0.19895290094683768,6.285876460815994,0,Sample 3,Cell type 1
3110,-0.4592660616698157,-5.224900387910469,2,Sample 1,Cell type 1
3111,1.7258465706124029,4.515428061597329,0,Sample 3,Cell type 1
3112,0.5036236673774487,4.356547392272006,1,Sample 4,Cell type 1
3113,-0.7519742633200532,-4.618679167359554,2,Sample 1,Cell type 1
3114,0.11172133937271728,-4.947980295048976,3,Sample 2,Cell type 1
3115,0.43662937082588443,-6.737257123808358,2,Sample 1,Cell type 1
3116,0.6226888609333102,4.559051426937173,0,Sample 3,Cell type 1
3117,-0.7710071409684888,4.234279268083966,1,Sample 4,Cell type 1
3118,1.0603456872760628,3.8745479924019692,1,Sample 4,Cell type 1
3119,0.31393277374301365,4.592829099434001,1,Sample 4,Cell type 1
3120,-0.3998979443286814,-4.565574176568278,3,Sample 2,Cell type 1
3121,0.18836463608889148,-7.950692233142755,3,Sample 2,Cell type 1
3122,-0.37169383783871446,5.160927724698271,0,Sample 3,Cell type 1
3123,0.8865462533900133,4.1680752582995755,0,Sample 3,Cell type 1
3124,-0.5876732614384393,4.351798050388496,0,Sample 3,Cell type 1
3125,-1.7416520371542838,5.142781331108312,1,Sample 4,Cell type 1
3126,1.1484567945308988,-6.462724704673571,3,Sample 2,Cell type 1
3127,-0.30032595718716953,-5.039063868746963,3,Sample 2,Cell type 1
3128,-0.3653580920185971,-4.728805188952464,3,Sample 2,Cell type 1
3129,-0.533478973561251,-4.84166666612634,2,Sample 1,Cell type 1
3130,0.16186303713824163,6.305485519271287,1,Sample 4,Cell type 1
3131,0.17334649517142897,-5.242680053981707,2,Sample 1,Cell type 1
3132,-0.2678202656852327,4.677081229406403,0,Sample 3,Cell type 1
3133,0.368637794892774,-6.217867454625395,3,Sample 2,Cell type 1
3134,0.1318086729892134,5.040710161484815,1,Sample 4,Cell type 1
3135,0.5636052318597785,5.631245349900415,1,Sample 4,Cell type 1
3136,1.732044854245282,5.952438875474877,1,Sample 4,Cell type 1
3137,1.0413930315190385,6.249208957381482,0,Sample 3,Cell type 1
3138,-1.1881489301599457,-6.639579588535745,3,Sample 2,Cell type 1
3139,0.034811734914772866,5.446511611614805,1,Sample 4,Cell type 1
3140,0.9099048781031313,-4.680424501918252,3,Sample 2,Cell type 1
3141,-0.7744366068081963,4.751753835692077,1,Sample 4,Cell type 1
3142,0.25980659162683345,-4.535545850371508,3,Sample 2,Cell type 1
3143,0.26998565978111927,-5.210646245502333,3,Sample 2,Cell type 1
3144,0.28622988827862667,5.448627621094587,0,Sample 3,Cell type 1
3145,-0.04632619990152698,-5.58809344057967,2,Sample 1,Cell type 1
3146,-0.3728292014945938,3.7242375461865636,0,Sample 3,Cell type 1
3147,-0.15655882491752116,-4.151928208073068,2,Sample 1,Cell type 1
3148,-0.0667503758322887,3.840283824241176,1,Sample 4,Cell type 1
3149,-0.7088321975827018,-5.2660635038799,3,Sample 2,Cell type 1
3150,-0.9859449913312002,-4.238030423571065,2,Sample 1,Cell type 1
3151,-0.4798576186558795,-6.247029596019074,2,Sample 1,Cell type 1
3152,-0.31814375489168323,4.052775553421952,1,Sample 4,Cell type 1
3153,-0.14652037684263575,4.714661492656103,1,Sample 4,Cell type 1
3154,-0.5538002634127172,3.424861486067133,1,Sample 4,Cell type 1
3155,-1.2659423792189122,-4.346530390855215,2,Sample 1,Cell type 1
3156,-0.7886430469342613,4.772675921656962,1,Sample 4,Cell type 1
3157,-0.40495124886826894,-5.143611659897984,3,Sample 2,Cell type 1
3158,-0.23974131840542967,4.959836306366604,1,Sample 4,Cell type 1
3159,1.6513761078819287,-4.873524099306552,3,Sample 2,Cell type 1
3160,0.3857991621445258,4.0098700621381616,1,Sample 4,Cell type 1
3161,1.2131152442028583,5.481694656313987,1,Sample 4,Cell type 1
3162,-1.3020339503065301,5.038467957329106,0,Sample 3,Cell type 1
3163,-0.31030062548997567,-3.955142236902697,3,Sample 2,Cell type 1
3164,0.06064364655498107,4.45827063079031,0,Sample 3,Cell type 1
3165,-1.7223308126060126,-5.024629201930733,3,Sample 2,Cell type 1
3166,-0.34941138979057396,3.714738319409056,1,Sample 4,Cell type 1
3167,0.39315640871552165,-5.183264824737368,3,Sample 2,Cell type 1
3168,0.5687679745627933,5.355410649188832,0,Sample 3,Cell type 1
3169,0.5753349330843498,-3.544182570149922,3,Sample 2,Cell type 1
3170,1.0806818645592045,-5.522943312509935,2,Sample 1,Cell type 1
3171,-0.0792754401930152,4.51774347537283,1,Sample 4,Cell type 1
3172,-0.520525297068956,-5.261318050550889,3,Sample 2,Cell type 1
3173,0.45240771650523537,3.5913897926753457,0,Sample 3,Cell type 1
3174,1.1491436156470936,-5.563133060332436,3,Sample 2,Cell type 1
3175,1.9881519333431132,5.2118202487823835,1,Sample 4,Cell type 1
3176,-0.8567139984488898,5.385977932194548,0,Sample 3,Cell type 1
3177,0.7891012047247496,-5.569578581807138,2,Sample 1,Cell type 1
3178,0.705126023138857,5.5769082900364655,1,Sample 4,Cell type 1
3179,-1.1166313617539882,5.47307939340672,1,Sample 4,Cell type 1
3180,0.3318924002895284,5.370630824094485,1,Sample 4,Cell type 1
3181,0.771324707337583,-5.244355761953345,3,Sample 2,Cell type 1
3182,0.570169623089065,3.493479833553133,1,Sample 4,Cell type 1
3183,-0.021124605567141626,5.224128927055686,0,Sample 3,Cell type 1
3184,-1.6696216148816552,4.53230581547424,1,Sample 4,Cell type 1
3185,-0.5433845225543641,-7.3314047918535525,2,Sample 1,Cell type 1
3186,1.9227324681906202,4.953904962373132,0,Sample 3,Cell type 1
3187,-0.835869051122457,-3.572861923838585,3,Sample 2,Cell type 1
3188,0.895750222842705,-4.773557470193077,3,Sample 2,Cell type 1
3189,0.8288701208370048,3.8616200597906616,1,Sample 4,Cell type 1
3190,-0.6467948823145502,4.598594365132371,0,Sample 3,Cell type 1
3191,-0.8850679792048226,4.043034700735463,0,Sample 3,Cell type 1
3192,-1.6622494558849574,4.743761756370686,1,Sample 4,Cell type 1
3193,0.742472488792865,-6.416384910220863,3,Sample 2,Cell type 1
3194,-1.1810100352014234,-3.555540453850548,3,Sample 2,Cell type 1
3195,-0.2581438710737086,4.799333586835962,0,Sample 3,Cell type 1
3196,-0.7760994083037149,4.681953787606623,1,Sample 4,Cell type 1
3197,-0.8012960079159325,4.775119765691236,0,Sample 3,Cell type 1
3198,0.1523391119400462,5.359374977028027,1,Sample 4,Cell type 1
3199,-0.9434952973060938,5.13780350912883,1,Sample 4,Cell type 1
3200,-0.00921207046131608,-4.175472153406752,3,Sample 2,Cell type 1
3201,-0.18039473866770886,-4.763590646727729,3,Sample 2,Cell type 1
3202,-0.834062155736461,4.062212997250688,1,Sample 4,Cell type 1
3203,0.01473470335164136,6.341149849820226,0,Sample 3,Cell type 1
3204,0.24706641007917104,6.361771955708191,0,Sample 3,Cell type 1
3205,-0.9583731433738093,-4.290336178842971,2,Sample 1,Cell type 1
3206,-1.2583914056582888,-5.842037753496088,3,Sample 2,Cell type 1
3207,1.747277386704365,5.456405766683613,1,Sample 4,Cell type 1
3208,-0.292257241049687,5.147744244691927,0,Sample 3,Cell type 1
3209,-2.1980038741801877,4.600215859078696,1,Sample 4,Cell type 1
3210,0.2768938630381782,-4.6063885755464815,3,Sample 2,Cell type 1
3211,0.7854123895932754,4.740134893193102,0,Sample 3,Cell type 1
3212,-0.01328827386072719,-5.084655005998158,2,Sample 1,Cell type 1
3213,-0.08274497943222714,4.008757837978686,1,Sample 4,Cell type 1
3214,0.42736628989973974,-5.581393523905615,3,Sample 2,Cell type 1
3215,0.945254173135317,-3.1250767577499,2,Sample 1,Cell type 1
3216,-0.015535684710186088,4.75745617373258,0,Sample 3,Cell type 1
3217,0.18897891701138644,-5.751324455816546,3,Sample 2,Cell type 1
3218,1.1698036832277832,-5.232363132982231,3,Sample 2,Cell type 1
3219,1.010965342123735,4.322947218027411,1,Sample 4,Cell type 1
3220,0.7353831476601629,4.465484731568805,0,Sample 3,Cell type 1
3221,0.7805707021354001,-4.999395594036324,2,Sample 1,Cell type 1
3222,-0.18504075434375955,-5.461135661067875,2,Sample 1,Cell type 1
3223,0.009490143344627364,-5.784630406730847,3,Sample 2,Cell type 1
3224,0.4299296022563046,-4.4861590119910595,3,Sample 2,Cell type 1
3225,0.13492373757338214,5.353552519655527,0,Sample 3,Cell type 1
3226,-0.18217569186860227,-4.427605522584412,2,Sample 1,Cell type 1
3227,-0.46564906727440997,-4.680764687482779,3,Sample 2,Cell type 1
3228,-1.2657785333971823,-4.959817840667456,2,Sample 1,Cell type 1
3229,1.1480699193777884,-5.277841831166274,2,Sample 1,Cell type 1
3230,-0.455866342591007,5.263606988458407,1,Sample 4,Cell type 1
3231,0.3055483617852427,5.344033317752856,0,Sample 3,Cell type 1
3232,0.6076119099888864,-5.23340690580683,2,Sample 1,Cell type 1
3233,2.2921696184687703,-5.721594119554558,3,Sample 2,Cell type 1
3234,0.13867333149632657,5.195162558326801,1,Sample 4,Cell type 1
3235,-0.18383970446015507,4.318874852591749,1,Sample 4,Cell type 1
3236,0.07766203947843231,5.774915992426312,0,Sample 3,Cell type 1
3237,0.9766570390504383,4.298580975030524,1,Sample 4,Cell type 1
3238,-0.945499300336641,5.359579130265845,1,Sample 4,Cell type 1
3239,-0.49901516855664413,6.531225083093429,0,Sample 3,Cell type 1
3240,-0.6136539643202404,-5.483070637994549,2,Sample 1,Cell type 1
3241,-0.55741745474366,5.4656212536677815,1,Sample 4,Cell type 1
3242,1.5182136133967816,4.241685826184811,1,Sample 4,Cell type 1
3243,-0.2681952654944214,-6.072851770641255,2,Sample 1,Cell type 1
3244,-0.42050474718830755,-4.974074389327891,2,Sample 1,Cell type 1
3245,0.26902231139805005,-5.589623488922157,3,Sample 2,Cell type 1
3246,1.1768277526536832,-5.559596176134114,2,Sample 1,Cell type 1
3247,-0.2351735581313458,4.942720598513547,1,Sample 4,Cell type 1
3248,-0.13630861231055677,-5.6502588722692515,2,Sample 1,Cell type 1
3249,0.06816755970712085,2.607091223279421,1,Sample 4,Cell type 1
3250,-0.16051143906034548,-4.705991671567518,2,Sample 1,Cell type 1
3251,0.5542846046542492,5.587710036367464,1,Sample 4,Cell type 1
3252,0.6883787906877963,4.533538049144849,0,Sample 3,Cell type 1
3253,0.16762738421023549,-5.873300137727282,2,Sample 1,Cell type 1
3254,0.5625140337760032,-4.57343414568055,2,Sample 1,Cell type 1
3255,1.0885268766709209,3.9529436807047102,1,Sample 4,Cell type 1
3256,-0.7149968152669715,-5.310371975125962,2,Sample 1,Cell type 1
3257,-0.007430849254252598,-4.75441514185101,2,Sample 1,Cell type 1
3258,0.6319357777446819,-4.224344779397675,2,Sample 1,Cell type 1
3259,0.4168979427034707,5.516172468760046,0,Sample 3,Cell type 1
3260,0.3579151496551805,-5.40098728623217,2,Sample 1,Cell type 1
3261,0.11634177392460752,-5.5629683194651465,3,Sample 2,Cell type 1
3262,0.309058654249248,4.836423023211103,1,Sample 4,Cell type 1
3263,-0.09675851888622526,5.335625955125622,0,Sample 3,Cell type 1
3264,0.3936150783942394,4.579172125865936,1,Sample 4,Cell type 1
3265,-0.5238158204991594,-5.408486799438063,3,Sample 2,Cell type 1
3266,-0.42877075609123844,5.646446238624916,0,Sample 3,Cell type 1
3267,-0.39449825791981763,6.1549056027750515,1,Sample 4,Cell type 1
3268,-1.9482498654263107,-4.4526694331128365,2,Sample 1,Cell type 1
3269,-0.14631715288387212,6.099901135318548,0,Sample 3,Cell type 1
3270,-0.08397416605089916,-4.509767406733368,2,Sample 1,Cell type 1
3271,0.1918861966794373,-4.610952005319823,2,Sample 1,Cell type 1
3272,-0.41182613993179357,-4.805175836650925,2,Sample 1,Cell type 1
3273,0.28200397468550364,4.5437189068690556,1,Sample 4,Cell type 1
3274,-0.9044922679500211,5.498168979120215,1,Sample 4,Cell type 1
3275,0.6145657733053899,5.17231720436503,1,Sample 4,Cell type 1
3276,-0.03646881308439825,5.194671559458153,0,Sample 3,Cell type 1
3277,-0.4196536110136408,6.081762143093716,1,Sample 4,Cell type 1
3278,-0.0788705058274094,5.015079698355878,0,Sample 3,Cell type 1
3279,-1.125834754793922,-6.038483122949726,3,Sample 2,Cell type 1
3280,0.06760411655429006,-4.361604360310211,2,Sample 1,Cell type 1
3281,0.27068595354876773,-5.794062405383058,2,Sample 1,Cell type 1
3282,0.36280697004357393,4.2141647725962565,1,Sample 4,Cell type 1
3283,-0.888460676372663,6.401816354738898,0,Sample 3,Cell type 1
3284,-1.7519373639828428,5.955673776410984,1,Sample 4,Cell type 1
3285,-1.017238816713827,-5.922467465391826,3,Sample 2,Cell type 1
3286,1.5183098341269645,-5.091050030731006,3,Sample 2,Cell type 1
3287,-0.6302270015265912,4.503321921399107,0,Sample 3,Cell type 1
3288,-2.108598191213502,5.002700405277729,1,Sample 4,Cell type 1
3289,-0.022011924040509005,6.417801277335795,0,Sample 3,Cell type 1
3290,0.699191800805506,-4.937248603133064,3,Sample 2,Cell type 1
3291,-0.06069716054801866,-6.347734061781109,2,Sample 1,Cell type 1
3292,-0.5967537011804811,-5.529233154012234,2,Sample 1,Cell type 1
3293,-0.98890863682437,-3.996529311394128,2,Sample 1,Cell type 1
3294,-0.7701860522276899,4.834710976243163,1,Sample 4,Cell type 1
3295,0.31296746178991514,-4.53457458349731,3,Sample 2,Cell type 1
3296,-0.21971499949303797,-5.365774831455357,3,Sample 2,Cell type 1
3297,-0.33077212889862084,5.208224405266309,1,Sample 4,Cell type 1
3298,0.0025181815250613065,-4.016007705249054,2,Sample 1,Cell type 1
3299,-0.49811948938756156,5.155685964189794,0,Sample 3,Cell type 1
3300,1.1027757019692037,-4.907340330218443,2,Sample 1,Cell type 1
3301,-0.8401492298893356,-5.777838595787868,3,Sample 2,Cell type 1
3302,-0.08347423438951354,-4.685354359995741,2,Sample 1,Cell type 1
3303,-1.1852646172410946,-6.071575819966205,3,Sample 2,Cell type 1
3304,-0.04887800640469451,-5.5990398368160434,3,Sample 2,Cell type 1
3305,0.7008374340238355,6.178136540600786,1,Sample 4,Cell type 1
3306,-0.19706822494387854,-6.84117737413599,3,Sample 2,Cell type 1
3307,0.3492478433261343,5.723147872868957,0,Sample 3,Cell type 1
3308,0.2581748482704716,4.338215245158142,0,Sample 3,Cell type 1
3309,0.515299014280087,-4.9344089489402245,2,Sample 1,Cell type 1
3310,0.06286162377531984,3.29701272446815,1,Sample 4,Cell type 1
3311,-0.026890051762970407,5.363792729712907,1,Sample 4,Cell type 1
3312,-0.13473576962310493,-4.517083408831409,3,Sample 2,Cell type 1
3313,0.14393149563713345,-4.329735571816416,2,Sample 1,Cell type 1
3314,0.08494633555217303,-5.510246954287949,3,Sample 2,Cell type 1
3315,0.5838183496273563,-5.744801369305954,3,Sample 2,Cell type 1
3316,0.6524008179554102,4.961529194135382,1,Sample 4,Cell type 1
3317,0.44232418287958525,-5.749273604994913,3,Sample 2,Cell type 1
3318,-2.4156097246566604,5.147079635802956,1,Sample 4,Cell type 1
3319,0.05402256375033907,3.8602014510292344,0,Sample 3,Cell type 1
3320,0.4576459533713153,4.950247186400551,1,Sample 4,Cell type 1
3321,1.2937700599748991,5.08348475001857,1,Sample 4,Cell type 1
3322,0.6131107812579195,-5.331115953819886,3,Sample 2,Cell type 1
3323,1.833529013454949,-3.506030396670919,3,Sample 2,Cell type 1
3324,-1.1487276190948221,3.9473473468579945,1,Sample 4,Cell type 1
3325,-0.1963104928022964,4.397011068514008,0,Sample 3,Cell type 1
3326,-0.053742632039484206,4.427392008711399,1,Sample 4,Cell type 1
3327,-0.5485399340721042,-4.343761300392828,3,Sample 2,Cell type 1
3328,0.6152253243538204,-5.421911249311696,3,Sample 2,Cell type 1
3329,-0.541537600244767,5.489341031072694,0,Sample 3,Cell type 1
3330,0.40222754151615536,6.437088658341571,1,Sample 4,Cell type 1
3331,0.11190978627130191,5.796894571928903,1,Sample 4,Cell type 1
3332,0.06961318431390924,-5.828914857580157,2,Sample 1,Cell type 1
3333,-0.23905607122336334,-5.286595502326007,3,Sample 2,Cell type 1
3334,0.14115324422178016,4.706377728733342,0,Sample 3,Cell type 1
3335,-1.5738600513807957,-5.016995823420993,2,Sample 1,Cell type 1
3336,0.0008879557498345172,-6.235547078598596,2,Sample 1,Cell type 1
3337,1.2227747411300254,5.406268605031699,0,Sample 3,Cell type 1
3338,-0.22004135772131522,3.1584630682115318,0,Sample 3,Cell type 1
3339,0.16708283402746538,-4.953429818331955,3,Sample 2,Cell type 1
3340,0.41223545729957395,4.3325745519723,1,Sample 4,Cell type 1
3341,0.7203188707160509,5.360980255454806,1,Sample 4,Cell type 1
3342,0.14814042946393124,5.340355891347338,1,Sample 4,Cell type 1
3343,-0.22317034426544682,4.776191865203333,1,Sample 4,Cell type 1
3344,1.5466877981714857,-4.79459936107057,3,Sample 2,Cell type 1
3345,0.6970378379657953,3.9232162558026014,0,Sample 3,Cell type 1
3346,0.04324133027680075,-4.899561130679081,3,Sample 2,Cell type 1
3347,0.6861276985616156,4.872049176029258,0,Sample 3,Cell type 1
3348,-1.435353493239549,-4.1334838298714125,3,Sample 2,Cell type 1
3349,1.9106975942963509,-4.052594683843061,2,Sample 1,Cell type 1
3350,-1.211064400995883,-4.495299517123075,3,Sample 2,Cell type 1
3351,0.6744842658585921,-4.069729137972011,2,Sample 1,Cell type 1
3352,0.7737424979511597,-4.604818094235484,3,Sample 2,Cell type 1
3353,-0.12833550558027818,-2.999279601652575,2,Sample 1,Cell type 1
3354,0.5401096451255366,-6.372826598648551,3,Sample 2,Cell type 1
3355,0.7827376896224281,5.417714036747149,1,Sample 4,Cell type 1
3356,1.87026219631064,-5.688605441361456,3,Sample 2,Cell type 1
3357,0.32925257533142555,-5.75312253520162,3,Sample 2,Cell type 1
3358,-0.18873322344969914,-5.3255081956035,2,Sample 1,Cell type 1
3359,-0.6486860089682707,3.993937712868307,1,Sample 4,Cell type 1
3360,0.738806892837895,-5.840498657462241,2,Sample 1,Cell type 1
3361,-0.4249714356860788,5.387101320950432,1,Sample 4,Cell type 1
3362,-1.4957933597563366,4.689183379853593,1,Sample 4,Cell type 1
3363,-0.6241593032939702,6.064459923231232,1,Sample 4,Cell type 1
3364,0.42668739576435954,5.671574803614724,1,Sample 4,Cell type 1
3365,0.07072550903347789,6.182024064844209,0,Sample 3,Cell type 1
3366,-0.44542301827469305,-4.973888930647303,3,Sample 2,Cell type 1
3367,-0.015898908294649256,-5.085811812648753,2,Sample 1,Cell type 1
3368,0.6563857449578913,5.405819224885838,0,Sample 3,Cell type 1
3369,0.19798443811208374,-5.007731537050677,3,Sample 2,Cell type 1
3370,-0.39008497925799485,4.653953449744304,0,Sample 3,Cell type 1
3371,-0.329141285692802,5.923120587404598,1,Sample 4,Cell type 1
3372,-1.1066726215772884,-4.278617042287781,3,Sample 2,Cell type 1
3373,-0.27613176435983716,-4.608596371938938,2,Sample 1,Cell type 1
3374,-0.9617196208608711,4.683455430594989,1,Sample 4,Cell type 1
3375,-1.3977773335722046,-4.924303164264513,2,Sample 1,Cell type 1
3376,0.20580273688920137,-5.275581767001962,3,Sample 2,Cell type 1
3377,-1.182089925535556,-4.793919314081497,3,Sample 2,Cell type 1
3378,1.1418442914313731,-5.3355478021268405,2,Sample 1,Cell type 1
3379,0.9791590025168038,-5.158096374236773,2,Sample 1,Cell type 1
3380,0.47028471051018805,-4.504208972237705,2,Sample 1,Cell type 1
3381,-0.2215114846150429,-5.537376631406461,3,Sample 2,Cell type 1
3382,0.8778401500349671,-6.252518425284477,2,Sample 1,Cell type 1
3383,2.3483249651107747,-5.822339012008591,3,Sample 2,Cell type 1
3384,0.6787447057642277,3.202488532812316,1,Sample 4,Cell type 1
3385,0.77112554726069,-5.016079001415721,2,Sample 1,Cell type 1
3386,-0.4861170762987781,-5.1098487726311035,2,Sample 1,Cell type 1
3387,0.49021912405005574,4.157267549461075,0,Sample 3,Cell type 1
3388,-1.2668707118300642,-4.669600870289762,2,Sample 1,Cell type 1
3389,-0.8290473978990163,-5.1627689128642436,2,Sample 1,Cell type 1
3390,-0.12157390585283111,-4.151884945062984,2,Sample 1,Cell type 1
3391,0.6800634659340427,-4.665855398208479,2,Sample 1,Cell type 1
3392,0.5767975623245086,-5.436148995781058,2,Sample 1,Cell type 1
3393,0.5239804673773518,5.648638916473368,1,Sample 4,Cell type 1
3394,1.5869069219488157,-4.990495652385767,3,Sample 2,Cell type 1
3395,-0.6266026338689897,4.742350787035459,0,Sample 3,Cell type 1
3396,1.5932426417637873,4.334350956120114,1,Sample 4,Cell type 1
3397,-0.29049332892445323,-6.6059654885960075,2,Sample 1,Cell type 1
3398,-0.14867660175419783,5.247999186532444,1,Sample 4,Cell type 1
3399,0.5268354181382644,6.608163631013079,0,Sample 3,Cell type 1
3400,0.5674820115642538,-4.984433395584894,2,Sample 1,Cell type 1
3401,0.11666917617230713,-4.53176045078693,2,Sample 1,Cell type 1
3402,0.9768269564202824,5.465678162774893,0,Sample 3,Cell type 1
3403,0.9272592519647183,4.730996209055142,1,Sample 4,Cell type 1
3404,-0.04121834281971685,-4.597527705101003,2,Sample 1,Cell type 1
3405,-0.6620721765189758,5.0689151064371,0,Sample 3,Cell type 1
3406,-0.23235318560891952,-4.644683863130194,3,Sample 2,Cell type 1
3407,-0.09217938604175807,-5.307954310728065,2,Sample 1,Cell type 1
3408,-1.5578739793126515,-4.21723375546676,3,Sample 2,Cell type 1
3409,-0.6830584700035017,-5.514546673621624,3,Sample 2,Cell type 1
3410,0.6785393701333345,4.013981348185193,1,Sample 4,Cell type 1
3411,0.4791970733474113,-4.317320818127882,3,Sample 2,Cell type 1
3412,-0.25627784655545616,5.339332757121533,0,Sample 3,Cell type 1
3413,1.5936293087674471,-3.5328827631804995,3,Sample 2,Cell type 1
3414,0.07814087883906538,4.381592172915627,0,Sample 3,Cell type 1
3415,0.6956847360845282,6.084510287043961,0,Sample 3,Cell type 1
3416,-0.7977826299510209,-5.847229697609678,3,Sample 2,Cell type 1
3417,1.4039464573177933,5.01472130462675,1,Sample 4,Cell type 1
3418,0.5109841776233477,4.0855960698156135,0,Sample 3,Cell type 1
3419,-0.47311578387043796,-3.7558411726821266,3,Sample 2,Cell type 1
3420,1.1226959761001527,5.558322618031222,1,Sample 4,Cell type 1
3421,0.6173589685186758,2.7211659034959395,0,Sample 3,Cell type 1
3422,-1.2204573664488672,-5.9233307078236335,3,Sample 2,Cell type 1
3423,-0.8918577498819314,-4.042471240990918,2,Sample 1,Cell type 1
3424,0.759643308353059,3.812081625240077,0,Sample 3,Cell type 1
3425,-1.1346925863464254,3.591352950415379,0,Sample 3,Cell type 1
3426,-0.4033438648061372,4.934781861518683,1,Sample 4,Cell type 1
3427,0.0734019875586983,5.201792317141342,1,Sample 4,Cell type 1
3428,-0.7162770578904194,4.673519328671824,1,Sample 4,Cell type 1
3429,0.25708577236021846,5.337536603388227,0,Sample 3,Cell type 1
3430,-1.4249267315725067,-6.784374415299567,2,Sample 1,Cell type 1
3431,0.8297451245192402,-5.728389362825217,3,Sample 2,Cell type 1
3432,0.24640792177387275,-6.042275810819796,2,Sample 1,Cell type 1
3433,1.1590560866701725,-5.252065542327139,3,Sample 2,Cell type 1
3434,0.37149589083725937,4.55955845463321,1,Sample 4,Cell type 1
3435,1.2688134529162818,4.009747600938521,0,Sample 3,Cell type 1
3436,1.043472194302522,3.67000640957146,0,Sample 3,Cell type 1
3437,-1.58039021697371,5.600879563605848,1,Sample 4,Cell type 1
3438,-0.6717774737446209,4.520485883644782,0,Sample 3,Cell type 1
3439,0.08228686234586727,-4.880526471152096,2,Sample 1,Cell type 1
3440,-0.7162834989273601,-4.149717045573427,3,Sample 2,Cell type 1
3441,-0.24642742734859302,5.623728425815472,0,Sample 3,Cell type 1
3442,-0.06371311299657212,5.361897436999787,0,Sample 3,Cell type 1
3443,1.4119310444406172,-2.7662329056720307,3,Sample 2,Cell type 1
3444,0.047187377271677905,5.357498000642158,1,Sample 4,Cell type 1
3445,0.5800766294783978,5.412942629691967,0,Sample 3,Cell type 1
3446,0.34781605164551294,5.380344546021298,1,Sample 4,Cell type 1
3447,0.748844934348813,-4.378450637654787,3,Sample 2,Cell type 1
3448,-0.2681102249371614,5.273870267591697,1,Sample 4,Cell type 1
3449,-0.6182601716300575,4.810545114607993,0,Sample 3,Cell type 1
3450,-0.8969949920755135,-4.256472012167348,2,Sample 1,Cell type 1
3451,-0.691106368471813,6.023571945326201,1,Sample 4,Cell type 1
3452,-0.12844768760143793,-5.444228882080829,3,Sample 2,Cell type 1
3453,-0.6128966644885367,-5.902450043846155,2,Sample 1,Cell type 1
3454,0.0876572640622865,-5.33315074659842,3,Sample 2,Cell type 1
3455,0.26148432048834985,-6.111438984168792,2,Sample 1,Cell type 1
3456,0.39927665291019954,-6.353816665314663,2,Sample 1,Cell type 1
3457,-1.056702684301854,-4.382878564076987,2,Sample 1,Cell type 1
3458,-0.3722483654240427,4.915241316556691,0,Sample 3,Cell type 1
3459,-0.271297823416031,5.296048892215165,1,Sample 4,Cell type 1
3460,0.8014598829455498,4.601943329291834,1,Sample 4,Cell type 1
3461,-0.44664140315682443,4.119876613622644,1,Sample 4,Cell type 1
3462,-0.8685981686252395,-4.976163067902861,3,Sample 2,Cell type 1
3463,-1.0243434819970265,6.403835345587492,0,Sample 3,Cell type 1
3464,0.030590395968022672,3.8411268682931645,1,Sample 4,Cell type 1
3465,-0.3661065994700922,-4.851449135665009,2,Sample 1,Cell type 1
3466,1.2644325492546988,4.187924646537705,1,Sample 4,Cell type 1
3467,2.3592755402469803,5.99574366458943,1,Sample 4,Cell type 1
3468,-0.08898084907896026,4.276873886828168,0,Sample 3,Cell type 1
3469,-1.1121775401227703,5.126209151435016,1,Sample 4,Cell type 1
3470,0.09813625279583643,6.2997427667756485,0,Sample 3,Cell type 1
3471,-0.44973442126264174,4.832622501004378,0,Sample 3,Cell type 1
3472,0.39296613232959704,4.713576496202411,1,Sample 4,Cell type 1
3473,0.4698099307713414,-5.164502282914598,2,Sample 1,Cell type 1
3474,-0.7113926625826594,5.764240446590202,1,Sample 4,Cell type 1
3475,-0.566041828235285,-5.4310322436613685,3,Sample 2,Cell type 1
3476,0.25561973662636434,6.322893814793828,1,Sample 4,Cell type 1
3477,-0.38227188056303296,-5.035685225746401,3,Sample 2,Cell type 1
3478,-0.12471854234933402,4.56137016280752,1,Sample 4,Cell type 1
3479,0.7308677009865996,4.357456839455724,0,Sample 3,Cell type 1
3480,1.7616111397276928,-5.284873638895244,3,Sample 2,Cell type 1
3481,0.5468554585603821,3.9072354310395725,1,Sample 4,Cell type 1
3482,-0.27030222037904544,-4.9982147022700785,3,Sample 2,Cell type 1
3483,-0.56103165663324,-5.700651859717035,3,Sample 2,Cell type 1
3484,-1.4984046647444966,-3.3644147542400447,3,Sample 2,Cell type 1
3485,-0.15835018318774552,6.654325070530842,1,Sample 4,Cell type 1
3486,-1.2567051657007298,-3.915541651431721,2,Sample 1,Cell type 1
3487,0.11967836601503044,-4.921738260233662,2,Sample 1,Cell type 1
3488,-1.523739754772371,-3.84447024395593,2,Sample 1,Cell type 1
3489,0.6634590180662899,-5.505321219610915,3,Sample 2,Cell type 1
3490,0.556321979640239,4.087193192197809,1,Sample 4,Cell type 1
3491,-0.45694319182623744,5.458066225084927,0,Sample 3,Cell type 1
3492,-0.8364235885392426,-5.021008634615882,2,Sample 1,Cell type 1
3493,-0.015408303787515712,4.789687336633386,1,Sample 4,Cell type 1
3494,0.1930575479334248,4.079188733104394,1,Sample 4,Cell type 1
3495,-0.10310190295100286,-5.407275044249255,3,Sample 2,Cell type 1
3496,-0.2650467065466582,4.5102106123937995,1,Sample 4,Cell type 1
3497,-0.09850914828181409,-4.517935785617327,2,Sample 1,Cell type 1
3498,-1.4772584382435339,-5.3429236215332265,2,Sample 1,Cell type 1
3499,-0.6606662185904382,-3.5228832635206015,3,Sample 2,Cell type 1
3500,-0.4864049143498589,-5.811583781365931,2,Sample 1,Cell type 1
3501,-0.47875006446483753,-5.773270312788252,2,Sample 1,Cell type 1
3502,0.6347909764417704,3.601174421409455,0,Sample 3,Cell type 1
3503,1.0524066327520831,-4.8316029608627975,2,Sample 1,Cell type 1
3504,-0.3610422914749317,-5.814329192381727,3,Sample 2,Cell type 1
3505,-0.2182756370721046,-4.223859933945713,3,Sample 2,Cell type 1
3506,-1.5274848700058343,6.054641859882135,1,Sample 4,Cell type 1
3507,0.17055730259015134,4.398424534608945,0,Sample 3,Cell type 1
3508,-0.820694484775581,-4.950134920304702,2,Sample 1,Cell type 1
3509,-0.2612286820276569,-5.936739915045963,3,Sample 2,Cell type 1
3510,0.5627521065111154,-3.2760570580934862,2,Sample 1,Cell type 1
3511,-0.19114567933575546,4.70654047054825,0,Sample 3,Cell type 1
3512,-0.0047637673701835075,-4.372797776551401,2,Sample 1,Cell type 1
3513,0.12851995228249322,-4.4701896142723045,3,Sample 2,Cell type 1
3514,-0.4100272885172401,-5.641222072083633,2,Sample 1,Cell type 1
3515,2.2593763411161625,-5.283365110807031,3,Sample 2,Cell type 1
3516,-0.02121700739924805,4.294500279017826,0,Sample 3,Cell type 1
3517,-0.5747553770019488,4.829242278630522,0,Sample 3,Cell type 1
3518,-0.7942928008684365,-6.156164211529781,2,Sample 1,Cell type 1
3519,0.07340862122840185,3.4099448683192857,0,Sample 3,Cell type 1
3520,-0.8255730270777436,-5.3522073635091205,2,Sample 1,Cell type 1
3521,0.538288988773456,5.473451306993103,1,Sample 4,Cell type 1
3522,-1.2743949868253355,5.352379790368319,0,Sample 3,Cell type 1
3523,-0.21148466656277354,-5.619363054682321,3,Sample 2,Cell type 1
3524,0.49510903841852294,-3.6893122141832473,2,Sample 1,Cell type 1
3525,-0.2501417357226208,-5.636791128007003,3,Sample 2,Cell type 1
3526,-0.9432318329278421,5.9501435107692515,0,Sample 3,Cell type 1
3527,0.4247154513727595,-4.313488743252787,2,Sample 1,Cell type 1
3528,-0.523626856798648,-6.63961161295066,3,Sample 2,Cell type 1
3529,-0.30750990127433697,-5.164613594941738,3,Sample 2,Cell type 1
3530,-0.5691697552669639,-5.3075655031816735,2,Sample 1,Cell type 1
3531,-0.6770877759095784,-5.467926122734216,2,Sample 1,Cell type 1
3532,-0.5661007158576209,4.430260908659165,1,Sample 4,Cell type 1
3533,0.7161545760221859,5.508137441345576,0,Sample 3,Cell type 1
3534,-1.456868855435597,-5.478134146603885,2,Sample 1,Cell type 1
3535,0.9374481146190758,-3.8015218932097725,3,Sample 2,Cell type 1
3536,0.5978348840986095,5.488296212346772,0,Sample 3,Cell type 1
3537,-0.1304535711550111,4.404077884154841,0,Sample 3,Cell type 1
3538,-0.30040003206045673,-4.440428602483438,3,Sample 2,Cell type 1
3539,-0.13470793797828204,-5.260809996653479,2,Sample 1,Cell type 1
3540,-0.6603977574340093,4.742891326677605,0,Sample 3,Cell type 1
3541,0.8736854271859409,-5.438324243365548,2,Sample 1,Cell type 1
3542,-1.4722131078364549,-3.937467156834134,3,Sample 2,Cell type 1
3543,0.4415714074654621,-5.275278422609866,3,Sample 2,Cell type 1
3544,0.5884975977965974,6.425439127016848,1,Sample 4,Cell type 1
3545,-1.5197362246871051,-5.102610784387065,3,Sample 2,Cell type 1
3546,-0.4386150359400617,5.666667129424246,1,Sample 4,Cell type 1
3547,-0.6708004931071618,-5.59398942221568,3,Sample 2,Cell type 1
3548,0.06595341330787396,-5.295455016126551,3,Sample 2,Cell type 1
3549,0.16800664641807125,-4.507868812577136,3,Sample 2,Cell type 1
3550,-0.3755795087479617,5.434048034868772,0,Sample 3,Cell type 1
3551,0.34468993521202995,-6.020546127996585,2,Sample 1,Cell type 1
3552,-0.6287888261079859,3.89516431747698,1,Sample 4,Cell type 1
3553,0.23618606003248252,-5.190586940044494,2,Sample 1,Cell type 1
3554,-0.9937972268393834,-5.900469691225576,2,Sample 1,Cell type 1
3555,0.6950180004726169,-5.949069141687883,2,Sample 1,Cell type 1
3556,-1.0523530456398766,-3.9524447188778815,3,Sample 2,Cell type 1
3557,-0.480510951935044,4.766645000165378,0,Sample 3,Cell type 1
3558,-0.24068779771266102,4.032418451664956,1,Sample 4,Cell type 1
3559,0.9572572013315931,4.873176341578424,0,Sample 3,Cell type 1
3560,0.9340078583891569,-5.57917178437423,2,Sample 1,Cell type 1
3561,0.4676192414699478,-5.2145113113934105,3,Sample 2,Cell type 1
3562,-1.105273374770865,-6.438571791527286,2,Sample 1,Cell type 1
3563,-1.454383380309724,5.607769836387335,1,Sample 4,Cell type 1
3564,-0.013254727858016062,-4.453340390787126,3,Sample 2,Cell type 1
3565,0.35581904626527583,4.339477053758286,1,Sample 4,Cell type 1
3566,-0.9359334685682305,2.7021902293746805,0,Sample 3,Cell type 1
3567,-0.05848584160715081,-5.632616735268283,3,Sample 2,Cell type 1
3568,0.5434986263652027,4.0809647718730755,1,Sample 4,Cell type 1
3569,0.4047724427646922,4.417382238074709,1,Sample 4,Cell type 1
3570,-0.6094082965461166,-5.239756845331452,3,Sample 2,Cell type 1
3571,-0.6761231667409272,-4.557288813540459,2,Sample 1,Cell type 1
3572,-0.5004501612076235,5.316642826749927,0,Sample 3,Cell type 1
3573,-0.7070859489609065,5.122980084756422,0,Sample 3,Cell type 1
3574,-0.1402356239232103,-4.680545918624695,2,Sample 1,Cell type 1
3575,0.3603965790224278,-5.209406632176876,2,Sample 1,Cell type 1
3576,-0.26409607517316025,4.830666414455059,1,Sample 4,Cell type 1
3577,-0.18155397291033948,-4.679999995509147,3,Sample 2,Cell type 1
3578,-1.1830216990770286,-3.662187276721978,2,Sample 1,Cell type 1
3579,-0.012247879338396446,5.463433199680871,0,Sample 3,Cell type 1
3580,-0.3707341542499698,4.627416197143795,0,Sample 3,Cell type 1
3581,-0.6440761448244071,-4.8492193911855175,2,Sample 1,Cell type 1
3582,-0.41347750653906284,-4.504773642729174,3,Sample 2,Cell type 1
3583,0.7625093071305962,5.229699332161459,0,Sample 3,Cell type 1
3584,0.8974862849843768,6.856032577613807,1,Sample 4,Cell type 1
3585,1.0399898978097073,-4.2317558655306655,3,Sample 2,Cell type 1
3586,1.3599658996611046,5.857234521787909,1,Sample 4,Cell type 1
3587,0.5070215047456789,5.331039277961199,0,Sample 3,Cell type 1
3588,-0.029264031901476636,-6.3902436926772,3,Sample 2,Cell type 1
3589,2.0215459406988976,4.575304981663743,0,Sample 3,Cell type 1
3590,-0.6258831380015949,-4.317467754869447,3,Sample 2,Cell type 1
3591,-0.212448410014833,-3.9039185171117032,3,Sample 2,Cell type 1
3592,0.8602747215655182,-4.831465227837511,2,Sample 1,Cell type 1
3593,-0.9662075140346819,-4.352709767414897,3,Sample 2,Cell type 1
3594,-0.3569467465718238,3.488367415243575,0,Sample 3,Cell type 1
3595,-0.3993111611762925,-4.042265578201717,3,Sample 2,Cell type 1
3596,0.7600126629357166,5.19440377764352,1,Sample 4,Cell type 1
3597,-0.5294291718147104,5.681946667836979,0,Sample 3,Cell type 1
3598,-0.5169818478750424,6.420248714087609,0,Sample 3,Cell type 1
3599,0.8173081710620865,-3.8509055726049968,3,Sample 2,Cell type 1
3600,0.6128642227077523,5.981546579107446,0,Sample 3,Cell type 1
3601,0.7700020735626388,-4.067524083884697,3,Sample 2,Cell type 1
3602,0.7861465142159529,-6.120056578546407,2,Sample 1,Cell type 1
3603,1.3805550342518167,-4.902524428694036,3,Sample 2,Cell type 1
3604,0.03488195709796298,6.356040832344602,0,Sample 3,Cell type 1
3605,-0.10203929630202738,6.208923944197878,1,Sample 4,Cell type 1
3606,-0.9447779869315085,-5.921344887227475,3,Sample 2,Cell type 1
3607,1.3887710425321995,5.1583286267701185,0,Sample 3,Cell type 1
3608,-0.9891826292738792,-3.9804478177208775,3,Sample 2,Cell type 1
3609,-0.1952226817369075,-4.764224597678159,3,Sample 2,Cell type 1
3610,0.3016803151217492,4.9765897490520175,0,Sample 3,Cell type 1
3611,-0.07637139767125843,3.5790029332268385,1,Sample 4,Cell type 1
3612,0.2729726739936266,-3.79978031279921,3,Sample 2,Cell type 1
3613,2.11030540180816,-4.758501295423191,3,Sample 2,Cell type 1
3614,-0.018841720699390496,4.8605165936777315,1,Sample 4,Cell type 1
3615,-0.7355393873870426,6.239947524014031,0,Sample 3,Cell type 1
3616,1.2898226063909164,6.051931562867238,0,Sample 3,Cell type 1
3617,-1.2405307448529062,5.054850379844821,0,Sample 3,Cell type 1
3618,0.2615418990113301,4.8247195769529085,0,Sample 3,Cell type 1
3619,0.8050342473715525,4.538486504381481,0,Sample 3,Cell type 1
3620,-1.1551404376590055,-4.64411716995401,3,Sample 2,Cell type 1
3621,1.2433283365718193,5.683180781241779,1,Sample 4,Cell type 1
3622,-0.27741726141336975,-5.468634178758952,3,Sample 2,Cell type 1
3623,0.3538534945315882,-5.600583685604479,3,Sample 2,Cell type 1
3624,0.2736848317203346,-3.4661926812591015,3,Sample 2,Cell type 1
3625,-0.6682776426078059,6.7161193022187105,0,Sample 3,Cell type 1
3626,-0.5220226345733162,-5.488941721615461,3,Sample 2,Cell type 1
3627,-1.6974839192068758,4.513742410324454,0,Sample 3,Cell type 1
3628,0.8939190527219687,6.158799383914341,1,Sample 4,Cell type 1
3629,0.9515763911397125,4.017913747890406,0,Sample 3,Cell type 1
3630,0.9493876961418648,6.149068324564783,1,Sample 4,Cell type 1
3631,0.3831838605971135,5.2669296842295585,0,Sample 3,Cell type 1
3632,0.7883197691600397,-6.268676512308678,3,Sample 2,Cell type 1
3633,0.020963802219228528,-5.242851460212732,2,Sample 1,Cell type 1
3634,-1.199212768366721,4.926524188532036,1,Sample 4,Cell type 1
3635,-0.5041142641138775,-4.540766455292776,3,Sample 2,Cell type 1
3636,0.5503463776411425,-5.490386617016552,2,Sample 1,Cell type 1
3637,-0.13827653985128874,-5.348611597576495,3,Sample 2,Cell type 1
3638,-0.9735173682721338,-3.909298789169328,2,Sample 1,Cell type 1
3639,-0.603171671093341,4.775459938506581,0,Sample 3,Cell type 1
3640,0.5327394016435691,5.337269288491565,1,Sample 4,Cell type 1
3641,-0.7071990853971526,-4.8940022852034835,3,Sample 2,Cell type 1
3642,-1.9095438961565383,-5.396702537608119,2,Sample 1,Cell type 1
3643,0.3430532002644584,5.554484485810515,0,Sample 3,Cell type 1
3644,0.4551864633482203,6.302717298502831,0,Sample 3,Cell type 1
3645,1.851726853338807,3.5061878459266014,0,Sample 3,Cell type 1
3646,-0.9417811339609683,-4.6251678707631445,3,Sample 2,Cell type 1
3647,0.7831116468454233,3.9026054965891954,1,Sample 4,Cell type 1
3648,-0.5133334561043059,-3.6677184659011752,2,Sample 1,Cell type 1
3649,-0.41460211108896194,-3.93977912765037,2,Sample 1,Cell type 1
3650,0.42920787485632284,4.28122561456717,0,Sample 3,Cell type 1
3651,-0.343441779613808,4.4460632161009155,0,Sample 3,Cell type 1
3652,0.27078707476935293,4.763678871888777,0,Sample 3,Cell type 1
3653,0.5832509160018916,-4.719067625898333,2,Sample 1,Cell type 1
3654,0.10815227278990872,-5.260986963553088,3,Sample 2,Cell type 1
3655,0.32038510920506297,5.104852148972679,1,Sample 4,Cell type 1
3656,0.08638713658018307,-2.914512669480184,3,Sample 2,Cell type 1
3657,1.2844958660520946,-6.664592420312783,3,Sample 2,Cell type 1
3658,0.1470676130580035,7.154426931184398,1,Sample 4,Cell type 1
3659,0.23375418266109854,4.8501367852749,1,Sample 4,Cell type 1
3660,-0.6073061292429585,5.120315029180966,0,Sample 3,Cell type 1
3661,0.5847671811009729,-5.520527861894707,2,Sample 1,Cell type 1
3662,0.09138211892963172,5.120241409169502,0,Sample 3,Cell type 1
3663,-1.0912847950546867,-5.425502200231463,3,Sample 2,Cell type 1
3664,1.3911197310380632,5.7830864406254365,1,Sample 4,Cell type 1
3665,0.7162843446100797,4.494737816667735,1,Sample 4,Cell type 1
3666,0.9968681539981032,3.34128781407348,0,Sample 3,Cell type 1
3667,-0.32784099503482644,-4.373313031580775,2,Sample 1,Cell type 1
3668,0.1063757393175008,4.439903348048661,0,Sample 3,Cell type 1
3669,0.23689622165166085,5.208844217743912,0,Sample 3,Cell type 1
3670,-0.34307834048485875,-4.667330530971151,2,Sample 1,Cell type 1
3671,-0.11046586772918542,-4.527091105660854,2,Sample 1,Cell type 1
3672,0.4977657152347216,4.088933505775385,1,Sample 4,Cell type 1
3673,0.010262914834948096,-4.616138371706533,2,Sample 1,Cell type 1
3674,-0.5995327895655786,-4.729787120756319,3,Sample 2,Cell type 1
3675,0.7806533754757673,5.734763555153931,1,Sample 4,Cell type 1
3676,0.06847576315562036,-5.222698374086315,3,Sample 2,Cell type 1
3677,2.5216453876096683,4.1012047734083215,1,Sample 4,Cell type 1
3678,-0.7725318428185665,6.303333091920756,1,Sample 4,Cell type 1
3679,0.28779118010143073,-5.398907116630761,2,Sample 1,Cell type 1
3680,0.6735869563617016,4.7046342396420435,1,Sample 4,Cell type 1
3681,-1.1776296584214332,-6.099067859918928,2,Sample 1,Cell type 1
3682,1.3097693157622827,-6.1450838776435415,3,Sample 2,Cell type 1
3683,-0.31193896524755627,5.126442791936105,1,Sample 4,Cell type 1
3684,0.48817293567137804,5.125578368774748,1,Sample 4,Cell type 1
3685,1.2470313475975152,-6.224369127794701,2,Sample 1,Cell type 1
3686,-1.0243644568019734,5.151583856976864,1,Sample 4,Cell type 1
3687,-0.00563598838444376,4.827512337145582,1,Sample 4,Cell type 1
3688,-0.7735809145033704,4.961830915086416,0,Sample 3,Cell type 1
3689,0.7263698509016392,-4.901216152668325,2,Sample 1,Cell type 1
3690,0.4182683904283997,4.541039996849137,0,Sample 3,Cell type 1
3691,-0.4181784164152316,5.839207380669512,0,Sample 3,Cell type 1
3692,-0.004085305621780018,-4.6809889884601485,3,Sample 2,Cell type 1
3693,-0.9404756844998814,4.283944126178716,1,Sample 4,Cell type 1
3694,0.012146354032346499,-5.7798452607382735,2,Sample 1,Cell type 1
3695,1.4474450797864882,4.825563283686101,1,Sample 4,Cell type 1
3696,-0.3643736449997924,-4.804034325462397,3,Sample 2,Cell type 1
3697,-0.12640631886319154,4.658495144042064,0,Sample 3,Cell type 1
3698,-1.548343967771045,-5.439327153411021,3,Sample 2,Cell type 1
3699,0.7742355752027409,-4.680806273998644,3,Sample 2,Cell type 1
3700,0.3658243236921929,6.164657857717414,1,Sample 4,Cell type 1
3701,1.659266135799979,4.264492326730862,0,Sample 3,Cell type 1
3702,-0.5939090963445878,-5.0927976578572265,3,Sample 2,Cell type 1
3703,-0.8126574551827176,5.049343879878378,0,Sample 3,Cell type 1
3704,0.5431450320474227,4.890403608446033,1,Sample 4,Cell type 1
3705,1.023614935808127,3.2265449285167485,1,Sample 4,Cell type 1
3706,0.41857854858962656,-5.9762565519551805,2,Sample 1,Cell type 1
3707,-0.7787030704216278,5.8057066691785275,1,Sample 4,Cell type 1
3708,-0.73301928045098,6.084354240884396,1,Sample 4,Cell type 1
3709,-0.14949731532908725,4.64821515338066,0,Sample 3,Cell type 1
3710,-1.3627059514841238,4.955561840882705,0,Sample 3,Cell type 1
3711,-1.5776712213150546,-4.769577305355608,3,Sample 2,Cell type 1
3712,0.2509785463175257,-6.187683833535722,3,Sample 2,Cell type 1
3713,-2.0498669270362484,4.847177789919865,1,Sample 4,Cell type 1
3714,-0.5676638837993381,3.9931960714597325,1,Sample 4,Cell type 1
3715,-1.0052522687563483,-3.9686375588745015,3,Sample 2,Cell type 1
3716,-0.051310677274394034,5.263009928242784,0,Sample 3,Cell type 1
3717,-0.5258980431957795,-5.03917202468676,2,Sample 1,Cell type 1
3718,-0.3567549710889282,-4.909487634357582,2,Sample 1,Cell type 1
3719,-0.6579359459057605,5.8968245338595775,1,Sample 4,Cell type 1
3720,0.39989129899229714,3.8805550601584464,1,Sample 4,Cell type 1
3721,0.024381131136503097,-5.717802404929006,3,Sample 2,Cell type 1
3722,1.0808126019896003,-6.210023172239101,2,Sample 1,Cell type 1
3723,-0.7492050998316768,4.465776354824891,1,Sample 4,Cell type 1
3724,-0.05286383891785326,4.0311870401900345,0,Sample 3,Cell type 1
3725,-1.1969270505317198,-5.734569733207834,2,Sample 1,Cell type 1
3726,0.06502273764495901,-5.030314465373465,2,Sample 1,Cell type 1
3727,-0.1336973710291292,5.22606396039064,0,Sample 3,Cell type 1
3728,-0.310541454832983,5.13633297790039,0,Sample 3,Cell type 1
3729,-0.018440444868372954,-3.9771398656485006,3,Sample 2,Cell type 1
3730,-2.266424232114192,-3.91264840466878,2,Sample 1,Cell type 1
3731,0.16406027138770393,-6.298706023952995,2,Sample 1,Cell type 1
3732,1.6098163565606123,5.818967636885585,1,Sample 4,Cell type 1
3733,-0.04248544135752852,-5.4407854428306,2,Sample 1,Cell type 1
3734,1.2918230325678812,4.742377476406353,1,Sample 4,Cell type 1
3735,-0.7433090724078066,-5.907216148747967,3,Sample 2,Cell type 1
3736,0.893345020054018,-4.81432428965717,3,Sample 2,Cell type 1
3737,0.3107005833841347,-5.075859385024698,2,Sample 1,Cell type 1
3738,-1.5716288304823398,-6.184916579697372,3,Sample 2,Cell type 1
3739,-1.9074454310285966,-4.403879308572146,2,Sample 1,Cell type 1
3740,0.47792005587988645,5.560938193848719,0,Sample 3,Cell type 1
3741,0.8481679259991038,7.2077280311288625,1,Sample 4,Cell type 1
3742,0.33607559236147305,5.485480474572537,1,Sample 4,Cell type 1
3743,0.474481006374707,4.752362848548808,0,Sample 3,Cell type 1
3744,-0.613491230403642,-4.945542184601103,2,Sample 1,Cell type 1
3745,0.8681778109293052,-4.969155864972546,3,Sample 2,Cell type 1
3746,-0.5743351125980815,4.8155802998557995,1,Sample 4,Cell type 1
3747,-0.21163671896377775,-4.707392011125668,3,Sample 2,Cell type 1
3748,0.9821351939786338,4.032287185047036,0,Sample 3,Cell type 1
3749,0.6624470519146475,-4.1431355996777555,2,Sample 1,Cell type 1
3750,-0.8055418887561153,-4.961739744172253,2,Sample 1,Cell type 1
3751,-0.6957304650197556,5.9003478275318155,1,Sample 4,Cell type 1
3752,-0.17075429674416642,6.192580909479962,0,Sample 3,Cell type 1
3753,-0.7418825073524593,5.190695186187828,0,Sample 3,Cell type 1
3754,-1.0926593243323512,4.880824552186162,1,Sample 4,Cell type 1
3755,-0.39155155401457775,5.835328701655258,0,Sample 3,Cell type 1
3756,0.4049927914447409,6.157844559513445,1,Sample 4,Cell type 1
3757,0.28050407941884736,5.391349704118131,0,Sample 3,Cell type 1
3758,1.7359492704644344,-6.138946109507138,2,Sample 1,Cell type 1
3759,-0.2159615174601313,-6.2347607545485975,3,Sample 2,Cell type 1
3760,-0.10322729210382703,-5.681329739467515,2,Sample 1,Cell type 1
3761,1.2842847698894453,-4.020850924609688,3,Sample 2,Cell type 1
3762,0.34369457530606873,5.166150149730489,0,Sample 3,Cell type 1
3763,-0.7615347680177885,5.06198441481509,1,Sample 4,Cell type 1
3764,0.4120381490448384,8.082185192523777,0,Sample 3,Cell type 1
3765,-0.14823012710216663,4.896143440213259,0,Sample 3,Cell type 1
3766,0.7968381486446532,4.394563929144431,0,Sample 3,Cell type 1
3767,0.6139834756433045,-5.001371322935251,3,Sample 2,Cell type 1
3768,-0.21019739814920324,-6.276715174859291,2,Sample 1,Cell type 1
3769,0.41190687686109784,-4.344059797891813,2,Sample 1,Cell type 1
3770,-0.16016100344029588,-3.8806176399430727,3,Sample 2,Cell type 1
3771,0.19170201459119837,-4.413556574827201,2,Sample 1,Cell type 1
3772,0.6054309439895856,5.489975035210882,1,Sample 4,Cell type 1
3773,0.08148503620958936,6.23921612119615,1,Sample 4,Cell type 1
3774,-0.8313761311926129,-4.3456147644369105,3,Sample 2,Cell type 1
3775,-0.48136528978351756,6.48182254760715,0,Sample 3,Cell type 1
3776,0.5580695762713592,-5.668873336175701,2,Sample 1,Cell type 1
3777,0.0940709039097618,-4.878874083142385,3,Sample 2,Cell type 1
3778,0.017871391454886407,-3.6451622932690624,3,Sample 2,Cell type 1
3779,-0.7917025092562701,5.752616950390573,0,Sample 3,Cell type 1
3780,-0.4513980789259109,5.1476410425576296,0,Sample 3,Cell type 1
3781,1.210759794593705,5.504649347643822,0,Sample 3,Cell type 1
3782,-0.6850788146249632,-5.489306989355647,2,Sample 1,Cell type 1
3783,-0.5082899110605035,4.048266672727711,1,Sample 4,Cell type 1
3784,0.4699133598448098,-3.868650169335128,2,Sample 1,Cell type 1
3785,1.708469384061893,-4.774372624632526,3,Sample 2,Cell type 1
3786,0.8308848553670534,-4.925473329840206,2,Sample 1,Cell type 1
3787,0.15273321931496855,-5.029064486433874,2,Sample 1,Cell type 1
3788,0.03442477865702515,-4.450513671190195,3,Sample 2,Cell type 1
3789,-0.8963343351491114,-5.603892957257537,3,Sample 2,Cell type 1
3790,-0.1646875447042723,4.402737322767809,1,Sample 4,Cell type 1
3791,-0.2964064788720232,3.8755463846570866,1,Sample 4,Cell type 1
3792,-0.15060906806904525,-4.0455096433191775,2,Sample 1,Cell type 1
3793,0.7625000363008694,5.410468336077835,0,Sample 3,Cell type 1
3794,0.009999457525800268,7.294722444533415,1,Sample 4,Cell type 1
3795,-0.46922501565114844,5.179373123432635,1,Sample 4,Cell type 1
3796,-1.5001379757165958,5.092020863317933,0,Sample 3,Cell type 1
3797,0.6493644572906124,-4.73446524183369,3,Sample 2,Cell type 1
3798,-0.12956385355306196,-4.649269840402684,3,Sample 2,Cell type 1
3799,0.43767790493603037,4.838245878052884,0,Sample 3,Cell type 1
3800,-0.732953532384994,4.334542233415644,1,Sample 4,Cell type 1
3801,0.4469790695555883,-5.125181900898527,3,Sample 2,Cell type 1
3802,0.2850022309648669,-3.9907845979715875,2,Sample 1,Cell type 1
3803,-0.503410714954231,6.226982167933199,1,Sample 4,Cell type 1
3804,-1.0028048098974094,-5.171963870463161,3,Sample 2,Cell type 1
3805,-0.8520909304602982,4.755820236516266,0,Sample 3,Cell type 1
3806,-0.7464848617496874,-5.797545301121701,3,Sample 2,Cell type 1
3807,0.7632014107945619,5.521113001044639,0,Sample 3,Cell type 1
3808,0.44475316131667375,-6.523955563208511,2,Sample 1,Cell type 1
3809,1.2788304896770732,-4.358297233105505,2,Sample 1,Cell type 1
3810,0.39430717748149585,-4.333117436130121,2,Sample 1,Cell type 1
3811,-0.4310086698768766,-5.203957576322871,2,Sample 1,Cell type 1
3812,1.136403398391884,4.543402965000419,0,Sample 3,Cell type 1
3813,0.7611594216464693,4.706794383705558,1,Sample 4,Cell type 1
3814,0.7176529575097058,6.019900033022978,1,Sample 4,Cell type 1
3815,-1.0987223111757993,-4.584078288376998,2,Sample 1,Cell type 1
3816,-1.4456331159454532,-5.219876240535834,2,Sample 1,Cell type 1
3817,-0.4934202892157662,-6.078396627493735,3,Sample 2,Cell type 1
3818,-0.3910795374290193,4.104306053368791,0,Sample 3,Cell type 1
3819,-0.054757194133132514,-4.976979548735201,3,Sample 2,Cell type 1
3820,0.1921646751569784,-3.997493740185405,2,Sample 1,Cell type 1
3821,0.22941928990606897,-5.117764222948478,2,Sample 1,Cell type 1
3822,0.32844006826209327,-5.184855581966144,2,Sample 1,Cell type 1
3823,0.7529454931359758,-4.8464818113015715,2,Sample 1,Cell type 1
3824,-1.549402162001972,-5.609084215847153,2,Sample 1,Cell type 1
3825,-0.45135694388838926,-6.195230234631801,2,Sample 1,Cell type 1
3826,1.1074182548084146,5.4511272960418875,0,Sample 3,Cell type 1
3827,0.14549300404679613,5.198576469040269,0,Sample 3,Cell type 1
3828,-0.6043991065071594,-5.081589323674942,3,Sample 2,Cell type 1
3829,1.014121208950379,-4.769017597592131,2,Sample 1,Cell type 1
3830,0.416551597138135,-5.863626281732831,3,Sample 2,Cell type 1
3831,-1.5855715885909707,-6.199344961566158,3,Sample 2,Cell type 1
3832,0.4370273984029597,5.00513781584875,0,Sample 3,Cell type 1
3833,0.8171066363435188,6.67075421829594,1,Sample 4,Cell type 1
3834,0.20482378745110053,5.786152787156411,0,Sample 3,Cell type 1
3835,-0.8561532503154654,-3.624767509726543,2,Sample 1,Cell type 1
3836,-0.10573548451549748,-4.942176827692569,2,Sample 1,Cell type 1
3837,-0.30625375169037494,4.901016842980131,1,Sample 4,Cell type 1
3838,-0.48605503342364476,-3.745454056378139,2,Sample 1,Cell type 1
3839,0.6725875857036394,5.16624200588265,1,Sample 4,Cell type 1
3840,0.12112591249982206,-5.234148367180222,3,Sample 2,Cell type 1
3841,0.4276045187844402,5.710124340699069,1,Sample 4,Cell type 1
3842,0.4567124085545336,5.908452512144479,0,Sample 3,Cell type 1
3843,0.7130751212841974,-5.163484581316519,3,Sample 2,Cell type 1
3844,0.623479203124266,4.9687843844979644,1,Sample 4,Cell type 1
3845,0.2647041857715657,5.66682316928714,0,Sample 3,Cell type 1
3846,-0.27892170752628737,4.720593836545257,0,Sample 3,Cell type 1
3847,0.20965344726938043,-6.559649374203493,2,Sample 1,Cell type 1
3848,-0.4687421386542043,5.263285422968104,1,Sample 4,Cell type 1
3849,-0.5345144386622135,-4.8452964384606725,2,Sample 1,Cell type 1
3850,-0.5231187106604612,-4.978149296118849,2,Sample 1,Cell type 1
3851,-1.1324192535309654,-4.21770218223109,3,Sample 2,Cell type 1
3852,-0.8234972065456573,3.9178637713251723,1,Sample 4,Cell type 1
3853,-0.9041629797391391,6.929341340462737,1,Sample 4,Cell type 1
3854,1.1222354487488795,3.8785191497661753,0,Sample 3,Cell type 1
3855,1.4434784878293945,4.847276966618161,1,Sample 4,Cell type 1
3856,-0.1750930013885006,-4.387005619967592,2,Sample 1,Cell type 1
3857,0.8101099277152575,4.873476924502143,1,Sample 4,Cell type 1
3858,0.30859997454535587,-4.437872001200556,3,Sample 2,Cell type 1
3859,1.1626203808340356,-5.062584527246814,2,Sample 1,Cell type 1
3860,0.4086336708220758,5.8244644684992455,1,Sample 4,Cell type 1
3861,-1.12189542673906,-3.3271245818140183,3,Sample 2,Cell type 1
3862,0.23277178410995436,-5.405606927416045,2,Sample 1,Cell type 1
3863,-0.05126221131897331,5.429032727613752,1,Sample 4,Cell type 1
3864,0.07845403163115565,6.036697425490411,1,Sample 4,Cell type 1
3865,-0.39061907396123574,-4.493338539143009,2,Sample 1,Cell type 1
3866,-0.5205140552974615,4.610299692988243,0,Sample 3,Cell type 1
3867,-0.2922246865631079,-3.089625835580214,3,Sample 2,Cell type 1
3868,0.7374412015818018,5.38615030976737,1,Sample 4,Cell type 1
3869,-0.8044811005515726,-4.711868652843386,2,Sample 1,Cell type 1
3870,0.2573428331012001,5.134447844773456,1,Sample 4,Cell type 1
3871,-0.8736969602788538,-4.891729321686167,2,Sample 1,Cell type 1
3872,0.2179371173228879,-4.666027928142964,2,Sample 1,Cell type 1
3873,0.5545740813269634,-6.622141817336679,3,Sample 2,Cell type 1
3874,-1.0167613768738262,-5.3028637945705235,2,Sample 1,Cell type 1
3875,0.15287925441592268,5.037149238524919,0,Sample 3,Cell type 1
3876,0.5490081522996108,3.7098273030482787,0,Sample 3,Cell type 1
3877,0.8758388017818602,-5.6447933848475325,3,Sample 2,Cell type 1
3878,-1.053705535957268,5.6208223310747805,1,Sample 4,Cell type 1
3879,0.4760235726684518,4.554061557513343,1,Sample 4,Cell type 1
3880,-0.4142059577777758,-4.825758128201019,2,Sample 1,Cell type 1
3881,-0.74071192311292,-5.090933351265148,3,Sample 2,Cell type 1
3882,-0.11371722955243689,5.270949854337352,1,Sample 4,Cell type 1
3883,0.6982536665426675,-4.414335238853582,3,Sample 2,Cell type 1
3884,-1.599111125489,-4.972776330922655,2,Sample 1,Cell type 1
3885,-1.0327537755945793,-5.325579493098697,3,Sample 2,Cell type 1
3886,-1.3842101843874761,-3.932891403599542,2,Sample 1,Cell type 1
3887,-0.8787273743700421,-5.495298358599945,3,Sample 2,Cell type 1
3888,-0.48109411516097095,5.255825547314029,0,Sample 3,Cell type 1
3889,0.34039194659218425,5.957797538916182,1,Sample 4,Cell type 1
3890,-0.9256932949706167,-6.066502683822245,2,Sample 1,Cell type 1
3891,-0.913351291306804,4.8450724325762256,0,Sample 3,Cell type 1
3892,-0.989941310578058,5.087526777466376,1,Sample 4,Cell type 1
3893,1.002274107541987,4.641420306959881,1,Sample 4,Cell type 1
3894,-1.7666246209826018,-5.184469118818891,2,Sample 1,Cell type 1
3895,0.45760502264037833,-5.563782748488707,2,Sample 1,Cell type 1
3896,-0.04527079111991667,5.97517663183493,1,Sample 4,Cell type 1
3897,0.5571099579653723,5.764244166856408,0,Sample 3,Cell type 1
3898,-1.4123100696239792,-3.6072468107224074,3,Sample 2,Cell type 1
3899,0.07972109207011298,4.597219476707041,0,Sample 3,Cell type 1
3900,0.823324509860515,5.378077985930434,0,Sample 3,Cell type 1
3901,0.24136000712138844,5.140428983662878,1,Sample 4,Cell type 1
3902,0.005650526902541162,4.471743088421242,1,Sample 4,Cell type 1
3903,0.8333797312470811,5.4668354424095105,1,Sample 4,Cell type 1
3904,-0.41314371511005743,4.842826733257522,1,Sample 4,Cell type 1
3905,0.1440568301567852,-5.21834665618041,3,Sample 2,Cell type 1
3906,-0.6232741915013604,-4.837411236331175,2,Sample 1,Cell type 1
3907,0.34237010124210804,-3.621540225883,3,Sample 2,Cell type 1
3908,-0.23790086339448516,-5.197106722011639,2,Sample 1,Cell type 1
3909,-0.33330024449237006,-5.0504984104889985,2,Sample 1,Cell type 1
3910,0.8182731772406113,-5.152356948743374,2,Sample 1,Cell type 1
3911,0.5838554898141045,-3.8864632898560645,3,Sample 2,Cell type 1
3912,0.2845351588505835,5.153261916955271,1,Sample 4,Cell type 1
3913,-0.38733916099898963,-5.772997055802604,2,Sample 1,Cell type 1
3914,-0.6477798686138272,-4.8497597295659824,3,Sample 2,Cell type 1
3915,0.14941341158166266,4.395693654117342,0,Sample 3,Cell type 1
3916,-0.4773032468893842,-3.321648528694055,2,Sample 1,Cell type 1
3917,-0.19786877111713452,-4.733415572007982,3,Sample 2,Cell type 1
3918,0.014747146452314529,5.278065364289337,0,Sample 3,Cell type 1
3919,1.2786574461128266,-4.413161749195307,2,Sample 1,Cell type 1
3920,0.9594396583372685,-5.025821515282094,3,Sample 2,Cell type 1
3921,-0.7607285837497857,-4.745183196160901,2,Sample 1,Cell type 1
3922,-1.5949885140571645,5.299245255878057,0,Sample 3,Cell type 1
3923,-0.3177562529167901,4.1181842076353155,1,Sample 4,Cell type 1
3924,0.6027339787368743,-4.920138947920186,3,Sample 2,Cell type 1
3925,0.12839169917878407,6.7700248315177936,1,Sample 4,Cell type 1
3926,-0.7792974769730947,-4.437257666570153,2,Sample 1,Cell type 1
3927,0.08336088316150086,4.949925497680382,0,Sample 3,Cell type 1
3928,0.27984001965432603,4.196756322526392,1,Sample 4,Cell type 1
3929,1.0900502821699616,6.31249165079063,1,Sample 4,Cell type 1
3930,-0.4844924317894913,6.460807770837549,0,Sample 3,Cell type 1
3931,-0.5655140543898791,5.68444452721657,1,Sample 4,Cell type 1
3932,-0.2355646060704272,-3.8377955638990535,2,Sample 1,Cell type 1
3933,0.3033224949808993,5.9841777405206305,1,Sample 4,Cell type 1
3934,-0.8084785759431308,4.587825284953405,1,Sample 4,Cell type 1
3935,1.0545576537872203,-6.086539937182075,3,Sample 2,Cell type 1
3936,0.31633678831043055,-5.76605516401217,2,Sample 1,Cell type 1
3937,-1.4564826404388138,5.216045886713138,1,Sample 4,Cell type 1
3938,-0.21629335740893582,-5.021907456322995,3,Sample 2,Cell type 1
3939,0.19430561052022,3.3343210374488104,1,Sample 4,Cell type 1
3940,0.3350079681019973,-4.823533169810111,2,Sample 1,Cell type 1
3941,-0.5923920850657268,-4.30814044920719,2,Sample 1,Cell type 1
3942,0.9652071732066855,4.346451463210212,0,Sample 3,Cell type 1
3943,-1.2151286600720543,-7.104584109463251,2,Sample 1,Cell type 1
3944,-0.10640253114405088,-6.056713826004929,3,Sample 2,Cell type 1
3945,0.31237187994311166,4.917422597654003,1,Sample 4,Cell type 1
3946,0.09779440363765297,-5.3351707564169875,3,Sample 2,Cell type 1
3947,-0.7994417858359286,4.596180063017426,0,Sample 3,Cell type 1
3948,0.38565338186830894,5.294986517854015,1,Sample 4,Cell type 1
3949,1.4926196089158053,5.37906633672943,0,Sample 3,Cell type 1
3950,-0.14068352354565694,6.329176132582415,1,Sample 4,Cell type 1
3951,0.7978124541270981,-4.054487965952885,3,Sample 2,Cell type 1
3952,0.9901230060095986,5.303814108832717,1,Sample 4,Cell type 1
3953,-0.5383242656075213,-4.469727125582694,3,Sample 2,Cell type 1
3954,0.3946543207047114,5.147868898955899,0,Sample 3,Cell type 1
3955,0.13219204005194016,-4.989982508536171,3,Sample 2,Cell type 1
3956,0.16087923737197402,5.84052351680609,0,Sample 3,Cell type 1
3957,1.8954298406491976,-3.883652734240652,3,Sample 2,Cell type 1
3958,-0.4155170974609013,4.7272736981231365,1,Sample 4,Cell type 1
3959,0.43478350293607443,5.159848346974971,1,Sample 4,Cell type 1
3960,1.650019935394516,4.145973668596581,0,Sample 3,Cell type 1
3961,0.8304100218527698,-4.388629437328916,3,Sample 2,Cell type 1
3962,0.7145506777658013,-4.486484701713089,3,Sample 2,Cell type 1
3963,-0.6441374013943011,-4.138521484273856,2,Sample 1,Cell type 1
3964,-0.4863002085406543,4.568701837480817,1,Sample 4,Cell type 1
3965,-0.7343808836885888,-3.61506429458616,2,Sample 1,Cell type 1
3966,0.516712336220714,-5.879235801243898,2,Sample 1,Cell type 1
3967,-0.5257079698224464,-5.558175123118596,2,Sample 1,Cell type 1
3968,1.5076690447476873,6.234594822617751,0,Sample 3,Cell type 1
3969,-0.8169862537045707,5.5666851578394825,0,Sample 3,Cell type 1
3970,0.8247996179967608,5.745024095292959,0,Sample 3,Cell type 1
3971,-1.2859865876489822,5.147707086825843,0,Sample 3,Cell type 1
3972,-0.7782116134080007,-4.67470237262186,2,Sample 1,Cell type 1
3973,-0.2741716132214156,4.358178184622705,0,Sample 3,Cell type 1
3974,-0.42826806961297853,5.286762894567696,1,Sample 4,Cell type 1
3975,-0.2334490151324353,3.749447353042674,0,Sample 3,Cell type 1
3976,0.19492577896217156,-5.872166725439544,2,Sample 1,Cell type 1
3977,-0.143274628012925,5.316655824876738,1,Sample 4,Cell type 1
3978,-0.8296528588559969,-4.467704851973736,2,Sample 1,Cell type 1
3979,-1.0345132350069182,5.4579122489405405,1,Sample 4,Cell type 1
3980,0.7976474851629132,-4.098119928515612,3,Sample 2,Cell type 1
3981,0.10845073313176733,-4.417185085188371,2,Sample 1,Cell type 1
3982,0.47778257460270784,4.241321596620639,1,Sample 4,Cell type 1
3983,-0.199495700137985,-5.930434120227682,3,Sample 2,Cell type 1
3984,0.6267124074260764,4.7987688911644035,1,Sample 4,Cell type 1
3985,-0.3317015204574905,-5.79613916791939,2,Sample 1,Cell type 1
3986,-0.13588188614218452,-3.690608030535488,2,Sample 1,Cell type 1
3987,1.3860119995880735,6.7850401169541055,0,Sample 3,Cell type 1
3988,1.3352556206610648,4.245953595366499,1,Sample 4,Cell type 1
3989,-0.790872885720734,4.1171285462273834,0,Sample 3,Cell type 1
3990,1.9979321011358833,-4.963194890610927,2,Sample 1,Cell type 1
3991,-0.6518048022588385,-4.859079638489846,2,Sample 1,Cell type 1
3992,-1.721452321063444,4.424677344606064,0,Sample 3,Cell type 1
3993,-1.4769502897904752,4.2563913118460714,1,Sample 4,Cell type 1
3994,0.1402294231471391,3.9306196488992553,1,Sample 4,Cell type 1
3995,-0.8980358449955311,4.265997743188589,1,Sample 4,Cell type 1
3996,1.1530186312528925,3.8513102790564484,0,Sample 3,Cell type 1
3997,1.03236859310108,-4.955840605975928,3,Sample 2,Cell type 1
3998,-0.3662787089459914,4.872510214283275,1,Sample 4,Cell type 1
3999,0.4748453778246895,2.6476890922685756,0,Sample 3,Cell type 1
