,X,Y,group,sample,cell_type
0,3.7878471502411584,1.0934994139556198,0,Sample 1,Cell type 1
1,4.995143270768085,0.6707926195613135,0,Sample 1,Cell type 1
2,2.2943580729495485,4.552169029717018,5,Sample 2,Cell type 3
3,-6.436514538104012,-0.2640721533611492,3,Sample 2,Cell type 1
4,-4.497914961950535,-0.22360597063722618,3,Sample 2,Cell type 1
5,6.172519015137244,-0.18062104038922855,0,Sample 1,Cell type 1
6,2.673766350022721,3.9583132397928105,5,Sample 2,Cell type 3
7,1.7867652081163965,4.385890434465617,5,Sample 2,Cell type 3
8,-6.39377735410822,-0.4368334390533764,3,Sample 2,Cell type 1
9,4.711227067344736,0.9274638426913985,0,Sample 1,Cell type 1
10,-4.594383782291715,-0.0459162920592282,3,Sample 2,Cell type 1
11,-4.832423933081782,-0.7876272403855739,3,Sample 2,Cell type 1
12,2.171585213816212,-2.8750081931619356,4,Sample 2,Cell type 2
13,2.5684106637116795,2.957560364011689,5,Sample 2,Cell type 3
14,2.322720244491965,-5.482912326542131,4,Sample 2,Cell type 2
15,-2.3483347067210043,5.130963892975907,1,Sample 1,Cell type 2
16,6.3323795555700615,0.8114960520145044,0,Sample 1,Cell type 1
17,3.5996890140612443,4.61787169707125,5,Sample 2,Cell type 3
18,-5.794871612475229,0.108739653774679,3,Sample 2,Cell type 1
19,-2.7958258050240787,-0.2444884913230421,3,Sample 2,Cell type 1
20,-2.64951692652959,-5.634505613894304,2,Sample 1,Cell type 3
21,4.792766283343438,-0.15707987926798261,0,Sample 1,Cell type 1
22,1.8172036159509233,-4.865676549828988,4,Sample 2,Cell type 2
23,-3.555397755679013,4.167742509005668,1,Sample 1,Cell type 2
24,-3.734241212167719,-4.836331042830223,2,Sample 1,Cell type 3
25,3.408758276755054,-4.453325151080461,4,Sample 2,Cell type 2
26,1.620768620374509,-2.8927948575821816,4,Sample 2,Cell type 2
27,4.465527637085561,0.7936338796292183,0,Sample 1,Cell type 1
28,5.1385447406809455,0.30825390378306944,0,Sample 1,Cell type 1
29,1.7676183767277664,4.431294394170745,5,Sample 2,Cell type 3
30,-5.198892683013342,0.5012909098104573,3,Sample 2,Cell type 1
31,2.0184444464518547,-4.836712136294177,4,Sample 2,Cell type 2
32,4.803405548731244,-0.2181788557981364,0,Sample 1,Cell type 1
33,-5.091712668405114,0.21141461731650985,3,Sample 2,Cell type 1
34,-2.543915200493028,4.558570278808319,1,Sample 1,Cell type 2
35,4.196687386598345,-0.6142380520833028,0,Sample 1,Cell type 1
36,4.747784604287723,0.6071753763946139,0,Sample 1,Cell type 1
37,-4.7038304880466075,0.46745133314824855,3,Sample 2,Cell type 1
38,0.5770651191195721,-3.2161622657357416,4,Sample 2,Cell type 2
39,1.099219540475814,-4.472120525941622,4,Sample 2,Cell type 2
40,-2.0455174358970853,-5.169851418050145,2,Sample 1,Cell type 3
41,4.493747198880546,-4.550224161526232,4,Sample 2,Cell type 2
42,1.4845671158055131,-3.1012016006382392,4,Sample 2,Cell type 2
43,2.312881759637125,4.173252450380643,5,Sample 2,Cell type 3
44,2.280158156197846,-6.091121797682931,4,Sample 2,Cell type 2
45,2.5168741982804703,3.425273230520123,5,Sample 2,Cell type 3
46,3.358343691605878,3.6474074396909035,5,Sample 2,Cell type 3
47,2.1098932632360263,-5.4791301108646895,4,Sample 2,Cell type 2
48,-4.493071180180753,-0.5585597396888391,3,Sample 2,Cell type 1
49,2.70589848513388,3.8254498965644417,5,Sample 2,Cell type 3
50,1.987876434532311,5.517122147085159,5,Sample 2,Cell type 3
51,-2.5391177467792865,-5.454278896365052,2,Sample 1,Cell type 3
52,-1.8742959987748349,-4.962846524256235,2,Sample 1,Cell type 3
53,-3.094629174613963,0.6617888861259391,3,Sample 2,Cell type 1
54,-1.6391942891211204,4.347176337859747,1,Sample 1,Cell type 2
55,-3.0477038606080025,4.962627498252409,1,Sample 1,Cell type 2
56,2.322574877027088,-3.554631576995752,4,Sample 2,Cell type 2
57,-2.8297765960195784,-3.5993480333082664,2,Sample 1,Cell type 3
58,2.1465208582073374,-4.241417912659461,4,Sample 2,Cell type 2
59,-6.093486690624661,0.47405381907786515,3,Sample 2,Cell type 1
60,-2.0698960776400983,-3.987578020673731,2,Sample 1,Cell type 3
61,2.5823339124185862,-6.18136227172228,4,Sample 2,Cell type 2
62,-1.7027435915364444,-4.70332332230475,2,Sample 1,Cell type 3
63,-4.803133107746873,-0.6418240217116342,3,Sample 2,Cell type 1
64,1.8581825328523842,3.9264200250908052,5,Sample 2,Cell type 3
65,-4.176447555258368,-0.2695161014281102,3,Sample 2,Cell type 1
66,-2.2540746417527187,4.982716788953631,1,Sample 1,Cell type 2
67,-2.684320571364613,3.59074050350755,1,Sample 1,Cell type 2
68,4.967873639484525,-1.1446200816944385,0,Sample 1,Cell type 1
69,-3.039947215032444,-4.652587810174216,2,Sample 1,Cell type 3
70,-2.2219507089571606,-4.260768859390675,2,Sample 1,Cell type 3
71,-1.3058491448323817,4.113228138088139,1,Sample 1,Cell type 2
72,-1.9063237023925534,4.569561083247387,1,Sample 1,Cell type 2
73,-4.818372416908089,-0.25925454016717553,3,Sample 2,Cell type 1
74,5.352011560042666,-0.40164337948208895,0,Sample 1,Cell type 1
75,4.101941974115839,4.084069885229553,5,Sample 2,Cell type 3
76,1.5044108400889078,4.689988789903401,5,Sample 2,Cell type 3
77,-4.143707871816056,1.017513937550926,3,Sample 2,Cell type 1
78,-4.753734101988892,1.6545808332046599,3,Sample 2,Cell type 1
79,3.3999460362425893,-5.724344598027028,4,Sample 2,Cell type 2
80,2.0054716410530986,5.048936382563444,5,Sample 2,Cell type 3
81,-2.6199525752632895,-5.476648470541962,2,Sample 1,Cell type 3
82,-2.524847146296724,-5.057873752507659,2,Sample 1,Cell type 3
83,1.816405229809557,4.007674324492815,5,Sample 2,Cell type 3
84,1.8202232628178394,-4.716514159780468,4,Sample 2,Cell type 2
85,-3.920809403238724,-3.478974228873507,2,Sample 1,Cell type 3
86,-3.572179968651924,0.010760291695435019,3,Sample 2,Cell type 1
87,-4.2950826233493045,0.0010605509875263959,3,Sample 2,Cell type 1
88,-3.42268040847677,-3.4202753850304086,2,Sample 1,Cell type 3
89,-2.1268560140531783,4.301613833084207,1,Sample 1,Cell type 2
90,-2.043509602224374,5.104674747348483,1,Sample 1,Cell type 2
91,1.592663083777768,5.153471367824567,5,Sample 2,Cell type 3
92,2.5271221789458664,-5.282453207461788,4,Sample 2,Cell type 2
93,3.464654736572835,3.5806908309546865,5,Sample 2,Cell type 3
94,4.943600977552727,0.38920131506096156,0,Sample 1,Cell type 1
95,-2.1512196883999657,-6.355923887097941,2,Sample 1,Cell type 3
96,4.046957202237881,0.5252428869070638,0,Sample 1,Cell type 1
97,-2.3810660342383096,4.060458242027762,1,Sample 1,Cell type 2
98,4.633524177856008,4.407851648591191,5,Sample 2,Cell type 3
99,-5.452461094299192,-0.3770525769208937,3,Sample 2,Cell type 1
100,5.200394280276702,0.27715856759758056,0,Sample 1,Cell type 1
101,2.526975243920839,-4.1152521540867575,4,Sample 2,Cell type 2
102,-4.985586502364443,0.3781042766747251,3,Sample 2,Cell type 1
103,4.879955530373978,0.10046116277723381,0,Sample 1,Cell type 1
104,-5.533751267822004,-0.5863751192990065,3,Sample 2,Cell type 1
105,3.180899278704187,-3.3510422840881207,4,Sample 2,Cell type 2
106,5.242108372191226,-0.6034206800154864,0,Sample 1,Cell type 1
107,-1.690829571673317,-3.256946286497487,2,Sample 1,Cell type 3
108,-2.5591782908755047,-4.3906595023828565,2,Sample 1,Cell type 3
109,-5.367725417818398,-0.863873958225189,3,Sample 2,Cell type 1
110,-4.524230018197063,4.101323641418105,1,Sample 1,Cell type 2
111,-3.778499481506997,4.699865151787748,1,Sample 1,Cell type 2
112,-2.8303982577147497,-5.07148566600004,2,Sample 1,Cell type 3
113,4.588906466130645,-0.8473708175111613,0,Sample 1,Cell type 1
114,-3.0939873860307094,-4.718371687216487,2,Sample 1,Cell type 3
115,2.5279103576715234,-5.43053573057719,4,Sample 2,Cell type 2
116,5.0558416679920155,-0.30825087748940816,0,Sample 1,Cell type 1
117,2.5911765345022184,3.695359235015416,5,Sample 2,Cell type 3
118,2.4537307100979255,5.232357440611509,5,Sample 2,Cell type 3
119,-2.051264441647008,4.093742764498866,1,Sample 1,Cell type 2
120,0.8121294074994871,5.401588290506193,5,Sample 2,Cell type 3
121,-2.0998076244507464,-4.7570072640735255,2,Sample 1,Cell type 3
122,-4.821375269395704,-0.9587136999616356,3,Sample 2,Cell type 1
123,-2.126663214427137,-3.1133220371946875,2,Sample 1,Cell type 3
124,-2.810159933126851,-4.661019551425906,2,Sample 1,Cell type 3
125,-2.983795731630569,2.5656741732429382,1,Sample 1,Cell type 2
126,2.141630929240016,-5.30197192763311,4,Sample 2,Cell type 2
127,4.847454079389323,0.1739462985437783,0,Sample 1,Cell type 1
128,1.56875949407534,4.043734671391524,5,Sample 2,Cell type 3
129,2.550919249197211,-4.627550228140986,4,Sample 2,Cell type 2
130,5.216365460623871,-0.04019048755930957,0,Sample 1,Cell type 1
131,2.096561587349898,-4.816386133014695,4,Sample 2,Cell type 2
132,-4.825590575457316,-4.629984664219637,2,Sample 1,Cell type 3
133,5.500533878212005,-0.685726045133026,0,Sample 1,Cell type 1
134,5.660333079190424,0.6508077088005109,0,Sample 1,Cell type 1
135,3.724457872964506,-0.4795000183630183,0,Sample 1,Cell type 1
136,-2.6314681647083153,-4.160452336462852,2,Sample 1,Cell type 3
137,-2.4543895000823315,4.545000842012799,1,Sample 1,Cell type 2
138,-2.907845354552708,-4.302574209557519,2,Sample 1,Cell type 3
139,1.5497878080659748,-4.647985620963285,4,Sample 2,Cell type 2
140,2.7734601711639697,-4.378157052273047,4,Sample 2,Cell type 2
141,3.263268081725299,-3.355342847024846,4,Sample 2,Cell type 2
142,5.818056345607713,1.9518019250714183,0,Sample 1,Cell type 1
143,-5.6849358725294,0.028452859226395434,3,Sample 2,Cell type 1
144,2.0442408296594112,-4.616389365675209,4,Sample 2,Cell type 2
145,3.152603589321656,4.812105767948084,5,Sample 2,Cell type 3
146,3.611811307157081,-5.4062947555690775,4,Sample 2,Cell type 2
147,2.3120605827832166,-5.04493909293762,4,Sample 2,Cell type 2
148,-4.288676940169755,-0.8974008822847097,3,Sample 2,Cell type 1
149,-1.9515938089678389,-2.851239952285063,2,Sample 1,Cell type 3
150,-0.8311623603703111,-5.141934613470873,2,Sample 1,Cell type 3
151,-4.8485373541661,0.23779541870409987,3,Sample 2,Cell type 1
152,-3.0914971259672313,-3.3766075513913334,2,Sample 1,Cell type 3
153,1.709707271888183,4.908557370586084,5,Sample 2,Cell type 3
154,1.5961201142251524,3.6710575232092695,5,Sample 2,Cell type 3
155,3.334456473693022,1.3571650946320306,0,Sample 1,Cell type 1
156,-4.825072554594162,-0.35705641218747536,3,Sample 2,Cell type 1
157,-5.107344168541539,0.4154869965103111,3,Sample 2,Cell type 1
158,-2.651296312621626,5.067447108461761,1,Sample 1,Cell type 2
159,-1.9796399259710877,3.127662777514339,1,Sample 1,Cell type 2
160,-2.154189639492678,-3.95409166902763,2,Sample 1,Cell type 3
161,-5.374796890688253,-0.6070122063482993,3,Sample 2,Cell type 1
162,-4.314638015805955,1.3419016702443922,3,Sample 2,Cell type 1
163,-2.0310673596857756,-4.660058073495376,2,Sample 1,Cell type 3
164,-3.576696738778571,3.6747207311449954,1,Sample 1,Cell type 2
165,-4.767242108528412,0.7662717048866148,3,Sample 2,Cell type 1
166,-3.814431385250771,-0.22657443115618545,3,Sample 2,Cell type 1
167,-6.041270386242665,-1.4824147863180548,3,Sample 2,Cell type 1
168,-2.9775794293768616,-6.242370512897742,2,Sample 1,Cell type 3
169,1.4214583636580043,-4.317581229744896,4,Sample 2,Cell type 2
170,-2.103040650109349,-4.758380388976319,2,Sample 1,Cell type 3
171,2.33032826406366,4.763889424449432,5,Sample 2,Cell type 3
172,5.520160942366929,-0.07934069102350633,0,Sample 1,Cell type 1
173,3.499768336147455,3.4849293624219846,5,Sample 2,Cell type 3
174,-2.9858835465697715,-4.391903855100629,2,Sample 1,Cell type 3
175,-2.1072200386893982,4.918029247762048,1,Sample 1,Cell type 2
176,-2.355149805783136,-3.287504589069341,2,Sample 1,Cell type 3
177,5.7323216941616595,0.2630008877277476,0,Sample 1,Cell type 1
178,2.4083524580219806,-4.262851508322038,4,Sample 2,Cell type 2
179,1.8056620297990775,4.775837113644978,5,Sample 2,Cell type 3
180,-4.102510796164598,-0.14934316985075538,3,Sample 2,Cell type 1
181,-1.8003863406939842,-4.849939200400805,2,Sample 1,Cell type 3
182,-6.683799604575212,1.6337423284277854,3,Sample 2,Cell type 1
183,-1.6807499793508291,4.80414857828314,1,Sample 1,Cell type 2
184,2.654725093751774,4.377880523385982,5,Sample 2,Cell type 3
185,-4.323357701949657,0.4112500419398213,3,Sample 2,Cell type 1
186,-5.098675251236888,0.24723795442612376,3,Sample 2,Cell type 1
187,5.270797125995531,-0.33223033112064104,0,Sample 1,Cell type 1
188,2.2721304498062356,-4.415082290953998,4,Sample 2,Cell type 2
189,-2.849108712421254,4.242439175781529,1,Sample 1,Cell type 2
190,2.485684018393316,-5.111247057853234,4,Sample 2,Cell type 2
191,-4.256902256879959,-4.459826199306079,2,Sample 1,Cell type 3
192,1.6552081504585257,3.490083187063644,5,Sample 2,Cell type 3
193,-2.6872158872855842,4.703213718479262,1,Sample 1,Cell type 2
194,4.208316143793136,-0.10062953607971853,0,Sample 1,Cell type 1
195,-2.6072137333383334,4.341877574705551,1,Sample 1,Cell type 2
196,3.8658638476473746,-4.9467820611051465,4,Sample 2,Cell type 2
197,-4.599334727196631,-0.7027790410736474,3,Sample 2,Cell type 1
198,5.412028213766928,0.4110287607297671,0,Sample 1,Cell type 1
199,-1.961941039037814,5.850032566838366,1,Sample 1,Cell type 2
200,-0.5699076627096664,4.957810449240613,1,Sample 1,Cell type 2
201,2.36266107686017,-3.4513391180807407,4,Sample 2,Cell type 2
202,6.508948720968425,0.13966225026547116,0,Sample 1,Cell type 1
203,-1.5256326781555556,-4.740684110532909,2,Sample 1,Cell type 3
204,5.866440994540222,0.8430416416279224,0,Sample 1,Cell type 1
205,3.4528725465169536,4.212644201917952,5,Sample 2,Cell type 3
206,1.6056579135706086,5.561484779062119,5,Sample 2,Cell type 3
207,-2.4237246404469555,-4.540885591787991,2,Sample 1,Cell type 3
208,-5.160282062235331,0.18547367370787907,3,Sample 2,Cell type 1
209,2.309754370059249,4.703272048852046,5,Sample 2,Cell type 3
210,2.452933716694783,4.153381638970503,5,Sample 2,Cell type 3
211,1.6792281460153782,4.815958231003547,5,Sample 2,Cell type 3
212,-3.356681934947553,-2.800991749210413,2,Sample 1,Cell type 3
213,0.6566304512448229,-4.618934397524251,4,Sample 2,Cell type 2
214,-3.7921054527244067,5.261918502487931,1,Sample 1,Cell type 2
215,-4.034713476108868,-1.2217342852717175,3,Sample 2,Cell type 1
216,4.638154944600739,-1.9391034613031655,0,Sample 1,Cell type 1
217,-0.07681308478857041,4.646606086732547,5,Sample 2,Cell type 3
218,4.034885067100967,4.047515710571666,5,Sample 2,Cell type 3
219,-3.0667254135283692,3.119155504831932,1,Sample 1,Cell type 2
220,-2.5749089509913388,-3.26948970088844,2,Sample 1,Cell type 3
221,5.090813876200999,0.5297045396168374,0,Sample 1,Cell type 1
222,2.26967513850566,-4.134096087469871,4,Sample 2,Cell type 2
223,-2.9228933453998045,4.799218233926268,1,Sample 1,Cell type 2
224,-2.8343276366127146,-5.950773317411294,2,Sample 1,Cell type 3
225,-3.0736129193023514,-5.3577944314821675,2,Sample 1,Cell type 3
226,-5.414154058295372,-0.07047299522325802,3,Sample 2,Cell type 1
227,2.4561773117289363,-5.068057406797358,4,Sample 2,Cell type 2
228,3.0627937185800205,4.267869870013015,5,Sample 2,Cell type 3
229,-2.7379857606990825,-3.280540028063035,2,Sample 1,Cell type 3
230,-2.9396457087268635,5.0177973285060355,1,Sample 1,Cell type 2
231,5.294938647098321,-0.31467104986188854,0,Sample 1,Cell type 1
232,-2.7978552423503404,-3.9802764692910233,2,Sample 1,Cell type 3
233,-2.231953576732708,-4.077202253175969,2,Sample 1,Cell type 3
234,5.431004793957095,-0.7365388744634931,0,Sample 1,Cell type 1
235,-1.7035347887983785,-2.9675889309877617,2,Sample 1,Cell type 3
236,-3.301773615141382,-4.93207520880462,2,Sample 1,Cell type 3
237,-3.0773900426698018,4.471583716633712,1,Sample 1,Cell type 2
238,5.798408087887722,-2.3170043025549516,0,Sample 1,Cell type 1
239,2.0324792187231755,6.292022949217172,5,Sample 2,Cell type 3
240,-1.8798756047721756,-3.887694950240305,2,Sample 1,Cell type 3
241,-2.31674024943544,-3.4706726087497426,2,Sample 1,Cell type 3
242,-2.787703737961972,-4.089241147568798,2,Sample 1,Cell type 3
243,-3.0264931912602044,4.087146195900862,1,Sample 1,Cell type 2
244,3.1841612061986106,4.541559187044793,5,Sample 2,Cell type 3
245,-3.0557705048712456,4.00270106843171,1,Sample 1,Cell type 2
246,3.9987684606476446,1.1550116832586077,0,Sample 1,Cell type 1
247,-2.237743061725531,5.069543130552457,1,Sample 1,Cell type 2
248,-2.9914585152770377,-4.89795821270902,2,Sample 1,Cell type 3
249,3.0379114700891026,-4.19680236503432,4,Sample 2,Cell type 2
250,3.3951156783445318,-3.31058427757213,4,Sample 2,Cell type 2
251,-1.9409372638379714,4.666905374433705,1,Sample 1,Cell type 2
252,-4.204974228375649,1.0991315081691604,3,Sample 2,Cell type 1
253,3.6644757751029022,0.43468815390394805,0,Sample 1,Cell type 1
254,1.8632237009196018,4.483638654939511,5,Sample 2,Cell type 3
255,3.772322854858907,-4.785445577860223,4,Sample 2,Cell type 2
256,2.6264751188614293,4.356881793300714,5,Sample 2,Cell type 3
257,2.0581909983099096,-5.207841938625247,4,Sample 2,Cell type 2
258,2.4825146020462974,-3.764341919878774,4,Sample 2,Cell type 2
259,-3.3733607009114506,4.020447256942672,1,Sample 1,Cell type 2
260,5.179131307251729,1.0913123439790755,0,Sample 1,Cell type 1
261,4.9902025817224684,-0.7178034971886653,0,Sample 1,Cell type 1
262,-2.9389799261927685,4.4044029398350855,1,Sample 1,Cell type 2
263,1.8871638380796765,-4.699140659320841,4,Sample 2,Cell type 2
264,2.4774256968502164,5.421588014258886,5,Sample 2,Cell type 3
265,-5.11080979568578,-0.33911203385788147,3,Sample 2,Cell type 1
266,3.3853683394298546,2.510430193957233,5,Sample 2,Cell type 3
267,-2.9286411704418374,2.9642406528478364,1,Sample 1,Cell type 2
268,-1.80224239994162,-4.582196403877479,2,Sample 1,Cell type 3
269,4.6479644106424125,0.10459246182887308,0,Sample 1,Cell type 1
270,-0.8507971386908808,5.296820003396707,1,Sample 1,Cell type 2
271,-5.959780212072171,0.5591357480646317,3,Sample 2,Cell type 1
272,-2.971093461390959,-4.999936963761952,2,Sample 1,Cell type 3
273,4.620043751071235,-0.5226633860589696,0,Sample 1,Cell type 1
274,-5.449473679481359,0.3834887627435385,3,Sample 2,Cell type 1
275,-3.7615971857528,-4.972386574082866,2,Sample 1,Cell type 3
276,1.380737257452416,-5.546356452714683,4,Sample 2,Cell type 2
277,-3.2262049441175353,5.545554157835609,1,Sample 1,Cell type 2
278,2.3279089598636085,5.563948321051234,5,Sample 2,Cell type 3
279,-1.1709926283617031,3.964450013653176,1,Sample 1,Cell type 2
280,-1.361801491120047,5.071099340715468,1,Sample 1,Cell type 2
281,5.065463486838052,-0.07911172255291414,0,Sample 1,Cell type 1
282,6.157582307482986,0.15724382120925973,0,Sample 1,Cell type 1
283,3.0994260455035616,3.85214393250267,5,Sample 2,Cell type 3
284,-2.8308844267373177,-2.8199768930500397,2,Sample 1,Cell type 3
285,-2.8338934508840667,4.094055087531869,1,Sample 1,Cell type 2
286,-4.726671814437899,-0.21705198245463736,3,Sample 2,Cell type 1
287,-5.836896868050004,0.3787259325699738,3,Sample 2,Cell type 1
288,2.0179005563083545,4.33155345180588,5,Sample 2,Cell type 3
289,-2.655415305582818,-4.934760219048882,2,Sample 1,Cell type 3
290,3.8415325268021405,-1.1259710195012442,0,Sample 1,Cell type 1
291,4.9083681237979055,0.9902530495787695,0,Sample 1,Cell type 1
292,-3.1643555252452513,4.7481383031348,1,Sample 1,Cell type 2
293,-4.161213879159526,0.3902198568674712,3,Sample 2,Cell type 1
294,1.5756385649458728,4.910191854480199,5,Sample 2,Cell type 3
295,1.7463518531406006,-4.768523673915106,4,Sample 2,Cell type 2
296,-4.839323925507433,0.08063285811584565,3,Sample 2,Cell type 1
297,-1.544712477562101,3.5451945940104483,1,Sample 1,Cell type 2
298,4.575599081911578,-0.46065459251574403,0,Sample 1,Cell type 1
299,-1.386027759948536,4.130089807243031,1,Sample 1,Cell type 2
300,-4.585518638376019,-0.4233608078492097,3,Sample 2,Cell type 1
301,-1.935136868947897,-4.524272040371819,2,Sample 1,Cell type 3
302,5.914258251612017,0.6015464261494193,0,Sample 1,Cell type 1
303,1.9121512819726476,3.2107444115424877,5,Sample 2,Cell type 3
304,2.699560756744054,-4.010744464570734,4,Sample 2,Cell type 2
305,-0.8892902019787006,4.439355283788384,1,Sample 1,Cell type 2
306,1.7392372935244191,-3.7733813381695156,4,Sample 2,Cell type 2
307,-2.6947071835000167,-4.5699975759420965,2,Sample 1,Cell type 3
308,-4.176984806861215,0.40134803613503117,3,Sample 2,Cell type 1
309,1.781872491779957,3.8201370710621836,5,Sample 2,Cell type 3
310,2.7703644433160166,-4.803919694772447,4,Sample 2,Cell type 2
311,-3.9184259745655043,5.339664219493387,1,Sample 1,Cell type 2
312,2.7988269467294113,-3.165779431789935,4,Sample 2,Cell type 2
313,-1.622824612951292,3.8295851889252237,1,Sample 1,Cell type 2
314,7.46310464676419,0.8956599291476615,0,Sample 1,Cell type 1
315,5.839642172255468,-0.4281881692484544,0,Sample 1,Cell type 1
316,3.4496621429934047,3.5582952288184444,5,Sample 2,Cell type 3
317,2.180427607621714,-4.226777040256827,4,Sample 2,Cell type 2
318,-4.918012286273434,-0.3862620726455341,3,Sample 2,Cell type 1
319,-4.8989486404134395,-0.37530468336832656,3,Sample 2,Cell type 1
320,-2.730838956700566,-4.957129835821735,2,Sample 1,Cell type 3
321,-4.721326608603098,-0.7182640531405029,3,Sample 2,Cell type 1
322,5.740942038025313,1.5275333123761046,0,Sample 1,Cell type 1
323,4.220254663818142,0.6296676829939617,0,Sample 1,Cell type 1
324,-2.9400922263492335,-4.447747357666872,2,Sample 1,Cell type 3
325,-1.9543444079498973,-4.229184695992618,2,Sample 1,Cell type 3
326,-5.453115672971778,0.6652934289443235,3,Sample 2,Cell type 1
327,1.2947797935687042,-5.133559469717598,4,Sample 2,Cell type 2
328,-1.4370873374014173,-4.079579439830208,2,Sample 1,Cell type 3
329,-4.719703826890929,-0.6754592297464562,3,Sample 2,Cell type 1
330,1.7717405264573731,4.886259217586305,5,Sample 2,Cell type 3
331,4.207570939895449,-0.45303818368221754,0,Sample 1,Cell type 1
332,1.4439382498101592,4.139124937271445,5,Sample 2,Cell type 3
333,3.3695003718577166,-0.8064690487339233,0,Sample 1,Cell type 1
334,-3.508131812138063,3.8370378924906117,1,Sample 1,Cell type 2
335,-1.5100494922526877,3.9642856948527614,1,Sample 1,Cell type 2
336,-4.2085393711829555,6.840325845850189,1,Sample 1,Cell type 2
337,2.610462726734038,2.8212240557613715,5,Sample 2,Cell type 3
338,3.159282317484565,4.198807488744774,5,Sample 2,Cell type 3
339,-2.6383568479387374,5.699493803036068,1,Sample 1,Cell type 2
340,1.5784019619366858,4.417393395202058,5,Sample 2,Cell type 3
341,2.582116422831732,4.091890093943024,5,Sample 2,Cell type 3
342,-3.209993742241679,3.980160378663465,1,Sample 1,Cell type 2
343,-4.875740000640479,0.3185178120980303,3,Sample 2,Cell type 1
344,-0.9059877174655044,3.716801748695515,1,Sample 1,Cell type 2
345,-5.027140180742327,-1.2758047665306653,3,Sample 2,Cell type 1
346,-3.4360904208474867,2.888542668858178,1,Sample 1,Cell type 2
347,1.9267412092607121,-3.6824514701446867,4,Sample 2,Cell type 2
348,-3.4912856605231197,3.1561068063202415,1,Sample 1,Cell type 2
349,-4.238135636811228,5.008064360642531,1,Sample 1,Cell type 2
350,1.882246089756497,5.662609589871415,5,Sample 2,Cell type 3
351,5.858905399887818,-0.8212122395288483,0,Sample 1,Cell type 1
352,3.508679615999448,4.823458200099087,5,Sample 2,Cell type 3
353,-2.8329555239082054,-5.2341824901544785,2,Sample 1,Cell type 3
354,-4.578770653062154,-0.38192856495423977,3,Sample 2,Cell type 1
355,2.690537044911703,3.657509507003293,5,Sample 2,Cell type 3
356,-2.020964488350471,4.8647994098966585,1,Sample 1,Cell type 2
357,-3.1339359367999684,4.083757795210961,1,Sample 1,Cell type 2
358,-2.906512158117848,4.211902763868216,1,Sample 1,Cell type 2
359,3.8811459409446867,0.4503753893524567,0,Sample 1,Cell type 1
360,3.1908225940172135,-4.192951564849882,4,Sample 2,Cell type 2
361,2.6211224383613825,-4.091365567737044,4,Sample 2,Cell type 2
362,-3.4226659225645983,-5.6800024966107605,2,Sample 1,Cell type 3
363,4.013753408666451,-5.037102331475046,4,Sample 2,Cell type 2
364,-6.742569055785144,-0.42357357080560604,3,Sample 2,Cell type 1
365,-4.207867008832569,-0.1737048599569614,3,Sample 2,Cell type 1
366,-1.0339543652166407,-3.6788056092275787,2,Sample 1,Cell type 3
367,4.907481374089407,-0.24088295647143104,0,Sample 1,Cell type 1
368,-1.5554872700382865,-4.831977775683234,2,Sample 1,Cell type 3
369,-1.6065329795760388,-4.180994083126955,2,Sample 1,Cell type 3
370,-2.089119914744226,3.9039663471926644,1,Sample 1,Cell type 2
371,2.904269718117875,-3.907855538989726,4,Sample 2,Cell type 2
372,1.5083295899799738,-3.8438547479341887,4,Sample 2,Cell type 2
373,2.0850666243030282,-3.647565782880952,4,Sample 2,Cell type 2
374,-4.312332102125155,0.06384118724698709,3,Sample 2,Cell type 1
375,2.3822883961487147,3.8048277622824287,5,Sample 2,Cell type 3
376,-3.1181275562166615,-3.665973569432104,2,Sample 1,Cell type 3
377,4.509769047612491,-0.31016124794878736,0,Sample 1,Cell type 1
378,-6.6794850115352205,0.546578411831047,3,Sample 2,Cell type 1
379,4.299505397292194,-1.106239784771469,0,Sample 1,Cell type 1
380,-5.29515155122517,0.17104703515285133,3,Sample 2,Cell type 1
381,7.0586878425998885,0.04737474721159061,0,Sample 1,Cell type 1
382,-3.8302432490258904,0.35890861161162246,3,Sample 2,Cell type 1
383,6.218499261815726,0.43112803494772695,0,Sample 1,Cell type 1
384,4.37120843159364,-1.0649863628462224,0,Sample 1,Cell type 1
385,-5.9511707356279695,-0.03990412330249355,3,Sample 2,Cell type 1
386,2.5424474503460956,5.022358823830393,5,Sample 2,Cell type 3
387,-5.751570593588786,0.8953959340512775,3,Sample 2,Cell type 1
388,-2.343980012777501,-4.936752674032264,2,Sample 1,Cell type 3
389,2.808776074055101,3.3888110638021502,5,Sample 2,Cell type 3
390,2.7379696424942495,-4.2185287820042285,4,Sample 2,Cell type 2
391,-3.2245858406900942,3.8071139480031375,1,Sample 1,Cell type 2
392,-2.5981671468765817,-4.255429119500871,2,Sample 1,Cell type 3
393,3.784504027236789,-0.38738725829300114,0,Sample 1,Cell type 1
394,-2.762894780599187,4.812676963788068,1,Sample 1,Cell type 2
395,-1.8046751484885806,5.039959688735587,1,Sample 1,Cell type 2
396,-2.47376240367073,3.723330751162138,1,Sample 1,Cell type 2
397,4.725849924735721,-0.2971526927966332,0,Sample 1,Cell type 1
398,3.097955977141645,4.568427971741269,5,Sample 2,Cell type 3
399,3.9214516623154294,0.594611275218172,0,Sample 1,Cell type 1
400,-3.17933965788189,-0.6817797143978587,3,Sample 2,Cell type 1
401,-2.2446603916646546,5.4024873757407095,1,Sample 1,Cell type 2
402,-3.295090139867885,-3.9939737846061987,2,Sample 1,Cell type 3
403,-3.965345797764823,-5.171174948233667,2,Sample 1,Cell type 3
404,-2.1770159277307117,4.31077053380946,1,Sample 1,Cell type 2
405,2.7640910323767516,-4.98133555435544,4,Sample 2,Cell type 2
406,1.7165598157738922,4.460815302854833,5,Sample 2,Cell type 3
407,2.5394625326358713,-3.752169430745412,4,Sample 2,Cell type 2
408,-2.667218605828819,3.6497106555547534,1,Sample 1,Cell type 2
409,-1.4374446865207526,4.775111026442722,1,Sample 1,Cell type 2
410,-5.920922989242295,-2.2712629275883414,3,Sample 2,Cell type 1
411,-1.4463079461281068,4.235672197329331,1,Sample 1,Cell type 2
412,5.510873967021899,-1.329216049815168,0,Sample 1,Cell type 1
413,-3.7165287133531226,-0.22807540563361056,3,Sample 2,Cell type 1
414,5.010401513502326,1.1628272617258535,0,Sample 1,Cell type 1
415,-2.8546258009532073,3.622284847700673,1,Sample 1,Cell type 2
416,3.1937499302621877,-4.72801051605347,4,Sample 2,Cell type 2
417,4.195186094800238,-0.9713508902301857,0,Sample 1,Cell type 1
418,4.83350219971418,-0.3944007477270663,0,Sample 1,Cell type 1
419,2.91715951924762,-3.260551760077427,4,Sample 2,Cell type 2
420,-7.163513305282221,-0.5039076418910476,3,Sample 2,Cell type 1
421,-2.26099767330745,3.7286941788460464,1,Sample 1,Cell type 2
422,-2.6770028988686168,4.108676379011057,1,Sample 1,Cell type 2
423,6.2745493013115174,-0.40897254114494813,0,Sample 1,Cell type 1
424,5.2593330819907536,-0.10411444349414767,0,Sample 1,Cell type 1
425,-2.3322724677802986,3.936818070416556,1,Sample 1,Cell type 2
426,-4.149874167369979,-0.3005069326124279,3,Sample 2,Cell type 1
427,-0.9637059982845932,-5.308443034566643,2,Sample 1,Cell type 3
428,-5.607176559122676,-0.7829926690478122,3,Sample 2,Cell type 1
429,4.455980222737208,0.18580295772880284,0,Sample 1,Cell type 1
430,3.822647709742821,-3.831657140610919,4,Sample 2,Cell type 2
431,4.079205138062157,0.3005584146765376,0,Sample 1,Cell type 1
432,5.4758034733322285,0.6827324470242462,0,Sample 1,Cell type 1
433,3.5310357015173626,0.40639306153003496,0,Sample 1,Cell type 1
434,5.304158280804771,0.4884685962270585,0,Sample 1,Cell type 1
435,3.6331294333602306,-3.711535029589588,4,Sample 2,Cell type 2
436,-2.293071081715692,-4.159935198236064,2,Sample 1,Cell type 3
437,5.047704295936139,-0.5175494221644591,0,Sample 1,Cell type 1
438,-4.396213361545753,0.1595391887894143,3,Sample 2,Cell type 1
439,-4.152066437005059,-4.307360953975665,2,Sample 1,Cell type 3
440,-2.5424965224140355,5.308982124857096,1,Sample 1,Cell type 2
441,5.120335124114861,0.29196880197298036,0,Sample 1,Cell type 1
442,-4.313680939766925,0.44285562485423524,3,Sample 2,Cell type 1
443,-2.0955286065313024,-3.1388365322595604,2,Sample 1,Cell type 3
444,-2.132022285648706,3.787954723120509,1,Sample 1,Cell type 2
445,4.452977377977532,4.679828442707034,5,Sample 2,Cell type 3
446,-1.987616163839343,-4.482529503720441,2,Sample 1,Cell type 3
447,2.52335240314845,-3.7717477948181175,4,Sample 2,Cell type 2
448,2.228551050289469,-4.363196782769531,4,Sample 2,Cell type 2
449,-2.3137706056478713,-4.935538200534933,2,Sample 1,Cell type 3
450,-2.135289782334713,6.062128894843061,1,Sample 1,Cell type 2
451,-5.624925102504891,-0.20784011261400942,3,Sample 2,Cell type 1
452,2.6333103162494713,5.1780871547320935,5,Sample 2,Cell type 3
453,3.218687654677585,-3.4303056429335452,4,Sample 2,Cell type 2
454,-2.0910379203800145,5.42905385505256,1,Sample 1,Cell type 2
455,-4.0558974610067775,0.9154344548479519,3,Sample 2,Cell type 1
456,3.3663999508134914,-5.191231968843843,4,Sample 2,Cell type 2
457,3.1359384911004478,5.409435103012936,5,Sample 2,Cell type 3
458,1.4239884128554614,-5.018966756654656,4,Sample 2,Cell type 2
459,-1.118428919013275,4.010418070430512,1,Sample 1,Cell type 2
460,-3.6014903447033317,0.8320494559220615,3,Sample 2,Cell type 1
461,-3.500326187175773,4.813739280006487,1,Sample 1,Cell type 2
462,-1.365174923881573,-6.320373944150256,2,Sample 1,Cell type 3
463,2.5097357458263247,4.25582741780775,5,Sample 2,Cell type 3
464,-1.9566857796494457,-4.571763418514084,2,Sample 1,Cell type 3
465,2.2057723787431565,4.892153670069277,5,Sample 2,Cell type 3
466,2.5058901451388502,-5.512964568521235,4,Sample 2,Cell type 2
467,-1.9875656519401834,-4.231664457597247,2,Sample 1,Cell type 3
468,-2.4995776329147215,4.811092418065486,1,Sample 1,Cell type 2
469,-5.166934696976373,-0.25013475658588524,3,Sample 2,Cell type 1
470,-2.057480674896635,-4.76868725745561,2,Sample 1,Cell type 3
471,2.8110551282109713,3.39102835787737,5,Sample 2,Cell type 3
472,-2.121222480771819,-4.544239891641227,2,Sample 1,Cell type 3
473,4.860032194643673,-0.6045961275942758,0,Sample 1,Cell type 1
474,-5.7026106022587735,0.079909563527371,3,Sample 2,Cell type 1
475,-1.4035710848026315,-3.7739646988549924,2,Sample 1,Cell type 3
476,3.1256219100593023,3.6008331771990707,5,Sample 2,Cell type 3
477,3.266395153184012,-3.7992905241234474,4,Sample 2,Cell type 2
478,2.118498831484932,5.67181971507169,5,Sample 2,Cell type 3
479,-2.251112007085446,-5.841846452599114,2,Sample 1,Cell type 3
480,4.643597982879383,1.1627075816941608,0,Sample 1,Cell type 1
481,5.824226763225473,0.19103132722121083,0,Sample 1,Cell type 1
482,2.963142918856984,-3.9620931598338225,4,Sample 2,Cell type 2
483,-1.9916655758326178,3.3387203030394157,1,Sample 1,Cell type 2
484,-1.5458118676668706,-5.336421543649302,2,Sample 1,Cell type 3
485,-3.969539420118098,0.011607199410123921,3,Sample 2,Cell type 1
486,5.378590099658836,-0.05826313012549822,0,Sample 1,Cell type 1
487,3.037834726432318,-5.530508258252597,4,Sample 2,Cell type 2
488,1.971179956298005,3.918176053775575,5,Sample 2,Cell type 3
489,4.1462489416782065,-5.480855952357842,4,Sample 2,Cell type 2
490,2.410944920961756,-4.0908584317053105,4,Sample 2,Cell type 2
491,3.8688230473526266,-3.9109586092608075,4,Sample 2,Cell type 2
492,-3.159148389577602,-4.9054145800815405,2,Sample 1,Cell type 3
493,2.827251950667246,4.863429325687705,5,Sample 2,Cell type 3
494,3.5168522608056234,-5.114176860394687,4,Sample 2,Cell type 2
495,-3.3577112095884845,1.9930466321265077,1,Sample 1,Cell type 2
496,-5.047860914823923,0.3948481634674339,3,Sample 2,Cell type 1
497,-5.411120501319075,-0.9591611183951001,3,Sample 2,Cell type 1
498,2.8832025147142035,-5.019174682679882,4,Sample 2,Cell type 2
499,2.2734784920960998,2.710095087981254,5,Sample 2,Cell type 3
500,-0.6820522236424966,-3.618897321098278,2,Sample 1,Cell type 3
501,3.140561558036462,5.978003020312114,5,Sample 2,Cell type 3
502,-5.148739584759016,-1.2795158097554484,3,Sample 2,Cell type 1
503,1.2738528232610131,3.427254480444565,5,Sample 2,Cell type 3
504,1.6230237401051442,-4.3844241242817805,4,Sample 2,Cell type 2
505,-6.913564963450419,0.6758195006253607,3,Sample 2,Cell type 1
506,4.812677300221331,-0.18730956555934444,0,Sample 1,Cell type 1
507,4.97200920760243,1.416640508508408,0,Sample 1,Cell type 1
508,-5.013604859587065,0.40401687061901415,3,Sample 2,Cell type 1
509,-2.1721450744571893,4.137120895227359,1,Sample 1,Cell type 2
510,5.650020657915358,1.0849920228566583,0,Sample 1,Cell type 1
511,1.9956332366516185,5.639792945316387,5,Sample 2,Cell type 3
512,4.69669780721001,-0.16286428808188944,0,Sample 1,Cell type 1
513,3.150624324851675,3.6550439169822733,5,Sample 2,Cell type 3
514,-2.589207061714357,-4.974100203604241,2,Sample 1,Cell type 3
515,-1.5396688736444588,3.804611595745077,1,Sample 1,Cell type 2
516,-3.0148145843041134,5.072399121387184,1,Sample 1,Cell type 2
517,5.8533397516713235,0.9354364723565383,0,Sample 1,Cell type 1
518,1.8969103090472272,-4.024004177740202,4,Sample 2,Cell type 2
519,-6.045895825784771,-1.2782977075958695,3,Sample 2,Cell type 1
520,5.3303451634205,-0.45097964224317977,0,Sample 1,Cell type 1
521,-1.785636903912987,-2.866430857549322,2,Sample 1,Cell type 3
522,4.668265315467915,4.746023833403722,5,Sample 2,Cell type 3
523,5.825475631574908,-1.1884482984295777,0,Sample 1,Cell type 1
524,-4.425266061222687,-0.1261975865851876,3,Sample 2,Cell type 1
525,-4.61579159887526,-0.8440861403843589,3,Sample 2,Cell type 1
526,-3.381833719869141,-3.7850394105678333,2,Sample 1,Cell type 3
527,-4.67981131557858,0.16132232410340433,3,Sample 2,Cell type 1
528,5.400733750099505,-0.7820441958388409,0,Sample 1,Cell type 1
529,-2.1395172697099714,-5.825980090547923,2,Sample 1,Cell type 3
530,2.845882171360272,3.7563814983442154,5,Sample 2,Cell type 3
531,5.930531001723968,0.00818644881566964,0,Sample 1,Cell type 1
532,-2.5929832344975687,-4.158356472385771,2,Sample 1,Cell type 3
533,-4.94572918886645,-1.6159418657249085,3,Sample 2,Cell type 1
534,-4.785725089706934,-0.6588279765006789,3,Sample 2,Cell type 1
535,2.0308678808889775,-4.825944721525298,4,Sample 2,Cell type 2
536,1.0847597570084773,-4.03672989260839,4,Sample 2,Cell type 2
537,3.4513811690046285,4.863923136865586,5,Sample 2,Cell type 3
538,5.873048096475415,0.4873104967257416,0,Sample 1,Cell type 1
539,2.558669395822506,-3.5551111023771127,4,Sample 2,Cell type 2
540,-5.142334300643519,-0.7302487354372098,3,Sample 2,Cell type 1
541,2.078774650323162,-4.748987809647462,4,Sample 2,Cell type 2
542,6.2246006658749575,0.9750094813578534,0,Sample 1,Cell type 1
543,2.1852941618042707,-4.940061379404527,4,Sample 2,Cell type 2
544,2.2386614019927613,-4.230325339191048,4,Sample 2,Cell type 2
545,-2.813406519235057,3.5921988713233914,1,Sample 1,Cell type 2
546,-4.763776047503305,-0.6211993123943996,3,Sample 2,Cell type 1
547,-1.9676665410465792,-2.7771530697511926,2,Sample 1,Cell type 3
548,2.659688334722223,-3.454783380905015,4,Sample 2,Cell type 2
549,5.733062139761985,0.27719078071839415,0,Sample 1,Cell type 1
550,5.770700903395458,0.3302247415491987,0,Sample 1,Cell type 1
551,3.754734481072199,-0.34249212877273005,0,Sample 1,Cell type 1
552,4.861898160047344,0.706927949989338,0,Sample 1,Cell type 1
553,1.5544144031454212,-3.533348075845039,4,Sample 2,Cell type 2
554,-2.148399015503818,4.953276221731885,1,Sample 1,Cell type 2
555,-3.823909948982639,-5.098164055145763,2,Sample 1,Cell type 3
556,2.644235904402756,3.6782324997947176,5,Sample 2,Cell type 3
557,-2.2733697027630853,4.123003039958932,1,Sample 1,Cell type 2
558,1.862309147020012,-4.297387219939057,4,Sample 2,Cell type 2
559,-5.346219106870711,0.6350547737150533,3,Sample 2,Cell type 1
560,4.5540065719937335,-1.0958423836632623,0,Sample 1,Cell type 1
561,2.3618966925673286,-3.8191853070179547,4,Sample 2,Cell type 2
562,1.984527786382409,-6.5214391838321735,4,Sample 2,Cell type 2
563,5.566486941350872,0.7653618534356673,0,Sample 1,Cell type 1
564,-2.8256290503414236,4.879181784487554,1,Sample 1,Cell type 2
565,-5.172768416280186,0.7499819940055407,3,Sample 2,Cell type 1
566,1.3051921773974817,-6.029285085082727,4,Sample 2,Cell type 2
567,2.6092779164709983,-4.309818796544378,4,Sample 2,Cell type 2
568,3.863673674637898,-5.216616985529291,4,Sample 2,Cell type 2
569,-4.123144074018081,0.34025704666408896,3,Sample 2,Cell type 1
570,2.6436978181055353,-3.2540089225602635,4,Sample 2,Cell type 2
571,-4.7950635154445775,0.9546488047417014,3,Sample 2,Cell type 1
572,-2.241465828652174,4.212044949883259,1,Sample 1,Cell type 2
573,-2.5392234726704315,-4.458415083758056,2,Sample 1,Cell type 3
574,4.411576045928187,0.98887454016835,0,Sample 1,Cell type 1
575,-2.5731196460072936,-4.394829817214561,2,Sample 1,Cell type 3
576,-5.76702276494942,-1.0820069515525772,3,Sample 2,Cell type 1
577,-3.3829358628242976,-4.594758398384238,2,Sample 1,Cell type 3
578,-1.9324385462887674,3.981737922466319,1,Sample 1,Cell type 2
579,-2.111170968465893,-5.567970210072884,2,Sample 1,Cell type 3
580,-4.663440295185217,-0.4623366214661679,3,Sample 2,Cell type 1
581,-2.482027285750362,4.767822311062361,1,Sample 1,Cell type 2
582,4.796018226063316,1.2031943908661509,0,Sample 1,Cell type 1
583,-5.308538104782278,0.3476021168730452,3,Sample 2,Cell type 1
584,-3.154559106737845,4.327427452993432,1,Sample 1,Cell type 2
585,-5.244151076384601,0.8375294355905123,3,Sample 2,Cell type 1
586,-3.084765020572381,-3.7237895389832962,2,Sample 1,Cell type 3
587,-2.3522316201751354,-3.5797945889136678,2,Sample 1,Cell type 3
588,-1.7899968260687547,-3.7214496954730096,2,Sample 1,Cell type 3
589,5.234457978638945,-0.5714811344210943,0,Sample 1,Cell type 1
590,-3.189362456205009,-4.306101835590926,2,Sample 1,Cell type 3
591,-4.406032869125903,-0.5100700336607705,3,Sample 2,Cell type 1
592,2.7559721529161267,-5.455681739332731,4,Sample 2,Cell type 2
593,5.315561713902637,-0.3367875846562104,0,Sample 1,Cell type 1
594,-2.551750884026017,-4.27182774050978,2,Sample 1,Cell type 3
595,-5.254998652196907,-0.8238494788334754,3,Sample 2,Cell type 1
596,-2.0821994911857793,-4.4084592160765155,2,Sample 1,Cell type 3
597,-4.584903055647902,0.3966440168220573,3,Sample 2,Cell type 1
598,-2.8830699648067224,3.6399064076876972,1,Sample 1,Cell type 2
599,-2.220279962160247,-5.581969236011836,2,Sample 1,Cell type 3
600,2.1513682163010914,3.656967407618986,5,Sample 2,Cell type 3
601,-6.200177489157549,-0.6230696342563472,3,Sample 2,Cell type 1
602,2.0202880041430373,4.659689418171641,5,Sample 2,Cell type 3
603,-3.4625606843113177,-5.163762548716674,2,Sample 1,Cell type 3
604,-1.556219833311434,-4.174840914159506,2,Sample 1,Cell type 3
605,-2.6514736781377772,-0.8586624257783158,3,Sample 2,Cell type 1
606,2.874360337705478,-5.266351584039615,4,Sample 2,Cell type 2
607,1.7729842633536177,-2.982507151239434,4,Sample 2,Cell type 2
608,-2.538511703855597,1.088092720144251,3,Sample 2,Cell type 1
609,5.213640212695407,0.7117046364987497,0,Sample 1,Cell type 1
610,4.579058320059666,2.9508775702277643,5,Sample 2,Cell type 3
611,3.593111529483551,3.73993765517432,5,Sample 2,Cell type 3
612,4.804674691767481,0.7712697346306858,0,Sample 1,Cell type 1
613,-4.083177939989268,-2.2700051531179026,3,Sample 2,Cell type 1
614,4.394919403772557,-1.1378029676781394,0,Sample 1,Cell type 1
615,-2.5044768150632364,4.865120343396204,1,Sample 1,Cell type 2
616,-1.8192816302656212,4.220229588202677,1,Sample 1,Cell type 2
617,5.259267175515836,-0.30806582433305324,0,Sample 1,Cell type 1
618,6.313612128109096,0.8078536714741074,0,Sample 1,Cell type 1
619,3.8727261049061523,-4.408147325918694,4,Sample 2,Cell type 2
620,-3.296118785482706,-4.475329548630725,2,Sample 1,Cell type 3
621,-5.080380576457364,-0.045912562401233314,3,Sample 2,Cell type 1
622,-1.554487125632033,-3.9454005447230758,2,Sample 1,Cell type 3
623,5.355055542516983,0.6197072427434694,0,Sample 1,Cell type 1
624,3.3580334396582074,5.473135148551609,5,Sample 2,Cell type 3
625,-4.445784774520911,0.8846664530357709,3,Sample 2,Cell type 1
626,-1.8288475996243094,3.836324469684655,1,Sample 1,Cell type 2
627,6.571780106333112,0.028210841577382892,0,Sample 1,Cell type 1
628,1.676243008293552,3.942913320024525,5,Sample 2,Cell type 3
629,-1.728118693522033,5.622593277760779,1,Sample 1,Cell type 2
630,1.9404683679013663,-4.200768197558393,4,Sample 2,Cell type 2
631,-3.593502958732336,4.150314697408047,1,Sample 1,Cell type 2
632,3.647447735481661,4.557930693630647,5,Sample 2,Cell type 3
633,2.853330051348849,3.18314299907401,5,Sample 2,Cell type 3
634,1.449625176042182,4.645307199613715,5,Sample 2,Cell type 3
635,-3.0565559017576533,-5.064628605655452,2,Sample 1,Cell type 3
636,-2.549411359888105,-3.9465738044533407,2,Sample 1,Cell type 3
637,-1.0956194413476101,-3.0717112387503067,2,Sample 1,Cell type 3
638,-5.720472282028849,-0.9062279610141954,3,Sample 2,Cell type 1
639,3.7409962131421803,-3.624297824842823,4,Sample 2,Cell type 2
640,3.548484730250771,5.26700859625784,5,Sample 2,Cell type 3
641,5.696899762745354,-0.2608188257342729,0,Sample 1,Cell type 1
642,-2.6611932271580137,4.324909966738627,1,Sample 1,Cell type 2
643,-4.451053726621143,4.222703689173151,1,Sample 1,Cell type 2
644,-2.6021237452145543,-4.77861312840004,2,Sample 1,Cell type 3
645,2.0196914457031117,-4.218404067269915,4,Sample 2,Cell type 2
646,-2.6443133454099255,5.428405798663418,1,Sample 1,Cell type 2
647,-2.2535595683967173,4.016808164984761,1,Sample 1,Cell type 2
648,-2.2469133427710863,-5.03832596782157,2,Sample 1,Cell type 3
649,-5.532337838503569,0.5775227883505138,3,Sample 2,Cell type 1
650,-5.694608769278666,0.07825063447464653,3,Sample 2,Cell type 1
651,-4.776732913323852,0.23325094134557883,3,Sample 2,Cell type 1
652,-3.1681143213040177,6.0017579962780125,1,Sample 1,Cell type 2
653,-4.328268908455049,-1.0860140318735474,3,Sample 2,Cell type 1
654,-2.4043357052686765,3.551671866216949,1,Sample 1,Cell type 2
655,-4.399301776478934,0.5235448216844977,3,Sample 2,Cell type 1
656,-3.4149809658565284,4.416974783543412,1,Sample 1,Cell type 2
657,-4.836192894078573,0.6127026235844926,3,Sample 2,Cell type 1
658,-5.524550175569155,-0.1885689958853342,3,Sample 2,Cell type 1
659,3.9374511608812552,0.15748898869529881,0,Sample 1,Cell type 1
660,-2.4743966807473856,3.727392722645247,1,Sample 1,Cell type 2
661,1.7149392507860246,-5.453980574064201,4,Sample 2,Cell type 2
662,1.4715207087577826,3.0374498421487273,5,Sample 2,Cell type 3
663,-6.352537302085162,-0.7827996366932845,3,Sample 2,Cell type 1
664,-2.8868491870772317,-4.819860552646048,2,Sample 1,Cell type 3
665,4.101822382750161,0.3059277969472405,0,Sample 1,Cell type 1
666,3.7341890938238214,4.524907080631609,5,Sample 2,Cell type 3
667,2.47436200466903,4.356946780833063,5,Sample 2,Cell type 3
668,2.3453566188416204,-3.1528589528662803,4,Sample 2,Cell type 2
669,-4.560253450967792,1.4411440794131911,3,Sample 2,Cell type 1
670,-4.979831305967934,-1.2344945823542957,3,Sample 2,Cell type 1
671,2.7923153935401093,-4.361456711276403,4,Sample 2,Cell type 2
672,-1.2375055539502546,-3.541767270430017,2,Sample 1,Cell type 3
673,-2.886194817745625,3.567464132315224,1,Sample 1,Cell type 2
674,2.809268983924154,5.4175650984140375,5,Sample 2,Cell type 3
675,3.5512599852196836,3.5711280627077926,5,Sample 2,Cell type 3
676,3.3949058673233656,-4.319692319420634,4,Sample 2,Cell type 2
677,-4.194274239522665,0.41439582111316214,3,Sample 2,Cell type 1
678,-4.1147902915109125,-4.2140760221546865,2,Sample 1,Cell type 3
679,-2.072146130923274,-3.346942616930942,2,Sample 1,Cell type 3
680,1.9974804801954864,5.35923272851862,5,Sample 2,Cell type 3
681,4.723970899378841,-5.16052010291358,4,Sample 2,Cell type 2
682,-3.0232605465019384,2.8656207014370283,1,Sample 1,Cell type 2
683,-5.126644382407731,-0.14708311452736714,3,Sample 2,Cell type 1
684,-2.7974863058229347,-4.912896316266466,2,Sample 1,Cell type 3
685,-4.44762185110279,0.21249359453802738,3,Sample 2,Cell type 1
686,-2.031276639068283,-4.9195431276802895,2,Sample 1,Cell type 3
687,5.2213526394640155,0.6617465992288191,0,Sample 1,Cell type 1
688,3.1557917738064765,4.173748904053413,5,Sample 2,Cell type 3
689,-3.1547429327536034,-3.1042328391796987,2,Sample 1,Cell type 3
690,-2.2329120267451743,-3.185033593457245,2,Sample 1,Cell type 3
691,-3.9673932607020577,2.0703271788245483,3,Sample 2,Cell type 1
692,-1.945216870468804,4.01651690698689,1,Sample 1,Cell type 2
693,-2.2423341513864137,-4.339000622081073,2,Sample 1,Cell type 3
694,-2.1802496385978856,3.8090415038887304,1,Sample 1,Cell type 2
695,2.8763863969032855,5.908002602187953,5,Sample 2,Cell type 3
696,-2.4093836715697874,3.1795046362683,1,Sample 1,Cell type 2
697,5.319378498084223,0.5177567517621928,0,Sample 1,Cell type 1
698,2.466966910572271,3.150524869283604,5,Sample 2,Cell type 3
699,-3.4409386692438266,-3.940078781252817,2,Sample 1,Cell type 3
700,-3.725864001373693,0.015475256649404046,3,Sample 2,Cell type 1
701,-1.0910495001061031,-4.330377957011612,2,Sample 1,Cell type 3
702,5.008282095874704,-1.0494689858801276,0,Sample 1,Cell type 1
703,2.5144378019745797,5.29866666095595,5,Sample 2,Cell type 3
704,-2.7275077196852098,-3.0576613608279115,2,Sample 1,Cell type 3
705,4.942391902735733,0.8028263183136194,0,Sample 1,Cell type 1
706,3.8538772579705602,-4.214665841541366,4,Sample 2,Cell type 2
707,-3.4234901345863897,-5.7315900643235675,2,Sample 1,Cell type 3
708,-4.3017405191954925,-0.772925378696333,3,Sample 2,Cell type 1
709,3.601744749203646,-3.5140978134005234,4,Sample 2,Cell type 2
710,-0.558626810923581,4.67649487921075,1,Sample 1,Cell type 2
711,-1.956842409790216,-4.980048898072128,2,Sample 1,Cell type 3
712,-1.164076396518874,4.645864242780578,1,Sample 1,Cell type 2
713,3.371629266461309,-2.4378008013222168,4,Sample 2,Cell type 2
714,1.245484549263956,-3.9643565679681845,4,Sample 2,Cell type 2
715,-2.723994641499586,-5.353351607898021,2,Sample 1,Cell type 3
716,3.065966168691505,4.951672372806056,5,Sample 2,Cell type 3
717,-5.066172019117195,0.19447338212855964,3,Sample 2,Cell type 1
718,3.0004754281011414,1.8327540580725934,0,Sample 1,Cell type 1
719,1.6224999364928117,4.987779881348215,5,Sample 2,Cell type 3
720,-3.1655639339955632,-4.840753200144987,2,Sample 1,Cell type 3
721,1.4307451997480605,-3.2608011327150086,4,Sample 2,Cell type 2
722,5.044579929830956,0.8753532147767589,0,Sample 1,Cell type 1
723,-4.914044500527286,0.30989718450639253,3,Sample 2,Cell type 1
724,3.379885930673914,0.1491634518155421,0,Sample 1,Cell type 1
725,2.4707280205256517,-3.802407020456299,4,Sample 2,Cell type 2
726,1.89523943464646,-4.041773677887977,4,Sample 2,Cell type 2
727,2.191109779131087,5.142303732373637,5,Sample 2,Cell type 3
728,-5.488686111844053,0.4035866051064142,3,Sample 2,Cell type 1
729,-2.2974678095696173,-3.673851808832227,2,Sample 1,Cell type 3
730,1.427609086906851,4.074265996611188,5,Sample 2,Cell type 3
731,-5.471289706224901,-0.7484770390099401,3,Sample 2,Cell type 1
732,-2.5885322948458658,-5.047440800774359,2,Sample 1,Cell type 3
733,2.1823077347457143,-4.363304441321514,4,Sample 2,Cell type 2
734,2.10643447610441,-3.2676815077326213,4,Sample 2,Cell type 2
735,-2.2751925997745572,-6.036203519846061,2,Sample 1,Cell type 3
736,-2.3395446422152446,5.249036898465166,1,Sample 1,Cell type 2
737,4.489808012598948,-0.42479756400145413,0,Sample 1,Cell type 1
738,2.369837038744723,-5.0270814429283,4,Sample 2,Cell type 2
739,-2.017401999542887,-4.091600246129771,2,Sample 1,Cell type 3
740,-2.090800339710513,-2.782003786874008,2,Sample 1,Cell type 3
741,-1.2758438409093211,-3.798185289080799,2,Sample 1,Cell type 3
742,-3.703776299224801,4.938171789873875,1,Sample 1,Cell type 2
743,0.9275552868187922,-4.799819235418314,4,Sample 2,Cell type 2
744,-3.1106288833428644,4.3604772872802755,1,Sample 1,Cell type 2
745,2.734830023974909,-4.130592868774162,4,Sample 2,Cell type 2
746,5.168813973762095,-0.07737048949631392,0,Sample 1,Cell type 1
747,1.6569316037085198,-3.9878755027998727,4,Sample 2,Cell type 2
748,-2.65787073624586,4.209108391999385,1,Sample 1,Cell type 2
749,4.4384066497545955,-0.5303207340407585,0,Sample 1,Cell type 1
750,-2.2627395638873895,4.700674855136262,1,Sample 1,Cell type 2
751,2.154163856714132,-3.3119552317451832,4,Sample 2,Cell type 2
752,-3.0021871248676066,-4.560558118059853,2,Sample 1,Cell type 3
753,4.978639547257003,-4.536667129347343,4,Sample 2,Cell type 2
754,4.36598340925384,-0.09178915317351921,0,Sample 1,Cell type 1
755,-4.344501385488475,0.3391115859551895,3,Sample 2,Cell type 1
756,2.4144228241132124,-2.7763305431171554,4,Sample 2,Cell type 2
757,-1.5003960794350752,-5.396348936905912,2,Sample 1,Cell type 3
758,3.5944634803908775,-4.229405908206228,4,Sample 2,Cell type 2
759,-2.9899498997123493,4.619329839087075,1,Sample 1,Cell type 2
760,-2.4312855949653347,2.5546867207241655,1,Sample 1,Cell type 2
761,-5.397225388385575,-0.9227939407878265,3,Sample 2,Cell type 1
762,-1.6924225691232273,-5.006080169796989,2,Sample 1,Cell type 3
763,5.022995858347854,1.022761490085839,0,Sample 1,Cell type 1
764,-2.43174548594798,3.6835144416094527,1,Sample 1,Cell type 2
765,-2.284698447003913,4.055573198524265,1,Sample 1,Cell type 2
766,-4.402710908318275,0.2604622534296567,3,Sample 2,Cell type 1
767,4.010749551691402,-4.461520606947821,4,Sample 2,Cell type 2
768,-4.483529830260645,0.015504990158420783,3,Sample 2,Cell type 1
769,-3.7205250516560753,5.3401943016639395,1,Sample 1,Cell type 2
770,1.3280202031160893,3.7953630902396505,5,Sample 2,Cell type 3
771,2.6960914274980947,4.911562256043636,5,Sample 2,Cell type 3
772,3.1382805611057076,-5.828880062085889,4,Sample 2,Cell type 2
773,0.7251440272391207,6.265149242372964,5,Sample 2,Cell type 3
774,-4.548126113119902,1.3086382449086527,3,Sample 2,Cell type 1
775,5.207778001377186,-0.7234533000835269,0,Sample 1,Cell type 1
776,-5.368935785627695,0.6052517399305127,3,Sample 2,Cell type 1
777,-2.479689263566071,2.7943884939640684,1,Sample 1,Cell type 2
778,5.17770701730697,-0.38299889733078185,0,Sample 1,Cell type 1
779,-1.5024866275722266,-4.379730226415017,2,Sample 1,Cell type 3
780,4.557596253995971,-6.129672982282806,4,Sample 2,Cell type 2
781,-4.998704774914447,0.3318183126310334,3,Sample 2,Cell type 1
782,1.9168325999734708,4.178915580776214,5,Sample 2,Cell type 3
783,-5.2522373242289,-0.7528181605331026,3,Sample 2,Cell type 1
784,-1.4746849639969841,4.776279867502293,1,Sample 1,Cell type 2
785,-2.0588189798083807,4.602598392042591,1,Sample 1,Cell type 2
786,2.139797289777383,3.725323803356909,5,Sample 2,Cell type 3
787,5.518150830480554,1.2184238851264204,0,Sample 1,Cell type 1
788,2.5251932498095933,-3.778068077852905,4,Sample 2,Cell type 2
789,-5.94313879303866,-0.1757355618807675,3,Sample 2,Cell type 1
790,-3.0360921603633884,-3.3927526871492644,2,Sample 1,Cell type 3
791,-6.241209799247144,0.5296414678067792,3,Sample 2,Cell type 1
792,5.048184167952821,1.970593689988229,0,Sample 1,Cell type 1
793,-2.2060146676205554,4.079303269984275,1,Sample 1,Cell type 2
794,4.528508194444631,0.6796816776168197,0,Sample 1,Cell type 1
795,-2.3652312189843077,5.384205047408561,1,Sample 1,Cell type 2
796,-1.8364201264546003,4.175066107903951,1,Sample 1,Cell type 2
797,-1.6610342988667512,-3.0058013284515557,2,Sample 1,Cell type 3
798,3.7148429437939416,0.1627709086937785,0,Sample 1,Cell type 1
799,5.5218583027307355,-1.2611137255873996,0,Sample 1,Cell type 1
800,1.0646851910411201,4.761938629184867,5,Sample 2,Cell type 3
801,-2.9282625487631373,4.257700393078865,1,Sample 1,Cell type 2
802,-5.048322983357527,0.9022242005071195,3,Sample 2,Cell type 1
803,-2.1504494642029193,5.2826440387512665,1,Sample 1,Cell type 2
804,2.8515621523663888,-3.315758629239724,4,Sample 2,Cell type 2
805,2.956336938688633,-4.595272115947398,4,Sample 2,Cell type 2
806,1.9100960772016295,-4.997474897908295,4,Sample 2,Cell type 2
807,1.883039760360564,-5.749302711811899,4,Sample 2,Cell type 2
808,-2.2569451235160987,4.907377023023108,1,Sample 1,Cell type 2
809,1.8764997397919068,3.808616152897088,5,Sample 2,Cell type 3
810,-2.964518642043163,-4.8192352168330945,2,Sample 1,Cell type 3
811,-3.610834043064971,-5.61034390252516,2,Sample 1,Cell type 3
812,-5.384667031609584,0.5569343977274319,3,Sample 2,Cell type 1
813,-6.115596055087409,0.8431132418367072,3,Sample 2,Cell type 1
814,-2.002344007755163,-3.266980363293864,2,Sample 1,Cell type 3
815,4.949856722181463,0.7641138564009906,0,Sample 1,Cell type 1
816,3.127317133082795,-5.048548799981762,4,Sample 2,Cell type 2
817,-2.2690450965761135,4.53838448993917,1,Sample 1,Cell type 2
818,-3.280292821822602,-3.2873206733743845,2,Sample 1,Cell type 3
819,1.6590239761739942,-6.355542471922846,4,Sample 2,Cell type 2
820,-5.384518353190593,2.0315052982262896,3,Sample 2,Cell type 1
821,-1.059591054791316,5.3212841012737435,1,Sample 1,Cell type 2
822,5.142160800746603,-1.068275486968081,0,Sample 1,Cell type 1
823,-4.672291105052805,0.2855782074135415,3,Sample 2,Cell type 1
824,-3.4836396755619328,4.727486397511411,1,Sample 1,Cell type 2
825,3.873990644225743,-0.6222533500727003,0,Sample 1,Cell type 1
826,-4.361724976083387,-1.4874694173280454,3,Sample 2,Cell type 1
827,3.346536075059282,4.706534896825039,5,Sample 2,Cell type 3
828,5.171274995304163,-0.9965910229695905,0,Sample 1,Cell type 1
829,-1.521533546323742,-4.537210539218057,2,Sample 1,Cell type 3
830,-2.9644187598437775,4.800989742458682,1,Sample 1,Cell type 2
831,-2.5431238792045936,-5.115969883224044,2,Sample 1,Cell type 3
832,4.2140100851693525,-0.1797065199976197,0,Sample 1,Cell type 1
833,4.022297752886444,0.5703987441379105,0,Sample 1,Cell type 1
834,5.153639293192025,-0.24729317136200113,0,Sample 1,Cell type 1
835,5.167090876003805,-1.5677360991038205,0,Sample 1,Cell type 1
836,4.004909411686972,-0.5543241582367259,0,Sample 1,Cell type 1
837,-1.312707177171227,4.614617697950722,1,Sample 1,Cell type 2
838,-2.4875053328403167,5.051948757951512,1,Sample 1,Cell type 2
839,-1.9241936462814535,3.2955086526252626,1,Sample 1,Cell type 2
840,3.2658438580748212,-4.414999527195332,4,Sample 2,Cell type 2
841,2.7653181337006068,-5.167853073874407,4,Sample 2,Cell type 2
842,-3.178107142895267,3.808455908047745,1,Sample 1,Cell type 2
843,5.03040278253456,0.09602506137460905,0,Sample 1,Cell type 1
844,-6.032449137556975,-0.1146071322913535,3,Sample 2,Cell type 1
845,2.6284715465374044,-3.240421095974132,4,Sample 2,Cell type 2
846,-2.6904883490496454,-4.2933248211195725,2,Sample 1,Cell type 3
847,-5.490870084290235,0.156992752533377,3,Sample 2,Cell type 1
848,2.5639322109920304,4.5868710684627185,5,Sample 2,Cell type 3
849,-6.104478964719721,-0.3489243532059874,3,Sample 2,Cell type 1
850,1.4201815444950114,-2.9155915844743685,4,Sample 2,Cell type 2
851,2.7329622041104225,-4.620985654854219,4,Sample 2,Cell type 2
852,4.625839038950486,0.27720310538457266,0,Sample 1,Cell type 1
853,-2.7299580155202867,-4.1002638953997845,2,Sample 1,Cell type 3
854,2.9946884530077327,5.494607402328032,5,Sample 2,Cell type 3
855,-5.858950927134202,0.06486603432065959,3,Sample 2,Cell type 1
856,2.8508634327368005,-5.426148320813739,4,Sample 2,Cell type 2
857,2.113106288355647,-3.656702399094985,4,Sample 2,Cell type 2
858,3.9912928365319638,0.7342895576438209,0,Sample 1,Cell type 1
859,-5.222035405052441,1.0330190712127039,3,Sample 2,Cell type 1
860,-2.755878018603874,4.451533412721186,1,Sample 1,Cell type 2
861,-2.205880565606865,-6.010148225043491,2,Sample 1,Cell type 3
862,-2.312780436517484,-4.5289499133817515,2,Sample 1,Cell type 3
863,-4.621569374271828,-0.5164576576283154,3,Sample 2,Cell type 1
864,-3.5796609692412282,-4.662298033246409,2,Sample 1,Cell type 3
865,3.2358972127635406,-3.5149884268502767,4,Sample 2,Cell type 2
866,5.087515835683915,0.5806132991189535,0,Sample 1,Cell type 1
867,-2.981769648289424,4.705146423782213,1,Sample 1,Cell type 2
868,2.6178384003112676,3.7857317807109547,5,Sample 2,Cell type 3
869,-2.3159433926468775,4.7283214901953095,1,Sample 1,Cell type 2
870,4.824262489729991,0.28569005720939716,0,Sample 1,Cell type 1
871,-2.2416203971058675,-4.378930196406499,2,Sample 1,Cell type 3
872,-2.126763750839901,-3.2531464139599935,2,Sample 1,Cell type 3
873,-1.492613408170563,-3.4129743226016096,2,Sample 1,Cell type 3
874,-4.083439848300629,4.92845522381622,1,Sample 1,Cell type 2
875,-6.3508041504548,-0.8960379379758971,3,Sample 2,Cell type 1
876,2.490365157632055,3.4335128983651932,5,Sample 2,Cell type 3
877,-4.132641404765166,0.1682424321775969,3,Sample 2,Cell type 1
878,6.26365771658457,-0.41828802172261464,0,Sample 1,Cell type 1
879,-2.1122137461644193,3.653041694929495,1,Sample 1,Cell type 2
880,-3.3735471203162497,5.0423250195914004,1,Sample 1,Cell type 2
881,1.402336650184309,5.274080722952964,5,Sample 2,Cell type 3
882,1.8484814500429374,-3.1294525946978924,4,Sample 2,Cell type 2
883,2.359093197159214,-6.649738122816981,4,Sample 2,Cell type 2
884,2.1916054072701137,2.673025275451667,5,Sample 2,Cell type 3
885,3.5660411741320988,-3.586981408096423,4,Sample 2,Cell type 2
886,-1.6551545527471576,4.508718150225522,1,Sample 1,Cell type 2
887,-2.4669394941835074,-3.9757253145642917,2,Sample 1,Cell type 3
888,-3.369796751090241,3.461466915814045,1,Sample 1,Cell type 2
889,3.0226843998981687,-0.6375162043763815,0,Sample 1,Cell type 1
890,2.171180050797458,-3.5128286316637642,4,Sample 2,Cell type 2
891,6.201885641676823,0.059275824335820154,0,Sample 1,Cell type 1
892,-4.230410248742527,-0.1896095760101016,3,Sample 2,Cell type 1
893,-4.992973076081482,-0.19014665356878685,3,Sample 2,Cell type 1
894,-6.301603936693399,1.6180721844555859,3,Sample 2,Cell type 1
895,-2.9414865167139563,6.3766864474567955,1,Sample 1,Cell type 2
896,-1.954358347429903,5.5199239431909355,1,Sample 1,Cell type 2
897,-6.114188377733598,-0.027640499163170202,3,Sample 2,Cell type 1
898,-2.541923560461978,-2.966842605917799,2,Sample 1,Cell type 3
899,3.6572506330010945,3.9622396090700804,5,Sample 2,Cell type 3
900,-2.6689041910621545,3.5403833972012464,1,Sample 1,Cell type 2
901,-1.130367772785688,-5.7282362267848015,2,Sample 1,Cell type 3
902,1.8300754197476072,2.644615727221328,5,Sample 2,Cell type 3
903,4.393931491221698,4.027915108904211,5,Sample 2,Cell type 3
904,4.534655268841085,-0.8118053845542935,0,Sample 1,Cell type 1
905,-5.430116606223853,0.5243230638801903,3,Sample 2,Cell type 1
906,4.12869882814543,-3.9549445564034214,4,Sample 2,Cell type 2
907,-2.488581545730852,3.5669754834048777,1,Sample 1,Cell type 2
908,-4.167290351598873,-2.9503696991133053,2,Sample 1,Cell type 3
909,3.3550338571154343,3.3013272537089975,5,Sample 2,Cell type 3
910,-3.37170642987391,3.702317492420031,1,Sample 1,Cell type 2
911,2.607333132796671,-3.9874533783936155,4,Sample 2,Cell type 2
912,-2.6779799174226144,-2.6926372623465458,2,Sample 1,Cell type 3
913,3.6136310012696695,-4.241223518684985,4,Sample 2,Cell type 2
914,2.5257145175716493,2.949510119072134,5,Sample 2,Cell type 3
915,1.6208669962174453,4.880068423023396,5,Sample 2,Cell type 3
916,5.5861120617724636,-0.06457326408686585,0,Sample 1,Cell type 1
917,-4.4632710013785,0.48303241622231596,3,Sample 2,Cell type 1
918,2.3482452052380745,5.009794643759487,5,Sample 2,Cell type 3
919,2.2527470106093923,4.653985745968807,5,Sample 2,Cell type 3
920,-2.6404511563993744,-3.7952031751158666,2,Sample 1,Cell type 3
921,3.0265144288020513,4.013900180509248,5,Sample 2,Cell type 3
922,2.9166048962869655,-4.592372186823414,4,Sample 2,Cell type 2
923,2.0977049970632358,5.273219768551744,5,Sample 2,Cell type 3
924,2.452276550406243,-5.691459705552129,4,Sample 2,Cell type 2
925,-2.162763133170753,-4.11667230188587,2,Sample 1,Cell type 3
926,1.8886505706897192,-3.629187873567735,4,Sample 2,Cell type 2
927,-5.310677550640927,-0.24449528885464977,3,Sample 2,Cell type 1
928,2.525407565265157,-4.269588186431487,4,Sample 2,Cell type 2
929,-3.3193494594633632,5.813401071989544,1,Sample 1,Cell type 2
930,-1.54663400231435,-4.397101386801562,2,Sample 1,Cell type 3
931,-2.1607465107852413,-4.2985693803296,2,Sample 1,Cell type 3
932,2.6791414991572857,2.772906789835101,5,Sample 2,Cell type 3
933,-2.6887759897687795,-3.7347784506701642,2,Sample 1,Cell type 3
934,-4.2905849866599794,-6.026687141030245,2,Sample 1,Cell type 3
935,2.037232216898935,4.268131579007802,5,Sample 2,Cell type 3
936,-1.4681977967338027,4.86867209993816,1,Sample 1,Cell type 2
937,5.797013455557712,-0.39500526652905,0,Sample 1,Cell type 1
938,-5.901996879162431,0.9023271946028559,3,Sample 2,Cell type 1
939,1.355335038700259,-4.711370060069015,4,Sample 2,Cell type 2
940,-4.593113301413246,-0.3442474559637133,3,Sample 2,Cell type 1
941,-3.014839865853969,5.154095672987123,1,Sample 1,Cell type 2
942,4.792326918909116,-1.202514362494485,0,Sample 1,Cell type 1
943,-5.090784516705713,0.1772467788993691,3,Sample 2,Cell type 1
944,-3.372319261954276,5.45887292271921,1,Sample 1,Cell type 2
945,2.1459285657806753,4.33630933346274,5,Sample 2,Cell type 3
946,-5.099428621729949,-0.16910738385437457,3,Sample 2,Cell type 1
947,4.488830601848398,-1.0584718347259987,0,Sample 1,Cell type 1
948,3.0276251756713073,-2.9169175786600885,4,Sample 2,Cell type 2
949,1.9511601943718524,-4.823896816240564,4,Sample 2,Cell type 2
950,-5.512865013230685,0.5272434751307364,3,Sample 2,Cell type 1
951,2.7377817772680695,5.66393249232182,5,Sample 2,Cell type 3
952,4.510785757606442,-1.125328877478578,0,Sample 1,Cell type 1
953,4.2114191629315645,0.40323721241427557,0,Sample 1,Cell type 1
954,-2.9251636410873743,-5.584414559214556,2,Sample 1,Cell type 3
955,-2.6557578368933474,-4.38147756060899,2,Sample 1,Cell type 3
956,-3.3133465028612,-4.5253913978615525,2,Sample 1,Cell type 3
957,-2.535914424098032,-4.184126194442821,2,Sample 1,Cell type 3
958,2.1876730093756236,4.743042250591296,5,Sample 2,Cell type 3
959,-1.8973267031163732,4.635053726828416,1,Sample 1,Cell type 2
960,-5.1057092711212375,-0.41898504221713684,3,Sample 2,Cell type 1
961,4.585910960771063,0.17903036131111882,0,Sample 1,Cell type 1
962,3.1738378616111187,-4.311570236076296,4,Sample 2,Cell type 2
963,-5.073364819316101,-0.7102156092308319,3,Sample 2,Cell type 1
964,5.1566762040781455,-0.7826982220920257,0,Sample 1,Cell type 1
965,2.1773697664712452,-4.262505431894736,4,Sample 2,Cell type 2
966,-5.235394004509166,1.0852667086623864,3,Sample 2,Cell type 1
967,1.4684155302322464,-4.283367434357675,4,Sample 2,Cell type 2
968,-5.099909508280054,0.012558236766207317,3,Sample 2,Cell type 1
969,5.293278596877479,-0.7519038290618842,0,Sample 1,Cell type 1
970,1.772248169273333,4.93772704893509,5,Sample 2,Cell type 3
971,5.934225649327846,0.2035366746409705,0,Sample 1,Cell type 1
972,-5.313501412309493,-0.8142114472615618,3,Sample 2,Cell type 1
973,-1.9046464228000497,4.185147680347711,1,Sample 1,Cell type 2
974,2.6154480155480635,2.8631624048186453,5,Sample 2,Cell type 3
975,5.76033907054884,-0.4615229245299225,0,Sample 1,Cell type 1
976,-4.68831638072641,-1.7763368071481003,3,Sample 2,Cell type 1
977,2.8085686724251624,3.6822149396506663,5,Sample 2,Cell type 3
978,4.440219593605931,0.17118392858737763,0,Sample 1,Cell type 1
979,-2.696849990503958,3.6555297426692404,1,Sample 1,Cell type 2
980,4.498426353769786,1.449958846397543,0,Sample 1,Cell type 1
981,-6.06868992333489,0.5793092474515985,3,Sample 2,Cell type 1
982,1.9238303831945684,3.4296030446817247,5,Sample 2,Cell type 3
983,1.8539269279213637,4.1513490147326415,5,Sample 2,Cell type 3
984,-3.777001719567273,-0.0648367717773944,3,Sample 2,Cell type 1
985,-5.752319133187482,-0.4486087255838876,3,Sample 2,Cell type 1
986,6.697724957610107,0.8259722084409176,0,Sample 1,Cell type 1
987,-4.631782700014157,0.15587387221611107,3,Sample 2,Cell type 1
988,-6.735741934180561,-0.9553515208738308,3,Sample 2,Cell type 1
989,2.6643645496290427,3.7096417352402797,5,Sample 2,Cell type 3
990,3.3601772329455333,5.167948145769763,5,Sample 2,Cell type 3
991,2.656061540338082,4.760109982607336,5,Sample 2,Cell type 3
992,2.747781423308802,4.710728612387419,5,Sample 2,Cell type 3
993,-4.604748864819584,-2.2837013303235123,3,Sample 2,Cell type 1
994,-4.874297664807247,0.1409518580021545,3,Sample 2,Cell type 1
995,-2.31680288603253,-5.816448180040822,2,Sample 1,Cell type 3
996,-3.159611329222141,-4.8169987975139525,2,Sample 1,Cell type 3
997,2.6927014057603267,3.797572247007355,5,Sample 2,Cell type 3
998,-0.3845253223863714,3.127750756206071,1,Sample 1,Cell type 2
999,-4.490661882730394,-4.8567257487892705,2,Sample 1,Cell type 3
1000,4.979556743206844,0.9381832154074918,0,Sample 1,Cell type 1
1001,-2.5591580524867164,-4.69145459984989,2,Sample 1,Cell type 3
1002,3.2031711784565213,4.71461389360007,5,Sample 2,Cell type 3
1003,1.4713087861762284,3.9257352145665836,5,Sample 2,Cell type 3
1004,-2.0496953118605186,-5.033978501723835,2,Sample 1,Cell type 3
1005,2.8424906856467427,-0.04343589321424977,0,Sample 1,Cell type 1
1006,1.8515770961426954,-3.6445465893359668,4,Sample 2,Cell type 2
1007,5.159247756458776,-0.48017350172703577,0,Sample 1,Cell type 1
1008,5.260906417793694,-1.0008908611082423,0,Sample 1,Cell type 1
1009,-2.5204594497535946,2.914866295010899,1,Sample 1,Cell type 2
1010,0.7241776420385198,3.210381815136044,5,Sample 2,Cell type 3
1011,-3.1270125324691165,3.7776941770691863,1,Sample 1,Cell type 2
1012,-6.187245331939469,-0.16677456843232571,3,Sample 2,Cell type 1
1013,4.427757032592026,0.5436781991477407,0,Sample 1,Cell type 1
1014,2.6747111900353358,-3.2990362787571534,4,Sample 2,Cell type 2
1015,-2.864896661979353,-4.184985722831015,2,Sample 1,Cell type 3
1016,-2.714824518324665,3.6171732385899635,1,Sample 1,Cell type 2
1017,0.6977652842149249,-4.0613524801697345,4,Sample 2,Cell type 2
1018,-3.9408461873221903,3.895987979134976,1,Sample 1,Cell type 2
1019,3.0527287659137508,-4.685972489458588,4,Sample 2,Cell type 2
1020,0.9520287062076236,4.21063782240248,5,Sample 2,Cell type 3
1021,-2.6443839308724995,6.884613073198082,1,Sample 1,Cell type 2
1022,-3.9191416860694885,0.7089529508678372,3,Sample 2,Cell type 1
1023,3.6460282962281445,1.223640255568491,0,Sample 1,Cell type 1
1024,-2.678561803707843,5.52201776980386,1,Sample 1,Cell type 2
1025,-2.0228470899346,-4.837555697073714,2,Sample 1,Cell type 3
1026,2.795213150260134,4.429555574802873,5,Sample 2,Cell type 3
1027,-2.100251911757652,4.707728835657613,1,Sample 1,Cell type 2
1028,1.4854905560197464,-4.464734326512229,4,Sample 2,Cell type 2
1029,-2.187443263257484,3.268949316273327,1,Sample 1,Cell type 2
1030,2.168295592948776,3.750684991556059,5,Sample 2,Cell type 3
1031,1.5326410310083114,-4.28473367228474,4,Sample 2,Cell type 2
1032,6.382034536080569,0.3490589357392257,0,Sample 1,Cell type 1
1033,2.8513201069603347,4.996670563938338,5,Sample 2,Cell type 3
1034,1.9974850086646536,-4.250979989299088,4,Sample 2,Cell type 2
1035,2.7449076424822048,4.145279389449474,5,Sample 2,Cell type 3
1036,2.9898657712020063,-5.1129977309131185,4,Sample 2,Cell type 2
1037,5.207906235398739,0.6254582974218483,0,Sample 1,Cell type 1
1038,3.845193965934413,3.6230319028096094,5,Sample 2,Cell type 3
1039,3.0591624573739375,3.826896729959304,5,Sample 2,Cell type 3
1040,-3.152300502652899,-5.183114964441572,2,Sample 1,Cell type 3
1041,-2.202315621914509,4.6414543754565365,1,Sample 1,Cell type 2
1042,-1.8106911004016468,-4.218878699999458,2,Sample 1,Cell type 3
1043,-4.338307657147386,0.12637944980116197,3,Sample 2,Cell type 1
1044,2.0871066865028527,6.029772002785403,5,Sample 2,Cell type 3
1045,-2.9780081557533125,5.468022908281,1,Sample 1,Cell type 2
1046,-0.9219662585681556,-5.438917372841391,2,Sample 1,Cell type 3
1047,-4.964512961987515,-1.3965659462877211,3,Sample 2,Cell type 1
1048,1.911149077225189,4.0813770058413175,5,Sample 2,Cell type 3
1049,-3.0882427685455642,-3.752943559916317,2,Sample 1,Cell type 3
1050,-2.8809766988357266,5.029638363492376,1,Sample 1,Cell type 2
1051,2.433528537805454,4.849232559645264,5,Sample 2,Cell type 3
1052,-5.4719138542044865,0.5589510508136355,3,Sample 2,Cell type 1
1053,5.696054184551003,0.3965455103780837,0,Sample 1,Cell type 1
1054,3.001147737963152,-4.394053781052235,4,Sample 2,Cell type 2
1055,2.132898523980003,3.5160591971514923,5,Sample 2,Cell type 3
1056,-2.054757500372996,-5.398512274202105,2,Sample 1,Cell type 3
1057,2.221474082546146,-4.3900682638169535,4,Sample 2,Cell type 2
1058,-2.184962161427001,-5.87226508239868,2,Sample 1,Cell type 3
1059,3.3127497788508453,4.0074232221472466,5,Sample 2,Cell type 3
1060,1.274771747805082,-3.4099131022035585,4,Sample 2,Cell type 2
1061,5.310862883624772,1.9943996139462326,0,Sample 1,Cell type 1
1062,2.535063039568339,-3.565484822832211,4,Sample 2,Cell type 2
1063,1.9933818362317823,4.252718936372681,5,Sample 2,Cell type 3
1064,4.328625981421889,-0.24736990068097167,0,Sample 1,Cell type 1
1065,3.5643458755030535,4.233657268143417,5,Sample 2,Cell type 3
1066,-2.2651536542666957,3.2448615752234695,1,Sample 1,Cell type 2
1067,3.366866482487997,4.063358464376775,5,Sample 2,Cell type 3
1068,-2.0362934614291386,4.590764072187927,1,Sample 1,Cell type 2
1069,2.961657747068112,4.1877083868711225,5,Sample 2,Cell type 3
1070,1.098098323887199,-5.018710349638466,4,Sample 2,Cell type 2
1071,5.919418661028541,-0.56254114010071,0,Sample 1,Cell type 1
1072,1.8922615857979577,4.861044096548466,5,Sample 2,Cell type 3
1073,-4.318025085253639,-0.9833468782403323,3,Sample 2,Cell type 1
1074,2.3286797514310456,-3.6604034298570878,4,Sample 2,Cell type 2
1075,2.091208663843415,-6.372966695766914,4,Sample 2,Cell type 2
1076,-3.459758022692249,-6.183042109297293,2,Sample 1,Cell type 3
1077,-3.9418044264918914,-0.1352981485142525,3,Sample 2,Cell type 1
1078,3.738911436019226,-4.0739537565631325,4,Sample 2,Cell type 2
1079,3.185389937176363,-4.0116884457147854,4,Sample 2,Cell type 2
1080,-4.845922465014956,1.9136877082191948,3,Sample 2,Cell type 1
1081,-2.787814916631268,3.269288870056563,1,Sample 1,Cell type 2
1082,-2.7771412048055217,-5.619380906204454,2,Sample 1,Cell type 3
1083,2.046635913555954,-4.809984134055845,4,Sample 2,Cell type 2
1084,5.926488698800054,0.6333301551703487,0,Sample 1,Cell type 1
1085,5.632825557634438,-0.7275099638357911,0,Sample 1,Cell type 1
1086,-2.9976278444435076,-3.8639369523831,2,Sample 1,Cell type 3
1087,1.4773178969581369,-5.046469387662229,4,Sample 2,Cell type 2
1088,3.04539472705211,-3.560124710282114,4,Sample 2,Cell type 2
1089,-5.050111661861788,0.19449876681031508,3,Sample 2,Cell type 1
1090,-3.468937543424624,4.9147383141754135,1,Sample 1,Cell type 2
1091,4.580383786976181,0.39149964898233447,0,Sample 1,Cell type 1
1092,-2.976529035234793,5.429677493458848,1,Sample 1,Cell type 2
1093,1.227886535455758,-4.8618478969238454,4,Sample 2,Cell type 2
1094,1.6292710114617237,6.37852938640674,5,Sample 2,Cell type 3
1095,-2.1905531834486403,-3.4573426787734185,2,Sample 1,Cell type 3
1096,2.0776047825875095,5.412582347055318,5,Sample 2,Cell type 3
1097,2.573644109849594,4.711119301632325,5,Sample 2,Cell type 3
1098,-1.6940448214438435,-5.334065153324026,2,Sample 1,Cell type 3
1099,3.5393198564381345,4.864165483218189,5,Sample 2,Cell type 3
1100,2.443823710785903,-6.347949352912556,4,Sample 2,Cell type 2
1101,2.4492881183721518,4.716359118170447,5,Sample 2,Cell type 3
1102,-2.342166187495034,4.579173957676502,1,Sample 1,Cell type 2
1103,-4.555182322526168,-0.473027831041515,3,Sample 2,Cell type 1
1104,-2.472229000997953,-5.904930389672635,2,Sample 1,Cell type 3
1105,-2.6202563682175,-4.591483989471283,2,Sample 1,Cell type 3
1106,-4.413736734542604,-1.0193856952614355,3,Sample 2,Cell type 1
1107,5.667137723639123,0.3673440633827494,0,Sample 1,Cell type 1
1108,-1.7198418961740551,4.73100235487407,1,Sample 1,Cell type 2
1109,4.117306715060901,-1.7223124743619864,0,Sample 1,Cell type 1
1110,-2.652031228001195,4.044170680673852,1,Sample 1,Cell type 2
1111,-1.4624043627511116,4.311832569083088,1,Sample 1,Cell type 2
1112,5.605590893316282,-0.7377322593421004,0,Sample 1,Cell type 1
1113,4.039762874355379,-0.2676009886727587,0,Sample 1,Cell type 1
1114,-4.014891733563028,4.500761984820545,1,Sample 1,Cell type 2
1115,2.7680434815297374,4.781958303648311,5,Sample 2,Cell type 3
1116,2.1067504487848523,-5.46030762604264,4,Sample 2,Cell type 2
1117,5.862944666745037,-0.03080677560056577,0,Sample 1,Cell type 1
1118,-2.829458695170928,-4.224584645504626,2,Sample 1,Cell type 3
1119,3.542072317428982,-4.219997466227759,4,Sample 2,Cell type 2
1120,-2.238604188318143,4.570506506610856,1,Sample 1,Cell type 2
1121,3.4649830277607667,-0.021211100359373503,0,Sample 1,Cell type 1
1122,2.0574582037221805,-4.533288384039984,4,Sample 2,Cell type 2
1123,-2.041497749407042,-5.758820212469481,2,Sample 1,Cell type 3
1124,1.1166536883972602,-2.767793112930587,4,Sample 2,Cell type 2
1125,2.9717113850859205,2.2086645684862334,5,Sample 2,Cell type 3
1126,-3.2026584617437934,-4.632533338136765,2,Sample 1,Cell type 3
1127,-5.685481492102239,-0.9008431687288396,3,Sample 2,Cell type 1
1128,1.593263185365898,-4.050188046722681,4,Sample 2,Cell type 2
1129,-4.0491225415303935,1.4794897131091056,3,Sample 2,Cell type 1
1130,6.751842346574138,-0.6466386282841212,0,Sample 1,Cell type 1
1131,2.310840930611309,-4.425822718417212,4,Sample 2,Cell type 2
1132,-4.865587727573978,0.7561692276891876,3,Sample 2,Cell type 1
1133,1.6994965020134079,3.646050639394829,5,Sample 2,Cell type 3
1134,1.4837103629399315,5.253882032295569,5,Sample 2,Cell type 3
1135,-2.156527341758615,-4.0264153002134195,2,Sample 1,Cell type 3
1136,-4.430871536427604,2.4903281608350736,3,Sample 2,Cell type 1
1137,-4.932385219347738,-0.57086773592574,3,Sample 2,Cell type 1
1138,-2.2729991810708015,-5.120425691642791,2,Sample 1,Cell type 3
1139,-4.519829627404578,0.7663456441725479,3,Sample 2,Cell type 1
1140,-1.3569138337491482,-5.509432724555877,2,Sample 1,Cell type 3
1141,4.389392674765986,-1.4439056805316153,0,Sample 1,Cell type 1
1142,-2.264620696789204,4.142600778669136,1,Sample 1,Cell type 2
1143,2.9910166846319233,-4.029762332820393,4,Sample 2,Cell type 2
1144,-2.1735577225305978,-3.889488961103261,2,Sample 1,Cell type 3
1145,-2.8410860769644337,5.2488835862795975,1,Sample 1,Cell type 2
1146,5.577337651234588,-0.9032414169737835,0,Sample 1,Cell type 1
1147,3.102735570801941,-4.821758045875072,4,Sample 2,Cell type 2
1148,6.013528919349298,-0.5661355724950247,0,Sample 1,Cell type 1
1149,4.122979930483838,-1.1520407060754356,0,Sample 1,Cell type 1
1150,4.972252090090575,0.1873717860292166,0,Sample 1,Cell type 1
1151,-1.1612383277611693,5.402495860354472,1,Sample 1,Cell type 2
1152,2.608687539265322,-4.372131073753117,4,Sample 2,Cell type 2
1153,-1.9682378037335142,-4.772463688816034,2,Sample 1,Cell type 3
1154,2.4084221025609063,-4.211922293002092,4,Sample 2,Cell type 2
1155,3.4426022780384025,4.656635749144878,5,Sample 2,Cell type 3
1156,1.991567120947551,-4.1634690120217215,4,Sample 2,Cell type 2
1157,3.461545335631635,4.33715777302785,5,Sample 2,Cell type 3
1158,-4.012198468764164,-0.8255641936755473,3,Sample 2,Cell type 1
1159,-0.8550342960477413,3.4475603263448473,1,Sample 1,Cell type 2
1160,4.029604375242158,5.261375140990943,5,Sample 2,Cell type 3
1161,5.274894631654769,-1.4104321242901872,0,Sample 1,Cell type 1
1162,-7.099853645099289,2.039207766974178,3,Sample 2,Cell type 1
1163,-5.485977830096246,-0.3234895941520176,3,Sample 2,Cell type 1
1164,-3.2987083513506326,4.571560538777766,1,Sample 1,Cell type 2
1165,4.576191836986369,0.4106139464906849,0,Sample 1,Cell type 1
1166,1.7013545797671523,-3.9150926049608183,4,Sample 2,Cell type 2
1167,2.360281643454698,5.4182615235846034,5,Sample 2,Cell type 3
1168,4.923763574090438,0.2232172206162714,0,Sample 1,Cell type 1
1169,3.4365293034541287,3.0059472491706463,5,Sample 2,Cell type 3
1170,-4.818003299414357,0.508774200569391,3,Sample 2,Cell type 1
1171,2.9869884712995303,-4.77583147697998,4,Sample 2,Cell type 2
1172,1.9970638023753082,-6.424633577876019,4,Sample 2,Cell type 2
1173,-5.358834269222289,0.19084396301899195,3,Sample 2,Cell type 1
1174,-3.4738261537763857,-4.202557013478889,2,Sample 1,Cell type 3
1175,-2.871523409847509,4.699775733523711,1,Sample 1,Cell type 2
1176,-3.942511741004755,3.0628182645178015,1,Sample 1,Cell type 2
1177,4.912991881234514,0.3213693776791532,0,Sample 1,Cell type 1
1178,-3.444650252247075,5.221584374657292,1,Sample 1,Cell type 2
1179,-3.0853053911268247,-2.8177744707975654,2,Sample 1,Cell type 3
1180,4.415706694626291,0.1731668716655799,0,Sample 1,Cell type 1
1181,4.854438668214898,4.909719867227575,5,Sample 2,Cell type 3
1182,2.454367066517643,-3.382937064364684,4,Sample 2,Cell type 2
1183,-3.202386069405248,3.6686227356903056,1,Sample 1,Cell type 2
1184,2.078755893490639,3.2722490711755565,5,Sample 2,Cell type 3
1185,-5.484124988484798,0.7283347997484567,3,Sample 2,Cell type 1
1186,2.1088911047650436,-3.058974756166929,4,Sample 2,Cell type 2
1187,3.0919552411034537,5.673924924699416,5,Sample 2,Cell type 3
1188,-2.2188414339667326,5.186247209575336,1,Sample 1,Cell type 2
1189,-3.093976468558438,3.274109009945629,1,Sample 1,Cell type 2
1190,2.019098757864919,-3.397393802718017,4,Sample 2,Cell type 2
1191,3.8677034063596683,-0.33651625821228726,0,Sample 1,Cell type 1
1192,3.345379929024335,5.103572702322628,5,Sample 2,Cell type 3
1193,-3.013185276178361,4.675665054661346,1,Sample 1,Cell type 2
1194,-2.536409796240996,-4.669516085640627,2,Sample 1,Cell type 3
1195,0.9857902579279549,-4.080934331883964,4,Sample 2,Cell type 2
1196,-5.995634000067779,0.18629446994151921,3,Sample 2,Cell type 1
1197,-3.715476860381476,-6.5958514974106475,2,Sample 1,Cell type 3
1198,4.586169239919702,1.127477952148464,0,Sample 1,Cell type 1
1199,-6.328866732453738,0.40260165179960444,3,Sample 2,Cell type 1
1200,-1.8596723798178534,4.933560082773053,1,Sample 1,Cell type 2
1201,3.754696661180877,0.4848079610765117,0,Sample 1,Cell type 1
1202,-4.472439007109111,-0.6431587317819842,3,Sample 2,Cell type 1
1203,-5.206096388408795,-0.05570676264008593,3,Sample 2,Cell type 1
1204,3.3813902894289676,4.72372180839139,5,Sample 2,Cell type 3
1205,-3.25192408397111,-0.5493722744026356,3,Sample 2,Cell type 1
1206,2.1187588614246033,-5.373798573962573,4,Sample 2,Cell type 2
1207,2.827550824513798,-4.551464436297512,4,Sample 2,Cell type 2
1208,4.214793079161639,0.3696827794106166,0,Sample 1,Cell type 1
1209,3.2120461859803684,3.8443178876533253,5,Sample 2,Cell type 3
1210,-2.2226320179160663,-2.320881777654653,2,Sample 1,Cell type 3
1211,2.209494682546334,-3.6466054180256195,4,Sample 2,Cell type 2
1212,-2.6099588117021524,5.092426656684545,1,Sample 1,Cell type 2
1213,1.03625454783353,-3.837353414084725,4,Sample 2,Cell type 2
1214,-2.3482350659116826,3.8005412766849065,1,Sample 1,Cell type 2
1215,4.170203076538835,-0.15227094246688655,0,Sample 1,Cell type 1
1216,1.5465002366470006,5.884950123819951,5,Sample 2,Cell type 3
1217,-3.597338957784375,-4.897679820864229,2,Sample 1,Cell type 3
1218,1.6083741479935512,2.9387628971839526,5,Sample 2,Cell type 3
1219,1.8812353247732523,-2.8111390338380042,4,Sample 2,Cell type 2
1220,5.569291902471112,-0.8997136734702954,0,Sample 1,Cell type 1
1221,-2.9023798164410737,4.540916791187041,1,Sample 1,Cell type 2
1222,2.1130730900499457,4.13274747963064,5,Sample 2,Cell type 3
1223,1.798012782275495,3.2044572630949792,5,Sample 2,Cell type 3
1224,-1.86770248315863,4.602168054577306,1,Sample 1,Cell type 2
1225,3.5905831801057966,-4.573027877240596,4,Sample 2,Cell type 2
1226,5.84673958947967,-1.4069915891384914,0,Sample 1,Cell type 1
1227,4.642788038346383,0.685119035458778,0,Sample 1,Cell type 1
1228,-5.549023308604068,-1.1461370317917217,3,Sample 2,Cell type 1
1229,-3.2236914999950153,-3.391921542708236,2,Sample 1,Cell type 3
1230,-6.208032969588202,-0.17643058332522932,3,Sample 2,Cell type 1
1231,2.0872757494941285,3.5898132128078277,5,Sample 2,Cell type 3
1232,-2.198872379121986,3.6084857754361854,1,Sample 1,Cell type 2
1233,6.238004161064049,1.4367021384764174,0,Sample 1,Cell type 1
1234,5.102483531928631,-0.5448413259799046,0,Sample 1,Cell type 1
1235,3.2954390613500992,4.5339119288263605,5,Sample 2,Cell type 3
1236,-3.8467505537767597,3.6854309657252426,1,Sample 1,Cell type 2
1237,-1.508332794846753,-4.647110761403599,2,Sample 1,Cell type 3
1238,5.545562377035971,-0.24821340527476485,0,Sample 1,Cell type 1
1239,1.9910210298784565,3.8780786400812386,5,Sample 2,Cell type 3
1240,2.251687206897944,-5.56836826396942,4,Sample 2,Cell type 2
1241,-5.199257475722432,-1.3383151210492588,3,Sample 2,Cell type 1
1242,5.455813824185763,0.358166848013852,0,Sample 1,Cell type 1
1243,1.9776398753343356,3.890295531211766,5,Sample 2,Cell type 3
1244,3.6027738843630432,-4.867336784506632,4,Sample 2,Cell type 2
1245,-1.2129753154125034,-3.6675432667744934,2,Sample 1,Cell type 3
1246,6.3059290431453086,-1.1441131023685063,0,Sample 1,Cell type 1
1247,1.8470760087775613,-5.494170702994637,4,Sample 2,Cell type 2
1248,-2.4990356197102197,3.676456114067641,1,Sample 1,Cell type 2
1249,-2.4014361545724108,4.771315319754567,1,Sample 1,Cell type 2
1250,-2.6115570205447987,3.9699756070410643,1,Sample 1,Cell type 2
1251,-4.366512551689546,-0.4565123441600896,3,Sample 2,Cell type 1
1252,-5.844071494541356,0.10101418898725516,3,Sample 2,Cell type 1
1253,2.2247488346366153,-4.629754339522396,4,Sample 2,Cell type 2
1254,4.13515476767339,0.8425222826663229,0,Sample 1,Cell type 1
1255,3.4120542771961246,-4.999799125814227,4,Sample 2,Cell type 2
1256,2.786675608860799,-5.287373361815545,4,Sample 2,Cell type 2
1257,4.6231693555053415,0.18563994988610905,0,Sample 1,Cell type 1
1258,-2.1506091586131912,4.653562822891551,1,Sample 1,Cell type 2
1259,2.8844694067421663,-5.028518192433678,4,Sample 2,Cell type 2
1260,4.686313477494274,-1.1708119585056949,0,Sample 1,Cell type 1
1261,-1.5304448116908786,4.539127443909279,1,Sample 1,Cell type 2
1262,-6.235949877341407,-0.43144401157061574,3,Sample 2,Cell type 1
1263,-1.7878412711001697,5.1583264867011955,1,Sample 1,Cell type 2
1264,3.6456345486436916,-0.07867170143579992,0,Sample 1,Cell type 1
1265,-5.815756255767085,0.16508941706036118,3,Sample 2,Cell type 1
1266,-0.724975813241495,-4.457363187242233,2,Sample 1,Cell type 3
1267,4.219301397618134,0.8429134372862717,0,Sample 1,Cell type 1
1268,-5.3806363552039205,-0.660889593371633,3,Sample 2,Cell type 1
1269,3.731313876648521,5.5880455871384545,5,Sample 2,Cell type 3
1270,0.9999940900224513,5.274117842674022,5,Sample 2,Cell type 3
1271,-0.9790474513975931,4.281598367870497,1,Sample 1,Cell type 2
1272,-3.372773144172158,4.001475588558526,1,Sample 1,Cell type 2
1273,-5.037896562035549,-1.2657414106769012,3,Sample 2,Cell type 1
1274,2.72403627415792,-6.469780721445508,4,Sample 2,Cell type 2
1275,-2.602830009151144,2.8246477825240826,1,Sample 1,Cell type 2
1276,-3.904239113876652,-0.8688436656944682,3,Sample 2,Cell type 1
1277,-3.5808594929664164,3.2721606535273375,1,Sample 1,Cell type 2
1278,-2.792404749588215,-4.45116639510821,2,Sample 1,Cell type 3
1279,-4.061246178694044,-0.21803577708944674,3,Sample 2,Cell type 1
1280,1.9871085918202804,-2.0706625461197583,4,Sample 2,Cell type 2
1281,3.287081874884914,-4.229417794460869,4,Sample 2,Cell type 2
1282,4.435990515393273,-0.04461526212616481,0,Sample 1,Cell type 1
1283,-4.310850779493756,0.20105331859048253,3,Sample 2,Cell type 1
1284,-2.6345150548678307,3.9524545567644918,1,Sample 1,Cell type 2
1285,2.821814461761035,-3.2733303872896276,4,Sample 2,Cell type 2
1286,-2.165281423289052,5.451405893279337,1,Sample 1,Cell type 2
1287,-1.2102234973956596,5.047598471614619,1,Sample 1,Cell type 2
1288,6.263370252405913,0.613947783322327,0,Sample 1,Cell type 1
1289,6.722545966009245,-0.6138780503104396,0,Sample 1,Cell type 1
1290,5.193569817252827,-1.5306241957262383,0,Sample 1,Cell type 1
1291,2.6463955597162085,3.6627099444678204,5,Sample 2,Cell type 3
1292,3.9121150872160646,0.5970028528217766,0,Sample 1,Cell type 1
1293,-4.690893876921551,0.670211377237272,3,Sample 2,Cell type 1
1294,2.6340560846407888,-3.4003193409176617,4,Sample 2,Cell type 2
1295,4.861542540572905,0.012463238065174027,0,Sample 1,Cell type 1
1296,-3.0717445415923477,-3.9131030949111403,2,Sample 1,Cell type 3
1297,5.0692718299783195,-0.12454178831366358,0,Sample 1,Cell type 1
1298,-6.176391640985001,-1.0102158205588507,3,Sample 2,Cell type 1
1299,2.434484496342006,5.1230799092635255,5,Sample 2,Cell type 3
1300,2.0368385941208618,3.613032980662048,5,Sample 2,Cell type 3
1301,5.199506946968604,1.2619626238107795,0,Sample 1,Cell type 1
1302,-2.8493757888324756,4.277220927221536,1,Sample 1,Cell type 2
1303,-2.9907221308327507,4.088151269731691,1,Sample 1,Cell type 2
1304,-3.739168420042782,-4.123746233945247,2,Sample 1,Cell type 3
1305,-2.2970082708043402,4.70428155633454,1,Sample 1,Cell type 2
1306,-5.508327904182989,-0.03303414960582566,3,Sample 2,Cell type 1
1307,-3.838305840653952,0.011319411972607248,3,Sample 2,Cell type 1
1308,-1.1804152845408653,-3.473638570938843,2,Sample 1,Cell type 3
1309,-3.673428152492544,-4.731248736430701,2,Sample 1,Cell type 3
1310,4.943867430833082,-1.3287687468127931,0,Sample 1,Cell type 1
1311,4.985189491206088,-0.23092691113611066,0,Sample 1,Cell type 1
1312,4.425274187544642,0.7159395015555531,0,Sample 1,Cell type 1
1313,-5.545104188055659,0.774260819220164,3,Sample 2,Cell type 1
1314,3.0675287844692845,4.2176842305202475,5,Sample 2,Cell type 3
1315,-0.9103511106404492,-4.754903737171763,2,Sample 1,Cell type 3
1316,2.467001496816638,6.057423942604826,5,Sample 2,Cell type 3
1317,-2.5747094871199607,-4.7535927088808885,2,Sample 1,Cell type 3
1318,2.229747924646878,3.828190431381094,5,Sample 2,Cell type 3
1319,-2.641419330492628,-5.569021658013189,2,Sample 1,Cell type 3
1320,4.677529718325195,5.005691716579525,5,Sample 2,Cell type 3
1321,3.0065802480920754,4.0200231527915955,5,Sample 2,Cell type 3
1322,3.6127778864011173,-5.414903294810166,4,Sample 2,Cell type 2
1323,-1.6289842766266647,-4.631167598862189,2,Sample 1,Cell type 3
1324,-2.0581600498563835,-3.829622272005391,2,Sample 1,Cell type 3
1325,-2.4672646596834222,3.5283770542970156,1,Sample 1,Cell type 2
1326,-2.9573968335648515,-4.064041010662834,2,Sample 1,Cell type 3
1327,4.815252375833057,0.5569650918507347,0,Sample 1,Cell type 1
1328,4.135149337920082,0.492748485555411,0,Sample 1,Cell type 1
1329,4.642853108359577,0.15527199431864608,0,Sample 1,Cell type 1
1330,-4.0669035634645985,0.42478052957127305,3,Sample 2,Cell type 1
1331,2.903665451581909,-3.8288963282526414,4,Sample 2,Cell type 2
1332,2.3952593558990953,-3.4275351923071256,4,Sample 2,Cell type 2
1333,2.4491411686510993,-5.490869331811175,4,Sample 2,Cell type 2
1334,1.668711065305809,5.680165463111628,5,Sample 2,Cell type 3
1335,5.490814378184333,-0.8182340521587245,0,Sample 1,Cell type 1
1336,4.611709161736718,0.06549931150905805,0,Sample 1,Cell type 1
1337,-3.1907948839719493,-4.355089810073459,2,Sample 1,Cell type 3
1338,2.649592167779732,4.294708363046474,5,Sample 2,Cell type 3
1339,3.4489163792338355,-3.0978678350662863,4,Sample 2,Cell type 2
1340,-2.460553334783824,-3.7150552781470743,2,Sample 1,Cell type 3
1341,-2.9640425930960337,4.5216506193504955,1,Sample 1,Cell type 2
1342,-3.5777010316237563,3.5528357881136725,1,Sample 1,Cell type 2
1343,3.897864505634327,-0.7502600319320982,0,Sample 1,Cell type 1
1344,-2.789048449573835,-4.381474347953247,2,Sample 1,Cell type 3
1345,6.119484349268802,0.739706946330215,0,Sample 1,Cell type 1
1346,4.1261497882619365,-0.25312675975584153,0,Sample 1,Cell type 1
1347,5.514178207894036,1.0633220241059451,0,Sample 1,Cell type 1
1348,-5.455559819593688,-0.09921710991199702,3,Sample 2,Cell type 1
1349,0.3373215623141106,-4.058642368717219,4,Sample 2,Cell type 2
1350,-5.549611279759598,-1.080444771474386,3,Sample 2,Cell type 1
1351,-2.1492194089522174,4.345820345077385,1,Sample 1,Cell type 2
1352,-5.788431680576744,-0.7757949757077389,3,Sample 2,Cell type 1
1353,3.882371068305413,3.954649845780824,5,Sample 2,Cell type 3
1354,-4.178484305393669,0.47966203299628524,3,Sample 2,Cell type 1
1355,5.9704781599833465,0.1133735309119238,0,Sample 1,Cell type 1
1356,-1.647862427428493,-3.1680336225332484,2,Sample 1,Cell type 3
1357,-3.1238823569773135,-3.464539171522238,2,Sample 1,Cell type 3
1358,-1.854301922690151,3.5512900591586187,1,Sample 1,Cell type 2
1359,-0.9612433641400395,-4.949818994937058,2,Sample 1,Cell type 3
1360,2.1953892769105527,-5.345699231732446,4,Sample 2,Cell type 2
1361,5.289308820038107,-0.5160958036840995,0,Sample 1,Cell type 1
1362,3.820458370586279,3.826757299298639,5,Sample 2,Cell type 3
1363,4.367620435643751,0.3771746857087966,0,Sample 1,Cell type 1
1364,-3.2374878505002496,3.5269611212569947,1,Sample 1,Cell type 2
1365,-4.8890838530319325,-0.8689010393451272,3,Sample 2,Cell type 1
1366,2.2457912847860797,-4.236864209312224,4,Sample 2,Cell type 2
1367,5.884420746366387,0.9496242444483042,0,Sample 1,Cell type 1
1368,3.2453327734944764,4.646425963870725,5,Sample 2,Cell type 3
1369,-1.4517530031043124,5.4466740675541585,1,Sample 1,Cell type 2
1370,5.2172630697562985,-1.0213988606562476,0,Sample 1,Cell type 1
1371,-3.1183021342588866,4.655768848621822,1,Sample 1,Cell type 2
1372,-5.0447363588177705,0.27036602258569525,3,Sample 2,Cell type 1
1373,2.767461643642803,4.0981419353728805,5,Sample 2,Cell type 3
1374,2.4532559048020097,4.991249672786612,5,Sample 2,Cell type 3
1375,4.938318632468716,0.2729215798533151,0,Sample 1,Cell type 1
1376,1.9240083734224451,-5.0693772647950475,4,Sample 2,Cell type 2
1377,-1.9895591188473933,4.73080259887776,1,Sample 1,Cell type 2
1378,-6.0868592122059795,-0.8637890570206781,3,Sample 2,Cell type 1
1379,-3.0167713432996273,3.690773413601991,1,Sample 1,Cell type 2
1380,-5.476427948147087,0.720426461865274,3,Sample 2,Cell type 1
1381,4.478531113758272,0.037918937053131214,0,Sample 1,Cell type 1
1382,2.9245464984080347,-4.860875944697786,4,Sample 2,Cell type 2
1383,4.914375712036354,-0.8281938579354993,0,Sample 1,Cell type 1
1384,-4.490140253581542,1.2930400341775339,3,Sample 2,Cell type 1
1385,-1.6621458347028404,5.265799012864413,1,Sample 1,Cell type 2
1386,-2.1888170165182554,-4.128948131769782,2,Sample 1,Cell type 3
1387,-4.176469519235739,0.6373615416565943,3,Sample 2,Cell type 1
1388,2.7114038108858676,-4.362394147093431,4,Sample 2,Cell type 2
1389,-1.7101323867287177,4.269366200008175,1,Sample 1,Cell type 2
1390,-3.33083505667518,-5.635147671290948,2,Sample 1,Cell type 3
1391,-3.125602794008832,-4.9378895129064215,2,Sample 1,Cell type 3
1392,5.417553252493518,0.23758773858654886,0,Sample 1,Cell type 1
1393,5.045319939917686,0.4237542034853847,0,Sample 1,Cell type 1
1394,-2.3746450174027824,-3.511302503573916,2,Sample 1,Cell type 3
1395,1.8512848510397966,-4.036675784293841,4,Sample 2,Cell type 2
1396,-3.717887348974312,5.220277718914134,1,Sample 1,Cell type 2
1397,-2.860010286396653,-3.3244076454321334,2,Sample 1,Cell type 3
1398,-6.481474185259727,0.6268717318388861,3,Sample 2,Cell type 1
1399,1.5190565137498497,-2.5728101749390317,4,Sample 2,Cell type 2
1400,-4.616393961598713,0.5831529556563609,3,Sample 2,Cell type 1
1401,2.052668931952634,3.9618816088627025,5,Sample 2,Cell type 3
1402,2.433925939718968,4.9461020039903705,5,Sample 2,Cell type 3
1403,-6.23424257459432,-0.12850489562039488,3,Sample 2,Cell type 1
1404,-2.3474915269879797,5.083175483536181,1,Sample 1,Cell type 2
1405,-2.517093835478748,3.732357675603935,1,Sample 1,Cell type 2
1406,-1.9220949137377819,4.03186049724878,1,Sample 1,Cell type 2
1407,2.7981185491840446,4.463321520614293,5,Sample 2,Cell type 3
1408,4.3597591314587305,-4.753284429101955,4,Sample 2,Cell type 2
1409,2.7415687201374084,-4.768053037135694,4,Sample 2,Cell type 2
1410,4.258455622737534,-0.047620284849440066,0,Sample 1,Cell type 1
1411,0.744494024143977,-3.0505502668311637,4,Sample 2,Cell type 2
1412,-5.327446779276577,0.804739609437134,3,Sample 2,Cell type 1
1413,-3.750036685509233,3.9068848770451576,1,Sample 1,Cell type 2
1414,-3.349914822517503,4.6727726966883125,1,Sample 1,Cell type 2
1415,2.700502585682642,4.976983824434286,5,Sample 2,Cell type 3
1416,-5.016448445880406,0.2313469384949809,3,Sample 2,Cell type 1
1417,-5.171254158182289,0.3035243180840884,3,Sample 2,Cell type 1
1418,-5.946444947787511,-0.2022106040769477,3,Sample 2,Cell type 1
1419,2.1392047863765526,4.565286529276722,5,Sample 2,Cell type 3
1420,1.6562364360272643,4.276342773165288,5,Sample 2,Cell type 3
1421,6.3471421531662955,-0.36710741029515204,0,Sample 1,Cell type 1
1422,2.059530346399431,-3.9223756339424707,4,Sample 2,Cell type 2
1423,-2.8080174493702934,-4.023735831129449,2,Sample 1,Cell type 3
1424,2.7515556726998827,4.042960310778661,5,Sample 2,Cell type 3
1425,-2.779551461773567,-4.948182017927184,2,Sample 1,Cell type 3
1426,1.716059540174201,-5.8959978902293875,4,Sample 2,Cell type 2
1427,5.157216935761176,0.5672030060708099,0,Sample 1,Cell type 1
1428,2.4127812640292254,-4.302626771701028,4,Sample 2,Cell type 2
1429,2.201305259997529,-4.730285272598992,4,Sample 2,Cell type 2
1430,-6.659589080813049,-0.01762789120341575,3,Sample 2,Cell type 1
1431,2.566218323028337,-4.300700752382808,4,Sample 2,Cell type 2
1432,5.545513191701049,1.477365860588827,0,Sample 1,Cell type 1
1433,-1.2663120379456985,5.935001329449492,1,Sample 1,Cell type 2
1434,2.938453539765737,3.2585355256992656,5,Sample 2,Cell type 3
1435,2.2074583339755804,-3.926710420491488,4,Sample 2,Cell type 2
1436,4.150157029019116,0.37887394450814527,0,Sample 1,Cell type 1
1437,4.979978433003885,0.6542130393602297,0,Sample 1,Cell type 1
1438,-4.122762305415797,-1.7530030809322243,3,Sample 2,Cell type 1
1439,-2.3299407754942303,-3.508538008266406,2,Sample 1,Cell type 3
1440,4.2144056436679245,-4.705938590391905,4,Sample 2,Cell type 2
1441,-2.133465508169043,-5.113903998695637,2,Sample 1,Cell type 3
1442,-3.0873390390227957,4.395723464053042,1,Sample 1,Cell type 2
1443,1.8228017577048745,4.816485072526796,5,Sample 2,Cell type 3
1444,-1.4631495505748853,-5.215852472364153,2,Sample 1,Cell type 3
1445,-1.6520508927627016,4.823731778583552,1,Sample 1,Cell type 2
1446,-6.23006783715934,-0.11592366326514444,3,Sample 2,Cell type 1
1447,3.7779178345772992,4.845878861549579,5,Sample 2,Cell type 3
1448,-1.943569793947377,5.009408707516709,1,Sample 1,Cell type 2
1449,-2.74736726163989,3.728401894449727,1,Sample 1,Cell type 2
1450,2.6132766293919065,4.710333902696042,5,Sample 2,Cell type 3
1451,-4.778734795527161,0.006844864659480478,3,Sample 2,Cell type 1
1452,2.6479764600585214,-3.9679219372608396,4,Sample 2,Cell type 2
1453,-5.383006857217351,0.28758063803770106,3,Sample 2,Cell type 1
1454,4.261413403111277,-1.081347684493067,0,Sample 1,Cell type 1
1455,-2.7635582290776752,-3.7446304554915555,2,Sample 1,Cell type 3
1456,-3.639165721960115,4.116805155534662,1,Sample 1,Cell type 2
1457,-4.683360921032202,0.21084064956382859,3,Sample 2,Cell type 1
1458,-2.1469542786406057,-4.916651976610189,2,Sample 1,Cell type 3
1459,4.962463536896653,0.3816326617784972,0,Sample 1,Cell type 1
1460,4.5644938203798535,0.08873807176789288,0,Sample 1,Cell type 1
1461,5.956037303139874,-1.2185495238270199,0,Sample 1,Cell type 1
1462,3.9816320358509367,3.9959006089112976,5,Sample 2,Cell type 3
1463,-2.4329386976565104,5.458494335084997,1,Sample 1,Cell type 2
1464,-5.591222926418586,0.5218642705413445,3,Sample 2,Cell type 1
1465,1.8331213736268754,3.7862161871332436,5,Sample 2,Cell type 3
1466,5.274180277102163,0.36540257532302717,0,Sample 1,Cell type 1
1467,-4.394809316547121,-1.5312480564699733,3,Sample 2,Cell type 1
1468,3.5737441049958836,2.782856822554531,5,Sample 2,Cell type 3
1469,-6.613871038497929,-2.2658607399873123,3,Sample 2,Cell type 1
1470,4.934279057285945,0.8938366652705021,0,Sample 1,Cell type 1
1471,1.9324550741372157,-3.8144506729900542,4,Sample 2,Cell type 2
1472,-2.007383080183086,5.293234568657247,1,Sample 1,Cell type 2
1473,1.881576232317834,-5.026709236237188,4,Sample 2,Cell type 2
1474,5.057252989775514,-0.3821259574120934,0,Sample 1,Cell type 1
1475,-1.1120507393305554,-5.015544693983626,2,Sample 1,Cell type 3
1476,-1.3230637380051122,4.162668077200701,1,Sample 1,Cell type 2
1477,5.135488659228862,-1.1309715975239842,0,Sample 1,Cell type 1
1478,-5.772626106291168,-0.4308589386372988,3,Sample 2,Cell type 1
1479,4.138966606159081,3.0297332027623263,5,Sample 2,Cell type 3
1480,4.242849739193326,-4.174660248251609,4,Sample 2,Cell type 2
1481,3.724267651483525,-4.952602847588367,4,Sample 2,Cell type 2
1482,3.0855184553875055,5.333741980827145,5,Sample 2,Cell type 3
1483,-2.2635004090023263,-5.543441058458825,2,Sample 1,Cell type 3
1484,2.3478073244694238,-5.528084353806794,4,Sample 2,Cell type 2
1485,-3.4413258841681493,0.8200873220654195,3,Sample 2,Cell type 1
1486,3.943813434383486,1.465167012683483,0,Sample 1,Cell type 1
1487,4.019387469598127,-1.1714999041678562,0,Sample 1,Cell type 1
1488,-1.526273183339602,5.5471798604601545,1,Sample 1,Cell type 2
1489,-7.406105871755006,0.4569435249753676,3,Sample 2,Cell type 1
1490,-4.841285186258011,-0.007345882708110538,3,Sample 2,Cell type 1
1491,5.076896621552787,-0.369820230964034,0,Sample 1,Cell type 1
1492,-1.478427691129452,-4.0597082340408255,2,Sample 1,Cell type 3
1493,-2.919270718347673,4.452010916549171,1,Sample 1,Cell type 2
1494,4.742691959026094,1.6613983868486728,0,Sample 1,Cell type 1
1495,4.846111228175102,0.24123787386689,0,Sample 1,Cell type 1
1496,-6.250427445257003,-0.9435677316062236,3,Sample 2,Cell type 1
1497,-5.6173926516774255,-0.39836947745427304,3,Sample 2,Cell type 1
1498,-0.8233251985526748,-3.0545731055228345,2,Sample 1,Cell type 3
1499,4.073533570006603,4.298811797347519,5,Sample 2,Cell type 3
1500,4.788274533409635,2.176135333271695,0,Sample 1,Cell type 1
1501,-2.4457155915780766,5.012345959019969,1,Sample 1,Cell type 2
1502,5.4992958536417245,0.5026764074114239,0,Sample 1,Cell type 1
1503,3.332046312634712,3.5150310532688045,5,Sample 2,Cell type 3
1504,5.55211519336889,-0.32097637750866903,0,Sample 1,Cell type 1
1505,-3.919108728010628,1.0341962316145663,3,Sample 2,Cell type 1
1506,-4.233766708421675,0.16608268112050123,3,Sample 2,Cell type 1
1507,-3.4656173182857746,-5.190376933361582,2,Sample 1,Cell type 3
1508,-2.961208320581375,2.2572931852062657,1,Sample 1,Cell type 2
1509,3.347652458098718,3.8859026213979293,5,Sample 2,Cell type 3
1510,-2.22185881316933,3.940344167631352,1,Sample 1,Cell type 2
1511,5.0465669747568,-0.9143762382644985,0,Sample 1,Cell type 1
1512,2.904588345978236,-4.399487927840762,4,Sample 2,Cell type 2
1513,5.231334915126254,1.9642401119287154,0,Sample 1,Cell type 1
1514,1.8187680161765414,-4.3251084939746605,4,Sample 2,Cell type 2
1515,3.610931616081986,4.444029348930566,5,Sample 2,Cell type 3
1516,-0.4033655271760188,3.4405533983028627,1,Sample 1,Cell type 2
1517,2.4303322190854764,-2.826227379385389,4,Sample 2,Cell type 2
1518,-3.147682815937316,4.669375854493466,1,Sample 1,Cell type 2
1519,5.038817302355862,-0.6647600931288302,0,Sample 1,Cell type 1
1520,-5.464013066122948,-0.9251326533950848,3,Sample 2,Cell type 1
1521,-2.9994763117705783,4.182506732797514,1,Sample 1,Cell type 2
1522,2.2755983572707024,-5.452419944688479,4,Sample 2,Cell type 2
1523,5.650813773895736,-0.9846914531471642,0,Sample 1,Cell type 1
1524,-4.781591426004492,-1.659712030037094,3,Sample 2,Cell type 1
1525,2.8616542706077333,-4.614906286430862,4,Sample 2,Cell type 2
1526,2.5604610981360265,-3.491035705421906,4,Sample 2,Cell type 2
1527,-5.0319155070013695,-1.1233916530092705,3,Sample 2,Cell type 1
1528,-1.9890718650855201,-3.483632358852472,2,Sample 1,Cell type 3
1529,-2.672534110038108,-5.028495891285152,2,Sample 1,Cell type 3
1530,-4.076083054169468,5.044204889561641,1,Sample 1,Cell type 2
1531,4.05339318986738,-1.6313857422080806,0,Sample 1,Cell type 1
1532,3.9757564810632844,0.6979658626241158,0,Sample 1,Cell type 1
1533,-2.417249496553517,-2.6964661868071964,2,Sample 1,Cell type 3
1534,2.482051158415542,4.283766585512018,5,Sample 2,Cell type 3
1535,3.1900347876921327,-5.6861057697354855,4,Sample 2,Cell type 2
1536,3.156185918644784,-3.6762820559315346,4,Sample 2,Cell type 2
1537,3.257446053209497,4.374129367748893,5,Sample 2,Cell type 3
1538,2.973863637610675,4.409578070883272,5,Sample 2,Cell type 3
1539,3.295481215852339,5.051944138876955,5,Sample 2,Cell type 3
1540,-1.6995341455656163,3.7936308516608777,1,Sample 1,Cell type 2
1541,-6.473518218366286,0.7136540797853772,3,Sample 2,Cell type 1
1542,-2.6051780765373334,4.990964756075399,1,Sample 1,Cell type 2
1543,2.334412328721301,-5.154947239040041,4,Sample 2,Cell type 2
1544,5.181967947683304,1.0457142034259426,0,Sample 1,Cell type 1
1545,0.6060178773013778,4.613143523635304,5,Sample 2,Cell type 3
1546,-1.1434216977513099,-2.8122960631037026,2,Sample 1,Cell type 3
1547,2.3273702989374208,-5.272336185315282,4,Sample 2,Cell type 2
1548,6.112166039213851,0.4462482450814898,0,Sample 1,Cell type 1
1549,-2.6361476980199416,3.9675445794603736,1,Sample 1,Cell type 2
1550,5.011143433530357,-0.019300069688002623,0,Sample 1,Cell type 1
1551,-4.662585834399389,4.8724272745469195,1,Sample 1,Cell type 2
1552,1.1258622813092833,4.5190409468254735,5,Sample 2,Cell type 3
1553,3.968031280207157,-1.036063017650893,0,Sample 1,Cell type 1
1554,-1.8225833798268072,-6.031908955203388,2,Sample 1,Cell type 3
1555,1.4448252013579879,-4.3140418454269165,4,Sample 2,Cell type 2
1556,2.08670864099191,-5.148729597622663,4,Sample 2,Cell type 2
1557,-1.511374246542276,3.4732840752029546,1,Sample 1,Cell type 2
1558,-3.3681204212462377,3.6697985949390297,1,Sample 1,Cell type 2
1559,-2.585841715203382,4.688300559570416,1,Sample 1,Cell type 2
1560,-5.120093561003046,-1.0112049343578904,3,Sample 2,Cell type 1
1561,-2.4998343480654412,4.322686762011302,1,Sample 1,Cell type 2
1562,-1.53993683485851,3.9366050609172296,1,Sample 1,Cell type 2
1563,-3.764952561625706,5.046157670183086,1,Sample 1,Cell type 2
1564,6.181232279780716,1.1040730833179613,0,Sample 1,Cell type 1
1565,3.382574057642923,-3.176573097360115,4,Sample 2,Cell type 2
1566,-5.504019983627115,0.5855644020078773,3,Sample 2,Cell type 1
1567,-2.892922997713686,-4.558027413617928,2,Sample 1,Cell type 3
1568,-4.0883555711796244,-0.3098895716422484,3,Sample 2,Cell type 1
1569,5.06582719142034,0.852384300052281,0,Sample 1,Cell type 1
1570,-2.334186136480844,4.385602488551194,1,Sample 1,Cell type 2
1571,-4.348815311841807,0.10289396032397384,3,Sample 2,Cell type 1
1572,-1.5395746732209041,-4.217839123043754,2,Sample 1,Cell type 3
1573,3.062512157788836,-2.3313826319449995,4,Sample 2,Cell type 2
1574,-5.050118577697457,0.19299219872538406,3,Sample 2,Cell type 1
1575,-6.6722423190825255,-0.1362065974367238,3,Sample 2,Cell type 1
1576,-2.288783934933066,-3.3122442188367778,2,Sample 1,Cell type 3
1577,1.6972488772003937,-4.595208858192475,4,Sample 2,Cell type 2
1578,-4.7324491881211825,1.182457518685156,3,Sample 2,Cell type 1
1579,6.20271864141372,0.7018898324605372,0,Sample 1,Cell type 1
1580,5.830031955406319,-0.40801311908379767,0,Sample 1,Cell type 1
1581,-4.523607281888594,-0.4719158051703121,3,Sample 2,Cell type 1
1582,-1.55320506648806,-5.272559712823297,2,Sample 1,Cell type 3
1583,-1.6345866178617392,-5.379902373667317,2,Sample 1,Cell type 3
1584,-2.8277492741036,-3.760269291258062,2,Sample 1,Cell type 3
1585,0.5972546721013337,-4.1760057928037755,4,Sample 2,Cell type 2
1586,-4.558491222542277,0.544184166734104,3,Sample 2,Cell type 1
1587,5.461657701744432,-0.16243630883439417,0,Sample 1,Cell type 1
1588,-4.0802623848970025,0.2372615508242447,3,Sample 2,Cell type 1
1589,1.9507689974769853,5.2608278630530325,5,Sample 2,Cell type 3
1590,2.449684906480114,3.971824902976626,5,Sample 2,Cell type 3
1591,4.032244205727114,0.4799429839969636,0,Sample 1,Cell type 1
1592,4.189037067279668,3.641674695871083,5,Sample 2,Cell type 3
1593,-2.582603808119237,3.01557596999886,1,Sample 1,Cell type 2
1594,4.342223683546855,0.19494976919352985,0,Sample 1,Cell type 1
1595,-4.932426570888042,-0.8554035950040635,3,Sample 2,Cell type 1
1596,-0.88777991163149,-3.297611450184154,2,Sample 1,Cell type 3
1597,1.7012473176986218,-3.031521666499752,4,Sample 2,Cell type 2
1598,3.3253230196601407,3.202991736769773,5,Sample 2,Cell type 3
1599,-1.9457139326100528,-3.8640699638751475,2,Sample 1,Cell type 3
1600,-0.8811150246162875,4.335566894570192,1,Sample 1,Cell type 2
1601,1.8800297407488125,5.424602408374112,5,Sample 2,Cell type 3
1602,2.6411873469303626,4.691107831831072,5,Sample 2,Cell type 3
1603,-1.6584419058216642,3.531678517070663,1,Sample 1,Cell type 2
1604,-4.839632294869017,0.4871242850037062,3,Sample 2,Cell type 1
1605,-2.3988963363628697,5.8812702181688215,1,Sample 1,Cell type 2
1606,-4.981895317858505,-1.1244504430850286,3,Sample 2,Cell type 1
1607,3.3849852470879713,-4.169568063491093,4,Sample 2,Cell type 2
1608,5.51638734491286,1.7306037786443682,0,Sample 1,Cell type 1
1609,2.6864343612235837,-4.904578845816807,4,Sample 2,Cell type 2
1610,5.4974479697737575,-1.2561797759123652,0,Sample 1,Cell type 1
1611,-2.483365033859673,3.747724665938886,1,Sample 1,Cell type 2
1612,-1.0013617790259626,5.194165471493912,1,Sample 1,Cell type 2
1613,4.281268262921314,0.3935353372052046,0,Sample 1,Cell type 1
1614,2.292848962737284,-4.480414539729171,4,Sample 2,Cell type 2
1615,-2.4414424071986467,-4.4503214099608,2,Sample 1,Cell type 3
1616,-4.221906835687347,-3.6289625025198435,2,Sample 1,Cell type 3
1617,4.380968640717142,-0.9957237626491336,0,Sample 1,Cell type 1
1618,-6.292709429928379,0.23971815026987914,3,Sample 2,Cell type 1
1619,-5.717066126873649,0.17544186976034948,3,Sample 2,Cell type 1
1620,3.349005006809695,3.9834153655732703,5,Sample 2,Cell type 3
1621,-3.8348794071025587,-3.4831441950150888,2,Sample 1,Cell type 3
1622,-5.100139542706532,0.6775056831079318,3,Sample 2,Cell type 1
1623,-2.224969694760091,4.291205137665833,1,Sample 1,Cell type 2
1624,-3.3111167618340294,4.398676748044881,1,Sample 1,Cell type 2
1625,2.373169846066831,-5.064542268233367,4,Sample 2,Cell type 2
1626,-1.6739630365266733,5.231491128384261,1,Sample 1,Cell type 2
1627,2.724984393774884,5.521806546480312,5,Sample 2,Cell type 3
1628,-5.610015391317279,0.8290423136579845,3,Sample 2,Cell type 1
1629,-1.561500289930686,4.625840772680669,1,Sample 1,Cell type 2
1630,-2.5989861440798077,-3.963882530981564,2,Sample 1,Cell type 3
1631,-3.2142300123935095,-3.919235447537315,2,Sample 1,Cell type 3
1632,-2.7964662099206286,-5.408564708474326,2,Sample 1,Cell type 3
1633,-2.1573466460998123,-4.268401821948019,2,Sample 1,Cell type 3
1634,3.174011117164,-3.726160006008624,4,Sample 2,Cell type 2
1635,5.079465844343381,0.6011096986974312,0,Sample 1,Cell type 1
1636,4.167770336984809,-5.1364563752647605,4,Sample 2,Cell type 2
1637,2.1994930714261285,3.2862735065758333,5,Sample 2,Cell type 3
1638,3.696366596194366,4.102426615519249,5,Sample 2,Cell type 3
1639,-1.5093735428530906,4.347144280311043,1,Sample 1,Cell type 2
1640,5.415477211392938,1.2261911304020623,0,Sample 1,Cell type 1
1641,-1.5397906002089388,-4.700656108590511,2,Sample 1,Cell type 3
1642,3.2134904177285994,3.439491151630488,5,Sample 2,Cell type 3
1643,-2.5755669715536045,-3.9944390413028974,2,Sample 1,Cell type 3
1644,-4.6056108331884325,-0.046014202404369896,3,Sample 2,Cell type 1
1645,5.106832723825826,-0.12197586910443513,0,Sample 1,Cell type 1
1646,2.3821278187027914,-3.5589866804777386,4,Sample 2,Cell type 2
1647,2.817917618767384,-4.928091542088765,4,Sample 2,Cell type 2
1648,2.2101219539631147,-3.7366691834100942,4,Sample 2,Cell type 2
1649,2.8059466525540246,-5.3798575798786095,4,Sample 2,Cell type 2
1650,-2.3805092141830513,-4.038814782078463,2,Sample 1,Cell type 3
1651,-1.8508827564067254,3.411516387920099,1,Sample 1,Cell type 2
1652,-3.5396649895420773,4.993912953225533,1,Sample 1,Cell type 2
1653,5.0843004049167675,-1.0672203959345636,0,Sample 1,Cell type 1
1654,-2.531445830102107,-4.437724446443578,2,Sample 1,Cell type 3
1655,-2.2326588662040843,-4.454334257981991,2,Sample 1,Cell type 3
1656,-4.484385206683767,0.7425965530754604,3,Sample 2,Cell type 1
1657,-5.194448959104693,0.001830348914803852,3,Sample 2,Cell type 1
1658,-3.204854669329036,-4.8999036298414325,2,Sample 1,Cell type 3
1659,3.6352284890938114,4.56480864798058,5,Sample 2,Cell type 3
1660,3.3086717880162513,7.15337116897858,5,Sample 2,Cell type 3
1661,2.4629910261869226,-4.238845825140979,4,Sample 2,Cell type 2
1662,0.847757779967512,6.027432064786355,5,Sample 2,Cell type 3
1663,1.757424026121586,5.324869641404533,5,Sample 2,Cell type 3
1664,-2.4152844375078115,4.797657403300181,1,Sample 1,Cell type 2
1665,1.9609679154724153,-3.5640972882983815,4,Sample 2,Cell type 2
1666,-2.814442205649123,-3.528821558755344,2,Sample 1,Cell type 3
1667,-2.6123000471242714,-4.084036884370835,2,Sample 1,Cell type 3
1668,-1.385236377980457,-3.7616877370839634,2,Sample 1,Cell type 3
1669,-4.777321092284264,-0.40737069007930704,3,Sample 2,Cell type 1
1670,2.6741745608697336,3.670406746689643,5,Sample 2,Cell type 3
1671,-4.966970035530048,0.8297271189265952,3,Sample 2,Cell type 1
1672,-0.9188475323876106,3.0787337295533526,1,Sample 1,Cell type 2
1673,4.461207500604905,0.22319532977904158,0,Sample 1,Cell type 1
1674,3.4221184826093505,-5.304050053719757,4,Sample 2,Cell type 2
1675,3.4412266030302128,3.8631493120721117,5,Sample 2,Cell type 3
1676,4.555840378645441,1.5049256555524722,0,Sample 1,Cell type 1
1677,2.3591100528321065,-4.263737083872187,4,Sample 2,Cell type 2
1678,2.511203973897105,4.7811573189277246,5,Sample 2,Cell type 3
1679,2.5864112967835973,-5.05544585504563,4,Sample 2,Cell type 2
1680,-2.723848273901607,-5.1017572548503445,2,Sample 1,Cell type 3
1681,-2.326579548989899,-5.207969041028467,2,Sample 1,Cell type 3
1682,-2.638241389917174,-3.712590895052852,2,Sample 1,Cell type 3
1683,2.013204877015035,-5.1364213494999,4,Sample 2,Cell type 2
1684,-2.3840897335224893,-4.311004584294228,2,Sample 1,Cell type 3
1685,-2.5619547685807973,-5.286362029801587,2,Sample 1,Cell type 3
1686,-1.7542467485916944,-4.5193712486973485,2,Sample 1,Cell type 3
1687,-4.310221190490418,-1.1329816446341159,3,Sample 2,Cell type 1
1688,-1.9089516152899968,4.822421006132636,1,Sample 1,Cell type 2
1689,1.9413905209988824,-4.230786471126505,4,Sample 2,Cell type 2
1690,5.628640126920666,0.34036604942797183,0,Sample 1,Cell type 1
1691,-5.542914449035282,-0.2545900221940956,3,Sample 2,Cell type 1
1692,2.4977711114664753,-4.756599340534862,4,Sample 2,Cell type 2
1693,-2.940429479593266,3.3535570781908666,1,Sample 1,Cell type 2
1694,2.365359661462682,-3.8508443534313197,4,Sample 2,Cell type 2
1695,-3.4515295142938616,5.6442653815269646,1,Sample 1,Cell type 2
1696,-5.140302764718952,0.39320451779742754,3,Sample 2,Cell type 1
1697,1.9309574184404168,4.4238263918420735,5,Sample 2,Cell type 3
1698,3.548929837282894,5.02138300463335,5,Sample 2,Cell type 3
1699,-2.7616138540878192,-4.5008924424025425,2,Sample 1,Cell type 3
1700,-2.2781132304282616,-4.347950202269162,2,Sample 1,Cell type 3
1701,-5.4424718535313055,0.5566910712750289,3,Sample 2,Cell type 1
1702,-2.4464074262201017,4.742878393085473,1,Sample 1,Cell type 2
1703,2.901999756903429,-5.042726109764006,4,Sample 2,Cell type 2
1704,2.0375092330274858,4.123720189964105,5,Sample 2,Cell type 3
1705,2.530059887468689,-4.581879681952669,4,Sample 2,Cell type 2
1706,-1.5514366762696015,4.905289667454247,1,Sample 1,Cell type 2
1707,-3.9720621956046047,-4.355951507761768,2,Sample 1,Cell type 3
1708,5.447832358344832,0.8646245804436975,0,Sample 1,Cell type 1
1709,-1.963615506207029,3.4726412324900693,1,Sample 1,Cell type 2
1710,-5.681909412859283,0.3802924885536088,3,Sample 2,Cell type 1
1711,4.240480888934446,2.1059056518699126,0,Sample 1,Cell type 1
1712,4.969892238060122,0.8826415056132172,0,Sample 1,Cell type 1
1713,-1.6007098240111883,5.08814818862048,1,Sample 1,Cell type 2
1714,4.710047246877494,-0.8957359157009152,0,Sample 1,Cell type 1
1715,2.6474472512624794,-4.666149200757525,4,Sample 2,Cell type 2
1716,5.739221615365521,-0.14792170915439123,0,Sample 1,Cell type 1
1717,2.0899289624171895,-3.7835570957213402,4,Sample 2,Cell type 2
1718,1.7851239890247,-5.643231111403873,4,Sample 2,Cell type 2
1719,3.822330440984338,5.992349087080949,5,Sample 2,Cell type 3
1720,-2.9854921422857426,-3.96397775007935,2,Sample 1,Cell type 3
1721,-3.358194420591844,4.521524510211114,1,Sample 1,Cell type 2
1722,-2.3430948327808765,-5.0533816507109925,2,Sample 1,Cell type 3
1723,2.241566104981595,4.0363374182827645,5,Sample 2,Cell type 3
1724,-3.1488006909030783,-5.221364179051786,2,Sample 1,Cell type 3
1725,-2.678772785897481,4.050673582027636,1,Sample 1,Cell type 2
1726,-2.0175242520409356,-5.010555241919827,2,Sample 1,Cell type 3
1727,1.6087349134135263,-4.834871685912427,4,Sample 2,Cell type 2
1728,6.160914886236034,0.7674166608681655,0,Sample 1,Cell type 1
1729,3.8513511469213397,-2.994188793798484,4,Sample 2,Cell type 2
1730,-2.9941215163474793,4.077268734100554,1,Sample 1,Cell type 2
1731,-2.2979449232027034,-3.222501380847067,2,Sample 1,Cell type 3
1732,5.2247934941880265,-0.49815961585647506,0,Sample 1,Cell type 1
1733,1.564415496637583,-4.906903105698112,4,Sample 2,Cell type 2
1734,4.808841562506872,-0.7260509296332783,0,Sample 1,Cell type 1
1735,-2.6107647871870183,3.350688429890701,1,Sample 1,Cell type 2
1736,1.8819663105262117,4.283755819187551,5,Sample 2,Cell type 3
1737,5.096236505369519,0.41155106724699925,0,Sample 1,Cell type 1
1738,3.3721467768163538,-4.928603870619513,4,Sample 2,Cell type 2
1739,-3.1851985899273614,-4.251990717523523,2,Sample 1,Cell type 3
1740,-3.2640980634794814,4.669006271396962,1,Sample 1,Cell type 2
1741,-3.2946869596655626,-5.142830080514175,2,Sample 1,Cell type 3
1742,2.546696232654313,-4.813214163911759,4,Sample 2,Cell type 2
1743,6.306745225840877,-0.9170763144149504,0,Sample 1,Cell type 1
1744,3.0100846497849636,-4.123111174727058,4,Sample 2,Cell type 2
1745,3.444791924244534,-4.007507368492458,4,Sample 2,Cell type 2
1746,-4.439439510303533,2.251723555578043,3,Sample 2,Cell type 1
1747,-3.306843747260969,-5.900227572260255,2,Sample 1,Cell type 3
1748,-2.7977654208568414,5.201125914685543,1,Sample 1,Cell type 2
1749,-2.9014273542492277,-5.4280994572294725,2,Sample 1,Cell type 3
1750,-4.023773682865826,-0.8613433019768102,3,Sample 2,Cell type 1
1751,2.572934517333152,4.960690331559942,5,Sample 2,Cell type 3
1752,2.8649995908228267,1.8944017875276629,5,Sample 2,Cell type 3
1753,1.371154535147131,-3.687603224830978,4,Sample 2,Cell type 2
1754,-2.0608929317461078,4.126162384079235,1,Sample 1,Cell type 2
1755,1.740837737785058,3.604604719144544,5,Sample 2,Cell type 3
1756,-4.9363411720462675,0.6070595329308881,3,Sample 2,Cell type 1
1757,-2.27549087640789,5.7370234062783005,1,Sample 1,Cell type 2
1758,1.8056196619773348,4.159252425158159,5,Sample 2,Cell type 3
1759,3.9564243995961172,0.5357380390640308,0,Sample 1,Cell type 1
1760,1.7015242977847722,2.9266991366641935,5,Sample 2,Cell type 3
1761,-4.526846278598516,0.5441762883813536,3,Sample 2,Cell type 1
1762,2.3177832167010926,3.578114273223189,5,Sample 2,Cell type 3
1763,2.8559167160079078,5.010702534490711,5,Sample 2,Cell type 3
1764,3.481627677639094,-5.59461017156953,4,Sample 2,Cell type 2
1765,-5.720537106009984,-0.7713600571385951,3,Sample 2,Cell type 1
1766,-5.08865004822327,-0.31059444281723053,3,Sample 2,Cell type 1
1767,6.315974170801027,-0.19922883164510266,0,Sample 1,Cell type 1
1768,-4.512379163833119,-1.2442989870729932,3,Sample 2,Cell type 1
1769,2.2222508039101863,-3.7134852429318186,4,Sample 2,Cell type 2
1770,-4.047131316181218,-0.6548840213280622,3,Sample 2,Cell type 1
1771,2.3366961849018275,6.824271922288631,5,Sample 2,Cell type 3
1772,5.05142401527637,-0.8621958223434449,0,Sample 1,Cell type 1
1773,6.477309596838133,-0.8560678130609221,0,Sample 1,Cell type 1
1774,3.900740753541715,4.30491220825971,5,Sample 2,Cell type 3
1775,5.607142871829412,0.22495313917550064,0,Sample 1,Cell type 1
1776,-2.583559374829976,4.1950696403701855,1,Sample 1,Cell type 2
1777,-5.15496430384397,0.4322303552285569,3,Sample 2,Cell type 1
1778,-3.3778946551768554,-5.511666960947713,2,Sample 1,Cell type 3
1779,4.010439431297534,-1.056365290467421,0,Sample 1,Cell type 1
1780,3.1578803767165993,-4.999711302473865,4,Sample 2,Cell type 2
1781,2.423727127042654,5.714384470807928,5,Sample 2,Cell type 3
1782,-2.23531895630754,-3.169325868417123,2,Sample 1,Cell type 3
1783,-3.7724143185643877,0.8978993749625284,3,Sample 2,Cell type 1
1784,-1.6858708265251972,4.547323267582712,1,Sample 1,Cell type 2
1785,-2.4942572264736484,-5.99930914561906,2,Sample 1,Cell type 3
1786,-5.832154975852719,1.556156059421547,3,Sample 2,Cell type 1
1787,-4.868564187703544,1.75697851372224,3,Sample 2,Cell type 1
1788,-4.575179124084632,0.1191014431341535,3,Sample 2,Cell type 1
1789,-5.525351476501931,-0.20824723301714945,3,Sample 2,Cell type 1
1790,-2.9448949974086265,-4.434175253765088,2,Sample 1,Cell type 3
1791,2.243691952450561,-5.753646163327972,4,Sample 2,Cell type 2
1792,-4.676629707778134,0.5726981957527683,3,Sample 2,Cell type 1
1793,-2.9444374235894957,-4.16661579363981,2,Sample 1,Cell type 3
1794,1.2364509610259173,-4.984440492633,4,Sample 2,Cell type 2
1795,-2.3193907815105987,-4.316036417375266,2,Sample 1,Cell type 3
1796,-5.7877238278778105,-0.6340187576921694,3,Sample 2,Cell type 1
1797,-1.6764340147213164,-3.6322747148994314,2,Sample 1,Cell type 3
1798,-4.172895156060633,-0.3259680858332807,3,Sample 2,Cell type 1
1799,0.721140665650239,-4.744582234502241,4,Sample 2,Cell type 2
1800,-5.373407049561153,-1.1863875455859338,3,Sample 2,Cell type 1
1801,2.19290020693537,-4.16830269282522,4,Sample 2,Cell type 2
1802,-3.9436687921729323,-0.6995485186719339,3,Sample 2,Cell type 1
1803,-1.7709098222602249,-4.245523985905008,2,Sample 1,Cell type 3
1804,3.811168422079867,5.0565451489511455,5,Sample 2,Cell type 3
1805,-3.6550838529068326,2.4931822564124033,1,Sample 1,Cell type 2
1806,-5.073565426083412,0.012820225836128954,3,Sample 2,Cell type 1
1807,5.0226547009043685,0.023804911596596152,0,Sample 1,Cell type 1
1808,-6.092017436341308,0.5611958255397723,3,Sample 2,Cell type 1
1809,-3.325441654232044,-1.2095067356505702,3,Sample 2,Cell type 1
1810,-5.477129126375104,-0.239345417941947,3,Sample 2,Cell type 1
1811,2.196992130717522,-2.663998761234357,4,Sample 2,Cell type 2
1812,5.213913851257522,0.2573582449568109,0,Sample 1,Cell type 1
1813,-2.0027424881151585,4.034438750087286,1,Sample 1,Cell type 2
1814,-2.8672722481751958,-4.885807314252707,2,Sample 1,Cell type 3
1815,-4.494036626686159,-0.3793425400831713,3,Sample 2,Cell type 1
1816,-4.604235476979974,0.30674802512291593,3,Sample 2,Cell type 1
1817,2.8515888384068058,-4.408774896885697,4,Sample 2,Cell type 2
1818,5.787457918781267,-0.17119107538040718,0,Sample 1,Cell type 1
1819,5.061457512848205,-1.0263937793508557,0,Sample 1,Cell type 1
1820,2.5703788377033354,3.97790730944155,5,Sample 2,Cell type 3
1821,1.99500709100744,4.809687567979556,5,Sample 2,Cell type 3
1822,0.6713782044040404,3.704053928883686,5,Sample 2,Cell type 3
1823,4.984289760858655,0.4419919635337182,0,Sample 1,Cell type 1
1824,4.663850546323314,-0.22542768708840577,0,Sample 1,Cell type 1
1825,2.63232292823976,-5.435741073876145,4,Sample 2,Cell type 2
1826,-2.4396530888787247,3.048554369404459,1,Sample 1,Cell type 2
1827,1.499040690693054,-5.556141640385927,4,Sample 2,Cell type 2
1828,6.715155271460261,0.507135217854409,0,Sample 1,Cell type 1
1829,-3.8854549936520755,0.6714792913852825,3,Sample 2,Cell type 1
1830,2.162914553783647,4.827204410897474,5,Sample 2,Cell type 3
1831,0.9293686817288209,4.698786911245285,5,Sample 2,Cell type 3
1832,-6.116358803804058,-0.5663287525392596,3,Sample 2,Cell type 1
1833,2.652899387069114,3.4103610406042684,5,Sample 2,Cell type 3
1834,2.4239106818393834,-4.596557114165205,4,Sample 2,Cell type 2
1835,2.2603879699620184,3.3415646012826654,5,Sample 2,Cell type 3
1836,-1.5488693028202847,4.896770096683045,1,Sample 1,Cell type 2
1837,1.0291851013823439,5.0486208782200706,5,Sample 2,Cell type 3
1838,2.0437487457708237,-5.273413590412474,4,Sample 2,Cell type 2
1839,3.494724637749726,-3.3477028512356872,4,Sample 2,Cell type 2
1840,2.1562920171779933,3.2892396058091165,5,Sample 2,Cell type 3
1841,1.7266384874378686,-4.966978329098703,4,Sample 2,Cell type 2
1842,-3.8744522032865993,-0.3872947956678536,3,Sample 2,Cell type 1
1843,1.2057595089477267,-4.025504561830154,4,Sample 2,Cell type 2
1844,3.7731202942102398,-3.6287556698133026,4,Sample 2,Cell type 2
1845,-4.741451614033435,1.0270534878828497,3,Sample 2,Cell type 1
1846,-1.1003328766356626,5.4352902818745825,1,Sample 1,Cell type 2
1847,1.8582404735718532,-5.247854627731565,4,Sample 2,Cell type 2
1848,1.966133295026816,2.536594271315062,5,Sample 2,Cell type 3
1849,4.458886158352584,1.4407523463286527,0,Sample 1,Cell type 1
1850,4.3116693077728385,-0.3076444353838603,0,Sample 1,Cell type 1
1851,3.1977224845472447,4.5893561730874195,5,Sample 2,Cell type 3
1852,-5.063253873491645,-0.4632992877085966,3,Sample 2,Cell type 1
1853,3.118278270834979,4.956654929143801,5,Sample 2,Cell type 3
1854,3.7040496308866646,3.466124932216487,5,Sample 2,Cell type 3
1855,-3.335847355216826,2.7570417474213924,1,Sample 1,Cell type 2
1856,-2.443958269509454,5.259629661008746,1,Sample 1,Cell type 2
1857,0.13660084700637531,3.8167453040004893,5,Sample 2,Cell type 3
1858,0.9661208911917611,3.153225894623378,5,Sample 2,Cell type 3
1859,3.8370780603499774,-5.0512275628399355,4,Sample 2,Cell type 2
1860,-5.793357330752248,-0.5063042199078329,3,Sample 2,Cell type 1
1861,6.479164875956276,0.901252023638206,0,Sample 1,Cell type 1
1862,-3.7142989973446467,4.0445036582769065,1,Sample 1,Cell type 2
1863,1.9275896116118174,5.227326388402135,5,Sample 2,Cell type 3
1864,-0.8547651481363658,3.425416270661461,1,Sample 1,Cell type 2
1865,-1.9148957979400083,-3.8577893699210213,2,Sample 1,Cell type 3
1866,1.1943880919788625,-5.054085285272649,4,Sample 2,Cell type 2
1867,3.477035956548115,-4.222960314458007,4,Sample 2,Cell type 2
1868,-5.955618351812828,0.22864262943578698,3,Sample 2,Cell type 1
1869,-1.9669499992726296,4.7002000532053545,1,Sample 1,Cell type 2
1870,3.338719910250833,4.265273334573859,5,Sample 2,Cell type 3
1871,-1.1880283765028847,4.923829011779707,1,Sample 1,Cell type 2
1872,-3.1400308515181163,4.279307359229909,1,Sample 1,Cell type 2
1873,2.693441657244599,4.571252674747087,5,Sample 2,Cell type 3
1874,-5.157537446397511,-0.3716648624924941,3,Sample 2,Cell type 1
1875,-2.7049438019963064,-4.523324975618815,2,Sample 1,Cell type 3
1876,-2.4806244346617925,5.459903463254538,1,Sample 1,Cell type 2
1877,3.495652128284201,-2.5449278900999968,4,Sample 2,Cell type 2
1878,-2.0933850882603307,-1.1891368537731304,2,Sample 1,Cell type 3
1879,-3.8461269552981507,-5.149349891631296,2,Sample 1,Cell type 3
1880,-3.993231961088492,5.136137970791731,1,Sample 1,Cell type 2
1881,5.506225492885028,1.816554286243517,0,Sample 1,Cell type 1
1882,4.478865597108442,-0.38710866724345727,0,Sample 1,Cell type 1
1883,5.469485675040216,1.7523645006479829,0,Sample 1,Cell type 1
1884,5.0225449258953025,-0.0072951973153628355,0,Sample 1,Cell type 1
1885,1.309710637207502,3.4299781375372635,5,Sample 2,Cell type 3
1886,-1.1089189185173371,-4.587121231816521,2,Sample 1,Cell type 3
1887,-2.7740393606862144,-4.193756002124935,2,Sample 1,Cell type 3
1888,-2.1210943385508356,3.589022114936963,1,Sample 1,Cell type 2
1889,-2.371985419317769,4.73155320785623,1,Sample 1,Cell type 2
1890,2.42916462833359,3.96701388599969,5,Sample 2,Cell type 3
1891,2.805082267664228,5.422548188943205,5,Sample 2,Cell type 3
1892,2.9080994890000564,-4.8496188746133,4,Sample 2,Cell type 2
1893,-1.3643175963890892,3.8497881663312294,1,Sample 1,Cell type 2
1894,2.9274919189091033,-4.257252133917465,4,Sample 2,Cell type 2
1895,0.8008057454994919,4.661020024979537,5,Sample 2,Cell type 3
1896,-2.6074469931764375,4.978773637450019,1,Sample 1,Cell type 2
1897,2.5577225894574056,-3.7395372342692657,4,Sample 2,Cell type 2
1898,2.345112391171594,4.925796137700697,5,Sample 2,Cell type 3
1899,3.3967736188915025,4.974586781167131,5,Sample 2,Cell type 3
1900,-3.8115873300203496,-4.64410390377089,2,Sample 1,Cell type 3
1901,2.2454731987056573,4.810713431038666,5,Sample 2,Cell type 3
1902,1.843296862072247,-4.671570374870401,4,Sample 2,Cell type 2
1903,3.551381260562864,4.900740019559427,5,Sample 2,Cell type 3
1904,2.440523736193181,4.182485865173437,5,Sample 2,Cell type 3
1905,2.8601245071573187,4.246640259371723,5,Sample 2,Cell type 3
1906,-1.228128817455455,-3.870870042206991,2,Sample 1,Cell type 3
1907,-3.768786649790366,2.8261875108109575,1,Sample 1,Cell type 2
1908,-4.963606818935398,0.446669138569365,3,Sample 2,Cell type 1
1909,-1.9533368057511435,4.162675963258704,1,Sample 1,Cell type 2
1910,1.8702607440103993,-4.167439450923181,4,Sample 2,Cell type 2
1911,6.240921580418019,0.09253970743428694,0,Sample 1,Cell type 1
1912,-2.069363136760293,5.188132888770036,1,Sample 1,Cell type 2
1913,2.1940380818645644,-5.910897658835491,4,Sample 2,Cell type 2
1914,-2.1014226012025707,5.242246249739207,1,Sample 1,Cell type 2
1915,3.371923967272661,-4.787074198189544,4,Sample 2,Cell type 2
1916,-5.6688497216800195,1.1395966569975589,3,Sample 2,Cell type 1
1917,3.324199755175654,4.02609754189071,5,Sample 2,Cell type 3
1918,2.3533594323790386,-4.345962494538762,4,Sample 2,Cell type 2
1919,3.5510257412574466,4.317749706340801,5,Sample 2,Cell type 3
1920,-4.450917155988374,-0.6711141392205884,3,Sample 2,Cell type 1
1921,-2.6281062364533114,4.867199080082566,1,Sample 1,Cell type 2
1922,2.702989837419863,-5.764588137252107,4,Sample 2,Cell type 2
1923,6.182315235793213,-0.4146161746189179,0,Sample 1,Cell type 1
1924,-2.089515361459133,4.12248967685506,1,Sample 1,Cell type 2
1925,4.784100051765303,-0.783010972625846,0,Sample 1,Cell type 1
1926,-4.442941710335742,0.22303984990836917,3,Sample 2,Cell type 1
1927,2.306855548220002,-3.1567009734030145,4,Sample 2,Cell type 2
1928,-2.5251513362998232,-5.008869926274843,2,Sample 1,Cell type 3
1929,-3.2483509616356754,5.19891271186222,1,Sample 1,Cell type 2
1930,-1.7534975421271466,-4.508303579543478,2,Sample 1,Cell type 3
1931,5.3072523591514456,-0.02615579847527449,0,Sample 1,Cell type 1
1932,-3.0672167661043948,-2.767519708900937,2,Sample 1,Cell type 3
1933,-5.6954295895909155,-0.008693709627977103,3,Sample 2,Cell type 1
1934,3.1281480658483014,2.9079822490260314,5,Sample 2,Cell type 3
1935,1.6493164001357457,5.147426830442152,5,Sample 2,Cell type 3
1936,2.9866137330753517,5.406875025192845,5,Sample 2,Cell type 3
1937,4.436525047565793,-1.1267690370908479,0,Sample 1,Cell type 1
1938,3.0505642451623065,3.975241554756284,5,Sample 2,Cell type 3
1939,-1.9922228251505831,5.217886892487172,1,Sample 1,Cell type 2
1940,-1.6193428812619182,-3.481030247023685,2,Sample 1,Cell type 3
1941,3.2722613337289017,4.8935959868054555,5,Sample 2,Cell type 3
1942,1.8123091888972371,3.6176719704493814,5,Sample 2,Cell type 3
1943,4.9713391687120385,1.2517149246512052,0,Sample 1,Cell type 1
1944,5.395224149026191,0.2085390126591257,0,Sample 1,Cell type 1
1945,-1.2496889851934438,-4.5493214843856356,2,Sample 1,Cell type 3
1946,6.290969015246918,0.3628274412111839,0,Sample 1,Cell type 1
1947,5.027266774607381,-0.6159785848469135,0,Sample 1,Cell type 1
1948,-4.439392208218353,5.037363336011033,1,Sample 1,Cell type 2
1949,4.482741692605979,-0.865238402891516,0,Sample 1,Cell type 1
1950,-2.985202710572594,-3.9654036627856297,2,Sample 1,Cell type 3
1951,-5.280679544061179,-1.7746782080408645,3,Sample 2,Cell type 1
1952,5.133161766570445,0.3939610112065193,0,Sample 1,Cell type 1
1953,-5.64510154329444,0.06055595200407537,3,Sample 2,Cell type 1
1954,1.0956496821514325,3.7740075324606948,5,Sample 2,Cell type 3
1955,-3.6609405520412466,4.32045586064535,1,Sample 1,Cell type 2
1956,2.4967417303028525,4.297119296802144,5,Sample 2,Cell type 3
1957,-1.9787824069283944,3.4199784825823403,1,Sample 1,Cell type 2
1958,2.446178028069173,3.470398187375902,5,Sample 2,Cell type 3
1959,2.145389228145674,-4.560987112645476,4,Sample 2,Cell type 2
1960,-0.9299302475753664,-4.327170481443914,2,Sample 1,Cell type 3
1961,4.797945478885472,-0.9982265455718796,0,Sample 1,Cell type 1
1962,5.265851209583674,-0.5987892292452429,0,Sample 1,Cell type 1
1963,-2.3855609840968404,-3.650437428109221,2,Sample 1,Cell type 3
1964,5.228692312579924,0.26756543198962,0,Sample 1,Cell type 1
1965,-3.5115987255639745,-5.764612180949854,2,Sample 1,Cell type 3
1966,2.845305303710074,-3.7383866444279286,4,Sample 2,Cell type 2
1967,-1.7276820123270626,5.319031596367168,1,Sample 1,Cell type 2
1968,4.823228660936269,0.021508671195624624,0,Sample 1,Cell type 1
1969,-3.9510660017579005,-0.17945517670248323,3,Sample 2,Cell type 1
1970,-1.6313709400485212,4.40851354169891,1,Sample 1,Cell type 2
1971,4.784889047556136,-0.8852207269933363,0,Sample 1,Cell type 1
1972,-4.931111305392817,-0.5975386280561334,3,Sample 2,Cell type 1
1973,2.3971629653984308,-4.851467116647328,4,Sample 2,Cell type 2
1974,-4.778719387591056,0.9563845206603838,3,Sample 2,Cell type 1
1975,5.206040312578211,-0.059556732612933774,0,Sample 1,Cell type 1
1976,-3.5708846397785985,4.884461917347482,1,Sample 1,Cell type 2
1977,4.63148898323217,0.8456977809751326,0,Sample 1,Cell type 1
1978,-5.402855695126174,-0.1204912117039458,3,Sample 2,Cell type 1
1979,2.4870215059232437,-3.4046599940926043,4,Sample 2,Cell type 2
1980,-4.88245176129065,-0.41770525601599334,3,Sample 2,Cell type 1
1981,1.1995647731503476,-6.335384275351569,4,Sample 2,Cell type 2
1982,2.744532454914077,3.7451233638718273,5,Sample 2,Cell type 3
1983,2.5934641393377436,-5.358599819527018,4,Sample 2,Cell type 2
1984,-2.5661445486741585,4.232729012215567,1,Sample 1,Cell type 2
1985,-1.9576593029285838,3.9397978924056316,1,Sample 1,Cell type 2
1986,-1.5426948106834781,3.8423006954666876,1,Sample 1,Cell type 2
1987,-3.5146820507504364,-0.38541277687477954,3,Sample 2,Cell type 1
1988,3.2040527703658706,-5.477171678064927,4,Sample 2,Cell type 2
1989,1.7599323036170924,3.969965505589518,5,Sample 2,Cell type 3
1990,3.888342026589123,-1.3163189975655136,0,Sample 1,Cell type 1
1991,2.232157610044395,-5.765263909475766,4,Sample 2,Cell type 2
1992,0.9467457595038233,2.422202611761727,5,Sample 2,Cell type 3
1993,3.4818190576650068,-5.298255421306903,4,Sample 2,Cell type 2
1994,-1.9696949850660688,5.268906104910454,1,Sample 1,Cell type 2
1995,-5.846752506913322,-1.998448813994351,3,Sample 2,Cell type 1
1996,-5.537988476805069,0.17861666873620932,3,Sample 2,Cell type 1
1997,2.1800800079125433,-4.926261235176076,4,Sample 2,Cell type 2
1998,4.06248575861806,4.879692324601135,5,Sample 2,Cell type 3
1999,-3.5306460939708324,-4.095954633208709,2,Sample 1,Cell type 3
2000,4.490090298154786,0.9512132248860414,0,Sample 1,Cell type 1
2001,2.0504559089136594,3.187003333712811,5,Sample 2,Cell type 3
2002,3.6575553171095843,3.801459630274076,5,Sample 2,Cell type 3
2003,1.2428640013293601,3.5842300243766028,5,Sample 2,Cell type 3
2004,-2.3551827530370337,3.2926614605575164,1,Sample 1,Cell type 2
2005,1.2430781191056899,-3.4649157498824024,4,Sample 2,Cell type 2
2006,-2.3570442265516216,-3.3467551914845517,2,Sample 1,Cell type 3
2007,4.345423453413222,1.6739098205483682,0,Sample 1,Cell type 1
2008,2.865859424869409,-2.651549839284798,4,Sample 2,Cell type 2
2009,5.166706246358042,-1.6333878947394327,0,Sample 1,Cell type 1
2010,2.30082107577546,4.581430616082725,5,Sample 2,Cell type 3
2011,-3.414415449658985,-3.674000469517804,2,Sample 1,Cell type 3
2012,3.760700647601576,4.291887618614361,5,Sample 2,Cell type 3
2013,4.5757939053020475,-0.6342982658098754,0,Sample 1,Cell type 1
2014,2.0529633448920346,4.080469473280006,5,Sample 2,Cell type 3
2015,4.622454507368453,0.8711604775738929,0,Sample 1,Cell type 1
2016,4.9604290322780535,0.5398555937332831,0,Sample 1,Cell type 1
2017,-2.819919249704912,-4.114691216857604,2,Sample 1,Cell type 3
2018,3.503366463179315,-0.28121078723304693,0,Sample 1,Cell type 1
2019,-0.6828402036617653,-4.653644957469361,2,Sample 1,Cell type 3
2020,1.842267514648475,3.3000427919997435,5,Sample 2,Cell type 3
2021,2.9007338632686865,3.544267601100772,5,Sample 2,Cell type 3
2022,3.1812728367145584,3.602382667472212,5,Sample 2,Cell type 3
2023,4.313313775855029,0.5602479035271931,0,Sample 1,Cell type 1
2024,0.596803167397421,4.866166756374612,5,Sample 2,Cell type 3
2025,-2.5905024420125944,-5.369500109678851,2,Sample 1,Cell type 3
2026,-1.7244342395786096,4.671882508419541,1,Sample 1,Cell type 2
2027,-2.4520538957869364,4.552028569288747,1,Sample 1,Cell type 2
2028,-1.7332913441263682,-4.288798237441328,2,Sample 1,Cell type 3
2029,2.2528319883216747,2.646460779909927,5,Sample 2,Cell type 3
2030,-2.319753662367246,4.034505475855507,1,Sample 1,Cell type 2
2031,-1.8399213882658914,3.636422846353473,1,Sample 1,Cell type 2
2032,-2.0410044631964714,-5.351170552152861,2,Sample 1,Cell type 3
2033,2.531771057375708,3.1918254926729492,5,Sample 2,Cell type 3
2034,1.131517316450789,4.015654858361024,5,Sample 2,Cell type 3
2035,-2.569948263021747,-3.891471316878593,2,Sample 1,Cell type 3
2036,-2.243371419253855,-4.174885464037493,2,Sample 1,Cell type 3
2037,2.1125933184553323,-4.366870081914324,4,Sample 2,Cell type 2
2038,-3.602094000603389,3.8783078155854396,1,Sample 1,Cell type 2
2039,4.523942199401562,3.5352526157770345,5,Sample 2,Cell type 3
2040,-1.7197500332176192,-3.9176245481670264,2,Sample 1,Cell type 3
2041,3.25851436037764,4.085363473696919,5,Sample 2,Cell type 3
2042,5.019608139407154,0.3983986329963598,0,Sample 1,Cell type 1
2043,-2.9352912016913533,4.199892694064358,1,Sample 1,Cell type 2
2044,2.1498101420765368,-4.184535112823958,4,Sample 2,Cell type 2
2045,4.973498421700962,1.4356462908142302,0,Sample 1,Cell type 1
2046,5.3307479225789605,1.5014366500464529,0,Sample 1,Cell type 1
2047,2.614741253485991,-3.632907510051848,4,Sample 2,Cell type 2
2048,3.047560382109143,3.993167965631862,5,Sample 2,Cell type 3
2049,-2.6620193816518665,-4.752764656252575,2,Sample 1,Cell type 3
2050,3.0482320677687706,-3.2085195581868975,4,Sample 2,Cell type 2
2051,4.802258093983522,-0.5455873983982389,0,Sample 1,Cell type 1
2052,1.0569996127259993,-4.064950301857479,4,Sample 2,Cell type 2
2053,5.270082129660162,-0.32950157289797394,0,Sample 1,Cell type 1
2054,1.3315992804652101,5.283135564227659,5,Sample 2,Cell type 3
2055,5.077596771994174,0.47612562034953093,0,Sample 1,Cell type 1
2056,2.247133631101622,4.5815979654273375,5,Sample 2,Cell type 3
2057,2.954618701722228,5.199231587886863,5,Sample 2,Cell type 3
2058,-2.571387323377161,-4.360183534905777,2,Sample 1,Cell type 3
2059,-2.1337817070784904,5.669720965600224,1,Sample 1,Cell type 2
2060,1.8276056115946473,4.879917779238424,5,Sample 2,Cell type 3
2061,3.1480217908048935,3.750238151882151,5,Sample 2,Cell type 3
2062,3.902555841652469,4.038004928363622,5,Sample 2,Cell type 3
2063,-2.3835830417854096,-4.821425070928845,2,Sample 1,Cell type 3
2064,-4.711685283985536,0.40343028270741854,3,Sample 2,Cell type 1
2065,-6.08554845575966,0.17852244379815824,3,Sample 2,Cell type 1
2066,2.0768012686374986,3.4695377001689036,5,Sample 2,Cell type 3
2067,-3.697223404072062,3.810107871396675,1,Sample 1,Cell type 2
2068,3.3460463199680985,-0.07129603161023072,0,Sample 1,Cell type 1
2069,-4.767282353927995,-1.5964254243613902,3,Sample 2,Cell type 1
2070,-5.9415696902159745,1.4564351263534532,3,Sample 2,Cell type 1
2071,2.786129093304868,-4.278522240632138,4,Sample 2,Cell type 2
2072,2.205104507371437,-3.6844898856368458,4,Sample 2,Cell type 2
2073,1.3490239191545008,-4.510337132915279,4,Sample 2,Cell type 2
2074,-4.7538586772791085,-0.8764155110764492,3,Sample 2,Cell type 1
2075,2.157345393761796,4.3217549156800095,5,Sample 2,Cell type 3
2076,2.1568154261020647,5.10194293436415,5,Sample 2,Cell type 3
2077,-4.4151994985716145,0.43074796577316254,3,Sample 2,Cell type 1
2078,6.252419223387473,-0.05260020885839024,0,Sample 1,Cell type 1
2079,4.825855037418224,0.8790214815897521,0,Sample 1,Cell type 1
2080,-1.1662207107590925,-3.111536121552385,2,Sample 1,Cell type 3
2081,-4.072128026889325,-0.40477295919028367,3,Sample 2,Cell type 1
2082,2.87851636261423,3.767797868490539,5,Sample 2,Cell type 3
2083,-1.0032278597025732,4.641818360818917,1,Sample 1,Cell type 2
2084,-5.091841799007251,0.4534173809473443,3,Sample 2,Cell type 1
2085,-4.8129215793683215,0.8283547331335566,3,Sample 2,Cell type 1
2086,3.096288579262297,-4.255308221771307,4,Sample 2,Cell type 2
2087,-2.05551642719724,4.401791563926393,1,Sample 1,Cell type 2
2088,5.036457471923051,-0.5212802780846537,0,Sample 1,Cell type 1
2089,1.3591855063036349,-4.015028444390401,4,Sample 2,Cell type 2
2090,-3.920988186318655,4.65704926810673,1,Sample 1,Cell type 2
2091,5.735261186390215,-0.23221963535092108,0,Sample 1,Cell type 1
2092,-3.0194984306571397,5.387170244740603,1,Sample 1,Cell type 2
2093,-0.7632458260017481,4.189418368976324,1,Sample 1,Cell type 2
2094,-3.4567064496281468,4.685809153498306,1,Sample 1,Cell type 2
2095,1.8538795538025885,4.016871037037362,5,Sample 2,Cell type 3
2096,-3.726160447911947,-4.487151540032541,2,Sample 1,Cell type 3
2097,-2.114507150625206,4.767938856824567,1,Sample 1,Cell type 2
2098,2.585645962393834,-4.6062445238326175,4,Sample 2,Cell type 2
2099,-3.222961488584102,4.589614444299476,1,Sample 1,Cell type 2
2100,-2.8975456200943848,-4.476182198425825,2,Sample 1,Cell type 3
2101,-5.459280540226879,0.42913111991307534,3,Sample 2,Cell type 1
2102,-3.2651491014544063,4.7080520412264955,1,Sample 1,Cell type 2
2103,0.09447437567578465,-2.483794018429303,2,Sample 1,Cell type 3
2104,-1.6143354645704209,4.233822087759315,1,Sample 1,Cell type 2
2105,2.9611610760979348,-5.536971793492481,4,Sample 2,Cell type 2
2106,-3.2618531045910397,-4.871723129689017,2,Sample 1,Cell type 3
2107,-5.205840000494232,0.8656898503945133,3,Sample 2,Cell type 1
2108,-3.9640115321464355,0.4353762818722783,3,Sample 2,Cell type 1
2109,-5.054498740134362,0.29117650468219114,3,Sample 2,Cell type 1
2110,0.7035312819478701,4.486449595948849,5,Sample 2,Cell type 3
2111,5.658536467169531,0.05865437375072311,0,Sample 1,Cell type 1
2112,6.105727192830022,0.5189679100717142,0,Sample 1,Cell type 1
2113,-3.496573901157107,4.374074307722073,1,Sample 1,Cell type 2
2114,-5.362909110073346,1.3809812365085068,3,Sample 2,Cell type 1
2115,-1.1588855782334397,-5.086532522876377,2,Sample 1,Cell type 3
2116,-2.3598308648731896,6.7183342210049215,1,Sample 1,Cell type 2
2117,-2.3073974564091446,6.411473510266509,1,Sample 1,Cell type 2
2118,3.332763339038228,-5.342333746190367,4,Sample 2,Cell type 2
2119,-5.180525104569801,1.11121949037021,3,Sample 2,Cell type 1
2120,-2.2061701492789267,5.800673960358292,1,Sample 1,Cell type 2
2121,2.4417138489271566,5.841550055325389,5,Sample 2,Cell type 3
2122,5.446661530017378,0.060804313129929205,0,Sample 1,Cell type 1
2123,1.544650678870525,3.520011465767721,5,Sample 2,Cell type 3
2124,4.469900992843323,0.4564789348745275,0,Sample 1,Cell type 1
2125,6.956601583693461,0.10337694558018201,0,Sample 1,Cell type 1
2126,-1.8737010120411441,-4.675027474582271,2,Sample 1,Cell type 3
2127,2.518464527160337,4.830049894645427,5,Sample 2,Cell type 3
2128,1.652630633301679,3.9299182056528523,5,Sample 2,Cell type 3
2129,-1.9995935865351737,-3.621941832530999,2,Sample 1,Cell type 3
2130,5.136692350502353,-0.1471866690821433,0,Sample 1,Cell type 1
2131,-4.072495165359582,0.7784812488120583,3,Sample 2,Cell type 1
2132,5.750627044780798,-0.41283578257389913,0,Sample 1,Cell type 1
2133,3.721450130861813,5.852173583105841,5,Sample 2,Cell type 3
2134,-3.6962862951097613,-0.29814046716157905,3,Sample 2,Cell type 1
2135,3.5262359750711845,4.392532953705278,5,Sample 2,Cell type 3
2136,4.526084860608905,-0.6911926157438528,0,Sample 1,Cell type 1
2137,-5.019386267095753,0.9619609983864585,3,Sample 2,Cell type 1
2138,-2.387213840310354,-3.059225476487315,2,Sample 1,Cell type 3
2139,0.8383041169808971,-4.5183461469001465,4,Sample 2,Cell type 2
2140,-5.017840226974442,-0.5511084340603238,3,Sample 2,Cell type 1
2141,-3.1399524053615497,-5.856528728620838,2,Sample 1,Cell type 3
2142,1.4340413216843477,5.26706112508711,5,Sample 2,Cell type 3
2143,2.585766369632103,-4.58520410331798,4,Sample 2,Cell type 2
2144,2.1046479815464703,4.557202672764382,5,Sample 2,Cell type 3
2145,-6.118244382739437,0.9620612041801827,3,Sample 2,Cell type 1
2146,-4.890118016474371,2.3345388440480743,3,Sample 2,Cell type 1
2147,5.664268653235396,-0.6848670607270938,0,Sample 1,Cell type 1
2148,6.670699763824582,-0.11167170252413901,0,Sample 1,Cell type 1
2149,4.539489739009781,0.09760785171628916,0,Sample 1,Cell type 1
2150,-2.6061069971060578,3.5505035751856804,1,Sample 1,Cell type 2
2151,3.0492541974025413,4.922986043468022,5,Sample 2,Cell type 3
2152,-4.914264067792323,-0.8628101930916772,3,Sample 2,Cell type 1
2153,3.577257330088237,5.485063274255183,5,Sample 2,Cell type 3
2154,5.650289695071168,0.5037030735388898,0,Sample 1,Cell type 1
2155,4.020214739448768,-3.511681774720404,4,Sample 2,Cell type 2
2156,4.322565025545276,-1.2118777797486917,0,Sample 1,Cell type 1
2157,-3.8513464303738116,-4.707138011484208,2,Sample 1,Cell type 3
2158,-1.4796874096007904,-4.451498565783975,2,Sample 1,Cell type 3
2159,-5.676538483595291,-0.01127917272533665,3,Sample 2,Cell type 1
2160,-2.322168115359319,-3.307034368271477,2,Sample 1,Cell type 3
2161,-2.3715408151601074,4.332563835044925,1,Sample 1,Cell type 2
2162,-2.387291002471036,2.9153755264719123,1,Sample 1,Cell type 2
2163,-2.4423705109730065,-4.4998941948431135,2,Sample 1,Cell type 3
2164,5.397371322408986,-0.11061144093694773,0,Sample 1,Cell type 1
2165,3.218935328271336,-4.299969760423057,4,Sample 2,Cell type 2
2166,5.440041679219641,-0.7746755638909083,0,Sample 1,Cell type 1
2167,1.144595283203934,-3.524841786096093,4,Sample 2,Cell type 2
2168,-1.5441897104984519,-3.6144092688630938,2,Sample 1,Cell type 3
2169,3.3572127484648275,-5.535354243074515,4,Sample 2,Cell type 2
2170,3.7753423649632065,-4.247296495762855,4,Sample 2,Cell type 2
2171,2.603494405363051,-6.234718303340993,4,Sample 2,Cell type 2
2172,-4.303402684329278,0.7590504771772968,3,Sample 2,Cell type 1
2173,-3.972723364841506,-1.941113656428166,3,Sample 2,Cell type 1
2174,3.6758274070299928,-4.827943197237392,4,Sample 2,Cell type 2
2175,1.8460734924685247,-4.073093842316285,4,Sample 2,Cell type 2
2176,-3.0791922653940897,-4.486439299863811,2,Sample 1,Cell type 3
2177,1.9743718103861414,5.12577360751549,5,Sample 2,Cell type 3
2178,-1.185297475356375,-4.041608705773556,2,Sample 1,Cell type 3
2179,2.480481146211071,-5.467910738527161,4,Sample 2,Cell type 2
2180,-3.321095366132716,-3.346126560746872,2,Sample 1,Cell type 3
2181,-3.7430070128128508,4.984438745342216,1,Sample 1,Cell type 2
2182,0.280948048052867,4.1864312417976866,5,Sample 2,Cell type 3
2183,0.8452994276551746,4.401643242067483,5,Sample 2,Cell type 3
2184,-5.339007745618162,-0.36273128670708266,3,Sample 2,Cell type 1
2185,-4.029803980335824,-4.385034255790567,2,Sample 1,Cell type 3
2186,-3.3932195519589263,5.318776314927745,1,Sample 1,Cell type 2
2187,-6.293370699958412,-0.18350586548437317,3,Sample 2,Cell type 1
2188,-2.3148432619795445,-3.8129353887415753,2,Sample 1,Cell type 3
2189,2.27923883864309,4.040747950047484,5,Sample 2,Cell type 3
2190,-4.400079808461031,0.22341427057322139,3,Sample 2,Cell type 1
2191,1.8403103921879829,3.483086900323937,5,Sample 2,Cell type 3
2192,2.509778838732132,-5.287459492749712,4,Sample 2,Cell type 2
2193,-1.591503882253647,-5.2151618288515,2,Sample 1,Cell type 3
2194,4.480577963947194,-0.9791522134098053,0,Sample 1,Cell type 1
2195,-5.338878865382542,-1.092493923352119,3,Sample 2,Cell type 1
2196,-3.454909465405183,5.065450357810195,1,Sample 1,Cell type 2
2197,-2.293797967885802,-5.323535479307491,2,Sample 1,Cell type 3
2198,2.2281927938819774,-4.144841039587722,4,Sample 2,Cell type 2
2199,5.467142548260771,-0.28743367262964764,0,Sample 1,Cell type 1
2200,4.753777412037599,0.17532026213115118,0,Sample 1,Cell type 1
2201,3.0717965199111568,4.143147772640813,5,Sample 2,Cell type 3
2202,-3.995677112432083,0.7566957149473172,3,Sample 2,Cell type 1
2203,5.143915320922782,1.1136018290756795,0,Sample 1,Cell type 1
2204,-4.843558952001817,-2.6877493993208614,2,Sample 1,Cell type 3
2205,3.4564251104693637,-5.5453028435728475,4,Sample 2,Cell type 2
2206,-3.395636902706537,-4.644950903697975,2,Sample 1,Cell type 3
2207,1.3035667708014373,4.320288259475746,5,Sample 2,Cell type 3
2208,-2.1294349663207006,3.236416773753997,1,Sample 1,Cell type 2
2209,-2.2877101204802965,3.863920092832928,1,Sample 1,Cell type 2
2210,1.5083501711358047,-5.532423505868107,4,Sample 2,Cell type 2
2211,1.7173536401419982,-2.891342949211701,4,Sample 2,Cell type 2
2212,4.800828681216741,0.7772567607634844,0,Sample 1,Cell type 1
2213,-2.1592902350455705,4.345445240854795,1,Sample 1,Cell type 2
2214,-5.363835773902155,-0.8318452248215068,3,Sample 2,Cell type 1
2215,-5.632705433355652,0.027206476982518053,3,Sample 2,Cell type 1
2216,-3.9750348667845987,-5.042381297338089,2,Sample 1,Cell type 3
2217,4.973797383827201,-0.434739816907012,0,Sample 1,Cell type 1
2218,2.5546972527741234,-5.727300399385422,4,Sample 2,Cell type 2
2219,-2.6811831135212207,4.6240194243751365,1,Sample 1,Cell type 2
2220,3.3810641319116366,-3.757054954489867,4,Sample 2,Cell type 2
2221,-3.6919468843779844,1.0493547594181296,3,Sample 2,Cell type 1
2222,5.658035929682551,-0.9766749199768179,0,Sample 1,Cell type 1
2223,1.99487795554675,-4.288105924349942,4,Sample 2,Cell type 2
2224,2.3183151937752555,-4.443533062144226,4,Sample 2,Cell type 2
2225,1.6989482766416268,3.592375894576891,5,Sample 2,Cell type 3
2226,-3.6613088430779808,-0.4715619199509742,3,Sample 2,Cell type 1
2227,-3.9649159026706826,-5.312882083934802,2,Sample 1,Cell type 3
2228,2.53525005392528,2.8615120139805206,5,Sample 2,Cell type 3
2229,-1.6273106635170438,-4.700478628542399,2,Sample 1,Cell type 3
2230,-4.876405067523799,-0.2692420719025381,3,Sample 2,Cell type 1
2231,1.8905402626729173,-4.161833328089486,4,Sample 2,Cell type 2
2232,2.405876054718269,4.34214921915187,5,Sample 2,Cell type 3
2233,2.384097150441687,-4.295694322241886,4,Sample 2,Cell type 2
2234,-5.873713274742986,-0.20294086203390418,3,Sample 2,Cell type 1
2235,2.3737299921277883,-4.083493368011139,4,Sample 2,Cell type 2
2236,-1.9073405236638985,3.9195561657449254,1,Sample 1,Cell type 2
2237,4.910137560247336,-0.1767756796265784,0,Sample 1,Cell type 1
2238,3.811405213393402,2.791909601272324,5,Sample 2,Cell type 3
2239,-5.949594710644596,0.8462513446566376,3,Sample 2,Cell type 1
2240,-4.831519328561886,-0.39078086408828716,3,Sample 2,Cell type 1
2241,-4.116853162638474,-0.20502465940125736,3,Sample 2,Cell type 1
2242,-2.889762336955944,-4.611664073175399,2,Sample 1,Cell type 3
2243,-2.436321710099173,-3.886880802029466,2,Sample 1,Cell type 3
2244,2.530033473189454,-3.456682747662479,4,Sample 2,Cell type 2
2245,-2.4832908093632295,4.514687743497141,1,Sample 1,Cell type 2
2246,-4.405078579567862,-0.16390133109177318,3,Sample 2,Cell type 1
2247,3.1913987077589057,-6.496162103227137,4,Sample 2,Cell type 2
2248,3.5284657874893437,4.284477985777268,5,Sample 2,Cell type 3
2249,-2.682879932272014,3.5346475192353837,1,Sample 1,Cell type 2
2250,5.246241415113647,-1.3681347141253006,0,Sample 1,Cell type 1
2251,5.960971137731156,-0.3264602984172411,0,Sample 1,Cell type 1
2252,1.9970765559403403,-4.552137914010382,4,Sample 2,Cell type 2
2253,-2.2013211522308835,-4.0802244505489345,2,Sample 1,Cell type 3
2254,-5.704603271682184,1.4389800146810503,3,Sample 2,Cell type 1
2255,3.055058763087282,5.263349687898995,5,Sample 2,Cell type 3
2256,-3.136445654352708,-3.9906118686333816,2,Sample 1,Cell type 3
2257,5.179561454847978,0.8376786420897236,0,Sample 1,Cell type 1
2258,2.78427055647211,2.882712847251586,5,Sample 2,Cell type 3
2259,-1.9627750626167595,-3.107701931411926,2,Sample 1,Cell type 3
2260,-1.600517312103597,4.062865234138242,1,Sample 1,Cell type 2
2261,1.4537787478818718,4.054043741466841,5,Sample 2,Cell type 3
2262,-2.577298936011914,-4.662900561280079,2,Sample 1,Cell type 3
2263,-5.590445666929114,0.14500093008164094,3,Sample 2,Cell type 1
2264,5.100179602118326,-0.3435244329002024,0,Sample 1,Cell type 1
2265,-5.844824639973334,-0.20555610009742462,3,Sample 2,Cell type 1
2266,-3.7008920057510784,0.3065345518071209,3,Sample 2,Cell type 1
2267,-2.048315259285119,3.514395547968501,1,Sample 1,Cell type 2
2268,3.3829760109780778,4.022535722088978,5,Sample 2,Cell type 3
2269,-1.860046478446359,3.0370785321729232,1,Sample 1,Cell type 2
2270,2.087863280726382,-4.431342136485355,4,Sample 2,Cell type 2
2271,-2.7565341004457524,5.766296103652051,1,Sample 1,Cell type 2
2272,-3.7861288216944464,4.477919482038773,1,Sample 1,Cell type 2
2273,-1.0155973481645917,-4.150739223293958,2,Sample 1,Cell type 3
2274,-0.8001828775864328,-3.265055769331469,2,Sample 1,Cell type 3
2275,-2.124585928153181,-5.558584717487877,2,Sample 1,Cell type 3
2276,-2.7417444695860995,-6.412636689184031,2,Sample 1,Cell type 3
2277,-1.3392579613766327,-2.884369704011884,2,Sample 1,Cell type 3
2278,1.4237316100678032,-4.555058252893842,4,Sample 2,Cell type 2
2279,-5.390164298358996,0.8594664038161957,3,Sample 2,Cell type 1
2280,2.317595418552222,-5.4557089886053864,4,Sample 2,Cell type 2
2281,5.004090765313968,-0.18766970670011754,0,Sample 1,Cell type 1
2282,2.3357727844029954,-3.4352870635179347,4,Sample 2,Cell type 2
2283,2.1548354843520925,2.6340572468260532,5,Sample 2,Cell type 3
2284,-5.70342622592959,0.2788760958887849,3,Sample 2,Cell type 1
2285,5.663524464946791,-1.7689082472063082,0,Sample 1,Cell type 1
2286,-3.3375287861455507,4.759449220944022,1,Sample 1,Cell type 2
2287,2.026027635695589,4.591784918824469,5,Sample 2,Cell type 3
2288,2.718494747434912,-5.1286968257313195,4,Sample 2,Cell type 2
2289,3.7727086634115024,1.0221414575188073,0,Sample 1,Cell type 1
2290,-2.854435216902785,3.946532645002799,1,Sample 1,Cell type 2
2291,1.621911214179419,4.040824531424156,5,Sample 2,Cell type 3
2292,5.061894646118095,-0.689027361062611,0,Sample 1,Cell type 1
2293,3.277955198334409,5.028356950497881,5,Sample 2,Cell type 3
2294,4.878571923971533,0.4706537651876612,0,Sample 1,Cell type 1
2295,-6.650722521983564,-0.25388039379402727,3,Sample 2,Cell type 1
2296,-4.3528645844858245,-0.46756423348035,3,Sample 2,Cell type 1
2297,5.069637654590537,-0.23920588037269397,0,Sample 1,Cell type 1
2298,3.280658669830851,4.337213181857309,5,Sample 2,Cell type 3
2299,4.216659940061187,-5.566075756644916,4,Sample 2,Cell type 2
2300,2.7661754636681506,3.2636086121404255,5,Sample 2,Cell type 3
2301,-2.7954217113969615,4.444837792795995,1,Sample 1,Cell type 2
2302,-1.9424364763914106,4.063071427117386,1,Sample 1,Cell type 2
2303,-2.3444925587381302,4.047593984673643,1,Sample 1,Cell type 2
2304,2.8714009904984032,4.817435434165004,5,Sample 2,Cell type 3
2305,5.296916698697047,-0.4831881493726565,0,Sample 1,Cell type 1
2306,3.281145101758455,3.4244077063493874,5,Sample 2,Cell type 3
2307,-3.2204965877182943,4.8408405594089,1,Sample 1,Cell type 2
2308,1.8088161207391378,4.228900955124545,5,Sample 2,Cell type 3
2309,6.660208698100212,-0.5513502544716543,0,Sample 1,Cell type 1
2310,4.784474532444354,0.5740338046367699,0,Sample 1,Cell type 1
2311,-2.762315773210333,4.454279566009377,1,Sample 1,Cell type 2
2312,-5.534676155877442,-0.048860537081900274,3,Sample 2,Cell type 1
2313,-3.239651291502482,-5.608206354598538,2,Sample 1,Cell type 3
2314,2.029714956073596,-4.145638339909224,4,Sample 2,Cell type 2
2315,3.0997963803506785,2.718206032916906,5,Sample 2,Cell type 3
2316,2.3283698683856295,1.4492589353545782,5,Sample 2,Cell type 3
2317,3.577023800876577,1.1968354491913464,0,Sample 1,Cell type 1
2318,1.138478215985328,-4.77919741607596,4,Sample 2,Cell type 2
2319,2.972595468408257,-4.506218003926058,4,Sample 2,Cell type 2
2320,2.259215750085419,-4.835276640908742,4,Sample 2,Cell type 2
2321,1.1050619180827714,4.455585431800747,5,Sample 2,Cell type 3
2322,-4.963548895086482,0.49872571062393306,3,Sample 2,Cell type 1
2323,6.338057909470162,0.3352152074928362,0,Sample 1,Cell type 1
2324,2.9042039167282043,0.6575220035001791,0,Sample 1,Cell type 1
2325,2.176674272416558,4.331562917224678,5,Sample 2,Cell type 3
2326,-4.974883307573779,1.286062645119609,3,Sample 2,Cell type 1
2327,-4.801339885987295,0.06249418818881369,3,Sample 2,Cell type 1
2328,4.980516326191213,1.713816286889491,0,Sample 1,Cell type 1
2329,-5.2179280132829495,0.9869794226689551,3,Sample 2,Cell type 1
2330,-4.754077144224249,-0.6596898003478081,3,Sample 2,Cell type 1
2331,2.068327023410291,-3.614198574100735,4,Sample 2,Cell type 2
2332,-2.501923072735085,-4.801544340353637,2,Sample 1,Cell type 3
2333,2.18524968298036,2.8027690517403983,5,Sample 2,Cell type 3
2334,4.228061231535916,0.5488411679987515,0,Sample 1,Cell type 1
2335,-3.3429459353170823,3.4758846816588393,1,Sample 1,Cell type 2
2336,2.352774080640794,-6.32038466497206,4,Sample 2,Cell type 2
2337,2.516333733770331,-5.502666104795871,4,Sample 2,Cell type 2
2338,-2.574355365290873,-4.521728556539592,2,Sample 1,Cell type 3
2339,-2.441855580536529,-4.659321534571936,2,Sample 1,Cell type 3
2340,-2.3202522193984905,5.076199684420666,1,Sample 1,Cell type 2
2341,3.8387535084983844,-3.9767296298201495,4,Sample 2,Cell type 2
2342,3.5978170532863936,4.443762601986629,5,Sample 2,Cell type 3
2343,-0.8601503233712613,-4.329580763756206,2,Sample 1,Cell type 3
2344,5.0350491775832875,-0.1176016013027909,0,Sample 1,Cell type 1
2345,4.652403018054147,-0.24733769877491152,0,Sample 1,Cell type 1
2346,-1.804676326002485,-4.694558639741288,2,Sample 1,Cell type 3
2347,-2.7919621836343076,3.6587592850509885,1,Sample 1,Cell type 2
2348,1.360833510241915,4.472950354698575,5,Sample 2,Cell type 3
2349,5.097838002425827,0.43463842322911034,0,Sample 1,Cell type 1
2350,1.57034734379497,-3.0644336178793417,4,Sample 2,Cell type 2
2351,5.523492525083246,-0.04446773672836406,0,Sample 1,Cell type 1
2352,-5.147316652546562,-0.9041429835877461,3,Sample 2,Cell type 1
2353,2.9262265674581,3.6857056729137763,5,Sample 2,Cell type 3
2354,7.048067630615035,-0.0768479197797199,0,Sample 1,Cell type 1
2355,-3.3845637347887476,4.158190194691206,1,Sample 1,Cell type 2
2356,-2.9373440676698115,4.112802930661351,1,Sample 1,Cell type 2
2357,1.1665892745686381,-5.525931936081911,4,Sample 2,Cell type 2
2358,5.248726052478403,1.1802849735596417,0,Sample 1,Cell type 1
2359,2.9919557112251027,4.737873480716056,5,Sample 2,Cell type 3
2360,2.4530236583162934,-3.9728978133696264,4,Sample 2,Cell type 2
2361,4.5681922557525105,-0.6226437803218502,0,Sample 1,Cell type 1
2362,5.0515795318480965,-1.5803732530830972,0,Sample 1,Cell type 1
2363,3.6582371347662894,-3.5792150007790395,4,Sample 2,Cell type 2
2364,2.987904037752336,4.298185848223501,5,Sample 2,Cell type 3
2365,3.7288489453676235,4.8081571836379755,5,Sample 2,Cell type 3
2366,-5.6174175659143,1.2876165326207791,3,Sample 2,Cell type 1
2367,5.3848073853893705,0.1791072194233051,0,Sample 1,Cell type 1
2368,3.2789809846818905,-4.091088794664786,4,Sample 2,Cell type 2
2369,2.957956244924082,4.647764354828112,5,Sample 2,Cell type 3
2370,-4.651195379821936,0.6750716077133905,3,Sample 2,Cell type 1
2371,-4.523648062155445,-4.567412986178031,2,Sample 1,Cell type 3
2372,2.7622488588592953,-3.5681444933599513,4,Sample 2,Cell type 2
2373,4.9868616831417985,0.9507146187584672,0,Sample 1,Cell type 1
2374,5.039088056260564,0.032473352963105905,0,Sample 1,Cell type 1
2375,2.7882949727238855,-5.0586430886681875,4,Sample 2,Cell type 2
2376,3.072139512102447,4.289232064509891,5,Sample 2,Cell type 3
2377,4.558221564575223,0.5063454542044087,0,Sample 1,Cell type 1
2378,2.1692609834908474,4.356043989869056,5,Sample 2,Cell type 3
2379,-0.8202225686667868,4.1325064583253965,1,Sample 1,Cell type 2
2380,2.434197040262834,-4.0849663285515225,4,Sample 2,Cell type 2
2381,1.4221968659349211,3.6110871707271226,5,Sample 2,Cell type 3
2382,-5.587386657576831,-0.11322370987027734,3,Sample 2,Cell type 1
2383,5.748542714517969,1.017244075995327,0,Sample 1,Cell type 1
2384,-1.8645882563025373,3.3266954803867943,1,Sample 1,Cell type 2
2385,-3.5975209143450844,3.0392779006208004,1,Sample 1,Cell type 2
2386,-1.668710570063784,4.2695155896938255,1,Sample 1,Cell type 2
2387,4.143355073004857,4.4483836101514145,5,Sample 2,Cell type 3
2388,-1.8132391066746667,4.142430562956263,1,Sample 1,Cell type 2
2389,1.779641230897579,5.465691563560464,5,Sample 2,Cell type 3
2390,1.3585387385749226,-4.274657289549917,4,Sample 2,Cell type 2
2391,2.141043453904413,4.517534430487605,5,Sample 2,Cell type 3
2392,-3.533810156084494,4.881893263118349,1,Sample 1,Cell type 2
2393,-6.017535200890178,0.16911725397652774,3,Sample 2,Cell type 1
2394,-2.2862986791908124,4.73710703750614,1,Sample 1,Cell type 2
2395,2.4069861279447418,-0.8195101130674319,0,Sample 1,Cell type 1
2396,-4.466984262365181,0.46238281891164634,3,Sample 2,Cell type 1
2397,1.8758848948897828,4.918342466902183,5,Sample 2,Cell type 3
2398,-3.6570602613019467,-1.5293124405214051,3,Sample 2,Cell type 1
2399,-2.7891702133551908,-3.9969701884410296,2,Sample 1,Cell type 3
2400,-2.4581932076020157,-5.178611072039473,2,Sample 1,Cell type 3
2401,1.5472667952210148,-3.7871445634986602,4,Sample 2,Cell type 2
2402,-3.4574309171410516,-3.6151688674109033,2,Sample 1,Cell type 3
2403,5.326602204571578,-1.3620668833902725,0,Sample 1,Cell type 1
2404,-5.333944305591546,0.2752431372507738,3,Sample 2,Cell type 1
2405,-3.8630972694613774,-5.069699809425836,2,Sample 1,Cell type 3
2406,-4.135955152688552,0.7542308113120612,3,Sample 2,Cell type 1
2407,-3.150411497808106,-3.6715030863800275,2,Sample 1,Cell type 3
2408,-4.1827876857745085,0.7351318837266642,3,Sample 2,Cell type 1
2409,-3.0750659100869866,-3.734122768620367,2,Sample 1,Cell type 3
2410,3.1209828037792855,3.942980262961206,5,Sample 2,Cell type 3
2411,2.4134888076868632,-3.4404465235451247,4,Sample 2,Cell type 2
2412,5.461245570444613,0.2490001236348289,0,Sample 1,Cell type 1
2413,1.7750277343622316,4.443710950021397,5,Sample 2,Cell type 3
2414,-2.4340481976523964,3.164085819350249,1,Sample 1,Cell type 2
2415,-2.0743950409424476,-4.040798169924579,2,Sample 1,Cell type 3
2416,3.489744640231208,4.12654615760592,5,Sample 2,Cell type 3
2417,-3.711576247344616,-4.072852449850801,2,Sample 1,Cell type 3
2418,2.5907648320452386,-4.181456915799993,4,Sample 2,Cell type 2
2419,-2.6003634080023192,4.592430638249679,1,Sample 1,Cell type 2
2420,3.467384517779151,4.310697822386172,5,Sample 2,Cell type 3
2421,4.807739681473492,-0.29985664603967804,0,Sample 1,Cell type 1
2422,-4.167655285884129,-1.5640390162546256,3,Sample 2,Cell type 1
2423,5.668553689652113,-0.9037654837260946,0,Sample 1,Cell type 1
2424,3.8958891252987953,6.253997052725371,5,Sample 2,Cell type 3
2425,-3.594652031066251,-2.7403062195375454,2,Sample 1,Cell type 3
2426,-3.3002650596844587,3.7879310425023123,1,Sample 1,Cell type 2
2427,3.0796734229784946,-3.9713386555650434,4,Sample 2,Cell type 2
2428,1.5214238159504525,-3.1904248332604004,4,Sample 2,Cell type 2
2429,4.2883884562995815,-0.6526482279723507,0,Sample 1,Cell type 1
2430,5.780095786734201,-0.11764590520171092,0,Sample 1,Cell type 1
2431,2.8334412595864875,-3.3964303885195575,4,Sample 2,Cell type 2
2432,-3.9228700672052126,4.5858484796573755,1,Sample 1,Cell type 2
2433,-2.7116118730484877,2.727037127396791,1,Sample 1,Cell type 2
2434,2.5590907475287046,5.284996247303202,5,Sample 2,Cell type 3
2435,-0.9766907283415966,-3.029359886632541,2,Sample 1,Cell type 3
2436,2.5175110569318684,4.583688624509485,5,Sample 2,Cell type 3
2437,-4.938712743638672,-0.4094108463538422,3,Sample 2,Cell type 1
2438,3.7863320488953267,5.412889937019155,5,Sample 2,Cell type 3
2439,2.8277482749972402,3.8525321481854466,5,Sample 2,Cell type 3
2440,4.438357524898118,-0.2621297172782146,0,Sample 1,Cell type 1
2441,3.3701683409262895,-3.776832158825085,4,Sample 2,Cell type 2
2442,-4.238955004560413,0.4215183389326356,3,Sample 2,Cell type 1
2443,-4.0825801994998505,-4.292579097273896,2,Sample 1,Cell type 3
2444,4.09309633473352,-4.0157962104836225,4,Sample 2,Cell type 2
2445,4.929374361318996,2.0637674701234547,0,Sample 1,Cell type 1
2446,-6.072057656899148,0.34577335260740377,3,Sample 2,Cell type 1
2447,-4.286957050504196,0.0033838871953218736,3,Sample 2,Cell type 1
2448,-1.9283121674907078,-5.970080041784175,2,Sample 1,Cell type 3
2449,2.676504643445731,4.048456820959088,5,Sample 2,Cell type 3
2450,-1.7904900879221588,3.993517583977351,1,Sample 1,Cell type 2
2451,4.942718992468749,-0.029777789207873273,0,Sample 1,Cell type 1
2452,-4.538109179914671,-0.10292755708164411,3,Sample 2,Cell type 1
2453,-2.800157104259149,4.075954941517207,1,Sample 1,Cell type 2
2454,-6.628976402284749,0.03799477460131498,3,Sample 2,Cell type 1
2455,5.265010745122851,0.7804361016978874,0,Sample 1,Cell type 1
2456,5.1870287294325985,-1.244716516962902,0,Sample 1,Cell type 1
2457,-2.5149670051567172,4.019312256451085,1,Sample 1,Cell type 2
2458,-1.2076994484244457,4.0722706435531215,1,Sample 1,Cell type 2
2459,3.2670530451741344,-3.4279779833090522,4,Sample 2,Cell type 2
2460,4.273580739583031,-1.1298429610682332,0,Sample 1,Cell type 1
2461,1.5853288071329077,-4.260148015977604,4,Sample 2,Cell type 2
2462,-6.617438911969558,-0.0810245749612257,3,Sample 2,Cell type 1
2463,4.5385829355453335,0.6043129806606049,0,Sample 1,Cell type 1
2464,6.0046049004588165,-0.7156858417756031,0,Sample 1,Cell type 1
2465,5.285612388772038,-0.5543276762085234,0,Sample 1,Cell type 1
2466,-5.654145917284107,-0.9070642854450827,3,Sample 2,Cell type 1
2467,2.717789380261911,4.284310690264511,5,Sample 2,Cell type 3
2468,-2.289950936798459,4.484998948016229,1,Sample 1,Cell type 2
2469,3.0486862548867317,-6.0531114779553645,4,Sample 2,Cell type 2
2470,4.501487578860188,-0.44438169532820376,0,Sample 1,Cell type 1
2471,-3.846443995358488,-0.40989939254135427,3,Sample 2,Cell type 1
2472,2.963477407805417,-3.2005055160875955,4,Sample 2,Cell type 2
2473,4.940453256719963,0.4965376780405424,0,Sample 1,Cell type 1
2474,-3.013189527235447,4.720424846819053,1,Sample 1,Cell type 2
2475,-2.240754377422754,-5.2482801307747255,2,Sample 1,Cell type 3
2476,2.357923204193005,-3.8054133086921293,4,Sample 2,Cell type 2
2477,2.190942019642256,-6.09436251712692,4,Sample 2,Cell type 2
2478,-4.895447980428494,-0.11322060269355802,3,Sample 2,Cell type 1
2479,5.590773263996328,0.1370946249519764,0,Sample 1,Cell type 1
2480,2.2742993784528713,5.3146893429097695,5,Sample 2,Cell type 3
2481,3.8956670960601993,5.017993868096159,5,Sample 2,Cell type 3
2482,3.6449216942093896,-4.538156019066551,4,Sample 2,Cell type 2
2483,-1.577127725346462,-3.221047501111917,2,Sample 1,Cell type 3
2484,-4.740527831988105,-0.42618039857352225,3,Sample 2,Cell type 1
2485,-1.9558271156396394,5.284133028904574,1,Sample 1,Cell type 2
2486,-3.0013737796719715,5.020041796828401,1,Sample 1,Cell type 2
2487,-5.851376005453879,-0.007875846920305792,3,Sample 2,Cell type 1
2488,-3.9168548424704754,-3.9528931145876274,2,Sample 1,Cell type 3
2489,-1.5500911587481983,6.401777932537085,1,Sample 1,Cell type 2
2490,4.248531684944997,-0.11527004457729238,0,Sample 1,Cell type 1
2491,-2.4290739272308493,4.48797958484667,1,Sample 1,Cell type 2
2492,2.6143925078473735,2.9493185239887794,5,Sample 2,Cell type 3
2493,2.7916491818843623,-4.874265800000556,4,Sample 2,Cell type 2
2494,-4.204442099592874,0.5168049496916419,3,Sample 2,Cell type 1
2495,-1.6192322920011422,5.896804982298669,1,Sample 1,Cell type 2
2496,2.4121087015184517,4.1828575253094575,5,Sample 2,Cell type 3
2497,-2.172189763232401,3.6412566907833375,1,Sample 1,Cell type 2
2498,-2.8864488413467506,4.4475614285106335,1,Sample 1,Cell type 2
2499,3.2153862196007483,3.7170689990970516,5,Sample 2,Cell type 3
2500,-2.451931204307871,-4.019477414583432,2,Sample 1,Cell type 3
2501,-2.8726444552945325,-4.450797188175548,2,Sample 1,Cell type 3
2502,-3.1159968529579682,-5.3670203503221074,2,Sample 1,Cell type 3
2503,3.5793432391109645,4.34967249106462,5,Sample 2,Cell type 3
2504,1.075499461674009,5.532314479966663,5,Sample 2,Cell type 3
2505,-5.081595773308746,-0.6739461041010605,3,Sample 2,Cell type 1
2506,-4.222354427408223,-0.010643708302907636,3,Sample 2,Cell type 1
2507,-4.473789459079701,-0.0556258289938149,3,Sample 2,Cell type 1
2508,2.5235444733420382,-3.9168114621734214,4,Sample 2,Cell type 2
2509,-4.073655762869724,-5.223876188287794,2,Sample 1,Cell type 3
2510,4.613450830160501,1.2591894106320263,0,Sample 1,Cell type 1
2511,-2.679884785446462,3.8101249542634257,1,Sample 1,Cell type 2
2512,6.275604050579978,-0.6775690786546623,0,Sample 1,Cell type 1
2513,-2.1446413381674647,-3.4490686527335823,2,Sample 1,Cell type 3
2514,3.6200657339895734,-0.44983002339277817,0,Sample 1,Cell type 1
2515,-4.235784610234235,-0.03099431599163381,3,Sample 2,Cell type 1
2516,-3.7049698882713056,0.33266130356427503,3,Sample 2,Cell type 1
2517,5.868716452665263,0.37975858630396225,0,Sample 1,Cell type 1
2518,-2.857857516527,5.354940108310284,1,Sample 1,Cell type 2
2519,2.114149143250954,-3.4509403329686235,4,Sample 2,Cell type 2
2520,-2.2942408237152603,-4.522659158546363,2,Sample 1,Cell type 3
2521,-1.9726034652540752,5.080183129023441,1,Sample 1,Cell type 2
2522,4.897665926815387,-0.7644323524803407,0,Sample 1,Cell type 1
2523,2.7881808296619432,4.763184054128815,5,Sample 2,Cell type 3
2524,2.37438013724423,-5.298255773653522,4,Sample 2,Cell type 2
2525,-1.4874337273082385,3.637187140350593,1,Sample 1,Cell type 2
2526,2.0003916359291347,-3.732542346838428,4,Sample 2,Cell type 2
2527,2.5596076750614145,-3.5096213278241297,4,Sample 2,Cell type 2
2528,5.414127216375299,-0.5805950505227725,0,Sample 1,Cell type 1
2529,-5.787994500653612,0.15894400763792613,3,Sample 2,Cell type 1
2530,-1.3286582089980492,5.1276140376948405,1,Sample 1,Cell type 2
2531,-2.439235785667129,4.924272953609972,1,Sample 1,Cell type 2
2532,2.627004840750031,-3.4053216833612936,4,Sample 2,Cell type 2
2533,-1.9752793787761904,4.485915974697214,1,Sample 1,Cell type 2
2534,2.7615956106160784,3.6620274157444044,5,Sample 2,Cell type 3
2535,-3.152973795633574,-4.267612568546474,2,Sample 1,Cell type 3
2536,1.9953235593673153,4.091833574956704,5,Sample 2,Cell type 3
2537,-4.619529251257134,-1.3975165530764433,3,Sample 2,Cell type 1
2538,3.8171310033761268,0.9150032345655433,0,Sample 1,Cell type 1
2539,-5.821922841220809,-0.2986145967530507,3,Sample 2,Cell type 1
2540,-3.127918650465791,4.8487513659972805,1,Sample 1,Cell type 2
2541,-4.201894338463804,-0.22943538859061482,3,Sample 2,Cell type 1
2542,-4.353571048478343,-0.6784524784244063,3,Sample 2,Cell type 1
2543,-4.001242164833498,4.825896175695103,1,Sample 1,Cell type 2
2544,6.302892436457034,-1.1040811665719132,0,Sample 1,Cell type 1
2545,-1.7397539264211384,5.698617716987734,1,Sample 1,Cell type 2
2546,5.558578650890872,0.3147883083373997,0,Sample 1,Cell type 1
2547,5.7196799003466,0.24583961670128748,0,Sample 1,Cell type 1
2548,4.8709714306671925,0.32324068545163076,0,Sample 1,Cell type 1
2549,2.8991065558145706,4.056408098020402,5,Sample 2,Cell type 3
2550,1.7777528584297566,-3.6827152603286066,4,Sample 2,Cell type 2
2551,1.5903736934820065,-4.987578881659272,4,Sample 2,Cell type 2
2552,1.500143728328505,-4.542317051298357,4,Sample 2,Cell type 2
2553,6.4123633922248775,0.32398536876876444,0,Sample 1,Cell type 1
2554,-1.3020546534563011,-2.8439651440920057,2,Sample 1,Cell type 3
2555,3.483085240160448,4.6989894447593406,5,Sample 2,Cell type 3
2556,-3.1783308015573564,-0.9876095987379162,3,Sample 2,Cell type 1
2557,-4.611052166750449,-1.559497404257938,3,Sample 2,Cell type 1
2558,-2.099467422895031,4.369945968666961,1,Sample 1,Cell type 2
2559,-5.214916602647794,-1.4690878270163172,3,Sample 2,Cell type 1
2560,2.323985577872261,4.228201521010225,5,Sample 2,Cell type 3
2561,-1.7403243429084116,-4.377659163940187,2,Sample 1,Cell type 3
2562,-1.6338471568903437,-4.707026740376495,2,Sample 1,Cell type 3
2563,-2.5934127326361995,-4.838573292045715,2,Sample 1,Cell type 3
2564,-1.813588643758286,-4.99268403729438,2,Sample 1,Cell type 3
2565,3.390107444162642,4.273230786257924,5,Sample 2,Cell type 3
2566,1.7959904146473853,-4.114782282718068,4,Sample 2,Cell type 2
2567,-3.741012626755915,0.36535040858431994,3,Sample 2,Cell type 1
2568,-1.738760183540768,-5.147056984970432,2,Sample 1,Cell type 3
2569,-6.64028596582736,0.591344395761255,3,Sample 2,Cell type 1
2570,-4.026246046301916,-5.018435027545793,2,Sample 1,Cell type 3
2571,-5.709863567084617,0.6174369417885297,3,Sample 2,Cell type 1
2572,-5.795542817439834,0.19963855167846223,3,Sample 2,Cell type 1
2573,4.7313722405678975,1.3352172202315145,0,Sample 1,Cell type 1
2574,-2.9894152727242274,4.300497581283464,1,Sample 1,Cell type 2
2575,-1.9276949476470038,4.904675599488542,1,Sample 1,Cell type 2
2576,-1.7935121782822718,4.267857261311952,1,Sample 1,Cell type 2
2577,3.2281726269317925,-4.476949556647918,4,Sample 2,Cell type 2
2578,1.8499633839024079,-2.6458890753555453,4,Sample 2,Cell type 2
2579,2.8479528306943154,-4.645316363916692,4,Sample 2,Cell type 2
2580,-4.752084176495492,-1.0188684388772788,3,Sample 2,Cell type 1
2581,3.9263244800521155,4.132254709302067,5,Sample 2,Cell type 3
2582,-1.7964663670900798,-5.192027880509999,2,Sample 1,Cell type 3
2583,1.8195093976384382,-4.762932511548515,4,Sample 2,Cell type 2
2584,-5.272478965527889,0.4001144264911076,3,Sample 2,Cell type 1
2585,1.6554884081611192,-4.6130756265758,4,Sample 2,Cell type 2
2586,-3.291966234041613,-4.3581331069271805,2,Sample 1,Cell type 3
2587,3.9948825753303985,-4.302280986522329,4,Sample 2,Cell type 2
2588,2.479604697131837,-4.503854064631681,4,Sample 2,Cell type 2
2589,3.2407800805716898,-4.402987707204617,4,Sample 2,Cell type 2
2590,4.429723373858269,0.08514418215351748,0,Sample 1,Cell type 1
2591,-2.5218436316079447,3.5835126516636366,1,Sample 1,Cell type 2
2592,2.5128998303203782,4.444772062922196,5,Sample 2,Cell type 3
2593,3.6122042620095884,-2.900249887378335,4,Sample 2,Cell type 2
2594,0.6196353179005114,5.6684215804410165,5,Sample 2,Cell type 3
2595,5.943552096577029,-0.37534052168376386,0,Sample 1,Cell type 1
2596,3.280832575484754,-3.210537877344321,4,Sample 2,Cell type 2
2597,-3.3891663655496247,4.527330841667798,1,Sample 1,Cell type 2
2598,2.2430727690354346,-5.598627584337869,4,Sample 2,Cell type 2
2599,-2.014621552691053,4.183569723945883,1,Sample 1,Cell type 2
2600,2.2837028806913677,3.2183029043680573,5,Sample 2,Cell type 3
2601,-4.662575940599304,1.0481535264647184,3,Sample 2,Cell type 1
2602,-3.040566463329289,4.3574489529126135,1,Sample 1,Cell type 2
2603,4.500145137843457,0.02087284016866703,0,Sample 1,Cell type 1
2604,-3.277325387633028,3.2264324870910492,1,Sample 1,Cell type 2
2605,-2.6846930990758144,5.492735549579021,1,Sample 1,Cell type 2
2606,4.067869803795737,-3.969636579377085,4,Sample 2,Cell type 2
2607,4.336803991262342,-0.44814483215757567,0,Sample 1,Cell type 1
2608,2.8575853736078782,-4.84099567903822,4,Sample 2,Cell type 2
2609,-3.515464397237362,-2.9681152924185072,2,Sample 1,Cell type 3
2610,3.6944024835545632,4.202022907243843,5,Sample 2,Cell type 3
2611,-5.092087755138591,-0.27673546323773596,3,Sample 2,Cell type 1
2612,-3.1946341855010925,4.757830287820142,1,Sample 1,Cell type 2
2613,5.672514839190979,-0.5220991834419128,0,Sample 1,Cell type 1
2614,-5.395972384294458,-0.3980579986473705,3,Sample 2,Cell type 1
2615,2.4540820289705656,4.289486388026566,5,Sample 2,Cell type 3
2616,-2.9207037407161653,-4.187926933907767,2,Sample 1,Cell type 3
2617,6.342160651261152,-0.44287059336639567,0,Sample 1,Cell type 1
2618,-4.610155810364004,0.8575438921694385,3,Sample 2,Cell type 1
2619,2.2062368526306018,4.5601781430560555,5,Sample 2,Cell type 3
2620,5.505926191244416,0.778043559701384,0,Sample 1,Cell type 1
2621,1.9185806897329258,3.6280331334318685,5,Sample 2,Cell type 3
2622,4.449479723857821,1.801948644275447,0,Sample 1,Cell type 1
2623,-2.7866721216169767,3.8120935744140665,1,Sample 1,Cell type 2
2624,-3.7491945779534896,-3.1273911561789927,2,Sample 1,Cell type 3
2625,2.8792241532855902,0.8732054815379695,0,Sample 1,Cell type 1
2626,3.340039233242742,4.5898536073242076,5,Sample 2,Cell type 3
2627,2.94081364818104,3.7433413655795693,5,Sample 2,Cell type 3
2628,-3.3838902344500186,-4.153693877311098,2,Sample 1,Cell type 3
2629,3.7328777412114214,0.608331724915438,0,Sample 1,Cell type 1
2630,-0.936674052999773,-4.734724382331741,2,Sample 1,Cell type 3
2631,-2.2059041278322336,-4.211655483083571,2,Sample 1,Cell type 3
2632,2.356599179714467,-4.418131417883036,4,Sample 2,Cell type 2
2633,6.64859833990559,1.4042726739545637,0,Sample 1,Cell type 1
2634,-2.7880314150055883,-4.9125886972064485,2,Sample 1,Cell type 3
2635,-2.066829817436169,4.937451147164311,1,Sample 1,Cell type 2
2636,-3.115313879829838,3.5782045380351017,1,Sample 1,Cell type 2
2637,-2.1025011275939245,-3.474309854935112,2,Sample 1,Cell type 3
2638,3.3417689247656472,4.408074307160035,5,Sample 2,Cell type 3
2639,3.7482044236247454,2.768844688615883,5,Sample 2,Cell type 3
2640,3.434193540422224,3.710091048509201,5,Sample 2,Cell type 3
2641,-2.966879461076806,-3.4994239381067387,2,Sample 1,Cell type 3
2642,-1.9105248823260523,4.1050649732276225,1,Sample 1,Cell type 2
2643,-4.083175884686348,-0.6218971878767247,3,Sample 2,Cell type 1
2644,3.7743712768219053,5.502295421707298,5,Sample 2,Cell type 3
2645,3.4417479705474676,-4.220729701002811,4,Sample 2,Cell type 2
2646,4.841816073978661,-5.125611071426894,4,Sample 2,Cell type 2
2647,2.5462912379414058,4.117652912312264,5,Sample 2,Cell type 3
2648,2.426425227037559,-5.195658513892702,4,Sample 2,Cell type 2
2649,-3.2966523158321825,4.851036012381119,1,Sample 1,Cell type 2
2650,5.179273985448334,0.010073920625435889,0,Sample 1,Cell type 1
2651,-3.326019122822031,4.648468658879641,1,Sample 1,Cell type 2
2652,-5.0064905612894,0.12647138025854815,3,Sample 2,Cell type 1
2653,2.0160745888574567,-3.9318963713879733,4,Sample 2,Cell type 2
2654,2.611222949562497,-4.366225331181437,4,Sample 2,Cell type 2
2655,-3.271764340600574,-3.027352175104334,2,Sample 1,Cell type 3
2656,-2.920998285213939,-3.2194567963554332,2,Sample 1,Cell type 3
2657,-3.7567009216547986,3.4287130437943496,1,Sample 1,Cell type 2
2658,-4.462444313748402,0.30736165760471784,3,Sample 2,Cell type 1
2659,-3.632213753539352,-4.155299784993435,2,Sample 1,Cell type 3
2660,1.5139677510237721,-4.877720403412433,4,Sample 2,Cell type 2
2661,-3.6250539709374663,4.263642560819238,1,Sample 1,Cell type 2
2662,2.449380832082464,-4.857925931925368,4,Sample 2,Cell type 2
2663,-2.6811872790798645,3.5625756295434097,1,Sample 1,Cell type 2
2664,-5.367811692664381,0.4347126622974483,3,Sample 2,Cell type 1
2665,3.841588879667005,-1.7590447652960657,0,Sample 1,Cell type 1
2666,-2.7101276162529366,-4.599236575251101,2,Sample 1,Cell type 3
2667,3.9642548194232754,0.9286614299028155,0,Sample 1,Cell type 1
2668,5.195040571016959,-0.45126290458938273,0,Sample 1,Cell type 1
2669,5.158467808614284,-0.11548832953915399,0,Sample 1,Cell type 1
2670,6.2006078325074485,0.6801773936907943,0,Sample 1,Cell type 1
2671,-2.3436146147573695,-4.409203179913637,2,Sample 1,Cell type 3
2672,-5.87889634014225,1.1364034298168513,3,Sample 2,Cell type 1
2673,1.472490371141985,-3.1494236985190227,4,Sample 2,Cell type 2
2674,-4.478155078711816,-1.305068088333658,3,Sample 2,Cell type 1
2675,-5.973264643308568,-0.8972241179400213,3,Sample 2,Cell type 1
2676,3.920392679392039,3.1467702042359793,5,Sample 2,Cell type 3
2677,-3.72803219802589,-5.834135046048403,2,Sample 1,Cell type 3
2678,-3.3401125916817187,-3.7241308994522035,2,Sample 1,Cell type 3
2679,6.855463631985355,0.3146542715154975,0,Sample 1,Cell type 1
2680,2.4468408197524316,-4.616590575865651,4,Sample 2,Cell type 2
2681,-2.0555898829262005,3.5951778097333182,1,Sample 1,Cell type 2
2682,5.434880123675546,-0.2964914656688848,0,Sample 1,Cell type 1
2683,5.2734047806217275,1.500936671372709,0,Sample 1,Cell type 1
2684,3.256710525243712,5.189024574048251,5,Sample 2,Cell type 3
2685,-4.880435128269353,0.6166001676950306,3,Sample 2,Cell type 1
2686,-3.4551400051192434,4.444481494733159,1,Sample 1,Cell type 2
2687,-3.3737309061744742,-3.662325957862286,2,Sample 1,Cell type 3
2688,4.541070394495811,-0.4374871529923137,0,Sample 1,Cell type 1
2689,2.573901433311936,-5.581824720790839,4,Sample 2,Cell type 2
2690,-1.6416175617871898,6.221225014617683,1,Sample 1,Cell type 2
2691,4.983278724828682,0.0938619066470256,0,Sample 1,Cell type 1
2692,-3.5052055154234045,4.9806911683205755,1,Sample 1,Cell type 2
2693,6.839118498895401,-0.2902708483517273,0,Sample 1,Cell type 1
2694,-5.2124836482288845,-0.3199025909346966,3,Sample 2,Cell type 1
2695,-3.8849610427559425,-3.134176436959603,2,Sample 1,Cell type 3
2696,-2.781131388570988,-3.079396331856505,2,Sample 1,Cell type 3
2697,-2.605005573673843,4.391608525289208,1,Sample 1,Cell type 2
2698,1.399492728970911,3.95121065280124,5,Sample 2,Cell type 3
2699,6.240400394251262,-0.7986832325910328,0,Sample 1,Cell type 1
2700,-2.246037390999862,-4.596415342428201,2,Sample 1,Cell type 3
2701,-5.194158998260225,-1.5120081369463538,3,Sample 2,Cell type 1
2702,0.6871583246805701,-4.610749583403439,4,Sample 2,Cell type 2
2703,-3.0352581909279324,5.162050768839055,1,Sample 1,Cell type 2
2704,-6.197806116142916,1.0247516613333827,3,Sample 2,Cell type 1
2705,2.1335798535883552,4.710394959264185,5,Sample 2,Cell type 3
2706,-4.060881491230902,-4.215256669718063,2,Sample 1,Cell type 3
2707,1.8314487959839676,-3.4523508656370447,4,Sample 2,Cell type 2
2708,2.471922826572325,3.646980692154148,5,Sample 2,Cell type 3
2709,3.924439591172578,-0.7349215571873586,0,Sample 1,Cell type 1
2710,2.385072376082302,-4.462191470924632,4,Sample 2,Cell type 2
2711,-2.8097045198316106,4.293798044576403,1,Sample 1,Cell type 2
2712,-2.919729925653445,-3.9352031408076713,2,Sample 1,Cell type 3
2713,-3.240339700847669,4.534434023461647,1,Sample 1,Cell type 2
2714,-4.685892707479225,0.36286841880737536,3,Sample 2,Cell type 1
2715,4.821229771739319,0.5712003952736736,0,Sample 1,Cell type 1
2716,-5.519861508397949,0.06733458414855753,3,Sample 2,Cell type 1
2717,-2.80717701756188,4.53028718392355,1,Sample 1,Cell type 2
2718,-5.0647338701301505,-2.536340588702444,3,Sample 2,Cell type 1
2719,-4.93373394358552,-0.5825375207758517,3,Sample 2,Cell type 1
2720,-4.911571746020848,-0.5010522209464049,3,Sample 2,Cell type 1
2721,-1.9140063177761604,-4.099148088662173,2,Sample 1,Cell type 3
2722,-2.983184500775386,-4.513765943210469,2,Sample 1,Cell type 3
2723,-3.2190272386585015,3.2658761183310014,1,Sample 1,Cell type 2
2724,3.527300614934684,-1.0236615733885612,0,Sample 1,Cell type 1
2725,3.256249416988693,3.888071542027111,5,Sample 2,Cell type 3
2726,-5.063510739524562,-0.24037275897656235,3,Sample 2,Cell type 1
2727,-3.792695189276359,0.48448498610505103,3,Sample 2,Cell type 1
2728,2.6751711326847767,-5.0035843244167175,4,Sample 2,Cell type 2
2729,-4.36431969364383,0.7788977995422782,3,Sample 2,Cell type 1
2730,5.582103634909584,0.041556708645839546,0,Sample 1,Cell type 1
2731,4.613609528394093,-3.8516476948842224,4,Sample 2,Cell type 2
2732,-4.6154043361856125,1.1973683259567858,3,Sample 2,Cell type 1
2733,4.512390238272573,-0.1495770423883568,0,Sample 1,Cell type 1
2734,-6.0159988779151,0.5350721044369752,3,Sample 2,Cell type 1
2735,4.616660609723768,-0.1485271813310537,0,Sample 1,Cell type 1
2736,2.2078072180081194,-5.667062836917448,4,Sample 2,Cell type 2
2737,-3.086426396419194,-2.875677480875932,2,Sample 1,Cell type 3
2738,1.9772296834201506,-4.639360311640403,4,Sample 2,Cell type 2
2739,1.679135324643497,-4.024986524894722,4,Sample 2,Cell type 2
2740,-3.7807231827812116,3.667329399097997,1,Sample 1,Cell type 2
2741,-3.5160488709696276,-4.1005623354808245,2,Sample 1,Cell type 3
2742,3.629492376727298,1.0830978993323304,0,Sample 1,Cell type 1
2743,2.5907155135733477,-3.9629318175827626,4,Sample 2,Cell type 2
2744,-3.3471260696452827,-3.144796296952113,2,Sample 1,Cell type 3
2745,-1.731756162974826,-3.9601401196687087,2,Sample 1,Cell type 3
2746,1.9487105618225682,4.704279102009301,5,Sample 2,Cell type 3
2747,3.055138586553003,-3.756855547114474,4,Sample 2,Cell type 2
2748,2.6547588599934375,5.37801915446902,5,Sample 2,Cell type 3
2749,-2.683512595254421,4.295345459071104,1,Sample 1,Cell type 2
2750,-2.9750491264549663,-4.462632147176298,2,Sample 1,Cell type 3
2751,-5.80675898603788,-1.6687183021866692,3,Sample 2,Cell type 1
2752,4.564064730552841,0.3193088914816567,0,Sample 1,Cell type 1
2753,2.3433717832251313,-5.1639442893599945,4,Sample 2,Cell type 2
2754,-4.754123506633624,-0.1982019345917668,3,Sample 2,Cell type 1
2755,3.1907498241519034,4.317676547825958,5,Sample 2,Cell type 3
2756,-6.154883409735812,-0.3863278715684136,3,Sample 2,Cell type 1
2757,-1.645296533044789,-3.8468303072513774,2,Sample 1,Cell type 3
2758,-2.860927086727201,-3.8887343789934556,2,Sample 1,Cell type 3
2759,-4.955308848124402,-0.24771977119044838,3,Sample 2,Cell type 1
2760,-2.326700019676307,-5.150729165834414,2,Sample 1,Cell type 3
2761,3.1078297895624623,3.6585049725080667,5,Sample 2,Cell type 3
2762,2.7743411018570745,5.324902321598964,5,Sample 2,Cell type 3
2763,3.5148665885179717,-3.936996813837774,4,Sample 2,Cell type 2
2764,-2.2916461893331572,-4.761200503876383,2,Sample 1,Cell type 3
2765,-2.8433955362389285,4.800969634738769,1,Sample 1,Cell type 2
2766,2.152901229616645,-2.95240294067564,4,Sample 2,Cell type 2
2767,-2.088873720272867,4.473792444473872,1,Sample 1,Cell type 2
2768,2.3519218804630215,-3.3604236555354063,4,Sample 2,Cell type 2
2769,-5.427805336675458,0.23597716456705786,3,Sample 2,Cell type 1
2770,4.993621886946706,1.1839553111120207,0,Sample 1,Cell type 1
2771,2.9302145522947836,-4.0850154332634645,4,Sample 2,Cell type 2
2772,3.2239696331953605,4.149481619661359,5,Sample 2,Cell type 3
2773,6.044383045723463,0.01680307330620724,0,Sample 1,Cell type 1
2774,5.6978565093765425,0.1466736045906814,0,Sample 1,Cell type 1
2775,-5.176833970829641,0.055495842126456155,3,Sample 2,Cell type 1
2776,-6.897327488687114,1.633655722342305,3,Sample 2,Cell type 1
2777,-3.5049457275649174,0.3357644866858133,3,Sample 2,Cell type 1
2778,-2.0978041540073504,-6.324743675186254,2,Sample 1,Cell type 3
2779,-2.6451592553980157,-4.415196620947244,2,Sample 1,Cell type 3
2780,2.1761636964637656,5.236370776662039,5,Sample 2,Cell type 3
2781,3.5018269295653086,-4.201087384792039,4,Sample 2,Cell type 2
2782,1.7351531586532847,6.184236449861295,5,Sample 2,Cell type 3
2783,5.195973256886978,-0.40555454029690385,0,Sample 1,Cell type 1
2784,-4.586442787401303,-0.17721061036169852,3,Sample 2,Cell type 1
2785,2.5156796932620993,-4.972071050814065,4,Sample 2,Cell type 2
2786,4.632511280367805,-0.6798754955718335,0,Sample 1,Cell type 1
2787,-2.5706903673642674,4.034118195016491,1,Sample 1,Cell type 2
2788,3.877915782560245,1.3996613945495515,0,Sample 1,Cell type 1
2789,-6.113566704761385,1.363281662447295,3,Sample 2,Cell type 1
2790,4.9971179687275455,-0.9266917513540343,0,Sample 1,Cell type 1
2791,-1.3803242838833674,-5.403829217710284,2,Sample 1,Cell type 3
2792,-3.5297308548674025,-5.447821567012585,2,Sample 1,Cell type 3
2793,-2.783232568752818,3.8712456006046727,1,Sample 1,Cell type 2
2794,1.5744468822164235,4.588130747154117,5,Sample 2,Cell type 3
2795,-1.7941335501412716,3.9684547526557292,1,Sample 1,Cell type 2
2796,-2.7552431485332938,3.6933063334794025,1,Sample 1,Cell type 2
2797,2.027185235413251,-3.9780790757036795,4,Sample 2,Cell type 2
2798,-5.329983209510349,-0.5909579986636496,3,Sample 2,Cell type 1
2799,1.8917090870270918,-4.645016284548603,4,Sample 2,Cell type 2
2800,-1.8654594494250603,-4.427772724619214,2,Sample 1,Cell type 3
2801,-2.3197887062019626,-3.775948814828704,2,Sample 1,Cell type 3
2802,3.486724861082132,-4.336278215499291,4,Sample 2,Cell type 2
2803,2.57305178288908,4.025762295589112,5,Sample 2,Cell type 3
2804,-5.205072542697994,-0.43043820679211026,3,Sample 2,Cell type 1
2805,-2.362528528165174,4.772727994910021,1,Sample 1,Cell type 2
2806,4.334115541516617,0.3771324451091233,0,Sample 1,Cell type 1
2807,6.438149221479618,0.5126742890136079,0,Sample 1,Cell type 1
2808,5.943437747251061,0.05401478512808716,0,Sample 1,Cell type 1
2809,-2.1189137845150237,4.734503146255495,1,Sample 1,Cell type 2
2810,4.807011153714936,0.28164431721143746,0,Sample 1,Cell type 1
2811,4.989202220209653,-0.8461687431647203,0,Sample 1,Cell type 1
2812,2.2477869328669957,4.544567360993995,5,Sample 2,Cell type 3
2813,-2.6559266242821438,5.237143096415846,1,Sample 1,Cell type 2
2814,4.145903656493925,-0.1139035880170348,0,Sample 1,Cell type 1
2815,-4.42173848401159,0.08943932656271122,3,Sample 2,Cell type 1
2816,-4.543136907921562,5.077582947913613,1,Sample 1,Cell type 2
2817,2.2132771395896897,3.3501271079941524,5,Sample 2,Cell type 3
2818,-2.9853602358122364,4.499153972745772,1,Sample 1,Cell type 2
2819,1.4279000834761717,3.941584023262155,5,Sample 2,Cell type 3
2820,1.9340483641502502,6.098011551520964,5,Sample 2,Cell type 3
2821,3.5041166306999196,-4.728265037665427,4,Sample 2,Cell type 2
2822,3.1291249695966497,-4.77776404715377,4,Sample 2,Cell type 2
2823,1.7628391812568593,-4.782441395150516,4,Sample 2,Cell type 2
2824,-3.6374485333934743,5.531193940486583,1,Sample 1,Cell type 2
2825,3.81483320729642,-4.017224717376014,4,Sample 2,Cell type 2
2826,4.418290259340105,-0.1980149084412038,0,Sample 1,Cell type 1
2827,-2.603613797490755,-3.866241190686086,2,Sample 1,Cell type 3
2828,-3.7248860020445766,4.741530823736461,1,Sample 1,Cell type 2
2829,-3.256596848557427,-3.843530065574217,2,Sample 1,Cell type 3
2830,2.6302372944799304,5.526151266710863,5,Sample 2,Cell type 3
2831,2.3623669125876225,5.480662379838755,5,Sample 2,Cell type 3
2832,5.56620154836438,-0.44997342071541413,0,Sample 1,Cell type 1
2833,2.328899865956285,-3.55387405749157,4,Sample 2,Cell type 2
2834,3.0135577035549614,4.113912935431082,5,Sample 2,Cell type 3
2835,4.331032528704232,2.9195376597994045,5,Sample 2,Cell type 3
2836,-5.620699858533187,0.06317123653446823,3,Sample 2,Cell type 1
2837,-1.9334284613947532,4.516699923932995,1,Sample 1,Cell type 2
2838,-4.602879905812847,1.660052031478834,3,Sample 2,Cell type 1
2839,-2.511070196875389,3.7783447996708546,1,Sample 1,Cell type 2
2840,2.0246313020946634,-4.82304178536135,4,Sample 2,Cell type 2
2841,-2.229157698971271,-5.080467480151311,2,Sample 1,Cell type 3
2842,2.549506682309705,-5.072169683571578,4,Sample 2,Cell type 2
2843,3.732352991821335,-3.3258471946914154,4,Sample 2,Cell type 2
2844,-0.9034660081728276,6.8180618637264825,1,Sample 1,Cell type 2
2845,4.709110230228915,-0.04555649897685397,0,Sample 1,Cell type 1
2846,-1.7013512814816307,3.984830768747755,1,Sample 1,Cell type 2
2847,4.85844221800476,-0.6386377956307631,0,Sample 1,Cell type 1
2848,1.3669849125275144,3.8159059126022346,5,Sample 2,Cell type 3
2849,3.1665262133035443,-4.834326454925744,4,Sample 2,Cell type 2
2850,-1.3184524591053826,-5.2643506599365395,2,Sample 1,Cell type 3
2851,1.1928616327525665,-4.669992096942706,4,Sample 2,Cell type 2
2852,-5.657660809462342,-0.9754275732177544,3,Sample 2,Cell type 1
2853,4.5597558769236635,-0.5372986943504413,0,Sample 1,Cell type 1
2854,-3.487479097503937,3.856155611599878,1,Sample 1,Cell type 2
2855,-6.456608222241613,-0.5646187864762915,3,Sample 2,Cell type 1
2856,2.2254352585255663,-5.998760970046199,4,Sample 2,Cell type 2
2857,-4.448668434340531,-0.5469074258291095,3,Sample 2,Cell type 1
2858,4.968355876914676,0.5452005578980995,0,Sample 1,Cell type 1
2859,-2.4727780711422165,-4.2410289374501495,2,Sample 1,Cell type 3
2860,-3.5982875611848533,-4.0489430986404304,2,Sample 1,Cell type 3
2861,-3.8806453830324763,3.7880752970536697,1,Sample 1,Cell type 2
2862,3.230096258032349,-3.992753472519718,4,Sample 2,Cell type 2
2863,-5.264619916818442,-0.4081286509201732,3,Sample 2,Cell type 1
2864,-4.591874024867853,1.0180561303428564,3,Sample 2,Cell type 1
2865,1.6174524950135216,-3.673684216611878,4,Sample 2,Cell type 2
2866,-1.5352043867625493,-3.7082011367105827,2,Sample 1,Cell type 3
2867,5.73465328480185,-1.2564004828985418,0,Sample 1,Cell type 1
2868,2.2593392351741617,3.02827763656434,5,Sample 2,Cell type 3
2869,5.403989823184366,0.6926041553360972,0,Sample 1,Cell type 1
2870,5.919012560297682,-1.3917710230224798,0,Sample 1,Cell type 1
2871,5.223974901055856,-0.9003912378387012,0,Sample 1,Cell type 1
2872,-5.218983401733409,-0.011416282359510192,3,Sample 2,Cell type 1
2873,-5.647504656866204,0.7653625491085274,3,Sample 2,Cell type 1
2874,1.857511332837349,3.744641172189484,5,Sample 2,Cell type 3
2875,1.756858814031416,3.926824080000862,5,Sample 2,Cell type 3
2876,1.8907297079710204,-4.574938182408123,4,Sample 2,Cell type 2
2877,-3.6404512135930323,-0.32143602155330636,3,Sample 2,Cell type 1
2878,-1.398802839984372,-4.079621306911668,2,Sample 1,Cell type 3
2879,2.063930216003524,-2.8767225152621116,4,Sample 2,Cell type 2
2880,4.928211444570219,1.1520937723595783,0,Sample 1,Cell type 1
2881,4.764040257366378,0.9981936581389871,0,Sample 1,Cell type 1
2882,2.790403427844862,2.953265002153817,5,Sample 2,Cell type 3
2883,1.420059489710982,3.9659678950692654,5,Sample 2,Cell type 3
2884,-3.167458436393268,-3.718903193663904,2,Sample 1,Cell type 3
2885,3.1045326709954484,-4.50763763595601,4,Sample 2,Cell type 2
2886,5.2318198855171305,1.6603206389163512,0,Sample 1,Cell type 1
2887,-5.823977819821549,0.036863377306521686,3,Sample 2,Cell type 1
2888,-2.8615594975295044,-4.961597823497931,2,Sample 1,Cell type 3
2889,1.8597316750677573,3.930937214138903,5,Sample 2,Cell type 3
2890,-5.48668061174347,0.4740242458542097,3,Sample 2,Cell type 1
2891,2.5274174513601784,2.985430651531696,5,Sample 2,Cell type 3
2892,-1.8275039787963565,4.767513873483297,1,Sample 1,Cell type 2
2893,-2.3869942879300314,-6.034580202767953,2,Sample 1,Cell type 3
2894,-2.973884764521645,-4.231288862157726,2,Sample 1,Cell type 3
2895,1.798642331504566,4.8584949808034334,5,Sample 2,Cell type 3
2896,2.8379479783211523,3.9571761293652146,5,Sample 2,Cell type 3
2897,-4.160470407262829,-4.3989827731549065,2,Sample 1,Cell type 3
2898,2.6619066964789564,3.08456614955701,5,Sample 2,Cell type 3
2899,-2.9369955586019856,4.643570223244231,1,Sample 1,Cell type 2
2900,-4.234963998326923,1.859738644682255,3,Sample 2,Cell type 1
2901,2.4840652829602154,4.1318229236592625,5,Sample 2,Cell type 3
2902,-0.657088998316171,-5.513682397433971,2,Sample 1,Cell type 3
2903,-1.5638410326427192,-4.222689821123957,2,Sample 1,Cell type 3
2904,-1.8449778849961107,5.560472553652236,1,Sample 1,Cell type 2
2905,4.190316499791866,-1.3238853374926156,0,Sample 1,Cell type 1
2906,-4.583371085301707,4.4892855363593895,1,Sample 1,Cell type 2
2907,4.639947622816605,0.498279945877999,0,Sample 1,Cell type 1
2908,-3.683129255019302,4.476814954745518,1,Sample 1,Cell type 2
2909,2.3267814419710575,-5.081520251467801,4,Sample 2,Cell type 2
2910,4.206886120434954,-1.7227120908829718,0,Sample 1,Cell type 1
2911,-0.674678530768928,-4.824240360469149,2,Sample 1,Cell type 3
2912,-2.300553123486619,-3.4940562396543893,2,Sample 1,Cell type 3
2913,-4.567273185151208,0.700935333752987,3,Sample 2,Cell type 1
2914,-2.9231821664512143,-5.175373133130394,2,Sample 1,Cell type 3
2915,-2.8625987272184097,5.4921010464987905,1,Sample 1,Cell type 2
2916,4.972230584235805,-0.9349424300956257,0,Sample 1,Cell type 1
2917,5.657648127995592,1.517434386123158,0,Sample 1,Cell type 1
2918,-0.880552301370517,3.239587815247945,1,Sample 1,Cell type 2
2919,-3.5341002777218122,-4.755861869423944,2,Sample 1,Cell type 3
2920,6.05391525250746,0.15807968375391973,0,Sample 1,Cell type 1
2921,2.8156639883873718,-4.670731502643468,4,Sample 2,Cell type 2
2922,-4.427412607063328,1.9154895204659614,3,Sample 2,Cell type 1
2923,-2.173114153838588,-4.576373795833299,2,Sample 1,Cell type 3
2924,-1.717747560251042,-6.0146445723944515,2,Sample 1,Cell type 3
2925,5.486317207773231,0.1492872985250865,0,Sample 1,Cell type 1
2926,-3.669013734285221,0.24419450122508296,3,Sample 2,Cell type 1
2927,-5.004448234918456,0.942810151838739,3,Sample 2,Cell type 1
2928,2.6241242742922855,4.011500592088154,5,Sample 2,Cell type 3
2929,-3.120739370639394,-0.5728347490206717,3,Sample 2,Cell type 1
2930,-5.591816931178374,-1.0676884855281854,3,Sample 2,Cell type 1
2931,-3.4294270751298934,-4.556638136317206,2,Sample 1,Cell type 3
2932,5.423843342332226,1.1532548965263203,0,Sample 1,Cell type 1
2933,6.7064266997250135,-1.5616702396180016,0,Sample 1,Cell type 1
2934,3.5816314927794615,6.009653035324201,5,Sample 2,Cell type 3
2935,2.015456000051362,4.304493122377803,5,Sample 2,Cell type 3
2936,3.7123558466817945,-4.024739683752188,4,Sample 2,Cell type 2
2937,4.04992126477639,0.24785656818162202,0,Sample 1,Cell type 1
2938,-2.0046765911958406,5.976123394691553,1,Sample 1,Cell type 2
2939,-2.2415365815071757,4.128244217221163,1,Sample 1,Cell type 2
2940,-4.451528202961267,-0.11331886880810091,3,Sample 2,Cell type 1
2941,2.1948084681407223,-5.386521773646221,4,Sample 2,Cell type 2
2942,-2.320528274577536,-3.6069129751131404,2,Sample 1,Cell type 3
2943,4.761949197312006,1.1005654506492957,0,Sample 1,Cell type 1
2944,-1.7689827028915337,-5.566710848274779,2,Sample 1,Cell type 3
2945,6.02213191663074,-0.47325711106866397,0,Sample 1,Cell type 1
2946,-3.8104232459488157,-5.7592273912059415,2,Sample 1,Cell type 3
2947,5.062908152252873,-1.5985605476256861,0,Sample 1,Cell type 1
2948,0.9465130724964714,-4.333170325858835,4,Sample 2,Cell type 2
2949,3.763550313355884,-4.819534730525863,4,Sample 2,Cell type 2
2950,1.6678410312356178,-3.771074482697814,4,Sample 2,Cell type 2
2951,-2.564479799437411,-4.996571864522799,2,Sample 1,Cell type 3
2952,3.3008834205521547,-0.42060401734460884,0,Sample 1,Cell type 1
2953,2.1434797575760007,-2.687072066852919,4,Sample 2,Cell type 2
2954,-2.7070368501336812,5.609044755325967,1,Sample 1,Cell type 2
2955,5.516300759668118,1.094905246025879,0,Sample 1,Cell type 1
2956,1.5178560284351508,-4.80314942641796,4,Sample 2,Cell type 2
2957,-2.534258705049259,4.37654520676891,1,Sample 1,Cell type 2
2958,2.8170935651738813,4.465925233298722,5,Sample 2,Cell type 3
2959,2.8690176674542656,3.5906411520178922,5,Sample 2,Cell type 3
2960,3.996859585846492,3.649419747691074,5,Sample 2,Cell type 3
2961,-1.9503473633128692,-3.156894331499309,2,Sample 1,Cell type 3
2962,3.225235325687968,-4.272325380331862,4,Sample 2,Cell type 2
2963,3.8965446175883782,-0.5847440319535353,0,Sample 1,Cell type 1
2964,1.9287479056142574,5.272862472973169,5,Sample 2,Cell type 3
2965,-4.39034594843347,3.5223424551542437,1,Sample 1,Cell type 2
2966,2.733103187852757,4.355875088551665,5,Sample 2,Cell type 3
2967,4.866305535746516,0.11737094914665827,0,Sample 1,Cell type 1
2968,4.552862522182729,0.30176950005161673,0,Sample 1,Cell type 1
2969,-1.615279660514155,-4.781285009368786,2,Sample 1,Cell type 3
2970,5.004194959774546,0.03758447501179365,0,Sample 1,Cell type 1
2971,-3.549273841187661,-0.2743030892460507,3,Sample 2,Cell type 1
2972,2.9044462825720028,-3.9811384550813513,4,Sample 2,Cell type 2
2973,2.8882879260425525,3.650843138130014,5,Sample 2,Cell type 3
2974,-4.222674335896995,5.2078491883251505,1,Sample 1,Cell type 2
2975,-4.818652601204322,-0.4492461970644997,3,Sample 2,Cell type 1
2976,2.879706788453434,4.896200476501888,5,Sample 2,Cell type 3
2977,-5.152697775642544,-0.15855654110377532,3,Sample 2,Cell type 1
2978,3.680089891447881,-4.48486912178716,4,Sample 2,Cell type 2
2979,-3.5019147555304944,4.6210325250221675,1,Sample 1,Cell type 2
2980,1.4966712104035174,3.8861136576869053,5,Sample 2,Cell type 3
2981,6.5056195971800275,1.0763360369239823,0,Sample 1,Cell type 1
2982,-2.2310840295790193,-4.512108026884918,2,Sample 1,Cell type 3
2983,3.5822404279173767,-4.703386275884417,4,Sample 2,Cell type 2
2984,2.022484172214419,-5.6697025872847915,4,Sample 2,Cell type 2
2985,-6.856252478584339,0.6261038610532152,3,Sample 2,Cell type 1
2986,-2.8821164660832066,-5.334235316500908,2,Sample 1,Cell type 3
2987,0.7259271365129838,3.3955847566420325,5,Sample 2,Cell type 3
2988,-2.1068564378238426,-3.8743187331632742,2,Sample 1,Cell type 3
2989,-3.0836819758459297,-4.04099316510371,2,Sample 1,Cell type 3
2990,-5.951385972061703,0.8431886169463017,3,Sample 2,Cell type 1
2991,-5.179882444635881,-0.7430336651619663,3,Sample 2,Cell type 1
2992,-2.5265839925155675,4.163633533104162,1,Sample 1,Cell type 2
2993,3.71596160473144,2.6214871399343482,5,Sample 2,Cell type 3
2994,3.308219669468809,-4.365616183331444,4,Sample 2,Cell type 2
2995,3.1881461107161257,4.97833505442246,5,Sample 2,Cell type 3
2996,4.6624220515240635,-4.514656352233962,4,Sample 2,Cell type 2
2997,3.6742803559978485,4.3059165728446045,5,Sample 2,Cell type 3
2998,2.766695881008703,2.33587861940591,5,Sample 2,Cell type 3
2999,-1.7876934691841702,4.790291031807446,1,Sample 1,Cell type 2
3000,-3.9979674151766154,-0.6232155372159879,3,Sample 2,Cell type 1
3001,5.1884916464868525,0.6166921551095735,0,Sample 1,Cell type 1
3002,-1.616898125346996,-3.9499928217258864,2,Sample 1,Cell type 3
3003,3.0082633561729653,4.23599317716791,5,Sample 2,Cell type 3
3004,-5.6771474411671825,0.740537767602178,3,Sample 2,Cell type 1
3005,-2.3721148864020787,3.507986906181427,1,Sample 1,Cell type 2
3006,5.472523864553848,0.8869628644663262,0,Sample 1,Cell type 1
3007,-4.341773775332798,-0.7701208095351804,3,Sample 2,Cell type 1
3008,-6.1102948403646415,0.6110882813067388,3,Sample 2,Cell type 1
3009,4.357060345624215,1.311293444355254,0,Sample 1,Cell type 1
3010,2.7483782033446014,3.428315984878875,5,Sample 2,Cell type 3
3011,2.812292955516297,-4.453251200501946,4,Sample 2,Cell type 2
3012,-2.0306449588197792,3.950204093624174,1,Sample 1,Cell type 2
3013,5.926876463205923,-0.6565458546813684,0,Sample 1,Cell type 1
3014,-1.5991597993822646,4.2890120400514045,1,Sample 1,Cell type 2
3015,-3.3892641996108432,-4.358787481887362,2,Sample 1,Cell type 3
3016,2.860770107821178,-3.5247429619405435,4,Sample 2,Cell type 2
3017,1.647174262697856,4.288893252036072,5,Sample 2,Cell type 3
3018,1.7390525036896314,-4.603584475119104,4,Sample 2,Cell type 2
3019,-3.177480772900294,-3.3304318946848586,2,Sample 1,Cell type 3
3020,-3.5539131937845894,0.4049261243685705,3,Sample 2,Cell type 1
3021,-3.170868638757787,-5.0394717567489575,2,Sample 1,Cell type 3
3022,4.984787033677849,-0.8020234917102471,0,Sample 1,Cell type 1
3023,-6.529053513330004,0.07438339722352834,3,Sample 2,Cell type 1
3024,4.557080555722254,-0.9583023140710788,0,Sample 1,Cell type 1
3025,-2.2344157355447876,4.482526762745446,1,Sample 1,Cell type 2
3026,-4.254052103236266,-0.3320802311706951,3,Sample 2,Cell type 1
3027,5.16233841668104,-1.2125952919977856,0,Sample 1,Cell type 1
3028,1.2456093875517864,3.1361572029173983,5,Sample 2,Cell type 3
3029,2.501581475804645,-3.103828334413146,4,Sample 2,Cell type 2
3030,-2.879071477656732,4.31856520221957,1,Sample 1,Cell type 2
3031,-2.9654256267136456,-5.26923099044937,2,Sample 1,Cell type 3
3032,2.575622054070775,5.774998313191762,5,Sample 2,Cell type 3
3033,2.257691804960802,-3.253247183310789,4,Sample 2,Cell type 2
3034,-4.269489529063605,5.556873979959255,1,Sample 1,Cell type 2
3035,-3.305234052223712,5.24202986782543,1,Sample 1,Cell type 2
3036,-2.8636381749947577,-4.5050496408702205,2,Sample 1,Cell type 3
3037,-2.4429970000712884,-5.364933119085468,2,Sample 1,Cell type 3
3038,-2.7231067153206077,-3.6540006419747346,2,Sample 1,Cell type 3
3039,5.2891164844067315,1.2304292531727754,0,Sample 1,Cell type 1
3040,3.779579863260209,-0.5535264559049956,0,Sample 1,Cell type 1
3041,4.794098770061324,-1.3348672591020716,0,Sample 1,Cell type 1
3042,-2.984688656607114,5.705629343888031,1,Sample 1,Cell type 2
3043,2.6945077241107875,-4.706289689950444,4,Sample 2,Cell type 2
3044,-3.009846197623038,-3.9634176560810044,2,Sample 1,Cell type 3
3045,-1.5254442305965974,-3.4842323746196118,2,Sample 1,Cell type 3
3046,2.4766268753168084,-3.7100349216509265,4,Sample 2,Cell type 2
3047,1.7993260748039082,-4.974766742829559,4,Sample 2,Cell type 2
3048,-2.649715412003638,5.118711015466084,1,Sample 1,Cell type 2
3049,-3.0734578564822432,2.8368977252637455,1,Sample 1,Cell type 2
3050,6.3497133080580515,0.7053118055595604,0,Sample 1,Cell type 1
3051,5.771103293435928,1.768418401273081,0,Sample 1,Cell type 1
3052,-3.0262676430817086,5.013747200575486,1,Sample 1,Cell type 2
3053,-2.4849447602075236,-5.267450496776242,2,Sample 1,Cell type 3
3054,-2.49369585224422,-4.590615860640995,2,Sample 1,Cell type 3
3055,-3.233056735258738,-4.999663581959216,2,Sample 1,Cell type 3
3056,2.4637965584285273,-5.31660806293408,4,Sample 2,Cell type 2
3057,1.7363055184399523,4.744702179278522,5,Sample 2,Cell type 3
3058,-2.4638218328000163,-4.289168697417324,2,Sample 1,Cell type 3
3059,-3.9351139982943146,-5.414485021412023,2,Sample 1,Cell type 3
3060,-3.7137389573373456,-3.7296636849047795,2,Sample 1,Cell type 3
3061,2.2364085598256076,-2.9902392805909432,4,Sample 2,Cell type 2
3062,-2.5801232611839615,4.167188018780621,1,Sample 1,Cell type 2
3063,-4.740433116517987,-1.4430902340498915,3,Sample 2,Cell type 1
3064,-5.876216415074244,-2.5413630505568,3,Sample 2,Cell type 1
3065,2.3494380489817397,-4.41299650164682,4,Sample 2,Cell type 2
3066,-1.5153003894762143,-2.982115595955384,2,Sample 1,Cell type 3
3067,2.756798050948819,5.131915952284533,5,Sample 2,Cell type 3
3068,3.5060952450874847,-4.0052821209797305,4,Sample 2,Cell type 2
3069,0.8741169885612927,3.272882389713352,5,Sample 2,Cell type 3
3070,-3.0401426199795045,4.2145120823497795,1,Sample 1,Cell type 2
3071,1.2149945692784339,4.646093395180839,5,Sample 2,Cell type 3
3072,-3.259133216659872,-2.9322364605897455,2,Sample 1,Cell type 3
3073,1.4354358949352555,-6.072501204677946,4,Sample 2,Cell type 2
3074,-5.636909442549197,-0.7600507979729011,3,Sample 2,Cell type 1
3075,4.6445653919391106,0.3018403944358818,0,Sample 1,Cell type 1
3076,-2.8760337182076006,4.542829602643833,1,Sample 1,Cell type 2
3077,-2.98658120595581,-4.039634516726573,2,Sample 1,Cell type 3
3078,1.9992671858523188,3.5475230684738106,5,Sample 2,Cell type 3
3079,1.4169962602321895,-3.742545622921221,4,Sample 2,Cell type 2
3080,3.1084048956673107,-5.724485043311527,4,Sample 2,Cell type 2
3081,-5.4714657851418895,-0.366910908880867,3,Sample 2,Cell type 1
3082,-2.7504464244185227,4.329560143260877,1,Sample 1,Cell type 2
3083,2.594165934768767,2.992718000259659,5,Sample 2,Cell type 3
3084,4.6686354392324265,4.2791307905190195,5,Sample 2,Cell type 3
3085,-3.825298566142221,-4.749685527932313,2,Sample 1,Cell type 3
3086,-5.599486151538222,-0.17722927806698993,3,Sample 2,Cell type 1
3087,0.21997591254625437,4.7657929395570955,5,Sample 2,Cell type 3
3088,3.817182407706058,-0.5758753667157669,0,Sample 1,Cell type 1
3089,3.1383802036655246,3.886039636579513,5,Sample 2,Cell type 3
3090,4.189735103732461,0.2513978660762191,0,Sample 1,Cell type 1
3091,-4.454910138739756,-0.9229538250718862,3,Sample 2,Cell type 1
3092,-2.6736136403394957,4.083340788157538,1,Sample 1,Cell type 2
3093,2.970461340134266,5.1000031543354485,5,Sample 2,Cell type 3
3094,-2.159325073096139,-3.9955624142118142,2,Sample 1,Cell type 3
3095,-2.6115177605305897,-3.738404497542455,2,Sample 1,Cell type 3
3096,3.3523010178076786,-4.536563431411125,4,Sample 2,Cell type 2
3097,1.8739211220651253,-3.764501131233567,4,Sample 2,Cell type 2
3098,3.5336482674612144,-4.929464400204789,4,Sample 2,Cell type 2
3099,3.030028826718891,3.671842297707447,5,Sample 2,Cell type 3
3100,-5.588160827810597,1.3249666016458372,3,Sample 2,Cell type 1
3101,-5.553880619387035,-0.5272314199109154,3,Sample 2,Cell type 1
3102,1.5351821028735053,3.6213504318039713,5,Sample 2,Cell type 3
3103,2.498104867093754,3.8952415020477504,5,Sample 2,Cell type 3
3104,-3.7860478914951785,3.719947196069222,1,Sample 1,Cell type 2
3105,-1.7676877795518728,-4.76975923859862,2,Sample 1,Cell type 3
3106,0.32990994895164594,-4.449691573454187,4,Sample 2,Cell type 2
3107,-4.694952310188173,0.2493222848038233,3,Sample 2,Cell type 1
3108,5.49133336003474,0.6060061680378441,0,Sample 1,Cell type 1
3109,-2.698952900946837,5.616003479738188,1,Sample 1,Cell type 2
3110,2.0407339383301806,-4.555027406832664,4,Sample 2,Cell type 2
3111,-0.7741534293875962,3.8455550805195227,1,Sample 1,Cell type 2
3112,-1.9963763326225537,-4.973579626650186,2,Sample 1,Cell type 3
3113,1.7480257366799432,-3.9488061862817494,4,Sample 2,Cell type 2
3114,2.6117213393727177,4.382146723873217,5,Sample 2,Cell type 3
3115,-4.563370629174115,-1.7372571238083574,3,Sample 2,Cell type 1
3116,-1.877311139066689,3.889178445859367,1,Sample 1,Cell type 2
3117,-3.271007140968488,3.5644062870061592,1,Sample 1,Cell type 2
3118,-1.4396543127239394,-5.455579026520223,2,Sample 1,Cell type 3
3119,-2.1860672262569856,3.9229561183561947,1,Sample 1,Cell type 2
3120,2.100102055671319,4.764552842353915,5,Sample 2,Cell type 3
3121,2.6883646360888918,1.3794347857794373,5,Sample 2,Cell type 3
3122,-2.8716938378387136,4.491054743620465,1,Sample 1,Cell type 2
3123,5.886546253390013,-0.8319247417004247,0,Sample 1,Cell type 1
3124,-3.0876732614384386,3.681925069310689,1,Sample 1,Cell type 2
3125,-4.241652037154286,-4.18734568781388,2,Sample 1,Cell type 3
3126,3.648456794530899,2.867402314248622,5,Sample 2,Cell type 3
3127,2.199674042812831,4.29106315017523,5,Sample 2,Cell type 3
3128,2.134641907981403,4.601321829969729,5,Sample 2,Cell type 3
3129,-5.533478973561251,0.15833333387366103,3,Sample 2,Cell type 1
3130,-2.3381369628617605,-3.0246414996509046,2,Sample 1,Cell type 3
3131,-4.826653504828571,-0.24268005398170678,3,Sample 2,Cell type 1
3132,-2.767820265685232,4.007208248328596,1,Sample 1,Cell type 2
3133,2.8686377948927744,3.1122595642967976,5,Sample 2,Cell type 3
3134,-2.368191327010786,4.370837180407008,1,Sample 1,Cell type 2
3135,-1.9363947681402207,4.961372368822609,1,Sample 1,Cell type 2
3136,-0.7679551457547202,-3.377688143447315,2,Sample 1,Cell type 3
3137,-1.4586069684809606,5.579335976303676,1,Sample 1,Cell type 2
3138,1.3118510698400547,2.690547430386448,5,Sample 2,Cell type 3
3139,-2.4651882650852293,-3.8836154073073867,2,Sample 1,Cell type 3
3140,3.4099048781031316,4.6497025170039405,5,Sample 2,Cell type 3
3141,-3.2744366068081985,-4.578373183230115,2,Sample 1,Cell type 3
3142,2.759806591626834,4.7945811685506845,5,Sample 2,Cell type 3
3143,2.7699856597811157,-4.540773264424528,4,Sample 2,Cell type 2
3144,5.286229888278626,0.44862762109458754,0,Sample 1,Cell type 1
3145,-5.046326199901527,-0.5880934405796697,3,Sample 2,Cell type 1
3146,-2.872829201494593,3.054364565108757,1,Sample 1,Cell type 2
3147,-5.156558824917521,0.8480717919269332,3,Sample 2,Cell type 1
3148,-2.566750375832288,3.1704108431633697,1,Sample 1,Cell type 2
3149,1.7911678024172946,-4.596190522802095,4,Sample 2,Cell type 2
3150,1.5140550086687963,-3.56815744249326,4,Sample 2,Cell type 2
3151,-5.479857618655879,-1.2470295960190727,3,Sample 2,Cell type 1
3152,-2.8181437548916852,-5.27735146550024,2,Sample 1,Cell type 3
3153,-2.6465203768426377,-4.615465526266089,2,Sample 1,Cell type 3
3154,-3.0538002634127195,-5.905265532855059,2,Sample 1,Cell type 3
3155,-6.265942379218912,0.6534696091447857,3,Sample 2,Cell type 1
3156,-3.2886430469342636,-4.55745109726523,2,Sample 1,Cell type 3
3157,2.0950487511317313,4.186515359024209,5,Sample 2,Cell type 3
3158,-2.7397413184054287,4.289963325288798,1,Sample 1,Cell type 2
3159,4.151376107881929,4.456602919615641,5,Sample 2,Cell type 3
3160,-2.1142008378554733,3.339997081060355,1,Sample 1,Cell type 2
3161,-1.286884755797144,-3.848432362608205,2,Sample 1,Cell type 3
3162,3.69796604969347,0.0384679573291056,0,Sample 1,Cell type 1
3163,2.189699374510021,-3.2852692558248924,4,Sample 2,Cell type 2
3164,5.060643646554981,-0.5417293692096894,0,Sample 1,Cell type 1
3165,0.7776691873939878,4.30549781699146,5,Sample 2,Cell type 3
3166,-2.849411389790573,3.04486533833125,1,Sample 1,Cell type 2
3167,2.893156408715518,-4.513391843659563,4,Sample 2,Cell type 2
3168,5.568767974562793,0.3554106491888318,0,Sample 1,Cell type 1
3169,3.07533493308435,5.785944448772271,5,Sample 2,Cell type 3
3170,-3.9193181354407955,-0.5229433125099345,3,Sample 2,Cell type 1
3171,-2.5792754401930176,-4.812383543549361,2,Sample 1,Cell type 3
3172,1.9794747029310444,4.068808968371304,5,Sample 2,Cell type 3
3173,-2.0475922834947635,2.9215168115975394,1,Sample 1,Cell type 2
3174,3.6491436156470938,3.766993958589757,5,Sample 2,Cell type 3
3175,-0.511848066656889,-4.118306770139808,2,Sample 1,Cell type 3
3176,4.14328600155111,0.38597793219454823,0,Sample 1,Cell type 1
3177,-4.21089879527525,-0.5695785818071376,3,Sample 2,Cell type 1
3178,-1.7948739768611452,-3.7532187288857264,2,Sample 1,Cell type 3
3179,-3.6166313617539902,-3.8570476255154715,2,Sample 1,Cell type 3
3180,-2.1681075997104737,-3.959496194827707,2,Sample 1,Cell type 3
3181,3.2713247073375795,-4.574482780875541,4,Sample 2,Cell type 2
3182,-1.929830376910937,-5.836647185369059,2,Sample 1,Cell type 3
3183,-2.521124605567141,4.554255945977879,1,Sample 1,Cell type 2
3184,-4.169621614881658,-4.797821203447952,2,Sample 1,Cell type 3
3185,-5.543384522554364,-2.3314047918535525,3,Sample 2,Cell type 1
3186,6.92273246819062,-0.04609503762686831,0,Sample 1,Cell type 1
3187,1.6641309488775433,5.757265095083608,5,Sample 2,Cell type 3
3188,3.3957502228427012,-4.103684489115272,4,Sample 2,Cell type 2
3189,-1.6711298791629974,-5.46850695913153,2,Sample 1,Cell type 3
3190,4.35320511768545,-0.40140563486762926,0,Sample 1,Cell type 1
3191,4.114932020795178,-0.9569652992645367,0,Sample 1,Cell type 1
3192,-4.162249455884959,-4.586365262551506,2,Sample 1,Cell type 3
3193,3.2424724887928655,2.91374210870133,5,Sample 2,Cell type 3
3194,1.318989964798577,5.774586565071645,5,Sample 2,Cell type 3
3195,-2.758143871073708,4.1294606057581555,1,Sample 1,Cell type 2
3196,-3.2760994083037174,-4.648173231315569,2,Sample 1,Cell type 3
3197,4.198703992084067,-0.22488023430876392,0,Sample 1,Cell type 1
3198,-2.347660888059956,-3.9707520418941646,2,Sample 1,Cell type 3
3199,-3.443495297306096,-4.192323509793362,2,Sample 1,Cell type 3
3200,2.4907879295386843,5.1546548655154405,5,Sample 2,Cell type 3
3201,2.3196052613322915,4.566536372194464,5,Sample 2,Cell type 3
3202,-3.334062155736463,-5.267914021671504,2,Sample 1,Cell type 3
3203,5.014734703351642,1.3411498498202263,0,Sample 1,Cell type 1
3204,-2.2529335899208283,5.691898974630384,1,Sample 1,Cell type 2
3205,-5.95837314337381,0.7096638211570303,3,Sample 2,Cell type 1
3206,1.2416085943417117,3.4880892654261046,5,Sample 2,Cell type 3
3207,-0.7527226132956373,-3.873721252238579,2,Sample 1,Cell type 3
3208,-2.792257241049686,4.47787126361412,1,Sample 1,Cell type 2
3209,-4.6980038741801895,-4.729911159843496,2,Sample 1,Cell type 3
3210,2.7768938630381785,4.723738443375711,5,Sample 2,Cell type 3
3211,5.785412389593276,-0.25986510680689795,0,Sample 1,Cell type 1
3212,-5.013288273860727,-0.0846550059981577,3,Sample 2,Cell type 1
3213,-2.5827449794322295,-5.321369180943506,2,Sample 1,Cell type 3
3214,2.9273662898997364,-4.911520542827811,4,Sample 2,Cell type 2
3215,-4.054745826864683,1.8749232422501005,3,Sample 2,Cell type 1
3216,-2.5155356847101853,4.087583192654773,1,Sample 1,Cell type 2
3217,2.688978917011387,3.5788025631056475,5,Sample 2,Cell type 3
3218,3.6698036832277836,4.097763885939962,5,Sample 2,Cell type 3
3219,-1.4890346578762672,-5.0071798008947805,2,Sample 1,Cell type 3
3220,-1.7646168523398362,3.7956117504909983,1,Sample 1,Cell type 2
3221,3.2805707021353965,-4.329522612958519,4,Sample 2,Cell type 2
3222,-5.18504075434376,-0.4611356610678745,3,Sample 2,Cell type 1
3223,2.5094901433446277,3.5454966121913456,5,Sample 2,Cell type 3
3224,2.9299296022563013,-3.8162860309132545,4,Sample 2,Cell type 2
3225,-2.365076262426617,4.683679538577721,1,Sample 1,Cell type 2
3226,2.317824308131394,-3.7577325415066074,4,Sample 2,Cell type 2
3227,2.0343509327255904,4.649362331439414,5,Sample 2,Cell type 3
3228,-6.2657785333971825,0.040182159332544966,3,Sample 2,Cell type 1
3229,-3.8519300806222114,-0.27784183116627376,3,Sample 2,Cell type 1
3230,-2.955866342591009,-4.066520030463785,2,Sample 1,Cell type 3
3231,5.305548361785243,0.3440333177528557,0,Sample 1,Cell type 1
3232,-4.392388090011114,-0.23340690580682913,3,Sample 2,Cell type 1
3233,4.792169618468771,3.608532899367635,5,Sample 2,Cell type 3
3234,-2.3613266685036725,4.525289577248994,1,Sample 1,Cell type 2
3235,-2.683839704460154,3.649001871513943,1,Sample 1,Cell type 2
3236,5.077662039478432,0.7749159924263114,0,Sample 1,Cell type 1
3237,-1.523342960949564,-5.031546043891668,2,Sample 1,Cell type 3
3238,-3.4454993003366434,-3.9705478886563466,2,Sample 1,Cell type 3
3239,4.500984831443356,1.531225083093429,0,Sample 1,Cell type 1
3240,1.8863460356797561,-4.813197656916745,4,Sample 2,Cell type 2
3241,-3.0574174547436623,-3.8645057652544104,2,Sample 1,Cell type 3
3242,-0.9817863866032206,-5.088441192737381,2,Sample 1,Cell type 3
3243,-5.2681952654944215,-1.0728517706412544,3,Sample 2,Cell type 1
3244,-5.420504747188308,0.025925610672109585,3,Sample 2,Cell type 1
3245,2.7690223113980506,3.740503530000035,5,Sample 2,Cell type 3
3246,-3.8231722473463168,-0.5595961761341139,3,Sample 2,Cell type 1
3247,-2.7351735581313448,4.27284761743574,1,Sample 1,Cell type 2
3248,-5.136308612310557,-0.6502588722692513,3,Sample 2,Cell type 1
3249,-2.4318324402928813,-6.723035795642771,2,Sample 1,Cell type 3
3250,-5.160511439060345,0.29400832843248237,3,Sample 2,Cell type 1
3251,-1.9457153953457529,-3.7424169825547278,2,Sample 1,Cell type 3
3252,-1.8116212093122028,3.863665068067043,1,Sample 1,Cell type 2
3253,-4.832372615789764,-0.8733001377272814,3,Sample 2,Cell type 1
3254,3.0625140337759995,-3.9035611646027455,4,Sample 2,Cell type 2
3255,-1.4114731233290783,3.283070699626904,1,Sample 1,Cell type 2
3256,1.785003184733025,-4.640498994048158,4,Sample 2,Cell type 2
3257,-5.007430849254253,0.24558485814899084,3,Sample 2,Cell type 1
3258,-4.3680642222553185,0.7756552206023262,3,Sample 2,Cell type 1
3259,-2.0831020572965286,4.84629948768224,1,Sample 1,Cell type 2
3260,-4.642084850344819,-0.40098728623216956,3,Sample 2,Cell type 1
3261,2.6163417739246038,-4.893095338387342,4,Sample 2,Cell type 2
3262,-2.1909413457507543,-4.493703995711089,2,Sample 1,Cell type 3
3263,-2.5967585188862246,4.665752974047816,1,Sample 1,Cell type 2
3264,-2.1063849216057595,3.9092991447881293,1,Sample 1,Cell type 2
3265,1.976184179500841,3.921640219484129,5,Sample 2,Cell type 3
3266,-2.9287707560912377,4.97657325754711,1,Sample 1,Cell type 2
3267,-2.8944982579198166,5.485032621697245,1,Sample 1,Cell type 2
3268,0.5517501345736857,-3.782796452035032,4,Sample 2,Cell type 2
3269,-2.646317152883871,5.430028154240741,1,Sample 1,Cell type 2
3270,2.416025833949097,-3.8398944256555634,4,Sample 2,Cell type 2
3271,2.691886196679434,-3.9410790242420184,4,Sample 2,Cell type 2
3272,-5.411826139931794,0.19482416334907632,3,Sample 2,Cell type 1
3273,-2.2179960253144984,-4.786408112053136,2,Sample 1,Cell type 3
3274,-3.4044922679500234,-3.831958039801977,2,Sample 1,Cell type 3
3275,-1.8854342266946125,-4.157809814557162,2,Sample 1,Cell type 3
3276,4.963531186915602,0.19467155945815348,0,Sample 1,Cell type 1
3277,-2.919653611013643,-3.248364875828476,2,Sample 1,Cell type 3
3278,-2.5788705058274086,4.345206717278072,1,Sample 1,Cell type 2
3279,1.3741652452060784,3.2916438959724665,5,Sample 2,Cell type 3
3280,-4.93239588344571,0.6383956396897897,3,Sample 2,Cell type 1
3281,2.7706859535487642,-5.1241894243052535,4,Sample 2,Cell type 2
3282,-2.1371930299564283,-5.115962246325935,2,Sample 1,Cell type 3
3283,4.111539323627337,1.4018163547388982,0,Sample 1,Cell type 1
3284,-4.2519373639828455,-3.3744532425112075,2,Sample 1,Cell type 3
3285,1.4827611832861733,3.407659553530367,5,Sample 2,Cell type 3
3286,4.018309834126965,4.2390769881911865,5,Sample 2,Cell type 3
3287,-3.13022700152659,3.8334489403213006,1,Sample 1,Cell type 2
3288,-4.608598191213501,4.332827424199922,1,Sample 1,Cell type 2
3289,-2.522011924040508,5.747928296257989,1,Sample 1,Cell type 2
3290,3.1991918008055062,4.392878415789129,5,Sample 2,Cell type 3
3291,-5.060697160548019,-1.3477340617811089,3,Sample 2,Cell type 1
3292,1.9032462988195153,-4.859360172934429,4,Sample 2,Cell type 2
3293,-5.98890863682437,1.0034706886058724,3,Sample 2,Cell type 1
3294,-3.270186052227692,-4.495416042679029,2,Sample 1,Cell type 3
3295,2.8129674617899116,-3.8647016024195056,4,Sample 2,Cell type 2
3296,2.2802850005069626,3.964352187466836,5,Sample 2,Cell type 3
3297,-2.83077212889862,4.538351424188503,1,Sample 1,Cell type 2
3298,-4.997481818474939,0.9839922947509472,3,Sample 2,Cell type 1
3299,-2.9981194893875607,4.4858129831119875,1,Sample 1,Cell type 2
3300,-3.897224298030796,0.09265966978155749,3,Sample 2,Cell type 1
3301,1.6598507701106648,3.552288423134325,5,Sample 2,Cell type 3
3302,-5.083474234389514,0.31464564000425954,3,Sample 2,Cell type 1
3303,1.314735382758902,-5.401702838888401,4,Sample 2,Cell type 2
3304,2.451121993595302,-4.929166855738238,4,Sample 2,Cell type 2
3305,-1.7991625659761667,-3.151990478321406,2,Sample 1,Cell type 3
3306,2.302931775056118,-6.171304393058185,4,Sample 2,Cell type 2
3307,-2.1507521566738648,5.053274891791149,1,Sample 1,Cell type 2
3308,5.258174848270472,-0.6617847548418584,0,Sample 1,Cell type 1
3309,3.0152990142800835,-4.26453596786242,4,Sample 2,Cell type 2
3310,-2.4371383762246825,-6.033114294454042,2,Sample 1,Cell type 3
3311,-2.5268900517629724,-3.9663342892092843,2,Sample 1,Cell type 3
3312,2.3652642303768956,4.813043610090784,5,Sample 2,Cell type 3
3313,-4.856068504362867,0.6702644281835852,3,Sample 2,Cell type 1
3314,2.5849463355521736,3.819880064634244,5,Sample 2,Cell type 3
3315,3.083818349627357,3.5853256496162396,5,Sample 2,Cell type 3
3316,-1.847599182044592,-4.36859782478681,2,Sample 1,Cell type 3
3317,2.942324182879582,-5.07940062391711,4,Sample 2,Cell type 2
3318,-4.91560972465666,4.4772066547251494,1,Sample 1,Cell type 2
3319,5.054022563750339,-1.1397985489707654,0,Sample 1,Cell type 1
3320,-2.0423540466286836,4.280374205322745,1,Sample 1,Cell type 2
3321,-1.2062299400251,4.413611768940764,1,Sample 1,Cell type 2
3322,3.11311078125792,3.999011065102307,5,Sample 2,Cell type 3
3323,4.333529013454945,-2.8361574155931146,4,Sample 2,Cell type 2
3324,-3.6487276190948243,-5.382779672064197,2,Sample 1,Cell type 3
3325,4.803689507197704,-0.6029889314859918,0,Sample 1,Cell type 1
3326,-2.553742632039483,3.757519027633592,1,Sample 1,Cell type 2
3327,1.9514600659278922,-3.6738883193150236,4,Sample 2,Cell type 2
3328,3.115225324353821,3.908215769610497,5,Sample 2,Cell type 3
3329,4.458462399755233,0.48934103107269433,0,Sample 1,Cell type 1
3330,-2.097772458483847,-2.893038360580621,2,Sample 1,Cell type 3
3331,-2.3880902137287,-3.5332324469932885,2,Sample 1,Cell type 3
3332,2.569613184313906,-5.159041876502353,4,Sample 2,Cell type 2
3333,2.260943928776633,-4.616722521248202,4,Sample 2,Cell type 2
3334,-2.358846755778219,4.036504747655536,1,Sample 1,Cell type 2
3335,0.9261399486192008,-4.347122842343189,4,Sample 2,Cell type 2
3336,2.500887955749831,-5.565674097520791,4,Sample 2,Cell type 2
3337,-1.2772252588699737,4.736395623953893,1,Sample 1,Cell type 2
3338,4.779958642278685,-1.841536931788468,0,Sample 1,Cell type 1
3339,2.667082834027466,4.376697200590238,5,Sample 2,Cell type 3
3340,-2.087764542700428,-4.997552466949892,2,Sample 1,Cell type 3
3341,-1.7796811292839512,-3.969146763467385,2,Sample 1,Cell type 3
3342,-2.351859570536071,-3.989771127574854,2,Sample 1,Cell type 3
3343,-2.723170344265446,4.1063188841255265,1,Sample 1,Cell type 2
3344,4.046687798171487,4.535527657851623,5,Sample 2,Cell type 3
3345,-1.8029621620342038,3.253343274724795,1,Sample 1,Cell type 2
3346,2.543241330276801,4.430565888243112,5,Sample 2,Cell type 3
3347,5.686127698561616,-0.1279508239707417,0,Sample 1,Cell type 1
3348,1.0646465067604514,5.19664318905078,5,Sample 2,Cell type 3
3349,-3.0893024057036493,0.947405316156939,3,Sample 2,Cell type 1
3350,1.2889355990041174,4.834827501799118,5,Sample 2,Cell type 3
3351,-4.325515734141408,0.9302708620279894,3,Sample 2,Cell type 1
3352,3.2737424979511562,-3.9349451131576796,4,Sample 2,Cell type 2
3353,2.3716644944197185,-2.3294066205747703,4,Sample 2,Cell type 2
3354,3.040109645125537,2.9573004202736417,5,Sample 2,Cell type 3
3355,-1.7172623103775742,-3.9124129821750433,2,Sample 1,Cell type 3
3356,4.3702621963106365,-5.018732460283651,4,Sample 2,Cell type 2
3357,2.829252575331426,3.577004483720573,5,Sample 2,Cell type 3
3358,-5.188733223449699,-0.32550819560349914,3,Sample 2,Cell type 1
3359,-3.14868600896827,3.3240647317905005,1,Sample 1,Cell type 2
3360,-4.261193107162105,-0.8404986574622403,3,Sample 2,Cell type 1
3361,-2.924971435686081,-3.94302569797176,2,Sample 1,Cell type 3
3362,-3.995793359756339,-4.640943639068599,2,Sample 1,Cell type 3
3363,-3.1241593032939723,-3.2656670956909597,2,Sample 1,Cell type 3
3364,-2.0733126042356425,-3.658552215307468,2,Sample 1,Cell type 3
3365,-2.429274490966521,5.512151083766403,1,Sample 1,Cell type 2
3366,2.0545769817253072,4.35623808827489,5,Sample 2,Cell type 3
3367,-5.015898908294649,-0.08581181264875279,3,Sample 2,Cell type 1
3368,5.656385744957891,0.4058192248858382,0,Sample 1,Cell type 1
3369,2.6979844381120843,4.322395481871515,5,Sample 2,Cell type 3
3370,4.609915020742005,-0.34604655025569675,0,Sample 1,Cell type 1
3371,-2.8291412856928044,-3.407006431517594,2,Sample 1,Cell type 3
3372,1.393327378422708,-3.6087440612099764,4,Sample 2,Cell type 2
3373,-5.276131764359837,0.3914036280610627,3,Sample 2,Cell type 1
3374,-3.4617196208608734,-4.646671588327203,2,Sample 1,Cell type 3
3375,1.1022226664277919,-4.254430183186709,4,Sample 2,Cell type 2
3376,2.705802736889198,-4.605708785924158,4,Sample 2,Cell type 2
3377,1.3179100744644405,-4.124046333003692,4,Sample 2,Cell type 2
3378,-3.858155708568627,-0.33554780212683993,3,Sample 2,Cell type 1
3379,3.4791590025168,-4.488223393158968,4,Sample 2,Cell type 2
3380,-4.529715289489812,0.4957910277622956,3,Sample 2,Cell type 1
3381,2.2784885153849577,3.792750387515731,5,Sample 2,Cell type 3
3382,-4.122159849965033,-1.2525184252844765,3,Sample 2,Cell type 1
3383,4.848324965110775,3.507788006913602,5,Sample 2,Cell type 3
3384,-1.8212552942357714,2.5326155517345095,1,Sample 1,Cell type 2
3385,3.2711255472606866,-4.346206020337917,4,Sample 2,Cell type 2
3386,-5.486117076298778,-0.10984877263110308,3,Sample 2,Cell type 1
3387,5.490219124050055,-0.842732450538925,0,Sample 1,Cell type 1
3388,-6.266870711830064,0.33039912971023866,3,Sample 2,Cell type 1
3389,1.6709526021009802,-4.492895931786439,4,Sample 2,Cell type 2
3390,2.3784260941471653,-3.4820119639851796,4,Sample 2,Cell type 2
3391,-4.319936534065957,0.33414460179152117,3,Sample 2,Cell type 1
3392,3.076797562324505,-4.766276014703253,4,Sample 2,Cell type 2
3393,-1.9760195326226504,-3.681488102448824,2,Sample 1,Cell type 3
3394,4.086906921948816,4.339631366536426,5,Sample 2,Cell type 3
3395,4.373397366131011,-0.25764921296454046,0,Sample 1,Cell type 1
3396,-0.906757358236215,-4.9957760628020775,2,Sample 1,Cell type 3
3397,-5.290493328924454,-1.6059654885960073,3,Sample 2,Cell type 1
3398,-2.6486766017542003,-4.082127832389748,2,Sample 1,Cell type 3
3399,5.526835418138265,1.6081636310130798,0,Sample 1,Cell type 1
3400,-4.432517988435746,0.015566604415107108,3,Sample 2,Cell type 1
3401,-4.883330823827693,0.4682395492130711,3,Sample 2,Cell type 1
3402,-1.5231730435797166,4.795805181697086,1,Sample 1,Cell type 2
3403,-1.572740748035284,-4.59913080986705,2,Sample 1,Cell type 3
3404,-5.041218342819717,0.40247229489899805,3,Sample 2,Cell type 1
3405,-3.1620721765189748,4.399042125359293,1,Sample 1,Cell type 2
3406,2.267646814391081,4.685443155791999,5,Sample 2,Cell type 3
3407,-5.092179386041758,-0.30795431072806434,3,Sample 2,Cell type 1
3408,0.942126020687345,-3.547360774388955,4,Sample 2,Cell type 2
3409,1.8169415299964986,3.8155803453005683,5,Sample 2,Cell type 3
3410,-1.8214606298666647,3.3441083671073866,1,Sample 1,Cell type 2
3411,2.979197073347412,5.01280620079431,5,Sample 2,Cell type 3
3412,4.743722153444544,0.33933275712153316,0,Sample 1,Cell type 1
3413,4.093629308767447,5.797244255741694,5,Sample 2,Cell type 3
3414,5.078140878839065,-0.6184078270843733,0,Sample 1,Cell type 1
3415,5.695684736084528,1.0845102870439607,0,Sample 1,Cell type 1
3416,1.7022173700489796,3.4828973213125147,5,Sample 2,Cell type 3
3417,-1.096053542682209,-4.315405714295442,2,Sample 1,Cell type 3
3418,5.510984177623348,-0.9144039301843869,0,Sample 1,Cell type 1
3419,2.0268842161295626,5.574285846240066,5,Sample 2,Cell type 3
3420,-1.3773040238998464,4.888449636953416,1,Sample 1,Cell type 2
3421,5.617358968518676,-2.2788340965040605,0,Sample 1,Cell type 1
3422,1.2795426335511333,3.4067963110985597,5,Sample 2,Cell type 3
3423,1.6081422501180649,-3.3725982599131137,4,Sample 2,Cell type 2
3424,-1.74035669164694,3.1422086441622707,1,Sample 1,Cell type 2
3425,-3.6346925863464246,2.9214799693375726,1,Sample 1,Cell type 2
3426,-2.9033438648061365,4.264908880440877,1,Sample 1,Cell type 2
3427,-2.426598012441304,-4.12833470178085,2,Sample 1,Cell type 3
3428,-3.2162770578904185,4.003646347594017,1,Sample 1,Cell type 2
3429,5.2570857723602185,0.33753660338822783,0,Sample 1,Cell type 1
3430,-6.424926731572507,-1.7843744152995666,3,Sample 2,Cell type 1
3431,3.3297451245192367,-5.058516381747412,4,Sample 2,Cell type 2
3432,2.7464079217738693,-5.372402829741992,4,Sample 2,Cell type 2
3433,3.659056086670169,-4.582192561249334,4,Sample 2,Cell type 2
3434,-2.128504109162743,-4.770568564288982,2,Sample 1,Cell type 3
3435,6.268813452916282,-0.9902523990614793,0,Sample 1,Cell type 1
3436,-1.456527805697477,3.000133428493654,1,Sample 1,Cell type 2
3437,-4.080390216973712,-3.7292474553163437,2,Sample 1,Cell type 3
3438,4.328222526255379,-0.47951411635521773,0,Sample 1,Cell type 1
3439,2.582286862345864,-4.210653490074291,4,Sample 2,Cell type 2
3440,1.7837165010726364,-3.479844064495622,4,Sample 2,Cell type 2
3441,-2.7464274273485922,4.953855444737665,1,Sample 1,Cell type 2
3442,-2.563713112996571,4.692024455921981,1,Sample 1,Cell type 2
3443,3.9119310444406175,6.5638941132501625,5,Sample 2,Cell type 3
3444,-2.4528126227283242,-3.9726290182800335,2,Sample 1,Cell type 3
3445,-1.9199233705216012,4.74306964861416,1,Sample 1,Cell type 2
3446,-2.152183948354489,-3.949782472900893,2,Sample 1,Cell type 3
3447,3.2488449343488135,4.951676381267406,5,Sample 2,Cell type 3
3448,-2.7681102249371636,-4.056256751330495,2,Sample 1,Cell type 3
3449,4.381739828369943,-0.1894548853920071,0,Sample 1,Cell type 1
3450,-5.896994992075514,0.7435279878326531,3,Sample 2,Cell type 1
3451,-3.1911063684718153,-3.306555073595991,2,Sample 1,Cell type 3
3452,2.3715523123985625,3.8858981368413636,5,Sample 2,Cell type 3
3453,-5.612896664488536,-0.9024500438461545,3,Sample 2,Cell type 1
3454,2.587657264062283,-4.663277765520616,4,Sample 2,Cell type 2
3455,-4.73851567951165,-1.1114389841687915,3,Sample 2,Cell type 1
3456,-4.600723347089801,-1.3538166653146624,3,Sample 2,Cell type 1
3457,1.4432973156981423,-3.713005582999182,4,Sample 2,Cell type 2
3458,-2.872248365424042,4.245368335478885,1,Sample 1,Cell type 2
3459,-2.7712978234160333,-4.034078126707028,2,Sample 1,Cell type 3
3460,-1.6985401170544523,-4.728183689630358,2,Sample 1,Cell type 3
3461,-2.9466414031568235,3.4500036325448376,1,Sample 1,Cell type 2
3462,1.631401831374761,4.353963951019332,5,Sample 2,Cell type 3
3463,3.9756565180029737,1.403835345587492,0,Sample 1,Cell type 1
3464,-2.4694096040319766,3.171253887215358,1,Sample 1,Cell type 2
3465,-5.3661065994700925,0.14855086433499176,3,Sample 2,Cell type 1
3466,-1.2355674507453003,3.5180516654598986,1,Sample 1,Cell type 2
3467,-0.14072445975301884,5.325870683511623,1,Sample 1,Cell type 2
3468,4.91101915092104,-0.7231261131718318,0,Sample 1,Cell type 1
3469,-3.6121775401227723,-4.203917867487176,2,Sample 1,Cell type 3
3470,-2.4018637472041626,5.629869785697842,1,Sample 1,Cell type 2
3471,-2.949734421262641,4.162749519926572,1,Sample 1,Cell type 2
3472,-2.1070338676704052,-4.6165505227197805,2,Sample 1,Cell type 3
3473,-4.5301900692286585,-0.1645022829145975,3,Sample 2,Cell type 1
3474,-3.2113926625826617,-3.5658865723319897,2,Sample 1,Cell type 3
3475,1.9339581717647154,3.8990947752608243,5,Sample 2,Cell type 3
3476,-2.244380263373638,-3.007233204128364,2,Sample 1,Cell type 3
3477,2.1177281194369675,4.294441793175792,5,Sample 2,Cell type 3
3478,-2.624718542349333,3.891497181729713,1,Sample 1,Cell type 2
3479,-1.7691322990133995,3.6875838583779177,1,Sample 1,Cell type 2
3480,4.261611139727689,-4.61500065781744,4,Sample 2,Cell type 2
3481,-1.9531445414396171,3.237362449961766,1,Sample 1,Cell type 2
3482,2.229697779620955,4.331912316652114,5,Sample 2,Cell type 3
3483,1.9389683433667604,3.629475159205158,5,Sample 2,Cell type 3
3484,1.0015953352555038,5.965712264682148,5,Sample 2,Cell type 3
3485,-2.6583501831877476,-2.67580194839135,2,Sample 1,Cell type 3
3486,-6.25670516570073,1.0844583485682793,3,Sample 2,Cell type 1
3487,-4.88032163398497,0.07826173976633875,3,Sample 2,Cell type 1
3488,0.9762602452276254,-3.1745972628781254,4,Sample 2,Cell type 2
3489,3.1634590180662863,-4.835448238533111,4,Sample 2,Cell type 2
3490,-1.9436780203597632,-5.242933826724382,2,Sample 1,Cell type 3
3491,4.543056808173763,0.4580662250849269,0,Sample 1,Cell type 1
3492,1.6635764114607539,-4.351135653538077,4,Sample 2,Cell type 2
3493,-2.515408303787515,4.1198143555555795,1,Sample 1,Cell type 2
3494,-2.3069424520665773,-5.2509382858177975,2,Sample 1,Cell type 3
3495,2.3968980970489975,3.922851974672937,5,Sample 2,Cell type 3
3496,-2.7650467065466575,3.840337631315993,1,Sample 1,Cell type 2
3497,2.4014908517181826,-3.8480628045395227,4,Sample 2,Cell type 2
3498,-6.477258438243534,-0.34292362153322603,3,Sample 2,Cell type 1
3499,1.8393337814095623,5.807243755401592,5,Sample 2,Cell type 3
3500,-5.486404914349859,-0.8115837813659306,3,Sample 2,Cell type 1
3501,-5.478750064464838,-0.7732703127882515,3,Sample 2,Cell type 1
3502,-1.8652090235582288,2.931301440331649,1,Sample 1,Cell type 2
3503,3.5524066327520796,-4.161729979784993,4,Sample 2,Cell type 2
3504,2.138957708525069,3.5157978265404655,5,Sample 2,Cell type 3
3505,2.281724362927892,-3.5539869528679082,4,Sample 2,Cell type 2
3506,-4.0274848700058365,-3.2754851590400564,2,Sample 1,Cell type 3
3507,-2.329442697409848,3.728551553531138,1,Sample 1,Cell type 2
3508,-5.820694484775581,0.049865079695298985,3,Sample 2,Cell type 1
3509,2.2387713179723434,3.39338710387623,5,Sample 2,Cell type 3
3510,-4.437247893488885,1.7239429419065144,3,Sample 2,Cell type 1
3511,-2.6911456793357544,4.036667489470443,1,Sample 1,Cell type 2
3512,-5.004763767370184,0.6272022234485991,3,Sample 2,Cell type 1
3513,2.6285199522824936,4.859937404649888,5,Sample 2,Cell type 3
3514,2.089972711482756,-4.971349091005829,4,Sample 2,Cell type 2
3515,4.7593763411161625,4.046761908115162,5,Sample 2,Cell type 3
3516,-2.521217007399247,3.6246272979400196,1,Sample 1,Cell type 2
3517,4.4252446229980515,-0.1707577213694778,0,Sample 1,Cell type 1
3518,-5.794292800868437,-1.1561642115297799,3,Sample 2,Cell type 1
3519,5.073408621228402,-1.5900551316807143,0,Sample 1,Cell type 1
3520,-5.825573027077744,-0.35220736350911974,3,Sample 2,Cell type 1
3521,-1.961711011226543,4.803578325915296,1,Sample 1,Cell type 2
3522,3.7256050131746647,0.35237979036831923,0,Sample 1,Cell type 1
3523,2.288515333437227,3.7107639642398724,5,Sample 2,Cell type 3
3524,-4.504890961581477,1.3106877858167534,3,Sample 2,Cell type 1
3525,2.2498582642773797,3.6933358909151894,5,Sample 2,Cell type 3
3526,-3.4432318329278413,5.280270529691444,1,Sample 1,Cell type 2
3527,2.924715451372756,-3.6436157621749827,4,Sample 2,Cell type 2
3528,1.9763731432013485,-5.969738631872856,4,Sample 2,Cell type 2
3529,2.1924900987256635,4.165513423980455,5,Sample 2,Cell type 3
3530,1.9308302447330326,-4.637692522103869,4,Sample 2,Cell type 2
3531,-5.677087775909579,-0.4679261227342153,3,Sample 2,Cell type 1
3532,-3.066100715857623,-4.8998661102630265,2,Sample 1,Cell type 3
3533,5.716154576022186,0.5081374413455756,0,Sample 1,Cell type 1
3534,-6.456868855435597,-0.4781341466038851,3,Sample 2,Cell type 1
3535,3.4374481146190723,-3.131648912131968,4,Sample 2,Cell type 2
3536,5.597834884098609,0.4882962123467719,0,Sample 1,Cell type 1
3537,-2.63045357115501,3.7342049030770346,1,Sample 1,Cell type 2
3538,2.1995999679395437,4.889698416438755,5,Sample 2,Cell type 3
3539,2.3652920620217146,-4.590937015575674,4,Sample 2,Cell type 2
3540,4.339602242565991,-0.2571086733223948,0,Sample 1,Cell type 1
3541,-4.126314572814059,-0.4383242433655475,3,Sample 2,Cell type 1
3542,1.0277868921635416,-3.2675941757563294,4,Sample 2,Cell type 2
3543,2.9415714074654584,-4.605405441532062,4,Sample 2,Cell type 2
3544,-1.9115024022034048,-2.904687891905344,2,Sample 1,Cell type 3
3545,0.9802637753128913,-4.43273780330926,4,Sample 2,Cell type 2
3546,-2.938615035940064,-3.663459889497946,2,Sample 1,Cell type 3
3547,1.8291995068928386,3.736137596706513,5,Sample 2,Cell type 3
3548,2.5659534133078705,-4.625582035048747,4,Sample 2,Cell type 2
3549,2.6680066464180716,4.822258206345057,5,Sample 2,Cell type 3
3550,4.624420491252038,0.43404803486877175,0,Sample 1,Cell type 1
3551,2.8446899352120263,-5.350673146918781,4,Sample 2,Cell type 2
3552,-3.128788826107985,3.2252913363991738,1,Sample 1,Cell type 2
3553,2.736186060032479,-4.52071395896669,4,Sample 2,Cell type 2
3554,1.506202773160613,-5.230596710147771,4,Sample 2,Cell type 2
3555,-4.304981999527383,-0.9490691416878829,3,Sample 2,Cell type 1
3556,1.4476469543601238,5.377682300044311,5,Sample 2,Cell type 3
3557,4.519489048064956,-0.23335499983462143,0,Sample 1,Cell type 1
3558,-2.7406877977126634,-5.297708567257236,2,Sample 1,Cell type 3
3559,-1.5427427986684061,4.203303360500618,1,Sample 1,Cell type 2
3560,3.4340078583891533,-4.9092988032964255,4,Sample 2,Cell type 2
3561,2.967619241469948,4.115615707528782,5,Sample 2,Cell type 3
3562,1.3947266252291315,-5.768698810449481,4,Sample 2,Cell type 2
3563,-3.954383380309726,-3.722357182534857,2,Sample 1,Cell type 3
3564,2.4867452721419805,-3.783467409709322,4,Sample 2,Cell type 2
3565,-2.1441809537347263,-4.990649965163906,2,Sample 1,Cell type 3
3566,-3.4359334685682295,2.032317248296874,1,Sample 1,Cell type 2
3567,2.4415141583928497,3.6975102836539095,5,Sample 2,Cell type 3
3568,-1.9565013736347963,3.4110917907952687,1,Sample 1,Cell type 2
3569,-2.09522755723531,-4.912744780847483,2,Sample 1,Cell type 3
3570,1.8905917034538837,4.090370173590741,5,Sample 2,Cell type 3
3571,-5.676123166740927,0.44271118645954205,3,Sample 2,Cell type 1
3572,4.499549838792376,0.3166428267499273,0,Sample 1,Cell type 1
3573,4.2929140510390935,0.12298008475642233,0,Sample 1,Cell type 1
3574,-5.1402356239232105,0.31945408137530534,3,Sample 2,Cell type 1
3575,2.8603965790224244,-4.539533651099071,4,Sample 2,Cell type 2
3576,-2.7640960751731622,-4.499460604467133,2,Sample 1,Cell type 3
3577,2.318446027089661,4.650127023413046,5,Sample 2,Cell type 3
3578,1.3169783009229679,-2.9923142956441735,4,Sample 2,Cell type 2
3579,-2.5122478793383958,4.793560218603064,1,Sample 1,Cell type 2
3580,4.62926584575003,-0.3725838028562055,0,Sample 1,Cell type 1
3581,-5.644076144824407,0.15078060881448294,3,Sample 2,Cell type 1
3582,2.0865224934609334,-3.8349006616513694,4,Sample 2,Cell type 2
3583,-1.737490692869403,4.559826351083653,1,Sample 1,Cell type 2
3584,-1.6025137150156255,-2.4740944413083845,2,Sample 1,Cell type 3
3585,3.5399898978097077,5.098371153391527,5,Sample 2,Cell type 3
3586,-1.1400341003388945,5.187361540710103,1,Sample 1,Cell type 2
3587,5.507021504745679,0.3310392779611986,0,Sample 1,Cell type 1
3588,2.470735968098524,2.939883326244993,5,Sample 2,Cell type 3
3589,7.021545940698898,-0.42469501833625656,0,Sample 1,Cell type 1
3590,1.8741168619984054,5.012659264052746,5,Sample 2,Cell type 3
3591,2.2875515899851635,-3.2340455360338987,4,Sample 2,Cell type 2
3592,-4.139725278434482,0.16853477216248927,3,Sample 2,Cell type 1
3593,1.5337924859653147,-3.6828367863370923,4,Sample 2,Cell type 2
3594,4.643053253428176,-1.511632584756425,0,Sample 1,Cell type 1
3595,2.100688838823708,5.287861440720476,5,Sample 2,Cell type 3
3596,-1.7399873370642855,-4.135723241278672,2,Sample 1,Cell type 3
3597,4.47057082818529,0.6819466678369792,0,Sample 1,Cell type 1
3598,-3.0169818478750416,5.750375733009803,1,Sample 1,Cell type 2
3599,3.317308171062087,5.4792214463171955,5,Sample 2,Cell type 3
3600,-1.8871357772922468,5.31167359802964,1,Sample 1,Cell type 2
3601,3.2700020735626394,5.262602935037496,5,Sample 2,Cell type 3
3602,-4.213853485784047,-1.1200565785464067,3,Sample 2,Cell type 1
3603,3.880555034251817,4.427602590228156,5,Sample 2,Cell type 3
3604,-2.465118042902036,5.686167851266796,1,Sample 1,Cell type 2
3605,-2.6020392963020265,5.539050963120072,1,Sample 1,Cell type 2
3606,1.555222013068492,3.4087821316947178,5,Sample 2,Cell type 3
3607,6.388771042532199,0.15832862677011825,0,Sample 1,Cell type 1
3608,1.5108173707261212,5.349679201201315,5,Sample 2,Cell type 3
3609,2.304777318263089,-4.094351616600354,4,Sample 2,Cell type 2
3610,-2.19831968487825,4.306716767974211,1,Sample 1,Cell type 2
3611,-2.5763713976712608,-5.751124085695354,2,Sample 1,Cell type 3
3612,2.772972673993623,-3.1299073317214052,4,Sample 2,Cell type 2
3613,4.610305401808157,-4.088628314345386,4,Sample 2,Cell type 2
3614,-2.5188417206993896,4.190643612599925,1,Sample 1,Cell type 2
3615,4.264460612612957,1.2399475240140316,0,Sample 1,Cell type 1
3616,-1.2101773936090827,5.3820585817894315,1,Sample 1,Cell type 2
3617,3.759469255147094,0.05485037984482186,0,Sample 1,Cell type 1
3618,5.2615418990113305,-0.1752804230470914,0,Sample 1,Cell type 1
3619,5.805034247371553,-0.461513495618519,0,Sample 1,Cell type 1
3620,1.344859562340995,4.686009848968183,5,Sample 2,Cell type 3
3621,-1.256671663428183,-3.646946237680413,2,Sample 1,Cell type 3
3622,2.2225827385866266,-4.798761197681148,4,Sample 2,Cell type 2
3623,2.8538534945315885,3.7295433333177135,5,Sample 2,Cell type 3
3624,2.773684831720335,5.863934337663091,5,Sample 2,Cell type 3
3625,4.331722357392194,1.7161193022187107,0,Sample 1,Cell type 1
3626,1.9779773654266841,3.841185297306731,5,Sample 2,Cell type 3
3627,-4.197483919206875,3.8438694292466478,1,Sample 1,Cell type 2
3628,-1.6060809472780304,5.488926402836535,1,Sample 1,Cell type 2
3629,5.951576391139713,-0.982086252109594,0,Sample 1,Cell type 1
3630,-1.5506123038581374,-3.181058694357409,2,Sample 1,Cell type 3
3631,5.383183860597113,0.26692968422955865,0,Sample 1,Cell type 1
3632,3.28831976916004,3.0614505066135145,5,Sample 2,Cell type 3
3633,-4.979036197780771,-0.24285146021273143,3,Sample 2,Cell type 1
3634,-3.6992127683667233,-4.403602830390156,2,Sample 1,Cell type 3
3635,1.995885735886123,4.789360563629417,5,Sample 2,Cell type 3
3636,3.050346377641139,-4.820513635938747,4,Sample 2,Cell type 2
3637,2.3617234601487116,3.9815154213456974,5,Sample 2,Cell type 3
3638,-5.973517368272134,1.0907012108306726,3,Sample 2,Cell type 1
3639,4.396828328906659,-0.22454006149341926,0,Sample 1,Cell type 1
3640,-1.96726059835643,4.6673963074137585,1,Sample 1,Cell type 2
3641,1.7928009146028439,-4.224129304125679,4,Sample 2,Cell type 2
3642,-6.9095438961565385,-0.39670253760811885,3,Sample 2,Cell type 1
3643,-2.1569467997355405,4.8846115047327086,1,Sample 1,Cell type 2
3644,5.4551864633482205,1.3027172985028306,0,Sample 1,Cell type 1
3645,6.851726853338807,-1.4938121540733986,0,Sample 1,Cell type 1
3646,1.5582188660390321,4.704959148159048,5,Sample 2,Cell type 3
3647,-1.7168883531545789,-5.427521522332997,2,Sample 1,Cell type 3
3648,-5.513333456104306,1.3322815340988254,3,Sample 2,Cell type 1
3649,-5.414602111088962,1.0602208723496307,3,Sample 2,Cell type 1
3650,5.429207874856322,-0.7187743854328299,0,Sample 1,Cell type 1
3651,-2.843441779613807,3.7761902350231087,1,Sample 1,Cell type 2
3652,-2.2292129252306463,4.0938058908109705,1,Sample 1,Cell type 2
3653,-4.416749083998108,0.2809323741016679,3,Sample 2,Cell type 1
3654,2.6081522727899054,-4.591113982475283,4,Sample 2,Cell type 2
3655,-2.179614890794939,-4.225274869949513,2,Sample 1,Cell type 3
3656,2.5863871365801834,6.415614349442009,5,Sample 2,Cell type 3
3657,3.784495866052095,2.66553459860941,5,Sample 2,Cell type 3
3658,-2.352932386941999,-2.1757000877377943,2,Sample 1,Cell type 3
3659,-2.2662458173389037,-4.479990233647292,2,Sample 1,Cell type 3
3660,4.392693870757041,0.12031502918096611,0,Sample 1,Cell type 1
3661,-4.415232818899027,-0.5205278618947063,3,Sample 2,Cell type 1
3662,5.091382118929632,0.12024140916950209,0,Sample 1,Cell type 1
3663,1.4087152049453138,3.90462481869073,5,Sample 2,Cell type 3
3664,-1.108880268961936,5.11321345954763,1,Sample 1,Cell type 2
3665,-1.7837156553899225,-4.835389202254457,2,Sample 1,Cell type 3
3666,5.996868153998103,-1.6587121859265197,0,Sample 1,Cell type 1
3667,-5.327840995034826,0.6266869684192258,3,Sample 2,Cell type 1
3668,5.1063757393175,-0.5600966519513386,0,Sample 1,Cell type 1
3669,5.236896221651661,0.2088442177439115,0,Sample 1,Cell type 1
3670,-5.343078340484858,0.33266946902884903,3,Sample 2,Cell type 1
3671,2.389534132270811,-3.8572181245830492,4,Sample 2,Cell type 2
3672,-2.0022342847652776,3.4190605246975783,1,Sample 1,Cell type 2
3673,-4.989737085165052,0.38386162829346704,3,Sample 2,Cell type 1
3674,1.9004672104344178,-4.059914139678514,4,Sample 2,Cell type 2
3675,-1.7193466245242317,5.0648905740761245,1,Sample 1,Cell type 2
3676,2.5684757631556208,4.107428644835878,5,Sample 2,Cell type 3
3677,0.021645387609666056,-5.22892224551387,2,Sample 1,Cell type 3
3678,-3.2725318428185686,-3.0267939270014357,2,Sample 1,Cell type 3
3679,2.787791180101427,-4.729034135552957,4,Sample 2,Cell type 2
3680,-1.8264130436383006,-4.625492779280149,2,Sample 1,Cell type 3
3681,-6.177629658421433,-1.0990678599189274,3,Sample 2,Cell type 1
3682,3.809769315762283,3.1850431412786513,5,Sample 2,Cell type 3
3683,-2.8119389652475584,-4.203684226986087,2,Sample 1,Cell type 3
3684,-2.011827064328624,-4.204548650147444,2,Sample 1,Cell type 3
3685,-3.752968652402485,-1.2243691277947009,3,Sample 2,Cell type 1
3686,-3.5243644568019756,-4.178543161945328,2,Sample 1,Cell type 3
3687,-2.505635988384446,-4.50261468177661,2,Sample 1,Cell type 3
3688,4.226419085496629,-0.03816908491358389,0,Sample 1,Cell type 1
3689,-4.273630149098361,0.09878384733167599,3,Sample 2,Cell type 1
3690,5.4182683904284,-0.4589600031508632,0,Sample 1,Cell type 1
3691,4.581821583584769,0.8392073806695115,0,Sample 1,Cell type 1
3692,2.4959146943782202,4.649138030462044,5,Sample 2,Cell type 3
3693,-3.4404756844998805,3.61407114510091,1,Sample 1,Cell type 2
3694,-4.987853645967654,-0.7798452607382729,3,Sample 2,Cell type 1
3695,-1.052554920213511,4.155690302608295,1,Sample 1,Cell type 2
3696,2.135626355000208,4.526092693459796,5,Sample 2,Cell type 3
3697,4.873593681136809,-0.34150485595793606,0,Sample 1,Cell type 1
3698,0.9516560322289553,3.8907998655111715,5,Sample 2,Cell type 3
3699,3.2742355752027414,4.649320744923549,5,Sample 2,Cell type 3
3700,-2.134175676307806,5.494784876639607,1,Sample 1,Cell type 2
3701,-0.8407338642000202,3.594619345653055,1,Sample 1,Cell type 2
3702,1.9060909036554126,4.237329361064966,5,Sample 2,Cell type 3
3703,-3.3126574551827166,4.379470898800571,1,Sample 1,Cell type 2
3704,-1.9568549679525795,-4.439723410476159,2,Sample 1,Cell type 3
3705,-1.4763850641918752,-6.103582090405443,2,Sample 1,Cell type 3
3706,-4.581421451410374,-0.97625655195518,3,Sample 2,Cell type 1
3707,-3.27870307042163,-3.5244203497436644,2,Sample 1,Cell type 3
3708,-3.233019280450982,-3.245772778037795,2,Sample 1,Cell type 3
3709,4.8505026846709125,-0.35178484661933995,0,Sample 1,Cell type 1
3710,3.6372940485158765,-0.044438159117295026,0,Sample 1,Cell type 1
3711,0.9223287786849459,4.5605497135665845,5,Sample 2,Cell type 3
3712,2.7509785463175263,3.1424431853864707,5,Sample 2,Cell type 3
3713,-4.5498669270362475,4.177304808842059,1,Sample 1,Cell type 2
3714,-3.0676638837993373,3.323323090381926,1,Sample 1,Cell type 2
3715,1.4947477312436521,5.361489460047691,5,Sample 2,Cell type 3
3716,4.948689322725606,0.26300992824278435,0,Sample 1,Cell type 1
3717,-5.525898043195779,-0.03917202468675959,3,Sample 2,Cell type 1
3718,-5.356754971088928,0.09051236564241887,3,Sample 2,Cell type 1
3719,-3.1579359459057597,5.226951552781771,1,Sample 1,Cell type 2
3720,-2.100108701007705,-5.4495719587637454,2,Sample 1,Cell type 3
3721,2.5243811311365034,3.612324613993187,5,Sample 2,Cell type 3
3722,3.5808126019895967,-5.540150191161296,4,Sample 2,Cell type 2
3723,-3.249205099831679,-4.864350664097301,2,Sample 1,Cell type 3
3724,4.947136161082147,-0.9688129598099654,0,Sample 1,Cell type 1
3725,-6.19692705053172,-0.7345697332078326,3,Sample 2,Cell type 1
3726,-4.934977262355041,-0.030314465373464092,3,Sample 2,Cell type 1
3727,-2.6336973710291285,4.5561909793128335,1,Sample 1,Cell type 2
3728,-2.810541454832982,4.466459996822584,1,Sample 1,Cell type 2
3729,2.4815595551316236,-3.307266884570696,4,Sample 2,Cell type 2
3730,0.23357576788580436,-3.2427754235909756,4,Sample 2,Cell type 2
3731,2.6640602713877004,-5.62883304287519,4,Sample 2,Cell type 2
3732,-0.8901836434393899,-3.511159382036607,2,Sample 1,Cell type 3
3733,-5.042485441357528,-0.44078544283059906,3,Sample 2,Cell type 1
3734,-1.208176967432121,-4.587749542515839,2,Sample 1,Cell type 3
3735,1.7566909275921898,-5.237343167670162,4,Sample 2,Cell type 2
3736,3.3933450200540185,4.5158027292650225,5,Sample 2,Cell type 3
3737,-4.6892994166158655,-0.07585938502469719,3,Sample 2,Cell type 1
3738,0.9283711695176606,3.14521043922482,5,Sample 2,Cell type 3
3739,0.5925545689713998,-3.7340063274943414,4,Sample 2,Cell type 2
3740,5.477920055879887,0.5609381938487187,0,Sample 1,Cell type 1
3741,-1.6518320740008954,6.537855050051055,1,Sample 1,Cell type 2
3742,-2.1639244076385262,4.81560749349473,1,Sample 1,Cell type 2
3743,5.474481006374707,-0.24763715145119225,0,Sample 1,Cell type 1
3744,-5.613491230403642,0.054457815398897436,3,Sample 2,Cell type 1
3745,3.3681778109293057,4.360971153949647,5,Sample 2,Cell type 3
3746,-3.074335112598084,-4.514546719066392,2,Sample 1,Cell type 3
3747,2.2883632810362227,4.622735007796525,5,Sample 2,Cell type 3
3748,5.982135193978634,-0.9677128149529644,0,Sample 1,Cell type 1
3749,-4.337552948085353,0.8568644003222448,3,Sample 2,Cell type 1
3750,1.6944581112438812,-4.291866763094449,4,Sample 2,Cell type 2
3751,-3.1957304650197544,5.230474846454009,1,Sample 1,Cell type 2
3752,4.829245703255833,1.1925809094799618,0,Sample 1,Cell type 1
3753,-3.241882507352458,4.520822205110022,1,Sample 1,Cell type 2
3754,-3.5926593243323532,-4.44930246673603,2,Sample 1,Cell type 3
3755,4.608448445985422,0.8353287016552576,0,Sample 1,Cell type 1
3756,-2.0950072085552613,-3.1722824594087466,2,Sample 1,Cell type 3
3757,-2.219495920581152,4.7214767230403245,1,Sample 1,Cell type 2
3758,-3.2640507295355654,-1.1389461095071378,3,Sample 2,Cell type 1
3759,2.284038482539865,-5.564887773470793,4,Sample 2,Cell type 2
3760,-5.103227292103827,-0.681329739467514,3,Sample 2,Cell type 1
3761,3.784284769889446,5.309276094312505,5,Sample 2,Cell type 3
3762,5.343694575306069,0.16615014973048892,0,Sample 1,Cell type 1
3763,-3.261534768017791,-4.268142604107102,2,Sample 1,Cell type 3
3764,5.412038149044839,3.0821851925237773,0,Sample 1,Cell type 1
3765,4.851769872897833,-0.10385655978674094,0,Sample 1,Cell type 1
3766,-1.703161851355346,3.724690948066625,1,Sample 1,Cell type 2
3767,3.113983475643301,-4.331498341857446,4,Sample 2,Cell type 2
3768,-5.210197398149203,-1.2767151748592902,3,Sample 2,Cell type 1
3769,-4.588093123138902,0.6559402021081882,3,Sample 2,Cell type 1
3770,2.3398389965597044,5.44950937897912,5,Sample 2,Cell type 3
3771,2.6917020145911947,-3.7436835937493966,4,Sample 2,Cell type 2
3772,-1.8945690560104165,-3.84015198371131,2,Sample 1,Cell type 3
3773,-2.4185149637904098,5.5693431401183435,1,Sample 1,Cell type 2
3774,1.6686238688073876,4.984512254485282,5,Sample 2,Cell type 3
3775,4.5186347102164826,1.4818225476071503,0,Sample 1,Cell type 1
3776,3.0580695762713557,-4.9990003550978965,4,Sample 2,Cell type 2
3777,2.5940709039097625,4.451252935779808,5,Sample 2,Cell type 3
3778,2.5178713914548867,5.68496472565313,5,Sample 2,Cell type 3
3779,4.20829749074373,0.7526169503905727,0,Sample 1,Cell type 1
3780,-2.95139807892591,4.477768061479823,1,Sample 1,Cell type 2
3781,-1.2892402054062941,4.8347763665660155,1,Sample 1,Cell type 2
3782,1.814921185375033,-4.819434008277843,4,Sample 2,Cell type 2
3783,-3.0082899110605026,3.3783936916499044,1,Sample 1,Cell type 2
3784,-4.53008664015519,1.1313498306648726,3,Sample 2,Cell type 1
3785,4.208469384061893,4.555754394289667,5,Sample 2,Cell type 3
3786,3.33088485536705,-4.2556003487624015,4,Sample 2,Cell type 2
3787,-4.847266780685032,-0.029064486433872785,3,Sample 2,Cell type 1
3788,2.5344247786570255,4.879613347731998,5,Sample 2,Cell type 3
3789,1.603665664850889,3.726234061664656,5,Sample 2,Cell type 3
3790,-2.6646875447042744,-4.927389696154383,2,Sample 1,Cell type 3
3791,-2.796406478872022,3.20567340357928,1,Sample 1,Cell type 2
3792,-5.150609068069045,0.954490356680823,3,Sample 2,Cell type 1
3793,-1.7374999636991297,4.740595355000028,1,Sample 1,Cell type 2
3794,-2.4900005424742018,-2.035404574388777,2,Sample 1,Cell type 3
3795,-2.969225015651151,-4.150753895489557,2,Sample 1,Cell type 3
3796,-4.000137975716595,4.422147882240127,1,Sample 1,Cell type 2
3797,3.1493644572906128,4.595661777088503,5,Sample 2,Cell type 3
3798,2.3704361464469343,-3.979396859324879,4,Sample 2,Cell type 2
3799,5.43767790493603,-0.16175412194711525,0,Sample 1,Cell type 1
3800,-3.232953532384993,3.6646692523378377,1,Sample 1,Cell type 2
3801,2.9469790695555886,4.204945118023666,5,Sample 2,Cell type 3
3802,-4.714997769035133,1.0092154020284134,3,Sample 2,Cell type 1
3803,-3.00341071495423,5.557109186855393,1,Sample 1,Cell type 2
3804,1.497195190102587,-4.502090889385356,4,Sample 2,Cell type 2
3805,4.147909069539702,-0.24417976348373413,0,Sample 1,Cell type 1
3806,1.7535151382503131,3.5325817178004915,5,Sample 2,Cell type 3
3807,5.7632014107945615,0.5211130010446384,0,Sample 1,Cell type 1
3808,2.94475316131667,-5.854082582130706,4,Sample 2,Cell type 2
3809,-3.7211695103229268,0.6417027668944961,3,Sample 2,Cell type 1
3810,2.894307177481492,-3.6632444550523164,4,Sample 2,Cell type 2
3811,-5.431008669876877,-0.20395757632287087,3,Sample 2,Cell type 1
3812,6.136403398391884,-0.45659703499958104,0,Sample 1,Cell type 1
3813,-1.7388405783535328,-4.6233326352166335,2,Sample 1,Cell type 3
3814,-1.7823470424902932,5.350027051945172,1,Sample 1,Cell type 2
3815,-6.098722311175799,0.4159217116230027,3,Sample 2,Cell type 1
3816,1.0543668840545433,-4.5500032594580295,4,Sample 2,Cell type 2
3817,2.0065797107842345,3.251730391428458,5,Sample 2,Cell type 3
3818,-2.8910795374290186,3.4344330722909846,1,Sample 1,Cell type 2
3819,2.445242805866864,-4.307106567657397,4,Sample 2,Cell type 2
3820,-4.807835324843022,1.0025062598145955,3,Sample 2,Cell type 1
3821,-4.770580710093931,-0.11776422294847722,3,Sample 2,Cell type 1
3822,-4.671559931737907,-0.18485558196614366,3,Sample 2,Cell type 1
3823,-4.247054506864024,0.15351818869842948,3,Sample 2,Cell type 1
3824,-6.549402162001972,-0.6090842158471519,3,Sample 2,Cell type 1
3825,2.048643056111607,-5.525357253553996,4,Sample 2,Cell type 2
3826,6.107418254808414,0.4511272960418877,0,Sample 1,Cell type 1
3827,5.145493004046796,0.19857646904026888,0,Sample 1,Cell type 1
3828,1.895600893492841,4.248537695247251,5,Sample 2,Cell type 3
3829,-3.985878791049621,0.23098240240786966,3,Sample 2,Cell type 1
3830,2.9165515971381355,3.4665007371893615,5,Sample 2,Cell type 3
3831,0.9144284114090258,-5.5294719804883545,4,Sample 2,Cell type 2
3832,-2.0629726015970395,4.3352648347709435,1,Sample 1,Cell type 2
3833,-1.6828933636564805,6.000881237218134,1,Sample 1,Cell type 2
3834,5.204823787451101,0.7861527871564111,0,Sample 1,Cell type 1
3835,-5.856153250315465,1.3752324902734576,3,Sample 2,Cell type 1
3836,-5.105735484515497,0.057823172307431725,3,Sample 2,Cell type 1
3837,-2.8062537516903774,-4.429110175942061,2,Sample 1,Cell type 3
3838,2.013944966576352,-3.0755810753003345,4,Sample 2,Cell type 2
3839,-1.8274124142963628,-4.1638850130395415,2,Sample 1,Cell type 3
3840,2.6211259124998225,4.095978651741971,5,Sample 2,Cell type 3
3841,-2.0723954812155587,5.040251359621262,1,Sample 1,Cell type 2
3842,5.456712408554534,0.9084525121444792,0,Sample 1,Cell type 1
3843,3.2130751212841977,4.166642437605674,5,Sample 2,Cell type 3
3844,-1.8765207968757363,-4.361342634424227,2,Sample 1,Cell type 3
3845,5.264704185771565,0.6668231692871398,0,Sample 1,Cell type 1
3846,4.721078292473712,-0.27940616345474306,0,Sample 1,Cell type 1
3847,-4.79034655273062,-1.5596493742034931,3,Sample 2,Cell type 1
3848,-2.9687421386542066,-4.066841595954088,2,Sample 1,Cell type 3
3849,1.965485561337783,-4.175423457382868,4,Sample 2,Cell type 2
3850,-5.523118710660461,0.021850703881151547,3,Sample 2,Cell type 1
3851,1.367580746469035,5.112424836691103,5,Sample 2,Cell type 3
3852,-3.3234972065456563,3.247990790247366,1,Sample 1,Cell type 2
3853,-3.4041629797391413,-2.400785678459455,2,Sample 1,Cell type 3
3854,6.12223544874888,-1.1214808502338247,0,Sample 1,Cell type 1
3855,-1.0565215121706046,4.177403985540355,1,Sample 1,Cell type 2
3856,-5.1750930013885,0.6129943800324084,3,Sample 2,Cell type 1
3857,-1.6898900722847447,-4.4566500944200484,2,Sample 1,Cell type 3
3858,2.8085999745453565,4.892255017721637,5,Sample 2,Cell type 3
3859,-3.837379619165964,-0.06258452724681364,3,Sample 2,Cell type 1
3860,-2.0913663291779234,5.15459148742144,1,Sample 1,Cell type 2
3861,1.3781045732609405,6.003002437108174,5,Sample 2,Cell type 3
3862,-4.767228215890046,-0.40560692741604404,3,Sample 2,Cell type 1
3863,-2.5512622113189756,-3.90109429130844,2,Sample 1,Cell type 3
3864,-2.4215459683688465,-3.2934295934317803,2,Sample 1,Cell type 3
3865,-5.390619073961235,0.5066614608569915,3,Sample 2,Cell type 1
3866,4.479485944702539,-0.38970030701175684,0,Sample 1,Cell type 1
3867,2.2077753134368887,-2.4197528545024096,4,Sample 2,Cell type 2
3868,-1.7625587984181972,4.716277328689564,1,Sample 1,Cell type 2
3869,-5.804481100551572,0.28813134715661415,3,Sample 2,Cell type 1
3870,-2.2426571668988022,-4.195679174148736,2,Sample 1,Cell type 3
3871,-5.873696960278854,0.10827067831383334,3,Sample 2,Cell type 1
3872,-4.782062882677112,0.33397207185703665,3,Sample 2,Cell type 1
3873,3.05457408132696,-5.952268836258875,4,Sample 2,Cell type 2
3874,1.4832386231261703,-4.632990813492719,4,Sample 2,Cell type 2
3875,5.1528792544159225,0.03714923852491905,0,Sample 1,Cell type 1
3876,5.549008152299611,-1.2901726969517213,0,Sample 1,Cell type 1
3877,3.375838801781861,3.6853336340746603,5,Sample 2,Cell type 3
3878,-3.5537055359572705,-3.7093046878474114,2,Sample 1,Cell type 3
3879,-2.0239764273315504,-4.776065461408849,2,Sample 1,Cell type 3
3880,-5.414205957777776,0.17424187179898148,3,Sample 2,Cell type 1
3881,1.7592880768870764,-4.421060370187344,4,Sample 2,Cell type 2
3882,-2.613717229552439,-4.05917716458484,2,Sample 1,Cell type 3
3883,3.198253666542668,4.915791780068611,5,Sample 2,Cell type 3
3884,0.9008888745109964,-4.302903349844851,4,Sample 2,Cell type 2
3885,1.4672462244054212,4.0045475258234955,5,Sample 2,Cell type 3
3886,1.1157898156125203,-3.2630184225217373,4,Sample 2,Cell type 2
3887,1.6212726256299543,-4.825425377522141,4,Sample 2,Cell type 2
3888,4.518905884839029,0.25582554731402957,0,Sample 1,Cell type 1
3889,-2.159608053407818,-3.3723294800060097,2,Sample 1,Cell type 3
3890,-5.925693294970617,-1.0665026838222447,3,Sample 2,Cell type 1
3891,-3.413351291306803,4.175199451498419,1,Sample 1,Cell type 2
3892,-3.48994131057806,-4.242600241455816,2,Sample 1,Cell type 3
3893,-1.4977258924580152,-4.688706711962311,2,Sample 1,Cell type 3
3894,0.7333753790173947,-4.514596137741085,4,Sample 2,Cell type 2
3895,-4.5423949773596215,-0.5637827484887065,3,Sample 2,Cell type 1
3896,-2.545270791119919,-3.3549503870872615,2,Sample 1,Cell type 3
3897,-1.9428900420346267,5.094371185778602,1,Sample 1,Cell type 2
3898,1.0876899303760172,-2.937373829644603,4,Sample 2,Cell type 2
3899,5.079721092070113,-0.4027805232929594,0,Sample 1,Cell type 1
3900,5.823324509860515,0.3780779859304344,0,Sample 1,Cell type 1
3901,-2.2586399928786136,-4.189698035259314,2,Sample 1,Cell type 3
3902,-2.494349473097458,3.801870107343436,1,Sample 1,Cell type 2
3903,-1.6666202687529212,-3.863291576512682,2,Sample 1,Cell type 3
3904,-2.91314371511006,-4.48730028566467,2,Sample 1,Cell type 3
3905,2.6440568301567815,-4.548473675102605,4,Sample 2,Cell type 2
3906,-5.623274191501361,0.16258876366882544,3,Sample 2,Cell type 1
3907,2.8423701012421083,5.708586793039193,5,Sample 2,Cell type 3
3908,-5.2379008633944855,-0.1971067220116378,3,Sample 2,Cell type 1
3909,-5.33330024449237,-0.050498410488997995,3,Sample 2,Cell type 1
3910,3.3182731772406076,-4.482483967665569,4,Sample 2,Cell type 2
3911,3.083855489814105,5.443663729066128,5,Sample 2,Cell type 3
3912,-2.215464841149419,-4.1768651019669205,2,Sample 1,Cell type 3
3913,-5.38733916099899,-0.7729970558026026,3,Sample 2,Cell type 1
3914,1.8522201313861693,-4.179886748488178,4,Sample 2,Cell type 2
3915,5.149413411581663,-0.6043063458826581,0,Sample 1,Cell type 1
3916,-5.4773032468893845,1.6783514713059458,3,Sample 2,Cell type 1
3917,2.3021312288828657,4.5967114469142105,5,Sample 2,Cell type 3
3918,5.014747146452314,0.27806536428933687,0,Sample 1,Cell type 1
3919,-3.7213425538871734,0.5868382508046933,3,Sample 2,Cell type 1
3920,3.459439658337265,-4.355948534204289,4,Sample 2,Cell type 2
3921,-5.760728583749786,0.2548168038391002,3,Sample 2,Cell type 1
3922,3.4050114859428353,0.2992452558780577,0,Sample 1,Cell type 1
3923,-2.8177562529167925,-5.211942811286876,2,Sample 1,Cell type 3
3924,3.102733978736875,4.409988071002007,5,Sample 2,Cell type 3
3925,-2.3716083008212183,-2.5601021874043983,2,Sample 1,Cell type 3
3926,-5.7792974769730945,0.5627423334298477,3,Sample 2,Cell type 1
3927,5.083360883161501,-0.050074502319617936,0,Sample 1,Cell type 1
3928,-2.2201599803456764,-5.1333706963958,2,Sample 1,Cell type 3
3929,-1.4099497178300406,-3.017635368131562,2,Sample 1,Cell type 3
3930,-2.9844924317894903,5.790934789759743,1,Sample 1,Cell type 2
3931,-3.0655140543898813,-3.6456824917056223,2,Sample 1,Cell type 3
3932,-5.235564606070427,1.1622044361009471,3,Sample 2,Cell type 1
3933,-2.1966775050191027,-3.345949278401562,2,Sample 1,Cell type 3
3934,-3.308478575943133,-4.742301733968786,2,Sample 1,Cell type 3
3935,3.5545576537872168,-5.416666956104271,4,Sample 2,Cell type 2
3936,-4.683663211689569,-0.7660551640121689,3,Sample 2,Cell type 1
3937,-3.956482640438816,-4.114081132209054,2,Sample 1,Cell type 3
3938,2.283706642591065,4.308219562599198,5,Sample 2,Cell type 3
3939,-2.305694389479782,-5.9958059814733815,2,Sample 1,Cell type 3
3940,2.8350079681019937,-4.153660188732307,4,Sample 2,Cell type 2
3941,1.9076079149342697,-3.6382674681293863,4,Sample 2,Cell type 2
3942,5.965207173206686,-0.6535485367897889,0,Sample 1,Cell type 1
3943,-6.215128660072054,-2.1045841094632505,3,Sample 2,Cell type 1
3944,2.3935974688559454,-5.386840844927124,4,Sample 2,Cell type 2
3945,-2.1876281200568872,4.247549616576197,1,Sample 1,Cell type 2
3946,2.5977944036376535,3.994956262505205,5,Sample 2,Cell type 3
3947,-3.2994417858359277,3.9263070819396195,1,Sample 1,Cell type 2
3948,-2.1143466181316932,-4.0351405010681765,2,Sample 1,Cell type 3
3949,6.492619608915805,0.37906633672943,0,Sample 1,Cell type 1
3950,-2.640683523545656,5.659303151504608,1,Sample 1,Cell type 2
3951,3.2978124541270946,-3.3846149848750806,4,Sample 2,Cell type 2
3952,-1.5098769939904035,-4.026312910089475,2,Sample 1,Cell type 3
3953,1.961675734392479,4.8603998933394985,5,Sample 2,Cell type 3
3954,5.394654320704712,0.14786889895589914,0,Sample 1,Cell type 1
3955,2.6321920400519407,4.340144510386022,5,Sample 2,Cell type 3
3956,5.160879237371974,0.8405235168060896,0,Sample 1,Cell type 1
3957,4.395429840649198,5.446474284681541,5,Sample 2,Cell type 3
3958,-2.9155170974609037,-4.602853320799055,2,Sample 1,Cell type 3
3959,-2.0652164970639277,-4.170278671947221,2,Sample 1,Cell type 3
3960,-0.8499800646054831,3.4761006875187754,1,Sample 1,Cell type 2
3961,3.3304100218527704,4.941497581593277,5,Sample 2,Cell type 3
3962,3.2145506777658017,4.843642317209103,5,Sample 2,Cell type 3
3963,-5.6441374013943015,0.861478515726145,3,Sample 2,Cell type 1
3964,-2.9863002085406567,-4.761425181441375,2,Sample 1,Cell type 3
3965,-5.734380883688589,1.3849357054138405,3,Sample 2,Cell type 1
3966,3.0167123362207104,-5.209362820166094,4,Sample 2,Cell type 2
3967,1.97429203017755,-4.888302142040791,4,Sample 2,Cell type 2
3968,-0.9923309552523119,5.564721841539945,1,Sample 1,Cell type 2
3969,4.18301374629543,0.5666851578394827,0,Sample 1,Cell type 1
3970,5.824799617996761,0.7450240952929589,0,Sample 1,Cell type 1
3971,3.714013412351018,0.14770708682584338,0,Sample 1,Cell type 1
3972,1.7217883865919958,-4.004829391544056,4,Sample 2,Cell type 2
3973,4.725828386778584,-0.6418218153772952,0,Sample 1,Cell type 1
3974,-2.928268069612981,-4.043364124354496,2,Sample 1,Cell type 3
3975,-2.733449015132434,3.079574371964868,1,Sample 1,Cell type 2
3976,-4.805074221037828,-0.8721667254395432,3,Sample 2,Cell type 1
3977,-2.6432746280129273,-4.0134711940454535,2,Sample 1,Cell type 3
3978,-5.829652858855997,0.5322951480262647,3,Sample 2,Cell type 1
3979,-3.53451323500692,-3.8722147699816514,2,Sample 1,Cell type 3
3980,3.297647485162914,5.232007090406581,5,Sample 2,Cell type 3
3981,2.6084507331317637,-3.7473121041105664,4,Sample 2,Cell type 2
3982,-2.022217425397291,3.571448615542833,1,Sample 1,Cell type 2
3983,2.3005042998620153,3.399692898694511,5,Sample 2,Cell type 3
3984,-1.8732875925739227,4.128895910086597,1,Sample 1,Cell type 2
3985,-5.33170152045749,-0.7961391679193893,3,Sample 2,Cell type 1
3986,2.364118113857812,-3.0207350494576835,4,Sample 2,Cell type 2
3987,-1.1139880004119256,6.1151671358763,1,Sample 1,Cell type 2
3988,-1.1647443793389374,-5.0841734235556935,2,Sample 1,Cell type 3
3989,4.209127114279266,-0.8828714537726168,0,Sample 1,Cell type 1
3990,4.49793210113588,-4.293321909533122,4,Sample 2,Cell type 2
3991,1.848195197741158,-4.189206657412042,4,Sample 2,Cell type 2
3992,-4.221452321063444,3.7548043635282573,1,Sample 1,Cell type 2
3993,-3.9769502897904743,3.5865183307682655,1,Sample 1,Cell type 2
3994,-2.359770576852863,-5.399507370022937,2,Sample 1,Cell type 3
3995,-3.39803584499553,3.5961247621107826,1,Sample 1,Cell type 2
3996,6.153018631252893,-1.1486897209435516,0,Sample 1,Cell type 1
3997,3.53236859310108,4.374286412946264,5,Sample 2,Cell type 3
3998,-2.866278708945994,-4.457616804638917,2,Sample 1,Cell type 3
3999,-2.0251546221753096,1.9778161111907693,1,Sample 1,Cell type 2
