,X,Y,group,sample,cell_type
0,1.1647116354803337,-0.892374336994169,4,Sample 2,Cell type 2
1,-0.5000386182919765,-0.8268178603374849,1,Sample 2,Cell type 1
2,1.5717962756945856,-0.10590057197356803,3,Sample 1,Cell type 2
3,-2.171429184522998,-1.6677166346078123,2,Sample 3,Cell type 1
4,-0.44058529912955424,-0.3326493024392706,0,Sample 1,Cell type 1
5,0.022827060296605528,0.026816548609281992,3,Sample 1,Cell type 2
6,-0.5192308926779103,-0.540673137574711,4,Sample 2,Cell type 2
7,2.124739378165887,-0.9508473635627341,3,Sample 1,Cell type 2
8,1.8161507317356338,-1.3066512706515916,5,Sample 3,Cell type 2
9,-1.8066993927328556,0.19737210348039247,2,Sample 3,Cell type 1
10,1.1085712848041087,0.9396226164981417,4,Sample 2,Cell type 2
11,-0.5738752908682944,-0.2408769818089142,1,Sample 2,Cell type 1
12,-0.16644020722152275,1.7184749764231175,0,Sample 1,Cell type 1
13,-0.6691156363077206,-1.8900238568864616,1,Sample 2,Cell type 1
14,-1.586652497021943,0.042658804184772615,0,Sample 1,Cell type 1
15,0.8824820884343458,0.41519764173187956,5,Sample 3,Cell type 2
16,0.45763812584689834,0.0016047369941480118,3,Sample 1,Cell type 2
17,1.4489948752913915,-0.307933786014515,3,Sample 1,Cell type 2
18,1.4216781312146116,0.13704243822675002,5,Sample 3,Cell type 2
19,-0.4064938829977496,-0.7235535732547329,2,Sample 3,Cell type 1
20,0.45488800005778174,-0.028838133612438182,3,Sample 1,Cell type 2
21,1.0745783576820964,0.4260030079994704,5,Sample 3,Cell type 2
22,-1.6830736290130104,-0.8808667526787894,2,Sample 3,Cell type 1
23,-1.9335215388938107,-0.17130481027524738,0,Sample 1,Cell type 1
24,0.11122933381570477,0.6671878352171229,4,Sample 2,Cell type 2
25,0.18747196573348013,0.7283382284177872,3,Sample 1,Cell type 2
26,1.9379715192847156,0.2099565369790848,5,Sample 3,Cell type 2
27,0.35812692607048047,0.20367378697062097,5,Sample 3,Cell type 2
28,2.3098612039535724,-0.5292166671332703,5,Sample 3,Cell type 2
29,-0.8154321946888331,-1.461044276947119,2,Sample 3,Cell type 1
30,-0.3105277494537787,1.1042399014958768,0,Sample 1,Cell type 1
31,0.0507659905306721,-0.06050727647651813,3,Sample 1,Cell type 2
32,-1.9806697336081496,-0.7062857173149331,1,Sample 2,Cell type 1
33,-0.07070841609250833,1.014034623144825,0,Sample 1,Cell type 1
34,0.3987443786432967,0.7685783788970013,1,Sample 2,Cell type 1
35,0.6748928263770644,0.1102418328370092,5,Sample 3,Cell type 2
36,0.5825310134446489,-0.9883677454003349,4,Sample 2,Cell type 2
37,2.1602186518937003,0.5907659089409749,5,Sample 3,Cell type 2
38,-0.9292283287155185,-1.7983806160788969,0,Sample 1,Cell type 1
39,-2.446894924406253,0.16626652100615202,1,Sample 2,Cell type 1
40,-0.8217237153089305,-0.12992437073154822,0,Sample 1,Cell type 1
41,1.2386475304719287,-0.5840986684258419,4,Sample 2,Cell type 2
42,1.0480458452311197,0.5652926728503345,5,Sample 3,Cell type 2
43,-0.5801092196948857,1.2116031805824734,1,Sample 2,Cell type 1
44,-0.1453648857719606,-0.05347366314524469,1,Sample 2,Cell type 1
45,-0.7015170995868135,-0.9424418118212381,2,Sample 3,Cell type 1
46,0.8819997951875655,-0.5197808376172915,4,Sample 2,Cell type 2
47,3.5019672618012003,-0.934192219490307,3,Sample 1,Cell type 2
48,0.35982709574546856,0.10541179453486621,3,Sample 1,Cell type 2
49,1.297780325565716,0.6747899656402666,4,Sample 2,Cell type 2
50,1.9187836726352598,2.0771246255544997,1,Sample 2,Cell type 1
51,-0.6314551685658287,-0.9292799485884695,5,Sample 3,Cell type 2
52,-1.617444781331662,-0.5554910219831655,2,Sample 3,Cell type 1
53,1.0972127088815509,-0.8159836906388636,3,Sample 1,Cell type 2
54,-0.04741796183537095,-1.582865537780803,0,Sample 1,Cell type 1
55,-0.480635085537514,-0.18274084743869343,0,Sample 1,Cell type 1
56,-1.7611057940447017,-0.01268906931600442,2,Sample 3,Cell type 1
57,1.1674837187883418,1.1666310387732017,5,Sample 3,Cell type 2
58,-1.136770644084435,0.954129436804143,2,Sample 3,Cell type 1
59,-1.5303990082846257,-0.41277477249097605,2,Sample 3,Cell type 1
60,0.9342034281919553,-0.7116938271768183,3,Sample 1,Cell type 2
61,-1.375687343790489,0.30964852940711984,2,Sample 3,Cell type 1
62,-1.5485609819433548,-0.16827417268690142,0,Sample 1,Cell type 1
63,-1.3509313359035007,0.14224814092811866,1,Sample 2,Cell type 1
64,1.1565524875715303,-0.5563575378901521,4,Sample 2,Cell type 2
65,2.475330865067577,-1.7304945948561028,3,Sample 1,Cell type 2
66,-2.0580351450623664,-0.8055628580489442,1,Sample 2,Cell type 1
67,-2.2159669295872195,-1.1902121610692131,1,Sample 2,Cell type 1
68,-1.5619108507419017,-0.1660728218902646,1,Sample 2,Cell type 1
69,-0.5913179294360464,2.6935295130545773,4,Sample 2,Cell type 2
70,-0.14963402019555616,0.8198163315303744,5,Sample 3,Cell type 2
71,0.5239014272171857,-0.9681629835974502,3,Sample 1,Cell type 2
72,-2.6228257086303506,-1.4257223487049409,0,Sample 1,Cell type 1
73,-2.007591515544852,-0.35417687037275597,1,Sample 2,Cell type 1
74,1.1915419588029719,-0.00931706091696302,4,Sample 2,Cell type 2
75,0.14084370824494585,0.4663970554008704,3,Sample 1,Cell type 2
76,2.70595661139222,-0.13529553638733893,5,Sample 3,Cell type 2
77,0.5029140539162658,0.355204376840683,0,Sample 1,Cell type 1
78,0.2546374925138427,0.6170907532623399,4,Sample 2,Cell type 2
79,-0.661231426512235,-0.8118463989217594,1,Sample 2,Cell type 1
80,-0.12003780489997906,0.40484449235385894,3,Sample 1,Cell type 2
81,0.30444964219993254,-0.10259689755566372,5,Sample 3,Cell type 2
82,1.9911971484005955,0.6447060724863696,3,Sample 1,Cell type 2
83,-0.12748851952593687,0.38447492568451636,0,Sample 1,Cell type 1
84,-2.911506151878826,-0.47317951951268494,0,Sample 1,Cell type 1
85,-1.0124539714848135,-0.6207549966577565,1,Sample 2,Cell type 1
86,0.7060475974049086,1.786842355734264,4,Sample 2,Cell type 2
87,-0.23516876380517626,-0.275069198166116,4,Sample 2,Cell type 2
88,-0.974513461482585,0.02678052554617067,0,Sample 1,Cell type 1
89,-0.06287523529794714,-1.0365129981309091,3,Sample 1,Cell type 2
90,1.40573110269862,0.1887174572170393,5,Sample 3,Cell type 2
91,-0.9497224541399527,-0.27868474258925513,2,Sample 3,Cell type 1
92,-0.15594833246526285,1.328291235453569,3,Sample 1,Cell type 2
93,1.99402993345372,-0.11444273718739587,5,Sample 3,Cell type 2
94,0.8334121155209031,1.0909162838101376,3,Sample 1,Cell type 2
95,0.5794397644825173,0.016561467705094316,1,Sample 2,Cell type 1
96,1.1495347935833946,1.0658309806765556,2,Sample 3,Cell type 1
97,2.5171315786314743,-0.5816180917319351,5,Sample 3,Cell type 2
98,1.87953703327281,0.16172584299558626,5,Sample 3,Cell type 2
99,-1.9076992156685872,-1.7663631225053211,1,Sample 2,Cell type 1
100,-1.5467250588582764,-0.3639257934210205,2,Sample 3,Cell type 1
101,-0.5330159376038901,0.4462245189248138,2,Sample 3,Cell type 1
102,0.27311449802791166,-0.35241297962043533,3,Sample 1,Cell type 2
103,-1.3976640345167415,0.09979774454557606,2,Sample 3,Cell type 1
104,1.6181447459075546,-0.3584943115934653,5,Sample 3,Cell type 2
105,-0.047645569165243096,-0.3221913909720023,3,Sample 1,Cell type 2
106,2.4223057937406725,0.8249108523999311,5,Sample 3,Cell type 2
107,-2.952709675953132,-1.0747704609830604,2,Sample 3,Cell type 1
108,-2.425229550808822,0.3716990209240178,2,Sample 3,Cell type 1
109,0.13018051301616884,-0.8051465719975536,0,Sample 1,Cell type 1
110,1.5897102656623847,0.23129770102724745,4,Sample 2,Cell type 2
111,-0.10559600692260485,1.2365229466903045,2,Sample 3,Cell type 1
112,-2.9096694091077353,-0.5470397883849892,0,Sample 1,Cell type 1
113,1.396445046547004,-0.06752430035712079,5,Sample 3,Cell type 2
114,-1.3349860984639477,0.9798737577337674,0,Sample 1,Cell type 1
115,0.41956438570993193,0.7139362463595276,5,Sample 3,Cell type 2
116,0.48233219532083527,-0.010710740784805288,5,Sample 3,Cell type 2
117,1.6772350393667967,-0.5292977390318786,5,Sample 3,Cell type 2
118,-2.1638273893827833,0.5151512800581082,1,Sample 2,Cell type 1
119,-1.357475784531389,-0.9920427664102699,1,Sample 2,Cell type 1
120,0.32671811543620366,0.2624930398701415,5,Sample 3,Cell type 2
121,0.8063233087958376,1.0290582964345976,4,Sample 2,Cell type 2
122,-0.3594914453325466,-0.6190058653428879,5,Sample 3,Cell type 2
123,-0.5945538485997688,-0.2355824611989851,2,Sample 3,Cell type 1
124,0.24635728928577982,0.8062165964123357,4,Sample 2,Cell type 2
125,1.1141682080306818,-0.6444390926482563,2,Sample 3,Cell type 1
126,2.454869489062374,-0.5933917212994508,5,Sample 3,Cell type 2
127,1.133693113233375,-0.2715597485627722,4,Sample 2,Cell type 2
128,-1.2011165067932659,0.6426004446828828,0,Sample 1,Cell type 1
129,0.9318960346086429,1.3837961871309092,4,Sample 2,Cell type 2
130,-0.4975057787304499,0.06840485227117035,0,Sample 1,Cell type 1
131,2.432260330986524,0.7890427677475045,3,Sample 1,Cell type 2
132,-1.6386218692742553,-1.1326544196078012,1,Sample 2,Cell type 1
133,2.1847103537675676,-2.6177946700324535,5,Sample 3,Cell type 2
134,1.4107203758194267,-0.33036718141636473,4,Sample 2,Cell type 2
135,-0.9116243682909659,-0.6210113398331267,5,Sample 3,Cell type 2
136,1.2015341865519458,-1.7518727577229778,3,Sample 1,Cell type 2
137,0.42472581962485767,-0.14064870303453875,4,Sample 2,Cell type 2
138,1.2501841961970301,-0.7627265015085581,4,Sample 2,Cell type 2
139,-0.4017675292002011,-0.49762875363057185,1,Sample 2,Cell type 1
140,0.7318455716680994,0.40789971205460757,5,Sample 3,Cell type 2
141,-2.6577079956620717,0.8028608397585485,2,Sample 3,Cell type 1
142,0.8797350432459059,-0.6990246476749296,5,Sample 3,Cell type 2
143,-0.12862038718566482,-0.8990427386210321,4,Sample 2,Cell type 2
144,0.8072647203599301,0.753439037698246,3,Sample 1,Cell type 2
145,0.11714794568796749,-0.6937322675526805,4,Sample 2,Cell type 2
146,1.0057433868669834,-1.6634326770705736,4,Sample 2,Cell type 2
147,-0.2746419734065466,-0.5784987446099532,3,Sample 1,Cell type 2
148,-0.5977164546911333,-0.5747272426305271,2,Sample 3,Cell type 1
149,0.9371333186347213,-0.7177369476094098,5,Sample 3,Cell type 2
150,0.8356736094288024,-0.4991339163892966,5,Sample 3,Cell type 2
151,1.9282424727495977,0.3493672160892601,4,Sample 2,Cell type 2
152,-0.8482107952299451,0.39774658461246815,0,Sample 1,Cell type 1
153,2.1136328142072394,-0.23195210542766573,5,Sample 3,Cell type 2
154,2.608515968144202,-0.3905914159943613,4,Sample 2,Cell type 2
155,3.1306729276244094,-0.3399883987702294,3,Sample 1,Cell type 2
156,-0.5788446200813334,-1.0532526357570975,2,Sample 3,Cell type 1
157,-0.30184838318661855,-0.41856835158090544,4,Sample 2,Cell type 2
158,-1.242887441764034,-0.8808873442040767,0,Sample 1,Cell type 1
159,-0.7480282363121618,-1.012940142568539,0,Sample 1,Cell type 1
160,1.975224792798996,-0.3001146238635948,3,Sample 1,Cell type 2
161,-0.7542903542550529,-1.8671760337917316,2,Sample 3,Cell type 1
162,0.8802971524629428,-1.188803054255545,3,Sample 1,Cell type 2
163,0.6054153695062539,0.550441405394715,5,Sample 3,Cell type 2
164,-3.6162893973894774,-0.33733985095962554,1,Sample 2,Cell type 1
165,2.141724912082722,0.4422714807199743,3,Sample 1,Cell type 2
166,-1.7708484136682792,0.08790333907350185,1,Sample 2,Cell type 1
167,-0.3251186553597001,0.6605554305278146,4,Sample 2,Cell type 2
168,-1.1585201531958804,-2.6095624918816336,2,Sample 3,Cell type 1
169,-2.222716613731727,-0.9717626891482636,2,Sample 3,Cell type 1
170,0.5053151481539331,0.3771171084294407,0,Sample 1,Cell type 1
171,-0.17977355004275042,0.09517841214433238,1,Sample 2,Cell type 1
172,-3.2244800501145603,-0.7172057299234291,0,Sample 1,Cell type 1
173,-1.7049279631026133,-0.289855364585108,0,Sample 1,Cell type 1
174,0.9251454052588425,1.2396015265755076,4,Sample 2,Cell type 2
175,0.8624305073671971,0.39020621417269136,4,Sample 2,Cell type 2
176,-1.505951223920472,-0.188299686370075,0,Sample 1,Cell type 1
177,-0.6311632087643386,-0.2171318891566882,0,Sample 1,Cell type 1
178,-0.861538143887929,0.08045575103845194,3,Sample 1,Cell type 2
179,-1.6087530718533427,1.620846389619734,0,Sample 1,Cell type 1
180,-0.24787709914137235,-1.0167361691918564,0,Sample 1,Cell type 1
181,-0.5448381107744809,-0.07803102253338785,2,Sample 3,Cell type 1
182,0.37562158377127863,0.4570521806606614,0,Sample 1,Cell type 1
183,-0.41993335751923777,0.8354211222098921,2,Sample 3,Cell type 1
184,2.091861269552431,0.4796025482043359,4,Sample 2,Cell type 2
185,-1.7491200157938058,0.42427400074776367,0,Sample 1,Cell type 1
186,-1.0714495819651326,-0.27041935384863336,2,Sample 3,Cell type 1
187,0.1674238415692283,-0.40518170249925906,3,Sample 1,Cell type 2
188,0.796100740805568,2.7989267004048246,1,Sample 2,Cell type 1
189,1.7048400904118575,-0.5119892776776321,4,Sample 2,Cell type 2
190,0.15214583478317956,-0.493196236867024,3,Sample 1,Cell type 2
191,-0.9771504215118308,-1.7277058405778907,1,Sample 2,Cell type 1
192,0.5800429286419191,-0.6632112170086191,5,Sample 3,Cell type 2
193,-1.88193301730402,-1.7616047302205908,2,Sample 3,Cell type 1
194,1.0202503494208957,0.687419795126934,5,Sample 3,Cell type 2
195,-0.8654895193030214,0.6936751886569087,2,Sample 3,Cell type 1
196,0.39358890490647125,0.8617834469517908,3,Sample 1,Cell type 2
197,-2.3779967523001497,0.4628292804160514,1,Sample 2,Cell type 1
198,0.6077892433387276,-0.7573045627161077,3,Sample 1,Cell type 2
199,-1.3537474813552608,0.9014686426877041,1,Sample 2,Cell type 1
200,-0.1964231530406575,-0.2560592739052999,5,Sample 3,Cell type 2
201,1.8384993701812853,0.3558363130670993,3,Sample 1,Cell type 2
202,0.6178616505800718,0.3578737515986511,4,Sample 2,Cell type 2
203,2.192504189451075,-0.8751015034345693,5,Sample 3,Cell type 2
204,-0.9589925069722915,0.561066424451924,2,Sample 3,Cell type 1
205,0.6946199315756568,-0.03720348432825323,3,Sample 1,Cell type 2
206,0.48526430842141044,0.7337917501281128,5,Sample 3,Cell type 2
207,-0.6315053224219729,-0.2490045945472309,2,Sample 3,Cell type 1
208,0.026727957334641506,0.3022625382480622,4,Sample 2,Cell type 2
209,-1.7011834654390305,0.18291235912742793,2,Sample 3,Cell type 1
210,2.167567780532991,-0.07143852601828106,5,Sample 3,Cell type 2
211,-1.0564111875458546,0.8596280884511145,0,Sample 1,Cell type 1
212,-2.638977462365047,-0.5379009149293714,2,Sample 3,Cell type 1
213,0.32008527874640635,2.009804325418959,5,Sample 3,Cell type 2
214,-1.5344302672618346,-0.14906826928586903,1,Sample 2,Cell type 1
215,2.301906962126231,-0.4138733360836262,3,Sample 1,Cell type 2
216,0.8838781389889503,-1.3606950776068922,2,Sample 3,Cell type 1
217,1.036470648085309,0.6850566351464746,5,Sample 3,Cell type 2
218,-0.53056452468624,-0.6612688921254383,4,Sample 2,Cell type 2
219,-0.36270219098026857,0.8610320851151256,0,Sample 1,Cell type 1
220,1.2823508646072164,-1.3361443127276875,3,Sample 1,Cell type 2
221,-0.2228245817306309,0.15432238583135185,2,Sample 3,Cell type 1
222,-1.5920510984669234,0.7690727043599541,1,Sample 2,Cell type 1
223,0.05100385549382658,0.22897875897109182,0,Sample 1,Cell type 1
224,0.2545356156864409,0.10817870287144957,5,Sample 3,Cell type 2
225,3.1110617457067966,-1.260064110961565,4,Sample 2,Cell type 2
226,2.207962118120369,-1.7406789709136194,3,Sample 1,Cell type 2
227,0.1898557949137034,-0.37210383312461576,4,Sample 2,Cell type 2
228,2.0345386276093316,-1.4169075459587668,4,Sample 2,Cell type 2
229,1.1821450335388257,-1.4012559780358302,3,Sample 1,Cell type 2
230,-0.9863353517136102,-0.8773259183305577,2,Sample 3,Cell type 1
231,-1.934689438759575,-1.468148233914851,1,Sample 2,Cell type 1
232,-0.4684106523769216,0.997833222524617,0,Sample 1,Cell type 1
233,1.6911438971648836,-0.47375177859961004,5,Sample 3,Cell type 2
234,-1.8985468952694622,0.2716127098375194,0,Sample 1,Cell type 1
235,-0.16018473489303764,-0.20044863069894636,1,Sample 2,Cell type 1
236,-0.2085246629763371,-0.9696384692862824,1,Sample 2,Cell type 1
237,1.5499638145995136,-0.689819787917809,4,Sample 2,Cell type 2
238,2.085236578644439,-0.8431157114634446,3,Sample 1,Cell type 2
239,-0.3561568161028803,0.6463671531371411,1,Sample 2,Cell type 1
240,0.40951248759492276,1.1423301047087586,4,Sample 2,Cell type 2
241,-0.7904919313538528,-0.6810875793143337,1,Sample 2,Cell type 1
242,-0.1607084881649503,1.1283613075977612,5,Sample 3,Cell type 2
243,1.862934675820905,1.0149176650647862,3,Sample 1,Cell type 2
244,-0.35855917402480175,-1.6948351872527254,1,Sample 2,Cell type 1
245,1.6472517997198934,1.637794608581338,3,Sample 1,Cell type 2
246,1.9998200302609899,-1.3507218137359573,4,Sample 2,Cell type 2
247,2.0095202281491273,0.20618534848174147,4,Sample 2,Cell type 2
248,-0.5402871203251647,0.9275225270616516,1,Sample 2,Cell type 1
249,1.0396563106659393,-1.6521918805593812,3,Sample 1,Cell type 2
250,0.09616323707500252,-0.46187672806205643,1,Sample 2,Cell type 1
251,1.5449622860117487,0.057966770188747845,4,Sample 2,Cell type 2
252,-0.2880712476612578,-0.818448709315265,0,Sample 1,Cell type 1
253,1.5633388863756124,1.2328814010257199,5,Sample 3,Cell type 2
254,-0.7795300860021495,-0.4562488578340168,0,Sample 1,Cell type 1
255,0.857316076825189,-0.8262171554750685,3,Sample 1,Cell type 2
256,-0.7095532956957195,-0.7445078491970907,0,Sample 1,Cell type 1
257,1.0570450533739464,-0.655551281917539,4,Sample 2,Cell type 2
258,-0.9605696752188013,-0.13230180146563975,0,Sample 1,Cell type 1
259,1.8889556643321397,-0.6980457252938428,4,Sample 2,Cell type 2
260,-0.5231762398762455,1.2974117585921103,0,Sample 1,Cell type 1
261,0.24103151984354276,0.6318272913005939,4,Sample 2,Cell type 2
262,-0.5798941075796389,-0.6256344222691852,3,Sample 1,Cell type 2
263,-2.4192968339718974,-0.722541999555758,1,Sample 2,Cell type 1
264,-0.513182333295109,0.7885522504721095,2,Sample 3,Cell type 1
265,0.7219359868618833,-1.8941245188887992,3,Sample 1,Cell type 2
266,-1.2114318443688772,-0.8041635832673522,2,Sample 3,Cell type 1
267,1.8213582902863963,0.3795452397027873,3,Sample 1,Cell type 2
268,2.104546439873136,-1.0891444526827967,3,Sample 1,Cell type 2
269,-0.25474706659602164,0.9639724503625245,2,Sample 3,Cell type 1
270,-0.7381926481689947,-1.7959786024065647,2,Sample 3,Cell type 1
271,-0.04585923823065485,1.4239050761732106,3,Sample 1,Cell type 2
272,1.125686506794307,0.058522168069902104,3,Sample 1,Cell type 2
273,-0.9103137714211229,-0.4531280887045793,0,Sample 1,Cell type 1
274,1.795246107394752,-1.2295785039020257,4,Sample 2,Cell type 2
275,-0.8779929252267618,0.6556667791630826,2,Sample 3,Cell type 1
276,3.4915362450633487,-0.22639671016572274,4,Sample 2,Cell type 2
277,-1.20784107718781,0.6265857283320765,0,Sample 1,Cell type 1
278,3.197130260738806,0.5485589065911961,5,Sample 3,Cell type 2
279,1.4368239167978711,-0.7641943658912012,3,Sample 1,Cell type 2
280,-0.22739399500900126,-0.2111585129616724,1,Sample 2,Cell type 1
281,-1.1988677564466976,0.024197255095077704,0,Sample 1,Cell type 1
282,-0.677991375686545,0.504706073731411,0,Sample 1,Cell type 1
283,2.0262254974040843,-1.062208560780333,4,Sample 2,Cell type 2
284,1.2450130527946492,-0.05154336973989204,3,Sample 1,Cell type 2
285,-0.1164110617075651,-0.2923482451577602,0,Sample 1,Cell type 1
286,-0.9474667382638939,-0.5434730381132592,2,Sample 3,Cell type 1
287,-0.8049851929321424,-0.27301506072942083,2,Sample 3,Cell type 1
288,1.9559507028297942,-0.2911634521060114,4,Sample 2,Cell type 2
289,0.8653276501733868,-1.2032801623264988,5,Sample 3,Cell type 2
290,-0.21583243228848026,-1.2113817122220738,0,Sample 1,Cell type 1
291,2.702972584749761,-0.7953472266219566,3,Sample 1,Cell type 2
292,-2.236062600072774,0.4679119255758773,2,Sample 3,Cell type 1
293,-0.486620943975284,-0.2982882341533526,2,Sample 3,Cell type 1
294,-1.5816045788594226,1.5977798033485608,0,Sample 1,Cell type 1
295,-2.188209886318578,1.6483128892689185,0,Sample 1,Cell type 1
296,1.591588985607585,0.28284067962106507,5,Sample 3,Cell type 2
297,-0.8823789779820559,-0.12737317803025347,2,Sample 3,Cell type 1
298,-2.1609648097669485,-1.1655708948572545,0,Sample 1,Cell type 1
299,-0.690590906605103,-0.04378711641340603,1,Sample 2,Cell type 1
300,1.1284195709814673,1.4433316699202374,5,Sample 3,Cell type 2
301,-0.4999559805968964,0.08062261312972394,0,Sample 1,Cell type 1
302,-1.50782283879165,0.16609617287733328,0,Sample 1,Cell type 1
303,2.374131397219539,1.712302384706604,3,Sample 1,Cell type 2
304,0.8264745214233288,-1.2055661312085335,5,Sample 3,Cell type 2
305,-0.8732023777799165,-1.5915954290065666,0,Sample 1,Cell type 1
306,1.1258392226663898,0.21464903310574873,5,Sample 3,Cell type 2
307,-0.3946836689175418,1.709893741405694,0,Sample 1,Cell type 1
308,-1.0471640055197224,1.533694964629942,1,Sample 2,Cell type 1
309,-1.5603844255610069,0.17514670971351845,0,Sample 1,Cell type 1
310,0.5820383967310803,1.2815090435221663,5,Sample 3,Cell type 2
311,-0.8561292472023396,-0.9249076268333624,0,Sample 1,Cell type 1
312,-1.0083597054110343,0.276282965417614,2,Sample 3,Cell type 1
313,-1.8989147203871424,0.3560389512866481,3,Sample 1,Cell type 2
314,0.2263065674412068,1.4765531071394586,1,Sample 2,Cell type 1
315,1.4115023307544092,1.2174831275532867,5,Sample 3,Cell type 2
316,-1.683219395398328,0.13535440782858688,0,Sample 1,Cell type 1
317,-0.08763398384216847,0.37087511838431414,5,Sample 3,Cell type 2
318,2.0666467282954066,0.8084722947201318,5,Sample 3,Cell type 2
319,-1.8629006105680972,-1.2172578204966502,2,Sample 3,Cell type 1
320,-1.0494046005546578,0.25699866737189125,0,Sample 1,Cell type 1
321,0.5584489893760126,-0.2544833948664315,4,Sample 2,Cell type 2
322,1.7032223078258633,0.04713549185481163,4,Sample 2,Cell type 2
323,0.7292566395709312,-1.464580555152584,3,Sample 1,Cell type 2
324,-2.6615690760142847,-0.8365597741731691,1,Sample 2,Cell type 1
325,1.2366709250110026,0.23829777988018166,1,Sample 2,Cell type 1
326,-1.6113075878736596,-2.6228303908352473,2,Sample 3,Cell type 1
327,2.792832972363378,1.6505068914219378,3,Sample 1,Cell type 2
328,-0.898056630516012,-1.29445018048563,0,Sample 1,Cell type 1
329,0.19577674542340806,0.281866026478482,1,Sample 2,Cell type 1
330,1.3032129375789543,0.4070469398837209,5,Sample 3,Cell type 2
331,1.245370162887473,0.308003021481911,4,Sample 2,Cell type 2
332,-1.370283946404402,1.0385106608301726,1,Sample 2,Cell type 1
333,-3.6365038210020413,1.8476748220514967,1,Sample 2,Cell type 1
334,-0.5455114489175885,0.7791796747531093,0,Sample 1,Cell type 1
335,0.4523401421527824,0.40818087136258185,0,Sample 1,Cell type 1
336,0.31545940201737477,0.5138468945479785,5,Sample 3,Cell type 2
337,0.4677447431457573,1.3996786807326078,3,Sample 1,Cell type 2
338,1.543646480429461,-0.36902647038501973,4,Sample 2,Cell type 2
339,-1.1237036631649227,0.857587092482645,0,Sample 1,Cell type 1
340,2.1059708951805036,0.4149702290667916,3,Sample 1,Cell type 2
341,-0.10308654047849752,-0.41984584130537816,1,Sample 2,Cell type 1
342,-0.1777738363900755,-0.7228610556123104,0,Sample 1,Cell type 1
343,-0.914150139019339,0.028459776519222994,4,Sample 2,Cell type 2
344,-0.2115578867231852,1.3254036081758838,1,Sample 2,Cell type 1
345,-0.3965674444829087,-0.9646715097361399,1,Sample 2,Cell type 1
346,-0.7862191473013189,-0.24042373734757921,4,Sample 2,Cell type 2
347,-1.6052370364057027,0.20094375232823478,2,Sample 3,Cell type 1
348,-0.05636561405446672,0.43899733897590437,2,Sample 3,Cell type 1
349,-0.003613636397138853,0.06589750528121854,5,Sample 3,Cell type 2
350,1.389117442780306,-0.6454637106502243,3,Sample 1,Cell type 2
351,-1.634510670182568,-0.05019216989193541,0,Sample 1,Cell type 1
352,-0.006459807968283604,-0.2306527418264152,2,Sample 3,Cell type 1
353,-1.7628705357571763,-0.5868799997337546,1,Sample 2,Cell type 1
354,0.06753092663806903,1.3862915818378974,2,Sample 3,Cell type 1
355,-0.780708498667557,-0.9811875661194868,2,Sample 3,Cell type 1
356,1.7404141839167293,0.30178553075757697,4,Sample 2,Cell type 2
357,-0.36260701906909854,0.2098945181371515,0,Sample 1,Cell type 1
358,0.8785087948206447,-0.6458752238494866,5,Sample 3,Cell type 2
359,2.2168354293768937,1.8894667684522584,3,Sample 1,Cell type 2
360,0.21576709762910484,-0.5883112265736771,2,Sample 3,Cell type 1
361,-2.42400085007183,0.0452049292491124,2,Sample 3,Cell type 1
362,0.18565465907089318,0.17783964422315968,0,Sample 1,Cell type 1
363,-0.44289516195268663,-1.6333954465332654,4,Sample 2,Cell type 2
364,0.07346164887477302,-1.132081340317999,1,Sample 2,Cell type 1
365,-0.3340082813095777,1.0364990247427281,4,Sample 2,Cell type 2
366,-0.1555445746216021,-0.46444025539563655,0,Sample 1,Cell type 1
367,-1.6076604474769434,-0.13006680364396606,1,Sample 2,Cell type 1
368,0.6975673110894771,0.15712003154865506,0,Sample 1,Cell type 1
369,0.6422061731087998,-1.246066217482497,4,Sample 2,Cell type 2
370,-0.3595466097199992,-1.0121778826540824,0,Sample 1,Cell type 1
371,-1.1352884142446849,-0.29402659186772767,1,Sample 2,Cell type 1
372,1.8645519092531369,0.7123476923756615,5,Sample 3,Cell type 2
373,-0.8333420168530774,0.38290037776575503,1,Sample 2,Cell type 1
374,0.042736021106663635,-0.7386140865165395,0,Sample 1,Cell type 1
375,-2.79436207831431,0.3366509128628149,0,Sample 1,Cell type 1
376,1.6180966634530196,-0.5776392635499072,4,Sample 2,Cell type 2
377,-0.1903601121100743,0.2765695687889484,0,Sample 1,Cell type 1
378,1.5123603909430576,0.06450169849221972,5,Sample 3,Cell type 2
379,0.14958214958343974,0.5812178774433403,5,Sample 3,Cell type 2
380,-2.0456054595211275,-0.25482500706939043,1,Sample 2,Cell type 1
381,-0.4991021879196177,-1.2019334121899024,1,Sample 2,Cell type 1
382,-1.6031036804088097,1.0545461232445437,1,Sample 2,Cell type 1
383,-0.23419183404882504,-0.12363460955945699,1,Sample 2,Cell type 1
384,0.4970837630035384,-0.2808647388474596,3,Sample 1,Cell type 2
385,1.6930450980258271,1.355532516697452,5,Sample 3,Cell type 2
386,-0.7833221384602885,2.3415148027623554,0,Sample 1,Cell type 1
387,-0.07274489137134199,0.21491024312386217,0,Sample 1,Cell type 1
388,-1.5472055286435913,-0.9130317540366726,2,Sample 3,Cell type 1
389,0.9735834680958749,0.3557765273843978,4,Sample 2,Cell type 2
390,-0.6700615785128365,-0.8458918076946197,0,Sample 1,Cell type 1
391,1.2593350373862293,0.3229632654110269,5,Sample 3,Cell type 2
392,-1.4357565561238634,-0.8696216877779287,2,Sample 3,Cell type 1
393,-1.9766354739020184,-0.7428694769810597,1,Sample 2,Cell type 1
394,0.0872522036857285,0.30507830430143534,4,Sample 2,Cell type 2
395,-0.5560138892071997,0.1663525113253865,0,Sample 1,Cell type 1
396,-1.3721186450109484,0.23425245592459754,1,Sample 2,Cell type 1
397,-1.7985965129701942,0.6946165595120951,2,Sample 3,Cell type 1
398,-0.2880694999121769,-1.730894657588777,5,Sample 3,Cell type 2
399,0.3069059292643044,0.012734338469182463,2,Sample 3,Cell type 1
400,-1.8607927391362078,0.42516565009233964,1,Sample 2,Cell type 1
401,1.555685767834592,-0.6060728156038853,5,Sample 3,Cell type 2
402,-0.9476121533986,-1.0286732680475608,0,Sample 1,Cell type 1
403,-1.2719625282843592,-2.3428233790445687,1,Sample 2,Cell type 1
404,1.9760297723715587,-0.1907005780784183,5,Sample 3,Cell type 2
405,0.9639665132310107,1.3797112880242646,5,Sample 3,Cell type 2
406,1.2462531230491347,-0.540455971872567,5,Sample 3,Cell type 2
407,-0.9126302055867637,0.8717804914796004,0,Sample 1,Cell type 1
408,0.11445476429027224,0.019144419062455485,0,Sample 1,Cell type 1
409,-1.250995054735681,0.7606421740658894,1,Sample 2,Cell type 1
410,2.4214941025253736,-0.5505836755541265,3,Sample 1,Cell type 2
411,0.43386796397545746,-0.46009410878806667,0,Sample 1,Cell type 1
412,-0.19128461375796113,-0.3923113221813897,4,Sample 2,Cell type 2
413,2.940714668556369,-0.34262516141558325,4,Sample 2,Cell type 2
414,-1.283766989757512,-0.8469204305997412,2,Sample 3,Cell type 1
415,-1.0665528090475533,-0.40649352854366044,1,Sample 2,Cell type 1
416,0.94705043128163,-0.19883855244565135,3,Sample 1,Cell type 2
417,3.0997147764274193,1.1663350754163755,5,Sample 3,Cell type 2
418,-0.3551730205077499,0.7559500857678249,5,Sample 3,Cell type 2
419,0.03142712972785855,-0.6996343363613159,2,Sample 3,Cell type 1
420,0.5050676507820889,-0.45905755508647417,4,Sample 2,Cell type 2
421,2.3084562134096966,-0.43196817844098806,4,Sample 2,Cell type 2
422,-1.371231110699143,-0.6648277484966065,2,Sample 3,Cell type 1
423,0.009675354314826912,-0.16801106608210048,2,Sample 3,Cell type 1
424,1.8868597403050447,-1.4272610763472626,3,Sample 1,Cell type 2
425,-1.4848847536114862,-0.2294522733632304,2,Sample 3,Cell type 1
426,1.9007384479915728,-0.7035048651121989,5,Sample 3,Cell type 2
427,0.050758840687801454,-0.6515682574210087,2,Sample 3,Cell type 1
428,-2.4053439001976735,1.3530778455860992,1,Sample 2,Cell type 1
429,-1.6940802695943615,-1.5965726545009165,2,Sample 3,Cell type 1
430,-1.6270946365866175,0.5238239103762542,1,Sample 2,Cell type 1
431,0.37318501919198044,1.6777795732986147,5,Sample 3,Cell type 2
432,-1.1444861168657585,-0.9911939658927389,5,Sample 3,Cell type 2
433,1.30709425824283,1.3502471481008893,3,Sample 1,Cell type 2
434,-0.7357978610500336,-1.2209236241610646,0,Sample 1,Cell type 1
435,-1.4200829307562965,-1.3346859887841764,2,Sample 3,Cell type 1
436,0.48453280489152895,0.9635495039812676,1,Sample 2,Cell type 1
437,-0.09355851946299776,0.4661952987523067,2,Sample 3,Cell type 1
438,1.0928058242010734,-0.24416690683287645,5,Sample 3,Cell type 2
439,-1.7114270099007807,0.42432152142239615,0,Sample 1,Cell type 1
440,-0.6946851020045539,-1.37123802960135,4,Sample 2,Cell type 2
441,-1.3930878135143958,-1.4459193906648113,1,Sample 2,Cell type 1
442,0.08047849262648543,0.12632388286324228,1,Sample 2,Cell type 1
443,0.45549131747176164,0.09392034377089163,1,Sample 2,Cell type 1
444,-0.31288255327762426,0.21162176942956967,4,Sample 2,Cell type 2
445,-0.9657968696486198,0.10802819404643518,0,Sample 1,Cell type 1
446,-1.0981210779671173,0.030937778123814083,2,Sample 3,Cell type 1
447,2.6877028496350497,0.09406263246823902,5,Sample 3,Cell type 2
448,0.06795634955914509,0.79295300285169,4,Sample 2,Cell type 2
449,-0.6922595695119063,-0.9226971771636897,4,Sample 2,Cell type 2
450,2.833489575746522,0.1323691447013766,4,Sample 2,Cell type 2
451,-1.0171145871124199,-0.902276428174028,0,Sample 1,Cell type 1
452,-1.1578406103088217,0.44235508252210526,2,Sample 3,Cell type 1
453,1.1529770857743424,0.6316407364890096,4,Sample 2,Cell type 2
454,-2.2796296000676595,1.3512002867599382,0,Sample 1,Cell type 1
455,1.658708262310943,1.129066832143071,3,Sample 1,Cell type 2
456,1.1682911887521978,-0.039845987860183944,3,Sample 1,Cell type 2
457,-0.7334917506418815,0.2349497449619004,0,Sample 1,Cell type 1
458,-1.4818015783146008,0.3226082563886582,1,Sample 2,Cell type 1
459,0.30602924701553746,0.8633437434766862,0,Sample 1,Cell type 1
460,0.3648199939955219,-0.23454749910056238,5,Sample 3,Cell type 2
461,1.8368510610608766,-1.0111446299156381,1,Sample 2,Cell type 1
462,-0.4129244635507926,-1.4682015993753659,2,Sample 3,Cell type 1
463,0.56785394512626,0.02712659518365964,5,Sample 3,Cell type 2
464,2.3638724338133885,1.0318384428597345,4,Sample 2,Cell type 2
465,-1.0582197445292667,0.06558668821396385,1,Sample 2,Cell type 1
466,-0.7342906824634572,-0.21441030755005577,2,Sample 3,Cell type 1
467,-0.4084765040976015,-0.5407984582684313,4,Sample 2,Cell type 2
468,0.0434429389704698,0.8757914049135648,2,Sample 3,Cell type 1
469,-2.2355735063329574,0.3163319103169815,1,Sample 2,Cell type 1
470,-0.562433687594255,-1.754434579790181,2,Sample 3,Cell type 1
471,2.819956690078641,1.6480594220092988,4,Sample 2,Cell type 2
472,-0.9074272798608993,0.13440771995389242,2,Sample 3,Cell type 1
473,2.6839670340773027,-0.7657956801350089,3,Sample 1,Cell type 2
474,0.6712472276165036,2.149170934972259,3,Sample 1,Cell type 2
475,-1.2008820291713247,1.340877094741874,1,Sample 2,Cell type 1
476,-0.8422418989594685,-1.2030528949883377,1,Sample 2,Cell type 1
477,-0.2995329923663812,0.4003681838017392,3,Sample 1,Cell type 2
478,-0.7980943088997257,0.813615799285183,1,Sample 2,Cell type 1
479,0.3022800959183596,0.17689929886041716,0,Sample 1,Cell type 1
480,1.0649379131395853,0.6644135077345458,3,Sample 1,Cell type 2
481,0.306443844887195,1.36857608641534,5,Sample 3,Cell type 2
482,-0.9693753300349912,0.10023534165604718,1,Sample 2,Cell type 1
483,0.4123448597511272,-0.49481042367423,3,Sample 1,Cell type 2
484,0.687905580909959,-0.5272134511038211,3,Sample 1,Cell type 2
485,0.07554196603235819,-1.3708682143053972,0,Sample 1,Cell type 1
486,-0.8293765450611309,0.9009414833104271,0,Sample 1,Cell type 1
487,-1.385963133045466,0.37425315265745446,2,Sample 3,Cell type 1
488,-1.6015106753621215,-0.05496810421713849,2,Sample 3,Cell type 1
489,1.7167873299778993,1.4975876518272897,4,Sample 2,Cell type 2
490,-0.35049514236108836,-1.0161465940955063,0,Sample 1,Cell type 1
491,-0.3459873828483835,-0.01106860437725185,3,Sample 1,Cell type 2
492,-0.4430023317791617,1.474523759043847,2,Sample 3,Cell type 1
493,2.2142611439998348,0.021988656160230744,3,Sample 1,Cell type 2
494,-3.4271979786474147,-0.04886537986603099,0,Sample 1,Cell type 1
495,1.4733435522291853,0.21950184745840584,4,Sample 2,Cell type 2
496,-1.9326783226363933,-0.18311502697227441,2,Sample 3,Cell type 1
497,-1.8914826926176196,-0.5096679566424948,0,Sample 1,Cell type 1
498,1.0377063290388489,2.3730022277510296,4,Sample 2,Cell type 2
499,0.5336793489998284,-0.4844134170673102,5,Sample 3,Cell type 2
500,-1.5360951646391428,1.2369942838537356,0,Sample 1,Cell type 1
501,-0.10499736204198329,0.5814055684030963,2,Sample 3,Cell type 1
502,2.0236429878660225,0.3595224353419666,3,Sample 1,Cell type 2
503,-0.1763885099592193,0.1674615892234922,5,Sample 3,Cell type 2
504,-1.6955899010412483,0.3663470584120816,0,Sample 1,Cell type 1
505,-0.281934368756075,-1.686097173559155,2,Sample 3,Cell type 1
506,-0.13248375933172374,-0.018088876592686483,2,Sample 3,Cell type 1
507,0.4029955088389283,-1.2376344528362728,5,Sample 3,Cell type 2
508,0.90994057731137,0.9292187344960322,0,Sample 1,Cell type 1
509,0.31775951487719367,0.8971728961192272,1,Sample 2,Cell type 1
510,0.3030167766120795,0.8447760204110502,2,Sample 3,Cell type 1
511,-1.6061415618194816,0.2510947460014218,0,Sample 1,Cell type 1
512,0.6919256408957659,0.8118821804294413,4,Sample 2,Cell type 2
513,1.3420606965164488,0.5139923657322315,5,Sample 3,Cell type 2
514,1.1471029719557295,0.11596465922032287,5,Sample 3,Cell type 2
515,0.006269089002472805,-0.8621350555457412,5,Sample 3,Cell type 2
516,-1.3579117242531438,-1.0656275024003035,1,Sample 2,Cell type 1
517,-1.8544589999487489,2.369143858353652,0,Sample 1,Cell type 1
518,-1.0901386688319574,-0.18330637515926929,0,Sample 1,Cell type 1
519,-0.649355928317211,-1.9983789080416134,2,Sample 3,Cell type 1
520,0.9256666821838386,0.6929718582017004,3,Sample 1,Cell type 2
521,-1.169382194895539,-0.09322816806520255,2,Sample 3,Cell type 1
522,-1.6759755541633017,-1.13907280058083,5,Sample 3,Cell type 2
523,1.415144875886048,-0.831921600267338,3,Sample 1,Cell type 2
524,-1.386372002065534,-0.6231788818864704,0,Sample 1,Cell type 1
525,-0.8234816868784833,-0.8136614607624003,1,Sample 2,Cell type 1
526,0.06806115815959801,1.2927018651353808,1,Sample 2,Cell type 1
527,-0.7990471780701665,-1.0785529124568407,2,Sample 3,Cell type 1
528,0.9076162838944316,1.2272465656797298,5,Sample 3,Cell type 2
529,0.716858697302156,1.3771670614169047,5,Sample 3,Cell type 2
530,-1.1989382171833456,0.062432822392262485,2,Sample 3,Cell type 1
531,0.7170005887321336,1.192950197749131,5,Sample 3,Cell type 2
532,0.3079479284382902,-0.07040759315266604,2,Sample 3,Cell type 1
533,0.8977088417508639,1.439210916753061,5,Sample 3,Cell type 2
534,1.314795785745472,-2.0244892087806874,2,Sample 3,Cell type 1
535,0.0647018524083105,0.7361833900084753,3,Sample 1,Cell type 2
536,-0.14540127810280867,-1.3364081716049132,0,Sample 1,Cell type 1
537,-1.527773633999896,-0.5577949154284899,2,Sample 3,Cell type 1
538,-0.17530509276776673,0.31183962830819345,0,Sample 1,Cell type 1
539,-1.9460980268042525,-2.2785923846257323,2,Sample 3,Cell type 1
540,0.37965103916285103,-0.6164965351137535,5,Sample 3,Cell type 2
541,0.8762416291079145,-0.9071205258853855,2,Sample 3,Cell type 1
542,0.722605664655253,-0.31207490190741843,5,Sample 3,Cell type 2
543,-1.9530168283509406,1.333497062216339,1,Sample 2,Cell type 1
544,0.38205592133661925,-0.7611203803018701,5,Sample 3,Cell type 2
545,-0.10356142203141516,1.9769814494810587,3,Sample 1,Cell type 2
546,-2.8757016455487294,1.5522269847849977,1,Sample 2,Cell type 1
547,-1.102132581293927,0.19940262626178956,2,Sample 3,Cell type 1
548,-2.03802119015984,-0.4046851744585325,5,Sample 3,Cell type 2
549,-0.5579131011292033,-0.3222264417722876,1,Sample 2,Cell type 1
550,1.2140876407139807,-0.2291471874124952,5,Sample 3,Cell type 2
551,1.166466328607878,2.161425294927317,4,Sample 2,Cell type 2
552,-1.4136910950456973,-0.9718582030033383,2,Sample 3,Cell type 1
553,1.4508255961772718,-0.8840918450490983,3,Sample 1,Cell type 2
554,1.2268033850817357,0.5391757667653401,5,Sample 3,Cell type 2
555,-1.031216398648103,0.21079325928286868,0,Sample 1,Cell type 1
556,-0.6395667521443041,0.11795866759426386,1,Sample 2,Cell type 1
557,-0.6844329106537967,0.44026841713289716,0,Sample 1,Cell type 1
558,-1.7132686645894306,-0.10326279732020911,0,Sample 1,Cell type 1
559,-0.029187249911833968,-0.03465762255063649,0,Sample 1,Cell type 1
560,-1.4120635475642405,-0.1434260089313159,1,Sample 2,Cell type 1
561,-1.617651222179576,-1.2894041607656874,2,Sample 3,Cell type 1
562,0.07597824927803853,-1.3670728027319832,2,Sample 3,Cell type 1
563,2.921789011578362,-0.3028904290881999,5,Sample 3,Cell type 2
564,1.2176218644001737,0.2712663628030057,3,Sample 1,Cell type 2
565,-1.1147942083397808,1.3600394372226128,1,Sample 2,Cell type 1
566,-2.7559916776347624,0.12922914285464418,1,Sample 2,Cell type 1
567,-1.5468817108361255,-0.12357986920999164,2,Sample 3,Cell type 1
568,0.6682425707928703,0.7263417749460186,3,Sample 1,Cell type 2
569,1.3451095133687945,-0.8919820217984523,4,Sample 2,Cell type 2
570,-1.021809550482723,1.082206123184765,2,Sample 3,Cell type 1
571,0.08109252994755045,-0.36726783571939625,0,Sample 1,Cell type 1
572,0.08007106078417525,-0.44271220275558465,1,Sample 2,Cell type 1
573,-3.37217296511519,0.0030379559374448992,1,Sample 2,Cell type 1
574,0.6207788730066023,0.5592120659721921,3,Sample 1,Cell type 2
575,-1.6469491488478574,0.6705047815895531,1,Sample 2,Cell type 1
576,1.6432710849000505,-0.2103516520665529,3,Sample 1,Cell type 2
577,-1.1003579444286493,-0.7244698327673048,1,Sample 2,Cell type 1
578,0.2920851175979349,0.2991350999015863,4,Sample 2,Cell type 2
579,-1.0840481730099534,-0.4763989012035338,1,Sample 2,Cell type 1
580,-1.56633705432351,1.3803549389248493,1,Sample 2,Cell type 1
581,0.4439051974777366,-0.25658483133781257,2,Sample 3,Cell type 1
582,-0.6793724901645248,1.1353673272819644,2,Sample 3,Cell type 1
583,-0.11899939729889875,-1.234568816337155,1,Sample 2,Cell type 1
584,2.145185544534936,0.1956652674543031,5,Sample 3,Cell type 2
585,0.3240532947442478,-0.1883913094366795,0,Sample 1,Cell type 1
586,0.557594254882963,-1.2714531830105007,3,Sample 1,Cell type 2
587,-1.014780606465477,1.0695539461032757,0,Sample 1,Cell type 1
588,-0.6231160358852531,0.1985251839636247,2,Sample 3,Cell type 1
589,-0.47245077964649496,-0.37117243639483233,1,Sample 2,Cell type 1
590,0.0697371407783074,1.6644259272477429,2,Sample 3,Cell type 1
591,0.6345737610285562,0.4834618330875624,5,Sample 3,Cell type 2
592,-0.4006681731509848,0.3794279495530101,1,Sample 2,Cell type 1
593,-0.5377599040872552,-0.47943075569572025,0,Sample 1,Cell type 1
594,-1.3248695492371718,1.0433968230278232,0,Sample 1,Cell type 1
595,0.8076067767438859,-0.902971647877947,5,Sample 3,Cell type 2
596,0.811324005922754,0.5476424838102709,5,Sample 3,Cell type 2
597,-2.1953674440085873,0.17717511228221117,0,Sample 1,Cell type 1
598,-0.6170590600837927,1.0775222312807051,1,Sample 2,Cell type 1
599,0.38366910123499365,-0.0848421636884106,4,Sample 2,Cell type 2
600,-1.0188114345677333,0.1055946449779038,0,Sample 1,Cell type 1
601,-0.5294480607680503,-0.5163300035447211,0,Sample 1,Cell type 1
602,1.2415719463251058,0.2258559186408387,4,Sample 2,Cell type 2
603,-1.2883465534931149,-1.6014590374564985,2,Sample 3,Cell type 1
604,1.260405015078686,-0.15320141277406132,5,Sample 3,Cell type 2
605,1.3974963077674545,-1.2903570223292056,3,Sample 1,Cell type 2
606,-1.7363789950800763,-0.0030370116698568463,0,Sample 1,Cell type 1
607,-0.3280497718580585,0.2930200351083631,2,Sample 3,Cell type 1
608,-2.3468763295810713,-0.5850215409662084,1,Sample 2,Cell type 1
609,2.757753725985907,-0.895370717220787,4,Sample 2,Cell type 2
610,-0.37330942412770884,0.25091983114691463,2,Sample 3,Cell type 1
611,1.6868280706386911,0.8302330532097982,5,Sample 3,Cell type 2
612,-2.169623113234838,0.7467591760912571,1,Sample 2,Cell type 1
613,-2.770362733228437,-1.0054678155363022,1,Sample 2,Cell type 1
614,0.3375427118783372,-0.2798437647159845,3,Sample 1,Cell type 2
615,2.127752389219523,-0.08121859329628983,5,Sample 3,Cell type 2
616,-2.553226055911537,-0.6098081871020896,1,Sample 2,Cell type 1
617,0.8316482351737037,0.08591583722246691,4,Sample 2,Cell type 2
618,-1.6785681299800088,-0.2526075691800967,0,Sample 1,Cell type 1
619,-0.3829692283314252,-0.1274837274091142,2,Sample 3,Cell type 1
620,0.7947948458712539,-1.26627971589359,3,Sample 1,Cell type 2
621,-1.4347549465150955,0.13211371078699444,0,Sample 1,Cell type 1
622,-1.023016880972795,-1.5921683144002066,1,Sample 2,Cell type 1
623,-1.5813677612120818,-0.7192728059852282,0,Sample 1,Cell type 1
624,-1.9818697871936783,-0.36973285915912635,0,Sample 1,Cell type 1
625,-1.5090187310865915,-0.42418414903600615,2,Sample 3,Cell type 1
626,1.1087112092509992,-0.6750204134091453,5,Sample 3,Cell type 2
627,-0.5581225435255738,0.6613900074448358,0,Sample 1,Cell type 1
628,-1.032930976908638,0.5936849982741335,2,Sample 3,Cell type 1
629,-0.4136302077944448,-1.0239171033823349,1,Sample 2,Cell type 1
630,-2.2580249305818674,1.0823188547027047,2,Sample 3,Cell type 1
631,1.1445849463178048,0.5960366839436577,3,Sample 1,Cell type 2
632,1.1580431948239331,-0.13675601112478727,4,Sample 2,Cell type 2
633,-1.344535470651672,-0.11135605164735253,1,Sample 2,Cell type 1
634,-1.8246466905073526,1.2198985209949462,1,Sample 2,Cell type 1
635,-1.4404954982664,0.9397447893621649,0,Sample 1,Cell type 1
636,-1.45732617788258,-0.13300228693572438,1,Sample 2,Cell type 1
637,0.5297311635313268,-1.3059935878200648,5,Sample 3,Cell type 2
638,0.9098445080919191,0.19343336829903512,5,Sample 3,Cell type 2
639,-2.1091881152476004,0.8572157734825525,2,Sample 3,Cell type 1
640,0.4605798654523027,1.1118885981811206,5,Sample 3,Cell type 2
641,0.6612197008706242,0.2844610827569561,4,Sample 2,Cell type 2
642,-1.5024715785514275,-0.9901388096745254,1,Sample 2,Cell type 1
643,-1.877829424550425,1.1731571387412831,1,Sample 2,Cell type 1
644,0.26726206906215677,-1.0486817999687597,4,Sample 2,Cell type 2
645,-0.059503775706089446,0.4216861453914622,3,Sample 1,Cell type 2
646,2.801730213323525,0.03965817142164392,5,Sample 3,Cell type 2
647,1.2038884758378965,1.168124855094686,5,Sample 3,Cell type 2
648,-0.8291183878685462,-1.189400207859946,3,Sample 1,Cell type 2
649,1.0443953492153593,0.6502022866988815,3,Sample 1,Cell type 2
650,2.7255591717451786,0.7461885960165021,5,Sample 3,Cell type 2
651,-1.6449161395816947,0.7286349923746973,2,Sample 3,Cell type 1
652,0.9853991941636528,1.04115040293329,3,Sample 1,Cell type 2
653,-1.495103754642885,-0.132322881087765,1,Sample 2,Cell type 1
654,-0.5364570823245569,3.467458341589249,0,Sample 1,Cell type 1
655,-2.0771097817836806,0.8043279204501999,1,Sample 2,Cell type 1
656,0.10433113734398503,-1.4225435467282521,2,Sample 3,Cell type 1
657,-0.020107311204995093,-0.33867065243249644,1,Sample 2,Cell type 1
658,-0.997167045784306,1.1069913315948148,2,Sample 3,Cell type 1
659,1.2620824796242291,-0.3272159654235262,3,Sample 1,Cell type 2
660,-1.909538397936022,-0.4636965544274185,1,Sample 2,Cell type 1
661,0.27316779391153356,-0.20112525471324524,3,Sample 1,Cell type 2
662,2.2904495547938604,-1.23956594034489,4,Sample 2,Cell type 2
663,-1.5466189898909901,-0.06949894070074102,1,Sample 2,Cell type 1
664,-1.0887293190558356,0.016964660650362895,0,Sample 1,Cell type 1
665,1.8943662365811615,-0.22777815691269976,5,Sample 3,Cell type 2
666,-1.044126406754233,-0.1443240729403477,1,Sample 2,Cell type 1
667,2.1826674833721436,-0.8538738257412001,3,Sample 1,Cell type 2
668,-0.43785775625161083,1.341123769889857,4,Sample 2,Cell type 2
669,-1.2387110828355166,-0.41240072633085084,4,Sample 2,Cell type 2
670,-0.09330042412432127,-1.1294304012020633,1,Sample 2,Cell type 1
671,-0.3889477110139903,-0.731162114043678,1,Sample 2,Cell type 1
672,-1.5963613830512622,0.5135388017338434,0,Sample 1,Cell type 1
673,0.60318803025023,-1.0048057696656427,5,Sample 3,Cell type 2
674,-0.7548207430117511,0.3757185808391655,2,Sample 3,Cell type 1
675,-0.10298124999341196,0.12132128096118308,5,Sample 3,Cell type 2
676,1.720631752791019,1.8538605015636618,3,Sample 1,Cell type 2
677,-0.12514873083425027,-0.011974171840771779,2,Sample 3,Cell type 1
678,-1.4308827143695197,0.32352821779241303,2,Sample 3,Cell type 1
679,-1.073936060553312,1.0055662484293149,0,Sample 1,Cell type 1
680,0.3828925741688828,0.7382685370580683,3,Sample 1,Cell type 2
681,-1.8346178207715167,0.21453208446130662,0,Sample 1,Cell type 1
682,-1.0174776452989593,-0.2728618045508479,0,Sample 1,Cell type 1
683,-0.7470916747463743,-1.9193360635393526,1,Sample 2,Cell type 1
684,0.8601198107250163,-1.0401368174252237,4,Sample 2,Cell type 2
685,-1.7882581658455992,-0.7252196893957842,2,Sample 3,Cell type 1
686,-1.258061460645568,-0.6918897690346685,4,Sample 2,Cell type 2
687,-2.6160788553670136,-0.29708117253129357,2,Sample 3,Cell type 1
688,0.5094214930039687,1.6350800666175942,3,Sample 1,Cell type 2
689,-0.7690003023288547,-0.5284037435581328,3,Sample 1,Cell type 2
690,1.2846464022337423,1.2295933066852092,5,Sample 3,Cell type 2
691,2.196814928684568,-1.508022404661685,4,Sample 2,Cell type 2
692,-1.5452747386830041,1.5474401155865671,1,Sample 2,Cell type 1
693,-0.38500390647003757,-0.18838243762142542,1,Sample 2,Cell type 1
694,3.400214700088008,0.087440208377623,3,Sample 1,Cell type 2
695,-2.1652133281488153,1.0447441086406675,0,Sample 1,Cell type 1
696,-1.0930881018612555,-1.1151474322739783,1,Sample 2,Cell type 1
697,0.7977880885331169,0.9675190930598188,5,Sample 3,Cell type 2
698,-1.5385938225229423,-0.8699291018867836,2,Sample 3,Cell type 1
699,-2.3060581210464033,-0.010880053061449105,1,Sample 2,Cell type 1
700,0.4325873912330702,1.4733741671934681,3,Sample 1,Cell type 2
701,1.2315280790003515,-0.3100294878772074,3,Sample 1,Cell type 2
702,-1.6081372712454507,0.030737175739222137,1,Sample 2,Cell type 1
703,-1.3749627750539162,-0.056810711800123426,2,Sample 3,Cell type 1
704,-0.7979933632960252,0.9423884723509391,0,Sample 1,Cell type 1
705,0.005150397976958931,0.16777455276964168,1,Sample 2,Cell type 1
706,-0.5115525136220631,-1.0874731640933994,5,Sample 3,Cell type 2
707,2.705633750898073,-0.23684514485384395,4,Sample 2,Cell type 2
708,-1.7160013611467941,0.38195454407491136,1,Sample 2,Cell type 1
709,2.2908787024168684,0.2562791340470114,3,Sample 1,Cell type 2
710,0.5248053804109478,1.2177622441497666,3,Sample 1,Cell type 2
711,-1.278288169344877,-0.6769407650315249,0,Sample 1,Cell type 1
712,1.438067351942254,0.1775820710612399,5,Sample 3,Cell type 2
713,0.788355000529497,-0.47787380803076807,1,Sample 2,Cell type 1
714,0.257237235252222,-0.44362644745432706,4,Sample 2,Cell type 2
715,0.4368042606414013,0.20693191087614377,4,Sample 2,Cell type 2
716,2.928706349126419,-0.42278801790342313,3,Sample 1,Cell type 2
717,1.1646231072582303,-1.668359017097211,5,Sample 3,Cell type 2
718,1.6606957022265239,-1.3839370276770022,4,Sample 2,Cell type 2
719,0.5552289792397785,0.2554601105724631,3,Sample 1,Cell type 2
720,1.0850748108296215,1.6254802060532652,3,Sample 1,Cell type 2
721,-1.3863199782687956,0.5296979427936478,1,Sample 2,Cell type 1
722,-2.878324316741862,-0.5261559575914796,1,Sample 2,Cell type 1
723,0.9263132405282448,0.5073062888431404,5,Sample 3,Cell type 2
724,-0.784128028735633,0.43767899401519944,2,Sample 3,Cell type 1
725,1.6747709278945129,-1.8134111092559475,3,Sample 1,Cell type 2
726,2.0774606783157212,-0.6939379414270842,5,Sample 3,Cell type 2
727,0.3387960156908265,0.860342240097686,4,Sample 2,Cell type 2
728,-2.0781697862955353,0.7983717988016583,2,Sample 3,Cell type 1
729,-1.6654342667131328,1.0727094009722156,1,Sample 2,Cell type 1
730,1.759556260467038,-0.2553175988344555,5,Sample 3,Cell type 2
731,0.36883938628760504,-0.7882333421816641,3,Sample 1,Cell type 2
732,-0.7057653636122536,-0.1971904759279778,0,Sample 1,Cell type 1
733,0.6709826929057594,-0.43358937398412767,2,Sample 3,Cell type 1
734,-3.088284038407381,0.7043668436848664,2,Sample 3,Cell type 1
735,-0.833760572697025,0.8441239837595895,1,Sample 2,Cell type 1
736,0.5863552311182676,-0.9569328178781503,5,Sample 3,Cell type 2
737,-0.11226114468465664,-0.6407759045330305,2,Sample 3,Cell type 1
738,1.7775311949662014,0.6922222013790298,4,Sample 2,Cell type 2
739,-2.475535746272891,-0.35322399545478567,1,Sample 2,Cell type 1
740,1.5793018777202419,1.869609095612958,4,Sample 2,Cell type 2
741,-1.2224596442685371,-0.6137858231980187,0,Sample 1,Cell type 1
742,0.7638535292702076,0.4055517444882495,2,Sample 3,Cell type 1
743,-0.1816716769525457,0.3545777032779621,3,Sample 1,Cell type 2
744,1.1599282412112157,-0.7151932657312235,5,Sample 3,Cell type 2
745,-0.8521347111664879,1.9766008279375193,2,Sample 3,Cell type 1
746,-0.09075287184758585,-0.03992530996040547,2,Sample 3,Cell type 1
747,-0.02269399075157974,0.4272284095919575,0,Sample 1,Cell type 1
748,2.0453527436337784,-0.1663890806207391,5,Sample 3,Cell type 2
749,0.5649662166679983,-0.2891184895061205,1,Sample 2,Cell type 1
750,2.510361929912383,-0.06567248869315045,5,Sample 3,Cell type 2
751,0.9216862990136763,-0.5248105481918683,5,Sample 3,Cell type 2
752,-0.7748801239794363,0.25922553147494026,3,Sample 1,Cell type 2
753,-0.22896776778169992,1.5096393790249403,2,Sample 3,Cell type 1
754,1.5784454373683354,0.6485753082215403,5,Sample 3,Cell type 2
755,1.629291194804788,-1.4468771794708772,5,Sample 3,Cell type 2
756,3.377810719443358,0.5382892395427197,3,Sample 1,Cell type 2
757,0.048236796735911636,0.5610080706073457,4,Sample 2,Cell type 2
758,-1.3812387235553594,-1.2290556637711345,2,Sample 3,Cell type 1
759,-0.28800272849412956,-0.06302679912724012,5,Sample 3,Cell type 2
760,-0.3614933645748645,-0.39193773351285904,0,Sample 1,Cell type 1
761,0.7218403869355658,0.36434106792744125,3,Sample 1,Cell type 2
762,-2.3940644725481275,0.2321783830990628,1,Sample 2,Cell type 1
763,1.294295061943088,-0.7516120535750116,3,Sample 1,Cell type 2
764,-1.030532703335118,-1.4352803623469992,2,Sample 3,Cell type 1
765,-0.5470373716584622,0.9422590809853882,4,Sample 2,Cell type 2
766,-1.1920985838371871,1.341653523164957,0,Sample 1,Cell type 1
767,-0.7311223824708823,-0.6766119450856659,0,Sample 1,Cell type 1
768,0.3196443639772716,0.32439750866349565,3,Sample 1,Cell type 2
769,1.1499741057806547,0.9539551527861387,3,Sample 1,Cell type 2
770,2.6476694423481355,0.44387611964089074,5,Sample 3,Cell type 2
771,2.3197981520697217,-1.2682942182220622,4,Sample 2,Cell type 2
772,-1.8673830335895498,-0.8614358234055386,1,Sample 2,Cell type 1
773,1.1364915449305157,-0.9213803529370655,4,Sample 2,Cell type 2
774,0.0625768212069302,-0.5645821013561726,1,Sample 2,Cell type 1
775,2.7214193209211164,-1.1923612028394661,4,Sample 2,Cell type 2
776,0.6389117141097901,0.6386395314452099,4,Sample 2,Cell type 2
777,1.8038695124865265,0.5777047105727744,3,Sample 1,Cell type 2
778,0.8897496102498639,-0.222323130671397,1,Sample 2,Cell type 1
779,0.8951604826320687,0.44029064219787106,5,Sample 3,Cell type 2
780,1.0916095003365947,0.27571278053882037,4,Sample 2,Cell type 2
781,-1.1242741011953337,0.5320225061315392,2,Sample 3,Cell type 1
782,2.0322665814296528,-0.058384296948025015,5,Sample 3,Cell type 2
783,-0.652404755021148,-0.3970590217143843,5,Sample 3,Cell type 2
784,0.9400590756802236,-2.0019456977479817,5,Sample 3,Cell type 2
785,1.2919111400754315,-0.9326962771543467,5,Sample 3,Cell type 2
786,0.16729509190499825,-0.02058125606899391,0,Sample 1,Cell type 1
787,1.2227324928760943,-0.008697979182012469,3,Sample 1,Cell type 2
788,1.4159386864537096,-0.09827378505049741,5,Sample 3,Cell type 2
789,-0.4311276476122681,-0.5981859877518563,3,Sample 1,Cell type 2
790,1.5943087491064136,0.6727915132078135,4,Sample 2,Cell type 2
791,1.0711430219352513,-0.2593404274600059,4,Sample 2,Cell type 2
792,2.2119144963492667,1.2993032872496146,3,Sample 1,Cell type 2
793,0.9826135261553479,0.09146704818008221,4,Sample 2,Cell type 2
794,-1.4384826290754344,-0.31672918603485817,1,Sample 2,Cell type 1
795,0.19047002019662207,-0.15221041707853475,2,Sample 3,Cell type 1
796,-0.42640778527923473,1.4546700384497249,2,Sample 3,Cell type 1
797,1.7000178677899433,-0.6590695947633796,4,Sample 2,Cell type 2
798,0.7818620877053998,0.8659895207229882,5,Sample 3,Cell type 2
799,-0.38624232583453244,-0.27924008093411046,0,Sample 1,Cell type 1
800,0.20825437475389919,-0.15684033102023306,5,Sample 3,Cell type 2
801,1.196846439527339,-0.15013326662855392,4,Sample 2,Cell type 2
802,-1.573648414575866,1.0701148779967966,0,Sample 1,Cell type 1
803,0.5528114853926246,0.06649824251209863,5,Sample 3,Cell type 2
804,-1.041027414719948,0.21900550439042266,0,Sample 1,Cell type 1
805,0.20832069200388337,-0.7382956150192207,4,Sample 2,Cell type 2
806,-2.214618590396379,-0.3736923911147444,1,Sample 2,Cell type 1
807,0.5763204107876962,1.0090693283129142,4,Sample 2,Cell type 2
808,-0.6133436027806727,0.18691891844680003,0,Sample 1,Cell type 1
809,2.663298193694997,0.4860160215508267,4,Sample 2,Cell type 2
810,3.1040449708494697,-0.7746811215316377,3,Sample 1,Cell type 2
811,-1.0644411334726576,-0.03350001285885743,0,Sample 1,Cell type 1
812,-1.2128039530622734,-0.1076576619318942,2,Sample 3,Cell type 1
813,-2.320106671554109,-0.451261932197073,1,Sample 2,Cell type 1
814,-0.5302525909447922,0.26728620590986746,0,Sample 1,Cell type 1
815,0.41384128151513633,-0.871315738067094,5,Sample 3,Cell type 2
816,-1.0050042642832635,1.0606614208185805,2,Sample 3,Cell type 1
817,1.8742098560873335,1.255591715852068,5,Sample 3,Cell type 2
818,-1.7516286114670208,1.8805848495252961,1,Sample 2,Cell type 1
819,0.8176548043737335,0.8820038125205046,4,Sample 2,Cell type 2
820,-0.341222770969142,0.1317728626583431,5,Sample 3,Cell type 2
821,-0.17351505459791827,-1.4134505432608593,0,Sample 1,Cell type 1
822,0.1084390989604681,-0.30887241181804076,4,Sample 2,Cell type 2
823,0.43085508036261544,0.5166640988046012,1,Sample 2,Cell type 1
824,0.95492746102918,1.3245380085257015,5,Sample 3,Cell type 2
825,1.2209488136148814,-0.2296684543628553,5,Sample 3,Cell type 2
826,-0.5799550298341649,0.4085147064972125,4,Sample 2,Cell type 2
827,0.7279575471257262,0.47778044586043394,4,Sample 2,Cell type 2
828,0.08307532216835778,-0.7332170879139032,4,Sample 2,Cell type 2
829,1.029577036582192,-0.34450056153860265,5,Sample 3,Cell type 2
830,-1.3745749643967287,-1.017062405136322,1,Sample 2,Cell type 1
831,-0.9308602980457702,-1.1546930017697128,0,Sample 1,Cell type 1
832,1.3230258253665936,-0.9358139020754112,5,Sample 3,Cell type 2
833,-1.5791948490857157,0.9269647358230451,0,Sample 1,Cell type 1
834,-0.5897010051265531,1.9485021104109757,0,Sample 1,Cell type 1
835,0.18234773963902806,0.5436967098951397,4,Sample 2,Cell type 2
836,2.588422424995694,2.512987981118965,3,Sample 1,Cell type 2
837,1.8327537034451482,0.15178623084917595,4,Sample 2,Cell type 2
838,-0.01353708327034131,0.38278917749709934,2,Sample 3,Cell type 1
839,0.7140151953843438,0.10492066081121743,3,Sample 1,Cell type 2
840,-1.649563798003528,0.1591387849254582,1,Sample 2,Cell type 1
841,1.477614810709043,-0.5970925414975392,3,Sample 1,Cell type 2
842,1.4773322700989193,-0.10760288096375648,4,Sample 2,Cell type 2
843,1.3339483643938268,-0.6614775911315394,5,Sample 3,Cell type 2
844,1.6609832675287004,1.2801806597572396,5,Sample 3,Cell type 2
845,-0.12607922297031005,-1.3792664491466973,3,Sample 1,Cell type 2
846,-1.3225061368191,-0.5827876250716433,1,Sample 2,Cell type 1
847,-0.38615314085864205,1.3385215398023347,1,Sample 2,Cell type 1
848,2.4302325714728115,0.4510163484581187,4,Sample 2,Cell type 2
849,-2.121145638801746,0.049440699899863855,1,Sample 2,Cell type 1
850,0.07200455203516298,-0.4618145217278548,5,Sample 3,Cell type 2
851,-0.09835763168625655,-0.4478137545466864,1,Sample 2,Cell type 1
852,0.759414679148972,0.4035719245311986,5,Sample 3,Cell type 2
853,-0.6087069418987979,0.4278876142739611,1,Sample 2,Cell type 1
854,-0.14217702947807942,0.2584117486816418,0,Sample 1,Cell type 1
855,1.6194337396951721,0.4929650808638046,4,Sample 2,Cell type 2
856,-0.06645674710346738,1.4444410515785118,5,Sample 3,Cell type 2
857,1.2207625683732417,-1.1182507532274486,5,Sample 3,Cell type 2
858,-2.061031142168493,-0.19770250711586412,2,Sample 3,Cell type 1
859,0.9011222892082579,-0.16567818031432746,3,Sample 1,Cell type 2
860,0.85058641694629,-0.9928875291495148,0,Sample 1,Cell type 1
861,-0.24120520090908382,1.0465547197814873,2,Sample 3,Cell type 1
862,1.5210357837141113,0.41403809147441956,3,Sample 1,Cell type 2
863,-2.398382889414458,0.7361006922225258,1,Sample 2,Cell type 1
864,0.2656814183663022,-1.0383356912673276,4,Sample 2,Cell type 2
865,1.7849377951156495,0.29163279843587997,3,Sample 1,Cell type 2
866,-0.10355708277476527,-0.6811155797125147,0,Sample 1,Cell type 1
867,0.7554429641172624,-1.682758495759492,5,Sample 3,Cell type 2
868,2.698862608563404,-0.8686926690754931,5,Sample 3,Cell type 2
869,-0.16884224555736815,-0.9455609896450211,2,Sample 3,Cell type 1
870,0.9172283804172581,-0.9737229318418197,3,Sample 1,Cell type 2
871,0.9430534360927757,-0.5937737771285693,3,Sample 1,Cell type 2
872,0.9135994044395276,-0.1782537868970158,4,Sample 2,Cell type 2
873,1.1308844956651836,-0.63333935939829,3,Sample 1,Cell type 2
874,-1.7725220021630923,0.6302788914680922,0,Sample 1,Cell type 1
875,0.6620499639319861,0.6295178222061318,3,Sample 1,Cell type 2
876,-0.43620879479145014,-0.07191760739629473,2,Sample 3,Cell type 1
877,0.16548702633526036,0.48979831710631233,2,Sample 3,Cell type 1
878,0.6731419971404655,-0.19477684047453409,4,Sample 2,Cell type 2
879,0.22241813583152958,-0.11387932177235398,3,Sample 1,Cell type 2
880,-0.3184772714944002,-0.6016094197678599,3,Sample 1,Cell type 2
881,-1.144377443777813,2.2508104481408533,2,Sample 3,Cell type 1
882,1.2726746862285547,-0.5302443491900478,5,Sample 3,Cell type 2
883,-1.25870276746032,0.25859601396270837,1,Sample 2,Cell type 1
884,-1.8702785288162918,-0.04294022052778187,0,Sample 1,Cell type 1
885,0.29787050675100535,0.6617423789774887,3,Sample 1,Cell type 2
886,0.012439290772916722,-1.568494776492937,2,Sample 3,Cell type 1
887,1.4932602322364534,-1.205540429875793,3,Sample 1,Cell type 2
888,-0.6075948022996782,0.7594555586775635,2,Sample 3,Cell type 1
889,-0.5108685591969163,0.17982939034684214,1,Sample 2,Cell type 1
890,-2.6827675297258784,-0.3496686976647083,1,Sample 2,Cell type 1
891,-1.9943765137562681,0.1984872843124802,1,Sample 2,Cell type 1
892,2.451680353533749,0.6563132543796777,4,Sample 2,Cell type 2
893,1.0650242208125824,-0.5059461077412546,5,Sample 3,Cell type 2
894,1.526969379571181,-1.504199040871295,5,Sample 3,Cell type 2
895,-1.4659817024999977,0.19602210577385348,2,Sample 3,Cell type 1
896,1.5433419164897766,1.2613503118969422,4,Sample 2,Cell type 2
897,0.05317883827694336,0.1208668475230136,1,Sample 2,Cell type 1
898,-1.8558196567185088,0.286668904318987,2,Sample 3,Cell type 1
899,1.0485076123298858,-1.1936359457542414,4,Sample 2,Cell type 2
900,-0.6406991896552486,0.582476345732467,0,Sample 1,Cell type 1
901,1.577752416499331,-0.24324084392750012,3,Sample 1,Cell type 2
902,1.5962824300587517,-0.7405703113665891,3,Sample 1,Cell type 2
903,0.4268393071566494,0.6669152562028042,4,Sample 2,Cell type 2
904,-1.141096436677902,0.6030447046339714,3,Sample 1,Cell type 2
905,0.2797995381400866,-0.49742365840514735,4,Sample 2,Cell type 2
906,-0.6313274931844057,0.32127548334023354,2,Sample 3,Cell type 1
907,-0.7104893127611499,0.15125382537013823,1,Sample 2,Cell type 1
908,0.7283307519298352,-1.1006055176000076,1,Sample 2,Cell type 1
909,-0.48363002109602815,-1.1486739748845023,1,Sample 2,Cell type 1
910,-0.3764281741863069,0.5243141869279246,1,Sample 2,Cell type 1
911,-1.369466634456757,1.6370086789802925,2,Sample 3,Cell type 1
912,0.4291527548644176,1.0159627387944505,4,Sample 2,Cell type 2
913,-1.192487650799175,0.8732845816094532,2,Sample 3,Cell type 1
914,1.0176396549198654,-0.7221870358783532,3,Sample 1,Cell type 2
915,0.15439134947143762,-1.627465795649563,4,Sample 2,Cell type 2
916,0.5060976970606867,0.3975720627398015,2,Sample 3,Cell type 1
917,-0.8380770674082249,0.7540474817065327,2,Sample 3,Cell type 1
918,1.4959153542036696,-0.6601338600104515,3,Sample 1,Cell type 2
919,0.7076278661513085,0.7736677081693615,4,Sample 2,Cell type 2
920,1.0520776426840808,-0.23903336993617025,3,Sample 1,Cell type 2
921,0.6509117963237774,1.1754649834844662,3,Sample 1,Cell type 2
922,-0.17269395888231687,-0.6013296769850945,0,Sample 1,Cell type 1
923,-0.7669602330550769,0.41474237886347876,3,Sample 1,Cell type 2
924,0.7773976324932237,0.2999074814910196,3,Sample 1,Cell type 2
925,-1.2316388836810106,-1.5017256664898306,0,Sample 1,Cell type 1
926,-2.029353586588596,0.09770373519887084,0,Sample 1,Cell type 1
927,-0.7397482204829637,2.209770125919805,0,Sample 1,Cell type 1
928,-0.37857458249063825,0.23905529385528013,2,Sample 3,Cell type 1
929,-0.8439925020666326,0.21955787811765023,1,Sample 2,Cell type 1
930,-0.11562921127252546,0.5470563048615077,3,Sample 1,Cell type 2
931,0.4227257889789092,0.9996099156486827,5,Sample 3,Cell type 2
932,0.6554642671119251,-0.5454754489976928,4,Sample 2,Cell type 2
933,-2.0952070393061506,1.2270388621845059,2,Sample 3,Cell type 1
934,0.2741321507890948,1.5094804589694866,4,Sample 2,Cell type 2
935,0.7278853903014244,0.7574690301885676,5,Sample 3,Cell type 2
936,-0.9933735867187896,-1.330692243298919,2,Sample 3,Cell type 1
937,0.5341328839676394,-0.9973012124329824,2,Sample 3,Cell type 1
938,-0.4191616453733672,1.2317684017791137,0,Sample 1,Cell type 1
939,0.9536417256214649,0.33782372653002596,4,Sample 2,Cell type 2
940,2.01747395758358,0.027726421498155126,5,Sample 3,Cell type 2
941,0.5163736696179402,0.42167124253695243,5,Sample 3,Cell type 2
942,2.630400195874522,0.5211686707879527,5,Sample 3,Cell type 2
943,-0.5700795997454486,-0.6212486099134842,4,Sample 2,Cell type 2
944,0.48797867346067747,0.5607786131001856,2,Sample 3,Cell type 1
945,0.33570442568236847,0.320052013907094,1,Sample 2,Cell type 1
946,-1.2475465274364796,-2.0717290482620263,0,Sample 1,Cell type 1
947,0.5720637329295014,-0.5974497925431212,5,Sample 3,Cell type 2
948,-0.7879468977022906,0.6937786744982701,0,Sample 1,Cell type 1
949,-2.8585747416306884,0.02561182306484299,1,Sample 2,Cell type 1
950,1.3048823460523296,-0.11555843932584797,4,Sample 2,Cell type 2
951,0.451050432189781,1.1834230082256427,0,Sample 1,Cell type 1
952,-1.6001638452564073,0.17812500060786796,2,Sample 3,Cell type 1
953,-1.0513370501676476,1.0655886988772003,2,Sample 3,Cell type 1
954,-0.9906826421409575,-1.1806526091151437,0,Sample 1,Cell type 1
955,0.9628377743938047,-1.327052418343412,3,Sample 1,Cell type 2
956,0.33234115509237205,-0.34359407700663874,5,Sample 3,Cell type 2
957,0.9134089641634789,0.23303738540312086,4,Sample 2,Cell type 2
958,-0.153341875581942,-0.6739305039212193,5,Sample 3,Cell type 2
959,1.5693245196779775,-1.1185844274568213,5,Sample 3,Cell type 2
960,0.8246893408450879,-0.2747782381667084,5,Sample 3,Cell type 2
961,-0.07403819168898385,-1.6498534065288548,5,Sample 3,Cell type 2
962,0.1953747276641522,0.5006070084605939,0,Sample 1,Cell type 1
963,0.8110434011306886,0.9213385914962833,1,Sample 2,Cell type 1
964,1.104037064811917,-0.026789839502761575,4,Sample 2,Cell type 2
965,1.125125818257813,-0.04061060129164649,3,Sample 1,Cell type 2
966,0.6268476569923369,0.4555418899146411,2,Sample 3,Cell type 1
967,1.845072521834313,-0.05749004954821201,4,Sample 2,Cell type 2
968,0.13185715072342408,0.36545051018527286,2,Sample 3,Cell type 1
969,-1.381383713820433,-0.40807269754546865,2,Sample 3,Cell type 1
970,-0.1666224093568449,-0.08196827431772451,2,Sample 3,Cell type 1
971,-0.7611738855403344,-0.5244827918504239,1,Sample 2,Cell type 1
972,-0.01170967297469594,0.09228729583577017,4,Sample 2,Cell type 2
973,-0.25269776511017894,-0.7704754433179806,0,Sample 1,Cell type 1
974,-1.103701809296978,-0.3464485995690731,2,Sample 3,Cell type 1
975,0.4074555538535991,-0.5350533263541065,4,Sample 2,Cell type 2
976,0.4931112393616417,-0.6317615684656097,4,Sample 2,Cell type 2
977,-1.5791664073421288,0.8350561152731135,0,Sample 1,Cell type 1
978,1.0969295041959566,0.8983958903745568,4,Sample 2,Cell type 2
979,-1.2746699609326766,0.9422206150393255,2,Sample 3,Cell type 1
980,-1.207779736460292,1.3079345969889309,1,Sample 2,Cell type 1
981,0.9702772626523954,-0.45328523433803675,4,Sample 2,Cell type 2
982,2.1743512869873967,0.12165861720840218,4,Sample 2,Cell type 2
983,-1.1748422187806673,-0.6802123501425267,1,Sample 2,Cell type 1
984,-0.4934072258430807,-0.7918329181518489,1,Sample 2,Cell type 1
985,1.7017265639615449,-0.05413904946461492,5,Sample 3,Cell type 2
986,-1.6636419131481626,-0.7507663638593615,2,Sample 3,Cell type 1
987,-0.48619854037614973,1.022009076162539,0,Sample 1,Cell type 1
988,-0.08698345328901702,0.7282015116582409,3,Sample 1,Cell type 2
989,-1.7913545041707892,0.31373560787488236,2,Sample 3,Cell type 1
990,1.069627357255687,0.8003370822830782,5,Sample 3,Cell type 2
991,-1.428215899604411,-0.7435007925430879,2,Sample 3,Cell type 1
992,-2.3501996753022425,-0.7009533385383913,2,Sample 3,Cell type 1
993,-1.7398684106451348,-1.0973560198699746,2,Sample 3,Cell type 1
994,-0.5408880748749326,-0.5844283376524928,2,Sample 3,Cell type 1
995,-0.4235681843192586,-0.1714527953980302,1,Sample 2,Cell type 1
996,-0.07579484356787702,0.5396197871208203,2,Sample 3,Cell type 1
997,0.5574100486094175,1.959564102794159,5,Sample 3,Cell type 2
998,1.0451912484021935,0.8001334100519029,1,Sample 2,Cell type 1
999,0.4789434183859692,-0.8067307930426627,3,Sample 1,Cell type 2
1000,0.15347941550339184,0.5019219546526121,1,Sample 2,Cell type 1
1001,-0.7051230354250726,-0.14403480622141,5,Sample 3,Cell type 2
1002,2.00501314756077,0.2088851741356835,3,Sample 1,Cell type 2
1003,-1.706408481774016,0.5834523904594732,0,Sample 1,Cell type 1
1004,2.2171262913335354,-2.1283698355123613,4,Sample 2,Cell type 2
1005,-0.6279085870986691,1.6891162313022594,0,Sample 1,Cell type 1
1006,-0.48109873324981023,0.2801251390891825,0,Sample 1,Cell type 1
1007,-0.9958319714228938,-1.05136004506518,3,Sample 1,Cell type 2
1008,1.8742711219051236,-1.1657327586004087,4,Sample 2,Cell type 2
1009,-1.4264554123638244,-0.013007043790451193,0,Sample 1,Cell type 1
1010,-2.4949750740104553,0.4529268582745543,2,Sample 3,Cell type 1
1011,-0.9812856630921329,-0.655202647106221,0,Sample 1,Cell type 1
1012,-0.5684432067985523,0.6560470751134052,2,Sample 3,Cell type 1
1013,-0.47858791621890184,1.2708241906889246,2,Sample 3,Cell type 1
1014,-1.2708822811538998,-0.568293324734865,2,Sample 3,Cell type 1
1015,-2.3307276212018575,1.0293786388862363,0,Sample 1,Cell type 1
1016,0.3161780812110022,-0.6390138986023971,4,Sample 2,Cell type 2
1017,1.1733572328282427,-0.129599979931495,5,Sample 3,Cell type 2
1018,1.455928904527548,1.000758024774368,5,Sample 3,Cell type 2
1019,-2.857062837231509,-0.28561544301828135,2,Sample 3,Cell type 1
1020,-2.0955544229984318,0.14351625612371627,1,Sample 2,Cell type 1
1021,-1.4274507800448606,-0.5879963093163407,0,Sample 1,Cell type 1
1022,-1.0445173386871898,0.6073375429499434,0,Sample 1,Cell type 1
1023,-0.0037218827391327647,-0.25047923028891866,5,Sample 3,Cell type 2
1024,-2.0529251521392595,-2.5850359919534847,0,Sample 1,Cell type 1
1025,-0.9303685231171435,-0.7751557811954373,0,Sample 1,Cell type 1
1026,1.9703128562152947,-0.07759538820670749,4,Sample 2,Cell type 2
1027,-0.06723341991345078,-0.2922677415737765,5,Sample 3,Cell type 2
1028,-1.6317925190260798,-0.5966108257958533,0,Sample 1,Cell type 1
1029,-0.8847060265802896,-0.6129464917273928,0,Sample 1,Cell type 1
1030,0.607363271037974,0.9433050833422393,4,Sample 2,Cell type 2
1031,0.13954730348494493,2.085873109806491,3,Sample 1,Cell type 2
1032,1.1959463809784499,-0.7421853062616188,3,Sample 1,Cell type 2
1033,-2.229241739873895,-0.13407237879056721,1,Sample 2,Cell type 1
1034,0.12010864431973012,2.0083490199249736,2,Sample 3,Cell type 1
1035,2.2696230883788053,-0.27873973062591534,4,Sample 2,Cell type 2
1036,-0.6322534230684091,-0.2770276240249957,1,Sample 2,Cell type 1
1037,0.7294875484732759,-0.40227979752543674,5,Sample 3,Cell type 2
1038,0.5061068812686833,1.2064149466113132,1,Sample 2,Cell type 1
1039,2.330309103489536,-1.334157108296192,4,Sample 2,Cell type 2
1040,1.9960393818585858,-2.0471589280855795,3,Sample 1,Cell type 2
1041,2.007005138137602,1.1469855840188232,3,Sample 1,Cell type 2
1042,-0.4570772494857456,0.2683426193914731,1,Sample 2,Cell type 1
1043,1.1205476946568118,-0.5505238095316185,5,Sample 3,Cell type 2
1044,-0.06479939132175816,-0.0681878578819139,1,Sample 2,Cell type 1
1045,-0.20673322396878602,0.6490218262910235,1,Sample 2,Cell type 1
1046,-2.598410578643562,0.9575468888047705,1,Sample 2,Cell type 1
1047,-0.39281281472268015,0.18354947176439554,4,Sample 2,Cell type 2
1048,-0.5678742119353675,-0.40969852279443486,5,Sample 3,Cell type 2
1049,-1.9890031000302248,-0.5311997696750713,5,Sample 3,Cell type 2
1050,-0.8380952639618694,1.2528020577101395,0,Sample 1,Cell type 1
1051,0.583720330317959,0.34891189112956184,4,Sample 2,Cell type 2
1052,1.3835409036815665,-0.8823494263351274,5,Sample 3,Cell type 2
1053,0.32393122173539357,-0.6295456981508789,2,Sample 3,Cell type 1
1054,-1.1776045782765934,-0.13614595528816054,0,Sample 1,Cell type 1
1055,1.299447396626669,-1.199833207629488,3,Sample 1,Cell type 2
1056,1.9521646424549133,0.07365990107658495,4,Sample 2,Cell type 2
1057,-1.6261253894773575,-0.8263142850749173,1,Sample 2,Cell type 1
1058,1.302467871254812,0.45010154665878,5,Sample 3,Cell type 2
1059,-0.5625673395241266,-1.392573590044529,1,Sample 2,Cell type 1
1060,-0.5347481358264662,-0.19936193665691151,2,Sample 3,Cell type 1
1061,1.3267038563254692,-1.5489697688644224,3,Sample 1,Cell type 2
1062,-1.3065388362188752,0.4501287298024954,2,Sample 3,Cell type 1
1063,0.7894919795917654,-0.1764838896092441,3,Sample 1,Cell type 2
1064,-1.9957014766054253,-1.0765859616726037,0,Sample 1,Cell type 1
1065,0.978041289487459,-1.2800066845555866,3,Sample 1,Cell type 2
1066,1.4051400705519828,-0.09392260449427788,3,Sample 1,Cell type 2
1067,0.0013515688872722809,-1.5132392025437378,5,Sample 3,Cell type 2
1068,0.48047094215115527,-0.2241324356007405,0,Sample 1,Cell type 1
1069,0.6998623471272742,0.7967306887793643,4,Sample 2,Cell type 2
1070,-1.5819155958182738,-0.9733932032529555,0,Sample 1,Cell type 1
1071,-1.6375660902194165,-1.3623429533515445,0,Sample 1,Cell type 1
1072,-0.6101111514512971,0.9064060410711358,5,Sample 3,Cell type 2
1073,-0.652255611536745,0.7539877993919303,2,Sample 3,Cell type 1
1074,-1.3012977988958867,-0.36328361691779704,0,Sample 1,Cell type 1
1075,-0.9036482923069329,-0.31063219302422446,2,Sample 3,Cell type 1
1076,-0.5211944210602513,0.3254949551223149,1,Sample 2,Cell type 1
1077,0.15926815236713976,0.013058099336388723,2,Sample 3,Cell type 1
1078,-0.7983167663706249,0.011333160703615374,0,Sample 1,Cell type 1
1079,-0.5126835446156908,0.6832396442723822,0,Sample 1,Cell type 1
1080,-1.332045495128316,0.19242791454695707,2,Sample 3,Cell type 1
1081,0.5239752588058104,0.699836455613045,4,Sample 2,Cell type 2
1082,2.118544203994145,0.6544511900028905,4,Sample 2,Cell type 2
1083,-1.4899444520726643,0.09983033073887948,0,Sample 1,Cell type 1
1084,-1.4598902531761544,-2.2981946364503085,2,Sample 3,Cell type 1
1085,1.8959740225067028,-0.07331038900009149,5,Sample 3,Cell type 2
1086,0.9298695378893357,0.49461688445799956,5,Sample 3,Cell type 2
1087,0.11862979274562813,0.14702431942422042,3,Sample 1,Cell type 2
1088,1.1683963901125827,0.34958215230975576,4,Sample 2,Cell type 2
1089,0.5501148126302333,0.4887290513606871,3,Sample 1,Cell type 2
1090,0.47614479931628884,0.3591397265818735,3,Sample 1,Cell type 2
1091,-1.5773382181398787,0.4390850563839666,1,Sample 2,Cell type 1
1092,-1.3465196305415774,0.3446900862668356,1,Sample 2,Cell type 1
1093,-0.5516004263528933,1.02613413466914,1,Sample 2,Cell type 1
1094,-0.4096893011232151,0.17526257524689737,0,Sample 1,Cell type 1
1095,-0.4632029761764226,-0.5708572629204628,1,Sample 2,Cell type 1
1096,0.22648624889678481,0.6114358535167089,5,Sample 3,Cell type 2
1097,-0.6397877300259023,0.18148761461632917,2,Sample 3,Cell type 1
1098,1.252040808427664,-2.407110415338727,3,Sample 1,Cell type 2
1099,-2.6560699700551775,-0.029052549944523293,1,Sample 2,Cell type 1
1100,1.5927687575114589,0.20897505417809484,4,Sample 2,Cell type 2
1101,-0.9463326670718433,-0.5822430999350166,0,Sample 1,Cell type 1
1102,-1.2305617772458421,-0.21734770128370093,1,Sample 2,Cell type 1
1103,-1.6651257922209095,0.5870973043590119,2,Sample 3,Cell type 1
1104,-0.41626611990528617,0.3348733308006477,5,Sample 3,Cell type 2
1105,-1.988758382660031,1.2784538585439569,2,Sample 3,Cell type 1
1106,0.8696199203685151,0.3652416780064328,4,Sample 2,Cell type 2
1107,-2.230190828573879,-0.2022888617034152,0,Sample 1,Cell type 1
1108,-1.565027098385464,0.4901241607142653,3,Sample 1,Cell type 2
1109,2.4808194570436704,-0.2116483904259873,5,Sample 3,Cell type 2
1110,2.5531244135332933,0.10966001771920857,3,Sample 1,Cell type 2
1111,0.7474854640613027,-0.5544247893461604,5,Sample 3,Cell type 2
1112,0.5294923847078385,-0.3616155242474703,2,Sample 3,Cell type 1
1113,-1.9830814882053212,-0.28476760472532175,0,Sample 1,Cell type 1
1114,-2.922106792580826,2.8239736802939945,0,Sample 1,Cell type 1
1115,-2.099915028002751,0.6416985871551493,0,Sample 1,Cell type 1
1116,-1.9108939377341507,-1.4893710046791924,0,Sample 1,Cell type 1
1117,0.24742463436624618,-0.23924552908229307,5,Sample 3,Cell type 2
1118,0.3506838115708799,0.7651995679021436,0,Sample 1,Cell type 1
1119,0.8645786726545159,-0.5968481311135645,4,Sample 2,Cell type 2
1120,-0.8798131856959459,-0.13722285274248952,0,Sample 1,Cell type 1
1121,-0.44724996996091726,0.6817569390425746,0,Sample 1,Cell type 1
1122,-2.8196187759657527,-0.0911526468313796,2,Sample 3,Cell type 1
1123,1.5254533733851532,-0.3917233773046515,4,Sample 2,Cell type 2
1124,-1.1040834541494164,-0.2709933260303599,0,Sample 1,Cell type 1
1125,-2.4137885368616496,-1.0140907220188249,0,Sample 1,Cell type 1
1126,-1.4720682396517963,0.44043710510512624,0,Sample 1,Cell type 1
1127,-1.657860648143926,0.6821296649312576,1,Sample 2,Cell type 1
1128,-0.6234416012001847,1.2614387336517865,1,Sample 2,Cell type 1
1129,-0.3294479746811434,-0.45926204360675693,5,Sample 3,Cell type 2
1130,-1.6961102596300872,1.7088614832197149,2,Sample 3,Cell type 1
1131,1.44882092092199,-1.748247921865593,4,Sample 2,Cell type 2
1132,-2.1870716484722594,0.018095820182188548,2,Sample 3,Cell type 1
1133,1.0017791602802297,1.3795860200726808,3,Sample 1,Cell type 2
1134,-0.6953024113426771,-0.8441330188827589,1,Sample 2,Cell type 1
1135,2.1824039589146267,-0.013924476654065621,3,Sample 1,Cell type 2
1136,1.2927265082689097,1.0613368427213064,5,Sample 3,Cell type 2
1137,-1.7814634586887297,0.4811661775101918,1,Sample 2,Cell type 1
1138,1.9551306326609061,-0.3900506100175379,3,Sample 1,Cell type 2
1139,-2.161505279751597,-0.12893302382777339,2,Sample 3,Cell type 1
1140,1.6039160244259931,0.9611980002530748,4,Sample 2,Cell type 2
1141,1.3086337395892083,1.1191222155113671,3,Sample 1,Cell type 2
1142,-0.2922344092037651,-0.5035916567605221,2,Sample 3,Cell type 1
1143,-0.6325725198569754,-1.5323252438140564,0,Sample 1,Cell type 1
1144,-0.9711962658408101,-0.6780760833115651,0,Sample 1,Cell type 1
1145,-1.5848441969476927,0.07575140716712654,2,Sample 3,Cell type 1
1146,1.4381578620707418,1.5095156336770112,5,Sample 3,Cell type 2
1147,1.4147175192543706,-1.3701008864535698,3,Sample 1,Cell type 2
1148,0.2335444838319627,0.8695127929772801,5,Sample 3,Cell type 2
1149,0.09943356476508336,-0.7695859269682844,3,Sample 1,Cell type 2
1150,-0.9355903865025468,-0.429891702088605,0,Sample 1,Cell type 1
1151,-1.6964102791932159,-1.1201892329802754,0,Sample 1,Cell type 1
1152,-0.23664320859999866,-1.1092709832916583,1,Sample 2,Cell type 1
1153,1.163888421234276,-0.9323657357459756,4,Sample 2,Cell type 2
1154,1.6384698825279447,-0.12649813695218853,3,Sample 1,Cell type 2
1155,-1.541013897401962,1.0493248682297005,2,Sample 3,Cell type 1
1156,0.9963344465907085,-0.03713368738505436,3,Sample 1,Cell type 2
1157,-0.47446463320663246,-0.3233628817083536,0,Sample 1,Cell type 1
1158,0.6944228590006121,0.8648389607474353,4,Sample 2,Cell type 2
1159,-0.6504618436928484,-0.08534180815278501,2,Sample 3,Cell type 1
1160,2.221857669745125,-0.12922342984092094,4,Sample 2,Cell type 2
1161,-0.3350705672012473,0.5538307356117481,0,Sample 1,Cell type 1
1162,-1.4352053354618834,-0.5509502254393387,1,Sample 2,Cell type 1
1163,2.2771579720217687,-1.7546311554534295,5,Sample 3,Cell type 2
1164,-1.5775001381173441,1.498816725861178,2,Sample 3,Cell type 1
1165,0.4898680139778947,0.7298223953541267,5,Sample 3,Cell type 2
1166,-1.754727218602508,-0.7980128300551116,1,Sample 2,Cell type 1
1167,0.043855969749510004,-0.45536957908906983,2,Sample 3,Cell type 1
1168,1.6521326008508104,0.4036369087767961,3,Sample 1,Cell type 2
1169,2.130577695472314,1.0689420457246095,4,Sample 2,Cell type 2
1170,-1.082259601758203,-0.07279064807891518,1,Sample 2,Cell type 1
1171,-0.09147539026362805,-0.7604472947341467,1,Sample 2,Cell type 1
1172,-1.661773114613757,0.6493313913816089,1,Sample 2,Cell type 1
1173,2.6046150400586296,-0.2226063483226411,3,Sample 1,Cell type 2
1174,1.3803657554733093,-1.81244228065297,5,Sample 3,Cell type 2
1175,-1.9333594662129965,0.598832041529547,2,Sample 3,Cell type 1
1176,0.02763340364934841,-1.0596748547243597,4,Sample 2,Cell type 2
1177,-1.4090929468690998,-0.1967879496915324,1,Sample 2,Cell type 1
1178,0.4313632117162749,-0.5122333788052805,2,Sample 3,Cell type 1
1179,-0.2245274879518504,0.1251543587880759,1,Sample 2,Cell type 1
1180,1.8861336054062172,0.7116050868216554,5,Sample 3,Cell type 2
1181,2.147187811634507,0.8322496249620789,5,Sample 3,Cell type 2
1182,-1.1515464302255674,-0.29341124623516424,2,Sample 3,Cell type 1
1183,-1.162431922231563,2.873796811060375,0,Sample 1,Cell type 1
1184,-1.0355996384709896,0.613350627635362,0,Sample 1,Cell type 1
1185,-0.8400690991600716,-1.2018099228390913,0,Sample 1,Cell type 1
1186,-0.1992035131051093,1.054050869435532,3,Sample 1,Cell type 2
1187,-0.5529572622898906,-0.12443787105406619,0,Sample 1,Cell type 1
1188,2.277132050230538,0.26401683269068504,3,Sample 1,Cell type 2
1189,0.5547888530906402,0.3926913027066289,0,Sample 1,Cell type 1
1190,-0.7474110205581992,-2.1464149580555243,3,Sample 1,Cell type 2
1191,-1.8342374244202748,-0.05357282045562008,0,Sample 1,Cell type 1
1192,0.08037251714998295,-0.5912048510742561,0,Sample 1,Cell type 1
1193,-0.6167407072331539,0.3763851802991749,1,Sample 2,Cell type 1
1194,1.0482428848828738,-0.7670021786975918,2,Sample 3,Cell type 1
1195,-0.103359862497574,-0.44438092484518127,0,Sample 1,Cell type 1
1196,1.7762891361536532,-1.5254760946649515,3,Sample 1,Cell type 2
1197,1.903029303456231,0.49361694618651364,5,Sample 3,Cell type 2
1198,1.0425688688158552,0.6252022117067262,4,Sample 2,Cell type 2
1199,-0.9746369583677845,-0.00820709697978319,0,Sample 1,Cell type 1
1200,0.28391037955677323,1.2594761339884948,4,Sample 2,Cell type 2
1201,0.6731815178646299,0.7689618010086479,3,Sample 1,Cell type 2
1202,0.27124764780944444,0.16902030423826983,3,Sample 1,Cell type 2
1203,-2.06475056626095,-0.22748692958656683,2,Sample 3,Cell type 1
1204,0.37237219487544626,1.0243352978708566,4,Sample 2,Cell type 2
1205,1.1860098656852045,-0.1163677113319572,5,Sample 3,Cell type 2
1206,2.2460544663859308,0.22683058194138933,5,Sample 3,Cell type 2
1207,0.5623674228487245,0.178119705116383,0,Sample 1,Cell type 1
1208,-0.26156603692237235,0.456546627996568,0,Sample 1,Cell type 1
1209,-2.2656857173046507,-0.0747950153658253,0,Sample 1,Cell type 1
1210,-1.5718261499430666,-1.0706999931813252,1,Sample 2,Cell type 1
1211,-1.2123248763809116,-0.3661967200539372,2,Sample 3,Cell type 1
1212,1.1435421785592914,0.7445124968916808,2,Sample 3,Cell type 1
1213,1.2794856741227836,-1.0036955051738272,5,Sample 3,Cell type 2
1214,-1.016105479307515,-0.8787600437974177,2,Sample 3,Cell type 1
1215,1.4588985231290756,0.6459648359930814,5,Sample 3,Cell type 2
1216,0.49426289752786623,-1.286014145860554,3,Sample 1,Cell type 2
1217,0.3292409835064469,-1.0510015961411414,1,Sample 2,Cell type 1
1218,1.3645318472701415,-0.7609969587191524,4,Sample 2,Cell type 2
1219,0.17390621859033728,-1.4962427892321069,0,Sample 1,Cell type 1
1220,0.8666744027749762,-0.8274461324277811,0,Sample 1,Cell type 1
1221,1.7770935521708908,-0.014006779983264581,3,Sample 1,Cell type 2
1222,-0.9529673585522651,-0.9545445597569409,1,Sample 2,Cell type 1
1223,-1.0631491403127824,-1.4948648401643923,0,Sample 1,Cell type 1
1224,0.7682526196247503,0.03173719677455575,0,Sample 1,Cell type 1
1225,1.8259949354963503,1.089149485828787,5,Sample 3,Cell type 2
1226,1.6098733917323993,-0.006906657316053125,5,Sample 3,Cell type 2
1227,-1.810558661183082,0.5745527330475447,1,Sample 2,Cell type 1
1228,3.0599115947922604,-1.5869130290131366,3,Sample 1,Cell type 2
1229,1.7152826702247408,1.8057677739416431,5,Sample 3,Cell type 2
1230,1.3851663638973715,1.5507672458816248,3,Sample 1,Cell type 2
1231,-1.7131779288999651,-0.27716537667513624,1,Sample 2,Cell type 1
1232,-0.4872094477910165,0.4029377040155835,0,Sample 1,Cell type 1
1233,1.0593024477420159,1.4986281442894034,4,Sample 2,Cell type 2
1234,-0.9069056836227043,1.8378684361293698,1,Sample 2,Cell type 1
1235,-0.0879729781586498,-0.5093434178031649,4,Sample 2,Cell type 2
1236,-0.998542871778753,0.37329560170991183,2,Sample 3,Cell type 1
1237,1.0915508876245927,1.3482105932739847,4,Sample 2,Cell type 2
1238,0.37979938205038877,0.42092109347299694,3,Sample 1,Cell type 2
1239,-3.1917810986046,0.6157468877480591,2,Sample 3,Cell type 1
1240,0.04794704325078902,0.23469013573475686,4,Sample 2,Cell type 2
1241,-2.500087066110278,-1.3452805318046799,2,Sample 3,Cell type 1
1242,3.841994154739868,0.8161085456391588,4,Sample 2,Cell type 2
1243,-0.613593259478439,0.34167568354736894,1,Sample 2,Cell type 1
1244,-0.1529363202220273,0.17270796228573246,2,Sample 3,Cell type 1
1245,2.3637862848914217,-0.4875959124104417,4,Sample 2,Cell type 2
1246,1.5127830277337613,-0.29175917493657716,4,Sample 2,Cell type 2
1247,-2.24968829844809,-1.440243994053339,1,Sample 2,Cell type 1
1248,1.1981703827846195,0.9291504583137571,4,Sample 2,Cell type 2
1249,0.7516436934734756,-0.32555145248404793,3,Sample 1,Cell type 2
1250,0.47155975507476744,1.180524104345395,2,Sample 3,Cell type 1
1251,-2.832598452570343,0.04274412142647866,2,Sample 3,Cell type 1
1252,-1.2214562393169537,-0.7589219357845726,0,Sample 1,Cell type 1
1253,-2.4383119166953726,0.4159553994737486,1,Sample 2,Cell type 1
1254,-0.22470712693047556,0.22618498341429216,2,Sample 3,Cell type 1
1255,2.7400237729429215,0.23107571879560881,3,Sample 1,Cell type 2
1256,-0.10213113077177993,-0.2581148121644424,2,Sample 3,Cell type 1
1257,1.1465169562899213,1.3455272787622539,3,Sample 1,Cell type 2
1258,0.09873916893174295,-0.7890964030906603,1,Sample 2,Cell type 1
1259,0.11562560579740544,-0.35660671029158386,1,Sample 2,Cell type 1
1260,0.2662412713025757,-0.43570664512633595,2,Sample 3,Cell type 1
1261,-0.34750915503575586,0.6538604601024542,4,Sample 2,Cell type 2
1262,-1.4298810243436046,-1.1296218347760554,1,Sample 2,Cell type 1
1263,1.1973780218188486,0.03176585167069431,5,Sample 3,Cell type 2
1264,1.9556349813907588,1.2726262220057887,4,Sample 2,Cell type 2
1265,3.0753519273709657,-1.2594079492638937,4,Sample 2,Cell type 2
1266,1.7658844106560885,0.6815738013972724,5,Sample 3,Cell type 2
1267,0.8055987205841979,0.3005686347085713,4,Sample 2,Cell type 2
1268,-0.6961576041323181,-0.37068926951022063,0,Sample 1,Cell type 1
1269,2.093449696169472,0.09519334517171091,5,Sample 3,Cell type 2
1270,-1.0997313042511787,-0.349418748169385,2,Sample 3,Cell type 1
1271,-0.13090880235089197,1.160282746266186,3,Sample 1,Cell type 2
1272,-1.2162928583423216,-0.3373387267946378,0,Sample 1,Cell type 1
1273,-0.4918546666957597,-0.917697904822904,1,Sample 2,Cell type 1
1274,1.2531074429967437,1.3406394685028842,3,Sample 1,Cell type 2
1275,-1.8760409542243313,0.9064200028258437,1,Sample 2,Cell type 1
1276,-1.7552957709003747,-0.27829113826609314,0,Sample 1,Cell type 1
1277,-1.4134248095862196,-0.7648599325183126,0,Sample 1,Cell type 1
1278,-2.38070275366206,1.1499091397086583,0,Sample 1,Cell type 1
1279,0.7535083803108318,0.9225982373235961,2,Sample 3,Cell type 1
1280,-1.4856320986634184,0.8054195004241427,2,Sample 3,Cell type 1
1281,2.401444800728793,0.16830694932724827,5,Sample 3,Cell type 2
1282,-1.3998639340685004,0.339570443740367,0,Sample 1,Cell type 1
1283,-0.9628069309564434,0.39870191740263766,1,Sample 2,Cell type 1
1284,3.449720933115844,0.7600102848644992,3,Sample 1,Cell type 2
1285,-0.5592451354705947,-0.35388090331397104,5,Sample 3,Cell type 2
1286,-0.5087919578208799,-1.954414264284403,2,Sample 3,Cell type 1
1287,2.8021847208803177,-0.2768142754042193,3,Sample 1,Cell type 2
1288,0.42161493115764115,-0.4705740244379415,0,Sample 1,Cell type 1
1289,-1.171035131501345,-0.32170088052938445,1,Sample 2,Cell type 1
1290,0.12986324851390685,0.8512826793157311,2,Sample 3,Cell type 1
1291,1.501667701166067,0.5689946826286653,4,Sample 2,Cell type 2
1292,0.7214411026654937,0.17280381327180908,4,Sample 2,Cell type 2
1293,-0.46405819212466837,-0.5309052808166018,2,Sample 3,Cell type 1
1294,-1.6713479138280412,-0.5953872982637627,2,Sample 3,Cell type 1
1295,-0.11558517150705294,-1.2600636508647083,2,Sample 3,Cell type 1
1296,-0.911593536313072,0.37225463181451246,3,Sample 1,Cell type 2
1297,-3.2985290214117593,0.8408879201153464,0,Sample 1,Cell type 1
1298,2.383657057615861,1.2726993515461036,4,Sample 2,Cell type 2
1299,0.12705529576097607,0.1451695883964256,2,Sample 3,Cell type 1
1300,2.386677138865095,-0.47383411931543074,5,Sample 3,Cell type 2
1301,0.7206481077601911,-1.393021400678128,3,Sample 1,Cell type 2
1302,-2.7210294778777993,-0.061770641476921746,1,Sample 2,Cell type 1
1303,-1.945126665641931,0.681745634403737,1,Sample 2,Cell type 1
1304,0.970822639895905,-0.7274684568196363,0,Sample 1,Cell type 1
1305,1.2056339599463726,-0.0775458936895451,5,Sample 3,Cell type 2
1306,-0.9590576713023232,0.502502780890535,2,Sample 3,Cell type 1
1307,0.6699529833148368,0.20181127008176258,1,Sample 2,Cell type 1
1308,-1.8909620132968126,-0.03150684900561231,1,Sample 2,Cell type 1
1309,-1.9264343573638645,-1.217403257259181,1,Sample 2,Cell type 1
1310,1.062176673451844,-2.5295654849562754,5,Sample 3,Cell type 2
1311,-1.1531661602724357,-0.4079052443945477,0,Sample 1,Cell type 1
1312,-0.6984477738242942,0.28454036146450046,1,Sample 2,Cell type 1
1313,1.9161613471864236,-1.1664438235415355,5,Sample 3,Cell type 2
1314,1.18900747722033,0.5536475858507223,3,Sample 1,Cell type 2
1315,-0.4064216773697755,1.5898606202948704,2,Sample 3,Cell type 1
1316,-1.1613259228212205,-0.09900494883094633,2,Sample 3,Cell type 1
1317,1.9409142164340274,-0.18127791006927618,4,Sample 2,Cell type 2
1318,2.3093435567319855,-1.4727627172858364,4,Sample 2,Cell type 2
1319,-1.2559461846458584,1.4315238653560654,1,Sample 2,Cell type 1
1320,2.3160291436312557,-0.26140852460501013,3,Sample 1,Cell type 2
1321,-0.8649216044868382,-0.1844392268174471,4,Sample 2,Cell type 2
1322,-1.4082727488325144,1.5536038910720693,2,Sample 3,Cell type 1
1323,-1.391046604689084,-0.2782549111217754,0,Sample 1,Cell type 1
1324,-2.8680292081706797,-0.07746272351180376,1,Sample 2,Cell type 1
1325,2.345912420718661,-0.256162953828311,3,Sample 1,Cell type 2
1326,-0.3353800780041306,0.15423145307097344,0,Sample 1,Cell type 1
1327,1.2794254787626764,-1.0145374132987324,3,Sample 1,Cell type 2
1328,-3.7068691057243814,0.5140614655972878,2,Sample 3,Cell type 1
1329,0.47008837907098644,-1.0317108537168191,0,Sample 1,Cell type 1
1330,-0.8073156302828164,-1.1211649008407893,0,Sample 1,Cell type 1
1331,-1.9865982923817085,-0.06108424352953371,2,Sample 3,Cell type 1
1332,-0.3659441141577492,0.710151018637967,1,Sample 2,Cell type 1
1333,1.828923255757894,-0.43174700708952246,4,Sample 2,Cell type 2
1334,1.8397599451488869,0.057187714104843655,4,Sample 2,Cell type 2
1335,-1.5005068720847023,-0.11705426419825803,1,Sample 2,Cell type 1
1336,0.4673115402912168,1.146845032860933,4,Sample 2,Cell type 2
1337,-0.4662088678284546,-0.27859179538259127,0,Sample 1,Cell type 1
1338,-0.5309898144585955,0.5806940273550514,0,Sample 1,Cell type 1
1339,0.9106170959871711,-0.2451842108377844,4,Sample 2,Cell type 2
1340,1.8586765919409651,1.0966321933845178,3,Sample 1,Cell type 2
1341,1.1954871437755608,-0.4182905015205549,3,Sample 1,Cell type 2
1342,0.6320669286638807,-0.3085909754018077,2,Sample 3,Cell type 1
1343,-1.3706410320672915,0.11873517009476135,1,Sample 2,Cell type 1
1344,1.3218952299679805,0.058055375576314544,3,Sample 1,Cell type 2
1345,2.094405885020329,-0.6473895181273563,5,Sample 3,Cell type 2
1346,1.864984111508875,-1.5057756112551661,5,Sample 3,Cell type 2
1347,-0.05324714404937325,-0.8982545645829716,1,Sample 2,Cell type 1
1348,-0.705929711857912,0.2704269236497455,1,Sample 2,Cell type 1
1349,1.563032172255904,1.3361776756888568,4,Sample 2,Cell type 2
1350,-1.5140610908045171,0.5153245032205428,0,Sample 1,Cell type 1
1351,-1.577333435700657,0.3887302902065466,0,Sample 1,Cell type 1
1352,0.011918023883452422,-0.30066950788194646,1,Sample 2,Cell type 1
1353,2.278166444903754,0.5329025102564265,4,Sample 2,Cell type 2
1354,0.23006557366697677,-0.24626484935394136,5,Sample 3,Cell type 2
1355,1.8306798086263878,-0.4685675459060691,4,Sample 2,Cell type 2
1356,-0.621370332083369,-0.5201286991494396,2,Sample 3,Cell type 1
1357,1.7435310544364642,0.2894873936324274,5,Sample 3,Cell type 2
1358,1.2656758313429524,0.3553933410023199,4,Sample 2,Cell type 2
1359,-1.8871534417019893,0.45364186396606,0,Sample 1,Cell type 1
1360,0.5900796493752336,0.22046138385480354,3,Sample 1,Cell type 2
1361,0.857946241143766,0.2774628572749389,3,Sample 1,Cell type 2
1362,-2.8226283279918465,0.1678088832924849,0,Sample 1,Cell type 1
1363,2.1504528527135376,-0.05476456800263496,4,Sample 2,Cell type 2
1364,-0.16053252848871868,0.052604532635084904,3,Sample 1,Cell type 2
1365,-1.7073874293714841,-1.2429401428383975,1,Sample 2,Cell type 1
1366,1.347927606914673,1.2233678394283252,3,Sample 1,Cell type 2
1367,-1.9829090803137106,0.12180451310306181,2,Sample 3,Cell type 1
1368,-1.1161307036168053,-0.766495956900954,2,Sample 3,Cell type 1
1369,0.6179178741645703,0.5767585751403089,0,Sample 1,Cell type 1
1370,-1.5718688922058632,-0.037163418306554556,2,Sample 3,Cell type 1
1371,1.129065364964174,0.5178210520681131,5,Sample 3,Cell type 2
1372,-2.1156060574722155,-1.3525835478141504,2,Sample 3,Cell type 1
1373,0.690619132440901,0.1093149577795913,4,Sample 2,Cell type 2
1374,-0.26741722582203287,0.11575570536446987,2,Sample 3,Cell type 1
1375,1.9960970667618958,0.373306015871317,4,Sample 2,Cell type 2
1376,0.9328665906927313,0.30923778166039456,5,Sample 3,Cell type 2
1377,0.9792544995230804,1.1507176511454371,3,Sample 1,Cell type 2
1378,1.4419035513619782,0.29684075478165906,5,Sample 3,Cell type 2
1379,0.47657731309550366,-0.7699749191465614,5,Sample 3,Cell type 2
1380,-1.7286431679294816,0.38165494001768074,0,Sample 1,Cell type 1
1381,-0.7695732391175119,0.8844218855509626,0,Sample 1,Cell type 1
1382,0.27414133387697603,-0.4132983581903165,4,Sample 2,Cell type 2
1383,-0.3421369212614055,-0.5855938446315453,2,Sample 3,Cell type 1
1384,0.058874526209878986,-0.18802616163378458,5,Sample 3,Cell type 2
1385,-1.3709986705220232,0.8221263588156659,1,Sample 2,Cell type 1
1386,-0.782810258574897,-1.0359126752575565,1,Sample 2,Cell type 1
1387,-1.6193353106599515,2.027192224809878,0,Sample 1,Cell type 1
1388,1.3801914756112958,-0.41956975075160063,3,Sample 1,Cell type 2
1389,1.283474684399799,0.19348453570909316,4,Sample 2,Cell type 2
1390,-0.3740160181908002,0.7641918996688296,1,Sample 2,Cell type 1
1391,2.513343211676214,-0.7954820056266564,3,Sample 1,Cell type 2
1392,0.7909538474804745,0.00949114056692304,4,Sample 2,Cell type 2
1393,0.7663284714777154,0.003326104663062593,1,Sample 2,Cell type 1
1394,-1.7284427389744788,0.8610328677470926,2,Sample 3,Cell type 1
1395,-0.3558391829462436,2.1549257105242057,2,Sample 3,Cell type 1
1396,-0.8341218423297069,-0.3780249545647463,2,Sample 3,Cell type 1
1397,-0.9662123426618607,0.9826248051671811,2,Sample 3,Cell type 1
1398,-0.5973454566379219,-0.45111069701119144,2,Sample 3,Cell type 1
1399,0.6133285193252422,-1.1709983397522108,3,Sample 1,Cell type 2
1400,-2.0689887159257743,-0.35759092729622566,2,Sample 3,Cell type 1
1401,-0.44276116509532204,1.8517459227405288,0,Sample 1,Cell type 1
1402,2.1910068302409442,-0.029761201225591078,5,Sample 3,Cell type 2
1403,1.3753857919809214,-0.8861703183161599,4,Sample 2,Cell type 2
1404,-1.1557646418554826,0.014021142823320782,0,Sample 1,Cell type 1
1405,1.9836631998070016,0.8734163732159995,5,Sample 3,Cell type 2
1406,1.9643643420229346,-1.3558806271713593,3,Sample 1,Cell type 2
1407,0.22983167804364357,-1.0673294392681703,5,Sample 3,Cell type 2
1408,-0.6283616911519381,-0.5073520975235772,0,Sample 1,Cell type 1
1409,1.9504911265029903,0.7094624909724033,4,Sample 2,Cell type 2
1410,-0.03813427779977929,-0.3330329513113773,5,Sample 3,Cell type 2
1411,-1.3057831068827714,0.20844672675128265,2,Sample 3,Cell type 1
1412,-0.3366675464299389,-1.844527037102713,3,Sample 1,Cell type 2
1413,-1.9292715131747857,0.35813434495212804,1,Sample 2,Cell type 1
1414,-1.6903607098602706,-0.543454467743868,2,Sample 3,Cell type 1
1415,-0.6606096454880321,-0.026336532316480518,0,Sample 1,Cell type 1
1416,-3.472754358452711,-0.4497571585364676,1,Sample 2,Cell type 1
1417,0.27764270406227354,-0.5403812091648347,1,Sample 2,Cell type 1
1418,-0.6747439550424275,1.3842329098193724,0,Sample 1,Cell type 1
1419,-2.8942745551471134,1.8379601194812578,2,Sample 3,Cell type 1
1420,1.1339025713265747,-0.15413067434244104,4,Sample 2,Cell type 2
1421,-0.7837680371648421,-1.3492630817619284,3,Sample 1,Cell type 2
1422,2.050967732975001,-0.6975404667146159,3,Sample 1,Cell type 2
1423,-1.3471053678800633,0.3910523814821752,2,Sample 3,Cell type 1
1424,-2.3660863720127283,-0.32132628072594843,1,Sample 2,Cell type 1
1425,-0.4887071153842185,-0.9446899490189471,1,Sample 2,Cell type 1
1426,-1.9269750472992422,0.04147129946983621,2,Sample 3,Cell type 1
1427,0.9269261342780772,0.7518000918283517,5,Sample 3,Cell type 2
1428,2.447123555007242,1.2181082828590828,3,Sample 1,Cell type 2
1429,-0.8179040832194782,1.4686712091801981,1,Sample 2,Cell type 1
1430,0.12455441063554296,-1.1994996577316848,1,Sample 2,Cell type 1
1431,-2.063686712878721,0.4045265215490762,1,Sample 2,Cell type 1
1432,-1.473067840586846,0.029166312006122595,2,Sample 3,Cell type 1
1433,0.2760746484136446,0.20320923067696908,5,Sample 3,Cell type 2
1434,-0.7939032467865937,-1.6721113062584585,1,Sample 2,Cell type 1
1435,-1.4647866794988147,-0.17681992508528746,1,Sample 2,Cell type 1
1436,0.7483485520857909,-0.11447944558419865,5,Sample 3,Cell type 2
1437,-0.41569033136557487,-0.9472924726830994,3,Sample 1,Cell type 2
1438,-1.5077765618744379,-1.3446340139607755,2,Sample 3,Cell type 1
1439,1.2742391832862596,-0.4777818956282886,0,Sample 1,Cell type 1
1440,1.3473730833119884,-1.0589804495100477,3,Sample 1,Cell type 2
1441,0.657312936524376,-1.1425187394115317,3,Sample 1,Cell type 2
1442,-0.2239988393017206,-1.274604350213381,2,Sample 3,Cell type 1
1443,2.416732107429168,-0.31131655260014507,4,Sample 2,Cell type 2
1444,2.37730110791897,-0.7002853072494429,3,Sample 1,Cell type 2
1445,0.7092318315906778,1.2020134099830808,4,Sample 2,Cell type 2
1446,0.19576448765279164,-1.4772421040418873,3,Sample 1,Cell type 2
1447,-1.002507499600211,-0.47978136181424985,2,Sample 3,Cell type 1
1448,-0.9015446848555964,0.6531899615088228,0,Sample 1,Cell type 1
1449,-1.2519939716870319,-1.1511276625978077,1,Sample 2,Cell type 1
1450,0.5261505900297787,1.7075598252958004,1,Sample 2,Cell type 1
1451,0.5938274220907018,-0.9161203414294432,3,Sample 1,Cell type 2
1452,0.03434599365710822,-0.6328587826132986,0,Sample 1,Cell type 1
1453,0.12963120953741347,-0.4479052710861355,2,Sample 3,Cell type 1
1454,-1.894476407351368,0.37817238860549246,1,Sample 2,Cell type 1
1455,0.28362666353455157,0.17270059051948267,3,Sample 1,Cell type 2
1456,-0.6827455284788084,-0.5133162297723125,1,Sample 2,Cell type 1
1457,-0.42028860893490216,0.07378993244224744,2,Sample 3,Cell type 1
1458,-0.9419730266708918,-1.7779199097184841,0,Sample 1,Cell type 1
1459,-1.418779411102048,-0.09535351887372209,0,Sample 1,Cell type 1
1460,1.5295925622162767,0.39375558312573267,5,Sample 3,Cell type 2
1461,-0.005026660337814515,1.0683272750043422,0,Sample 1,Cell type 1
1462,-1.7929615029951629,-0.6409986872841459,1,Sample 2,Cell type 1
1463,-1.1033220238831574,0.5100945535657616,2,Sample 3,Cell type 1
1464,4.039991417160426,0.4641476572531224,5,Sample 3,Cell type 2
1465,-0.8237392704120866,-0.8805354998535289,0,Sample 1,Cell type 1
1466,-1.919109535417642,0.637520802569418,0,Sample 1,Cell type 1
1467,-0.37159901774776904,0.35413684687957464,0,Sample 1,Cell type 1
1468,-1.2237542683900096,0.5639522735367638,2,Sample 3,Cell type 1
1469,-0.06036171860084916,0.3895653622679766,5,Sample 3,Cell type 2
1470,-0.3830430350888163,1.6637479499667704,1,Sample 2,Cell type 1
1471,0.3494486843395753,-1.9579938992888128,5,Sample 3,Cell type 2
1472,-1.242466151000102,0.6457880302163661,0,Sample 1,Cell type 1
1473,1.4309628158959615,-0.024492719140071305,5,Sample 3,Cell type 2
1474,-1.328716879740862,-1.5040527952446585,2,Sample 3,Cell type 1
1475,0.29157865930001203,-0.3125720600620586,2,Sample 3,Cell type 1
1476,-1.7332804025411934,0.1585354066989229,2,Sample 3,Cell type 1
1477,1.9433835709077485,-0.7543588340983783,4,Sample 2,Cell type 2
1478,0.9369582006448316,0.6528769444419895,5,Sample 3,Cell type 2
1479,1.3800923177048872,-1.0157710629412864,4,Sample 2,Cell type 2
1480,1.7463913953245762,-0.5684863720622796,3,Sample 1,Cell type 2
1481,-1.6012814082787439,0.8928381145828705,0,Sample 1,Cell type 1
1482,-0.004689618078421942,-0.507552739252419,1,Sample 2,Cell type 1
1483,1.564912376087027,1.4981776397696476,4,Sample 2,Cell type 2
1484,1.0592097837840662,1.4966383024708538,4,Sample 2,Cell type 2
1485,-0.5918421587009793,-0.8840646308292116,1,Sample 2,Cell type 1
1486,1.561173218943273,1.6248751617778026,4,Sample 2,Cell type 2
1487,1.4709914044557297,-0.7205313081132949,4,Sample 2,Cell type 2
1488,-1.636203311188614,0.7700000931186409,1,Sample 2,Cell type 1
1489,-0.6762349223858903,-0.4487705062096063,2,Sample 3,Cell type 1
1490,0.805752320107461,1.0240719983724347,5,Sample 3,Cell type 2
1491,0.7864189892243035,0.9251631020320182,5,Sample 3,Cell type 2
1492,0.4107072019384457,-0.4595476493678215,3,Sample 1,Cell type 2
1493,1.1164312060334367,-2.1426651949711477,3,Sample 1,Cell type 2
1494,-0.15703920264749516,-1.454261823870149,3,Sample 1,Cell type 2
1495,1.6830835259141015,0.40327050691160254,4,Sample 2,Cell type 2
1496,0.9330892032173281,-0.16609629796735065,3,Sample 1,Cell type 2
1497,-0.8475752583675298,-1.272343047214482,0,Sample 1,Cell type 1
1498,0.20798921647831248,0.2422628282296439,3,Sample 1,Cell type 2
1499,-1.0728256038964195,-2.85338316229025,2,Sample 3,Cell type 1
1500,0.9638157389172589,-0.45179276416308417,5,Sample 3,Cell type 2
1501,-1.9019953170340522,-0.6771917136177315,1,Sample 2,Cell type 1
1502,0.29321387176308544,1.7540668003028572,5,Sample 3,Cell type 2
1503,-0.26806467211283547,0.2475020684626297,4,Sample 2,Cell type 2
1504,0.5880907063104102,0.9643283372291038,4,Sample 2,Cell type 2
1505,-1.39048611668127,1.5499395880273754,2,Sample 3,Cell type 1
1506,-1.7276442426038687,-0.4515813392260829,0,Sample 1,Cell type 1
1507,3.2773327017775205,-0.2051033028892507,4,Sample 2,Cell type 2
1508,1.9588386450336426,-0.23224096405004538,3,Sample 1,Cell type 2
1509,0.30253345834241374,1.2312848131334082,3,Sample 1,Cell type 2
1510,-2.0682940494751705,0.9520327627387165,2,Sample 3,Cell type 1
1511,0.3763386959219064,0.9234786968640036,5,Sample 3,Cell type 2
1512,0.7446639444717413,1.071427486674134,4,Sample 2,Cell type 2
1513,-0.43689938701149444,-0.7714418007746543,0,Sample 1,Cell type 1
1514,1.0986144220700722,-0.374794589923223,3,Sample 1,Cell type 2
1515,-1.1977046990537608,0.3214013143605718,0,Sample 1,Cell type 1
1516,-0.7342480534412185,-0.6988492264437003,2,Sample 3,Cell type 1
1517,0.6603521342840111,1.2103686280626251,4,Sample 2,Cell type 2
1518,2.263884653795457,0.22071226310481273,5,Sample 3,Cell type 2
1519,-1.2023703836272708,-0.5850023227411137,0,Sample 1,Cell type 1
1520,1.724440051659093,1.971375301069581,4,Sample 2,Cell type 2
1521,-0.5171411407866369,-0.8086211836119336,0,Sample 1,Cell type 1
1522,-0.7577857528794034,-0.30887304794766945,0,Sample 1,Cell type 1
1523,-0.7509782806029829,0.7444649241324215,0,Sample 1,Cell type 1
1524,0.6315934823032381,-0.950500412268378,4,Sample 2,Cell type 2
1525,-2.000312161243329,0.2218543005888044,1,Sample 2,Cell type 1
1526,1.525494720055601,1.1556942256610077,4,Sample 2,Cell type 2
1527,-1.0825354217306133,-0.7989925603846866,2,Sample 3,Cell type 1
1528,0.33513514722556514,-0.5643250666473552,5,Sample 3,Cell type 2
1529,-2.075070645789432,0.25722295811525964,2,Sample 3,Cell type 1
1530,-1.9560733423534944,0.42623318757166345,0,Sample 1,Cell type 1
1531,1.163603109328444,0.26497707991564334,5,Sample 3,Cell type 2
1532,1.0309544157768247,-0.5780092305995904,5,Sample 3,Cell type 2
1533,-1.2107380372510024,-0.2107232612542625,0,Sample 1,Cell type 1
1534,1.5193649654516257,-0.1602209610574546,3,Sample 1,Cell type 2
1535,-0.10179090112631295,-2.60662984037432,0,Sample 1,Cell type 1
1536,-0.8049019926136338,-0.9875722748695597,1,Sample 2,Cell type 1
1537,2.0832202490801137,-1.3403558379961962,4,Sample 2,Cell type 2
1538,1.5306753082216602,-2.386645256740454,3,Sample 1,Cell type 2
1539,1.894868944018861,0.22925802364218853,3,Sample 1,Cell type 2
1540,1.581038271063591,0.6335682091148103,5,Sample 3,Cell type 2
1541,-0.6857052478375585,1.8400334014799498,3,Sample 1,Cell type 2
1542,-0.26974310095756715,-1.0334369598773565,1,Sample 2,Cell type 1
1543,-1.4247386792104901,0.9800555372706294,0,Sample 1,Cell type 1
1544,-1.206451669661225,-0.03912925483247619,1,Sample 2,Cell type 1
1545,1.4622483649736997,0.6747282193003821,5,Sample 3,Cell type 2
1546,0.7768412134048993,-0.43197133153385386,4,Sample 2,Cell type 2
1547,1.1950201877479059,0.26609899633379963,4,Sample 2,Cell type 2
1548,0.7686528320682418,0.24979726214417855,3,Sample 1,Cell type 2
1549,-0.04360843829122618,-0.338070299188982,2,Sample 3,Cell type 1
1550,-0.0736760339172231,-0.3534536145832358,4,Sample 2,Cell type 2
1551,-0.9134913007531149,-0.41604775983453823,0,Sample 1,Cell type 1
1552,1.7584966270891242,-0.4848536523117971,5,Sample 3,Cell type 2
1553,1.0927703993777633,0.021582017114033666,4,Sample 2,Cell type 2
1554,0.8772200647501456,-0.700477697705853,4,Sample 2,Cell type 2
1555,-0.38629765933631977,1.6620365931624304,0,Sample 1,Cell type 1
1556,2.7766708189705214,0.3395369334080037,4,Sample 2,Cell type 2
1557,-1.4181555675685538,0.18104369028555536,0,Sample 1,Cell type 1
1558,1.2240045722199309,-0.3520407350275583,4,Sample 2,Cell type 2
1559,-0.931981264596966,0.943977727687826,2,Sample 3,Cell type 1
1560,-2.5771393856268974,-0.7746562470558046,2,Sample 3,Cell type 1
1561,0.3318522666123388,-0.1043973650893802,3,Sample 1,Cell type 2
1562,-0.5341068815777892,-0.653169431838119,0,Sample 1,Cell type 1
1563,-1.4344691699638292,-0.8579957474328411,0,Sample 1,Cell type 1
1564,1.0855250967448657,1.5554964425097,5,Sample 3,Cell type 2
1565,1.2066153769668277,-0.6519272686231147,5,Sample 3,Cell type 2
1566,-1.497859520812543,-0.2285565357575116,2,Sample 3,Cell type 1
1567,1.9996778551731778,0.679666476423549,5,Sample 3,Cell type 2
1568,0.9401959222214896,-0.322271501561387,3,Sample 1,Cell type 2
1569,-2.2314835349495294,1.7885483993077271,1,Sample 2,Cell type 1
1570,-0.5492515680962096,-0.790626421207854,2,Sample 3,Cell type 1
1571,0.9033592434309592,1.445110162274209,4,Sample 2,Cell type 2
1572,-1.164606796994356,1.2373887772333663,0,Sample 1,Cell type 1
1573,-1.7345955200877683,0.07032875667268271,1,Sample 2,Cell type 1
1574,0.3984776524082001,-1.2550755940789289,5,Sample 3,Cell type 2
1575,0.08590309220815662,0.4843904449430315,5,Sample 3,Cell type 2
1576,-0.7956689690216,-0.29166135768807316,2,Sample 3,Cell type 1
1577,0.5057861671093804,-0.5350479501840502,5,Sample 3,Cell type 2
1578,-2.7990000161751247,0.030626627712012893,2,Sample 3,Cell type 1
1579,-0.8281751282706604,-0.03269754723810757,2,Sample 3,Cell type 1
1580,-1.063198325365855,-2.2700501257391554,2,Sample 3,Cell type 1
1581,1.4763699405493023,1.2204960427892926,5,Sample 3,Cell type 2
1582,-1.120615450005626,0.013219375256277385,0,Sample 1,Cell type 1
1583,2.0747930347125925,1.1709918567216835,4,Sample 2,Cell type 2
1584,-0.13163353021228819,1.4540245411934085,0,Sample 1,Cell type 1
1585,-2.8343120816600686,-0.9072776798256637,0,Sample 1,Cell type 1
1586,1.3441899841232818,-1.180946881075966,3,Sample 1,Cell type 2
1587,-0.8192394161958614,0.09071196538032568,2,Sample 3,Cell type 1
1588,0.9386177227005978,-1.2660474893036022,4,Sample 2,Cell type 2
1589,0.14926884747936908,0.30422113299153736,1,Sample 2,Cell type 1
1590,-0.9073743485290865,-2.082639659400095,2,Sample 3,Cell type 1
1591,2.523081717194388,-0.23374905396887918,5,Sample 3,Cell type 2
1592,-1.5217204125391026,0.3908372849298644,4,Sample 2,Cell type 2
1593,1.6004970453740754,0.8853624395132075,5,Sample 3,Cell type 2
1594,0.6406690186486341,0.8161834811492565,5,Sample 3,Cell type 2
1595,0.28289689059774215,-0.41255852689151445,5,Sample 3,Cell type 2
1596,-0.5820671228080833,-0.4954967385376389,1,Sample 2,Cell type 1
1597,0.42208554355155703,-1.823919998939492,5,Sample 3,Cell type 2
1598,-0.9859434994453573,0.8120494564079824,1,Sample 2,Cell type 1
1599,3.2549040148212045,-0.4064769802592522,4,Sample 2,Cell type 2
1600,-1.550592181814757,-0.03333311734357082,0,Sample 1,Cell type 1
1601,3.958985068649865,-0.1270347051085251,5,Sample 3,Cell type 2
1602,-0.7362347740311869,-0.642916276223731,0,Sample 1,Cell type 1
1603,0.7588911392573512,-0.6379003824493483,5,Sample 3,Cell type 2
1604,-1.0613110826511578,0.3275735677674643,2,Sample 3,Cell type 1
1605,0.754293926779674,0.5265191990590185,4,Sample 2,Cell type 2
1606,0.7950061187887288,-0.8460143389113787,3,Sample 1,Cell type 2
1607,0.08539506489213444,0.6996666174880601,1,Sample 2,Cell type 1
1608,-0.6002215054383953,0.991190661962186,1,Sample 2,Cell type 1
1609,-0.8923406227289199,-0.6061856831075186,5,Sample 3,Cell type 2
1610,-0.2727674295381357,-0.7632590382274578,2,Sample 3,Cell type 1
1611,0.49735954892912604,0.27471881387821767,2,Sample 3,Cell type 1
1612,0.07663166426729995,0.5465601135915236,3,Sample 1,Cell type 2
1613,-1.607440616911497,-0.3627683901585277,1,Sample 2,Cell type 1
1614,1.3799090123153315,-1.352673295555638,0,Sample 1,Cell type 1
1615,1.490013882574716,-0.9850449247514067,4,Sample 2,Cell type 2
1616,-0.19275323475719697,1.2114930814762326,5,Sample 3,Cell type 2
1617,-0.573731130869691,-0.8337430169833846,1,Sample 2,Cell type 1
1618,-3.249465143386216,2.061848315331668,0,Sample 1,Cell type 1
1619,1.0066156074277293,-0.9745564759815091,5,Sample 3,Cell type 2
1620,0.26120896983128195,-0.3841237754417319,3,Sample 1,Cell type 2
1621,0.1459424550081896,-0.8162125872498549,3,Sample 1,Cell type 2
1622,2.5641864866111685,0.38607115369366535,4,Sample 2,Cell type 2
1623,-0.4102634340506175,0.36638134505894865,4,Sample 2,Cell type 2
1624,-0.2535349769348597,-1.9900217781070966,0,Sample 1,Cell type 1
1625,0.4664806901392178,-0.0210545642195516,5,Sample 3,Cell type 2
1626,0.253611663074767,0.5324139166077879,5,Sample 3,Cell type 2
1627,0.3756100532529246,0.30820579125921127,5,Sample 3,Cell type 2
1628,-1.0299069915800148,-0.18730517154528573,0,Sample 1,Cell type 1
1629,-0.24682446660004498,0.5337486452547191,5,Sample 3,Cell type 2
1630,0.24595924494899635,-0.7602326988326844,5,Sample 3,Cell type 2
1631,0.16020453053160166,-0.8972384637619142,3,Sample 1,Cell type 2
1632,-1.8328821634536285,0.22984538010688538,1,Sample 2,Cell type 1
1633,0.4274151345308168,-1.1140339489441642,0,Sample 1,Cell type 1
1634,-1.0247634145455726,1.5950264370027698,0,Sample 1,Cell type 1
1635,-1.5735769723259154,0.4125480331963358,1,Sample 2,Cell type 1
1636,-2.881272608967841,-0.15323242211631496,2,Sample 3,Cell type 1
1637,-0.36297265615830865,0.4938304287554103,5,Sample 3,Cell type 2
1638,2.992896948300937,-1.212938307278463,4,Sample 2,Cell type 2
1639,0.9685526495872305,-0.816593903435039,4,Sample 2,Cell type 2
1640,0.6459559320298087,-0.686176155542623,3,Sample 1,Cell type 2
1641,-1.1672611769734726,0.2789990848489996,1,Sample 2,Cell type 1
1642,1.262559452840478,0.1926998840575202,5,Sample 3,Cell type 2
1643,-1.1553662208617512,0.5748094258922709,2,Sample 3,Cell type 1
1644,0.46967164228443903,-1.1280615464655168,4,Sample 2,Cell type 2
1645,0.3058575249902672,-0.4526186850342172,5,Sample 3,Cell type 2
1646,-0.5758780169647053,-0.15974269539685487,3,Sample 1,Cell type 2
1647,1.9809144631817472,-0.5140655766757679,3,Sample 1,Cell type 2
1648,-0.055402556212598375,-0.4817116904045112,0,Sample 1,Cell type 1
1649,-0.33684049261680993,-0.25319480140639206,0,Sample 1,Cell type 1
1650,-0.9717437210205012,1.4468204757595593,2,Sample 3,Cell type 1
1651,2.0110845583861856,0.6092946876375488,4,Sample 2,Cell type 2
1652,0.8322072257606014,-0.4314185483904759,5,Sample 3,Cell type 2
1653,1.3792242288760377,-0.9137631368248343,5,Sample 3,Cell type 2
1654,-1.2318584369598946,-0.06267010797009735,2,Sample 3,Cell type 1
1655,-1.5914214660502521,-0.6279470135084204,2,Sample 3,Cell type 1
1656,1.257748069559851,-0.16973534623273942,4,Sample 2,Cell type 2
1657,-0.07004700624801385,0.39758458468453145,4,Sample 2,Cell type 2
1658,0.9568127846344769,-1.2305938151564604,5,Sample 3,Cell type 2
1659,1.0109527140546146,-0.08358705125374746,3,Sample 1,Cell type 2
1660,-1.4330132423966218,0.3054202314805983,3,Sample 1,Cell type 2
1661,-0.5742655460558064,-0.5810148648318555,2,Sample 3,Cell type 1
1662,0.7112945243332008,-1.2258390337692817,4,Sample 2,Cell type 2
1663,-1.0485143641051653,-0.8840732223395832,1,Sample 2,Cell type 1
1664,-1.8664593087561512,-0.185950151726442,1,Sample 2,Cell type 1
1665,-0.27197265754655253,-0.5260097626653945,2,Sample 3,Cell type 1
1666,-3.433952468442498,-0.5668960971274294,2,Sample 3,Cell type 1
1667,0.022058132464649827,-0.9956641611704709,1,Sample 2,Cell type 1
1668,2.386397115799006,1.1298148022596275,3,Sample 1,Cell type 2
1669,2.2371501408188994,0.32371276291768897,3,Sample 1,Cell type 2
1670,1.8512993408991754,0.9662597495168145,3,Sample 1,Cell type 2
1671,2.846122248942517,-0.6244239761116404,4,Sample 2,Cell type 2
1672,1.1100187040923597,-0.3770671009691112,3,Sample 1,Cell type 2
1673,1.4354570125238153,-0.038098706094191484,5,Sample 3,Cell type 2
1674,-0.9953978890217852,-0.21112842003763224,0,Sample 1,Cell type 1
1675,-0.4528931412551147,0.1679482108407223,0,Sample 1,Cell type 1
1676,1.9360521017140504,-0.9169829613600617,3,Sample 1,Cell type 2
1677,-0.665968713965822,-0.5435866680442385,0,Sample 1,Cell type 1
1678,-1.1030858607273561,1.1140346807761157,0,Sample 1,Cell type 1
1679,0.9994523659099395,1.076964408744518,5,Sample 3,Cell type 2
1680,-1.4472388226061805,-0.164312076941587,1,Sample 2,Cell type 1
1681,-2.598611709608488,0.36778753033260375,1,Sample 2,Cell type 1
1682,-1.0275140552582052,0.30237135609651894,3,Sample 1,Cell type 2
1683,-1.1657312341148818,-1.0171608565362151,2,Sample 3,Cell type 1
1684,1.3040760844419155,-0.0864539097521849,0,Sample 1,Cell type 1
1685,-1.194364468315209,0.8437297432562324,2,Sample 3,Cell type 1
1686,0.7135290873060993,-0.4874586869782688,5,Sample 3,Cell type 2
1687,-0.9225002185669199,-0.6722309565631508,2,Sample 3,Cell type 1
1688,1.5065690324114176,-0.12396695434913435,4,Sample 2,Cell type 2
1689,-1.5188593606540475,-2.331938062930419,0,Sample 1,Cell type 1
1690,-1.0648091094223004,0.9031796081028217,0,Sample 1,Cell type 1
1691,1.6328261775124444,2.2485874353493456,3,Sample 1,Cell type 2
1692,1.4469711534819059,0.5715900104381327,4,Sample 2,Cell type 2
1693,1.6076233507662288,-1.5444299234796202,3,Sample 1,Cell type 2
1694,-0.796814629199421,0.015851926740291584,1,Sample 2,Cell type 1
1695,0.4603240046609167,0.3707576991556286,3,Sample 1,Cell type 2
1696,1.6079417625389227,0.5197652591464906,5,Sample 3,Cell type 2
1697,-0.1562549897757206,-0.29792190078727254,4,Sample 2,Cell type 2
1698,1.3811570866198337,-1.444234508818031,4,Sample 2,Cell type 2
1699,0.46154859922193703,-0.7818907901156188,4,Sample 2,Cell type 2
1700,-2.970929534480698,1.0751329984623577,1,Sample 2,Cell type 1
1701,3.3252162941499104,-1.1972036300772042,4,Sample 2,Cell type 2
1702,-2.138048566259469,-1.6137958072811192,1,Sample 2,Cell type 1
1703,-0.47053066315335856,-0.3823482127730746,3,Sample 1,Cell type 2
1704,0.7541629781320884,1.2098561177111369,5,Sample 3,Cell type 2
1705,2.4409668755479537,0.8026565216353315,4,Sample 2,Cell type 2
1706,0.8555949610609295,-0.25209990697500556,5,Sample 3,Cell type 2
1707,-1.1513294367263107,-0.42488151992741463,0,Sample 1,Cell type 1
1708,2.3852281112295852,1.4151583892432944,3,Sample 1,Cell type 2
1709,2.319252380742667,0.9832840502474729,5,Sample 3,Cell type 2
1710,-2.68371272892327,-0.3163621356371778,0,Sample 1,Cell type 1
1711,0.5158504303001736,-0.16461141068153423,5,Sample 3,Cell type 2
1712,-0.20611240608930714,-0.4371108701175423,3,Sample 1,Cell type 2
1713,-1.1761286780322113,0.954080765917799,2,Sample 3,Cell type 1
1714,-0.9376221641817641,-0.027707852172073676,3,Sample 1,Cell type 2
1715,1.8486447579075103,0.16312855351054525,4,Sample 2,Cell type 2
1716,0.5943337504275235,-1.80153540155298,5,Sample 3,Cell type 2
1717,-0.5299744275839993,-0.08812372179861365,1,Sample 2,Cell type 1
1718,0.47596807643425376,0.667914741964703,0,Sample 1,Cell type 1
1719,-0.15727761555174347,-0.45494077990006004,3,Sample 1,Cell type 2
1720,2.4181484053363884,0.016911460177146686,5,Sample 3,Cell type 2
1721,-2.0611358120438226,1.0689114496154073,0,Sample 1,Cell type 1
1722,0.056098048969200454,-0.24529024922562828,2,Sample 3,Cell type 1
1723,0.028540533063518447,0.6767397294180968,0,Sample 1,Cell type 1
1724,-2.6888974354376867,0.5577403013695227,1,Sample 2,Cell type 1
1725,0.7469167641375098,0.11107722015086495,5,Sample 3,Cell type 2
1726,0.6730191924503095,0.2669154090248773,4,Sample 2,Cell type 2
1727,0.4297694360555685,-1.7156129580804425,4,Sample 2,Cell type 2
1728,0.7932638178513065,-0.6899909290050131,1,Sample 2,Cell type 1
1729,0.07327338433024555,-0.4356154112598763,3,Sample 1,Cell type 2
1730,0.11032389292068956,2.016833900585213,4,Sample 2,Cell type 2
1731,1.3497825214299795,-0.2417594615442577,5,Sample 3,Cell type 2
1732,1.3768341204631316,-0.012575905628465977,4,Sample 2,Cell type 2
1733,-1.3455741447571166,0.22518018562652503,1,Sample 2,Cell type 1
1734,-0.2129346332807297,-0.5847887041634404,1,Sample 2,Cell type 1
1735,-0.23807067990772568,-0.4262809118860719,3,Sample 1,Cell type 2
1736,-0.04605725435804031,0.5553053546190277,1,Sample 2,Cell type 1
1737,1.9333047919322428,-0.24793408366112005,5,Sample 3,Cell type 2
1738,-1.5901189475152995,-0.21214012037100166,2,Sample 3,Cell type 1
1739,-1.8942305640346326,0.12233211049651319,2,Sample 3,Cell type 1
1740,-1.7415419382747996,-0.6471985063042673,1,Sample 2,Cell type 1
1741,-1.7312911931097874,1.894767686512481,2,Sample 3,Cell type 1
1742,0.9474128929022606,0.7437629855974722,3,Sample 1,Cell type 2
1743,0.24787989548196743,0.9874981724457945,3,Sample 1,Cell type 2
1744,1.4287871500454123,-0.13793449805937488,4,Sample 2,Cell type 2
1745,-1.1564740594973748,-0.6110823118168189,4,Sample 2,Cell type 2
1746,0.07469846274263525,-0.8830489780257135,1,Sample 2,Cell type 1
1747,0.7777735052594908,-1.7333800366005911,4,Sample 2,Cell type 2
1748,-0.588447635846283,1.3102400899320898,1,Sample 2,Cell type 1
1749,2.459686373006546,-0.46785073115270354,5,Sample 3,Cell type 2
1750,2.454285241110082,-0.8684039701677458,4,Sample 2,Cell type 2
1751,2.0260610618456445,-0.7533811202535357,3,Sample 1,Cell type 2
1752,-2.354248336627902,0.6840503673206424,0,Sample 1,Cell type 1
1753,-0.7694464548751496,1.0739799053344135,2,Sample 3,Cell type 1
1754,1.7884694906641316,-0.23235762422829095,2,Sample 3,Cell type 1
1755,1.5606496273719772,0.5773874804424107,4,Sample 2,Cell type 2
1756,0.8414792220602995,-1.3807122241039664,4,Sample 2,Cell type 2
1757,1.546248347547974,-1.6577271710383887,4,Sample 2,Cell type 2
1758,-1.7401779391439804,1.0089276005920242,1,Sample 2,Cell type 1
1759,-0.3649962916573293,-0.31433569681316537,5,Sample 3,Cell type 2
1760,1.6620896292772318,0.8333137590549462,5,Sample 3,Cell type 2
1761,-0.6786860626314574,-0.6236186357345888,0,Sample 1,Cell type 1
1762,0.8981573549895244,-0.4997457792118544,4,Sample 2,Cell type 2
1763,-0.7230910119389975,-0.9859674499610062,2,Sample 3,Cell type 1
1764,-0.05107877656253934,-0.2955377334751222,4,Sample 2,Cell type 2
1765,-0.09947591376131959,-0.6035581881689804,0,Sample 1,Cell type 1
1766,-0.056163586225092876,1.4898664017794658,1,Sample 2,Cell type 1
1767,2.1828039181332213,0.6419396257168881,3,Sample 1,Cell type 2
1768,0.4546089585235793,-0.8484977162074271,5,Sample 3,Cell type 2
1769,0.4449021746322631,-1.213196205930452,3,Sample 1,Cell type 2
1770,-1.2817522274708388,-0.0006377351189813255,1,Sample 2,Cell type 1
1771,0.46235704505937136,0.09937624225150761,5,Sample 3,Cell type 2
1772,2.0504959599739356,1.4296024586161007,4,Sample 2,Cell type 2
1773,1.3484334844548158,0.0005039931057258597,5,Sample 3,Cell type 2
1774,-0.6691421438112601,0.13328047781844857,1,Sample 2,Cell type 1
1775,-1.1712167599718941,-1.3477020017451737,2,Sample 3,Cell type 1
1776,-0.9033000630931967,0.3486343325696909,2,Sample 3,Cell type 1
1777,0.7149884086591755,1.2370364832848033,4,Sample 2,Cell type 2
1778,1.8662523327579685,1.0490354056297153,3,Sample 1,Cell type 2
1779,-1.560826473782288,-0.4999294072442292,0,Sample 1,Cell type 1
1780,0.2497615453302342,-0.6118996857625677,3,Sample 1,Cell type 2
1781,-0.7418869637424257,-0.4942430475873988,3,Sample 1,Cell type 2
1782,-0.6639862962597416,0.28114038941991454,1,Sample 2,Cell type 1
1783,1.6290577645456792,-0.5661340750832499,3,Sample 1,Cell type 2
1784,-0.762381926799697,1.1451181500960912,1,Sample 2,Cell type 1
1785,1.1025736013149952,-0.7141137568951242,3,Sample 1,Cell type 2
1786,1.4271701370101129,0.6368326397771576,3,Sample 1,Cell type 2
1787,2.0572856202097345,1.9044108511478957,5,Sample 3,Cell type 2
1788,0.8694696776244197,-0.1095198171185426,5,Sample 3,Cell type 2
1789,-2.08288076985023,-0.9378399710187927,1,Sample 2,Cell type 1
1790,-1.1263375530148028,0.2768514013702768,1,Sample 2,Cell type 1
1791,2.0651941923234443,-1.0481970136611554,4,Sample 2,Cell type 2
1792,-0.12176495258976183,0.8266089995481725,1,Sample 2,Cell type 1
1793,-0.9358716250801967,-1.1641568626836862,1,Sample 2,Cell type 1
1794,1.073149450831962,1.0609590996230793,4,Sample 2,Cell type 2
1795,0.4224866179115363,-0.9135847726450818,1,Sample 2,Cell type 1
1796,0.03640023442883955,-0.7058888732702302,4,Sample 2,Cell type 2
1797,-0.7120313279693533,-1.2662490604618524,2,Sample 3,Cell type 1
1798,1.7694135303727623,0.00845581911826451,5,Sample 3,Cell type 2
1799,1.4384963751673845,0.6905766263422382,4,Sample 2,Cell type 2
1800,0.6204600633597683,1.1150517176454937,1,Sample 2,Cell type 1
1801,-0.46579894994722426,-2.646349771197852,0,Sample 1,Cell type 1
1802,-1.1451571404994083,0.36364577113308455,0,Sample 1,Cell type 1
1803,-0.29271721133524453,0.49511563309609147,5,Sample 3,Cell type 2
1804,-0.1223221331958132,0.4509847529458607,0,Sample 1,Cell type 1
1805,-0.9737285464579893,0.6281766271170878,2,Sample 3,Cell type 1
1806,0.35336441335499513,0.7051190834922612,5,Sample 3,Cell type 2
1807,-1.689508747549604,-1.0152562993269245,2,Sample 3,Cell type 1
1808,-1.4999921015381799,0.1839501284426791,1,Sample 2,Cell type 1
1809,1.6358549171925274,-0.017209961868336735,4,Sample 2,Cell type 2
1810,-1.7774946645307894,1.151518438491976,1,Sample 2,Cell type 1
1811,0.18127919043249907,0.68355003376451,3,Sample 1,Cell type 2
1812,0.07002203432717868,0.6374734624809574,0,Sample 1,Cell type 1
1813,-1.0050364169461419,0.6018674900332613,1,Sample 2,Cell type 1
1814,-1.5642703520089907,1.6312037021972359,0,Sample 1,Cell type 1
1815,1.8813337698582666,-0.22468998439702742,4,Sample 2,Cell type 2
1816,-1.5843497905594064,-1.101546240086031,0,Sample 1,Cell type 1
1817,-0.01822449645667179,-0.41664556082273246,1,Sample 2,Cell type 1
1818,-1.0063404869324992,-0.19404862071122014,1,Sample 2,Cell type 1
1819,-0.28194059809381,-1.673403094494052,2,Sample 3,Cell type 1
1820,0.41020522911928503,0.17547093539168274,5,Sample 3,Cell type 2
1821,0.09241028152196873,-1.3767740595036824,4,Sample 2,Cell type 2
1822,-1.4532126570169457,-0.13555261316693973,2,Sample 3,Cell type 1
1823,0.25077104044895004,0.0858152468995007,5,Sample 3,Cell type 2
1824,1.2692797894800063,-0.5612371922993754,5,Sample 3,Cell type 2
1825,-1.194100873792869,-0.7856649814083304,1,Sample 2,Cell type 1
1826,-0.9077638220576132,-0.4345448317262265,2,Sample 3,Cell type 1
1827,0.2861788027474569,-1.0716712206630044,5,Sample 3,Cell type 2
1828,-0.7210946985574289,-1.1462269937369394,2,Sample 3,Cell type 1
1829,-0.35221785206663625,-1.1639456620840474,1,Sample 2,Cell type 1
1830,1.6568374260408676,1.2527287989119271,3,Sample 1,Cell type 2
1831,-1.4438105401597947,1.2992688031219328,1,Sample 2,Cell type 1
1832,-1.2123729884898744,0.6697671392835312,1,Sample 2,Cell type 1
1833,0.10077476038579247,-0.2329689603328485,1,Sample 2,Cell type 1
1834,-1.9729508863674363,0.9478375679996132,0,Sample 1,Cell type 1
1835,2.235044184947192,0.12784003094749072,3,Sample 1,Cell type 2
1836,-1.567022481580505,0.6587599522588612,2,Sample 3,Cell type 1
1837,0.7960040166484004,0.5842329489633784,5,Sample 3,Cell type 2
1838,-0.14382438013046495,0.47420813129921435,2,Sample 3,Cell type 1
1839,-1.8682348831756435,1.4656216992950895,1,Sample 2,Cell type 1
1840,0.021026192181698766,-0.11150312691168084,4,Sample 2,Cell type 2
1841,1.9506596353715109,0.35777498091583854,5,Sample 3,Cell type 2
1842,1.4117877406043031,0.39037284841368175,5,Sample 3,Cell type 2
1843,-0.9174153011180479,-1.7888120231408036,0,Sample 1,Cell type 1
1844,1.1470012126097846,1.3155453146314064,4,Sample 2,Cell type 2
1845,-1.1441195160099764,0.6042060688054192,0,Sample 1,Cell type 1
1846,-0.891733931459291,0.4629949506528741,0,Sample 1,Cell type 1
1847,0.46479431155404805,-0.38031157711909663,5,Sample 3,Cell type 2
1848,-0.008807276391343377,-1.5342981698052398,4,Sample 2,Cell type 2
1849,1.3115055959179505,0.4428128525102087,3,Sample 1,Cell type 2
1850,0.09352451122571948,0.15140748706532495,4,Sample 2,Cell type 2
1851,0.8178949838169212,-0.16492071888835375,4,Sample 2,Cell type 2
1852,-3.1482368831761054,-0.44629035480913437,2,Sample 3,Cell type 1
1853,-0.12874488829604358,-0.4995150313896985,3,Sample 1,Cell type 2
1854,1.4686205467804019,-0.9715795669494351,3,Sample 1,Cell type 2
1855,0.5474181216961398,1.060979343333245,3,Sample 1,Cell type 2
1856,1.9616946026097697,-0.07971396054191093,5,Sample 3,Cell type 2
1857,0.6444578330473892,0.2781421515216313,4,Sample 2,Cell type 2
1858,-1.023869133324154,-0.793687186104946,0,Sample 1,Cell type 1
1859,-1.4239344750564906,0.20884494362187267,0,Sample 1,Cell type 1
1860,-0.1329614836801104,0.37150283424284847,0,Sample 1,Cell type 1
1861,-0.7083244275446845,-0.3465740523746849,0,Sample 1,Cell type 1
1862,-0.24221467409308572,-0.33228648040270153,1,Sample 2,Cell type 1
1863,-1.305210051343035,0.3330550037420598,1,Sample 2,Cell type 1
1864,-0.9127036315065536,0.5356413228932223,0,Sample 1,Cell type 1
1865,-1.147901685296852,0.1908840177667577,1,Sample 2,Cell type 1
1866,-1.1681844797452232,-0.39575795244675743,0,Sample 1,Cell type 1
1867,-1.2971080845698053,-0.19050028373805922,1,Sample 2,Cell type 1
1868,1.0820513319997953,0.7093837267174681,3,Sample 1,Cell type 2
1869,-2.1976346181978337,-1.960170958975219,2,Sample 3,Cell type 1
1870,-0.3187102450191833,-0.8299487917598629,0,Sample 1,Cell type 1
1871,1.9656366530566118,-0.7680595266352003,3,Sample 1,Cell type 2
1872,0.24771676994352476,-0.9862837297188457,4,Sample 2,Cell type 2
1873,-0.6990053366363307,1.3302647085207997,2,Sample 3,Cell type 1
1874,-1.1046061388097623,0.19324186485347372,1,Sample 2,Cell type 1
1875,0.673887198208508,0.6676400649511139,3,Sample 1,Cell type 2
1876,1.0477533816393572,0.7787607805217248,3,Sample 1,Cell type 2
1877,0.8665994000411913,0.45473520885678154,5,Sample 3,Cell type 2
1878,0.5693011599540536,0.4640945670750548,5,Sample 3,Cell type 2
1879,-0.8862583784082294,1.7450360991524563,0,Sample 1,Cell type 1
1880,-0.28675181872733413,-1.2788045867010989,5,Sample 3,Cell type 2
1881,-1.1424749302086974,-0.1654685038432887,2,Sample 3,Cell type 1
1882,-0.908329334264212,1.3941181363456687,1,Sample 2,Cell type 1
1883,1.4012549877063218,-1.5500312405617673,4,Sample 2,Cell type 2
1884,0.5615495352737698,-1.9958481721368133,5,Sample 3,Cell type 2
1885,-1.6437733383339714,0.6116379740412082,0,Sample 1,Cell type 1
1886,-0.2977193205006283,0.8513366267433405,4,Sample 2,Cell type 2
1887,-0.9797806964691582,0.492407203657689,1,Sample 2,Cell type 1
1888,-0.20696795126796785,0.0011931198609665065,2,Sample 3,Cell type 1
1889,1.1692660212925958,-0.7660624342027366,4,Sample 2,Cell type 2
1890,-0.29608299862168674,-0.7118094435007979,1,Sample 2,Cell type 1
1891,-0.41427799850447045,-0.8391341188637884,3,Sample 1,Cell type 2
1892,0.5029648730986522,-0.9874292846659327,3,Sample 1,Cell type 2
1893,-2.4009237087937763,-0.3853036448693213,0,Sample 1,Cell type 1
1894,-0.5494008507569113,0.04479631846286407,1,Sample 2,Cell type 1
1895,-0.675668155685625,-0.8195805784642408,2,Sample 3,Cell type 1
1896,0.7109568651648678,-1.4270631360926334,3,Sample 1,Cell type 2
1897,0.8162832080145555,2.805913016287243,3,Sample 1,Cell type 2
1898,1.431102829053483,-0.7751786217273972,3,Sample 1,Cell type 2
1899,0.8343708407208975,-2.239039851806098,3,Sample 1,Cell type 2
1900,-0.5776591691723264,-1.3820149108863953,1,Sample 2,Cell type 1
1901,-0.009260741419655272,0.9552338683858203,1,Sample 2,Cell type 1
1902,-0.7656019629997997,-0.48495767057346445,1,Sample 2,Cell type 1
1903,0.6139173543648222,0.8682929048722011,3,Sample 1,Cell type 2
1904,1.0393393572927854,1.1005271299200674,5,Sample 3,Cell type 2
1905,-0.519071591227255,0.08198424563032186,2,Sample 3,Cell type 1
1906,-1.8690983231708873,1.4662497284108507,1,Sample 2,Cell type 1
1907,-1.333457288731026,-1.2650103172607778,1,Sample 2,Cell type 1
1908,0.829728836852428,-0.0777040724220542,4,Sample 2,Cell type 2
1909,1.3576573211133107,-0.672710088562391,3,Sample 1,Cell type 2
1910,-0.5033026253600614,0.6122071875758662,2,Sample 3,Cell type 1
1911,-0.8694078683964865,-0.21174651897519503,3,Sample 1,Cell type 2
1912,-0.4148189398372051,-0.08925827740144462,0,Sample 1,Cell type 1
1913,-0.3956219454438519,1.3752282234490496,1,Sample 2,Cell type 1
1914,-0.607096176258099,0.8135413569775758,0,Sample 1,Cell type 1
1915,0.504471639699364,0.45872030810219055,3,Sample 1,Cell type 2
1916,-1.5886681148146815,-1.6475696071708112,0,Sample 1,Cell type 1
1917,2.794711366660996,0.19489926454038525,5,Sample 3,Cell type 2
1918,-2.7142072241189172,1.2999709755495787,2,Sample 3,Cell type 1
1919,-1.9483141772317187,-0.9610226294212738,0,Sample 1,Cell type 1
1920,2.6637967620698952,-1.1768783229840964,5,Sample 3,Cell type 2
1921,-0.4489010073977392,-0.880729550989789,2,Sample 3,Cell type 1
1922,-1.3137869209670732,-0.3143319338865859,0,Sample 1,Cell type 1
1923,-1.4817953673585305,-0.0814799540737447,0,Sample 1,Cell type 1
1924,0.0637019836639654,0.4328172834740059,1,Sample 2,Cell type 1
1925,2.302249731748282,-0.5947508122291312,3,Sample 1,Cell type 2
1926,1.0179959375857774,-0.35984406085787385,4,Sample 2,Cell type 2
1927,0.23185406794479257,-0.6024932222701415,3,Sample 1,Cell type 2
1928,1.0928061331454844,-0.40630085129244026,4,Sample 2,Cell type 2
1929,0.8310685547133668,-0.934860990746403,5,Sample 3,Cell type 2
1930,1.033817373402279,-0.28322174590928323,3,Sample 1,Cell type 2
1931,-0.21445808409492884,-0.8695410510333753,2,Sample 3,Cell type 1
1932,0.982422649479608,-0.6422660038840206,5,Sample 3,Cell type 2
1933,-2.2992438359527885,-0.43461885551446594,2,Sample 3,Cell type 1
1934,0.7590110331476396,1.1904328979900816,4,Sample 2,Cell type 2
1935,1.3340860871230529,0.016407897423405444,5,Sample 3,Cell type 2
1936,-1.1762067438717232,-0.9380444292425236,2,Sample 3,Cell type 1
1937,0.9954040311754975,0.35888738798233283,3,Sample 1,Cell type 2
1938,-0.9995248370290625,0.5410860740362033,1,Sample 2,Cell type 1
1939,2.0686844365138,0.46910699158008723,5,Sample 3,Cell type 2
1940,1.0201053153867472,1.524192420072305,3,Sample 1,Cell type 2
1941,-1.201119384134667,-0.31438511650637774,0,Sample 1,Cell type 1
1942,0.362104768917918,0.5677305160992998,0,Sample 1,Cell type 1
1943,-1.827481810810423,1.3949409645157855,0,Sample 1,Cell type 1
1944,0.8372732994214964,-0.6431977051568932,5,Sample 3,Cell type 2
1945,0.9962182761479595,1.5348261208617757,5,Sample 3,Cell type 2
1946,2.575833347734429,-0.028366661995293738,3,Sample 1,Cell type 2
1947,-2.112522216427416,1.1289045246816056,2,Sample 3,Cell type 1
1948,-2.870030637870577,-0.28826802408297775,1,Sample 2,Cell type 1
1949,-2.395597087959519,0.0617066773254246,0,Sample 1,Cell type 1
1950,1.840429383467497,0.4529091460792467,4,Sample 2,Cell type 2
1951,2.131851801318986,-0.4801072011983104,4,Sample 2,Cell type 2
1952,-1.6955426930838147,-0.213136746066008,0,Sample 1,Cell type 1
1953,-1.2081708486367295,-0.5187776187013595,2,Sample 3,Cell type 1
1954,0.35058782589397364,0.12497042918779216,4,Sample 2,Cell type 2
1955,0.5835370168032958,-0.27634350683259135,4,Sample 2,Cell type 2
1956,-1.680715670755873,-1.2800283386379068,0,Sample 1,Cell type 1
1957,1.1930169407207962,-0.0867461726834074,5,Sample 3,Cell type 2
1958,0.6425962015889324,-0.0373246001992329,3,Sample 1,Cell type 2
1959,-1.5461786600714578,0.4119179274481969,1,Sample 2,Cell type 1
1960,-1.2772308557671672,0.7016944790424059,0,Sample 1,Cell type 1
1961,1.1418711025968495,0.1754595831709686,4,Sample 2,Cell type 2
1962,-0.4252058482212079,0.9523064925784352,1,Sample 2,Cell type 1
1963,1.9516845584027225,-0.0727340158472019,5,Sample 3,Cell type 2
1964,0.11985504800262514,-0.5511806018107814,4,Sample 2,Cell type 2
1965,-0.45080544736969974,0.1412756648715908,1,Sample 2,Cell type 1
1966,-0.7822339555905693,-1.721952220192018,0,Sample 1,Cell type 1
1967,-1.3117838554062096,-1.450410623192545,1,Sample 2,Cell type 1
1968,-0.9834234587294035,1.5087935810477544,0,Sample 1,Cell type 1
1969,0.569944134366588,-0.04014587896470127,3,Sample 1,Cell type 2
1970,1.4320572561136935,1.244875063796409,4,Sample 2,Cell type 2
1971,1.8307403445040857,0.36548461696380036,4,Sample 2,Cell type 2
1972,-1.4010852727269951,1.848436821077936,2,Sample 3,Cell type 1
1973,-0.4910413189316103,-1.5846864832402359,0,Sample 1,Cell type 1
1974,-0.7049609444412233,0.8318431255840468,1,Sample 2,Cell type 1
1975,-2.5921452733654586,0.3300717671030313,2,Sample 3,Cell type 1
1976,0.8048556548000709,-0.2634821268952093,4,Sample 2,Cell type 2
1977,1.1640522011840828,-1.1827795766607985,5,Sample 3,Cell type 2
1978,1.5571748524492093,-0.33795808257554955,4,Sample 2,Cell type 2
1979,0.7759237102473923,0.2827165468055994,3,Sample 1,Cell type 2
1980,0.7776285068730525,-1.0167007133794832,5,Sample 3,Cell type 2
1981,-0.13996879559594877,-0.8906858695479271,5,Sample 3,Cell type 2
1982,0.21882211972450127,-0.19223391798453823,3,Sample 1,Cell type 2
1983,1.2143541755256655,-0.7566947009087626,3,Sample 1,Cell type 2
1984,-0.6745275774571293,-0.5806077791446118,0,Sample 1,Cell type 1
1985,0.10547116374214605,1.0376219305843288,5,Sample 3,Cell type 2
1986,0.2916673489600309,-0.880439084339616,4,Sample 2,Cell type 2
1987,2.36740271598158,0.1049955760525531,5,Sample 3,Cell type 2
1988,1.3704091472478537,-0.8472628521018224,3,Sample 1,Cell type 2
1989,3.0750731536304703,-0.9140232416854905,4,Sample 2,Cell type 2
1990,0.8212455973066755,0.006119860103997992,1,Sample 2,Cell type 1
1991,-0.7142920648748423,-0.2995743639442601,1,Sample 2,Cell type 1
1992,-1.2463563269500846,-0.012843317654449656,2,Sample 3,Cell type 1
1993,-0.33211416519162373,0.26936332236584276,0,Sample 1,Cell type 1
1994,0.12849772307179697,0.22347492816238576,5,Sample 3,Cell type 2
1995,0.5461317857686391,-0.5470415033540619,3,Sample 1,Cell type 2
1996,-0.5185511716770517,0.7480899928797802,4,Sample 2,Cell type 2
1997,-0.8637372568434406,0.2686066325832958,2,Sample 3,Cell type 1
1998,-3.194935442448786,-0.12085124596767373,1,Sample 2,Cell type 1
1999,1.8621945473320172,0.5971910566485915,3,Sample 1,Cell type 2
2000,-0.34741379183680254,0.46456045840346255,0,Sample 1,Cell type 1
2001,1.7416926071701353,-0.14773447144959656,3,Sample 1,Cell type 2
2002,1.5988010810579876,1.98864501843814,4,Sample 2,Cell type 2
2003,1.253072816119248,1.6493051163204113,4,Sample 2,Cell type 2
2004,-1.3683776266861492,0.905332060616775,2,Sample 3,Cell type 1
2005,-0.9874636372783484,-0.02171257839900295,0,Sample 1,Cell type 1
2006,-2.0688385771265616,0.2788386392043248,0,Sample 1,Cell type 1
2007,0.14395879340633022,-0.8820560716565528,2,Sample 3,Cell type 1
2008,-1.236393568284551,-0.3027482508700226,1,Sample 2,Cell type 1
2009,-0.7022338258459799,1.3059012943182025,1,Sample 2,Cell type 1
2010,-0.764139871821947,-1.7546055459789305,2,Sample 3,Cell type 1
2011,1.0472116482004996,0.7018457766795447,4,Sample 2,Cell type 2
2012,1.2104785909083222,1.0484917943075307,4,Sample 2,Cell type 2
2013,-0.9310518365935063,-0.4605872021480731,2,Sample 3,Cell type 1
2014,2.742274923112544,0.12227031140966144,4,Sample 2,Cell type 2
2015,-1.6252418179801524,-0.3683541943017936,1,Sample 2,Cell type 1
2016,1.195726134712802,0.8170671464188832,5,Sample 3,Cell type 2
2017,-1.326196847262819,-1.0077029051635296,0,Sample 1,Cell type 1
2018,0.4778136441227321,0.9088353804083708,0,Sample 1,Cell type 1
2019,-1.7167010935110132,1.4210505834461777,5,Sample 3,Cell type 2
2020,0.5619913094065629,0.8492379986456513,4,Sample 2,Cell type 2
2021,1.7021815490674674,-1.056782066148132,4,Sample 2,Cell type 2
2022,0.2630329731126717,0.6281129452851248,1,Sample 2,Cell type 1
2023,3.1141977022225293,0.8549001614243629,5,Sample 3,Cell type 2
2024,0.054832116374497475,-0.8750684202613512,3,Sample 1,Cell type 2
2025,1.5681019212746048,-1.0361039917564299,4,Sample 2,Cell type 2
2026,1.6003589254555186,-1.3905507666657917,4,Sample 2,Cell type 2
2027,0.7485847776487706,-0.33383799324690144,5,Sample 3,Cell type 2
2028,-1.1201331411146223,1.417127721986108,5,Sample 3,Cell type 2
2029,-0.009020611482129848,1.2421250449816634,4,Sample 2,Cell type 2
2030,1.7377657455322852,-0.17592537922737644,3,Sample 1,Cell type 2
2031,1.0763789125249938,0.6170574367966347,4,Sample 2,Cell type 2
2032,0.4356164577049336,-0.036825781675562136,4,Sample 2,Cell type 2
2033,1.8048094970508415,-0.6896902723032836,3,Sample 1,Cell type 2
2034,0.8977706977410547,-0.3443254584501902,4,Sample 2,Cell type 2
2035,-1.497780835222719,0.6262774551844068,2,Sample 3,Cell type 1
2036,-0.47146382788224095,-0.18506506827892288,2,Sample 3,Cell type 1
2037,0.343936674970154,-0.17011286791422675,3,Sample 1,Cell type 2
2038,-1.7317129350341167,0.7409519241099348,1,Sample 2,Cell type 1
2039,-0.2621323550814423,1.8819848454592294,3,Sample 1,Cell type 2
2040,0.8257514400680427,0.670127758625817,3,Sample 1,Cell type 2
2041,1.0786216827342374,-0.6577318130478779,5,Sample 3,Cell type 2
2042,-1.4822213167470681,-1.5366221618336522,1,Sample 2,Cell type 1
2043,0.9924752914556889,0.878253202461436,5,Sample 3,Cell type 2
2044,-0.6018875973873508,0.9577536321069394,4,Sample 2,Cell type 2
2045,-1.0549147711535358,-0.19208942737913207,5,Sample 3,Cell type 2
2046,1.9958155937308644,-1.125194423305321,5,Sample 3,Cell type 2
2047,-2.445801688231815,0.1831172722805008,0,Sample 1,Cell type 1
2048,-1.114889213366371,-0.504546873162579,1,Sample 2,Cell type 1
2049,1.781024913588201,0.20466457109245856,4,Sample 2,Cell type 2
2050,-0.6995260300883188,1.2882301036480652,1,Sample 2,Cell type 1
2051,0.6486321355475761,0.4645296356277417,3,Sample 1,Cell type 2
2052,-1.1279318832464915,0.304818586129521,1,Sample 2,Cell type 1
2053,-1.960858386444335,-0.12814153651916416,0,Sample 1,Cell type 1
2054,0.8091192970716169,0.4879827062181437,3,Sample 1,Cell type 2
2055,-2.4647881940948464,0.0432764519952438,0,Sample 1,Cell type 1
2056,-1.1873100253215476,-0.44370084119294956,0,Sample 1,Cell type 1
2057,0.48296196512535183,0.784532327038932,4,Sample 2,Cell type 2
2058,-1.1189524200799346,0.06505106884586001,2,Sample 3,Cell type 1
2059,-0.8777265183265088,-0.04725456168478696,2,Sample 3,Cell type 1
2060,0.7084820321056704,0.19069126094599567,4,Sample 2,Cell type 2
2061,-1.1403083601430009,-0.4934585668415408,1,Sample 2,Cell type 1
2062,1.2206028559353561,0.6541146417616234,3,Sample 1,Cell type 2
2063,2.154515471955082,0.07020667663097176,3,Sample 1,Cell type 2
2064,0.9488902637023506,-0.8013921776483955,4,Sample 2,Cell type 2
2065,-1.8962338553112061,0.5860226176412914,1,Sample 2,Cell type 1
2066,-1.746095509829865,-0.5041629361772726,0,Sample 1,Cell type 1
2067,0.21600268098804354,1.1634707605663863,2,Sample 3,Cell type 1
2068,-0.7220063012505227,-0.8685410225185617,5,Sample 3,Cell type 2
2069,0.7302758536603997,-0.6871187729782006,4,Sample 2,Cell type 2
2070,0.9878470798663209,-0.9960596889565059,4,Sample 2,Cell type 2
2071,-1.4009522692606946,1.3080460294059308,0,Sample 1,Cell type 1
2072,0.5947719509995557,-0.6804036175109444,3,Sample 1,Cell type 2
2073,0.9485504610259423,1.0714937349092364,1,Sample 2,Cell type 1
2074,1.8710150221030835,0.35909294175152606,3,Sample 1,Cell type 2
2075,1.776479132757418,-0.7470634456163132,4,Sample 2,Cell type 2
2076,0.40176918536408734,-0.10896788915149848,5,Sample 3,Cell type 2
2077,-1.0210273078086467,0.17586289915498826,3,Sample 1,Cell type 2
2078,0.25017262900393034,0.9593673477586433,5,Sample 3,Cell type 2
2079,0.052903477357124196,-0.4279810020618194,5,Sample 3,Cell type 2
2080,0.9143876102018772,-1.2708680456840673,5,Sample 3,Cell type 2
2081,1.2478566107288878,0.822340487108332,5,Sample 3,Cell type 2
2082,0.1749309264388963,0.018903457469483145,0,Sample 1,Cell type 1
2083,2.1906335443019787,-0.49650762424201034,5,Sample 3,Cell type 2
2084,0.9122942627152655,1.1982051557895628,1,Sample 2,Cell type 1
2085,1.1639535649408916,0.8026898711132472,4,Sample 2,Cell type 2
2086,1.198757593261317,-0.038541941167967095,5,Sample 3,Cell type 2
2087,1.1325682003501756,-0.6124446429876429,3,Sample 1,Cell type 2
2088,0.7584680807763573,0.073162282538233,4,Sample 2,Cell type 2
2089,0.5408362556161033,-1.5728728588454355,1,Sample 2,Cell type 1
2090,0.5887073495572916,-1.267404091476705,5,Sample 3,Cell type 2
2091,-3.276604069924873,-0.26694671316281854,1,Sample 2,Cell type 1
2092,0.37035927216787257,-0.18843805198072194,4,Sample 2,Cell type 2
2093,-1.7707136664530836,-0.5504703630251032,2,Sample 3,Cell type 1
2094,0.09909140996546717,0.9298708779268331,4,Sample 2,Cell type 2
2095,-1.406042972568099,0.49656671991982837,1,Sample 2,Cell type 1
2096,0.5506771469548103,-1.6859161006372367,4,Sample 2,Cell type 2
2097,2.455340432069514,-0.693382319224091,4,Sample 2,Cell type 2
2098,1.2362526017666504,-0.7057474725238495,4,Sample 2,Cell type 2
2099,2.1271117260682075,1.0228100168923608,4,Sample 2,Cell type 2
2100,1.262933957906919,0.25221235140224485,4,Sample 2,Cell type 2
2101,-0.27921495078669256,1.5770627182098285,4,Sample 2,Cell type 2
2102,-1.159836395282865,0.5903029240088243,2,Sample 3,Cell type 1
2103,-0.5719704076642758,-1.5722061222109995,2,Sample 3,Cell type 1
2104,1.3766631032413494,-0.44698594691542204,4,Sample 2,Cell type 2
2105,1.0539187966715533,0.11137917827184936,4,Sample 2,Cell type 2
2106,1.1740657304707454,0.05372269252176264,3,Sample 1,Cell type 2
2107,-0.9727807906518928,-1.2800110513561862,4,Sample 2,Cell type 2
2108,1.4901621170494048,0.404490164352536,4,Sample 2,Cell type 2
2109,-0.9443049824015783,-0.8347979977305552,2,Sample 3,Cell type 1
2110,0.20636335091312252,-0.5320940573181364,5,Sample 3,Cell type 2
2111,-0.9408008393045295,-0.33413163360335446,4,Sample 2,Cell type 2
2112,1.3266961330894187,-1.056267353292118,5,Sample 3,Cell type 2
2113,-1.1822718043583471,-0.4754673419966813,1,Sample 2,Cell type 1
2114,2.249798068092234,0.12814012125941965,3,Sample 1,Cell type 2
2115,0.6206653025502735,1.1449786988250878,5,Sample 3,Cell type 2
2116,-1.9829472694462806,0.751276193692394,1,Sample 2,Cell type 1
2117,-1.5030296625444295,0.33949068755806877,0,Sample 1,Cell type 1
2118,0.654236500863722,-0.6859201036626882,4,Sample 2,Cell type 2
2119,-0.9998136415736226,-0.008370289024752975,1,Sample 2,Cell type 1
2120,-0.5199766797650955,0.7555216540665642,1,Sample 2,Cell type 1
2121,-0.4129094094279223,-1.4187529412858244,0,Sample 1,Cell type 1
2122,2.4977728493055094,-0.4284563020000802,4,Sample 2,Cell type 2
2123,0.09270414391561477,0.0764756663722445,5,Sample 3,Cell type 2
2124,1.225903188835132,0.1614727539439572,5,Sample 3,Cell type 2
2125,1.0113181926402828,0.7806550436981784,5,Sample 3,Cell type 2
2126,-0.7265632639556119,0.6494062546135292,1,Sample 2,Cell type 1
2127,-0.6953532332550273,-0.37375912251072113,0,Sample 1,Cell type 1
2128,-0.8423097229823391,2.686733102343069,1,Sample 2,Cell type 1
2129,-0.34384271949787204,0.31604892086437564,2,Sample 3,Cell type 1
2130,0.3243516989564684,0.7134399159602982,4,Sample 2,Cell type 2
2131,-1.6953935007437417,0.7471726306763492,1,Sample 2,Cell type 1
2132,-1.1504095424077703,0.25432195543946967,0,Sample 1,Cell type 1
2133,0.6471569955995968,0.02548823730998778,5,Sample 3,Cell type 2
2134,1.4859558106795925,-0.38699226775335516,5,Sample 3,Cell type 2
2135,1.792059366661608,-1.290425241535573,3,Sample 1,Cell type 2
2136,-1.4309537104075638,-0.7764981876388086,1,Sample 2,Cell type 1
2137,-1.011022095562223,-0.8075289343372484,0,Sample 1,Cell type 1
2138,0.43223900428822926,-0.26808012446117513,3,Sample 1,Cell type 2
2139,-0.005594308038111118,-0.037341994119641314,4,Sample 2,Cell type 2
2140,-1.8712411826592208,-0.2792769348464133,1,Sample 2,Cell type 1
2141,1.0235666342672185,0.06415853449451553,5,Sample 3,Cell type 2
2142,1.595037635795212,0.45922700016451673,5,Sample 3,Cell type 2
2143,0.5212616425371168,2.3691475842097485,5,Sample 3,Cell type 2
2144,0.8459385671832405,-0.05950115455680633,4,Sample 2,Cell type 2
2145,0.5203056525166416,0.575912661436876,4,Sample 2,Cell type 2
2146,-0.37546909012786767,0.6449304057836865,2,Sample 3,Cell type 1
2147,0.32443586022091986,-0.26959447007927295,4,Sample 2,Cell type 2
2148,0.6819360564894679,0.3777350475215393,2,Sample 3,Cell type 1
2149,1.1871280606455619,0.8873535449832491,5,Sample 3,Cell type 2
2150,-0.07352820914020652,0.7170317343636678,2,Sample 3,Cell type 1
2151,3.2914490823485125,1.5410742186938395,5,Sample 3,Cell type 2
2152,1.3687168093718947,-0.5372942295788392,3,Sample 1,Cell type 2
2153,2.9088942092605983,0.8800628081888983,4,Sample 2,Cell type 2
2154,-1.6945947616535877,1.4485685991983757,2,Sample 3,Cell type 1
2155,-0.8224369609319142,0.2801778060985964,1,Sample 2,Cell type 1
2156,0.5576100275737859,-0.5643437532279668,4,Sample 2,Cell type 2
2157,0.8975577049232708,0.3896756352392719,5,Sample 3,Cell type 2
2158,0.8320840722501718,1.9540735749562457,5,Sample 3,Cell type 2
2159,2.0211757298389514,-0.6047255794184916,5,Sample 3,Cell type 2
2160,1.3015489167209542,0.5083101953168833,3,Sample 1,Cell type 2
2161,-0.3188901880117162,0.5512219146122421,1,Sample 2,Cell type 1
2162,-2.600728825605865,0.2876866433270795,1,Sample 2,Cell type 1
2163,0.4570328360996605,0.5162029531896826,5,Sample 3,Cell type 2
2164,1.0969840499072887,-0.2249043622308415,4,Sample 2,Cell type 2
2165,-1.7356673209729059,0.28916232368164924,2,Sample 3,Cell type 1
2166,-0.8000796055296584,-0.4308737594971296,0,Sample 1,Cell type 1
2167,0.2538631321414153,0.755414202808442,2,Sample 3,Cell type 1
2168,0.45969520689416166,0.5341854890638718,4,Sample 2,Cell type 2
2169,-0.15051736592209197,-0.8058851648325376,3,Sample 1,Cell type 2
2170,1.6888937449375143,1.3299482657718675,5,Sample 3,Cell type 2
2171,-1.0298142755864175,1.615102077166009,0,Sample 1,Cell type 1
2172,-1.1684298385040939,0.8871569961118767,0,Sample 1,Cell type 1
2173,0.613866476716601,-1.534307315211103,4,Sample 2,Cell type 2
2174,-0.36936944909147473,2.5331890000252977,2,Sample 3,Cell type 1
2175,0.27664870519478324,-0.42275681684063793,5,Sample 3,Cell type 2
2176,-0.9830628552334614,-1.0544889125858057,1,Sample 2,Cell type 1
2177,-1.4721103123903458,1.21698241098043,1,Sample 2,Cell type 1
2178,-0.9556225016317996,0.6919557083720071,1,Sample 2,Cell type 1
2179,-0.6402808434226226,-0.5862212044126461,0,Sample 1,Cell type 1
2180,-0.618339824633394,0.03550234341666554,1,Sample 2,Cell type 1
2181,-0.9498475789401748,0.9847723666238537,0,Sample 1,Cell type 1
2182,0.18070809226454443,0.6256487234971264,3,Sample 1,Cell type 2
2183,0.5870108394775028,-0.9158262994920382,3,Sample 1,Cell type 2
2184,-0.12239223992402393,-0.13235164335192479,0,Sample 1,Cell type 1
2185,-2.3248333657241123,-1.2364513424087942,2,Sample 3,Cell type 1
2186,-1.2043954070028335,-0.12758179862478475,2,Sample 3,Cell type 1
2187,1.0290383296941275,-0.8044498985751811,5,Sample 3,Cell type 2
2188,-0.695364540884478,-0.2658612691251265,0,Sample 1,Cell type 1
2189,-1.564960515476055,-0.25923498652986876,1,Sample 2,Cell type 1
2190,-3.3061002929157794,-0.17192498634015213,1,Sample 2,Cell type 1
2191,-0.3765078713360255,0.9952497596652414,2,Sample 3,Cell type 1
2192,-0.4606774658032078,-1.0921170241376308,5,Sample 3,Cell type 2
2193,2.4627972781676757,-1.2255075274172678,5,Sample 3,Cell type 2
2194,2.1992963208986147,0.8360388121789936,3,Sample 1,Cell type 2
2195,0.14785166419911344,-0.13654299021950622,1,Sample 2,Cell type 1
2196,1.2888978073174209,0.9020125500326328,3,Sample 1,Cell type 2
2197,0.8724621504683582,0.7900434281152132,4,Sample 2,Cell type 2
2198,0.4095687175834105,1.0004683267269465,5,Sample 3,Cell type 2
2199,1.0786522860281096,-0.01444863532372757,4,Sample 2,Cell type 2
2200,-1.219740971761584,0.8676784514595216,0,Sample 1,Cell type 1
2201,0.3708116695426915,0.48501903931619283,0,Sample 1,Cell type 1
2202,1.7191612658280695,0.005518305391704168,5,Sample 3,Cell type 2
2203,1.46868050832284,-0.2950258138888706,3,Sample 1,Cell type 2
2204,0.07197726929612913,-0.7367445239940708,2,Sample 3,Cell type 1
2205,-2.4009662561715137,0.5454089562110757,0,Sample 1,Cell type 1
2206,0.3031570698363508,-0.2012999146230997,5,Sample 3,Cell type 2
2207,-1.4015650898933019,-1.7005866578509778,0,Sample 1,Cell type 1
2208,-0.6925057912426362,-0.24418348026146772,2,Sample 3,Cell type 1
2209,-0.652309013969596,-0.18402409888750937,1,Sample 2,Cell type 1
2210,-0.4644734807479918,-0.5016807477974891,1,Sample 2,Cell type 1
2211,-0.25914647443427685,0.0659861704695635,0,Sample 1,Cell type 1
2212,2.5068436894640174,-0.8108290066987376,4,Sample 2,Cell type 2
2213,-1.3144953944952604,-0.6953118738806167,1,Sample 2,Cell type 1
2214,-0.2327782209103445,-1.1062652380203746,2,Sample 3,Cell type 1
2215,0.8005602750534646,-1.2968834710724269,3,Sample 1,Cell type 2
2216,0.08585806985752109,-0.7352421038885125,0,Sample 1,Cell type 1
2217,-0.5290991328366701,-1.0982886209495784,2,Sample 3,Cell type 1
2218,0.6621332981644343,-0.04394685234033285,3,Sample 1,Cell type 2
2219,0.11001488712797447,-0.44178560540420914,5,Sample 3,Cell type 2
2220,1.9075743729486923,0.08466285707237146,5,Sample 3,Cell type 2
2221,1.1843180895537255,0.3682268304983945,4,Sample 2,Cell type 2
2222,-1.750890740942424,0.6876268034155736,1,Sample 2,Cell type 1
2223,0.26048725632547987,1.4611762898026257,5,Sample 3,Cell type 2
2224,-1.5252393937114044,0.934540965917385,1,Sample 2,Cell type 1
2225,-2.6798859562245547,0.9067623208532299,1,Sample 2,Cell type 1
2226,0.7078422930418529,0.21395855511538753,4,Sample 2,Cell type 2
2227,1.4050492040666316,-0.530621096342515,5,Sample 3,Cell type 2
2228,0.432956411786493,-0.6607456795089127,4,Sample 2,Cell type 2
2229,2.0784028538811583,-0.2569874627765014,5,Sample 3,Cell type 2
2230,2.681742897246702,0.03132678644984898,3,Sample 1,Cell type 2
2231,-1.3162728121423592,1.4070720229488973,1,Sample 2,Cell type 1
2232,-1.5398398209878645,-1.4029082955214573,2,Sample 3,Cell type 1
2233,-0.6681940220143889,-0.3540049310946246,0,Sample 1,Cell type 1
2234,-0.9239798922490473,-0.9623290443795721,2,Sample 3,Cell type 1
2235,-1.4664273749750822,1.1927484813933338,2,Sample 3,Cell type 1
2236,-0.0065103910153681,0.4276509718458435,1,Sample 2,Cell type 1
2237,1.68751261771808,-0.3513550204054283,5,Sample 3,Cell type 2
2238,0.5877773352868991,0.42780143288474215,3,Sample 1,Cell type 2
2239,2.0415200929579225,-0.15434604034941535,4,Sample 2,Cell type 2
2240,-3.07379074234957,-0.3249083009273127,2,Sample 3,Cell type 1
2241,-1.8172216679690898,-1.2710733312017624,0,Sample 1,Cell type 1
2242,0.7442309060606993,1.4110123588160977,5,Sample 3,Cell type 2
2243,2.0024761581839985,-2.5199678723342274,5,Sample 3,Cell type 2
2244,1.8949163678338812,0.8120442599491073,3,Sample 1,Cell type 2
2245,-2.6619157430239753,-0.38578907422487996,2,Sample 3,Cell type 1
2246,0.6086847759650047,0.7340348201365466,5,Sample 3,Cell type 2
2247,-0.10194854602215897,-0.8034959765485357,4,Sample 2,Cell type 2
2248,-1.2038356889648487,-0.8634953130511318,0,Sample 1,Cell type 1
2249,-0.23877741469336466,0.4626562971822983,2,Sample 3,Cell type 1
2250,0.8025289111251367,0.21143531257930404,5,Sample 3,Cell type 2
2251,-1.3013226887000517,-1.6145290018727667,2,Sample 3,Cell type 1
2252,0.5261003801769681,-1.190112691214966,3,Sample 1,Cell type 2
2253,0.30267803967802376,-0.4793460810061468,5,Sample 3,Cell type 2
2254,1.947292579661274,-1.658643215622908,4,Sample 2,Cell type 2
2255,-0.0315935752612615,0.019180483804748,0,Sample 1,Cell type 1
2256,2.5231119152168846,0.12989382455343315,3,Sample 1,Cell type 2
2257,1.3669207631534595,0.5228995859655229,4,Sample 2,Cell type 2
2258,2.32703380664043,0.3677496728075255,5,Sample 3,Cell type 2
2259,2.831978311047635,1.792884966747708,4,Sample 2,Cell type 2
2260,-0.8553708009010246,-0.7201577687976937,5,Sample 3,Cell type 2
2261,-0.8081230345860797,-0.6767723985649372,0,Sample 1,Cell type 1
2262,-0.5663205444533577,0.49253831764017025,1,Sample 2,Cell type 1
2263,1.3424682747846726,0.6216308004137734,5,Sample 3,Cell type 2
2264,1.1540684293710965,-1.028648291744894,5,Sample 3,Cell type 2
2265,1.6813288585485797,-0.22736238192237312,4,Sample 2,Cell type 2
2266,1.3362880650590334,-0.23631809338405996,5,Sample 3,Cell type 2
2267,0.8677347853627391,-0.6202690362806111,0,Sample 1,Cell type 1
2268,1.1950476779105947,-1.275141175154271,5,Sample 3,Cell type 2
2269,0.6374499143726764,-0.15239597140354258,5,Sample 3,Cell type 2
2270,0.29856220726589466,-0.5866997242782428,3,Sample 1,Cell type 2
2271,-0.9608367982208805,0.5023255630666557,1,Sample 2,Cell type 1
2272,1.1580166764332396,-0.9222756750687512,4,Sample 2,Cell type 2
2273,-0.6923573074405301,-0.05403378751970806,2,Sample 3,Cell type 1
2274,-1.9654687231658259,0.2153221777000346,0,Sample 1,Cell type 1
2275,-0.7392026287932283,1.8678607187808949,0,Sample 1,Cell type 1
2276,-0.9989150721739982,-0.7353797679613716,1,Sample 2,Cell type 1
2277,-1.059471818782585,-1.089914579786211,0,Sample 1,Cell type 1
2278,-1.7617908713130808,0.8331049885524495,2,Sample 3,Cell type 1
2279,-0.049548871840553343,0.2009150227162437,0,Sample 1,Cell type 1
2280,0.9737445706960954,0.12538766765660386,4,Sample 2,Cell type 2
2281,-0.14369565064772205,-0.3298563183312467,1,Sample 2,Cell type 1
2282,-1.096327323959102,-0.9317180901774367,0,Sample 1,Cell type 1
2283,-0.789592679388327,-1.4003060815832646,0,Sample 1,Cell type 1
2284,2.434760160583611,0.09318433855425785,3,Sample 1,Cell type 2
2285,0.9888706555818719,-0.29548884842150386,5,Sample 3,Cell type 2
2286,-0.9812021605336344,0.20763081514681514,1,Sample 2,Cell type 1
2287,1.0318342753797751,-0.9780397302462546,5,Sample 3,Cell type 2
2288,-1.2883125773748882,0.38174935176172475,0,Sample 1,Cell type 1
2289,-2.163362812437036,-0.4789517068144706,1,Sample 2,Cell type 1
2290,0.12675580668258501,-1.217579300067635,4,Sample 2,Cell type 2
2291,2.7567361805656816,0.07014356690238874,5,Sample 3,Cell type 2
2292,-1.1466023288237328,-0.5087328652893632,4,Sample 2,Cell type 2
2293,-1.2878627709293595,0.13658219302386634,1,Sample 2,Cell type 1
2294,-0.5689181568282473,0.30029589475825347,0,Sample 1,Cell type 1
2295,0.5158193240602404,0.41980013715623515,4,Sample 2,Cell type 2
2296,-0.5563121873369867,-0.05176597770491682,2,Sample 3,Cell type 1
2297,-0.5508137654760256,-1.5230437484789958,2,Sample 3,Cell type 1
2298,1.172011810452753,-1.0347367256076652,3,Sample 1,Cell type 2
2299,1.9877364742178472,-1.0547405363008753,5,Sample 3,Cell type 2
2300,-0.38272796325242286,-1.9383575164123152,2,Sample 3,Cell type 1
2301,2.303938097503944,-0.2835737351180311,3,Sample 1,Cell type 2
2302,1.3078954356853765,1.7255332335835107,3,Sample 1,Cell type 2
2303,-1.2707737724267436,-1.0885292418769248,1,Sample 2,Cell type 1
2304,1.730535014451939,0.2987266029370986,3,Sample 1,Cell type 2
2305,0.06341094477723175,2.1092886475313626,2,Sample 3,Cell type 1
2306,-0.7064802799820937,-1.1260022187467726,0,Sample 1,Cell type 1
2307,2.321065400497579,-0.02723675183728718,3,Sample 1,Cell type 2
2308,2.0665062852247145,0.9553582414582598,5,Sample 3,Cell type 2
2309,0.18761107601096227,2.428495952343379,4,Sample 2,Cell type 2
2310,1.989517394256088,-0.3164941654507937,5,Sample 3,Cell type 2
2311,-1.0850128429978025,0.37764897482170634,1,Sample 2,Cell type 1
2312,-1.1088533337470035,0.377579199516325,0,Sample 1,Cell type 1
2313,-0.021060616457920567,0.6224567176092496,2,Sample 3,Cell type 1
2314,-1.5377591752224773,1.280132875528657,1,Sample 2,Cell type 1
2315,1.4100822190797353,-0.713899077486331,5,Sample 3,Cell type 2
2316,-1.159096746804204,-1.393756468977372,1,Sample 2,Cell type 1
2317,-0.0010947227035227325,-1.050981674309929,4,Sample 2,Cell type 2
2318,-0.963172742143851,-0.9019687102033255,1,Sample 2,Cell type 1
2319,0.16923484331598015,-0.24254438013358778,5,Sample 3,Cell type 2
2320,-0.9245560348635752,1.2694132306831534,1,Sample 2,Cell type 1
2321,0.9896364207310194,0.9275938274174035,3,Sample 1,Cell type 2
2322,1.6541849827778528,1.120211622663108,1,Sample 2,Cell type 1
2323,0.7451633036081119,-1.8225359223085558,3,Sample 1,Cell type 2
2324,0.9313496634343756,-1.495422890260193,5,Sample 3,Cell type 2
2325,-1.9422198844137457,0.48298747727455754,0,Sample 1,Cell type 1
2326,1.292936601092156,0.9896260178949026,5,Sample 3,Cell type 2
2327,1.3471397564783072,-0.7289010891804674,3,Sample 1,Cell type 2
2328,-0.027949546774620804,0.8485096627260681,2,Sample 3,Cell type 1
2329,2.344535329277978,-0.2975927961386986,5,Sample 3,Cell type 2
2330,-0.6449930718595328,-0.3788860327382367,0,Sample 1,Cell type 1
2331,-0.7985104704301635,-0.6347850515242635,4,Sample 2,Cell type 2
2332,-1.3894964952295497,0.7144366204294341,2,Sample 3,Cell type 1
2333,-0.26872675984522176,1.2206160257137406,0,Sample 1,Cell type 1
2334,-1.4780928651468388,0.43548898606923575,1,Sample 2,Cell type 1
2335,0.2231292590498547,1.8361204973972272,4,Sample 2,Cell type 2
2336,0.8003967366554781,0.8724323721672489,3,Sample 1,Cell type 2
2337,2.666836040332303,-0.37600471126225693,3,Sample 1,Cell type 2
2338,-0.008376127042750259,-0.6793795769147289,3,Sample 1,Cell type 2
2339,-1.3323494253215828,0.12904962060802597,1,Sample 2,Cell type 1
2340,-0.32192248284781233,-0.5530849053219855,2,Sample 3,Cell type 1
2341,-0.8899322472709446,0.48896822613274915,0,Sample 1,Cell type 1
2342,1.2957796232243277,-0.5164379225191069,4,Sample 2,Cell type 2
2343,0.22201596519785227,1.4305707324934762,4,Sample 2,Cell type 2
2344,0.8438100241947513,0.3742224531484007,4,Sample 2,Cell type 2
2345,-0.7200010079711243,-1.7006843628865378,1,Sample 2,Cell type 1
2346,0.5126742941435478,-0.09180565211453552,4,Sample 2,Cell type 2
2347,-0.9259444096521182,0.9589323375588161,0,Sample 1,Cell type 1
2348,1.0019652317533323,-1.2375767098503765,4,Sample 2,Cell type 2
2349,1.5534501751282401,0.4587147695180961,3,Sample 1,Cell type 2
2350,-0.19119775569474318,0.033926915811530615,2,Sample 3,Cell type 1
2351,-0.2890722500372329,0.8726121231776162,2,Sample 3,Cell type 1
2352,0.845493711467695,0.9886363884466368,3,Sample 1,Cell type 2
2353,-0.21051303553760192,-0.7749447049490179,3,Sample 1,Cell type 2
2354,0.4229515635428346,-0.23855849719972144,4,Sample 2,Cell type 2
2355,-0.6846668052522955,-0.759891633464764,2,Sample 3,Cell type 1
2356,-0.026409945094454157,-1.1809972740882657,1,Sample 2,Cell type 1
2357,0.1663847986703042,-0.2356026501084361,5,Sample 3,Cell type 2
2358,-0.7370265445062641,-0.16859611656573723,1,Sample 2,Cell type 1
2359,2.0984955435381094,1.8121988651838299,4,Sample 2,Cell type 2
2360,0.5647072263061883,-0.22205198170299648,3,Sample 1,Cell type 2
2361,0.7566699729149472,-0.024645888363369617,3,Sample 1,Cell type 2
2362,1.5293415379922788,-0.6358279506892169,5,Sample 3,Cell type 2
2363,1.9625026493117708,-0.0037283264497390118,5,Sample 3,Cell type 2
2364,0.9554800858090736,-0.22660080653374134,5,Sample 3,Cell type 2
2365,0.26546050987476044,-1.3095491445814968,3,Sample 1,Cell type 2
2366,1.7057317747181486,-0.8082245036920126,3,Sample 1,Cell type 2
2367,-0.03667135579306313,1.1447031797447909,2,Sample 3,Cell type 1
2368,1.4522497265163612,-0.8016739771970373,3,Sample 1,Cell type 2
2369,-1.5180740436139966,0.1098088331808253,0,Sample 1,Cell type 1
2370,-1.1852734877923063,-0.671920511886215,1,Sample 2,Cell type 1
2371,0.010975370744625512,0.6186840796138537,3,Sample 1,Cell type 2
2372,1.656795643330776,-0.8379015404691974,3,Sample 1,Cell type 2
2373,-1.2364720729178535,-1.436304571716702,2,Sample 3,Cell type 1
2374,-0.7058301394506064,-1.2503688571898912,2,Sample 3,Cell type 1
2375,-1.7299007772659603,-1.002641805145794,1,Sample 2,Cell type 1
2376,-1.407075687324169,-2.181491393966061,0,Sample 1,Cell type 1
2377,-1.6381188618674414,1.7579332237739114,1,Sample 2,Cell type 1
2378,-1.2291128601893786,0.45098100837789473,5,Sample 3,Cell type 2
2379,-0.4105219742004792,0.729718781032539,1,Sample 2,Cell type 1
2380,-0.6140651497024843,0.6237950465368297,0,Sample 1,Cell type 1
2381,-0.3451334107267181,0.04675129722656949,0,Sample 1,Cell type 1
2382,-2.176632804007868,-1.438084921045354,2,Sample 3,Cell type 1
2383,-0.9316402588755214,0.6684141765237501,1,Sample 2,Cell type 1
2384,0.938398156600226,0.025898007672898727,3,Sample 1,Cell type 2
2385,-1.5162958061922127,-0.49217304711635296,0,Sample 1,Cell type 1
2386,-1.265454710462825,1.1229678654063604,0,Sample 1,Cell type 1
2387,-0.5562646005530782,1.7576256442405598,3,Sample 1,Cell type 2
2388,0.6205759197037366,0.9405505307080854,5,Sample 3,Cell type 2
2389,-0.5571830368064806,-0.47343135840082234,1,Sample 2,Cell type 1
2390,-2.1180218801943065,-1.0130284026287721,2,Sample 3,Cell type 1
2391,-0.01317768957020471,-0.5631095587465912,1,Sample 2,Cell type 1
2392,-0.1039766373981732,1.532855348926234,1,Sample 2,Cell type 1
2393,0.0038167376193489755,1.201055520004054,4,Sample 2,Cell type 2
2394,-2.4536186343149584,1.0482654190114542,0,Sample 1,Cell type 1
2395,0.04960916926584091,-0.9450493108408676,3,Sample 1,Cell type 2
2396,-1.401349342475044,0.10182641134772052,2,Sample 3,Cell type 1
2397,1.7290245146555048,-0.652374975420047,3,Sample 1,Cell type 2
2398,0.968413179893865,-0.7685396176140504,3,Sample 1,Cell type 2
2399,-2.3654563270045115,0.675521250769589,1,Sample 2,Cell type 1
2400,-2.1854187279519266,0.6984251224591278,1,Sample 2,Cell type 1
2401,1.002633370011494,0.16011755227048896,5,Sample 3,Cell type 2
2402,2.683124823539175,-0.44928179844833727,5,Sample 3,Cell type 2
2403,2.3420497638521622,-0.27048238666089136,5,Sample 3,Cell type 2
2404,0.8541441081668585,1.0756596703602748,4,Sample 2,Cell type 2
2405,0.6413992525095699,-0.40197874213314577,4,Sample 2,Cell type 2
2406,0.706834996135642,0.10200101751477166,5,Sample 3,Cell type 2
2407,1.0285835109233057,0.06810618655204752,3,Sample 1,Cell type 2
2408,-2.0048719959537933,1.1122304580062448,1,Sample 2,Cell type 1
2409,-2.0380154595363633,1.0235830881282564,1,Sample 2,Cell type 1
2410,-2.0649326613991974,-1.8353089599840906,0,Sample 1,Cell type 1
2411,-0.26256405867453425,0.38150053419958746,2,Sample 3,Cell type 1
2412,-0.28175084016883933,1.7204454603569896,4,Sample 2,Cell type 2
2413,-0.670339958469593,0.43765857426680527,5,Sample 3,Cell type 2
2414,0.5042128178937286,-0.8112381119074571,2,Sample 3,Cell type 1
2415,0.1792778715076475,1.2561154297109605,0,Sample 1,Cell type 1
2416,2.0088703212529397,0.7250172325255562,3,Sample 1,Cell type 2
2417,1.7410808661060804,0.8510700848108668,5,Sample 3,Cell type 2
2418,0.8383326645470361,0.701217563029517,5,Sample 3,Cell type 2
2419,1.091280667815692,-0.6783368803755714,5,Sample 3,Cell type 2
2420,1.1849101183326725,-0.698045944142152,3,Sample 1,Cell type 2
2421,0.1250540038510075,0.07162159190090459,4,Sample 2,Cell type 2
2422,2.343702793998883,-0.14411712563814344,3,Sample 1,Cell type 2
2423,-0.9254506865337101,-0.655354710872834,2,Sample 3,Cell type 1
2424,-0.2949485416456641,-0.22638499744004614,1,Sample 2,Cell type 1
2425,-1.5367702671719916,-0.26926359518469106,2,Sample 3,Cell type 1
2426,2.2394628428541052,0.9180328562118808,3,Sample 1,Cell type 2
2427,-1.6297529571933271,0.19258191966079982,0,Sample 1,Cell type 1
2428,0.9121654988610272,-1.515043919738543,5,Sample 3,Cell type 2
2429,-2.648514022485424,-0.9461789204754101,1,Sample 2,Cell type 1
2430,0.5767698553602784,1.3486917246028685,5,Sample 3,Cell type 2
2431,-2.0700670775814656,-0.04489213871530593,2,Sample 3,Cell type 1
2432,1.0289288322681047,-1.553194012331316,3,Sample 1,Cell type 2
2433,-0.4261547689919123,0.23289282471952946,2,Sample 3,Cell type 1
2434,0.4538381205224977,-0.2900884222902059,0,Sample 1,Cell type 1
2435,0.3906899408886908,-0.3369510298862227,5,Sample 3,Cell type 2
2436,0.6619732964428993,-0.9630762896935373,0,Sample 1,Cell type 1
2437,1.8158897413989674,0.06502684341412424,3,Sample 1,Cell type 2
2438,0.5678070092808405,0.24196570776089274,4,Sample 2,Cell type 2
2439,-0.774556434688711,0.3118033885472781,0,Sample 1,Cell type 1
2440,-1.4225269473414568,0.4883040392273682,0,Sample 1,Cell type 1
2441,1.8507805941122788,-0.4973124115069672,3,Sample 1,Cell type 2
2442,1.4583657912778072,-0.5544640938026913,4,Sample 2,Cell type 2
2443,-1.3930477624365358,-0.05951935316324021,1,Sample 2,Cell type 1
2444,-1.3157644870688272,-1.9965129840459732,2,Sample 3,Cell type 1
2445,1.1831338031070588,-1.2697220565818632,5,Sample 3,Cell type 2
2446,2.498727010550226,-0.16083619610714617,5,Sample 3,Cell type 2
2447,-1.6231156968104148,-0.5931353473997805,2,Sample 3,Cell type 1
2448,-0.7233339719718093,0.7341634912853671,0,Sample 1,Cell type 1
2449,0.8553532189727582,1.087529607533828,0,Sample 1,Cell type 1
2450,-2.2147957624431083,1.5913523637538052,2,Sample 3,Cell type 1
2451,0.5020830983441805,-0.5163328298633865,5,Sample 3,Cell type 2
2452,0.15156680278414303,-1.995136955418658,1,Sample 2,Cell type 1
2453,-2.038926401409686,-1.5766459260765473,1,Sample 2,Cell type 1
2454,-0.8391747548705719,1.1062933058673454,1,Sample 2,Cell type 1
2455,0.14088636006917654,0.2598552027088527,2,Sample 3,Cell type 1
2456,0.020429887894438892,2.3044526634201157,3,Sample 1,Cell type 2
2457,0.6160603273425667,-0.1122463424128373,5,Sample 3,Cell type 2
2458,-0.3494557945130391,0.10061924238304944,2,Sample 3,Cell type 1
2459,0.9628766839187173,1.9432090391429626,3,Sample 1,Cell type 2
2460,-0.6568213489616939,0.2804875704043005,2,Sample 3,Cell type 1
2461,0.005658934312214869,1.3036493069036337,1,Sample 2,Cell type 1
2462,-2.1263854817713996,1.2993881436659336,0,Sample 1,Cell type 1
2463,-2.0275202027201544,-0.1742935133517463,0,Sample 1,Cell type 1
2464,0.6344637250835767,-0.8522844890556134,5,Sample 3,Cell type 2
2465,-0.7984772793418047,1.2277263869764599,0,Sample 1,Cell type 1
2466,-3.5497272611284663,1.2232705447476226,2,Sample 3,Cell type 1
2467,-0.9106009251136967,0.6762484110346102,0,Sample 1,Cell type 1
2468,-1.2184288730427535,-1.7010091540646486,2,Sample 3,Cell type 1
2469,0.19307301341752758,0.516102744019859,4,Sample 2,Cell type 2
2470,1.5609123069749358,1.4734096110015351,5,Sample 3,Cell type 2
2471,1.7742993034750483,-2.490592880342158,5,Sample 3,Cell type 2
2472,-0.1516830635143187,-1.0117800872522804,5,Sample 3,Cell type 2
2473,0.059466466865905065,0.1230719826593076,2,Sample 3,Cell type 1
2474,1.6873013347470958,0.36066352832245174,5,Sample 3,Cell type 2
2475,1.2246485123887407,-2.1966336132975757,4,Sample 2,Cell type 2
2476,-0.9457928110530762,2.2169179012367577,0,Sample 1,Cell type 1
2477,0.535685218180894,-0.8328530318786604,3,Sample 1,Cell type 2
2478,-0.33863700176357914,0.07848449283354031,5,Sample 3,Cell type 2
2479,-1.3442071579023613,-1.7783669699024578,2,Sample 3,Cell type 1
2480,-1.40675443472069,-0.7104046551477069,1,Sample 2,Cell type 1
2481,1.2755210977924798,-0.20795358315680873,3,Sample 1,Cell type 2
2482,0.6695164592094265,0.2588075146505953,3,Sample 1,Cell type 2
2483,-1.7473999659009087,0.47026269473918175,1,Sample 2,Cell type 1
2484,-1.9729569948399077,0.5543420462498374,0,Sample 1,Cell type 1
2485,0.799276886860238,0.2538325894159985,4,Sample 2,Cell type 2
2486,0.6708906257225321,0.4538436732345456,3,Sample 1,Cell type 2
2487,-1.1349466471711984,-1.2898366330722408,1,Sample 2,Cell type 1
2488,1.349937019237342,-1.056485993675426,3,Sample 1,Cell type 2
2489,2.0196337485709313,1.854380428600229,5,Sample 3,Cell type 2
2490,-1.308418834672314,-0.33429677939621233,0,Sample 1,Cell type 1
2491,0.8074661802839511,-0.879251165443694,4,Sample 2,Cell type 2
2492,-1.8596103214144177,0.381239159034115,0,Sample 1,Cell type 1
2493,0.3582179120640956,0.5450456093681817,2,Sample 3,Cell type 1
2494,0.06211535636737486,1.0298637617039452,2,Sample 3,Cell type 1
2495,2.512689142049371,-0.0020215815814088817,5,Sample 3,Cell type 2
2496,1.4062127930781694,-1.0630741854865484,5,Sample 3,Cell type 2
2497,-1.4420383724278942,-0.25638794403270376,1,Sample 2,Cell type 1
2498,1.1065150590896595,0.35239605773408444,5,Sample 3,Cell type 2
2499,-0.6871945475768031,0.07802792947295693,1,Sample 2,Cell type 1
2500,1.5141017892126154,1.2515792363549616,4,Sample 2,Cell type 2
2501,-3.277258770471697,-0.25740379969209976,0,Sample 1,Cell type 1
2502,1.6058203230096717,0.2745768642360777,5,Sample 3,Cell type 2
2503,-1.0032422851815115,-1.0425282202732886,0,Sample 1,Cell type 1
2504,-1.8035087639426957,0.4622530178079866,1,Sample 2,Cell type 1
2505,0.8501629741466087,-0.8740708822241925,5,Sample 3,Cell type 2
2506,0.07870622848235698,-0.25711789328303725,5,Sample 3,Cell type 2
2507,1.0732748768943101,-1.3314998008257517,1,Sample 2,Cell type 1
2508,-0.4719755786722527,-0.427413290960272,0,Sample 1,Cell type 1
2509,0.15568621455330556,-2.1837528634816876,2,Sample 3,Cell type 1
2510,0.0647999484690347,1.5187932497131142,3,Sample 1,Cell type 2
2511,1.056908931861791,-0.2482559639068109,4,Sample 2,Cell type 2
2512,-1.5770028342021805,2.541897531902742,2,Sample 3,Cell type 1
2513,-0.39493593276363803,-1.3504288942467015,2,Sample 3,Cell type 1
2514,-0.19264143967798564,1.894577975401052,5,Sample 3,Cell type 2
2515,1.2994844307733093,0.5038456039452539,4,Sample 2,Cell type 2
2516,-0.08352228406974227,0.2027310137852396,4,Sample 2,Cell type 2
2517,-0.43515433219435207,-0.25155671696688015,2,Sample 3,Cell type 1
2518,0.795751780475868,0.3600000050522098,3,Sample 1,Cell type 2
2519,-0.2450066992744493,0.8115558274262465,3,Sample 1,Cell type 2
2520,1.5519389901950293,1.023999102601796,4,Sample 2,Cell type 2
2521,-2.7430774322522185,-0.6852197428280465,2,Sample 3,Cell type 1
2522,0.47092932558279976,0.20754976388959298,3,Sample 1,Cell type 2
2523,-0.5637404644349727,-0.7617209894917862,0,Sample 1,Cell type 1
2524,-1.2497898306839965,1.162146455114291,2,Sample 3,Cell type 1
2525,0.61451356798202,-0.009418616147456404,3,Sample 1,Cell type 2
2526,-1.035376558864868,-0.12104710596155945,1,Sample 2,Cell type 1
2527,-0.776507371735706,0.07030596171241472,2,Sample 3,Cell type 1
2528,1.1664735175658407,0.4074807168690251,3,Sample 1,Cell type 2
2529,-1.0716772521211437,0.4071346166247605,0,Sample 1,Cell type 1
2530,0.6885061553979863,0.7646803044359867,5,Sample 3,Cell type 2
2531,-0.9490150675926036,0.4767234789210577,0,Sample 1,Cell type 1
2532,-2.4067308759141284,-1.0615136980570024,2,Sample 3,Cell type 1
2533,0.7544399082938824,0.8731575743110732,3,Sample 1,Cell type 2
2534,-1.7621658695128282,1.124657014767,1,Sample 2,Cell type 1
2535,-1.733838065484509,-0.9596114387093025,1,Sample 2,Cell type 1
2536,1.9851062091524159,1.1128405609657592,5,Sample 3,Cell type 2
2537,-1.0416350955397082,0.10269134300386792,2,Sample 3,Cell type 1
2538,-1.9246631963734098,-0.3359414213471827,2,Sample 3,Cell type 1
2539,1.4819128726686701,1.0881091790108974,4,Sample 2,Cell type 2
2540,-0.934122708098475,-0.135218689918434,1,Sample 2,Cell type 1
2541,0.2518751222012605,-1.2203733103739676,2,Sample 3,Cell type 1
2542,0.19761085913094578,0.0627338424863522,3,Sample 1,Cell type 2
2543,2.29278656760298,-0.63352469287399,3,Sample 1,Cell type 2
2544,-1.0493005243049427,-0.830171686359558,2,Sample 3,Cell type 1
2545,-0.5831143371107892,-1.2304240258142212,1,Sample 2,Cell type 1
2546,-0.5049531108779033,-0.8715100093772717,0,Sample 1,Cell type 1
2547,1.7607459673378862,0.5434033225976628,4,Sample 2,Cell type 2
2548,0.8259931452883396,0.8071175988299117,4,Sample 2,Cell type 2
2549,0.14022003426796048,-0.6369025190569026,0,Sample 1,Cell type 1
2550,-0.9232136716914784,-0.7274391494768337,1,Sample 2,Cell type 1
2551,-0.35650323834554465,-0.5010461080714467,4,Sample 2,Cell type 2
2552,0.36390032751702295,0.34356075206625836,2,Sample 3,Cell type 1
2553,-0.834548935309746,2.423730297582447,1,Sample 2,Cell type 1
2554,-1.4348678160694366,1.4165880869610297,0,Sample 1,Cell type 1
2555,-2.5216044648458067,-0.8806495912799458,2,Sample 3,Cell type 1
2556,-2.51965466926165,-1.008042680222885,2,Sample 3,Cell type 1
2557,-1.1018152472641665,-1.169294727101242,1,Sample 2,Cell type 1
2558,-1.893579400976991,-1.300684737971003,2,Sample 3,Cell type 1
2559,1.3723787826526488,0.21820516257223746,5,Sample 3,Cell type 2
2560,1.991564075607588,0.4427941381528465,3,Sample 1,Cell type 2
2561,0.35667346690767654,1.6150723635529909,5,Sample 3,Cell type 2
2562,1.1713538794516243,0.7061438591082214,1,Sample 2,Cell type 1
2563,0.46796785306695055,0.29581411454683465,5,Sample 3,Cell type 2
2564,-0.9871542389472093,-0.8585454774569804,1,Sample 2,Cell type 1
2565,1.464757001007921,-1.1205461011535955,4,Sample 2,Cell type 2
2566,0.43419677767222564,-2.3563198788230517,3,Sample 1,Cell type 2
2567,-1.1878015340984192,-0.2814016011591216,2,Sample 3,Cell type 1
2568,-2.390443612009083,-0.48537451301694334,2,Sample 3,Cell type 1
2569,-0.37301453725497535,-1.0387470463015873,3,Sample 1,Cell type 2
2570,-1.1246610201465024,-0.3815010380901173,2,Sample 3,Cell type 1
2571,-1.301719673681224,-1.206958241971412,2,Sample 3,Cell type 1
2572,-1.4468785619337723,-1.0381431833863055,2,Sample 3,Cell type 1
2573,-2.076294755831666,0.4001424013981267,0,Sample 1,Cell type 1
2574,-0.04134523085705211,1.3073550709375614,1,Sample 2,Cell type 1
2575,-0.7471073190384706,-0.5604295678385345,0,Sample 1,Cell type 1
2576,1.7085486638106226,0.4136179394799589,5,Sample 3,Cell type 2
2577,0.7463396355426101,-0.57318882678579,4,Sample 2,Cell type 2
2578,1.2698153867468474,-1.4900754241530743,5,Sample 3,Cell type 2
2579,1.4327248079645751,-0.2075954999757373,2,Sample 3,Cell type 1
2580,-0.0171038944158165,-0.4931147737862416,2,Sample 3,Cell type 1
2581,-0.8653618382330908,0.0880444572371304,2,Sample 3,Cell type 1
2582,0.38789895731108803,1.8054835993432106,0,Sample 1,Cell type 1
2583,-0.003079083507255609,-1.56528463695552,3,Sample 1,Cell type 2
2584,-1.0463706356721814,0.45278133176137214,2,Sample 3,Cell type 1
2585,0.09544266874294682,1.3691844467302063,0,Sample 1,Cell type 1
2586,-1.1752275665050136,-0.057769359397647976,1,Sample 2,Cell type 1
2587,2.6776436773705825,-1.9272877922877345,4,Sample 2,Cell type 2
2588,-0.6366429186970515,-0.021776045751824548,0,Sample 1,Cell type 1
2589,1.0294962738002034,0.019100385750832564,4,Sample 2,Cell type 2
2590,-0.9628412899713046,0.9334430087924189,2,Sample 3,Cell type 1
2591,-0.13421152983534312,-0.21331077301136495,2,Sample 3,Cell type 1
2592,-0.8240664416020382,-0.08896068111537545,1,Sample 2,Cell type 1
2593,-1.5450539857631778,1.6434087421922425,0,Sample 1,Cell type 1
2594,1.8677402957547806,-0.2749002321975138,3,Sample 1,Cell type 2
2595,-1.0229447157266798,-0.19544292642317096,2,Sample 3,Cell type 1
2596,-1.5372768580489664,-2.1512739307224944,1,Sample 2,Cell type 1
2597,-0.034319757010589313,2.1274852451574247,1,Sample 2,Cell type 1
2598,0.12728665792630767,-0.7011174793679871,2,Sample 3,Cell type 1
2599,-2.396361024153036,0.5958466512826259,2,Sample 3,Cell type 1
2600,-2.533484428144047,-0.8320193893165989,1,Sample 2,Cell type 1
2601,1.7403156290804325,-1.180389569433301,4,Sample 2,Cell type 2
2602,2.13969724116066,0.6389394733325137,4,Sample 2,Cell type 2
2603,-0.7589407259203,-0.7411814735632646,2,Sample 3,Cell type 1
2604,0.6268325420673725,-0.6518722807869001,3,Sample 1,Cell type 2
2605,2.8468659802797416,-1.5353631854016618,4,Sample 2,Cell type 2
2606,-0.8741014904447854,0.896506393420016,1,Sample 2,Cell type 1
2607,-2.372972653832265,-0.62271726289312,0,Sample 1,Cell type 1
2608,-1.0665755772349401,-0.06809904389324724,1,Sample 2,Cell type 1
2609,-2.109286280098252,-0.6160425575515173,2,Sample 3,Cell type 1
2610,-0.5702843488447713,-0.9497917427332137,4,Sample 2,Cell type 2
2611,-1.5458530493941658,0.4103137756536324,1,Sample 2,Cell type 1
2612,-0.5677655487346676,-0.9495969079324045,2,Sample 3,Cell type 1
2613,1.1879681882808986,0.05239145437655082,3,Sample 1,Cell type 2
2614,0.7512982344602044,0.390374717364866,5,Sample 3,Cell type 2
2615,0.08023557476494636,-0.41684522587685907,1,Sample 2,Cell type 1
2616,-0.3794155738313607,-1.0157316057873311,3,Sample 1,Cell type 2
2617,0.520270040286511,1.502930503264175,2,Sample 3,Cell type 1
2618,-1.8105313172824555,-1.0195064561409706,2,Sample 3,Cell type 1
2619,1.3000328661347904,-2.243529449455818,3,Sample 1,Cell type 2
2620,-2.3308994114616572,1.5050393136877749,2,Sample 3,Cell type 1
2621,0.8993376063223184,-0.40742113365858007,4,Sample 2,Cell type 2
2622,0.8322861816636136,0.42208027033362094,2,Sample 3,Cell type 1
2623,-1.6744219204805,-0.19938293782536437,2,Sample 3,Cell type 1
2624,0.7620797501168798,-0.6967834365176105,3,Sample 1,Cell type 2
2625,-1.2336322162272444,-1.3528286578062956,0,Sample 1,Cell type 1
2626,1.7030578026588392,-0.19384945997406894,5,Sample 3,Cell type 2
2627,-0.5693053421568826,0.14114071448837387,3,Sample 1,Cell type 2
2628,-1.9930299455564864,-1.9376015336572345,0,Sample 1,Cell type 1
2629,-0.11283045793311408,1.146996205064013,3,Sample 1,Cell type 2
2630,0.6525794819163718,-0.8241795370202045,4,Sample 2,Cell type 2
2631,0.5332258022638816,1.546527596187488,4,Sample 2,Cell type 2
2632,-0.4003187491817093,0.41633216356855607,1,Sample 2,Cell type 1
2633,-0.8602075007205386,0.3583325386102834,2,Sample 3,Cell type 1
2634,0.5650096974178209,0.8809722457036159,1,Sample 2,Cell type 1
2635,1.1151344821371214,0.572153873796495,4,Sample 2,Cell type 2
2636,-0.14461854563255472,-0.5192132900961628,0,Sample 1,Cell type 1
2637,1.2097386563765355,-0.6462583052564379,3,Sample 1,Cell type 2
2638,0.9731765963337035,0.47212621474285316,5,Sample 3,Cell type 2
2639,-1.005463820385904,0.7546416970064778,0,Sample 1,Cell type 1
2640,1.440217500984359,0.04965357408431753,5,Sample 3,Cell type 2
2641,-2.0614322094693556,0.15502894776993376,1,Sample 2,Cell type 1
2642,0.7460868007594799,1.1076326144860231,3,Sample 1,Cell type 2
2643,-0.8173692812338302,-1.3641697034975089,0,Sample 1,Cell type 1
2644,0.44993034797474263,-0.7491505004724985,5,Sample 3,Cell type 2
2645,-1.2770004114577007,0.19723529489754507,0,Sample 1,Cell type 1
2646,0.613089905312902,1.509862897940521,5,Sample 3,Cell type 2
2647,-1.6451400885425245,-1.679882955365754,0,Sample 1,Cell type 1
2648,-0.24495354957734894,-0.5555278678922309,1,Sample 2,Cell type 1
2649,1.6113644379841143,-0.639122946153644,4,Sample 2,Cell type 2
2650,-0.6875066487247428,1.061989676720808,3,Sample 1,Cell type 2
2651,1.962355335755665,-0.18738473219096935,5,Sample 3,Cell type 2
2652,1.6780757260789834,0.08984368358979113,3,Sample 1,Cell type 2
2653,-1.4093152456399236,-0.9358258779241958,2,Sample 3,Cell type 1
2654,0.6689939260860502,0.6322799825404701,3,Sample 1,Cell type 2
2655,-2.074273148580832,0.8272387562490013,0,Sample 1,Cell type 1
2656,-0.5673298782088144,1.3470393667013834,2,Sample 3,Cell type 1
2657,-0.27748987689050875,-0.771698186592495,4,Sample 2,Cell type 2
2658,-2.269951147959474,0.7228392683526198,2,Sample 3,Cell type 1
2659,1.3858851329926876,0.6934172361185039,4,Sample 2,Cell type 2
2660,-0.5396503821743247,1.7416386360542062,1,Sample 2,Cell type 1
2661,2.536596828603301,-0.6937369224558205,3,Sample 1,Cell type 2
2662,-1.709005376717415,-0.5587628384260044,0,Sample 1,Cell type 1
2663,0.3530584715904357,0.7896260615181042,0,Sample 1,Cell type 1
2664,-2.070470703580595,1.478405657930367,1,Sample 2,Cell type 1
2665,1.175569232880342,0.4837308341457857,3,Sample 1,Cell type 2
2666,0.14414195521497553,0.6263388908467648,3,Sample 1,Cell type 2
2667,1.3718327283573601,-0.20988764838575458,4,Sample 2,Cell type 2
2668,-1.348417584810563,-0.0408700961390144,1,Sample 2,Cell type 1
2669,-1.9951342016373421,-0.1934289272598618,0,Sample 1,Cell type 1
2670,-1.5855783122096443,-0.43841284538822645,0,Sample 1,Cell type 1
2671,1.360577474505853,-0.7092686285133041,4,Sample 2,Cell type 2
2672,0.9538484457480325,-0.15829723118910297,0,Sample 1,Cell type 1
2673,1.201176781655144,0.11629906377770476,0,Sample 1,Cell type 1
2674,-0.0896832681324794,1.207328323977793,1,Sample 2,Cell type 1
2675,-0.3286362896016015,1.6250169894181339,3,Sample 1,Cell type 2
2676,1.0196999390483512,0.2852568062857038,3,Sample 1,Cell type 2
2677,1.3466913870334187,1.0086171357803357,4,Sample 2,Cell type 2
2678,-0.300966332970791,0.3257228436574739,4,Sample 2,Cell type 2
2679,2.586681687283659,-0.4569450922347425,4,Sample 2,Cell type 2
2680,1.9805829247689766,2.128866994799976,3,Sample 1,Cell type 2
2681,-1.3287893961808979,0.1662122752784176,0,Sample 1,Cell type 1
2682,-1.02364688104969,-1.012586694320726,5,Sample 3,Cell type 2
2683,1.109330721396152,0.2826203422375031,5,Sample 3,Cell type 2
2684,-1.2894715460956443,1.8690731852047568,0,Sample 1,Cell type 1
2685,0.9711572552526578,0.030172232149728775,3,Sample 1,Cell type 2
2686,-1.015305467035448,0.45451897944639025,2,Sample 3,Cell type 1
2687,0.9892023898350485,-0.8802207211703114,4,Sample 2,Cell type 2
2688,1.9778321106013435,0.40118386609541584,5,Sample 3,Cell type 2
2689,1.4498394723764285,-1.7920261340591999,5,Sample 3,Cell type 2
2690,-0.6879610201555721,2.260400896425981,1,Sample 2,Cell type 1
2691,2.2290043333889598,-0.04184692301390214,5,Sample 3,Cell type 2
2692,-2.68765522268117,0.10352347123267545,0,Sample 1,Cell type 1
2693,-2.379430503900938,-0.17665258624914312,1,Sample 2,Cell type 1
2694,1.4742832522273779,0.006804162354719938,4,Sample 2,Cell type 2
2695,-0.22557386047622918,-0.5247696947120446,0,Sample 1,Cell type 1
2696,-1.887223427801044,-0.25573958813591746,1,Sample 2,Cell type 1
2697,0.8681673963446548,0.9057699360238992,4,Sample 2,Cell type 2
2698,-1.2238220135651923,1.4466110184179934,0,Sample 1,Cell type 1
2699,0.6651421072018067,0.25280201394105434,5,Sample 3,Cell type 2
2700,-1.3022062293611154,1.5021193727604536,0,Sample 1,Cell type 1
2701,-0.5248303063955699,0.9059458869293652,3,Sample 1,Cell type 2
2702,-2.3885213636886813,-0.5694795268965351,1,Sample 2,Cell type 1
2703,-0.723388944962827,-0.22297717641573833,2,Sample 3,Cell type 1
2704,1.3782416761509053,1.174466419911377,4,Sample 2,Cell type 2
2705,1.840727298010325,0.39010719752953266,5,Sample 3,Cell type 2
2706,-2.266760525246039,-0.7000350188317878,0,Sample 1,Cell type 1
2707,-3.4329090636993134,0.6100877875778169,0,Sample 1,Cell type 1
2708,-2.0104498194060687,0.34416877156564557,0,Sample 1,Cell type 1
2709,-0.7097032527729932,-0.11543713243544775,3,Sample 1,Cell type 2
2710,-0.19501880613148792,-0.2596796106136166,4,Sample 2,Cell type 2
2711,3.541798383755683,-0.31878574965790946,3,Sample 1,Cell type 2
2712,1.2283635670973498,-1.6137687581211506,3,Sample 1,Cell type 2
2713,0.05777042490378448,0.6101729738068756,4,Sample 2,Cell type 2
2714,1.2466349565843728,-0.2393317746651897,5,Sample 3,Cell type 2
2715,-0.5186643972886809,1.1060824522401558,1,Sample 2,Cell type 1
2716,-0.6466292959141288,0.4082269711582966,2,Sample 3,Cell type 1
2717,1.0394459195143855,0.8602224706012328,3,Sample 1,Cell type 2
2718,0.22690607761902548,-0.27326346560820086,2,Sample 3,Cell type 1
2719,-0.1496929434608083,1.0409234864348158,4,Sample 2,Cell type 2
2720,-1.7617237478982757,-0.5264168880759929,2,Sample 3,Cell type 1
2721,0.9392980973003361,1.0742505796553292,4,Sample 2,Cell type 2
2722,-0.7049700337832889,0.8572303412575248,2,Sample 3,Cell type 1
2723,1.929676811422628,-1.1789788989374996,5,Sample 3,Cell type 2
2724,1.885467109245532,0.11329787751899202,3,Sample 1,Cell type 2
2725,-0.855559338423868,1.991277935457518,1,Sample 2,Cell type 1
2726,-0.8763827685336676,2.6263561995540834,2,Sample 3,Cell type 1
2727,1.2036142798006793,1.006140440454437,5,Sample 3,Cell type 2
2728,0.35734139381603913,1.0605773858073482,3,Sample 1,Cell type 2
2729,0.4555839124646427,0.4480094784759997,3,Sample 1,Cell type 2
2730,0.20969046675509262,-0.8864515126053292,5,Sample 3,Cell type 2
2731,1.1662917852241215,-0.22312442316870798,5,Sample 3,Cell type 2
2732,-1.435255425599893,0.7576026973056115,2,Sample 3,Cell type 1
2733,-0.5811818294613518,-1.1420843195290487,4,Sample 2,Cell type 2
2734,-2.241387305213075,-0.6578370359477271,0,Sample 1,Cell type 1
2735,0.38211512216160803,1.0470384496471952,3,Sample 1,Cell type 2
2736,-0.7716343046548839,0.42092385458888987,0,Sample 1,Cell type 1
2737,2.8159982318575585,0.039517471689441114,5,Sample 3,Cell type 2
2738,-1.2307066105352429,-0.4842429826411247,2,Sample 3,Cell type 1
2739,1.3952351203303759,0.7498614881431637,3,Sample 1,Cell type 2
2740,1.097185528652706,2.346173246834793,3,Sample 1,Cell type 2
2741,2.0381525648033896,1.0463163013690562,4,Sample 2,Cell type 2
2742,-0.9600770822359537,-1.571136689573687,2,Sample 3,Cell type 1
2743,0.6744547109644619,0.16080279769716485,5,Sample 3,Cell type 2
2744,1.4881815725788916,-0.7280675036332204,4,Sample 2,Cell type 2
2745,-0.16381002536447342,0.07548525158484028,4,Sample 2,Cell type 2
2746,-0.9216576385856459,-0.2691066154192807,0,Sample 1,Cell type 1
2747,0.29075713909029277,0.5912361597078793,4,Sample 2,Cell type 2
2748,-1.6453145342151427,-1.1561258391299725,1,Sample 2,Cell type 1
2749,2.0594879086752234,1.6507211079261517,5,Sample 3,Cell type 2
2750,1.2329987641414353,-0.9592224402138825,4,Sample 2,Cell type 2
2751,-1.6183126897295477,-1.2155003679086849,2,Sample 3,Cell type 1
2752,1.3427437765107284,1.208449675216067,4,Sample 2,Cell type 2
2753,0.07253674739635851,-0.07534616386429081,1,Sample 2,Cell type 1
2754,-2.7804027244373293,0.04224141185433267,1,Sample 2,Cell type 1
2755,2.02235306134944,-0.13859789867804853,3,Sample 1,Cell type 2
2756,-0.34483717615961496,0.1627840003341892,4,Sample 2,Cell type 2
2757,1.2316357957756146,-0.5677617626524699,3,Sample 1,Cell type 2
2758,-0.7510766449680562,0.007700472741914849,2,Sample 3,Cell type 1
2759,-0.9563305348496557,-0.747855104769934,0,Sample 1,Cell type 1
2760,-1.890665322913304,0.8466940691893944,0,Sample 1,Cell type 1
2761,1.650697241161891,1.1139642951743027,5,Sample 3,Cell type 2
2762,1.0664770909697923,1.074227881928636,3,Sample 1,Cell type 2
2763,-0.24344197614590224,0.4920602113812414,0,Sample 1,Cell type 1
2764,-0.9369530531981367,1.0456904723473714,0,Sample 1,Cell type 1
2765,-1.4516057735303787,-1.2352189930956907,1,Sample 2,Cell type 1
2766,1.01322468598993,0.34754984819854984,5,Sample 3,Cell type 2
2767,0.8013441187374701,-1.1994105969226834,4,Sample 2,Cell type 2
2768,-1.334672094050799,-0.6556154595123085,1,Sample 2,Cell type 1
2769,-0.13114226386794636,1.1125176496255962,1,Sample 2,Cell type 1
2770,0.18540356060587881,-0.10626167429197086,0,Sample 1,Cell type 1
2771,-1.7021792162057165,1.1975174136351363,1,Sample 2,Cell type 1
2772,2.508072664461006,-0.17459531330996259,5,Sample 3,Cell type 2
2773,-0.5712780075794026,0.4549231432499642,1,Sample 2,Cell type 1
2774,-0.15086226933733093,-1.1033030370959513,5,Sample 3,Cell type 2
2775,-0.2597095791071299,-1.09875928497392,0,Sample 1,Cell type 1
2776,-1.963767176815995,1.7202771784257511,1,Sample 2,Cell type 1
2777,-0.6907435393883847,-1.5867361398264606,0,Sample 1,Cell type 1
2778,-0.3727410359403379,-0.30043754078040896,0,Sample 1,Cell type 1
2779,-1.8861893063625361,-0.7132711024036914,2,Sample 3,Cell type 1
2780,0.07292255058601305,2.2011926122023158,5,Sample 3,Cell type 2
2781,-1.0634489002531822,0.4378514794435817,0,Sample 1,Cell type 1
2782,0.16377729354121762,-1.0206181673414623,3,Sample 1,Cell type 2
2783,-1.792678680642457,1.6188525165161807,2,Sample 3,Cell type 1
2784,1.7691743331624532,1.2241043101622817,2,Sample 3,Cell type 1
2785,-0.06361219661964501,-1.7595438932864547,2,Sample 3,Cell type 1
2786,-0.7977837468233027,0.8393317486857809,0,Sample 1,Cell type 1
2787,0.03142481751207349,-2.553755797257641,2,Sample 3,Cell type 1
2788,-0.9777509047358268,1.1418425051189134,4,Sample 2,Cell type 2
2789,-1.4659233155822933,-0.07928211962616596,2,Sample 3,Cell type 1
2790,0.943027099496797,-0.07072955362292113,5,Sample 3,Cell type 2
2791,0.3520094201002547,-0.8316565266069589,3,Sample 1,Cell type 2
2792,-2.4062912711978885,-0.47614740961166535,0,Sample 1,Cell type 1
2793,1.1202088739823803,0.6080980079312789,5,Sample 3,Cell type 2
2794,1.7911127391013066,-0.8518417163895853,4,Sample 2,Cell type 2
2795,1.9536090153610575,-0.4997524472147965,3,Sample 1,Cell type 2
2796,-1.4327504105607813,0.6265511974433601,2,Sample 3,Cell type 1
2797,0.9308211336967042,1.182125845192713,5,Sample 3,Cell type 2
2798,-1.5369661527505571,1.8881454052191882,2,Sample 3,Cell type 1
2799,-2.086319483071494,-0.9677811537443141,1,Sample 2,Cell type 1
2800,-0.005246795692127382,-0.9429974515251892,5,Sample 3,Cell type 2
2801,0.8607787019789008,0.6424896996811238,5,Sample 3,Cell type 2
2802,-2.0287173808663557,0.738142368079936,1,Sample 2,Cell type 1
2803,2.169884119177544,-0.6426375693997094,5,Sample 3,Cell type 2
2804,-1.4389348356538703,0.9668997042932194,2,Sample 3,Cell type 1
2805,-1.0939085136882027,0.35397634500479125,2,Sample 3,Cell type 1
2806,-2.335650998431902,-0.1876213894863671,2,Sample 3,Cell type 1
2807,-1.2677339807864652,1.180785364716552,1,Sample 2,Cell type 1
2808,-0.7351982838878557,-0.2109670202846898,1,Sample 2,Cell type 1
2809,0.679197060030281,0.4264496288206088,0,Sample 1,Cell type 1
2810,-1.1969796265620631,0.6896186775364586,2,Sample 3,Cell type 1
2811,3.338940610067124,-1.5516556297812318,3,Sample 1,Cell type 2
2812,0.8448308862073335,0.0006145370617343652,1,Sample 2,Cell type 1
2813,0.16669908649796505,-0.10230002017329184,3,Sample 1,Cell type 2
2814,1.9746999446651816,-0.9687430686618526,3,Sample 1,Cell type 2
2815,0.4300545657607546,-0.08708409286820039,3,Sample 1,Cell type 2
2816,0.5084505062037823,-1.2730167102296888,5,Sample 3,Cell type 2
2817,2.708098563392835,-0.10243128457238225,3,Sample 1,Cell type 2
2818,-2.0703092185694163,0.9485871940645886,2,Sample 3,Cell type 1
2819,0.5460195850325475,-1.3679035196570863,4,Sample 2,Cell type 2
2820,-0.42154951611921043,1.1962372771191883,0,Sample 1,Cell type 1
2821,-0.4961885968620642,0.9727026529991596,0,Sample 1,Cell type 1
2822,-3.917140606062165,-0.9219488772008608,0,Sample 1,Cell type 1
2823,-1.5442701980843916,-1.9850094513891623,1,Sample 2,Cell type 1
2824,0.4569088756947812,0.3742439665098087,2,Sample 3,Cell type 1
2825,0.908107246997705,0.033797768994506615,4,Sample 2,Cell type 2
2826,-1.3599091559180234,0.24236527732266058,1,Sample 2,Cell type 1
2827,1.0106764112627058,-0.8827092075722033,3,Sample 1,Cell type 2
2828,-1.2940059227581395,0.11227688969754104,2,Sample 3,Cell type 1
2829,1.4795048883903619,-0.7249740142594685,3,Sample 1,Cell type 2
2830,2.1134627202601086,-0.22902846898080736,3,Sample 1,Cell type 2
2831,-0.2824740546338709,-0.8770072928492665,5,Sample 3,Cell type 2
2832,-2.2527625428565585,1.533691870253206,2,Sample 3,Cell type 1
2833,-0.0026732224097787416,-0.5678377503640111,3,Sample 1,Cell type 2
2834,0.9803289273020886,0.636508236423849,3,Sample 1,Cell type 2
2835,1.4004063055088958,0.7656474550145822,3,Sample 1,Cell type 2
2836,0.8754982461852598,-0.3396810610172967,4,Sample 2,Cell type 2
2837,0.9154867881582576,1.0467008727347737,4,Sample 2,Cell type 2
2838,0.8341398983505592,-0.18525587392920956,4,Sample 2,Cell type 2
2839,0.40897162631090644,-0.05917523496568902,0,Sample 1,Cell type 1
2840,-0.536604763531265,0.7379327273717109,2,Sample 3,Cell type 1
2841,0.4137017051226869,-1.6800305281235477,4,Sample 2,Cell type 2
2842,1.759411023293418,0.28447903989804046,5,Sample 3,Cell type 2
2843,-0.38613745894363183,0.11356011329577047,1,Sample 2,Cell type 1
2844,-0.7080938109866186,-0.4794529483952132,2,Sample 3,Cell type 1
2845,-0.6206085248170949,0.2401365566658617,1,Sample 2,Cell type 1
2846,-0.6651050746538234,0.35024327610113587,1,Sample 2,Cell type 1
2847,-0.9942401825186014,-0.17589136187048748,4,Sample 2,Cell type 2
2848,-1.5220479172330386,0.21546405048183936,1,Sample 2,Cell type 1
2849,0.7827124917475062,1.3201043012090785,3,Sample 1,Cell type 2
2850,2.433667686424643,1.318689453133243,3,Sample 1,Cell type 2
2851,-1.4704507184671356,0.9441083032532004,0,Sample 1,Cell type 1
2852,1.225565408892972,0.7277139062011051,3,Sample 1,Cell type 2
2853,2.2702211755710624,0.7068110427092548,4,Sample 2,Cell type 2
2854,-0.0796866111913237,2.1957771657053455,0,Sample 1,Cell type 1
2855,-2.1200882500762503,0.20958127868420842,2,Sample 3,Cell type 1
2856,-0.5497835775070872,-0.4802402757952502,1,Sample 2,Cell type 1
2857,-1.724585662927458,0.1696281849162926,2,Sample 3,Cell type 1
2858,-1.5515098214359475,-0.34893140394238575,0,Sample 1,Cell type 1
2859,0.8484222591740069,0.5432811650646647,3,Sample 1,Cell type 2
2860,0.71844717425363,0.9278274045302164,4,Sample 2,Cell type 2
2861,-1.1035987245309151,-0.31132739614245364,2,Sample 3,Cell type 1
2862,-0.8412026002504973,-0.3303250551749901,0,Sample 1,Cell type 1
2863,1.8747373090965707,0.129086043333592,5,Sample 3,Cell type 2
2864,-0.7555790465241639,-1.1490737182382784,0,Sample 1,Cell type 1
2865,-1.2687623059154611,0.13392788551163132,4,Sample 2,Cell type 2
2866,0.6106064379430671,0.3532104166234682,4,Sample 2,Cell type 2
2867,2.252312170260348,-0.19101987885593752,4,Sample 2,Cell type 2
2868,0.41272453610501936,-0.5500594368173944,3,Sample 1,Cell type 2
2869,-0.7009173892183675,-0.6736378829008983,0,Sample 1,Cell type 1
2870,-0.5443831096246665,1.302575129452626,1,Sample 2,Cell type 1
2871,1.0750108158775826,-0.3000420500468991,5,Sample 3,Cell type 2
2872,1.4298299375977044,-0.8255354779595587,5,Sample 3,Cell type 2
2873,-1.359909991098385,-0.6706509932856155,2,Sample 3,Cell type 1
2874,-1.0521169748892178,-0.6616051206521292,2,Sample 3,Cell type 1
2875,-2.0171833522065317,2.170509008020579,1,Sample 2,Cell type 1
2876,-2.2765291596397286,-1.5847279307826982,0,Sample 1,Cell type 1
2877,1.7319523654581337,-0.7594684896824093,3,Sample 1,Cell type 2
2878,1.278754101222402,0.4281767926483788,3,Sample 1,Cell type 2
2879,-2.9749442228380216,1.4395238461024105,2,Sample 3,Cell type 1
2880,-2.0592659014929713,1.638489517147634,2,Sample 3,Cell type 1
2881,-1.3687179333665476,0.6410899436221459,1,Sample 2,Cell type 1
2882,0.47733301849919474,-0.0031327637158816454,5,Sample 3,Cell type 2
2883,-0.5459049335270567,0.21252816889119097,3,Sample 1,Cell type 2
2884,-1.8178927037271762,1.5160723511431067,2,Sample 3,Cell type 1
2885,2.336929632345295,-1.8426934671936752,4,Sample 2,Cell type 2
2886,-0.3420994358930667,0.4845914614948072,2,Sample 3,Cell type 1
2887,-1.8956336336680415,-0.16335284592210042,1,Sample 2,Cell type 1
2888,-1.8133316746571153,0.2919233535494427,0,Sample 1,Cell type 1
2889,-1.8246888271660777,-0.7532286334166519,1,Sample 2,Cell type 1
2890,-1.6465997991271926,-0.19210243654066253,0,Sample 1,Cell type 1
2891,-1.4230379329835514,0.23929040668684365,1,Sample 2,Cell type 1
2892,1.4522916218087636,1.0908816473904626,5,Sample 3,Cell type 2
2893,-1.1533471888493763,-0.7315412313029085,2,Sample 3,Cell type 1
2894,0.9065687640373298,-1.062414436708874,4,Sample 2,Cell type 2
2895,1.7154308024880032,1.2142215946020867,3,Sample 1,Cell type 2
2896,1.4796959693479117,-0.275049552738423,2,Sample 3,Cell type 1
2897,0.3172013186115049,0.5601412066258068,5,Sample 3,Cell type 2
2898,-0.9382293016500969,0.2019780345440253,5,Sample 3,Cell type 2
2899,-1.5419908543256025,0.4218968304675214,0,Sample 1,Cell type 1
2900,0.7304364662072702,-1.1121327198444682,3,Sample 1,Cell type 2
2901,-0.6233754356832466,0.2983238066978058,3,Sample 1,Cell type 2
2902,-0.8491869047791087,1.0460336377551003,2,Sample 3,Cell type 1
2903,0.6827916415260324,1.9334671774082632,4,Sample 2,Cell type 2
2904,-2.1438565489830546,-0.34072176889183875,2,Sample 3,Cell type 1
2905,-1.4285987861901932,0.7869502626414548,1,Sample 2,Cell type 1
2906,-0.7233367872522805,-0.7421510253912849,2,Sample 3,Cell type 1
2907,0.7897537351154211,0.18179910968158913,4,Sample 2,Cell type 2
2908,-0.9345875281035928,-0.3703438301059622,1,Sample 2,Cell type 1
2909,-1.1953153453819334,-0.2776345096102378,1,Sample 2,Cell type 1
2910,1.7844003696593278,0.2944534975900112,4,Sample 2,Cell type 2
2911,-0.22893632067658742,0.35824339485833623,2,Sample 3,Cell type 1
2912,1.5292690076510487,0.8661106523399126,3,Sample 1,Cell type 2
2913,-1.0509296400099062,1.097073710814297,1,Sample 2,Cell type 1
2914,1.4402605155740145,-1.0617990744370578,4,Sample 2,Cell type 2
2915,-0.21776086675279316,-0.4099855734214837,1,Sample 2,Cell type 1
2916,1.2894260863354805,0.10485724722828375,4,Sample 2,Cell type 2
2917,-1.5220146993883161,-1.040774235069471,2,Sample 3,Cell type 1
2918,1.003224341649505,-0.17519732552221196,5,Sample 3,Cell type 2
2919,-1.5640455021309685,0.7761541251444829,0,Sample 1,Cell type 1
2920,2.8577981213671695,0.14228538828012893,3,Sample 1,Cell type 2
2921,0.4690761433750602,0.29793501253549215,4,Sample 2,Cell type 2
2922,-0.24333896608340566,0.18702225661798208,1,Sample 2,Cell type 1
2923,-0.5189449163675047,0.7988898832864525,1,Sample 2,Cell type 1
2924,3.092229022891076,-0.476052086452229,3,Sample 1,Cell type 2
2925,-0.8370805971666637,-1.167148753160262,0,Sample 1,Cell type 1
2926,1.0297209764737298,1.2122471199500962,4,Sample 2,Cell type 2
2927,-0.07928389258607904,0.4029266397555107,4,Sample 2,Cell type 2
2928,1.8577085483926448,-0.269889727046951,4,Sample 2,Cell type 2
2929,1.1864254931007117,-0.21534583243666625,4,Sample 2,Cell type 2
2930,-2.8156049183101706,-2.549093332485727,2,Sample 3,Cell type 1
2931,1.945044137398084,0.2921924119522665,3,Sample 1,Cell type 2
2932,-1.5166743193785428,-0.2530129363992777,2,Sample 3,Cell type 1
2933,-0.6836966132125754,0.9631352144847847,0,Sample 1,Cell type 1
2934,0.46808338983991116,0.3960539361208305,3,Sample 1,Cell type 2
2935,1.5433597145711997,0.5652708272102238,5,Sample 3,Cell type 2
2936,0.22804014105548243,-0.3463128212436636,4,Sample 2,Cell type 2
2937,0.23598580926658186,-1.177815717890225,5,Sample 3,Cell type 2
2938,0.9746039089564932,1.22789361975378,3,Sample 1,Cell type 2
2939,-0.9389453374747561,-1.817934598940523,2,Sample 3,Cell type 1
2940,-0.44923680691262025,0.6778709547592939,4,Sample 2,Cell type 2
2941,2.18455847337702,-0.1787122681928644,5,Sample 3,Cell type 2
2942,-1.4625105639839588,-1.0790562581944885,2,Sample 3,Cell type 1
2943,1.1965500887897567,1.1599770826856721,3,Sample 1,Cell type 2
2944,-0.1004752508643576,-0.8240690667226138,5,Sample 3,Cell type 2
2945,1.0207725930553786,0.5624132351886387,3,Sample 1,Cell type 2
2946,1.0110011935736525,-1.0769990330559562,3,Sample 1,Cell type 2
2947,1.6024945343882218,-0.1009137992502104,5,Sample 3,Cell type 2
2948,-0.08862633132033537,-0.14233845993508829,1,Sample 2,Cell type 1
2949,1.0145123091104251,0.12897567450000336,3,Sample 1,Cell type 2
2950,-0.22789105723779135,0.498212577961014,2,Sample 3,Cell type 1
2951,1.8533286554248445,-0.27535898837843287,3,Sample 1,Cell type 2
2952,-0.8690309220085832,-0.5527103085074846,1,Sample 2,Cell type 1
2953,-0.11996600528241974,-1.895082247656292,1,Sample 2,Cell type 1
2954,-1.461280699581895,-0.7213748310940874,2,Sample 3,Cell type 1
2955,2.0719816148315724,-0.1321681691297708,3,Sample 1,Cell type 2
2956,-1.0219191330348845,1.9280433227506772,0,Sample 1,Cell type 1
2957,0.3861326817785953,1.037113775065733,4,Sample 2,Cell type 2
2958,-0.9816245495083736,-1.3191064716078855,2,Sample 3,Cell type 1
2959,0.9978679754804728,-0.48924620648374734,3,Sample 1,Cell type 2
2960,-0.9469142005693624,0.4021852507224282,1,Sample 2,Cell type 1
2961,-0.29947503145002596,-0.4960671446956801,0,Sample 1,Cell type 1
2962,0.34768851486166374,1.6719321091839592,1,Sample 2,Cell type 1
2963,-2.34753188066078,1.1528456190000549,2,Sample 3,Cell type 1
2964,0.6866583428644182,-0.0674339005066031,3,Sample 1,Cell type 2
2965,-1.4757550135747812,0.5277276168795839,0,Sample 1,Cell type 1
2966,-1.2240677336311663,0.8744138558589198,0,Sample 1,Cell type 1
2967,0.8218786609581672,-1.2268566041335294,1,Sample 2,Cell type 1
2968,2.8438374319289657,-1.4629430431798494,3,Sample 1,Cell type 2
2969,-1.5056578894165291,0.43142485808648007,2,Sample 3,Cell type 1
2970,0.6121034198021683,-0.21474497854316468,4,Sample 2,Cell type 2
2971,-1.4760799372576137,-0.9509018784842275,1,Sample 2,Cell type 1
2972,1.0955646274961945,-0.5740278235739423,3,Sample 1,Cell type 2
2973,-1.4118699244038537,0.16711972237686504,2,Sample 3,Cell type 1
2974,1.488931268476846,-1.6268306842633118,5,Sample 3,Cell type 2
2975,-1.6682358092845457,-0.4367752518310815,1,Sample 2,Cell type 1
2976,-1.552890829686665,-0.6388100930101815,1,Sample 2,Cell type 1
2977,0.030051328787558562,0.30884269877767495,4,Sample 2,Cell type 2
2978,0.7257989496199095,0.5584508091892466,5,Sample 3,Cell type 2
2979,0.2910498100610327,0.20366304051909273,5,Sample 3,Cell type 2
2980,0.6628394626065506,-0.43215262578651076,5,Sample 3,Cell type 2
2981,-0.6668092990524331,0.5258827497917788,2,Sample 3,Cell type 1
2982,-0.31643660126250295,-0.26258276903268346,2,Sample 3,Cell type 1
2983,-0.02900509197547474,0.07872637831266532,3,Sample 1,Cell type 2
2984,0.2109726229426363,0.5944139571163953,3,Sample 1,Cell type 2
2985,-0.6147291600787403,0.48578806154550785,3,Sample 1,Cell type 2
2986,-1.057669987733845,0.48266181856547097,1,Sample 2,Cell type 1
2987,0.2371355087528042,0.7367351565088919,5,Sample 3,Cell type 2
2988,0.3771756789770162,0.5984344460715669,1,Sample 2,Cell type 1
2989,2.3903573161764324,0.5436876837200105,5,Sample 3,Cell type 2
2990,0.2439430919337744,0.5838388988306784,0,Sample 1,Cell type 1
2991,2.12257328559821,0.12194223508508573,5,Sample 3,Cell type 2
2992,1.480912492108406,-1.5915738830742652,4,Sample 2,Cell type 2
2993,0.5440286495908726,0.21588547705625258,4,Sample 2,Cell type 2
2994,-1.467456734643514,-0.3068170896114718,1,Sample 2,Cell type 1
2995,-0.5436619736330786,0.7433312247275878,4,Sample 2,Cell type 2
2996,0.6855175444278634,0.8127523500632396,5,Sample 3,Cell type 2
2997,0.10128665216580435,-1.2527849581173685,5,Sample 3,Cell type 2
2998,0.05581217382797732,0.33267797297828455,0,Sample 1,Cell type 1
2999,0.37960383872793524,-1.2694206747714976,5,Sample 3,Cell type 2
3000,3.3273776581155063,0.37714566127811405,4,Sample 2,Cell type 2
3001,-0.37105442181771864,0.37887564995045087,1,Sample 2,Cell type 1
3002,-0.4145949167174747,-1.3527722715838362,1,Sample 2,Cell type 1
3003,-1.1805753689428886,0.330759369486542,2,Sample 3,Cell type 1
3004,1.0741975899713583,-0.33238689314236997,3,Sample 1,Cell type 2
3005,-0.7595860140896649,0.45785252090694045,0,Sample 1,Cell type 1
3006,0.20440102892820344,0.11924742914608098,3,Sample 1,Cell type 2
3007,-0.3948495961497558,0.1499902356238596,2,Sample 3,Cell type 1
3008,2.358571593428969,-2.670077761866658,5,Sample 3,Cell type 2
3009,0.8451627766610748,1.2943522810311316,3,Sample 1,Cell type 2
3010,2.1347645679993787,0.5549975788240065,3,Sample 1,Cell type 2
3011,1.2923034346991031,0.4319457670334508,4,Sample 2,Cell type 2
3012,1.3286521009434888,0.22040757154145632,5,Sample 3,Cell type 2
3013,0.48758371877697615,0.532501244723818,4,Sample 2,Cell type 2
3014,-2.5572364574359105,1.2004971709505157,2,Sample 3,Cell type 1
3015,0.7787965260639371,-1.4078174505399463,1,Sample 2,Cell type 1
3016,0.30471209934198773,-0.05216759970147228,3,Sample 1,Cell type 2
3017,1.859849714061866,-1.077779080138646,5,Sample 3,Cell type 2
3018,0.5155349223120818,-0.412995836582046,0,Sample 1,Cell type 1
3019,-0.3630232580900721,-0.5062200983048409,0,Sample 1,Cell type 1
3020,-1.3251795057705615,-0.05776574515993735,1,Sample 2,Cell type 1
3021,0.49675254844671246,-0.4142760863169268,3,Sample 1,Cell type 2
3022,-1.9076038592926148,-1.8773080899600036,2,Sample 3,Cell type 1
3023,1.5856008659128775,0.3833198703912703,4,Sample 2,Cell type 2
3024,-1.4624802256030243,-0.9532921697000565,0,Sample 1,Cell type 1
3025,-0.5947070140217994,0.5731831425558629,5,Sample 3,Cell type 2
3026,-0.388564045339147,-1.0339146316427905,1,Sample 2,Cell type 1
3027,2.053595466385894,-1.4897022409704896,3,Sample 1,Cell type 2
3028,0.538670082719342,0.614891163600962,3,Sample 1,Cell type 2
3029,-1.4823671006026433,0.7272520184530306,0,Sample 1,Cell type 1
3030,2.3882924902367053,-1.277889447843836,4,Sample 2,Cell type 2
3031,-0.39617987655081244,0.5434114682501048,2,Sample 3,Cell type 1
3032,2.5979417643160434,-1.33127641652199,3,Sample 1,Cell type 2
3033,-0.708250282760402,-0.11712874893091613,0,Sample 1,Cell type 1
3034,-1.571986988934001,0.18749025776303294,2,Sample 3,Cell type 1
3035,-1.4658501691325543,0.20140915647500865,0,Sample 1,Cell type 1
3036,0.5880838944888299,0.9420414423981873,4,Sample 2,Cell type 2
3037,2.142651936339859,-1.120635518364077,4,Sample 2,Cell type 2
3038,-1.7429474771132605,-0.2892472574876941,0,Sample 1,Cell type 1
3039,-1.417963836078449,0.4158548039267068,1,Sample 2,Cell type 1
3040,0.9529429292724885,-1.2813143731955308,2,Sample 3,Cell type 1
3041,-1.080762124858504,1.2961054939045256,0,Sample 1,Cell type 1
3042,-2.414037116006095,0.9733626776697671,2,Sample 3,Cell type 1
3043,1.0279570837590384,-0.14559055304910212,4,Sample 2,Cell type 2
3044,-0.8134594035409504,0.06240990333262538,1,Sample 2,Cell type 1
3045,1.802209511444722,-0.1839201539810835,3,Sample 1,Cell type 2
3046,-0.8872979476168834,-0.3864649870127277,0,Sample 1,Cell type 1
3047,0.89381701485336,-1.0412968100979276,4,Sample 2,Cell type 2
3048,0.16536429487365978,1.1595902602530497,4,Sample 2,Cell type 2
3049,-1.5844357344892834,1.189173629045711,1,Sample 2,Cell type 1
3050,-0.8923776684272621,-0.8757620467934,0,Sample 1,Cell type 1
3051,-0.6028235634706787,-0.6598405773989969,1,Sample 2,Cell type 1
3052,-1.4036885528750753,0.21469945839636526,2,Sample 3,Cell type 1
3053,-0.18421766739632717,-0.4193558802648457,5,Sample 3,Cell type 2
3054,0.9665854055325009,-0.6180438087029658,2,Sample 3,Cell type 1
3055,1.1620639339263834,-0.2456399882029616,3,Sample 1,Cell type 2
3056,-2.5202647341705355,-0.4241373666322677,1,Sample 2,Cell type 1
3057,0.48543775952559964,1.586225848382651,5,Sample 3,Cell type 2
3058,-1.1189229300113925,-0.4713581724942796,2,Sample 3,Cell type 1
3059,0.5348378051435543,0.5571296519296792,3,Sample 1,Cell type 2
3060,-0.2059002439089318,-0.4068812995497723,1,Sample 2,Cell type 1
3061,0.2511867941155821,0.502029275716676,0,Sample 1,Cell type 1
3062,0.10778706183926157,1.5165128508376584,1,Sample 2,Cell type 1
3063,0.6084526597877262,-1.3302020297737658,5,Sample 3,Cell type 2
3064,1.064278749322984,-0.09796376256224552,5,Sample 3,Cell type 2
3065,-0.03990661443589372,0.6525729400027572,3,Sample 1,Cell type 2
3066,-0.8589756445781278,0.9211775797668103,1,Sample 2,Cell type 1
3067,-1.0538435291769133,0.44420418390086247,2,Sample 3,Cell type 1
3068,2.981812532193654,-0.3204828437571497,3,Sample 1,Cell type 2
3069,-1.3731642105146769,-0.8956565639093137,2,Sample 3,Cell type 1
3070,-1.4017902530954753,0.17468099360847683,0,Sample 1,Cell type 1
3071,2.7702252662574285,-0.03522962427150769,3,Sample 1,Cell type 2
3072,0.7201256801625349,0.3622645887617893,5,Sample 3,Cell type 2
3073,-0.16055006275158212,-0.2714218270119945,4,Sample 2,Cell type 2
3074,1.030784216084268,-0.7691621775795592,5,Sample 3,Cell type 2
3075,1.137273294607855,-1.3963836788713142,4,Sample 2,Cell type 2
3076,1.2167890814803668,-0.5991241184041922,3,Sample 1,Cell type 2
3077,-0.8988544165630774,1.2053939305319998,3,Sample 1,Cell type 2
3078,1.8010519592279137,-0.546535272677476,3,Sample 1,Cell type 2
3079,0.4688068490195594,-0.10844767250942357,5,Sample 3,Cell type 2
3080,-1.3716980399290906,-0.8340284779625797,1,Sample 2,Cell type 1
3081,2.1688239618940814,0.253726218675945,5,Sample 3,Cell type 2
3082,0.31567272290548254,-0.35425042382970895,3,Sample 1,Cell type 2
3083,0.6366669094018839,0.7462341315535878,4,Sample 2,Cell type 2
3084,1.9140650955950238,0.16871344388001974,4,Sample 2,Cell type 2
3085,-1.8540248687423535,1.5726268781240025,1,Sample 2,Cell type 1
3086,1.7929559686425989,0.48653058763101675,4,Sample 2,Cell type 2
3087,0.28385410283144963,1.5718415684351594,4,Sample 2,Cell type 2
3088,0.049733491102327054,0.4778780957676815,2,Sample 3,Cell type 1
3089,1.5188062106101805,-1.3577003713915707,3,Sample 1,Cell type 2
3090,1.3711203721773533,1.4185552749672408,4,Sample 2,Cell type 2
3091,-1.492012076128539,-0.24448959929344796,1,Sample 2,Cell type 1
3092,2.3679568053228692,-1.922219863861325,3,Sample 1,Cell type 2
3093,-0.21491142695138965,0.16500780516451657,0,Sample 1,Cell type 1
3094,0.5711037191026828,-1.1741304994204254,3,Sample 1,Cell type 2
3095,-1.4738785183864387,-0.47121838956592466,2,Sample 3,Cell type 1
3096,0.9532407061892998,0.2532135127406194,4,Sample 2,Cell type 2
3097,-0.821445834540262,-0.008264118046625043,2,Sample 3,Cell type 1
3098,-0.44037103400452315,-1.4132022479014108,0,Sample 1,Cell type 1
3099,-2.08193457346848,-0.35611264058063746,1,Sample 2,Cell type 1
3100,-1.0836497859522294,-0.2155517298195748,1,Sample 2,Cell type 1
3101,1.3526931360210261,-0.9311381636459893,4,Sample 2,Cell type 2
3102,1.0126044706342427,0.5074090875062232,3,Sample 1,Cell type 2
3103,1.3337810132239223,-0.8922009530108252,5,Sample 3,Cell type 2
3104,1.0891130045385315,-0.4701732555397583,5,Sample 3,Cell type 2
3105,-0.8363203704473543,0.22339852767030247,0,Sample 1,Cell type 1
3106,-0.2594954972493978,-0.8663859107270787,2,Sample 3,Cell type 1
3107,0.5595271889550216,-2.470769598305146,4,Sample 2,Cell type 2
3108,-1.1031767519557532,0.2378414444810729,2,Sample 3,Cell type 1
3109,0.44444286380900155,1.082024103025054,4,Sample 2,Cell type 2
3110,1.8374799873921324,-0.5947570770773227,5,Sample 3,Cell type 2
3111,-1.7199464560317408,-1.7172019234109768,1,Sample 2,Cell type 1
3112,-0.728469991988438,0.15798260662073813,1,Sample 2,Cell type 1
3113,-2.860697890035889,-0.08020803556150957,0,Sample 1,Cell type 1
3114,1.0387278759891534,0.6181721199110305,3,Sample 1,Cell type 2
3115,-1.7257392362062447,0.0681254460045841,2,Sample 3,Cell type 1
3116,0.433365191322582,-1.1093301577520238,5,Sample 3,Cell type 2
3117,2.1074140429839776,0.4747327497249574,4,Sample 2,Cell type 2
3118,0.3190838920293986,-0.2031986704378821,0,Sample 1,Cell type 1
3119,-0.8770623439701228,0.022846750175044544,2,Sample 3,Cell type 1
3120,-1.0021634568269684,-0.5303444866103756,1,Sample 2,Cell type 1
3121,1.8259913780156236,-0.2793565228279623,5,Sample 3,Cell type 2
3122,-0.16184799754390178,-0.36627692973603404,3,Sample 1,Cell type 2
3123,-0.413293232827715,0.3030410658785501,5,Sample 3,Cell type 2
3124,0.8542406647528052,0.3945714295469807,3,Sample 1,Cell type 2
3125,1.423434696516196,1.77511003117398,3,Sample 1,Cell type 2
3126,-1.7954716925810197,0.13835259535097513,0,Sample 1,Cell type 1
3127,0.3221165965681263,-0.10223294553176822,4,Sample 2,Cell type 2
3128,-1.1582689639888641,1.4953231491552164,1,Sample 2,Cell type 1
3129,-0.7092286541955739,-0.22711815191365883,0,Sample 1,Cell type 1
3130,0.6895151542386393,0.20432597435005076,4,Sample 2,Cell type 2
3131,0.7780860511663831,0.6616189017486821,4,Sample 2,Cell type 2
3132,0.6524985015224725,0.9136988026328748,3,Sample 1,Cell type 2
3133,-1.0282952533372989,-0.7635857707717332,1,Sample 2,Cell type 1
3134,0.8618493739871945,-0.7798029929571585,5,Sample 3,Cell type 2
3135,0.3688754100363313,0.878524821060229,5,Sample 3,Cell type 2
3136,-1.2023677502153667,-0.8359128733072129,2,Sample 3,Cell type 1
3137,-0.31427219168830045,0.1691475987894808,4,Sample 2,Cell type 2
3138,2.5701254830677236,0.7738502053207119,3,Sample 1,Cell type 2
3139,0.46521021485650005,-0.5545291122440491,3,Sample 1,Cell type 2
3140,0.3434197120635696,-0.2440112409383119,0,Sample 1,Cell type 1
3141,-1.851171454627103,0.5474215725164717,1,Sample 2,Cell type 1
3142,1.5080483836427474,-1.0455761701587702,5,Sample 3,Cell type 2
3143,-2.3590370907867273,-0.19848440624088365,2,Sample 3,Cell type 1
3144,-0.07268723377212494,1.7491759930099775,3,Sample 1,Cell type 2
3145,0.49322703065286366,-0.8519080666750334,5,Sample 3,Cell type 2
3146,-2.344158800427829,-1.9115528244305984,2,Sample 3,Cell type 1
3147,1.3262887819836653,1.0463832528175734,5,Sample 3,Cell type 2
3148,-0.8157170058383942,0.6892904515325533,2,Sample 3,Cell type 1
3149,1.5562616445370376,0.3118743164817004,4,Sample 2,Cell type 2
3150,0.8057915863046023,-1.0599853121922223,3,Sample 1,Cell type 2
3151,-0.7636948038982675,0.17423092023078993,1,Sample 2,Cell type 1
3152,-1.7038031432599334,-0.6837328057322584,1,Sample 2,Cell type 1
3153,1.8085236115122871,1.0122990479872314,3,Sample 1,Cell type 2
3154,-0.5553424729220323,-2.569163996613952,2,Sample 3,Cell type 1
3155,0.9197170320774988,1.449263682434584,4,Sample 2,Cell type 2
3156,0.8950857881920042,0.19275204701857485,4,Sample 2,Cell type 2
3157,1.4136735862673344,0.8222464958112308,5,Sample 3,Cell type 2
3158,-0.0227376500334715,0.20848326444983045,5,Sample 3,Cell type 2
3159,0.15775189318849103,-0.9683044458518337,4,Sample 2,Cell type 2
3160,0.11618245251018566,-0.6180591560106165,4,Sample 2,Cell type 2
3161,-0.3302272256500569,-0.1631017558962927,1,Sample 2,Cell type 1
3162,0.7311012153424579,-0.6971534730167237,1,Sample 2,Cell type 1
3163,1.3563227988622408,-0.10545480447693792,4,Sample 2,Cell type 2
3164,-0.31445080947663917,1.0721346134686494,3,Sample 1,Cell type 2
3165,-2.726894093769137,-0.023862487904295192,0,Sample 1,Cell type 1
3166,-1.068284305616521,-1.5162008195037482,2,Sample 3,Cell type 1
3167,0.6767815347020127,-1.1704052060297223,5,Sample 3,Cell type 2
3168,-0.5029300560884291,0.5630678402814008,1,Sample 2,Cell type 1
3169,-1.1467602675493875,-0.6704123803258042,0,Sample 1,Cell type 1
3170,-0.8803272932678116,-0.6301087334452559,0,Sample 1,Cell type 1
3171,-2.5524260492617294,-0.5060587763168755,0,Sample 1,Cell type 1
3172,-1.7518123479337815,1.9306342149960496,0,Sample 1,Cell type 1
3173,-0.006408745420428241,0.7397293341743102,5,Sample 3,Cell type 2
3174,1.062015519808875,-0.11934367041644707,4,Sample 2,Cell type 2
3175,-1.4774510328494748,-0.518236416580212,0,Sample 1,Cell type 1
3176,1.8336317419759531,-0.3474023180844954,4,Sample 2,Cell type 2
3177,2.155019119559385,-0.09322910518235823,5,Sample 3,Cell type 2
3178,-1.5653293652522606,0.08904040832599534,2,Sample 3,Cell type 1
3179,0.5526723784006822,-0.8578417542795828,5,Sample 3,Cell type 2
3180,-0.4879152287332522,1.4655569608156842,0,Sample 1,Cell type 1
3181,0.8559329620525257,-0.21906927231111714,4,Sample 2,Cell type 2
3182,-0.9283838185520508,0.6829419745472484,2,Sample 3,Cell type 1
3183,-0.7488245274893333,0.26240730901377546,2,Sample 3,Cell type 1
3184,-0.11139893506980825,-0.06835592127827049,1,Sample 2,Cell type 1
3185,1.7283327653109688,1.1090957446931977,4,Sample 2,Cell type 2
3186,-0.6546667609448638,0.8083055917101127,3,Sample 1,Cell type 2
3187,-1.760638562583543,0.4980500847669841,2,Sample 3,Cell type 1
3188,-2.103189096702107,-1.3179373921888382,0,Sample 1,Cell type 1
3189,-1.1803173200147474,0.20865788292136325,2,Sample 3,Cell type 1
3190,0.28457482786029487,-0.37749127739269556,2,Sample 3,Cell type 1
3191,0.06149610864915833,-0.42225808689423433,0,Sample 1,Cell type 1
3192,1.0547068352511726,1.733657269369854,4,Sample 2,Cell type 2
3193,-0.4520314125844458,0.006905873989355676,5,Sample 3,Cell type 2
3194,1.4106245396756796,-2.740190885318846,3,Sample 1,Cell type 2
3195,0.2144935418251217,-0.8281370083119172,5,Sample 3,Cell type 2
3196,-2.367432969358612,-0.4358106655796262,0,Sample 1,Cell type 1
3197,-1.1772296271972005,-0.4181229703040565,2,Sample 3,Cell type 1
3198,-2.090054736352703,0.657687707159872,1,Sample 2,Cell type 1
3199,-0.21693904238012118,0.4461136991753442,0,Sample 1,Cell type 1
3200,0.6530560831788776,-1.8642394614043416,3,Sample 1,Cell type 2
3201,0.05964731748723595,1.6055303356815922,3,Sample 1,Cell type 2
3202,0.9255720294834412,1.0225722371782882,4,Sample 2,Cell type 2
3203,-0.4458059652059726,1.0834959934519346,1,Sample 2,Cell type 1
3204,0.3993999569051677,-2.0177243410580217,3,Sample 1,Cell type 2
3205,0.42491345133999014,-0.9722403538026234,5,Sample 3,Cell type 2
3206,1.544864054286472,0.4253757866910105,4,Sample 2,Cell type 2
3207,-1.2965403701961875,1.5073737056226584,2,Sample 3,Cell type 1
3208,3.2528546118151396,-0.4355859056404978,5,Sample 3,Cell type 2
3209,-2.6209519607374654,-0.4884064197606196,0,Sample 1,Cell type 1
3210,0.9362468368755188,0.08201238052803919,4,Sample 2,Cell type 2
3211,1.453928559146569,-0.48716918546601584,5,Sample 3,Cell type 2
3212,-2.8453217115557803,0.6652624452314111,2,Sample 3,Cell type 1
3213,-0.8554834170551219,0.0027414181380730224,0,Sample 1,Cell type 1
3214,-0.009136328501285984,1.7625127087985346,0,Sample 1,Cell type 1
3215,-1.4952746384608782,-0.6044610311442464,0,Sample 1,Cell type 1
3216,-0.06879785009753614,0.5210188362622208,4,Sample 2,Cell type 2
3217,-0.8401661034211414,-0.5210857979459144,4,Sample 2,Cell type 2
3218,1.2119102156000028,-3.3195287622856,3,Sample 1,Cell type 2
3219,0.622137703751894,0.019541716636358432,5,Sample 3,Cell type 2
3220,1.3188784433669745,0.8131686154231514,5,Sample 3,Cell type 2
3221,-0.41708031570937676,1.3707268707672229,0,Sample 1,Cell type 1
3222,-0.5528137685431627,0.9627943094854652,1,Sample 2,Cell type 1
3223,-2.1049119680104518,-0.5321502084327351,2,Sample 3,Cell type 1
3224,-0.23398831145778587,1.101470326688334,2,Sample 3,Cell type 1
3225,-1.6869332408882651,-1.6243938905980673,0,Sample 1,Cell type 1
3226,0.06531322866781963,1.001518376051616,5,Sample 3,Cell type 2
3227,-1.055587779874116,0.4314973662774575,1,Sample 2,Cell type 1
3228,1.350951039445093,0.06739882593440198,5,Sample 3,Cell type 2
3229,0.04057104553508739,-0.0463879877468864,3,Sample 1,Cell type 2
3230,-1.0426336322899923,-1.4239590870115146,2,Sample 3,Cell type 1
3231,-0.9174227639964644,0.22701635678400967,1,Sample 2,Cell type 1
3232,0.23095588353575114,-0.3627592812330499,3,Sample 1,Cell type 2
3233,0.16168258171018546,2.329118076177616,2,Sample 3,Cell type 1
3234,0.03833132132580497,0.3108727634794683,4,Sample 2,Cell type 2
3235,-0.19432610197504097,0.5716546215137726,0,Sample 1,Cell type 1
3236,-0.7229784079971467,-1.539151553390963,0,Sample 1,Cell type 1
3237,0.6480777998209812,1.3315335856747856,4,Sample 2,Cell type 2
3238,-0.06621405016789073,-0.45901475896927235,0,Sample 1,Cell type 1
3239,1.3144271981341418,0.3078895334016435,5,Sample 3,Cell type 2
3240,-0.3155444923742716,-1.5686527774379986,2,Sample 3,Cell type 1
3241,0.7231803493926305,-0.8709771055923899,5,Sample 3,Cell type 2
3242,-1.4325831473394173,2.2854434605045753,2,Sample 3,Cell type 1
3243,0.6796585746217263,1.483089845205306,4,Sample 2,Cell type 2
3244,-0.8190108579565293,0.9455889564068508,0,Sample 1,Cell type 1
3245,0.020228641246865187,2.521235690671481,5,Sample 3,Cell type 2
3246,-0.961809795251221,-0.051153166986254765,5,Sample 3,Cell type 2
3247,0.3246308850208094,-1.945829069934695,4,Sample 2,Cell type 2
3248,-0.6448780130642026,-0.3831800441864315,2,Sample 3,Cell type 1
3249,0.25321877005789584,-0.2250418631390575,0,Sample 1,Cell type 1
3250,-0.4624946035719537,-0.8535132038017806,1,Sample 2,Cell type 1
3251,0.004290258630601951,0.09149018540942629,5,Sample 3,Cell type 2
3252,-0.5364682595122061,0.4624073558209879,0,Sample 1,Cell type 1
3253,1.3146537979255468,0.12014947715523433,5,Sample 3,Cell type 2
3254,-0.701217702487887,0.17144971180115975,0,Sample 1,Cell type 1
3255,2.5149831183347766,0.353491526746012,4,Sample 2,Cell type 2
3256,0.4500989883193337,0.7167060177739492,4,Sample 2,Cell type 2
3257,-1.0385410431804174,0.0522204613275557,1,Sample 2,Cell type 1
3258,1.4143740848585415,-0.1255878386351132,4,Sample 2,Cell type 2
3259,-0.16080861614079944,-0.37359026006703266,2,Sample 3,Cell type 1
3260,-1.0421695456571611,-0.879364931527261,5,Sample 3,Cell type 2
3261,1.1630740267144475,-0.051856917330226855,0,Sample 1,Cell type 1
3262,-0.8483851213573471,1.1858377820471637,0,Sample 1,Cell type 1
3263,1.5117801544114935,0.34462953905153676,4,Sample 2,Cell type 2
3264,0.23429552623466188,-0.655911176739645,5,Sample 3,Cell type 2
3265,-1.203831002711374,0.3306289561345603,0,Sample 1,Cell type 1
3266,-1.6161668431840037,0.7115630392464918,1,Sample 2,Cell type 1
3267,-0.08827884011564557,0.05106751496713747,3,Sample 1,Cell type 2
3268,-0.5941336287011708,0.9060570641043584,2,Sample 3,Cell type 1
3269,0.01118856390905354,0.04011264980034447,4,Sample 2,Cell type 2
3270,0.8137138698114681,-0.9279227476325763,3,Sample 1,Cell type 2
3271,-1.4050589243313194,0.5605649391127489,0,Sample 1,Cell type 1
3272,-0.13666664318059052,-1.720043392734439,4,Sample 2,Cell type 2
3273,1.0413648424440405,-0.2183247326608144,4,Sample 2,Cell type 2
3274,0.2600509539795338,-1.158844755287755,3,Sample 1,Cell type 2
3275,-1.013778864255696,0.5213623496409796,0,Sample 1,Cell type 1
3276,-0.8677582314519809,-0.4699184130179932,2,Sample 3,Cell type 1
3277,1.1779080102588206,-2.269444321315839,4,Sample 2,Cell type 2
3278,1.5623360407484879,0.7244483162736126,5,Sample 3,Cell type 2
3279,-0.9255043865931168,0.033104549856811306,2,Sample 3,Cell type 1
3280,0.4950542331799588,-0.22575030463010776,5,Sample 3,Cell type 2
3281,-2.2550455619733354,0.9485023970662949,2,Sample 3,Cell type 1
3282,-1.5630064313585765,0.35622318009366816,0,Sample 1,Cell type 1
3283,-0.8728685739212831,-1.9175098318264805,1,Sample 2,Cell type 1
3284,-0.553239894039453,1.8675585354136877,2,Sample 3,Cell type 1
3285,0.5108072060353095,-1.7204764955865814,2,Sample 3,Cell type 1
3286,-1.7298045425802249,0.33013263895689804,2,Sample 3,Cell type 1
3287,1.1623048215974987,-1.2088884515255107,5,Sample 3,Cell type 2
3288,0.19288889818557076,-1.2661335085477845,1,Sample 2,Cell type 1
3289,0.8208437016161171,0.1663443302594886,4,Sample 2,Cell type 2
3290,-2.2591705853660278,-1.3682581130165488,2,Sample 3,Cell type 1
3291,-0.22637361489079943,0.07182133565285978,2,Sample 3,Cell type 1
3292,-0.5740861378838096,-0.0655460213911855,0,Sample 1,Cell type 1
3293,0.6774367820384003,-1.1024998997940456,3,Sample 1,Cell type 2
3294,2.147215464711538,-1.0220723142820463,4,Sample 2,Cell type 2
3295,0.09881681122182973,-0.8299700148884648,3,Sample 1,Cell type 2
3296,-2.4468038779320764,-0.6864523007095928,1,Sample 2,Cell type 1
3297,0.42030625180596615,0.8869047170536966,1,Sample 2,Cell type 1
3298,1.624441108473192,1.049875502598903,3,Sample 1,Cell type 2
3299,-1.1351052561284258,-1.1376055511526275,2,Sample 3,Cell type 1
3300,-0.22778722422806907,-0.7453766456687111,1,Sample 2,Cell type 1
3301,-1.2473220742774191,-1.9811191261058265,2,Sample 3,Cell type 1
3302,-0.39442488762986205,0.5326327203672403,1,Sample 2,Cell type 1
3303,-0.4284692627106086,-0.18658448640742012,4,Sample 2,Cell type 2
3304,1.1588357652966574,0.40610341452248894,3,Sample 1,Cell type 2
3305,-0.18283391773565594,0.11113182824813479,2,Sample 3,Cell type 1
3306,-0.9397083544976153,0.4643452959336895,0,Sample 1,Cell type 1
3307,1.7401154238061785,-0.7532823189956283,3,Sample 1,Cell type 2
3308,0.4533009116388662,-0.28982533904285257,1,Sample 2,Cell type 1
3309,-0.5553728323455351,0.23460638924151642,0,Sample 1,Cell type 1
3310,1.1236071921085942,1.0706783809367122,5,Sample 3,Cell type 2
3311,1.2222154570749506,-1.012678044963951,4,Sample 2,Cell type 2
3312,-0.7952537118411516,0.5723709756405642,2,Sample 3,Cell type 1
3313,1.4362611831720316,-0.27161864405662756,4,Sample 2,Cell type 2
3314,-2.0627315337779604,1.002889525201985,1,Sample 2,Cell type 1
3315,-1.3663326816341024,0.6176866112610307,1,Sample 2,Cell type 1
3316,-0.8462211056848523,-0.16558500271741122,0,Sample 1,Cell type 1
3317,2.3355011383909856,-0.42221764451471616,5,Sample 3,Cell type 2
3318,1.0508595836190007,-0.11242943579120888,4,Sample 2,Cell type 2
3319,0.8157634898299411,-0.3478454012905112,5,Sample 3,Cell type 2
3320,0.983495740029661,-0.10566927031038253,5,Sample 3,Cell type 2
3321,0.45002344377095405,-0.21665187359014568,4,Sample 2,Cell type 2
3322,-0.8971951162041643,0.13527158531568984,0,Sample 1,Cell type 1
3323,-1.7233071111727578,1.4752051248996607,0,Sample 1,Cell type 1
3324,1.6955630546893508,0.7048438989993097,3,Sample 1,Cell type 2
3325,-0.43342337420037025,-0.7238841836939931,1,Sample 2,Cell type 1
3326,-0.13798754697438498,0.1868430162605632,2,Sample 3,Cell type 1
3327,-1.6294730861109588,0.1455286740342776,2,Sample 3,Cell type 1
3328,-2.2285196158839717,0.6313453037322431,2,Sample 3,Cell type 1
3329,-1.1123981968150607,0.014128016361982543,2,Sample 3,Cell type 1
3330,-0.32508978451866055,0.25134105439487336,2,Sample 3,Cell type 1
3331,-1.57697313988452,0.5931489095220777,2,Sample 3,Cell type 1
3332,-0.9032242391663619,-0.38151096509933646,4,Sample 2,Cell type 2
3333,-0.35587273223520377,-0.9038615071448278,3,Sample 1,Cell type 2
3334,-1.3376767422915434,-0.28594358708061063,1,Sample 2,Cell type 1
3335,-0.9834094602411462,0.31282353482550396,0,Sample 1,Cell type 1
3336,2.3720654630043128,-0.40045175180572756,4,Sample 2,Cell type 2
3337,-0.5310264268405176,0.33665587931793917,4,Sample 2,Cell type 2
3338,-1.2965030077123822,0.658683633859466,1,Sample 2,Cell type 1
3339,1.6054811084794798,-1.0607155062931564,5,Sample 3,Cell type 2
3340,-1.4938524169668654,0.08356041102700325,0,Sample 1,Cell type 1
3341,-1.4454689323312657,-0.44781524847829246,2,Sample 3,Cell type 1
3342,-1.8058116901267218,-0.3672907552441986,1,Sample 2,Cell type 1
3343,0.6616645790757792,0.2350660871516658,5,Sample 3,Cell type 2
3344,0.8444388926673001,-0.39218804727355727,3,Sample 1,Cell type 2
3345,-1.3268049950400098,-1.806711174670509,2,Sample 3,Cell type 1
3346,-0.046645088167621696,-0.3216735433536299,4,Sample 2,Cell type 2
3347,0.006769100738790668,0.01173903693925692,2,Sample 3,Cell type 1
3348,0.7274032805809062,1.211489815062832,3,Sample 1,Cell type 2
3349,-2.2347110286382206,-1.452205258089067,0,Sample 1,Cell type 1
3350,-1.1556514539310807,1.5405376321281092,0,Sample 1,Cell type 1
3351,-0.8978343892738767,0.595917607068942,0,Sample 1,Cell type 1
3352,-0.29953603024300457,0.017361792336548526,5,Sample 3,Cell type 2
3353,1.2373800263403183,-0.5029196148561066,4,Sample 2,Cell type 2
3354,-0.20291165028342806,1.2029916219830847,3,Sample 1,Cell type 2
3355,0.9259716702956922,0.2758057766670066,3,Sample 1,Cell type 2
3356,-0.3822818004869202,-0.7550034066231627,2,Sample 3,Cell type 1
3357,1.6329284452863526,-1.5963976189822668,4,Sample 2,Cell type 2
3358,-0.4382921646530603,0.5655109583378519,0,Sample 1,Cell type 1
3359,0.7407434814838492,0.3879206622098038,4,Sample 2,Cell type 2
3360,-1.2241646601877367,-1.5056045111804168,2,Sample 3,Cell type 1
3361,0.5524145682780974,0.2646738349138927,4,Sample 2,Cell type 2
3362,-2.433694360178502,0.3964272641643591,0,Sample 1,Cell type 1
3363,-0.47268621895181573,-0.6630931223528598,1,Sample 2,Cell type 1
3364,-2.8670377159146803,-0.019831377603843407,2,Sample 3,Cell type 1
3365,-2.363671955978697,1.2301868407000722,0,Sample 1,Cell type 1
3366,-1.8151590707763572,-0.5883897047839378,0,Sample 1,Cell type 1
3367,1.4242521364884917,1.1447095908815492,4,Sample 2,Cell type 2
3368,0.11079746379735322,-0.13247347569121035,4,Sample 2,Cell type 2
3369,-1.9785213449765224,-0.977242615996667,1,Sample 2,Cell type 1
3370,-0.6915471882600663,0.41107789723840554,0,Sample 1,Cell type 1
3371,-0.6632991011496829,-0.46958999156916453,5,Sample 3,Cell type 2
3372,1.7406897328029893,0.03738765650750515,5,Sample 3,Cell type 2
3373,0.5024881742093379,-0.5357751279245841,5,Sample 3,Cell type 2
3374,1.4428036486926639,-1.0179617669414742,5,Sample 3,Cell type 2
3375,-1.3688211194141797,0.7050228394716281,2,Sample 3,Cell type 1
3376,0.3403665657023184,-0.6662090272938376,4,Sample 2,Cell type 2
3377,0.5889721464790783,0.3050941624284777,3,Sample 1,Cell type 2
3378,0.13062616784961723,-0.730952524553697,5,Sample 3,Cell type 2
3379,1.5510428290948535,-1.4034922012136029,4,Sample 2,Cell type 2
3380,-2.990675720196556,1.380090331166693,1,Sample 2,Cell type 1
3381,-0.3721717266947209,-0.7524825031976639,2,Sample 3,Cell type 1
3382,1.692128489898048,-0.474650155475658,3,Sample 1,Cell type 2
3383,1.9958114370651798,-0.22126348569958504,5,Sample 3,Cell type 2
3384,2.4876217461073793,1.8699998266786002,3,Sample 1,Cell type 2
3385,-2.9380086278841198,0.9874374405783262,1,Sample 2,Cell type 1
3386,1.4831267223024134,-1.1246084207316047,4,Sample 2,Cell type 2
3387,1.802676719944674,-1.001965350703168,3,Sample 1,Cell type 2
3388,0.11220355081067801,0.4651427392420058,4,Sample 2,Cell type 2
3389,-1.6862673152319383,0.9326726028652318,2,Sample 3,Cell type 1
3390,-0.37309616835815795,-0.537274825111004,4,Sample 2,Cell type 2
3391,0.17867062164013603,0.6312509044285495,4,Sample 2,Cell type 2
3392,1.1971644062839017,-0.427853017993088,4,Sample 2,Cell type 2
3393,1.3588415216113097,-0.3330202192535199,5,Sample 3,Cell type 2
3394,-0.9263535773071915,-0.0890006878720284,0,Sample 1,Cell type 1
3395,-0.7227545144463079,-0.352483710679612,0,Sample 1,Cell type 1
3396,-1.9054156433497318,-1.092769751508959,0,Sample 1,Cell type 1
3397,0.7016505505304371,0.07232609336672713,5,Sample 3,Cell type 2
3398,0.20002627176789278,-0.14377364819242797,4,Sample 2,Cell type 2
3399,3.0699722119478263,-1.2972075711438327,5,Sample 3,Cell type 2
3400,-0.8194877224921514,1.0337736144858438,0,Sample 1,Cell type 1
3401,-0.5913412205779087,-0.2706069243993144,4,Sample 2,Cell type 2
3402,-2.2506152200872362,-1.4808588722612026,0,Sample 1,Cell type 1
3403,0.7606719332240032,0.501187250131331,4,Sample 2,Cell type 2
3404,1.913853095807701,-1.0546481704252726,4,Sample 2,Cell type 2
3405,-1.7043387376767303,0.6363291236497064,2,Sample 3,Cell type 1
3406,-0.637145913772293,1.681674469265782,5,Sample 3,Cell type 2
3407,1.0769619966756392,-1.5441374867743165,3,Sample 1,Cell type 2
3408,-0.4281237728116962,-1.1153325553681253,1,Sample 2,Cell type 1
3409,0.22201271769381592,0.623498192737414,5,Sample 3,Cell type 2
3410,-2.2738336678453726,-0.37858079048882315,0,Sample 1,Cell type 1
3411,0.8546731323937884,1.579806758198884,0,Sample 1,Cell type 1
3412,0.8998130360819794,0.2691771606189953,3,Sample 1,Cell type 2
3413,0.39582316776602255,0.08027837695131423,5,Sample 3,Cell type 2
3414,0.6619297053543938,-1.1743352013896544,3,Sample 1,Cell type 2
3415,-1.417075923531216,-0.41915677821323116,0,Sample 1,Cell type 1
3416,-0.5474940157943252,1.6167247406342673,1,Sample 2,Cell type 1
3417,1.6838085132577696,-0.7555748022158916,3,Sample 1,Cell type 2
3418,0.23815197741798344,0.5471528103051786,3,Sample 1,Cell type 2
3419,-0.5436817550781788,-0.05165582856663241,2,Sample 3,Cell type 1
3420,2.570375265961144,2.164353788028576,3,Sample 1,Cell type 2
3421,0.011431703833702622,-0.5572106534249385,3,Sample 1,Cell type 2
3422,-0.4195055338275506,-0.7651779712331902,5,Sample 3,Cell type 2
3423,-1.2419998214993475,-0.9958733178675033,0,Sample 1,Cell type 1
3424,1.7677136694191478,-0.25030787792970066,5,Sample 3,Cell type 2
3425,0.651177197869987,-1.4988461744168997,5,Sample 3,Cell type 2
3426,-0.8559835967324911,0.4516044625507905,1,Sample 2,Cell type 1
3427,1.0419736299093691,-0.468803613513387,4,Sample 2,Cell type 2
3428,1.0090190365665122,-0.6198249901007112,5,Sample 3,Cell type 2
3429,-0.7127429406227376,1.20640540142083,0,Sample 1,Cell type 1
3430,2.7167416052979414,-0.8796277057353397,5,Sample 3,Cell type 2
3431,0.141005236338133,0.45622414812267964,5,Sample 3,Cell type 2
3432,-2.088725268556997,0.5399358569965841,0,Sample 1,Cell type 1
3433,2.3791423443288595,0.37848303531366234,4,Sample 2,Cell type 2
3434,-1.3493591366871058,0.15337460013793894,0,Sample 1,Cell type 1
3435,-0.13657827835536018,-1.1065736260956476,4,Sample 2,Cell type 2
3436,-0.8687471768061545,0.5267694928647043,2,Sample 3,Cell type 1
3437,-0.7593469173352874,0.2895280255764123,0,Sample 1,Cell type 1
3438,1.1119385100708365,1.438299806176583,5,Sample 3,Cell type 2
3439,0.35212134688642527,0.06668530237779767,0,Sample 1,Cell type 1
3440,1.6331429334025223,-0.07003929252282579,3,Sample 1,Cell type 2
3441,-2.54182107618179,1.2184851367488716,0,Sample 1,Cell type 1
3442,-1.8897319964358257,-0.9932303854941938,0,Sample 1,Cell type 1
3443,-2.000422224562196,-0.03224302083581664,1,Sample 2,Cell type 1
3444,-2.703485959831047,0.2803417729180109,2,Sample 3,Cell type 1
3445,-0.4370427848520678,0.796708334690092,1,Sample 2,Cell type 1
3446,0.03191456478260124,0.3029247409131315,4,Sample 2,Cell type 2
3447,-0.5161330873451082,0.38536762302951855,1,Sample 2,Cell type 1
3448,0.43368961295132247,2.6226982941915256,5,Sample 3,Cell type 2
3449,0.06382116014007422,0.6289341032524287,3,Sample 1,Cell type 2
3450,1.2988733152751295,0.5815167084217544,4,Sample 2,Cell type 2
3451,0.5939030557505112,-0.11772053435426012,4,Sample 2,Cell type 2
3452,1.9244359323038358,0.7275235946991375,4,Sample 2,Cell type 2
3453,-1.2049476533521775,0.6439437870925367,2,Sample 3,Cell type 1
3454,2.8039809733076537,-0.08758003563143205,4,Sample 2,Cell type 2
3455,-0.9220691912743901,-0.14010951185287154,0,Sample 1,Cell type 1
3456,1.7441547676382028,-0.0936083049522255,4,Sample 2,Cell type 2
3457,-0.8120227644957201,-1.763703111491798,0,Sample 1,Cell type 1
3458,-0.19782668181722007,0.003806873094736419,2,Sample 3,Cell type 1
3459,-0.9384655906291072,-1.5718200530211304,2,Sample 3,Cell type 1
3460,2.1137181325601846,1.420508409747557,5,Sample 3,Cell type 2
3461,-0.7811168241407411,1.8241354044381533,4,Sample 2,Cell type 2
3462,-0.31916048111551143,-1.7226540635287206,2,Sample 3,Cell type 1
3463,1.847457112196342,0.06886625601934017,5,Sample 3,Cell type 2
3464,0.7260896160514437,-0.2816360704710127,5,Sample 3,Cell type 2
3465,-0.4308330348500311,0.8752990046640569,0,Sample 1,Cell type 1
3466,-1.1694352015776759,1.0738016512659252,2,Sample 3,Cell type 1
3467,-1.465559605090335,1.268412696167022,0,Sample 1,Cell type 1
3468,-0.5383037592823365,0.35252821440942544,4,Sample 2,Cell type 2
3469,-2.666658458417193,0.7052306983187461,2,Sample 3,Cell type 1
3470,-0.28156230097784607,0.1606762527484301,3,Sample 1,Cell type 2
3471,-0.7672049669301506,0.1914657982718943,1,Sample 2,Cell type 1
3472,0.6995932456528311,-0.1478177865288287,2,Sample 3,Cell type 1
3473,-0.8104592446321224,-0.43962847209932376,2,Sample 3,Cell type 1
3474,2.3932073987368234,-0.5655984202398117,5,Sample 3,Cell type 2
3475,0.16645306286511252,-1.0884917960631528,4,Sample 2,Cell type 2
3476,-1.1108227918170408,0.5423222411805068,2,Sample 3,Cell type 1
3477,-0.024221580360811568,0.18927273619979584,2,Sample 3,Cell type 1
3478,0.33376469159288225,-0.2548962350507093,2,Sample 3,Cell type 1
3479,3.439298479901404,0.4678839162917204,3,Sample 1,Cell type 2
3480,-0.49958011284193826,-0.532156309921705,2,Sample 3,Cell type 1
3481,-1.407923568120712,1.307220781023671,1,Sample 2,Cell type 1
3482,1.1867880653998677,-1.212107095903891,4,Sample 2,Cell type 2
3483,1.2717648101545882,-0.4926667704901857,3,Sample 1,Cell type 2
3484,0.8737519730046145,-0.3019642488297595,4,Sample 2,Cell type 2
3485,1.6430947853171554,0.27814899429385914,5,Sample 3,Cell type 2
3486,1.0719237373660337,0.2888370557330918,3,Sample 1,Cell type 2
3487,0.5109216132011347,1.1374703451867496,4,Sample 2,Cell type 2
3488,1.1242705675757922,-1.6975158335559235,3,Sample 1,Cell type 2
3489,3.4397148691364796,-0.05737075695356956,3,Sample 1,Cell type 2
3490,-0.471347470174589,1.272768559497981,2,Sample 3,Cell type 1
3491,3.0627201401368174,1.6807158037452157,3,Sample 1,Cell type 2
3492,1.3980851813480366,-0.6756566463050389,3,Sample 1,Cell type 2
3493,-0.579996116230527,1.368905604443442,1,Sample 2,Cell type 1
3494,2.007719000698043,0.2547478460327884,3,Sample 1,Cell type 2
3495,0.6936935654053871,-0.20315036845092152,5,Sample 3,Cell type 2
3496,-1.9415089765562539,0.4260666741412198,2,Sample 3,Cell type 1
3497,1.0527480256346136,-1.1050457094512929,4,Sample 2,Cell type 2
3498,-0.133158420303374,-0.904783613397512,4,Sample 2,Cell type 2
3499,1.385930062389705,-1.3104418440117902,5,Sample 3,Cell type 2
3500,-1.3960400380272855,0.11766651955748221,0,Sample 1,Cell type 1
3501,0.9143666892304119,-0.34963191609433286,4,Sample 2,Cell type 2
3502,0.9525204027993109,0.5881310837565666,4,Sample 2,Cell type 2
3503,-0.5221951172056456,0.7723251638406144,2,Sample 3,Cell type 1
3504,-0.7133834650801341,-0.4345899473620214,5,Sample 3,Cell type 2
3505,-0.9978001527066658,-1.2597133542594177,3,Sample 1,Cell type 2
3506,-1.1592525047446445,-0.7184675200846083,0,Sample 1,Cell type 1
3507,1.2971024114238494,-0.7326096023624001,3,Sample 1,Cell type 2
3508,-0.5160086286683646,0.2757505338660726,2,Sample 3,Cell type 1
3509,-0.7510593110399374,1.0759325857429312,2,Sample 3,Cell type 1
3510,-1.4399644796076467,-1.0076556899601101,0,Sample 1,Cell type 1
3511,-1.1519707087555635,-0.9178212003251344,4,Sample 2,Cell type 2
3512,1.086408341197345,0.1818670555451814,5,Sample 3,Cell type 2
3513,-0.9035128341638797,-0.2869617199452581,2,Sample 3,Cell type 1
3514,1.8776804875162894,0.3323373998849142,4,Sample 2,Cell type 2
3515,0.6209827886790243,0.4031376594956522,5,Sample 3,Cell type 2
3516,0.32552561173872396,0.30398948914914126,3,Sample 1,Cell type 2
3517,0.09074958684776036,0.23512547811047046,1,Sample 2,Cell type 1
3518,0.4350545569024751,-0.762265213486495,0,Sample 1,Cell type 1
3519,-2.1194769118521566,-0.6236146780163166,0,Sample 1,Cell type 1
3520,-1.1422071087210905,-0.384192962952678,0,Sample 1,Cell type 1
3521,-0.8587724975365494,1.909468176597183,3,Sample 1,Cell type 2
3522,-1.5304282812497902,0.7646418873189221,0,Sample 1,Cell type 1
3523,-0.7661054851764189,0.7036405845995793,0,Sample 1,Cell type 1
3524,0.7923979719842607,-0.748855174364871,1,Sample 2,Cell type 1
3525,-1.3106482349048167,0.4403290815686948,2,Sample 3,Cell type 1
3526,0.38351153877062716,0.7210635875893645,4,Sample 2,Cell type 2
3527,1.030900049711952,-0.3262491025938617,4,Sample 2,Cell type 2
3528,-1.9142396370805574,0.05551186486317449,0,Sample 1,Cell type 1
3529,0.7516938507038435,-1.1019619863425447,4,Sample 2,Cell type 2
3530,1.2283151988682872,-1.1832739742793807,5,Sample 3,Cell type 2
3531,-0.6039869949520008,-0.45184880191735005,0,Sample 1,Cell type 1
3532,-0.7093229467440987,-0.0549035746698452,1,Sample 2,Cell type 1
3533,-0.6307904038058487,-0.8556216240737297,4,Sample 2,Cell type 2
3534,1.1941018938402568,-0.31729161846295795,5,Sample 3,Cell type 2
3535,1.3855176223943038,0.3526458369444915,4,Sample 2,Cell type 2
3536,-0.6864924346784858,-0.8080470597830665,2,Sample 3,Cell type 1
3537,1.5353689360575202,-0.5518907032283968,4,Sample 2,Cell type 2
3538,0.7786041954798693,0.40203324972822974,4,Sample 2,Cell type 2
3539,1.020115499469729,-0.8879931249516994,4,Sample 2,Cell type 2
3540,-1.1350500283292742,0.11301880812438803,0,Sample 1,Cell type 1
3541,-0.8501930126082495,0.4432061376073342,0,Sample 1,Cell type 1
3542,0.8562724273188305,-0.9607796228288457,0,Sample 1,Cell type 1
3543,-0.07375992640692075,0.4253377341717387,0,Sample 1,Cell type 1
3544,-2.704253200258407,0.19196433663564472,1,Sample 2,Cell type 1
3545,1.743807799772886,-0.6704808907365498,5,Sample 3,Cell type 2
3546,2.720804922147428,1.0476541373273438,3,Sample 1,Cell type 2
3547,-0.5547649116024708,0.34509152826327977,2,Sample 3,Cell type 1
3548,-0.4297050777033471,-0.6283797071499447,2,Sample 3,Cell type 1
3549,0.6370409872801552,0.07607428540589209,3,Sample 1,Cell type 2
3550,0.3960866389037917,-0.9862552467035621,5,Sample 3,Cell type 2
3551,1.571720982943561,-0.92361813777261,5,Sample 3,Cell type 2
3552,0.26259256653888385,1.042624796825995,5,Sample 3,Cell type 2
3553,-0.775622263922444,0.9405796266762781,1,Sample 2,Cell type 1
3554,0.24906374893439065,-0.21112112665726884,4,Sample 2,Cell type 2
3555,0.9216237464711651,1.6918870944789073,3,Sample 1,Cell type 2
3556,-1.9287696554624616,-0.3962332839477604,2,Sample 3,Cell type 1
3557,0.7018846220094445,0.2513160910988998,5,Sample 3,Cell type 2
3558,0.2859719370322107,-1.3267189188378952,1,Sample 2,Cell type 1
3559,-1.963803248255001,0.43422517371886676,0,Sample 1,Cell type 1
3560,-1.6877681079740618,0.7885565385237678,2,Sample 3,Cell type 1
3561,0.7922333765752141,0.3536221594933947,2,Sample 3,Cell type 1
3562,1.5899989224596074,1.6251019903046386,5,Sample 3,Cell type 2
3563,0.7581899102275389,0.31290618802049947,5,Sample 3,Cell type 2
3564,1.0400969490140362,-1.2295026728403164,4,Sample 2,Cell type 2
3565,-1.6120222494206418,0.2090283274449032,0,Sample 1,Cell type 1
3566,-0.330713402013844,-0.1843889974782455,2,Sample 3,Cell type 1
3567,-0.027747637245180368,0.05391473111679455,4,Sample 2,Cell type 2
3568,-3.001216751143477,-0.46626211752755115,2,Sample 3,Cell type 1
3569,0.968892184140577,0.8151458404476288,4,Sample 2,Cell type 2
3570,-1.1633041623227651,-0.09570330227818347,1,Sample 2,Cell type 1
3571,-2.889420637977123,0.6149007133099272,2,Sample 3,Cell type 1
3572,1.9086273711020745,-1.363116158152701,5,Sample 3,Cell type 2
3573,0.547152832858279,-0.9122452581190219,5,Sample 3,Cell type 2
3574,0.9068834891377688,-0.44061358232760445,4,Sample 2,Cell type 2
3575,0.43848962687692983,0.6601930321552792,2,Sample 3,Cell type 1
3576,1.4594818406061127,0.18156478931643952,4,Sample 2,Cell type 2
3577,-1.074443521506844,0.21878255489462892,2,Sample 3,Cell type 1
3578,-0.7814061881647525,-1.8738888328700887,1,Sample 2,Cell type 1
3579,2.7852702871924175,0.010692391066012746,3,Sample 1,Cell type 2
3580,1.012078436849614,-0.011954780063117572,5,Sample 3,Cell type 2
3581,1.779107186050633,0.9731852619916828,5,Sample 3,Cell type 2
3582,2.7853337219308765,0.6814591389918203,4,Sample 2,Cell type 2
3583,0.3810338916150635,1.0101367968328436,2,Sample 3,Cell type 1
3584,1.2230616537116423,-0.9632884937866537,5,Sample 3,Cell type 2
3585,-0.5884081470219111,1.8883993270920723,2,Sample 3,Cell type 1
3586,0.43188297738336945,0.5395056176895335,3,Sample 1,Cell type 2
3587,0.8193833034622032,-0.3642262711769937,4,Sample 2,Cell type 2
3588,-2.773093435940652,0.8033376044693783,1,Sample 2,Cell type 1
3589,1.475232404093168,-0.6915919652131436,5,Sample 3,Cell type 2
3590,0.06864744640827602,2.3306072778167524,0,Sample 1,Cell type 1
3591,0.6817127006066039,0.20459331614087128,5,Sample 3,Cell type 2
3592,-0.3615827369902145,0.017512429966994807,2,Sample 3,Cell type 1
3593,-0.18806946896357157,-0.2148773418570909,3,Sample 1,Cell type 2
3594,-0.6468256295391097,-0.4580672631367489,1,Sample 2,Cell type 1
3595,-0.3332580891218867,-0.4618922098244267,1,Sample 2,Cell type 1
3596,0.12836471773429392,-1.2435922697109336,5,Sample 3,Cell type 2
3597,0.22459273625478593,-1.1779383592072008,1,Sample 2,Cell type 1
3598,-0.5670916914369581,0.20149562185121825,0,Sample 1,Cell type 1
3599,-1.402589706092876,1.1529147255616017,0,Sample 1,Cell type 1
3600,-2.142397446892029,1.532263192316645,1,Sample 2,Cell type 1
3601,-1.8560659333491605,-0.307639638221522,2,Sample 3,Cell type 1
3602,0.28047332248994605,0.8335938620174331,1,Sample 2,Cell type 1
3603,1.1884139716012199,-0.04053970620983156,4,Sample 2,Cell type 2
3604,-1.9361743478343083,1.7506755668492398,2,Sample 3,Cell type 1
3605,0.8120485227739607,0.12288179797446369,0,Sample 1,Cell type 1
3606,2.274770612530263,0.6959159879991833,3,Sample 1,Cell type 2
3607,-0.4214926688458389,-0.736102657924655,3,Sample 1,Cell type 2
3608,1.1867399180669636,0.4011101163737315,4,Sample 2,Cell type 2
3609,1.499858974586566,0.9749355986648736,5,Sample 3,Cell type 2
3610,-0.48514830245727036,-0.05597191529937991,1,Sample 2,Cell type 1
3611,-1.2380633571795496,-1.8034761279660783,1,Sample 2,Cell type 1
3612,-1.512849635414883,0.2965578620157082,1,Sample 2,Cell type 1
3613,-1.5956078182915492,0.7671900013166015,0,Sample 1,Cell type 1
3614,-1.0917952449723387,-0.7581893671136938,2,Sample 3,Cell type 1
3615,0.8348137101851809,-0.10345583834265834,4,Sample 2,Cell type 2
3616,0.7102415818798682,0.9207508997270154,2,Sample 3,Cell type 1
3617,2.196580819573472,-0.5304810703382019,5,Sample 3,Cell type 2
3618,1.6135690679336276,0.8662525972200915,3,Sample 1,Cell type 2
3619,2.1100654687174023,-0.006920096149232527,3,Sample 1,Cell type 2
3620,-0.7339379601276144,-1.364978294478712,1,Sample 2,Cell type 1
3621,-0.7541934091357202,-0.8983910326602648,2,Sample 3,Cell type 1
3622,1.9806665706182451,-0.3233567738757749,5,Sample 3,Cell type 2
3623,-0.741467705516424,-0.1344253460846771,3,Sample 1,Cell type 2
3624,0.6016696365032594,0.0069551038581161795,3,Sample 1,Cell type 2
3625,0.6474964514463708,-1.6942686763207175,5,Sample 3,Cell type 2
3626,2.240176900532872,1.9338356645433463,5,Sample 3,Cell type 2
3627,-0.677489940031597,-1.076902135755018,2,Sample 3,Cell type 1
3628,-0.6992412244795922,-0.13973314394227387,1,Sample 2,Cell type 1
3629,-1.8169805621322284,1.367355531277592,1,Sample 2,Cell type 1
3630,-0.1088503849366399,-0.19541796745158224,2,Sample 3,Cell type 1
3631,0.11284026991527296,-0.6964025210015921,5,Sample 3,Cell type 2
3632,0.628375714759799,-0.19624130585313646,1,Sample 2,Cell type 1
3633,-1.6945667331371042,-0.4481656621360578,2,Sample 3,Cell type 1
3634,-1.552228844826515,0.17661684660004842,2,Sample 3,Cell type 1
3635,1.5195361304808275,-1.3058216357346113,5,Sample 3,Cell type 2
3636,0.27123807934916966,-1.1261051238399082,5,Sample 3,Cell type 2
3637,-1.0978841336111718,0.3615405498890473,0,Sample 1,Cell type 1
3638,1.9767000372954684,0.03469965190588594,3,Sample 1,Cell type 2
3639,-2.6480303905045153,-1.1055994481391864,1,Sample 2,Cell type 1
3640,0.5373200760688919,0.8078901944847693,4,Sample 2,Cell type 2
3641,1.283970646828228,-0.04307303488748158,5,Sample 3,Cell type 2
3642,0.6404810585744324,0.11626872599853942,3,Sample 1,Cell type 2
3643,-1.0744126172584294,-0.10957275754495518,0,Sample 1,Cell type 1
3644,-1.5100345972495477,-0.5398392545253553,2,Sample 3,Cell type 1
3645,-1.4050115721962324,1.1314342951763157,1,Sample 2,Cell type 1
3646,-1.340883852942784,1.874394289898818,2,Sample 3,Cell type 1
3647,-1.5132826610078194,-1.0611973929265635,2,Sample 3,Cell type 1
3648,0.6265753496917055,1.3517576686697361,4,Sample 2,Cell type 2
3649,0.9245952100998418,2.0286342980290075,4,Sample 2,Cell type 2
3650,0.1883726088054507,-0.7869920835059263,2,Sample 3,Cell type 1
3651,-1.5224711048242505,0.5297205639785486,0,Sample 1,Cell type 1
3652,0.8314954106438077,0.929391764959811,4,Sample 2,Cell type 2
3653,0.12220254398124752,-0.055803608429428574,1,Sample 2,Cell type 1
3654,-0.10152019166683568,-0.38845828144624356,0,Sample 1,Cell type 1
3655,-1.1254574805969106,0.6656878365522043,1,Sample 2,Cell type 1
3656,-1.2030907426410264,1.2501219266664856,2,Sample 3,Cell type 1
3657,2.2650828377571672,0.18066468668255053,5,Sample 3,Cell type 2
3658,-1.6230252963393066,-1.7720308281744748,1,Sample 2,Cell type 1
3659,0.8675744456673038,-0.5909616637197342,3,Sample 1,Cell type 2
3660,0.2575353820678832,-1.0807370998515364,5,Sample 3,Cell type 2
3661,-1.040961020771118,-0.38181270005823914,1,Sample 2,Cell type 1
3662,1.105829766898482,0.13626665646481687,3,Sample 1,Cell type 2
3663,2.5563707794402806,-1.3419719312503262,5,Sample 3,Cell type 2
3664,-1.982530788525383,-0.3483897322269609,1,Sample 2,Cell type 1
3665,0.4049765990281249,-0.1805140625901917,5,Sample 3,Cell type 2
3666,0.8941105615580524,0.013524975258387308,3,Sample 1,Cell type 2
3667,1.5474404497097702,1.2113415070544837,3,Sample 1,Cell type 2
3668,1.4690942120698525,-1.8758984592085204,5,Sample 3,Cell type 2
3669,0.30427326135756727,-0.7836549944793673,3,Sample 1,Cell type 2
3670,-0.532588137182945,1.3794650217023199,0,Sample 1,Cell type 1
3671,0.025599982422922274,-0.34862576809753015,2,Sample 3,Cell type 1
3672,0.13658053541668935,-1.0637959697080421,5,Sample 3,Cell type 2
3673,-1.5468119126016004,1.4113641865745936,2,Sample 3,Cell type 1
3674,0.3894988335980559,-0.5527291781224662,4,Sample 2,Cell type 2
3675,2.342506472921627,0.6523464361372486,4,Sample 2,Cell type 2
3676,-0.22820869331048743,-0.047226470456744496,5,Sample 3,Cell type 2
3677,0.04316665846030787,-0.30262926481296476,1,Sample 2,Cell type 1
3678,1.868794000445014,0.633902588868671,3,Sample 1,Cell type 2
3679,1.5264581437777998,0.05103598395533895,5,Sample 3,Cell type 2
3680,0.6792155915274292,-1.3726668929959782,5,Sample 3,Cell type 2
3681,-1.1104380402361518,0.08403513684898611,1,Sample 2,Cell type 1
3682,-0.780579357605921,-0.5076707676630555,0,Sample 1,Cell type 1
3683,-0.27963142729508594,0.6788621968322168,0,Sample 1,Cell type 1
3684,-0.3207400317389717,0.1794815873880904,2,Sample 3,Cell type 1
3685,-1.0404037271102833,0.16425092753929207,1,Sample 2,Cell type 1
3686,-2.2112838311258933,-0.7373320737493481,1,Sample 2,Cell type 1
3687,1.777823546228773,-2.4367894698430597,3,Sample 1,Cell type 2
3688,-0.6467136336872747,0.5543703054421544,3,Sample 1,Cell type 2
3689,-1.5299801440648264,-0.7535361879447303,1,Sample 2,Cell type 1
3690,0.2463348472160578,-1.8962002031634728,3,Sample 1,Cell type 2
3691,-0.006134847233065788,1.3852774801574168,3,Sample 1,Cell type 2
3692,-1.5331545318149824,-0.7775916927118345,0,Sample 1,Cell type 1
3693,-0.6756459444837278,0.4538590680458452,2,Sample 3,Cell type 1
3694,0.23127141543974106,0.11331124955546311,2,Sample 3,Cell type 1
3695,-0.03845859967538523,0.5437088006296662,1,Sample 2,Cell type 1
3696,0.16988380384427382,-0.7374481474489116,4,Sample 2,Cell type 2
3697,1.018109016622774,0.8025305229626176,4,Sample 2,Cell type 2
3698,1.0693707502433443,0.9501248239948348,5,Sample 3,Cell type 2
3699,0.3893547425615004,-0.2749495167482876,5,Sample 3,Cell type 2
3700,-1.2294794956787698,1.3535936897244198,0,Sample 1,Cell type 1
3701,0.31457092146740206,-0.275412558921668,3,Sample 1,Cell type 2
3702,-0.992094710591667,-0.21391498526488587,2,Sample 3,Cell type 1
3703,-0.5942802962994596,-1.1068948037578865,5,Sample 3,Cell type 2
3704,-1.6004701762997549,-0.659672009211383,2,Sample 3,Cell type 1
3705,-0.9704827041295722,-0.6826458012300626,1,Sample 2,Cell type 1
3706,2.2815584609870503,1.2723926834621329,4,Sample 2,Cell type 2
3707,-1.8984760977619495,0.4669137157065491,2,Sample 3,Cell type 1
3708,-1.1154102673619248,1.505581381708677,3,Sample 1,Cell type 2
3709,3.4433352455376895,1.351691220416687,5,Sample 3,Cell type 2
3710,-1.0200702553462477,-0.619996988317865,2,Sample 3,Cell type 1
3711,0.9969022101033205,-0.14314068936004617,1,Sample 2,Cell type 1
3712,-0.30861350503143636,0.19385685491065915,1,Sample 2,Cell type 1
3713,1.1416119109057699,0.8788559301568482,4,Sample 2,Cell type 2
3714,0.2625148798424892,-1.2616659565130528,0,Sample 1,Cell type 1
3715,1.377020450235508,-2.730590425930742,5,Sample 3,Cell type 2
3716,1.9523530844416914,0.4234588626407011,3,Sample 1,Cell type 2
3717,-1.014949308093318,-0.09523688174792809,2,Sample 3,Cell type 1
3718,-0.206439777229793,-0.2878436500998806,3,Sample 1,Cell type 2
3719,-0.006671135790469185,0.5785699445666529,4,Sample 2,Cell type 2
3720,0.09637524057883051,0.9516314748404026,1,Sample 2,Cell type 1
3721,0.9850884311597319,0.6149920603644827,3,Sample 1,Cell type 2
3722,1.0136109354260983,0.30269067238915276,5,Sample 3,Cell type 2
3723,-0.37325129728895623,0.8597746877134597,0,Sample 1,Cell type 1
3724,-1.8455169177873842,1.0073204258076864,2,Sample 3,Cell type 1
3725,-0.9459226048463527,0.34948080488110467,1,Sample 2,Cell type 1
3726,-1.8833577859431558,0.4158931268369437,0,Sample 1,Cell type 1
3727,2.9220280570696295,0.2538307972884083,3,Sample 1,Cell type 2
3728,0.745983467269094,0.9456968614249021,4,Sample 2,Cell type 2
3729,-0.1761380940681333,0.295875998693716,0,Sample 1,Cell type 1
3730,-1.6339093214884834,-1.2676151667272038,0,Sample 1,Cell type 1
3731,-1.1959130829044984,0.9888991667884711,0,Sample 1,Cell type 1
3732,0.8508892083465873,-1.017799591793324,1,Sample 2,Cell type 1
3733,0.8428168488865349,1.2241513177452117,3,Sample 1,Cell type 2
3734,0.2382415248000811,1.5696928660193807,5,Sample 3,Cell type 2
3735,-0.5997035729515647,-0.7430883145219279,1,Sample 2,Cell type 1
3736,-0.5458763669703488,0.5638845270032482,2,Sample 3,Cell type 1
3737,-1.9232812953725287,0.05609821465721067,2,Sample 3,Cell type 1
3738,-1.1151258323326898,-0.8599863965403832,0,Sample 1,Cell type 1
3739,-1.6922281148085685,-0.8459127909979782,1,Sample 2,Cell type 1
3740,0.5204473580980684,-0.7373398177704349,5,Sample 3,Cell type 2
3741,-0.3645289775663816,-0.21841314913083001,1,Sample 2,Cell type 1
3742,1.0821832557502147,-0.34241031374971603,3,Sample 1,Cell type 2
3743,-2.1447271010014504,0.19025691072359302,2,Sample 3,Cell type 1
3744,-0.23641220601524382,-2.022200400586145,1,Sample 2,Cell type 1
3745,-0.8086833724310066,0.924287636987759,1,Sample 2,Cell type 1
3746,1.6420921120950003,-0.965995229000606,2,Sample 3,Cell type 1
3747,1.2445152260500276,1.4317161679541275,4,Sample 2,Cell type 2
3748,-1.6982873408498356,0.07106764110127607,2,Sample 3,Cell type 1
3749,1.5066195942565765,-0.09670039361482446,5,Sample 3,Cell type 2
3750,-0.29888071440721475,0.5743682989637161,4,Sample 2,Cell type 2
3751,-0.6483736711646703,-1.1938249154799747,1,Sample 2,Cell type 1
3752,-0.017820891465157862,0.5482243088164593,0,Sample 1,Cell type 1
3753,1.8497933562266329,0.1756458424276362,5,Sample 3,Cell type 2
3754,-0.340757107498178,0.2598512965425209,1,Sample 2,Cell type 1
3755,0.4666779180015188,-0.3354080255567771,2,Sample 3,Cell type 1
3756,0.5684275048313944,1.466386665697451,5,Sample 3,Cell type 2
3757,0.1307559061936323,0.21304540892375384,5,Sample 3,Cell type 2
3758,1.1110862635332839,-1.3123918024368755,4,Sample 2,Cell type 2
3759,0.6288219371350837,-1.3094029487603795,5,Sample 3,Cell type 2
3760,1.3110583101863014,-0.05587982839285867,5,Sample 3,Cell type 2
3761,2.292013893847261,-1.6455652927577666,3,Sample 1,Cell type 2
3762,1.4568506406489228,0.9903536030508563,5,Sample 3,Cell type 2
3763,-2.0797527385811923,0.62902771657271,2,Sample 3,Cell type 1
3764,-1.9403282746189303,-1.7697209304384016,0,Sample 1,Cell type 1
3765,-1.4946014223177222,0.7736290982818218,1,Sample 2,Cell type 1
3766,-0.5912510472569574,0.017591260318363583,4,Sample 2,Cell type 2
3767,-1.2678071530239927,1.2381361319804576,0,Sample 1,Cell type 1
3768,0.16613807069822673,-0.4801892632407736,5,Sample 3,Cell type 2
3769,1.873439613652042,-1.1324381664305592,4,Sample 2,Cell type 2
3770,-0.8583787499152775,1.0996242164790313,4,Sample 2,Cell type 2
3771,0.6106262352998246,1.9671575550503169,4,Sample 2,Cell type 2
3772,-2.4241851766212763,0.7351533102878831,2,Sample 3,Cell type 1
3773,-0.30236005536869515,0.4977360772671226,1,Sample 2,Cell type 1
3774,-1.4394464582063902,0.5699941434641146,2,Sample 3,Cell type 1
3775,1.7116833810092764,-0.019827065265246416,4,Sample 2,Cell type 2
3776,-0.41897105904322596,0.017443113928222693,2,Sample 3,Cell type 1
3777,0.610928932771413,0.2085578478273533,4,Sample 2,Cell type 2
3778,-1.4897026019027733,-0.1465136154650648,1,Sample 2,Cell type 1
3779,0.633685697373906,1.66570302819216,5,Sample 3,Cell type 2
3780,1.9547200646253529,0.809605239064477,5,Sample 3,Cell type 2
3781,1.2452661912066338,0.9273949070731122,5,Sample 3,Cell type 2
3782,1.9676993870637243,0.9425487677035164,3,Sample 1,Cell type 2
3783,0.8673937960406444,0.8675328807500139,3,Sample 1,Cell type 2
3784,3.3740935770341802,0.2716860426489106,3,Sample 1,Cell type 2
3785,-1.530903085980047,0.6288199321653392,2,Sample 3,Cell type 1
3786,-0.4066788984108354,0.8438131238639026,1,Sample 2,Cell type 1
3787,-0.563917578420809,0.07680955996845894,5,Sample 3,Cell type 2
3788,1.1274362080658946,0.4277327442455804,3,Sample 1,Cell type 2
3789,2.2175204814070524,-0.41991666408249895,3,Sample 1,Cell type 2
3790,1.59694604313803,2.342231887386882,5,Sample 3,Cell type 2
3791,-1.044007465126695,-1.2646708621232177,1,Sample 2,Cell type 1
3792,-0.7018629117367925,0.8779906144101233,0,Sample 1,Cell type 1
3793,0.6930163610725526,0.9197668395540032,4,Sample 2,Cell type 2
3794,1.548892042471377,-0.035933817036027396,3,Sample 1,Cell type 2
3795,-0.37887040745999867,-0.3610984246972526,0,Sample 1,Cell type 1
3796,0.5987842175558646,-0.4533501031465083,4,Sample 2,Cell type 2
3797,1.6708246516700882,0.08417114679474873,3,Sample 1,Cell type 2
3798,-0.10431266955968233,-0.6119153070721484,4,Sample 2,Cell type 2
3799,0.9656788880578236,-0.18948144631769276,5,Sample 3,Cell type 2
3800,1.6907314100987176,-0.0015427383021575614,3,Sample 1,Cell type 2
3801,-0.6327524378469198,0.4957178150462969,1,Sample 2,Cell type 1
3802,1.1111762816569837,-0.1950586102408155,5,Sample 3,Cell type 2
3803,-1.1611839565145408,0.3562378029863308,1,Sample 2,Cell type 1
3804,1.7474483205873568,-0.8152174920340328,4,Sample 2,Cell type 2
3805,-0.4124506358372153,-0.5731941500450618,4,Sample 2,Cell type 2
3806,0.9670779641108388,-1.5640241542618496,3,Sample 1,Cell type 2
3807,-1.7987429600218903,-0.39371247029106937,0,Sample 1,Cell type 1
3808,0.7871163549683183,-1.1803942241088135,4,Sample 2,Cell type 2
3809,0.8795985647308843,-0.7743946212601498,5,Sample 3,Cell type 2
3810,-0.170378648220473,0.4344190984882914,1,Sample 2,Cell type 1
3811,-3.1458761099071713,0.6706357778563357,2,Sample 3,Cell type 1
3812,-1.5446406120453977,0.819376649717013,2,Sample 3,Cell type 1
3813,1.0534866528849585,-0.555877509240327,1,Sample 2,Cell type 1
3814,0.2915433370117033,0.18302351399889097,3,Sample 1,Cell type 2
3815,-1.3335244861607045,-1.2132424007461504,1,Sample 2,Cell type 1
3816,-2.593961697779282,0.42438814237638517,1,Sample 2,Cell type 1
3817,-0.4870184096181407,0.870260980810335,4,Sample 2,Cell type 2
3818,-2.531712007016502,-0.5052041967979853,2,Sample 3,Cell type 1
3819,-0.13745276214216184,0.04649487916597182,1,Sample 2,Cell type 1
3820,-2.781369829338209,0.6731192305057805,0,Sample 1,Cell type 1
3821,-1.1754174523174128,1.0203930871803581,0,Sample 1,Cell type 1
3822,1.2178636032591705,-0.7658775726134084,4,Sample 2,Cell type 2
3823,-0.13572568334667667,0.41623526166016867,1,Sample 2,Cell type 1
3824,-1.4388456016652442,-0.3893023690376588,0,Sample 1,Cell type 1
3825,-0.5422524640899022,-0.3872783879591782,2,Sample 3,Cell type 1
3826,-2.0358942196800722,0.33812821651110475,0,Sample 1,Cell type 1
3827,-1.7359141569446204,-1.0204473211257188,2,Sample 3,Cell type 1
3828,-1.5511936371763941,0.32535317268549147,0,Sample 1,Cell type 1
3829,-0.4190642369730321,1.9469292509749143,0,Sample 1,Cell type 1
3830,-0.5577134925518201,0.5127843214787823,1,Sample 2,Cell type 1
3831,-1.6092298002753629,0.5505086599567811,0,Sample 1,Cell type 1
3832,2.404229976577838,-1.756442621594598,3,Sample 1,Cell type 2
3833,-2.4893986926054668,-0.8640416657515174,1,Sample 2,Cell type 1
3834,1.198567723876447,-0.31687897270849286,3,Sample 1,Cell type 2
3835,-0.8091949891094568,-1.1915559757976064,4,Sample 2,Cell type 2
3836,-2.0585560028993024,0.43880426737804673,1,Sample 2,Cell type 1
3837,-0.2425869530991256,0.37086402335942154,5,Sample 3,Cell type 2
3838,-0.20485133552201606,-0.7971013656057744,5,Sample 3,Cell type 2
3839,0.00967207060742381,2.0880366498155336,1,Sample 2,Cell type 1
3840,-2.204745219750924,0.62362676072845,1,Sample 2,Cell type 1
3841,1.1487160450584326,0.011269677896807705,3,Sample 1,Cell type 2
3842,0.2823056946369109,0.967076811206938,4,Sample 2,Cell type 2
3843,-1.985743466958524,-2.8590334318764006,2,Sample 3,Cell type 1
3844,-0.4304963205043436,2.0436235720239564,0,Sample 1,Cell type 1
3845,-0.7028302152371031,-0.05592245982237767,5,Sample 3,Cell type 2
3846,-0.6147726798944928,0.9748306913946609,3,Sample 1,Cell type 2
3847,2.2999090707819505,-1.5051640732311173,5,Sample 3,Cell type 2
3848,-0.9686008476195322,-1.2379598006118684,2,Sample 3,Cell type 1
3849,1.4693044591535762,1.2032721662003643,3,Sample 1,Cell type 2
3850,0.3647546497282157,0.5419064883532352,1,Sample 2,Cell type 1
3851,-1.5359814416654733,0.8104797695984325,2,Sample 3,Cell type 1
3852,-0.19634151690210766,1.6466581815444785,1,Sample 2,Cell type 1
3853,-0.3298511662275003,0.23184077165831646,3,Sample 1,Cell type 2
3854,-1.9062346248506299,0.04304278780621465,2,Sample 3,Cell type 1
3855,1.129828170053836,0.2977054258844124,4,Sample 2,Cell type 2
3856,-1.2068196675176743,-0.7662657908342823,1,Sample 2,Cell type 1
3857,-2.1524100139022204,0.1705318390989726,1,Sample 2,Cell type 1
3858,-0.5880044204633028,1.5070431900127836,1,Sample 2,Cell type 1
3859,2.1500709895274626,0.5134385977772161,4,Sample 2,Cell type 2
3860,1.3288548177326267,-0.03524590389848349,3,Sample 1,Cell type 2
3861,1.2497642729937013,0.28816906942968573,4,Sample 2,Cell type 2
3862,2.700354208825227,0.01023291791864475,5,Sample 3,Cell type 2
3863,-0.0854201342673071,-0.7973736605079993,3,Sample 1,Cell type 2
3864,-1.2073606427851906,-0.831809829841474,1,Sample 2,Cell type 1
3865,0.4238609888488494,1.3353695191833361,3,Sample 1,Cell type 2
3866,0.5112802482527892,-0.627247314124287,5,Sample 3,Cell type 2
3867,0.5507749436766709,1.0774512245230683,3,Sample 1,Cell type 2
3868,-0.08063614649632245,0.8270233691924964,2,Sample 3,Cell type 1
3869,-0.023329594832738776,-0.7396333455792113,3,Sample 1,Cell type 2
3870,-0.6796213413646306,-0.6842559947594343,5,Sample 3,Cell type 2
3871,-0.7929363167277381,0.44796878018225483,1,Sample 2,Cell type 1
3872,0.25675050408575717,1.661756328539323,3,Sample 1,Cell type 2
3873,2.0540071582638135,0.09677250038771894,5,Sample 3,Cell type 2
3874,3.6487435017417593,0.6520419543435548,3,Sample 1,Cell type 2
3875,-0.7811788103753599,-0.42318300490678024,2,Sample 3,Cell type 1
3876,-0.6167015144262677,0.017232999674176852,1,Sample 2,Cell type 1
3877,1.2287149183642918,0.6273458809557539,4,Sample 2,Cell type 2
3878,1.5326210720305142,1.1333553402925516,5,Sample 3,Cell type 2
3879,-1.800316745405492,0.8597705024139776,1,Sample 2,Cell type 1
3880,1.092380975685698,-0.26801654060156416,3,Sample 1,Cell type 2
3881,0.5075273900057581,-1.1262205640153582,4,Sample 2,Cell type 2
3882,0.22470091348214216,0.08774004512132716,5,Sample 3,Cell type 2
3883,-0.32743575538906433,0.5493332388901184,0,Sample 1,Cell type 1
3884,0.7507995798080768,-0.6045487103322696,3,Sample 1,Cell type 2
3885,-0.28614188060319035,-0.10985141890914954,1,Sample 2,Cell type 1
3886,-1.1156916639267611,-0.5865076099407741,2,Sample 3,Cell type 1
3887,-0.5155335288553303,0.965256603578822,0,Sample 1,Cell type 1
3888,1.6191118746031585,-0.3124453341766048,5,Sample 3,Cell type 2
3889,-1.0503284036699918,0.30416177540890643,2,Sample 3,Cell type 1
3890,0.10841133025068528,-0.2580495253380566,5,Sample 3,Cell type 2
3891,1.1051471567549653,-1.1570319006804248,3,Sample 1,Cell type 2
3892,0.00884215914415476,0.6589361034492619,4,Sample 2,Cell type 2
3893,1.4205269936645109,-0.4898665316828627,4,Sample 2,Cell type 2
3894,-0.5408582779763349,1.1453131466357125,2,Sample 3,Cell type 1
3895,0.06175268752463925,0.17469686785802194,1,Sample 2,Cell type 1
3896,-0.22810633911818257,-0.1439446769670844,0,Sample 1,Cell type 1
3897,1.8240884238325097,1.067774031465848,5,Sample 3,Cell type 2
3898,1.7865907759061943,0.07059532147530308,3,Sample 1,Cell type 2
3899,-0.20713375451306404,0.4846528409751391,5,Sample 3,Cell type 2
3900,1.4803257232055738,1.343657360478445,4,Sample 2,Cell type 2
3901,1.636711939777943,0.6992385231193459,3,Sample 1,Cell type 2
3902,0.07628173984909348,1.4304971552055286,4,Sample 2,Cell type 2
3903,-1.328457456588597,-0.7552887006051058,0,Sample 1,Cell type 1
3904,-1.0359049453765408,-1.2638156096354298,2,Sample 3,Cell type 1
3905,1.4777214253054567,-0.9658712466603444,4,Sample 2,Cell type 2
3906,-0.744624078704649,-0.8890860068106743,1,Sample 2,Cell type 1
3907,-2.7184204787565633,1.1864720923674024,1,Sample 2,Cell type 1
3908,1.81446583734478,-0.20322607416843766,3,Sample 1,Cell type 2
3909,-1.1190346304269418,0.01642721477050165,4,Sample 2,Cell type 2
3910,-1.155521563656818,0.6947281393530076,1,Sample 2,Cell type 1
3911,-2.600848224013851,1.3464398803402648,0,Sample 1,Cell type 1
3912,0.42299951126250734,1.492982725009797,5,Sample 3,Cell type 2
3913,1.0613861043425528,0.7361928893316031,5,Sample 3,Cell type 2
3914,1.5798794500973803,0.1318280504879864,4,Sample 2,Cell type 2
3915,-0.9226962943360026,-1.9973703354727816,1,Sample 2,Cell type 1
3916,0.3102826516614856,-0.07090956007226992,4,Sample 2,Cell type 2
3917,2.3276011278788697,-0.17408486572308504,3,Sample 1,Cell type 2
3918,0.6616147785833204,-0.5049802178828976,4,Sample 2,Cell type 2
3919,-1.0827611043438392,0.014422754065644383,2,Sample 3,Cell type 1
3920,0.08858299296835648,-1.5839629939343252,4,Sample 2,Cell type 2
3921,-0.1218579600976748,0.0006799567091359932,2,Sample 3,Cell type 1
3922,0.8968965152747324,0.07568494942517685,3,Sample 1,Cell type 2
3923,0.2334825295970422,0.6256826100755994,1,Sample 2,Cell type 1
3924,-1.6318477844896173,-0.2948959319379914,0,Sample 1,Cell type 1
3925,-0.828010838782087,0.04179289334053393,0,Sample 1,Cell type 1
3926,-0.8292644491506439,-0.5957839600169482,1,Sample 2,Cell type 1
3927,-1.8459710462350598,0.4289859367205017,2,Sample 3,Cell type 1
3928,-0.4041537426169497,1.905591729933858,5,Sample 3,Cell type 2
3929,-0.21598776691147692,-0.293421178951057,0,Sample 1,Cell type 1
3930,0.6071366230610108,0.9645123365015308,4,Sample 2,Cell type 2
3931,1.1180073922076321,0.7963583245210426,4,Sample 2,Cell type 2
3932,-1.0693915384726937,0.3070367773349795,0,Sample 1,Cell type 1
3933,-1.9150148157188476,-0.21967242630678116,1,Sample 2,Cell type 1
3934,-0.9141902205028226,-0.2371033944740242,1,Sample 2,Cell type 1
3935,2.443479460541079,0.6114432357107156,5,Sample 3,Cell type 2
3936,-0.9693248785666966,-0.6929759079527776,0,Sample 1,Cell type 1
3937,0.8051291222174437,-0.8453173866138062,3,Sample 1,Cell type 2
3938,-1.4588260238717943,0.030996910535257216,1,Sample 2,Cell type 1
3939,-0.5564044253333171,0.7502428843536135,2,Sample 3,Cell type 1
3940,0.012570517206582754,-0.5604045898971446,5,Sample 3,Cell type 2
3941,2.126752709061842,0.8242414034378438,4,Sample 2,Cell type 2
3942,-0.13250879488458123,1.9894707014322162,0,Sample 1,Cell type 1
3943,-0.937178123508983,-0.3467822371755842,0,Sample 1,Cell type 1
3944,-1.7557496579626983,-0.5394533808996199,0,Sample 1,Cell type 1
3945,0.7528206255703322,-0.41149668538727635,3,Sample 1,Cell type 2
3946,1.6218198616529735,-0.40032615435344127,3,Sample 1,Cell type 2
3947,2.1699886350359208,0.8642746512780012,3,Sample 1,Cell type 2
3948,1.9266439252777237,1.784223405152035,4,Sample 2,Cell type 2
3949,-0.7229508647375036,1.8614034373552415,2,Sample 3,Cell type 1
3950,-1.6403159746753344,-0.3460111910793825,2,Sample 3,Cell type 1
3951,-0.020754030750011587,0.9262623925151704,3,Sample 1,Cell type 2
3952,0.13913705677823063,-0.7795573633930508,0,Sample 1,Cell type 1
3953,-1.5273349059859798,0.2961961008391166,1,Sample 2,Cell type 1
3954,-2.158447211725825,-1.2574063666016921,1,Sample 2,Cell type 1
3955,-1.591635298595252,-0.04406852777260523,2,Sample 3,Cell type 1
3956,-0.07476798627065984,-0.9113799972987806,3,Sample 1,Cell type 2
3957,0.44347148196028296,-0.7154042823015214,4,Sample 2,Cell type 2
3958,-2.530160226456508,0.2554092250542721,4,Sample 2,Cell type 2
3959,0.7996825654976323,-1.5137719055868697,5,Sample 3,Cell type 2
3960,-0.21810474946830605,-1.0677027843988691,2,Sample 3,Cell type 1
3961,0.16396616578534262,-0.4537158062864973,3,Sample 1,Cell type 2
3962,-1.8106042442612322,-0.8677800642809202,2,Sample 3,Cell type 1
3963,2.0785317124361136,0.012902779958184021,5,Sample 3,Cell type 2
3964,0.8453705825775935,-0.13196859663924207,5,Sample 3,Cell type 2
3965,0.4144090407974246,-0.29398280686975037,3,Sample 1,Cell type 2
3966,0.513661294911651,-0.7213355296479061,4,Sample 2,Cell type 2
3967,-0.11942009917476837,0.46992829134054226,1,Sample 2,Cell type 1
3968,1.226975368810858,-1.7732777232162609,4,Sample 2,Cell type 2
3969,0.0969049868504468,-0.29821706917906426,3,Sample 1,Cell type 2
3970,1.835281549891973,-1.5934330239984702,3,Sample 1,Cell type 2
3971,0.4889729420343051,0.46128926555946165,5,Sample 3,Cell type 2
3972,0.3722122517723968,-1.4569403147877964,5,Sample 3,Cell type 2
3973,0.7650921482449178,0.008483724507395915,5,Sample 3,Cell type 2
3974,-1.8754880650840007,0.36595983080040667,2,Sample 3,Cell type 1
3975,0.2677018823762025,-0.6926997681102497,5,Sample 3,Cell type 2
3976,-1.765551927656753,-0.48690617920460944,2,Sample 3,Cell type 1
3977,-2.370123267596102,1.0014195374909327,1,Sample 2,Cell type 1
3978,-1.3350871476441306,0.39358186833506464,1,Sample 2,Cell type 1
3979,-1.0338712321823635,0.9929716938148694,0,Sample 1,Cell type 1
3980,-0.3219925410059207,0.3430425463945,0,Sample 1,Cell type 1
3981,0.6459058933529046,-1.7182777130795186,3,Sample 1,Cell type 2
3982,0.5961738856424642,0.210833338011089,3,Sample 1,Cell type 2
3983,0.5856469006090104,-0.025172473038284064,5,Sample 3,Cell type 2
3984,-1.3781681353862716,-0.2536061479744565,0,Sample 1,Cell type 1
3985,-2.4560205524338032,0.34270026422854655,2,Sample 3,Cell type 1
3986,-0.3334226943962313,-1.2055227974619807,3,Sample 1,Cell type 2
3987,-0.14218745916152198,0.4617768780875637,0,Sample 1,Cell type 1
3988,-0.8114769247170046,-0.8860806454337713,2,Sample 3,Cell type 1
3989,2.6630802961318927,1.071476679345909,4,Sample 2,Cell type 2
3990,-0.7721512857658169,0.7383096113512104,1,Sample 2,Cell type 1
3991,1.8897479141492572,-0.343023927006077,4,Sample 2,Cell type 2
3992,1.106497197008382,-1.0044577584647056,5,Sample 3,Cell type 2
3993,0.706117732718886,-1.0538324044267084,3,Sample 1,Cell type 2
3994,-1.3016240030543065,0.3081040510406593,1,Sample 2,Cell type 1
3995,0.76190869116575,0.329183987483624,3,Sample 1,Cell type 2
3996,-2.987452698605427,-0.20752775867125156,2,Sample 3,Cell type 1
3997,1.2102355731354186,1.905122749467468,5,Sample 3,Cell type 2
3998,1.2808559185540647,0.7724433871636847,4,Sample 2,Cell type 2
3999,0.41091978610152113,-1.8445630645694928,3,Sample 1,Cell type 2
4000,0.3845359895503814,-0.008243134681189744,4,Sample 2,Cell type 2
4001,0.27795534945893163,-0.4541703680603111,3,Sample 1,Cell type 2
4002,-0.7680824342926322,-1.3330311521595442,3,Sample 1,Cell type 2
4003,0.37156433612374695,0.1117581162701521,3,Sample 1,Cell type 2
4004,0.3960367779702707,0.1041071708635728,0,Sample 1,Cell type 1
4005,-1.1207621896092321,0.4674228710740993,2,Sample 3,Cell type 1
4006,0.5101530103679157,-0.9699695414373092,5,Sample 3,Cell type 2
4007,-1.7030407403180028,-0.23382012669076127,2,Sample 3,Cell type 1
4008,1.3037338672537593,-0.23697702619012456,3,Sample 1,Cell type 2
4009,-2.9366338611963743,-0.647237987318178,0,Sample 1,Cell type 1
4010,-0.9035470762663634,-0.9706614672281375,2,Sample 3,Cell type 1
4011,2.100440613548738,-1.501842476111517,5,Sample 3,Cell type 2
4012,-1.894985669619813,0.2245933706382693,2,Sample 3,Cell type 1
4013,-0.5052851323387663,1.6212870893398392,2,Sample 3,Cell type 1
4014,2.258059876328349,1.0720557404460862,4,Sample 2,Cell type 2
4015,-0.21616136242859096,-0.27011590814538,4,Sample 2,Cell type 2
4016,1.6374395976916598,0.6981077696541204,5,Sample 3,Cell type 2
4017,1.3681584445006514,0.5999650951112017,3,Sample 1,Cell type 2
4018,0.4328714528718878,0.5166377377956272,3,Sample 1,Cell type 2
4019,-0.04581108325100813,2.48369403501997,1,Sample 2,Cell type 1
4020,-1.1183253361045011,0.7434424542973557,1,Sample 2,Cell type 1
4021,1.4303265180002276,-0.5195058531395138,4,Sample 2,Cell type 2
4022,0.046847376939463725,0.009209754917628344,0,Sample 1,Cell type 1
4023,0.2780205327683387,-1.0324435599105404,3,Sample 1,Cell type 2
4024,0.4317376999900976,0.047273731393784636,3,Sample 1,Cell type 2
4025,0.8249576636217015,0.5992900413357511,4,Sample 2,Cell type 2
4026,1.3871286768838342,0.4576817858644177,5,Sample 3,Cell type 2
4027,-0.6954783022576363,-0.8933202060559406,2,Sample 3,Cell type 1
4028,1.9342112745843658,0.6877918830049699,3,Sample 1,Cell type 2
4029,0.6126150710793556,1.8076257098835296,4,Sample 2,Cell type 2
4030,-0.7330106242995895,1.3443387831049807,4,Sample 2,Cell type 2
4031,0.25963518063121405,-1.2079149736366035,1,Sample 2,Cell type 1
4032,-2.4542981086694255,0.2696829190536133,2,Sample 3,Cell type 1
4033,-0.8651196635263985,0.13862865751522868,4,Sample 2,Cell type 2
4034,-0.3511027423849278,-0.49066762025368976,2,Sample 3,Cell type 1
4035,-1.9866475782056816,-1.2960457943348649,0,Sample 1,Cell type 1
4036,-0.4080131414646636,-0.06257905761804244,2,Sample 3,Cell type 1
4037,2.013754104749859,-0.08874755910420956,5,Sample 3,Cell type 2
4038,-0.0071041851517076315,1.2977481617573408,2,Sample 3,Cell type 1
4039,-2.652584835792967,0.4571921942212893,0,Sample 1,Cell type 1
4040,-1.766385981801387,0.005645840565976457,2,Sample 3,Cell type 1
4041,0.23449114944690952,1.3090846147989819,5,Sample 3,Cell type 2
4042,0.10641816515917157,-0.4943147879813177,5,Sample 3,Cell type 2
4043,-2.462989630205855,-2.255914413483045,2,Sample 3,Cell type 1
4044,0.7310619198737163,-0.3224199401167572,3,Sample 1,Cell type 2
4045,1.3599968976492458,0.14927312411880547,4,Sample 2,Cell type 2
4046,-0.4003572951608292,0.5201806712756014,2,Sample 3,Cell type 1
4047,1.2610340227485117,0.3545915149575071,5,Sample 3,Cell type 2
4048,-1.1082305038988123,0.2697047796041337,5,Sample 3,Cell type 2
4049,-0.2739716602223359,0.8800850449900238,3,Sample 1,Cell type 2
4050,-1.591020411064672,-0.2342781371442938,2,Sample 3,Cell type 1
4051,0.41163217317372924,0.8238626734364433,5,Sample 3,Cell type 2
4052,-0.9592995619000158,0.046078111692976806,1,Sample 2,Cell type 1
4053,-0.6203979331742162,1.1791727172728073,2,Sample 3,Cell type 1
4054,1.1422845087191074,0.030099121175835845,3,Sample 1,Cell type 2
4055,2.224906034292796,0.05831221511104299,5,Sample 3,Cell type 2
4056,-0.5876486966901712,-0.8817491022451261,1,Sample 2,Cell type 1
4057,2.974104595259547,0.8601335740024805,4,Sample 2,Cell type 2
4058,-0.37725122233680897,-0.11019239077265773,4,Sample 2,Cell type 2
4059,0.054606134119629335,0.7615066223663404,4,Sample 2,Cell type 2
4060,0.3954504435326691,-0.8985186366649119,0,Sample 1,Cell type 1
4061,1.61347080130155,0.01269752062781237,4,Sample 2,Cell type 2
4062,-0.04089969536060267,1.1531147881706822,4,Sample 2,Cell type 2
4063,-0.6870911648154973,-0.4385057077021971,1,Sample 2,Cell type 1
4064,0.29817399183615967,0.8927336788982592,4,Sample 2,Cell type 2
4065,-1.0229986638923008,1.0554561173334283,0,Sample 1,Cell type 1
4066,0.2675677222639635,0.1624213276480858,5,Sample 3,Cell type 2
4067,1.4715990600258952,0.08346875920159706,5,Sample 3,Cell type 2
4068,-1.7755327632306324,0.027028331247673953,1,Sample 2,Cell type 1
4069,-0.17283116531100828,-0.2612470897697862,0,Sample 1,Cell type 1
4070,0.39484577410614796,0.3028498099388108,4,Sample 2,Cell type 2
4071,-1.60132874349499,0.17404150673174315,2,Sample 3,Cell type 1
4072,-1.2315700005560106,0.9739010816938266,2,Sample 3,Cell type 1
4073,-2.464304428780074,1.8203312075125333,2,Sample 3,Cell type 1
4074,-0.4623399371351278,0.6310554680798085,0,Sample 1,Cell type 1
4075,-0.4916418772598897,1.4722180255222335,2,Sample 3,Cell type 1
4076,-0.44760622978908216,0.33791027186452754,2,Sample 3,Cell type 1
4077,0.5638342918599268,0.12907586761332854,4,Sample 2,Cell type 2
4078,-2.163036425595057,0.6207370247206749,1,Sample 2,Cell type 1
4079,1.2610791096718892,0.039510479811049604,5,Sample 3,Cell type 2
4080,2.085882151108872,0.24214742371413642,4,Sample 2,Cell type 2
4081,1.581688146822243,1.327047630813463,5,Sample 3,Cell type 2
4082,0.4352139975303345,-1.8481378937903,4,Sample 2,Cell type 2
4083,3.5786908207773664,-0.8117933844988777,3,Sample 1,Cell type 2
4084,1.1965048753979446,0.8711387538884908,4,Sample 2,Cell type 2
4085,1.7037482819067264,-0.05886921023585461,4,Sample 2,Cell type 2
4086,-0.9826220178851468,-0.19850934624058258,4,Sample 2,Cell type 2
4087,-1.8246631996106357,-0.12329061992454814,4,Sample 2,Cell type 2
4088,0.6078602508537365,-0.02958703663719074,5,Sample 3,Cell type 2
4089,-2.5232181667433373,1.3765952875145524,0,Sample 1,Cell type 1
4090,-1.4131812791970926,-0.6251403322468302,1,Sample 2,Cell type 1
4091,2.5551674518435887,-0.4224118197840401,3,Sample 1,Cell type 2
4092,2.2448220821003373,-0.6121371291766381,5,Sample 3,Cell type 2
4093,-0.41500748967031664,-0.27671481001362797,5,Sample 3,Cell type 2
4094,-0.3438708309880383,-0.1519062636743544,5,Sample 3,Cell type 2
4095,-2.202276163751752,0.6517229033830476,2,Sample 3,Cell type 1
4096,0.6734299353637536,-1.3747152205068336,5,Sample 3,Cell type 2
4097,-2.7201852024962534,0.08368132187646869,2,Sample 3,Cell type 1
4098,-1.782696773147225,1.0128913059732925,1,Sample 2,Cell type 1
4099,2.0793696156294272,-0.02904920469235603,3,Sample 1,Cell type 2
4100,-0.756588856798145,-0.04521429850422326,0,Sample 1,Cell type 1
4101,2.577875321859027,-0.32863735187839205,3,Sample 1,Cell type 2
4102,-0.2571252859107731,0.7321586724005746,0,Sample 1,Cell type 1
4103,-0.3552491647975584,-0.044919209737045815,4,Sample 2,Cell type 2
4104,2.676582209260159,0.1121970540668012,5,Sample 3,Cell type 2
4105,0.9022450105554918,-0.10446372910843511,5,Sample 3,Cell type 2
4106,0.8608152640952499,-1.6319641248154426,4,Sample 2,Cell type 2
4107,1.319804376031123,-1.6283409431294322,3,Sample 1,Cell type 2
4108,-0.7526082267267329,0.8806120250998951,3,Sample 1,Cell type 2
4109,0.2327309968887663,-0.9774491239062775,2,Sample 3,Cell type 1
4110,0.6959100020735739,0.0020084599461618006,3,Sample 1,Cell type 2
4111,2.2528348764283823,0.1000164377668609,3,Sample 1,Cell type 2
4112,-2.558081173100433,1.3454444047079124,1,Sample 2,Cell type 1
4113,1.827884364358987,0.9170309160809086,3,Sample 1,Cell type 2
4114,-0.21735467190490587,1.220074072924456,0,Sample 1,Cell type 1
4115,-2.258710816437227,0.5066723130215138,0,Sample 1,Cell type 1
4116,-0.9936431572346411,-0.5942890255261024,1,Sample 2,Cell type 1
4117,0.5099307326687967,-0.49822941753719513,0,Sample 1,Cell type 1
4118,0.9420961173587501,-0.4096546055583875,4,Sample 2,Cell type 2
4119,1.696620496663947,-0.006732717066671954,4,Sample 2,Cell type 2
4120,-1.7073905144571544,-1.1981096582020003,0,Sample 1,Cell type 1
4121,0.8774423445834023,-0.913283543867267,1,Sample 2,Cell type 1
4122,-0.5888488283269766,1.5668473379372918,3,Sample 1,Cell type 2
4123,0.9799223149788119,0.3091991193359422,5,Sample 3,Cell type 2
4124,0.8860023753871029,-0.49600461603656587,4,Sample 2,Cell type 2
4125,0.9820734433302419,-0.22309210717079672,3,Sample 1,Cell type 2
4126,0.8567654756160449,-0.6447548643306715,5,Sample 3,Cell type 2
4127,2.398854197449923,1.232802991766141,5,Sample 3,Cell type 2
4128,0.5733233622087519,0.9360556379123184,2,Sample 3,Cell type 1
4129,-1.1682065423457864,-1.467425919343626,1,Sample 2,Cell type 1
4130,-1.808573204213522,0.44272725435585514,0,Sample 1,Cell type 1
4131,-1.1110096576414994,0.2781426987293885,2,Sample 3,Cell type 1
4132,-0.9589853440865675,-0.5864403128452353,0,Sample 1,Cell type 1
4133,-0.7726880386030388,1.2460788428345158,1,Sample 2,Cell type 1
4134,0.322194402441478,-1.0106232097028136,5,Sample 3,Cell type 2
4135,2.0883075825015442,-0.02185784610302326,3,Sample 1,Cell type 2
4136,-1.4996795740238786,1.6930413624965313,0,Sample 1,Cell type 1
4137,0.5210704988442081,-0.34971139844208265,4,Sample 2,Cell type 2
4138,-2.501739332990376,0.952855676895491,1,Sample 2,Cell type 1
4139,-0.948688187592624,0.24173305097693124,0,Sample 1,Cell type 1
4140,0.817148323913789,-0.144587957729467,5,Sample 3,Cell type 2
4141,0.5021625732436981,-0.8483022052126887,1,Sample 2,Cell type 1
4142,2.2922708176773083,0.25611011142707363,5,Sample 3,Cell type 2
4143,0.9344598106686921,0.7542126490826794,5,Sample 3,Cell type 2
4144,1.785535374860501,0.6588728562897203,3,Sample 1,Cell type 2
4145,1.1796493765625045,0.984761592769328,3,Sample 1,Cell type 2
4146,1.966029924200475,0.782615266788079,5,Sample 3,Cell type 2
4147,0.7316627264200897,-0.6228586787982225,4,Sample 2,Cell type 2
4148,0.8862591516282432,1.4349981525742772,1,Sample 2,Cell type 1
4149,2.473490480232568,-1.2882193623489844,3,Sample 1,Cell type 2
4150,1.7066665740793385,-1.5999128661331812,3,Sample 1,Cell type 2
4151,-1.9663197930259773,0.07297428861074134,2,Sample 3,Cell type 1
4152,0.535047221115903,-0.920927901038026,3,Sample 1,Cell type 2
4153,0.5286661453994272,-1.2292163352458503,5,Sample 3,Cell type 2
4154,1.3601526446804477,-1.812656946813987,4,Sample 2,Cell type 2
4155,0.40866828668440847,0.8951024121674594,3,Sample 1,Cell type 2
4156,-2.425512541137151,0.6843731905298677,0,Sample 1,Cell type 1
4157,0.6197536941108094,0.92494687390158,5,Sample 3,Cell type 2
4158,-0.07410790771886744,0.4515165406519094,2,Sample 3,Cell type 1
4159,-0.6798979462930935,0.17241965657468067,1,Sample 2,Cell type 1
4160,0.07603706540423893,-0.41232329085754765,4,Sample 2,Cell type 2
4161,-1.1193703717443162,-0.8770763742035773,0,Sample 1,Cell type 1
4162,-1.1303907057530982,0.03873678376534888,2,Sample 3,Cell type 1
4163,0.7286263338075876,-1.3359951613740837,4,Sample 2,Cell type 2
4164,-0.29858589648520084,-0.03511756743978971,1,Sample 2,Cell type 1
4165,1.300894349098153,-0.26098321899297594,3,Sample 1,Cell type 2
4166,1.5002434248176146,-0.20387472514455424,4,Sample 2,Cell type 2
4167,0.6060364098361078,0.16379089436051789,3,Sample 1,Cell type 2
4168,0.3654005318506355,-1.2146447301407353,4,Sample 2,Cell type 2
4169,-0.38780550509459555,1.0732567612301775,1,Sample 2,Cell type 1
4170,-1.0245740855589387,-0.8399411631658764,0,Sample 1,Cell type 1
4171,-2.143054979840829,0.25826026887153786,1,Sample 2,Cell type 1
4172,0.939450281577819,-0.9671949354895768,3,Sample 1,Cell type 2
4173,-1.0478085877157908,1.1012119941767649,1,Sample 2,Cell type 1
4174,-0.8441371667339361,0.3467856417559531,0,Sample 1,Cell type 1
4175,0.600913523588468,-0.24324333090714814,4,Sample 2,Cell type 2
4176,2.444820366125626,1.101542709814101,3,Sample 1,Cell type 2
4177,1.8411892366029612,0.33293305170395127,4,Sample 2,Cell type 2
4178,1.7819185044749943,0.02079391140065793,4,Sample 2,Cell type 2
4179,1.111516134868964,0.5534651088420972,4,Sample 2,Cell type 2
4180,0.8691855199175034,0.3126577377912858,4,Sample 2,Cell type 2
4181,-1.5862762032530036,-0.4354972506488894,0,Sample 1,Cell type 1
4182,0.8310456787781044,0.7565460415050449,4,Sample 2,Cell type 2
4183,0.01959162605910436,0.9976001415506036,4,Sample 2,Cell type 2
4184,-1.509755132093251,0.7484551075623632,2,Sample 3,Cell type 1
4185,-1.2676384713187958,-0.2217450622630932,2,Sample 3,Cell type 1
4186,2.7671975501894344,0.30164450988160607,5,Sample 3,Cell type 2
4187,1.8008712566069451,0.3786899062667277,5,Sample 3,Cell type 2
4188,0.8535666685878174,-0.7840737270068676,3,Sample 1,Cell type 2
4189,0.22760557140553594,-0.4916376082597184,5,Sample 3,Cell type 2
4190,0.997985695173237,-0.9606905396644495,4,Sample 2,Cell type 2
4191,1.3791226408218822,0.7621559509222486,4,Sample 2,Cell type 2
4192,1.1712008996604044,-0.3416620470091505,4,Sample 2,Cell type 2
4193,-1.5405748209269245,-0.26252437481394914,0,Sample 1,Cell type 1
4194,-0.279852647451138,0.1935287486491104,5,Sample 3,Cell type 2
4195,-1.0302513082333418,0.40926682092702094,1,Sample 2,Cell type 1
4196,-0.6562397463160117,1.1953494485615996,3,Sample 1,Cell type 2
4197,-1.7671480894666933,0.4278290496228092,2,Sample 3,Cell type 1
4198,-2.9371451901482626,0.788810080952642,1,Sample 2,Cell type 1
4199,-1.4954831645424251,-1.0986411833227427,1,Sample 2,Cell type 1
4200,1.616005429872785,-0.37907893495162187,3,Sample 1,Cell type 2
4201,-0.2183792072387829,0.661029070501096,3,Sample 1,Cell type 2
4202,0.9313848844114622,1.3471922464657706,4,Sample 2,Cell type 2
4203,-0.09433647170700354,-0.5192026825708339,0,Sample 1,Cell type 1
4204,-1.2142993926808487,0.04140247252794671,1,Sample 2,Cell type 1
4205,1.36728645271295,-0.8129637997011984,5,Sample 3,Cell type 2
4206,0.31435779550703613,0.18933040218679822,3,Sample 1,Cell type 2
4207,-0.3199007451301169,-0.19969944416304183,2,Sample 3,Cell type 1
4208,0.3927546811970555,1.6162899057859696,0,Sample 1,Cell type 1
4209,-2.213366879895142,0.6689376846204435,0,Sample 1,Cell type 1
4210,-1.4564639464313607,0.004684735705451743,5,Sample 3,Cell type 2
4211,-0.8511367057302661,-1.243815811823194,2,Sample 3,Cell type 1
4212,0.351590436392447,0.37022186803629514,4,Sample 2,Cell type 2
4213,1.4698185715996899,-0.4888813503387034,5,Sample 3,Cell type 2
4214,-0.4572557508642785,0.5667655629678643,4,Sample 2,Cell type 2
4215,-1.4732917083056836,0.15997509564122822,1,Sample 2,Cell type 1
4216,-2.816639077949774,0.13055737136344348,1,Sample 2,Cell type 1
4217,0.43340299845459573,0.01740966373057886,2,Sample 3,Cell type 1
4218,-0.5341597623594043,-0.0748201731493446,5,Sample 3,Cell type 2
4219,0.5889088162529872,0.36448353986486,0,Sample 1,Cell type 1
4220,-0.9741296593586642,1.1506066763465688,0,Sample 1,Cell type 1
4221,0.5005017003960233,1.3709147595410325,1,Sample 2,Cell type 1
4222,0.5582741801532218,-1.0178886496370276,5,Sample 3,Cell type 2
4223,-0.1988214299876918,0.9317244012513773,1,Sample 2,Cell type 1
4224,-0.16102759216565377,-0.21289975849705142,1,Sample 2,Cell type 1
4225,-1.105089324215722,-0.5720020572639631,1,Sample 2,Cell type 1
4226,-0.7215662180130464,1.5995652912274083,5,Sample 3,Cell type 2
4227,0.8448625382917042,0.6432585547659297,4,Sample 2,Cell type 2
4228,-1.790490769461765,-0.34020710911639546,1,Sample 2,Cell type 1
4229,-2.330669791330685,-0.6478597875552378,0,Sample 1,Cell type 1
4230,0.9026749086477249,1.0008905572992046,3,Sample 1,Cell type 2
4231,-1.7524559368900223,1.282046239122253,2,Sample 3,Cell type 1
4232,1.5664245700860029,-0.2691621767070494,4,Sample 2,Cell type 2
4233,1.5732172711026868,-0.4276127506001429,4,Sample 2,Cell type 2
4234,0.6493013391312816,0.73273658590644,1,Sample 2,Cell type 1
4235,0.3386701922192282,-1.259305433302168,3,Sample 1,Cell type 2
4236,-1.2190455814375163,-0.26985437664739254,1,Sample 2,Cell type 1
4237,-0.6005625146683944,0.6971706480864032,0,Sample 1,Cell type 1
4238,-0.17760554075297286,-1.3911568080216599,1,Sample 2,Cell type 1
4239,1.7970193735255404,1.6035163078201664,5,Sample 3,Cell type 2
4240,-1.2417811779787682,-1.6527238053933577,2,Sample 3,Cell type 1
4241,0.9344280800430504,1.7003509159535966,3,Sample 1,Cell type 2
4242,-0.539157591252615,0.933454325278804,5,Sample 3,Cell type 2
4243,-0.3816407837269754,1.3198867733507427,1,Sample 2,Cell type 1
4244,-0.1402576865135151,-0.03486860549058872,2,Sample 3,Cell type 1
4245,0.9367987414828369,-0.2583985543761086,4,Sample 2,Cell type 2
4246,-1.7399983560097882,0.21931849034272108,0,Sample 1,Cell type 1
4247,-1.2981775448649904,-0.5510130610569752,1,Sample 2,Cell type 1
4248,-0.7494862288197974,-0.45829202633922106,2,Sample 3,Cell type 1
4249,1.8424505511424147,0.699243032638365,3,Sample 1,Cell type 2
4250,-1.5799062403197857,-2.4652261855237256,2,Sample 3,Cell type 1
4251,0.7671120293148591,-0.447347238152114,5,Sample 3,Cell type 2
4252,0.8391872011528148,0.6776019733444064,5,Sample 3,Cell type 2
4253,0.6696796467505224,-0.35136826777947,5,Sample 3,Cell type 2
4254,-1.7165231228678457,-0.8550571477195145,2,Sample 3,Cell type 1
4255,-0.7909516428390124,0.2991391501676487,4,Sample 2,Cell type 2
4256,-1.6432126092913886,0.46915191451243304,1,Sample 2,Cell type 1
4257,-0.969652850589052,0.2417342229398681,2,Sample 3,Cell type 1
4258,-1.3489299247677051,-0.3722540990666785,1,Sample 2,Cell type 1
4259,1.5641893571761196,-0.04388908665880377,4,Sample 2,Cell type 2
4260,0.11369432121572531,-0.411571489578111,1,Sample 2,Cell type 1
4261,-3.1633017409904776,1.2532103473347609,2,Sample 3,Cell type 1
4262,0.11402825844230913,-2.9093088892611902,5,Sample 3,Cell type 2
4263,1.394721361828905,-1.2330239646279864,3,Sample 1,Cell type 2
4264,2.1614146672387147,0.049679318277080296,3,Sample 1,Cell type 2
4265,-0.2039067674789159,0.5509544567567256,5,Sample 3,Cell type 2
4266,0.25941989292740186,0.8321703146214919,0,Sample 1,Cell type 1
4267,0.17607067381873676,0.11381329715462105,3,Sample 1,Cell type 2
4268,-0.7381473720944631,0.8620556679974409,2,Sample 3,Cell type 1
4269,-0.9560259367068661,0.03653252208349415,0,Sample 1,Cell type 1
4270,0.4212915339566523,0.690691256237618,0,Sample 1,Cell type 1
4271,0.8137475994145762,1.1615800148302924,1,Sample 2,Cell type 1
4272,-0.4011248586773992,1.7470956928173742,1,Sample 2,Cell type 1
4273,-2.1341482886553225,-0.5547252672355297,1,Sample 2,Cell type 1
4274,-0.10137036199064231,-2.2297555067661152,5,Sample 3,Cell type 2
4275,2.039497804487456,0.1742955880651193,5,Sample 3,Cell type 2
4276,1.0947507615187102,0.13554224356017042,4,Sample 2,Cell type 2
4277,-1.3082942807719884,0.1534173938969138,1,Sample 2,Cell type 1
4278,-1.080310738799304,-0.03381358048153314,1,Sample 2,Cell type 1
4279,1.8787882394782613,-1.0189342266444061,3,Sample 1,Cell type 2
4280,-2.3032125103746197,-1.9789253609580737,0,Sample 1,Cell type 1
4281,-0.1141098413710746,-0.19258995980295807,0,Sample 1,Cell type 1
4282,1.4169713592108077,-0.2997428588779702,4,Sample 2,Cell type 2
4283,0.02089628910166752,-0.6158179624637192,5,Sample 3,Cell type 2
4284,-2.9603901877582874,-0.47652026715630746,2,Sample 3,Cell type 1
4285,-1.4970007398528742,0.5696386359799597,0,Sample 1,Cell type 1
4286,-1.0294779431943986,-0.4890822940203885,0,Sample 1,Cell type 1
4287,2.2297504706689946,-0.6639630342163568,3,Sample 1,Cell type 2
4288,0.9252196050311352,0.5839937333134552,3,Sample 1,Cell type 2
4289,0.5403844556239144,0.7845519817657228,5,Sample 3,Cell type 2
4290,0.9836791808427264,0.2639559861043669,4,Sample 2,Cell type 2
4291,0.45099856542988204,0.8071553842789787,0,Sample 1,Cell type 1
4292,0.1498984062095825,-0.532414249952247,0,Sample 1,Cell type 1
4293,-1.0168378808013077,-0.34966660777999725,0,Sample 1,Cell type 1
4294,1.0492253788371635,0.3972777839036555,5,Sample 3,Cell type 2
4295,-0.7476727934414655,-0.0034237203037194453,3,Sample 1,Cell type 2
4296,0.06514430020093509,-1.0602367806387427,1,Sample 2,Cell type 1
4297,0.25184089406629895,-0.4418540547586797,5,Sample 3,Cell type 2
4298,-0.07348826656147844,0.7850838420256053,1,Sample 2,Cell type 1
4299,1.696201935586132,-0.4461353519174097,4,Sample 2,Cell type 2
4300,2.393775365521633,0.28819492015394604,3,Sample 1,Cell type 2
4301,-0.3669038801749952,1.9394358096448279,2,Sample 3,Cell type 1
4302,2.3824550635385755,0.5377839353052554,3,Sample 1,Cell type 2
4303,0.479697887155921,-0.2322076825778481,3,Sample 1,Cell type 2
4304,-0.7450409156084721,-0.23301447633366962,0,Sample 1,Cell type 1
4305,0.353932107081368,0.7162774311071037,4,Sample 2,Cell type 2
4306,-0.828618499067448,0.40429684915653086,1,Sample 2,Cell type 1
4307,-1.3761185911893015,-1.8232270858002393,1,Sample 2,Cell type 1
4308,0.9143995170693106,-0.2997338571483855,3,Sample 1,Cell type 2
4309,-0.01550741323920457,1.1452349977638834,5,Sample 3,Cell type 2
4310,0.8198188711296671,1.2593051550640435,3,Sample 1,Cell type 2
4311,0.4366755840838582,-0.8804294442544296,3,Sample 1,Cell type 2
4312,-0.4841849680829199,-1.6072798427407,1,Sample 2,Cell type 1
4313,1.6106946891589464,-1.68737908995154,5,Sample 3,Cell type 2
4314,0.7406647638197354,0.1354270488965109,4,Sample 2,Cell type 2
4315,1.0670586344440953,0.9230689024853241,3,Sample 1,Cell type 2
4316,-2.3630232782626903,0.28943389020531474,1,Sample 2,Cell type 1
4317,0.4719748701143145,-0.676050497661491,5,Sample 3,Cell type 2
4318,-0.7916986697269849,0.5818405839531936,1,Sample 2,Cell type 1
4319,-0.23790630230515564,-1.914504678316346,1,Sample 2,Cell type 1
4320,-1.9649251107870462,-2.629215435145147,0,Sample 1,Cell type 1
4321,0.9123886279965405,0.700896877180004,5,Sample 3,Cell type 2
4322,-0.5076123569469659,-0.18197338719050465,0,Sample 1,Cell type 1
4323,-0.7419032988556724,-0.13248475081703753,2,Sample 3,Cell type 1
4324,2.0292094404357517,0.09584458226108265,4,Sample 2,Cell type 2
4325,1.659861385680302,1.2403284124478517,4,Sample 2,Cell type 2
4326,0.4386843008867072,0.7219156127563074,2,Sample 3,Cell type 1
4327,-1.6608099897739341,-0.12737667360406268,2,Sample 3,Cell type 1
4328,-0.04643939539498532,-0.14547941503074985,5,Sample 3,Cell type 2
4329,-0.2886652935534598,0.3060461651120014,1,Sample 2,Cell type 1
4330,1.6897496289151595,-0.37250544804737123,3,Sample 1,Cell type 2
4331,0.1024945413051015,-0.9531334098108878,3,Sample 1,Cell type 2
4332,-0.041674211193890365,-1.7827528238303707,4,Sample 2,Cell type 2
4333,-2.5679995233717476,-0.4914376189350491,2,Sample 3,Cell type 1
4334,0.03639846572506267,-0.4748883985605036,5,Sample 3,Cell type 2
4335,1.8704603101950545,0.4445796439850803,3,Sample 1,Cell type 2
4336,0.40357766486076807,0.07808496791638203,5,Sample 3,Cell type 2
4337,2.008842861165621,1.4126657282455437,4,Sample 2,Cell type 2
4338,0.715525334989324,0.28290481481828744,3,Sample 1,Cell type 2
4339,-0.6025631056167402,1.3524608936750293,3,Sample 1,Cell type 2
4340,-1.905041238120519,0.32414776555119024,2,Sample 3,Cell type 1
4341,0.21591417723830042,-1.361276068768988,2,Sample 3,Cell type 1
4342,-0.4744210931850803,-0.23363704962834303,5,Sample 3,Cell type 2
4343,0.5299616371187426,0.9643888370113972,1,Sample 2,Cell type 1
4344,-0.2534726422614264,-0.17444352489552317,1,Sample 2,Cell type 1
4345,1.470268689798151,-0.5878236509369468,4,Sample 2,Cell type 2
4346,1.3361803150705918,1.3098910355237925,3,Sample 1,Cell type 2
4347,1.4773086115035219,0.2740429815121303,4,Sample 2,Cell type 2
4348,2.706510948628912,-1.2247514804709712,4,Sample 2,Cell type 2
4349,2.3871890303211885,1.2005983672892326,5,Sample 3,Cell type 2
4350,1.2528356472530437,0.7280897483061081,5,Sample 3,Cell type 2
4351,1.0833648291540312,1.1185763065724832,4,Sample 2,Cell type 2
4352,0.6185498156141651,-0.6890500413271691,4,Sample 2,Cell type 2
4353,-0.8554695101454162,1.2259191633165714,2,Sample 3,Cell type 1
4354,-1.0696991146533943,-1.0757643872393203,1,Sample 2,Cell type 1
4355,1.5082986378827354,0.6160375201976965,4,Sample 2,Cell type 2
4356,2.058879928408989,-0.5253499202063412,3,Sample 1,Cell type 2
4357,1.6275142417512818,-0.3127724482669722,4,Sample 2,Cell type 2
4358,-0.6578219340946332,0.5495271707554409,0,Sample 1,Cell type 1
4359,-0.012429831210662101,-1.4090832284450368,2,Sample 3,Cell type 1
4360,0.40884807817501256,-0.9704835599663051,5,Sample 3,Cell type 2
4361,-0.254435883086785,0.16570745849535265,5,Sample 3,Cell type 2
4362,-1.6642513752952524,0.16312604634184535,2,Sample 3,Cell type 1
4363,-1.1246103855853964,-1.1018684126604292,0,Sample 1,Cell type 1
4364,2.485515666909563,-0.5662909345764982,3,Sample 1,Cell type 2
4365,1.2138783906699633,-1.089668363966248,4,Sample 2,Cell type 2
4366,-2.1248383056304276,-0.238713786423182,2,Sample 3,Cell type 1
4367,-0.41107090928134804,-0.05002620381940956,0,Sample 1,Cell type 1
4368,-1.017674019034013,0.497240958975433,0,Sample 1,Cell type 1
4369,-0.03679779282122886,0.09817467331484868,3,Sample 1,Cell type 2
4370,-0.01149056461303477,0.34024163438509486,4,Sample 2,Cell type 2
4371,-1.8731118343416793,-0.3578019889425493,1,Sample 2,Cell type 1
4372,1.9924228414669405,0.16004681973489082,5,Sample 3,Cell type 2
4373,-3.1266391919876546,-0.9087576342389438,0,Sample 1,Cell type 1
4374,-1.0725397743670848,-0.7497504513006829,1,Sample 2,Cell type 1
4375,-1.9217681418962844,1.6686833097007694,0,Sample 1,Cell type 1
4376,0.010864697921326716,1.6169986815075155,3,Sample 1,Cell type 2
4377,-0.2822890883493405,-0.19120653244175043,4,Sample 2,Cell type 2
4378,0.00661729365791508,0.23363608202905853,5,Sample 3,Cell type 2
4379,-1.748759425745006,-0.5744544538756448,1,Sample 2,Cell type 1
4380,-0.4456311095617622,0.35546217329097646,3,Sample 1,Cell type 2
4381,2.2904960213766428,-0.6261126697498636,5,Sample 3,Cell type 2
4382,-0.6518723313797177,0.9818823826673703,1,Sample 2,Cell type 1
4383,-0.41118943900424076,-1.3432160430053937,3,Sample 1,Cell type 2
4384,-1.0071753771849556,1.3319497250010233,0,Sample 1,Cell type 1
4385,1.9093413819549372,-0.401181713817164,4,Sample 2,Cell type 2
4386,1.5169477160204885,-0.44763257982623655,5,Sample 3,Cell type 2
4387,0.27720024944201693,-0.6586715775742974,3,Sample 1,Cell type 2
4388,1.6455371894048936,-0.7734592897354806,5,Sample 3,Cell type 2
4389,-0.9764157225033679,-0.27320789273932355,2,Sample 3,Cell type 1
4390,-1.0859178223801658,-1.5986217001198066,1,Sample 2,Cell type 1
4391,0.0733501260195395,0.20423874942022308,4,Sample 2,Cell type 2
4392,1.1622653924531,-0.7333813340184098,3,Sample 1,Cell type 2
4393,-1.5558867058909152,-0.2844655704243448,1,Sample 2,Cell type 1
4394,-1.4721961663601228,0.4442893628788358,1,Sample 2,Cell type 1
4395,-1.3186366398469214,-0.5162415956072108,1,Sample 2,Cell type 1
4396,-1.7018676515994748,0.973786328324948,1,Sample 2,Cell type 1
4397,-0.7952860588562836,1.1764284788541852,0,Sample 1,Cell type 1
4398,1.1735756588351716,1.3665798275869618,4,Sample 2,Cell type 2
4399,-1.5412308795560923,0.2878037407282833,0,Sample 1,Cell type 1
4400,-0.7503773842317917,-0.020051081265341986,1,Sample 2,Cell type 1
4401,-0.3061036690110426,-0.8318415623355645,4,Sample 2,Cell type 2
4402,-0.9202081681347063,0.17758413666503603,1,Sample 2,Cell type 1
4403,-1.0073018814505752,0.14228030279086598,2,Sample 3,Cell type 1
4404,1.4585622075367173,-0.16859727883917078,4,Sample 2,Cell type 2
4405,-1.923732286899303,1.107000515447235,1,Sample 2,Cell type 1
4406,0.7609955387333129,1.2330916682493338,3,Sample 1,Cell type 2
4407,0.8977936916885937,-0.050266964387529776,4,Sample 2,Cell type 2
4408,-0.4864483025024221,0.871366194479575,1,Sample 2,Cell type 1
4409,-1.9525965702774875,-2.2482549157436456,2,Sample 3,Cell type 1
4410,0.07528657568924402,0.805182468816485,1,Sample 2,Cell type 1
4411,0.9295496803927932,0.5705271200862101,0,Sample 1,Cell type 1
4412,-2.0360383628975827,-2.555170793536884,2,Sample 3,Cell type 1
4413,0.1601928201824725,0.6061255165424076,4,Sample 2,Cell type 2
4414,2.437657563899461,0.58022082295581,3,Sample 1,Cell type 2
4415,-0.43079120502192925,-0.4267603575935684,2,Sample 3,Cell type 1
4416,0.8019837751062934,-0.11466618515096376,3,Sample 1,Cell type 2
4417,-2.2212420127296175,0.2008377492729273,2,Sample 3,Cell type 1
4418,-0.9773102192139261,-1.3888064051485833,2,Sample 3,Cell type 1
4419,0.5498625869067436,0.47882018904550744,5,Sample 3,Cell type 2
4420,-1.0225242628706295,0.7359896692802584,0,Sample 1,Cell type 1
4421,-0.648670425044162,-0.13851470427721882,2,Sample 3,Cell type 1
4422,0.2458455366594665,0.5075182080471237,0,Sample 1,Cell type 1
4423,0.12755837098473544,-0.4034021546701345,1,Sample 2,Cell type 1
4424,-1.2211687576773498,-0.24545121277290344,0,Sample 1,Cell type 1
4425,-0.149376106098007,-0.974869601999445,5,Sample 3,Cell type 2
4426,0.5232090646692633,0.7243703443620718,5,Sample 3,Cell type 2
4427,0.6402065397012482,0.14143120533228107,4,Sample 2,Cell type 2
4428,0.13294329292128793,-1.7388586426679635,4,Sample 2,Cell type 2
4429,-2.2562102819732366,0.5322143175825603,1,Sample 2,Cell type 1
4430,-1.325316490024587,0.3748014342913074,1,Sample 2,Cell type 1
4431,-0.6076221494499587,-2.279021476697717,1,Sample 2,Cell type 1
4432,-0.759133704034948,-0.27935712338037216,4,Sample 2,Cell type 2
4433,0.49892700001631907,0.9129330585163175,0,Sample 1,Cell type 1
4434,0.8435135617168723,1.204732924466046,4,Sample 2,Cell type 2
4435,0.4238681454156702,0.4572110619491397,5,Sample 3,Cell type 2
4436,0.9295022359628585,-0.46392234577547325,5,Sample 3,Cell type 2
4437,-0.3428918154308276,1.1656863654026797,4,Sample 2,Cell type 2
4438,0.33295359822865367,0.726965600385736,5,Sample 3,Cell type 2
4439,0.11220397263993864,-0.963948311684144,1,Sample 2,Cell type 1
4440,-0.8487861935207244,0.8506903811503352,2,Sample 3,Cell type 1
4441,-0.8319099119706295,-0.6798446391179903,0,Sample 1,Cell type 1
4442,-0.3597304784810543,2.801619180939457,2,Sample 3,Cell type 1
4443,0.9479470488601657,1.0150092244004814,3,Sample 1,Cell type 2
4444,-0.42351135843270393,0.11077038149056304,1,Sample 2,Cell type 1
4445,0.2705242331605363,0.7712779832845075,3,Sample 1,Cell type 2
4446,2.180046066943255,0.7776629839250523,3,Sample 1,Cell type 2
4447,-1.0543633562772174,1.0150022255705087,2,Sample 3,Cell type 1
4448,0.5023683853873894,-0.9523317881649704,5,Sample 3,Cell type 2
4449,-1.7200347079578817,-0.05717211715381959,1,Sample 2,Cell type 1
4450,-1.9928659431097842,0.7384981525991073,2,Sample 3,Cell type 1
4451,-0.8532444353230884,0.7186512041164982,4,Sample 2,Cell type 2
4452,0.7137229306157062,1.463363023825857,1,Sample 2,Cell type 1
4453,1.343120189645889,-0.036545608510677,4,Sample 2,Cell type 2
4454,0.24534944525444302,-0.6682380999926396,3,Sample 1,Cell type 2
4455,-0.05238373857782208,-0.13513304881569504,5,Sample 3,Cell type 2
4456,1.2629519453865936,0.1033605812499777,4,Sample 2,Cell type 2
4457,0.6062975352665856,0.012105328157363706,2,Sample 3,Cell type 1
4458,0.6656841810210831,-1.5983840222657035,4,Sample 2,Cell type 2
4459,0.8315510069225251,1.148637589086199,5,Sample 3,Cell type 2
4460,-1.657329968545423,0.19481273062377738,0,Sample 1,Cell type 1
4461,-1.6566422228266686,0.3252755855457926,1,Sample 2,Cell type 1
4462,1.0592062205272745,-0.5407466751863232,5,Sample 3,Cell type 2
4463,1.102110436050897,0.16725386601247774,3,Sample 1,Cell type 2
4464,-1.8089056434908155,-1.1972822631650908,1,Sample 2,Cell type 1
4465,-0.35274217342173264,0.8961243789333259,4,Sample 2,Cell type 2
4466,1.2635459592280152,-1.6923919896567732,4,Sample 2,Cell type 2
4467,1.4092339567750969,-0.059549341091791254,4,Sample 2,Cell type 2
4468,1.5699027791035842,-0.34886684939692175,3,Sample 1,Cell type 2
4469,-1.498284374812464,-1.0780901033299637,0,Sample 1,Cell type 1
4470,-0.594456928423715,-1.6828347055789477,1,Sample 2,Cell type 1
4471,0.9378642117604008,-0.6906128065992446,0,Sample 1,Cell type 1
4472,-2.7779389940954236,0.6759895090565791,1,Sample 2,Cell type 1
4473,-0.9882982973098837,1.3081806694415852,0,Sample 1,Cell type 1
4474,0.6983711750996267,-0.12180081053079873,5,Sample 3,Cell type 2
4475,-1.4916200034272344,0.3526236048622919,0,Sample 1,Cell type 1
4476,-1.562336719926111,0.023481945189750407,0,Sample 1,Cell type 1
4477,0.5354950223157088,1.9121006068461124,3,Sample 1,Cell type 2
4478,0.5641674832622527,-0.04133594586614458,3,Sample 1,Cell type 2
4479,-1.7297717600893043,-1.1318200730231547,1,Sample 2,Cell type 1
4480,0.5445196379273003,-1.0197381126397158,5,Sample 3,Cell type 2
4481,-0.02279230755458761,0.0881848381238059,0,Sample 1,Cell type 1
4482,1.2869275056654303,-0.018828933644769195,4,Sample 2,Cell type 2
4483,-1.1881209315574228,-0.7654684087883701,0,Sample 1,Cell type 1
4484,-2.770592557803395,-0.019120301348617915,2,Sample 3,Cell type 1
4485,-1.790184328080905,-0.7441923186358741,0,Sample 1,Cell type 1
4486,1.4645467206338223,0.9588822512378224,5,Sample 3,Cell type 2
4487,-2.57249950026873,0.0851589402024222,2,Sample 3,Cell type 1
4488,-2.5150943729988553,-0.7252830598465699,0,Sample 1,Cell type 1
4489,-1.2150532421797688,-0.8168072958374382,0,Sample 1,Cell type 1
4490,0.07691435149804215,-0.142676615724273,0,Sample 1,Cell type 1
4491,1.502825754629637,-0.3641746680368517,4,Sample 2,Cell type 2
4492,1.2750990117783363,-0.6581291119316612,3,Sample 1,Cell type 2
4493,-1.537205306258774,-1.5070225144079208,2,Sample 3,Cell type 1
4494,1.224505851337065,0.3593053736453944,3,Sample 1,Cell type 2
4495,-0.04274293729353662,-1.6340840782909358,4,Sample 2,Cell type 2
4496,-0.4296008071611114,0.3724191877063484,0,Sample 1,Cell type 1
4497,-1.4312568140607609,-0.16709307899743542,0,Sample 1,Cell type 1
4498,-0.24430252201193003,-1.2217657858577415,2,Sample 3,Cell type 1
4499,-1.1601260882239584,-0.8215298273668618,2,Sample 3,Cell type 1
4500,1.4325280825849414,-0.7856900702004175,3,Sample 1,Cell type 2
4501,0.7121509622847286,1.4408171927000237,5,Sample 3,Cell type 2
4502,0.6568864414544139,-0.1864455201846362,5,Sample 3,Cell type 2
4503,-1.8463590248359179,-0.5046848162818742,2,Sample 3,Cell type 1
4504,0.6977926549182253,-1.0391709048559599,4,Sample 2,Cell type 2
4505,-0.6958400012694772,-0.5330167603315331,2,Sample 3,Cell type 1
4506,-0.819586331727644,0.5480148206291687,2,Sample 3,Cell type 1
4507,-0.3406239305059787,-0.0726449220977241,0,Sample 1,Cell type 1
4508,-0.28774808146220465,-0.4288984212901722,3,Sample 1,Cell type 2
4509,1.1362666515623,-0.2634169130777492,3,Sample 1,Cell type 2
4510,-0.5083441767966703,0.005780042829844035,0,Sample 1,Cell type 1
4511,-1.0192305649135927,-0.672490511233041,0,Sample 1,Cell type 1
4512,-1.7174022096024828,0.036832273856030565,2,Sample 3,Cell type 1
4513,0.570811185420548,1.5094042831681838,3,Sample 1,Cell type 2
4514,0.026183993462257416,-0.30480214849538184,4,Sample 2,Cell type 2
4515,0.9262950583847563,0.8920720016339997,3,Sample 1,Cell type 2
4516,-0.9292806732527652,-1.9158606849733308,1,Sample 2,Cell type 1
4517,0.7755673373447669,-1.0467383852561416,3,Sample 1,Cell type 2
4518,1.3246801791974514,0.06505951241238256,4,Sample 2,Cell type 2
4519,-2.0379991628851704,-1.5186099123996393,1,Sample 2,Cell type 1
4520,-0.0841046798408478,0.2443457797430832,1,Sample 2,Cell type 1
4521,-0.6499191435830346,0.22632624804646087,1,Sample 2,Cell type 1
4522,-2.2994693345201878,-2.0665628578235142,1,Sample 2,Cell type 1
4523,-0.9460606327603046,0.24963924416237251,1,Sample 2,Cell type 1
4524,0.5444298450231975,-0.16156311738523213,3,Sample 1,Cell type 2
4525,-0.7843352335849019,0.6597488533193987,2,Sample 3,Cell type 1
4526,1.6087213429074176,-0.03391840866801411,4,Sample 2,Cell type 2
4527,-0.12190576954348398,-1.467960862675481,5,Sample 3,Cell type 2
4528,0.567483028117773,-1.6874028576427798,4,Sample 2,Cell type 2
4529,1.61964637710541,-0.21105678163130187,4,Sample 2,Cell type 2
4530,-1.174334841824466,0.48625914963212585,2,Sample 3,Cell type 1
4531,2.900166700689626,-0.7745088634324983,3,Sample 1,Cell type 2
4532,-0.1992048028983846,0.5682767456451658,5,Sample 3,Cell type 2
4533,-2.159476855717184,0.2634439339276681,1,Sample 2,Cell type 1
4534,0.6975399731448335,0.24192444099530774,5,Sample 3,Cell type 2
4535,0.18440620115751005,0.1277819224866048,3,Sample 1,Cell type 2
4536,0.8963305041011689,-1.0647769637247888,4,Sample 2,Cell type 2
4537,0.2541090747719883,0.6394941920680068,1,Sample 2,Cell type 1
4538,-0.803206623918432,-0.40168846371091044,2,Sample 3,Cell type 1
4539,-0.2834163054084069,0.35448589634826894,3,Sample 1,Cell type 2
4540,0.6566595266583165,-1.1884440990645284,3,Sample 1,Cell type 2
4541,0.9995691537383451,0.030729504006190993,5,Sample 3,Cell type 2
4542,0.7815442696200743,0.11045601693493533,5,Sample 3,Cell type 2
4543,-1.8831933428657184,-1.2643352495347562,2,Sample 3,Cell type 1
4544,2.2463839844146394,0.35696514529931145,5,Sample 3,Cell type 2
4545,-0.8792502256037408,0.38550784559465245,2,Sample 3,Cell type 1
4546,-0.01883487608159784,-0.6732864581594824,2,Sample 3,Cell type 1
4547,-1.856726614020012,0.06973246666697629,1,Sample 2,Cell type 1
4548,0.8260261961968272,1.3244265743129047,3,Sample 1,Cell type 2
4549,2.626867725103617,1.477285764950083,4,Sample 2,Cell type 2
4550,1.0441852581751043,-1.216536778822182,5,Sample 3,Cell type 2
4551,-0.4950839646655303,1.3948367456955055,5,Sample 3,Cell type 2
4552,2.322805832908746,-0.5600432006045964,3,Sample 1,Cell type 2
4553,-1.7621143462615645,-1.3633625022172782,0,Sample 1,Cell type 1
4554,1.8546773487548804,-1.543584012464285,5,Sample 3,Cell type 2
4555,1.1783955949487381,0.2927335484066237,4,Sample 2,Cell type 2
4556,-0.38877150210562406,-0.2718409495408778,1,Sample 2,Cell type 1
4557,-0.7227910880043932,-1.172560287172271,2,Sample 3,Cell type 1
4558,-0.7276280812848701,-0.6788482650174221,0,Sample 1,Cell type 1
4559,-1.0604604610444197,-0.6441839901996766,1,Sample 2,Cell type 1
4560,-1.4192250122063466,-0.13575394041002578,1,Sample 2,Cell type 1
4561,-0.0488973735989513,1.3235957915870604,5,Sample 3,Cell type 2
4562,-2.9593585417985695,0.16062899749685078,1,Sample 2,Cell type 1
4563,-1.8744910610871575,-1.2416563483100376,0,Sample 1,Cell type 1
4564,0.9417049661819111,0.08364208741468007,4,Sample 2,Cell type 2
4565,0.040885571962390066,-1.5153593108526437,4,Sample 2,Cell type 2
4566,2.432822408718475,-0.5289641723879086,4,Sample 2,Cell type 2
4567,-3.343792470964421,0.17905333211684507,1,Sample 2,Cell type 1
4568,1.3916903754606422,-0.6673484249214525,4,Sample 2,Cell type 2
4569,0.17858911537371958,-0.25079070049137847,5,Sample 3,Cell type 2
4570,1.5028514532500368,-0.14082963851084265,3,Sample 1,Cell type 2
4571,-0.3808603251537147,-0.5516849441436206,2,Sample 3,Cell type 1
4572,-0.1683756827137891,-0.16641192279869013,0,Sample 1,Cell type 1
4573,-2.5143928247104173,-0.9216257317977417,1,Sample 2,Cell type 1
4574,-1.736585799347801,1.3791309522103044,1,Sample 2,Cell type 1
4575,-1.6611324191182444,-0.729227193312943,0,Sample 1,Cell type 1
4576,-1.602165464793925,0.9359142186564688,0,Sample 1,Cell type 1
4577,-1.575065572920552,-1.1907808140667486,0,Sample 1,Cell type 1
4578,0.1138883817607983,0.34179087243680645,1,Sample 2,Cell type 1
4579,2.7577964784453166,0.6182609688888095,3,Sample 1,Cell type 2
4580,-0.06752111405836958,-1.2806774327355057,1,Sample 2,Cell type 1
4581,-0.8050375221358429,-0.9231774152762495,1,Sample 2,Cell type 1
4582,-1.9002981921450173,-0.6099704734723663,0,Sample 1,Cell type 1
4583,0.06136746565744389,0.06076663326909806,0,Sample 1,Cell type 1
4584,-2.3815362227791237,-1.6920090305169873,1,Sample 2,Cell type 1
4585,-0.03999277936976142,1.0523660314011056,0,Sample 1,Cell type 1
4586,-2.2923185714816747,-1.1842342347847565,1,Sample 2,Cell type 1
4587,0.18395746184609352,0.18944666902935325,2,Sample 3,Cell type 1
4588,-1.711793612525109,0.030607286605332122,2,Sample 3,Cell type 1
4589,-0.5857555375159265,0.17535810624312426,2,Sample 3,Cell type 1
4590,0.9655085478723647,0.7368893737639345,4,Sample 2,Cell type 2
4591,0.5614429182531278,-0.7710948844441134,1,Sample 2,Cell type 1
4592,1.6179109720778584,0.6669664026140575,3,Sample 1,Cell type 2
4593,0.4790403402240806,0.3245831022922155,1,Sample 2,Cell type 1
4594,-2.378381783719279,1.0352406563084664,2,Sample 3,Cell type 1
4595,-1.870031701632394,-0.7164577239485707,2,Sample 3,Cell type 1
4596,-0.8266627731418253,2.1528986717465934,2,Sample 3,Cell type 1
4597,1.8953818244091445,-0.4804601794334266,5,Sample 3,Cell type 2
4598,-1.6544234582423818,-0.22276677199635428,0,Sample 1,Cell type 1
4599,2.959588342937999,-1.6424799722650052,5,Sample 3,Cell type 2
4600,-2.212413660576727,-0.8744526346595864,0,Sample 1,Cell type 1
4601,0.0835714887240443,-0.9773668536675357,5,Sample 3,Cell type 2
4602,1.5140271178342664,-0.65113796017782,4,Sample 2,Cell type 2
4603,2.4007744320145905,0.8396058196744278,5,Sample 3,Cell type 2
4604,-1.4716795581411333,0.1371193848303498,1,Sample 2,Cell type 1
4605,-0.45980833083015005,0.8621388496941157,2,Sample 3,Cell type 1
4606,-0.6724623394025966,-0.45692471555073955,4,Sample 2,Cell type 2
4607,-0.6543410959546234,-0.0294252732846838,0,Sample 1,Cell type 1
4608,-0.36244745112036836,0.5677880432365401,3,Sample 1,Cell type 2
4609,0.550493926403308,0.6021766892407716,4,Sample 2,Cell type 2
4610,0.9203102068752885,-0.4085022745378155,3,Sample 1,Cell type 2
4611,0.08594733937752363,-1.374451070930683,2,Sample 3,Cell type 1
4612,1.8521268098606836,0.049502642430037165,3,Sample 1,Cell type 2
4613,1.511446039437506,0.9777426400852541,3,Sample 1,Cell type 2
4614,0.6961276753411483,1.3889191754449701,0,Sample 1,Cell type 1
4615,0.9151545544921306,0.16331495713257482,5,Sample 3,Cell type 2
4616,1.6141049038536932,0.8519193032160479,4,Sample 2,Cell type 2
4617,1.7286917771334172,0.20764057416746634,4,Sample 2,Cell type 2
4618,0.09609595633548418,0.11414221662146569,4,Sample 2,Cell type 2
4619,2.1532450583112714,-1.7007331352593908,5,Sample 3,Cell type 2
4620,2.7267457004885873,-0.3179377218943424,3,Sample 1,Cell type 2
4621,-1.078691795899463,0.4934876647990488,1,Sample 2,Cell type 1
4622,0.07052344003217659,-1.1048470336232932,0,Sample 1,Cell type 1
4623,-1.1702083516993302,0.8294851007320134,1,Sample 2,Cell type 1
4624,1.1169984032214357,-0.9567326455683464,4,Sample 2,Cell type 2
4625,2.1466572251645344,-2.2972861368186748,5,Sample 3,Cell type 2
4626,1.4361322409553474,0.2407278500082551,4,Sample 2,Cell type 2
4627,0.48285832763494807,-0.30220075596637985,4,Sample 2,Cell type 2
4628,-0.17614875199585445,-0.4945862471359814,1,Sample 2,Cell type 1
4629,0.17035870931180763,0.08998934738899661,5,Sample 3,Cell type 2
4630,-0.725613997409269,-1.3240137648361663,3,Sample 1,Cell type 2
4631,-0.9694875486858963,-1.0713669621070412,2,Sample 3,Cell type 1
4632,-0.9317758976256463,-0.6094455403609005,0,Sample 1,Cell type 1
4633,1.2476736137778683,0.04140574806270685,2,Sample 3,Cell type 1
4634,-1.439997507139322,1.4300462955996747,2,Sample 3,Cell type 1
4635,-1.6929964595777116,-1.1665049978249051,1,Sample 2,Cell type 1
4636,2.288036905985567,-0.23403262516240028,3,Sample 1,Cell type 2
4637,0.034704816990872356,0.26691924467727457,2,Sample 3,Cell type 1
4638,-1.0185045016154564,0.2602653058068528,2,Sample 3,Cell type 1
4639,1.3321147940426505,0.11185712536576564,3,Sample 1,Cell type 2
4640,1.7428731380407765,-1.5535925657621006,5,Sample 3,Cell type 2
4641,-0.9687576261226943,-1.7716537920942483,1,Sample 2,Cell type 1
4642,1.505416123513994,-0.1788022204406127,5,Sample 3,Cell type 2
4643,3.183560203457598,0.3315168034568741,5,Sample 3,Cell type 2
4644,1.0357424395476713,-1.280589217030399,3,Sample 1,Cell type 2
4645,-1.2416775831152491,-0.8020730028737587,0,Sample 1,Cell type 1
4646,1.129879017491571,-1.6503351908664912,3,Sample 1,Cell type 2
4647,-2.0033399686171727,1.0772198538852171,2,Sample 3,Cell type 1
4648,0.24435246516339504,-0.6084636437642486,5,Sample 3,Cell type 2
4649,-0.47833014410778185,0.2932166849239498,0,Sample 1,Cell type 1
4650,0.43466554021992165,1.15774392329598,3,Sample 1,Cell type 2
4651,1.2548177400875726,-0.09185075156596317,5,Sample 3,Cell type 2
4652,2.2907593328682943,-1.5654827198090504,4,Sample 2,Cell type 2
4653,-0.9062190064433115,-0.056333815109570175,0,Sample 1,Cell type 1
4654,-2.2737404727317685,0.19668063816985112,1,Sample 2,Cell type 1
4655,-0.49861276667363996,-1.8015661507286356,4,Sample 2,Cell type 2
4656,1.3397992595541195,-0.16383638797709024,5,Sample 3,Cell type 2
4657,-0.04937676711241501,0.09242146507372853,5,Sample 3,Cell type 2
4658,0.3873019903073378,0.26303891054014095,5,Sample 3,Cell type 2
4659,-1.3088853341587339,-1.8772131950145037,2,Sample 3,Cell type 1
4660,-0.12156335257964801,1.2595377842751088,2,Sample 3,Cell type 1
4661,-0.14472316722378187,1.5395520353237329,0,Sample 1,Cell type 1
4662,-0.1896412704444428,0.4061027873866574,1,Sample 2,Cell type 1
4663,-0.8113065262528367,-0.44247256706884264,1,Sample 2,Cell type 1
4664,1.5134374774717219,0.894973075386826,4,Sample 2,Cell type 2
4665,0.2784538231908693,-0.5136716643745287,0,Sample 1,Cell type 1
4666,0.6872497302646805,-0.7580661450930618,5,Sample 3,Cell type 2
4667,-1.8767096615947314,0.633085125108578,2,Sample 3,Cell type 1
4668,-1.0563833999096393,0.2171162235660564,2,Sample 3,Cell type 1
4669,1.0128584906955902,0.8198499634555277,4,Sample 2,Cell type 2
4670,-1.0711606076781006,-0.5212116986721719,2,Sample 3,Cell type 1
4671,1.027428772528566,-0.8075277055451311,3,Sample 1,Cell type 2
4672,1.3520883945136544,0.5236035935655263,3,Sample 1,Cell type 2
4673,-3.362335350736701,2.29410873784595,2,Sample 3,Cell type 1
4674,1.372034826217356,0.049150604619063405,5,Sample 3,Cell type 2
4675,0.6109343388034028,1.1454432605741383,3,Sample 1,Cell type 2
4676,0.419593727220096,-0.6564933439628844,5,Sample 3,Cell type 2
4677,-2.367019742581061,-2.367657123146157,2,Sample 3,Cell type 1
4678,2.3545558347474973,-0.9720023475439189,3,Sample 1,Cell type 2
4679,1.28157908634182,0.05916389404255864,4,Sample 2,Cell type 2
4680,-1.0944709368072616,0.5515116674249607,2,Sample 3,Cell type 1
4681,0.5946686278689988,0.36616287162580474,4,Sample 2,Cell type 2
4682,-1.5017426065070503,-1.23282268162117,0,Sample 1,Cell type 1
4683,-1.2650101818292305,1.3074799906135648,2,Sample 3,Cell type 1
4684,-1.8261784941496624,1.5580526685905696,2,Sample 3,Cell type 1
4685,-1.3454872671977045,0.18205236685909723,2,Sample 3,Cell type 1
4686,-1.0121475022641406,-0.9519398360603103,0,Sample 1,Cell type 1
4687,-0.41132988207804555,0.4114917573232625,3,Sample 1,Cell type 2
4688,-0.06308105583399204,-0.560352509963387,5,Sample 3,Cell type 2
4689,-1.6465665390122777,0.8054319392499971,0,Sample 1,Cell type 1
4690,0.10833677313284418,-0.05778341545744223,5,Sample 3,Cell type 2
4691,0.6084304825813156,-0.28050829718871073,4,Sample 2,Cell type 2
4692,-0.5931389455662961,-0.3203766759472495,2,Sample 3,Cell type 1
4693,3.213884786526442,0.7033475155145688,4,Sample 2,Cell type 2
4694,0.8795372343026548,-0.1256306653396564,0,Sample 1,Cell type 1
4695,-2.9554025914126325,0.7626795094353794,0,Sample 1,Cell type 1
4696,0.16645675560325657,-0.9964411351222066,1,Sample 2,Cell type 1
4697,-1.5470877346082361,-0.4852104328340807,1,Sample 2,Cell type 1
4698,-1.8842386541844787,-0.20216983499732216,0,Sample 1,Cell type 1
4699,-1.9500755408187367,-0.3183171836103054,2,Sample 3,Cell type 1
4700,0.20256377771946055,-0.29932144186488746,3,Sample 1,Cell type 2
4701,-1.1648354239479652,-0.3210058207618841,1,Sample 2,Cell type 1
4702,0.49253650132612603,-2.0928781387257125,5,Sample 3,Cell type 2
4703,-1.1001034552138302,-0.8135168773183108,0,Sample 1,Cell type 1
4704,-0.3671717120019964,0.4798865861093813,2,Sample 3,Cell type 1
4705,-1.476784183390335,0.4619406898020205,0,Sample 1,Cell type 1
4706,0.544316868019425,-0.08777284537106109,2,Sample 3,Cell type 1
4707,0.7436895314361445,-0.8975384621715738,4,Sample 2,Cell type 2
4708,0.7830430997807971,-0.39063001889124,5,Sample 3,Cell type 2
4709,1.6243355012825669,1.4260449376413529,4,Sample 2,Cell type 2
4710,1.016242527221402,1.0896070972879774,3,Sample 1,Cell type 2
4711,0.43279113371820477,-1.4134275408311736,5,Sample 3,Cell type 2
4712,-2.4529899936134325,1.1131492195145398,4,Sample 2,Cell type 2
4713,3.2769349743267573,-0.8942337035383032,3,Sample 1,Cell type 2
4714,1.2225443068978803,0.7979215434818846,4,Sample 2,Cell type 2
4715,0.3459032759495413,-0.7898556211766146,3,Sample 1,Cell type 2
4716,1.4258309079410083,-0.6326202942356107,3,Sample 1,Cell type 2
4717,-0.31696426919191134,0.2530722815724382,0,Sample 1,Cell type 1
4718,1.1475316572340866,-0.6683932491951404,5,Sample 3,Cell type 2
4719,1.943559899032187,-0.07296039489187542,3,Sample 1,Cell type 2
4720,1.4976147057395335,-0.842932805619278,3,Sample 1,Cell type 2
4721,0.21980387360487996,-0.026719911257380588,4,Sample 2,Cell type 2
4722,-2.4349848929149305,-0.5394375206583956,0,Sample 1,Cell type 1
4723,1.5138511251434854,-0.7329625388938715,4,Sample 2,Cell type 2
4724,0.23155922124606065,-0.5788650078243274,3,Sample 1,Cell type 2
4725,0.21596560317182534,0.7975720697263161,2,Sample 3,Cell type 1
4726,-0.2574115617991287,-0.7804171941398103,1,Sample 2,Cell type 1
4727,0.28161453127766134,0.9166836848853552,4,Sample 2,Cell type 2
4728,-2.4273849810141623,-1.6919319466251406,1,Sample 2,Cell type 1
4729,2.948969306985901,0.9491585656385865,4,Sample 2,Cell type 2
4730,0.654051361066371,-0.1851902943094548,3,Sample 1,Cell type 2
4731,1.1270030470350336,-1.3724864461296538,5,Sample 3,Cell type 2
4732,0.11127672264031574,-0.9287597178849915,2,Sample 3,Cell type 1
4733,-1.0477961215272196,-0.4958836231844246,2,Sample 3,Cell type 1
4734,-0.2177595420496541,0.7985617535400679,1,Sample 2,Cell type 1
4735,2.001370874682972,-0.0640082617473024,3,Sample 1,Cell type 2
4736,-2.474226151692415,-1.607737918819218,1,Sample 2,Cell type 1
4737,-0.5151196067982677,-0.8286062337714296,0,Sample 1,Cell type 1
4738,0.32005100517944574,-0.09178798913431019,3,Sample 1,Cell type 2
4739,-1.0563756195945113,0.21881111266160377,2,Sample 3,Cell type 1
4740,1.324203433369686,0.4871891646074505,3,Sample 1,Cell type 2
4741,-0.45142655931225895,-1.3998363604571182,2,Sample 3,Cell type 1
4742,-1.6368633053398236,-0.6409564777584392,1,Sample 2,Cell type 1
4743,1.794157380810982,0.9247314090174225,4,Sample 2,Cell type 2
4744,-0.28414391910320824,0.06240344554381318,3,Sample 1,Cell type 2
4745,-3.239494618071691,-0.5924235711004635,1,Sample 2,Cell type 1
4746,1.6630870106511073,0.5569742971301719,5,Sample 3,Cell type 2
4747,-0.16795553811310926,-1.3158994096758734,5,Sample 3,Cell type 2
4748,-1.7711666786150193,-1.0134485648199452,2,Sample 3,Cell type 1
4749,3.042092450493508,0.16960823678635442,5,Sample 3,Cell type 2
4750,-1.2976974064207474,-0.45914473228519553,2,Sample 3,Cell type 1
4751,1.976050477261833,-0.022669815176531525,4,Sample 2,Cell type 2
4752,1.7714425495809596,1.3721747368344805,4,Sample 2,Cell type 2
4753,0.25627124326071826,-0.35300665020962146,5,Sample 3,Cell type 2
4754,-0.6053718350712454,0.017654991924590913,1,Sample 2,Cell type 1
4755,-0.921685167646852,-0.9325292147776771,2,Sample 3,Cell type 1
4756,-1.2381911499141605,2.448152249930657,0,Sample 1,Cell type 1
4757,0.7386026661899656,0.39973065397853164,3,Sample 1,Cell type 2
4758,-1.8782859276795993,0.9482776169470556,0,Sample 1,Cell type 1
4759,0.104902093225963,-1.088676916822085,0,Sample 1,Cell type 1
4760,-0.8585848729081532,0.15857084025242316,2,Sample 3,Cell type 1
4761,-1.8993720090654196,-0.4542974291053957,0,Sample 1,Cell type 1
4762,-2.2060648640115414,0.38899502168332856,2,Sample 3,Cell type 1
4763,-1.419432851681418,-1.4352327605401158,0,Sample 1,Cell type 1
4764,-2.11091398469193,-0.5332178332376049,0,Sample 1,Cell type 1
4765,-1.295105244861626,0.1396716154730812,1,Sample 2,Cell type 1
4766,1.895873671404527,0.5180057332473287,4,Sample 2,Cell type 2
4767,1.2585452626246842,0.8493439551804399,4,Sample 2,Cell type 2
4768,1.057284155346866,-0.3346011103711396,3,Sample 1,Cell type 2
4769,2.0584098866779357,1.0212917533800885,5,Sample 3,Cell type 2
4770,0.8261602976353789,-1.7805464249157759,5,Sample 3,Cell type 2
4771,-1.5885085494930187,0.024582041866294802,2,Sample 3,Cell type 1
4772,-1.8922531145106765,-1.9380511022433433,0,Sample 1,Cell type 1
4773,-0.18217501851859486,0.035612751720283324,5,Sample 3,Cell type 2
4774,1.7498419899664912,-0.5672243655039927,3,Sample 1,Cell type 2
4775,0.6565320141281098,0.6661130976947198,4,Sample 2,Cell type 2
4776,1.4836708025383427,0.5780711115100584,3,Sample 1,Cell type 2
4777,-1.7246545765685886,0.9691633301919123,2,Sample 3,Cell type 1
4778,-0.26783450436729717,-1.1077778847905597,0,Sample 1,Cell type 1
4779,-2.234506327507419,-0.6384969021847919,1,Sample 2,Cell type 1
4780,0.03823130898523286,1.247714457536559,1,Sample 2,Cell type 1
4781,0.629865612564865,0.13105529714420214,5,Sample 3,Cell type 2
4782,0.9415773919389532,-0.5451434307030045,0,Sample 1,Cell type 1
4783,-0.3568511884270438,-1.8449471507197301,1,Sample 2,Cell type 1
4784,-0.9392246157808686,-1.2822733675921112,0,Sample 1,Cell type 1
4785,1.0338070162430006,-0.1368170150694281,5,Sample 3,Cell type 2
4786,-1.4772318565351967,-0.7135855490361098,0,Sample 1,Cell type 1
4787,0.7570432928573523,-1.3891058488671724,3,Sample 1,Cell type 2
4788,-2.0797277755287773,-2.084529476671989,1,Sample 2,Cell type 1
4789,-1.3699224428528556,0.919460685665735,2,Sample 3,Cell type 1
4790,0.6512602030572787,-0.22245445101995953,5,Sample 3,Cell type 2
4791,-2.4550420374532127,-0.2064440986699205,2,Sample 3,Cell type 1
4792,0.7079903150713793,-0.8531034455420876,1,Sample 2,Cell type 1
4793,-1.0314896414472656,1.593720572071959,0,Sample 1,Cell type 1
4794,1.32314958413233,1.2008062747554216,4,Sample 2,Cell type 2
4795,0.16077747867447112,0.6058632161429626,0,Sample 1,Cell type 1
4796,-1.8906443382327227,-0.11320822808968334,0,Sample 1,Cell type 1
4797,0.19418106370671995,0.9565683237298948,3,Sample 1,Cell type 2
4798,-0.7972228701631525,-0.3325742359500227,1,Sample 2,Cell type 1
4799,-1.1178332246135139,1.015415804941954,2,Sample 3,Cell type 1
4800,-2.4909608869099964,-0.47200332263638667,1,Sample 2,Cell type 1
4801,-0.3889618389466495,-0.12329594049821244,1,Sample 2,Cell type 1
4802,1.496767833398645,-0.30968822543609964,3,Sample 1,Cell type 2
4803,-1.162352513586167,1.2355636272088772,1,Sample 2,Cell type 1
4804,-0.5399176604275173,1.236292690646662,0,Sample 1,Cell type 1
4805,2.5929217608900337,0.8189662867745028,5,Sample 3,Cell type 2
4806,1.3963185944901222,-0.4688716961079862,4,Sample 2,Cell type 2
4807,1.3955374432076606,-0.08847886270893841,3,Sample 1,Cell type 2
4808,-1.0929292841341427,-1.4788699300387507,1,Sample 2,Cell type 1
4809,1.2922824155801875,0.5225109183320533,3,Sample 1,Cell type 2
4810,-2.113683974400315,0.09846762464967306,1,Sample 2,Cell type 1
4811,-0.13933449811778853,2.0922059752675364,2,Sample 3,Cell type 1
4812,1.4702006898340247,-0.40373718579820816,5,Sample 3,Cell type 2
4813,0.24547430799927306,-1.0913914193609824,4,Sample 2,Cell type 2
4814,-1.2563532439679812,-0.09557468103577783,2,Sample 3,Cell type 1
4815,-1.9586022967678354,-0.2747022339192009,0,Sample 1,Cell type 1
4816,0.8444679832959343,-1.0161579796490716,5,Sample 3,Cell type 2
4817,-0.7220502886609326,1.531993450171714,0,Sample 1,Cell type 1
4818,1.4827502969628186,-1.504032448315814,4,Sample 2,Cell type 2
4819,2.257084159658642,0.40047148383855824,4,Sample 2,Cell type 2
4820,-0.5446310018897212,-0.6554449821659518,1,Sample 2,Cell type 1
4821,0.7667003682963167,0.11194629021694279,5,Sample 3,Cell type 2
4822,-0.010875545787840002,1.8410890929094388,4,Sample 2,Cell type 2
4823,0.24211117925075032,-1.1405490195354573,5,Sample 3,Cell type 2
4824,0.013445225694951324,-0.04625435122963762,0,Sample 1,Cell type 1
4825,0.27973604655336093,-0.016135171424818857,5,Sample 3,Cell type 2
4826,-1.3412149668887383,-0.1832223240921256,0,Sample 1,Cell type 1
4827,-0.824477514374686,-0.6824538619988312,1,Sample 2,Cell type 1
4828,0.8217337328655758,1.1705628609503629,4,Sample 2,Cell type 2
4829,-0.5475296732582668,-2.24394373829707,1,Sample 2,Cell type 1
4830,-0.9239453688764236,0.7181950946510126,2,Sample 3,Cell type 1
4831,-1.5225834722985558,-0.5502467226497654,1,Sample 2,Cell type 1
4832,0.7162602994753698,0.24124538483077795,3,Sample 1,Cell type 2
4833,-0.07133991447822863,-1.3370043357332748,0,Sample 1,Cell type 1
4834,0.5087537244873828,-0.8509561919484581,1,Sample 2,Cell type 1
4835,-1.158007550949294,0.601789324282116,1,Sample 2,Cell type 1
4836,0.70139910540509,-1.3757321666333577,5,Sample 3,Cell type 2
4837,0.6379209795225496,-2.6943359423945603,5,Sample 3,Cell type 2
4838,2.5698800032688,0.5972380817046865,4,Sample 2,Cell type 2
4839,1.214864132762221,-1.146453592620784,5,Sample 3,Cell type 2
4840,-1.1010952447217468,-0.1988726395799007,0,Sample 1,Cell type 1
4841,2.069925617073841,-0.5985413262028009,5,Sample 3,Cell type 2
4842,1.2555199528627428,-0.006356614095746744,4,Sample 2,Cell type 2
4843,1.8527607177180105,0.6072254800277579,4,Sample 2,Cell type 2
4844,1.9143435012072008,-0.3630417713718143,3,Sample 1,Cell type 2
4845,-1.6664410956989428,0.7783419946419102,2,Sample 3,Cell type 1
4846,-1.309657561033804,-0.3370807356752258,2,Sample 3,Cell type 1
4847,-2.2815614372051307,-0.2399870963109733,1,Sample 2,Cell type 1
4848,-0.9716575939642038,0.6210663087029513,2,Sample 3,Cell type 1
4849,1.2880523723439201,-1.183894439298536,5,Sample 3,Cell type 2
4850,-0.6219149585933428,0.5461655338941039,1,Sample 2,Cell type 1
4851,1.0493778482479743,-1.1110607985801564,2,Sample 3,Cell type 1
4852,2.5712730732458224,0.6504073423994686,4,Sample 2,Cell type 2
4853,-0.7791394120528314,-0.44569358820426164,5,Sample 3,Cell type 2
4854,1.5912088356876826,-0.6501126641535265,4,Sample 2,Cell type 2
4855,-0.8979450472299796,0.41309460150686184,2,Sample 3,Cell type 1
4856,-1.120877867323493,0.7297274458438039,0,Sample 1,Cell type 1
4857,-0.7682046483495121,-0.0670013241895505,0,Sample 1,Cell type 1
4858,-1.11290883400261,0.29509157174342165,1,Sample 2,Cell type 1
4859,-0.40731015459445263,1.8091840848897147,0,Sample 1,Cell type 1
4860,1.0189834730655285,-1.017960511952329,3,Sample 1,Cell type 2
4861,0.9985404547329579,-0.15945130360328572,4,Sample 2,Cell type 2
4862,1.4423009598049619,-0.20617292782953872,3,Sample 1,Cell type 2
4863,0.539925928271709,0.4715644608690613,2,Sample 3,Cell type 1
4864,0.8263167690153793,-1.603903573786346,4,Sample 2,Cell type 2
4865,0.5664546541580266,0.21834253174944732,5,Sample 3,Cell type 2
4866,0.206709665295704,0.08127881928579146,4,Sample 2,Cell type 2
4867,-1.8925269970962795,-0.5695922473963128,2,Sample 3,Cell type 1
4868,-0.6014950328810877,-0.47970367364370087,4,Sample 2,Cell type 2
4869,-0.5425582242928694,3.5336139357926943,1,Sample 2,Cell type 1
4870,-0.22802376825555282,-0.8354392547903963,4,Sample 2,Cell type 2
4871,-0.499652693518742,-1.714450008609575,2,Sample 3,Cell type 1
4872,1.5319814781926993,-0.14076835091352244,5,Sample 3,Cell type 2
4873,-1.2871485420999562,-0.7164232711231402,0,Sample 1,Cell type 1
4874,2.1014142602618486,0.8543668485377841,5,Sample 3,Cell type 2
4875,-0.37413777290473116,-1.0269076587774644,1,Sample 2,Cell type 1
4876,-1.7448311985838476,0.07752949474173729,0,Sample 1,Cell type 1
4877,-0.2149330740751456,-0.4096790143345432,3,Sample 1,Cell type 2
4878,0.9656870600424106,0.5134564875190644,1,Sample 2,Cell type 1
4879,-1.999518260919246,1.5770433990812605,0,Sample 1,Cell type 1
4880,-1.0262947652685868,0.6976036094301774,2,Sample 3,Cell type 1
4881,0.9141930179229857,1.5572896333714519,3,Sample 1,Cell type 2
4882,-1.0621635261956586,-0.997647381717105,5,Sample 3,Cell type 2
4883,2.402114889086521,0.8933652926814866,4,Sample 2,Cell type 2
4884,-0.37933841113798583,0.24237557060610435,4,Sample 2,Cell type 2
4885,0.033676438422282184,0.41248614521289756,5,Sample 3,Cell type 2
4886,0.5901918191692186,-0.3184730665380934,4,Sample 2,Cell type 2
4887,1.0027541050647155,0.5261606572380667,4,Sample 2,Cell type 2
4888,2.17263557975123,-0.5985287012735326,5,Sample 3,Cell type 2
4889,-1.0669900861900417,0.5586048877956102,0,Sample 1,Cell type 1
4890,-1.9409765371066479,-0.023634713942866925,2,Sample 3,Cell type 1
4891,-1.9813591696985613,1.269839141771643,0,Sample 1,Cell type 1
4892,-2.3674114679291582,-2.548940038299512,1,Sample 2,Cell type 1
4893,-1.9495804313590255,0.11364096261066135,2,Sample 3,Cell type 1
4894,0.2715879836846078,-0.9231510554771467,4,Sample 2,Cell type 2
4895,0.26225647941934915,0.30263665606730594,5,Sample 3,Cell type 2
4896,-0.05741406404069649,1.0526309931849962,1,Sample 2,Cell type 1
4897,1.7667361637117582,0.8233810182880648,5,Sample 3,Cell type 2
4898,-0.19872179935197742,1.1771677732944095,5,Sample 3,Cell type 2
4899,-0.14332584169257756,1.0392243900450482,3,Sample 1,Cell type 2
4900,-1.1156837602950376,-1.6936641409478752,0,Sample 1,Cell type 1
4901,-1.2626301420239896,-1.4068717278269913,0,Sample 1,Cell type 1
4902,-1.830909921499814,-1.2165161450547004,0,Sample 1,Cell type 1
4903,0.8292758558928333,0.7646260779419556,3,Sample 1,Cell type 2
4904,-1.1667588929899375,-0.11683862976008355,0,Sample 1,Cell type 1
4905,-0.6437810361612276,0.23719573075930647,2,Sample 3,Cell type 1
4906,-1.2431506864247606,0.5938646508941086,5,Sample 3,Cell type 2
4907,2.070303815130207,0.6005206326863177,3,Sample 1,Cell type 2
4908,0.1715671604589184,1.4053600770541674,0,Sample 1,Cell type 1
4909,0.30583479345129083,1.6264769792740967,1,Sample 2,Cell type 1
4910,-0.6441211131507656,-0.8618120595136907,2,Sample 3,Cell type 1
4911,0.4667810901575371,0.29436513739006076,3,Sample 1,Cell type 2
4912,-0.45394924677743553,-0.16487695684834908,1,Sample 2,Cell type 1
4913,-0.0026354649362351212,-0.9359153344129778,0,Sample 1,Cell type 1
4914,-1.2106178731962833,0.41972253700170103,1,Sample 2,Cell type 1
4915,1.2622410863343514,0.02896657833315573,3,Sample 1,Cell type 2
4916,1.3026501003228064,-0.6633264250374274,3,Sample 1,Cell type 2
4917,-1.441351307429394,-0.1345101238484899,3,Sample 1,Cell type 2
4918,-1.2331379312386328,-0.17671486417648044,0,Sample 1,Cell type 1
4919,0.9111511949898943,0.7437800917725897,4,Sample 2,Cell type 2
4920,1.5630261343075005,-0.20094442958997863,4,Sample 2,Cell type 2
4921,-0.8029324757296225,-0.757639468681337,2,Sample 3,Cell type 1
4922,-1.0407288717679029,-1.1097911745133697,2,Sample 3,Cell type 1
4923,0.1553796048330235,-0.4917668575173057,4,Sample 2,Cell type 2
4924,0.9429491331686704,0.4345111116542862,3,Sample 1,Cell type 2
4925,1.6198414700992925,0.5487639510030345,5,Sample 3,Cell type 2
4926,1.980345022237989,0.34383033514440964,5,Sample 3,Cell type 2
4927,0.5868714941389896,0.5235510284734554,4,Sample 2,Cell type 2
4928,-0.732735991328737,0.6544102333369437,5,Sample 3,Cell type 2
4929,-0.710125920309713,-0.009982803553741853,1,Sample 2,Cell type 1
4930,1.752835724168447,-0.9609503193346908,4,Sample 2,Cell type 2
4931,2.849063400464284,1.3885260963927137,4,Sample 2,Cell type 2
4932,-0.18123982130268113,0.21726820473304226,5,Sample 3,Cell type 2
4933,1.592328732402307,-0.35575519321456267,3,Sample 1,Cell type 2
4934,0.037383292935523116,-1.0956634141472568,2,Sample 3,Cell type 1
4935,-1.6384880415956282,0.5801358891736589,2,Sample 3,Cell type 1
4936,-1.1553645699467376,0.7952939437380051,0,Sample 1,Cell type 1
4937,0.1800507480223621,-0.2018870737902943,2,Sample 3,Cell type 1
4938,0.04298095015271319,0.9194622879599533,3,Sample 1,Cell type 2
4939,2.4637876611479737,0.21243875744193305,4,Sample 2,Cell type 2
4940,2.094802648549372,0.13996044338720476,4,Sample 2,Cell type 2
4941,-1.9829274340858598,-0.22830846978814287,2,Sample 3,Cell type 1
4942,0.31163569452270723,-1.616384461125621,5,Sample 3,Cell type 2
4943,-0.7685209266796653,-0.21659865707719173,1,Sample 2,Cell type 1
4944,-0.07944267560431229,-0.1714015673362951,2,Sample 3,Cell type 1
4945,0.9463111192070276,-1.5314992724586747,3,Sample 1,Cell type 2
4946,-2.533044195419639,-0.0499929290069569,0,Sample 1,Cell type 1
4947,0.6702924905760181,0.15908589292523745,4,Sample 2,Cell type 2
4948,-0.9451734976721258,0.4342803388390665,4,Sample 2,Cell type 2
4949,1.8782410035597072,0.007971933302005841,3,Sample 1,Cell type 2
4950,0.662401904550792,1.4116670869252987,4,Sample 2,Cell type 2
4951,-1.9827405103557818,0.8012227507528579,1,Sample 2,Cell type 1
4952,1.8615743403341782,-0.0954815718072783,3,Sample 1,Cell type 2
4953,0.4796091116022214,0.26562688140367496,4,Sample 2,Cell type 2
4954,-0.8284279678614781,0.847179522690735,1,Sample 2,Cell type 1
4955,-1.4783090962232937,-1.4110734828289102,1,Sample 2,Cell type 1
4956,1.6173014107941281,-0.23601021244457032,5,Sample 3,Cell type 2
4957,0.4682634867177137,1.120536907400931,4,Sample 2,Cell type 2
4958,2.1842396560146007,0.5820695418767801,5,Sample 3,Cell type 2
4959,-1.992062934852781,0.6132235593986531,1,Sample 2,Cell type 1
4960,0.7782982469381367,-2.0713245459029883,3,Sample 1,Cell type 2
4961,-0.2873266206507392,-0.5135763871801016,2,Sample 3,Cell type 1
4962,1.0486464965614009,0.11299372798603347,3,Sample 1,Cell type 2
4963,-1.1528671219099575,1.4730659656475757,2,Sample 3,Cell type 1
4964,-0.983784815159998,0.4253673112590651,2,Sample 3,Cell type 1
4965,0.5941053846736215,0.264554449148846,3,Sample 1,Cell type 2
4966,0.6938220468275302,1.21087804153948,0,Sample 1,Cell type 1
4967,-2.1271540999718073,0.3272686943624711,1,Sample 2,Cell type 1
4968,-1.1731248683030102,0.27139260810025123,0,Sample 1,Cell type 1
4969,-1.8141529374943894,1.0554811607407004,1,Sample 2,Cell type 1
4970,1.1034475945832185,1.2845957864352926,4,Sample 2,Cell type 2
4971,-1.8692043695775633,-0.4847163059669618,2,Sample 3,Cell type 1
4972,-0.7972622944772054,0.6234504796051735,1,Sample 2,Cell type 1
4973,0.6239132988080689,-0.1718134125545688,1,Sample 2,Cell type 1
4974,1.6727004742843503,0.26808857192146063,3,Sample 1,Cell type 2
4975,0.7587416903752577,-0.455172033835743,1,Sample 2,Cell type 1
4976,-0.20180134891242973,-0.37868561431294795,1,Sample 2,Cell type 1
4977,1.0828496235807927,0.4286163180488993,3,Sample 1,Cell type 2
4978,-1.9125063570632839,0.07711844526302314,1,Sample 2,Cell type 1
4979,-0.8646229853707812,0.3284649022196029,0,Sample 1,Cell type 1
4980,-1.5503660226927534,-1.2659949871634,0,Sample 1,Cell type 1
4981,-0.873115570349146,1.4297642352392363,1,Sample 2,Cell type 1
4982,3.1323585707303474,1.2558906739792668,3,Sample 1,Cell type 2
4983,1.774164374555641,0.7292340399378004,3,Sample 1,Cell type 2
4984,1.346549651144051,-2.4368091243048973,5,Sample 3,Cell type 2
4985,1.169767973411182,1.447260522455456,4,Sample 2,Cell type 2
4986,0.35603831306329414,1.0093492906649355,3,Sample 1,Cell type 2
4987,1.3693449491082028,1.0932001021196123,4,Sample 2,Cell type 2
4988,-0.889115673893963,0.4963368384364208,0,Sample 1,Cell type 1
4989,-0.5261169846949236,-0.42966963557352045,2,Sample 3,Cell type 1
4990,0.16285430089387054,-0.6742545539429177,2,Sample 3,Cell type 1
4991,-0.656258092991602,0.3870374824719627,0,Sample 1,Cell type 1
4992,-1.9561541753321916,0.38547638748688373,0,Sample 1,Cell type 1
4993,0.508634265596565,-1.2146847031981265,4,Sample 2,Cell type 2
4994,-1.1781439560862137,1.8611157043471969,1,Sample 2,Cell type 1
4995,0.2028575801802791,-0.5623511565910342,4,Sample 2,Cell type 2
4996,-1.5598313249989433,0.5244638248564779,1,Sample 2,Cell type 1
4997,0.07547330124538398,-1.4410630789304157,4,Sample 2,Cell type 2
4998,1.18404483771097,0.38966384282462657,1,Sample 2,Cell type 1
4999,0.7259877809665936,1.1764218808356424,5,Sample 3,Cell type 2
5000,-0.3797519886330979,-0.615270854057749,2,Sample 3,Cell type 1
5001,-0.8383399546312689,1.2106328584071733,2,Sample 3,Cell type 1
5002,0.07696833798108593,-0.548804613887444,0,Sample 1,Cell type 1
5003,-1.6657940475756705,-1.2011495462192094,2,Sample 3,Cell type 1
5004,0.9983541170403096,0.12598388668921837,4,Sample 2,Cell type 2
5005,-1.3722449800794798,1.6989188916061715,1,Sample 2,Cell type 1
5006,-1.527878142607542,0.20179476386171372,1,Sample 2,Cell type 1
5007,1.674354301191506,-0.5377309722219631,3,Sample 1,Cell type 2
5008,-0.851715242887135,0.04579893167041626,1,Sample 2,Cell type 1
5009,0.4065998916573781,-0.2465937736463738,1,Sample 2,Cell type 1
5010,-2.251199732638116,0.14198529536439253,1,Sample 2,Cell type 1
5011,-1.2208493044025834,-0.6783625479217407,0,Sample 1,Cell type 1
5012,1.6659496462413848,1.5117726439993764,3,Sample 1,Cell type 2
5013,0.41636079489959577,0.4110192096573593,2,Sample 3,Cell type 1
5014,0.22634783750939136,-0.801511929531913,3,Sample 1,Cell type 2
5015,-2.2100054599308496,-0.8267867518357784,0,Sample 1,Cell type 1
5016,1.8975390108929853,1.0637010383030043,3,Sample 1,Cell type 2
5017,-0.4257540087033186,0.45076002745001126,0,Sample 1,Cell type 1
5018,-1.336031582502776,-0.45017803538639617,2,Sample 3,Cell type 1
5019,0.6909983417327956,1.0279866535970021,4,Sample 2,Cell type 2
5020,-1.98763148707396,-1.3292324347787112,1,Sample 2,Cell type 1
5021,-0.123646392232869,0.26891800228958573,2,Sample 3,Cell type 1
5022,2.6632361725937646,0.8916397619616766,4,Sample 2,Cell type 2
5023,-0.26842409304493586,0.5666659577312511,0,Sample 1,Cell type 1
5024,-1.3237917812101772,-1.1934429174738346,1,Sample 2,Cell type 1
5025,1.3160238229248744,0.053296590613039437,0,Sample 1,Cell type 1
5026,1.100783739359132,-0.41102923022416166,5,Sample 3,Cell type 2
5027,-0.2848596553493097,0.8762600244850622,2,Sample 3,Cell type 1
5028,0.7185905473120516,-0.7163900190078787,3,Sample 1,Cell type 2
5029,0.3159763448458732,0.4037721880630746,2,Sample 3,Cell type 1
5030,0.37767574910932766,1.096885666527585,0,Sample 1,Cell type 1
5031,-0.8250541285803976,-0.3178496635296195,0,Sample 1,Cell type 1
5032,0.7922924631075501,-0.7172880019324898,4,Sample 2,Cell type 2
5033,2.848774457130463,0.13303866513287427,3,Sample 1,Cell type 2
5034,0.8063975798465591,1.388048964895172,3,Sample 1,Cell type 2
5035,0.8360554745278683,0.2530905143256588,4,Sample 2,Cell type 2
5036,0.2889846128663127,0.6235336892708304,4,Sample 2,Cell type 2
5037,-1.4904271781280547,0.3592225029168638,0,Sample 1,Cell type 1
5038,1.9944974816239731,-0.3397780337038427,4,Sample 2,Cell type 2
5039,1.6888619404120147,0.9660714321694007,4,Sample 2,Cell type 2
5040,1.9956084029739718,0.18062882485999046,3,Sample 1,Cell type 2
5041,-0.7401757336481287,0.23428965489409867,0,Sample 1,Cell type 1
5042,1.2311049315922507,-0.2056252894285865,4,Sample 2,Cell type 2
5043,-1.6784759023218654,0.34438819632974244,2,Sample 3,Cell type 1
5044,-0.9351668248446298,-0.1909880729110365,1,Sample 2,Cell type 1
5045,-1.2123524874941167,-0.882688359296284,5,Sample 3,Cell type 2
5046,-0.05932846830776395,1.4061190584359067,5,Sample 3,Cell type 2
5047,-2.413793311413321,1.2200156421393133,2,Sample 3,Cell type 1
5048,1.7696813569734364,0.23786118913792595,3,Sample 1,Cell type 2
5049,-0.26656409914316237,-1.168293513318442,3,Sample 1,Cell type 2
5050,1.4991748373186264,-1.4615260583129706,5,Sample 3,Cell type 2
5051,1.3075785286421855,-1.1684933457020124,4,Sample 2,Cell type 2
5052,-1.294315585848794,-0.19211110141539442,1,Sample 2,Cell type 1
5053,1.0700971542826072,1.3896833971716407,5,Sample 3,Cell type 2
5054,1.791067575763586,0.4325477340126126,3,Sample 1,Cell type 2
5055,-1.0237651812630344,0.2521450429376461,0,Sample 1,Cell type 1
5056,-0.5501222886336657,-1.2593755573217473,1,Sample 2,Cell type 1
5057,-0.8370435315060258,1.1729502335844575,1,Sample 2,Cell type 1
5058,0.5184274715653083,0.7934757812545055,0,Sample 1,Cell type 1
5059,-1.108735191486657,-0.5526343453944701,4,Sample 2,Cell type 2
5060,-1.1926609279550753,0.34146485784459873,2,Sample 3,Cell type 1
5061,0.5545319041983694,-0.9143958880512262,4,Sample 2,Cell type 2
5062,-2.2133593408847414,0.014114012824461909,2,Sample 3,Cell type 1
5063,1.0770352335500728,-0.25053567084710465,3,Sample 1,Cell type 2
5064,1.0965063595772375,-0.449883931054529,4,Sample 2,Cell type 2
5065,-2.3885228964186096,-0.14456800757294494,2,Sample 3,Cell type 1
5066,0.09825460677594533,-0.9690112147239122,2,Sample 3,Cell type 1
5067,1.8000889742652788,1.5574661566451626,5,Sample 3,Cell type 2
5068,0.6760800157899955,1.828042841765908,5,Sample 3,Cell type 2
5069,-1.6415612044094479,0.09578720492270715,0,Sample 1,Cell type 1
5070,1.3898656605443884,-1.4433565275269058,5,Sample 3,Cell type 2
5071,-1.5415359510064572,1.667050366058044,0,Sample 1,Cell type 1
5072,1.9368587564180104,-1.1387325681766935,3,Sample 1,Cell type 2
5073,-0.07210042975364417,0.8381521072045788,0,Sample 1,Cell type 1
5074,-1.421646502024284,-0.6828887321418375,2,Sample 3,Cell type 1
5075,2.0290253771852456,0.1663727886543282,4,Sample 2,Cell type 2
5076,2.290600903357415,-0.7979752522841382,5,Sample 3,Cell type 2
5077,0.2406226647153542,0.10424212850425149,2,Sample 3,Cell type 1
5078,1.180030408581095,-0.06030903755269895,5,Sample 3,Cell type 2
5079,-2.125366960572746,0.54406379371983,1,Sample 2,Cell type 1
5080,-0.8552648816206145,0.3873263773558482,5,Sample 3,Cell type 2
5081,1.1495265517704976,-1.0347673098311037,5,Sample 3,Cell type 2
5082,-1.184755617546626,1.0066949498297935,2,Sample 3,Cell type 1
5083,-1.8570847426649173,-0.6092956246126782,1,Sample 2,Cell type 1
5084,0.25741243004902803,0.04181514583877062,5,Sample 3,Cell type 2
5085,1.9853186520045927,-0.7253925579534739,3,Sample 1,Cell type 2
5086,0.5862327444432647,-0.30517946507414434,5,Sample 3,Cell type 2
5087,-0.07816216610659588,-0.3839141275475162,4,Sample 2,Cell type 2
5088,0.4657539910141626,-1.2420913123934023,0,Sample 1,Cell type 1
5089,-1.398739619015634,-0.43154367065931903,1,Sample 2,Cell type 1
5090,-0.759654760717667,0.8006677160610933,0,Sample 1,Cell type 1
5091,-1.2451690149433186,1.1103518505025738,2,Sample 3,Cell type 1
5092,-1.4857837122784254,-0.7004742528620814,0,Sample 1,Cell type 1
5093,4.039644627174381,0.6088567287959775,4,Sample 2,Cell type 2
5094,0.158865494591376,0.06982685053775187,4,Sample 2,Cell type 2
5095,0.3650158474493851,-0.761435705364871,4,Sample 2,Cell type 2
5096,0.12104171572279954,0.14424197167581904,4,Sample 2,Cell type 2
5097,1.8956508986427454,0.843630672828312,4,Sample 2,Cell type 2
5098,-1.4145748938638087,0.9514100035970242,0,Sample 1,Cell type 1
5099,-0.6502792559221323,2.2436995656895116,0,Sample 1,Cell type 1
5100,-2.017553801443774,0.5604401015102417,1,Sample 2,Cell type 1
5101,0.36320294323530433,-0.4849112741190398,3,Sample 1,Cell type 2
5102,-1.420931081180702,0.3118534935576442,0,Sample 1,Cell type 1
5103,-0.9655858045359745,-1.3037322731701897,1,Sample 2,Cell type 1
5104,-0.7152775106174698,-0.7967238175118002,1,Sample 2,Cell type 1
5105,2.4400880621384307,1.375498407137621,4,Sample 2,Cell type 2
5106,0.04670946246438812,-0.450234914928008,3,Sample 1,Cell type 2
5107,0.5850693123806363,-0.00028230535059724086,1,Sample 2,Cell type 1
5108,2.985822081896205,0.07168462435253249,4,Sample 2,Cell type 2
5109,1.3676368043318232,-0.775159292147311,5,Sample 3,Cell type 2
5110,-0.6312134836364524,-0.7749791191562134,1,Sample 2,Cell type 1
5111,0.2578491912114803,-0.9529201334230378,3,Sample 1,Cell type 2
5112,1.3417297096754013,-0.2803204754092814,4,Sample 2,Cell type 2
5113,0.07652724022393798,0.3432830557809078,3,Sample 1,Cell type 2
5114,1.738129234710754,-0.42096481547272385,4,Sample 2,Cell type 2
5115,0.683868657834604,0.3506527596338135,1,Sample 2,Cell type 1
5116,-2.6145032480811015,-1.2199027528010604,1,Sample 2,Cell type 1
5117,-1.6132422115626164,0.8710434216226838,2,Sample 3,Cell type 1
5118,-2.0531017234534237,-1.6217823938220177,0,Sample 1,Cell type 1
5119,-1.7823582882897795,-0.009780423331474929,2,Sample 3,Cell type 1
5120,1.7532920391703062,0.3316478281551349,4,Sample 2,Cell type 2
5121,1.556700721280132,1.7871087699133559,5,Sample 3,Cell type 2
5122,1.780468671544965,-0.4476189342726839,3,Sample 1,Cell type 2
5123,0.5620319306296577,-0.009185040351839414,4,Sample 2,Cell type 2
5124,-0.7091330657876147,1.1554351738682052,2,Sample 3,Cell type 1
5125,0.3965111547249852,-0.1362577427472683,5,Sample 3,Cell type 2
5126,1.7664319413038776,-0.8187123953812279,3,Sample 1,Cell type 2
5127,-0.24193240568748753,0.020876380701637342,2,Sample 3,Cell type 1
5128,1.3464697744428709,0.7187100057995311,4,Sample 2,Cell type 2
5129,0.7281126630778549,1.4286605421739833,4,Sample 2,Cell type 2
5130,1.356730260820616,0.15277299117359555,3,Sample 1,Cell type 2
5131,1.2402782048148042,1.5107165679138816,5,Sample 3,Cell type 2
5132,-0.35342431887552317,-0.14197228490833674,2,Sample 3,Cell type 1
5133,-0.669266501073126,-0.2821767175551581,1,Sample 2,Cell type 1
5134,2.081738502585589,0.007909598368864639,3,Sample 1,Cell type 2
5135,-0.5008987395717759,0.8915101446985105,5,Sample 3,Cell type 2
5136,-0.8231309472686769,0.6381033818296611,0,Sample 1,Cell type 1
5137,-0.5382047816415256,-0.23359200982552547,0,Sample 1,Cell type 1
5138,-1.774372028755557,-0.3460999898068428,0,Sample 1,Cell type 1
5139,0.858677654399763,-1.089144849072742,3,Sample 1,Cell type 2
5140,-2.187322475138891,-0.1826825736560914,1,Sample 2,Cell type 1
5141,-1.552062397186846,-0.2722227178393155,0,Sample 1,Cell type 1
5142,-1.66197694833079,1.1124838576893936,0,Sample 1,Cell type 1
5143,-1.0940042966837242,-0.15193955087100958,0,Sample 1,Cell type 1
5144,-0.14498575419731896,0.21870424984895973,1,Sample 2,Cell type 1
5145,-1.83210770294029,-1.437839252635889,1,Sample 2,Cell type 1
5146,-0.42875067829440705,0.9987298577606009,0,Sample 1,Cell type 1
5147,0.6859679985957909,0.9720432591431837,0,Sample 1,Cell type 1
5148,1.4125501089613617,-0.9942972062773651,4,Sample 2,Cell type 2
5149,-0.9117392144149499,1.166284603676713,1,Sample 2,Cell type 1
5150,0.5920664266476618,1.5465956540424426,5,Sample 3,Cell type 2
5151,0.2971459601595039,-1.2922759360614955,0,Sample 1,Cell type 1
5152,-1.886985640648837,-0.872769347671207,2,Sample 3,Cell type 1
5153,-1.181342380552766,-0.005869183706512256,1,Sample 2,Cell type 1
5154,1.066003070300323,0.871892906113218,3,Sample 1,Cell type 2
5155,2.172331357107608,0.12389574678124149,3,Sample 1,Cell type 2
5156,-0.5502834007273596,0.42480204382734693,1,Sample 2,Cell type 1
5157,-2.1347955589015406,0.8260757523492985,0,Sample 1,Cell type 1
5158,-1.1118571994461925,-0.1902458068361721,2,Sample 3,Cell type 1
5159,0.11952284515975187,1.6186320784243058,3,Sample 1,Cell type 2
5160,-0.1281554111345855,-0.193459354271056,3,Sample 1,Cell type 2
5161,-2.1308562048513306,0.7318846680731795,1,Sample 2,Cell type 1
5162,1.2363777890845213,-1.3050147205507796,5,Sample 3,Cell type 2
5163,1.9334632650841452,-0.8194380331783692,3,Sample 1,Cell type 2
5164,0.7669550830794485,-0.16907346090784756,3,Sample 1,Cell type 2
5165,0.012812428554412447,0.7398594702292747,3,Sample 1,Cell type 2
5166,-0.4554547010409902,0.31168143920239794,4,Sample 2,Cell type 2
5167,0.2188697835239618,0.5014238565631337,3,Sample 1,Cell type 2
5168,0.6940146498836327,1.757650098599556,5,Sample 3,Cell type 2
5169,-0.3289915011662481,0.9520209067877266,4,Sample 2,Cell type 2
5170,1.3304798188978493,-0.028324233183315506,5,Sample 3,Cell type 2
5171,-1.1649706385735776,-0.017814910068637176,2,Sample 3,Cell type 1
5172,-1.0857659791482568,0.2511193731933053,0,Sample 1,Cell type 1
5173,0.21026438005993142,-1.2663784753056153,3,Sample 1,Cell type 2
5174,1.2126012816378098,-0.8452400127936136,3,Sample 1,Cell type 2
5175,-1.0422285209912656,0.42933674450080933,0,Sample 1,Cell type 1
5176,-1.7880564280462816,-1.2445197578679026,0,Sample 1,Cell type 1
5177,0.13407289462865368,0.000201553196209242,5,Sample 3,Cell type 2
5178,-1.770552856595575,0.03200946662969418,2,Sample 3,Cell type 1
5179,-1.3236667052072162,0.2709966052725679,1,Sample 2,Cell type 1
5180,1.4178261143107032,0.5482219671481623,3,Sample 1,Cell type 2
5181,-0.052532566282714965,-0.6488730976229067,3,Sample 1,Cell type 2
5182,-1.0302121979852727,0.387908722917069,4,Sample 2,Cell type 2
5183,1.5211554154252036,0.42038184959421715,5,Sample 3,Cell type 2
5184,-0.032190938238792044,0.18960161868279973,2,Sample 3,Cell type 1
5185,1.4496030174242824,0.7959981936435642,5,Sample 3,Cell type 2
5186,-0.39592356378498805,1.3546763989911357,5,Sample 3,Cell type 2
5187,0.09178792998126517,0.12754522227591428,0,Sample 1,Cell type 1
5188,0.44790277016093616,0.7454067211661605,1,Sample 2,Cell type 1
5189,0.8867625836065003,-0.9657821955263538,5,Sample 3,Cell type 2
5190,1.7038246488167148,-0.8204555719385124,3,Sample 1,Cell type 2
5191,-1.1717849975978618,-0.1783761087417479,2,Sample 3,Cell type 1
5192,2.2380372678737874,-0.3636857806491597,4,Sample 2,Cell type 2
5193,-3.717560940238743,0.16546459027832539,1,Sample 2,Cell type 1
5194,1.1065151810110927,-0.7230243894891245,5,Sample 3,Cell type 2
5195,-2.638542970493665,0.24305162255227988,1,Sample 2,Cell type 1
5196,1.5822140709309092,-0.6159963618775643,4,Sample 2,Cell type 2
5197,-1.8428557373106362,-0.6010016008219976,1,Sample 2,Cell type 1
5198,1.1030284529369014,-0.09767505830836307,4,Sample 2,Cell type 2
5199,0.40507745083525526,-0.4634448357899452,3,Sample 1,Cell type 2
5200,1.6193847758075943,-0.39924614718664736,3,Sample 1,Cell type 2
5201,-0.24342080591014836,-0.5873615813721519,0,Sample 1,Cell type 1
5202,-2.331020411896716,0.1650239278012401,0,Sample 1,Cell type 1
5203,-0.973512467490203,0.46498000134237055,2,Sample 3,Cell type 1
5204,-0.4851943495295744,-0.6342555920497954,2,Sample 3,Cell type 1
5205,-0.8696009502127979,0.021512738956459925,1,Sample 2,Cell type 1
5206,-0.0735034996656635,-0.3032056141066247,2,Sample 3,Cell type 1
5207,-0.28398428972931256,0.44919945611904716,4,Sample 2,Cell type 2
5208,0.9891783739781307,-0.21560027304338958,4,Sample 2,Cell type 2
5209,1.758262506809504,0.679462889527768,3,Sample 1,Cell type 2
5210,-2.3465429318481847,-0.8263909498588125,2,Sample 3,Cell type 1
5211,-0.22769539443652254,-0.47868997526039575,3,Sample 1,Cell type 2
5212,-0.0036273976417244835,-0.10834304755823843,0,Sample 1,Cell type 1
5213,-0.8712561071089429,0.7646507896645918,1,Sample 2,Cell type 1
5214,-1.0962743228726322,1.7480210352806695,2,Sample 3,Cell type 1
5215,0.9281357618609837,-0.5504446315841263,5,Sample 3,Cell type 2
5216,-2.230172526952744,0.5333105464625976,2,Sample 3,Cell type 1
5217,-1.496672331303202,2.3023793571014273,0,Sample 1,Cell type 1
5218,0.6362585564686275,0.0016153855902963767,3,Sample 1,Cell type 2
5219,0.8430004591432461,-0.6726863279242843,5,Sample 3,Cell type 2
5220,1.7990235420209637,1.2586355937623892,5,Sample 3,Cell type 2
5221,-1.9037266900768612,-0.6910178085937156,0,Sample 1,Cell type 1
5222,-1.1574637810258679,-0.6801706435435603,0,Sample 1,Cell type 1
5223,-1.2150388892527249,-0.3301419706332188,0,Sample 1,Cell type 1
5224,-2.072173147482384,0.5908982477704467,0,Sample 1,Cell type 1
5225,-1.4537618479069043,-0.0733704057914813,1,Sample 2,Cell type 1
5226,0.8923069877741648,1.3628526621484354,4,Sample 2,Cell type 2
5227,-1.5881166061523264,-0.3478874543079838,2,Sample 3,Cell type 1
5228,0.0671337391966973,0.64705797959856,0,Sample 1,Cell type 1
5229,-1.2957566281740862,0.5428686879741088,1,Sample 2,Cell type 1
5230,-0.29277985721425104,0.38291180560646826,0,Sample 1,Cell type 1
5231,-2.659414225132671,-0.8012860632178846,1,Sample 2,Cell type 1
5232,1.5260716466536912,-0.24132522531758693,3,Sample 1,Cell type 2
5233,-1.6607564189006463,0.07379600077220438,1,Sample 2,Cell type 1
5234,0.24865308050799417,0.3029412848059502,5,Sample 3,Cell type 2
5235,-0.48037282740400455,-0.11579350171685031,2,Sample 3,Cell type 1
5236,1.84274212115496,-0.17334579488472543,5,Sample 3,Cell type 2
5237,-0.08240435699479298,-0.8910123425128254,5,Sample 3,Cell type 2
5238,1.4461890157139594,0.579949608184364,4,Sample 2,Cell type 2
5239,1.6437129255021095,-0.35401601234058555,4,Sample 2,Cell type 2
5240,-2.0802667663501984,-0.30105111225685355,0,Sample 1,Cell type 1
5241,-0.9120915113060515,-0.6957088054699199,0,Sample 1,Cell type 1
5242,1.5760239565458964,0.3207713251809384,5,Sample 3,Cell type 2
5243,2.1363196662677355,-0.051752671915424736,5,Sample 3,Cell type 2
5244,-0.697469533276394,-0.204728633958067,1,Sample 2,Cell type 1
5245,-2.0091193660849527,0.8364689863117339,2,Sample 3,Cell type 1
5246,-1.8772135032045894,0.7083761433682069,0,Sample 1,Cell type 1
5247,1.8583842302302185,1.954622400656942,4,Sample 2,Cell type 2
5248,0.12147667324786626,-1.8660512091673345,0,Sample 1,Cell type 1
5249,-0.2735896630264206,-0.8761915797340218,1,Sample 2,Cell type 1
5250,-1.9173624427962084,0.2674440214273994,4,Sample 2,Cell type 2
5251,-1.781434865438499,0.08803196378397665,2,Sample 3,Cell type 1
5252,-0.8661992885180996,-0.30337737400623543,0,Sample 1,Cell type 1
5253,0.579928128483941,1.4157177526933706,1,Sample 2,Cell type 1
5254,1.2663399163114857,0.12188595124796131,4,Sample 2,Cell type 2
5255,-1.0842725698652538,1.193216982787971,1,Sample 2,Cell type 1
5256,0.9204640412262436,1.9896207534141879,4,Sample 2,Cell type 2
5257,-1.1165655221770967,0.5218715567656189,1,Sample 2,Cell type 1
5258,2.139995127878571,-0.8739558261969598,4,Sample 2,Cell type 2
5259,1.5390967075158377,0.768014079606132,3,Sample 1,Cell type 2
5260,1.946990040361353,0.08769069926757274,3,Sample 1,Cell type 2
5261,-1.705389099027757,-0.6214869470846335,1,Sample 2,Cell type 1
5262,0.9157518789702701,0.008304293695922012,5,Sample 3,Cell type 2
5263,1.0873965859835248,0.35398605545493467,0,Sample 1,Cell type 1
5264,0.6495367946271611,1.220224805488351,4,Sample 2,Cell type 2
5265,1.8830347440133177,-0.34823650193995265,4,Sample 2,Cell type 2
5266,0.8914212692831486,-0.31489681421070287,5,Sample 3,Cell type 2
5267,0.6398923048289822,-0.5248491455303608,5,Sample 3,Cell type 2
5268,1.9222967010535552,1.0517223278460432,4,Sample 2,Cell type 2
5269,-0.6115315333261624,0.6657079213060504,2,Sample 3,Cell type 1
5270,1.9065739217259363,0.021046693192656896,4,Sample 2,Cell type 2
5271,0.27667821063323306,-2.2390277908815714,1,Sample 2,Cell type 1
5272,1.0362769293972232,0.8054370554090045,5,Sample 3,Cell type 2
5273,-0.71242779629534,1.4882555416430565,1,Sample 2,Cell type 1
5274,1.2830001317873674,-0.3230625466614724,3,Sample 1,Cell type 2
5275,1.8751995981262093,0.7855086730226489,3,Sample 1,Cell type 2
5276,1.2380335164562366,0.05733212378919381,4,Sample 2,Cell type 2
5277,-0.15788944616728495,1.1443995854947429,0,Sample 1,Cell type 1
5278,1.5750611327914708,-0.637639291376182,5,Sample 3,Cell type 2
5279,0.6356841585217361,1.0195242274573264,3,Sample 1,Cell type 2
5280,0.20623531215954327,-1.2984433074024413,4,Sample 2,Cell type 2
5281,-1.6616809312869218,1.490587426851566,2,Sample 3,Cell type 1
5282,1.2675044994265776,1.5005311575745806,3,Sample 1,Cell type 2
5283,0.462448957738377,0.5549214170765441,5,Sample 3,Cell type 2
5284,2.060427562793202,0.36732232150052074,3,Sample 1,Cell type 2
5285,2.29027024793609,-1.6736967364948188,4,Sample 2,Cell type 2
5286,1.1646950046807343,-0.750844208761169,3,Sample 1,Cell type 2
5287,0.042299786150061136,0.7124964245666423,0,Sample 1,Cell type 1
5288,-1.4137881542474287,0.4890517450846286,2,Sample 3,Cell type 1
5289,1.7181777291237148,-0.49959830513551484,3,Sample 1,Cell type 2
5290,-0.14343942102363938,0.8669038805045453,5,Sample 3,Cell type 2
5291,1.5483149478007778,-0.2986783756397813,4,Sample 2,Cell type 2
5292,1.7357204140285352,-0.8221127216690005,4,Sample 2,Cell type 2
5293,-0.8100842795176434,-0.08704180068335315,0,Sample 1,Cell type 1
5294,-1.9504277199700009,-0.2312506126096034,2,Sample 3,Cell type 1
5295,-1.2868734837215199,-0.9268306636876605,2,Sample 3,Cell type 1
5296,1.1428804458437885,1.0404060025060144,3,Sample 1,Cell type 2
5297,-2.3234405961081253,-1.1364927981287076,2,Sample 3,Cell type 1
5298,-0.23492860082420197,0.3759126770154606,2,Sample 3,Cell type 1
5299,-0.6305049232051452,-0.2079625297119123,2,Sample 3,Cell type 1
5300,-2.2534619249502965,-0.031095561558567165,2,Sample 3,Cell type 1
5301,1.2011713862873832,-1.3355811535206759,5,Sample 3,Cell type 2
5302,0.3491484050535463,0.32994562231242447,4,Sample 2,Cell type 2
5303,-3.1818162342456473,0.7956408567249448,0,Sample 1,Cell type 1
5304,-0.9283619238615672,0.4986519940043164,1,Sample 2,Cell type 1
5305,2.251229794760791,1.608611772986843,3,Sample 1,Cell type 2
5306,-1.9383199252035186,-1.055010378092976,1,Sample 2,Cell type 1
5307,1.5492115051245965,0.42726789435590196,5,Sample 3,Cell type 2
5308,-1.264570252897764,-0.06443932667226014,1,Sample 2,Cell type 1
5309,-0.7079872560827347,-1.6234765133061284,2,Sample 3,Cell type 1
5310,3.197099550224723,0.39341410175794667,3,Sample 1,Cell type 2
5311,1.8890754241658583,0.41328376343957635,5,Sample 3,Cell type 2
5312,0.6010628816638874,-0.25971760543869105,3,Sample 1,Cell type 2
5313,-1.4668000476590892,0.767881390546399,2,Sample 3,Cell type 1
5314,0.8832942531742594,-1.3828776213438345,4,Sample 2,Cell type 2
5315,-0.7022077910069886,0.7501760654480322,0,Sample 1,Cell type 1
5316,0.9681218733776414,-0.4743595064157967,5,Sample 3,Cell type 2
5317,0.7475481519295444,-1.2625795414870693,3,Sample 1,Cell type 2
5318,-0.013107593592771583,-1.972128466048753,2,Sample 3,Cell type 1
5319,1.69648945609854,0.7569371492654575,5,Sample 3,Cell type 2
5320,-0.778524746215232,-0.7220520244255891,2,Sample 3,Cell type 1
5321,-0.28586015150300825,-1.5736787759143627,0,Sample 1,Cell type 1
5322,-1.1405884938859958,0.1733863793832222,3,Sample 1,Cell type 2
5323,2.2733565965429996,-0.7867793430127349,4,Sample 2,Cell type 2
5324,-1.5302009195030144,-0.8420366688861833,2,Sample 3,Cell type 1
5325,0.49213913255288266,-0.5334325406613959,4,Sample 2,Cell type 2
5326,-0.4626091329942723,0.07462066785483594,4,Sample 2,Cell type 2
5327,1.1351220885605828,0.6412335879904241,4,Sample 2,Cell type 2
5328,-1.0794538435161294,2.3217384038888866,0,Sample 1,Cell type 1
5329,1.2746357522874754,1.0332817797576894,4,Sample 2,Cell type 2
5330,-2.656786808198481,-1.1516192700621315,0,Sample 1,Cell type 1
5331,-1.0279530395838117,-0.8187150752836503,1,Sample 2,Cell type 1
5332,0.48039218586249954,-1.3589938535212862,5,Sample 3,Cell type 2
5333,-2.6361813028484393,0.6837410659357516,1,Sample 2,Cell type 1
5334,-0.5395430189928629,-0.35378118063131536,3,Sample 1,Cell type 2
5335,0.7752879591108273,-1.2473891481590982,1,Sample 2,Cell type 1
5336,-0.5021657592587118,-0.49338026835009535,1,Sample 2,Cell type 1
5337,-0.5659759425874085,-1.1138961800945681,1,Sample 2,Cell type 1
5338,0.03388913033489316,-1.5657424009002896,0,Sample 1,Cell type 1
5339,-0.5337084681730218,-0.47628090883036156,2,Sample 3,Cell type 1
5340,1.3281053296199112,-0.6121561287131558,3,Sample 1,Cell type 2
5341,0.536346190817184,-0.11386700725855527,3,Sample 1,Cell type 2
5342,1.6999615425230692,0.06721725837319709,5,Sample 3,Cell type 2
5343,-0.8863172204651198,-0.42221776878936806,2,Sample 3,Cell type 1
5344,1.965287619615483,1.2858841458330934,3,Sample 1,Cell type 2
5345,-0.9887506102834747,2.5815627501000917,1,Sample 2,Cell type 1
5346,-1.4031652046049776,-1.093325522299779,2,Sample 3,Cell type 1
5347,-0.4647210925012426,0.768074002902277,0,Sample 1,Cell type 1
5348,-1.0795266632848017,-0.33300992689391495,0,Sample 1,Cell type 1
5349,0.5746255137848786,1.2433086708214378,1,Sample 2,Cell type 1
5350,-1.4105087447267695,0.16328395810257423,1,Sample 2,Cell type 1
5351,0.608375126834169,-1.1833907979639708,4,Sample 2,Cell type 2
5352,1.9969489863842038,0.509941933553453,4,Sample 2,Cell type 2
5353,1.1216713068886472,-0.29361033399722364,3,Sample 1,Cell type 2
5354,-0.7107785060947542,0.37972867881175626,0,Sample 1,Cell type 1
5355,-0.7201831909617958,1.3278205952545967,0,Sample 1,Cell type 1
5356,2.0902847532691875,-0.45490248868817446,5,Sample 3,Cell type 2
5357,-2.6263372554386346,-0.24736077060281303,2,Sample 3,Cell type 1
5358,0.11906521746844567,1.1052271886473215,2,Sample 3,Cell type 1
5359,-0.04124725750652414,0.29025419426091426,3,Sample 1,Cell type 2
5360,0.5803953474545991,-0.9373076565973367,5,Sample 3,Cell type 2
5361,-1.6682235271282435,-1.1880202600986352,0,Sample 1,Cell type 1
5362,1.7341790379868625,0.5422260926541269,3,Sample 1,Cell type 2
5363,-2.243432546617223,-1.6183932654681967,2,Sample 3,Cell type 1
5364,-1.5166906077552385,0.48277250990220905,2,Sample 3,Cell type 1
5365,1.9194716924448474,1.2927312308193786,3,Sample 1,Cell type 2
5366,0.4614964935300372,0.3448513707830103,2,Sample 3,Cell type 1
5367,-0.07182485537635408,0.6108552623514771,3,Sample 1,Cell type 2
5368,1.400132795565816,0.3904517160799889,5,Sample 3,Cell type 2
5369,1.230379431776894,-1.0073252179985794,4,Sample 2,Cell type 2
5370,-2.349114364412561,-0.08266028790145961,1,Sample 2,Cell type 1
5371,-1.2057399238060167,-0.8949144371476611,1,Sample 2,Cell type 1
5372,2.3961207397849567,0.7940578433392941,3,Sample 1,Cell type 2
5373,0.3943852011915385,0.5965569837194693,3,Sample 1,Cell type 2
5374,-0.096358460126587,0.35668771380707665,5,Sample 3,Cell type 2
5375,-1.0995988317015966,-0.8069780045836874,1,Sample 2,Cell type 1
5376,-0.4401370087245562,1.1960399875818686,1,Sample 2,Cell type 1
5377,-2.0745325057591497,0.1286487852873361,0,Sample 1,Cell type 1
5378,0.44655030773556115,-0.7426493097709841,5,Sample 3,Cell type 2
5379,0.3105593178396401,-0.4151403454484765,3,Sample 1,Cell type 2
5380,-0.4252667871003635,-1.495368056042064,0,Sample 1,Cell type 1
5381,1.500167960238603,1.8486831972923776,4,Sample 2,Cell type 2
5382,-1.436827193046193,0.0736867254476903,0,Sample 1,Cell type 1
5383,-1.3289553432867391,-0.1361692982092701,1,Sample 2,Cell type 1
5384,0.925737832979745,-1.5346868469984152,5,Sample 3,Cell type 2
5385,2.5606377589803575,0.34578829948451606,4,Sample 2,Cell type 2
5386,-1.9115480083009815,0.2828225993357465,0,Sample 1,Cell type 1
5387,1.2763353135266398,-0.04611225197897239,4,Sample 2,Cell type 2
5388,-0.7322841521939651,0.12554801653271297,2,Sample 3,Cell type 1
5389,-0.12221878736981895,0.46406527959956084,1,Sample 2,Cell type 1
5390,-1.0053592382914565,0.7056025013796733,2,Sample 3,Cell type 1
5391,-0.45721478354604983,-0.7654817508723396,1,Sample 2,Cell type 1
5392,1.0614899169458358,0.11368126312829942,4,Sample 2,Cell type 2
5393,-1.4526772934962087,0.23713849379795363,1,Sample 2,Cell type 1
5394,2.0593005731113037,-1.1812205731036949,4,Sample 2,Cell type 2
5395,-0.7999391297792313,1.150979231982054,1,Sample 2,Cell type 1
5396,-0.7895367767893615,0.9318990747752504,2,Sample 3,Cell type 1
5397,1.1736906775956366,1.5088094657231965,4,Sample 2,Cell type 2
5398,0.6959664152277373,-0.564678660983736,3,Sample 1,Cell type 2
5399,-0.260145856004959,1.7071136843885526,0,Sample 1,Cell type 1
5400,-1.9933028456773323,-0.29771030189480163,1,Sample 2,Cell type 1
5401,1.4255335629350494,-2.450208726892745,5,Sample 3,Cell type 2
5402,-0.447833824542625,-0.9205133086785651,0,Sample 1,Cell type 1
5403,1.362041269481168,1.1888962105866392,3,Sample 1,Cell type 2
5404,1.588949320654687,0.2609200566338966,4,Sample 2,Cell type 2
5405,-3.0394468847343545,-0.31570038504139875,2,Sample 3,Cell type 1
5406,-1.8940228296237556,-0.9142909442909806,1,Sample 2,Cell type 1
5407,-0.7893779910821668,-0.22367575626700445,1,Sample 2,Cell type 1
5408,-0.21043500835865525,-0.96759274330508,4,Sample 2,Cell type 2
5409,0.7110716171777067,-0.054594732433158696,0,Sample 1,Cell type 1
5410,-1.7420627453749062,-0.5477307509157304,1,Sample 2,Cell type 1
5411,0.713657348543864,0.5406597136310325,3,Sample 1,Cell type 2
5412,0.7793448203337529,-1.3665741289458144,5,Sample 3,Cell type 2
5413,-0.5374829353069766,0.16162360374563817,0,Sample 1,Cell type 1
5414,1.9510524201523767,0.87012639382549,3,Sample 1,Cell type 2
5415,-2.014746489057735,1.0151180939282123,2,Sample 3,Cell type 1
5416,-1.3240353418812845,-0.6552693880697891,1,Sample 2,Cell type 1
5417,-1.150406272285169,0.13204231778999057,0,Sample 1,Cell type 1
5418,-1.2273113362538444,-1.1230048637683645,0,Sample 1,Cell type 1
5419,-0.192640422801581,1.14738753715085,1,Sample 2,Cell type 1
5420,1.7382091584753856,0.7355755833644936,3,Sample 1,Cell type 2
5421,-1.0577245119336933,0.2958861692731324,0,Sample 1,Cell type 1
5422,-1.2711116262612228,-0.27084176367311985,5,Sample 3,Cell type 2
5423,-1.6869574937607235,0.034144051902841824,1,Sample 2,Cell type 1
5424,0.8840103591801218,-0.4581844247804125,3,Sample 1,Cell type 2
5425,-1.5435825633723066,-0.20659378982431237,1,Sample 2,Cell type 1
5426,-1.5474038567002832,0.32680406497007103,1,Sample 2,Cell type 1
5427,-1.21875507899278,0.0020591425291536444,2,Sample 3,Cell type 1
5428,-0.6122238228864663,-1.1481143939961584,2,Sample 3,Cell type 1
5429,-1.5739659858261845,-0.4778972595016359,0,Sample 1,Cell type 1
5430,2.290262517838852,0.17230564436161733,4,Sample 2,Cell type 2
5431,-0.8124554728472028,-1.8375613815818617,0,Sample 1,Cell type 1
5432,0.0012248849005531692,0.290922468780206,4,Sample 2,Cell type 2
5433,1.538354935301315,-0.8779796420531688,5,Sample 3,Cell type 2
5434,-1.2596938262881343,-0.7053781690119855,1,Sample 2,Cell type 1
5435,1.8226694478016303,-0.8883415610426838,4,Sample 2,Cell type 2
5436,1.5316699019592932,-0.19810235812934568,3,Sample 1,Cell type 2
5437,-1.383721836584989,1.0336011382770793,0,Sample 1,Cell type 1
5438,2.1570240109255114,-0.051355162288040344,3,Sample 1,Cell type 2
5439,1.616243368644903,-0.9692590867901518,5,Sample 3,Cell type 2
5440,1.6436569511152526,-0.04600682371383989,3,Sample 1,Cell type 2
5441,0.8969748653810233,0.13298031666011567,3,Sample 1,Cell type 2
5442,-0.9935393797828522,-1.8778298925339763,1,Sample 2,Cell type 1
5443,-1.0322434351989564,1.4081792902326056,0,Sample 1,Cell type 1
5444,0.4872709333668417,-0.3220451400971402,3,Sample 1,Cell type 2
5445,-0.503671352284429,0.30653029476044713,1,Sample 2,Cell type 1
5446,3.2429655987406183,-0.247609285429542,3,Sample 1,Cell type 2
5447,1.102877877753323,0.0016231557207727588,4,Sample 2,Cell type 2
5448,0.652309772097542,-1.9847649354803154,3,Sample 1,Cell type 2
5449,-0.1941801123136604,-0.5684199562487983,1,Sample 2,Cell type 1
5450,-1.8293059210860292,-0.5088536732568614,2,Sample 3,Cell type 1
5451,-0.6851799778888832,-0.9036491371578093,1,Sample 2,Cell type 1
5452,-1.1991282612271947,-0.24913196990002862,0,Sample 1,Cell type 1
5453,1.4548034328826136,0.4750554149240284,3,Sample 1,Cell type 2
5454,-0.3823658286629379,-1.4514442840706865,0,Sample 1,Cell type 1
5455,0.6077283805167337,0.41788850474399863,5,Sample 3,Cell type 2
5456,-0.1997615576909747,-1.0095759925702992,2,Sample 3,Cell type 1
5457,1.2462941072912517,1.4101692364924077,5,Sample 3,Cell type 2
5458,-1.651591298568348,-0.17585131605932158,1,Sample 2,Cell type 1
5459,-1.016661822393151,-0.2597927750281245,0,Sample 1,Cell type 1
5460,1.9243543841857158,-0.5830850606818692,4,Sample 2,Cell type 2
5461,-0.34045382636042953,-1.1468089071691157,2,Sample 3,Cell type 1
5462,2.06836991086758,-0.868310763866717,3,Sample 1,Cell type 2
5463,2.1439270894880265,-0.29436608777740786,5,Sample 3,Cell type 2
5464,1.2657022825107185,-0.6115004864259744,4,Sample 2,Cell type 2
5465,0.791318344036789,-0.30781561122429757,5,Sample 3,Cell type 2
5466,-0.7381317428763013,-0.4563077933430502,2,Sample 3,Cell type 1
5467,0.011701447987412239,0.8527738159105721,0,Sample 1,Cell type 1
5468,-0.7959841763548625,-0.5054019716975628,2,Sample 3,Cell type 1
5469,0.9688849970627629,-0.4601335120825746,5,Sample 3,Cell type 2
5470,2.25078772055172,-1.2106887037277423,3,Sample 1,Cell type 2
5471,2.0546291289464604,1.3482878701390058,3,Sample 1,Cell type 2
5472,0.06289091477510489,0.3629471067334546,2,Sample 3,Cell type 1
5473,2.0646104404487717,0.4562787112453275,5,Sample 3,Cell type 2
5474,1.4982646684224088,0.37827883573668386,5,Sample 3,Cell type 2
5475,-0.5362351105379792,-0.7508536290311623,1,Sample 2,Cell type 1
5476,-0.21502269993431988,-0.28357805807469777,1,Sample 2,Cell type 1
5477,-0.9321097249885665,-1.4417692307074517,0,Sample 1,Cell type 1
5478,-3.134493424773003,1.8378626876350923,2,Sample 3,Cell type 1
5479,-1.1673320328538936,-1.4394552859748801,2,Sample 3,Cell type 1
5480,0.6988565309227339,0.5090696116980481,5,Sample 3,Cell type 2
5481,-1.546030265288767,0.19015532305152544,1,Sample 2,Cell type 1
5482,1.1489424077198263,0.8695256947749437,5,Sample 3,Cell type 2
5483,-1.3927473014739118,-0.09864882353324775,0,Sample 1,Cell type 1
5484,-1.5620594095797196,0.6722827560942388,2,Sample 3,Cell type 1
5485,-2.2398557506788137,-0.508296603753848,1,Sample 2,Cell type 1
5486,-1.6597296959715906,1.6362557303020422,1,Sample 2,Cell type 1
5487,2.3645045623195386,-1.3567976501700787,5,Sample 3,Cell type 2
5488,-0.6362084212504011,0.6442854702218636,2,Sample 3,Cell type 1
5489,-2.242538835309686,-0.39253989735673656,2,Sample 3,Cell type 1
5490,-1.9177257877379712,0.18572559419290563,2,Sample 3,Cell type 1
5491,0.012150115951845897,-0.3254652984352911,3,Sample 1,Cell type 2
5492,-1.5331203600868482,0.1111929263600241,1,Sample 2,Cell type 1
5493,-0.3054711604164897,-2.563688358567068,0,Sample 1,Cell type 1
5494,-0.4521379697880248,-0.5014175153150081,2,Sample 3,Cell type 1
5495,1.6238958414928337,-1.8249095445037637,3,Sample 1,Cell type 2
5496,0.09893032597281759,0.5238879331217542,0,Sample 1,Cell type 1
5497,-1.190017214944925,-0.8884615744360655,0,Sample 1,Cell type 1
5498,-1.5236038300528487,-1.0564919679680753,1,Sample 2,Cell type 1
5499,-0.6455824316053735,-1.734905321411049,1,Sample 2,Cell type 1
5500,-0.7112928466605846,0.17464674924528661,1,Sample 2,Cell type 1
5501,1.1247715256774058,0.4483007960800874,5,Sample 3,Cell type 2
5502,-1.8864938132353135,0.17881200859266622,2,Sample 3,Cell type 1
5503,1.2358149169226282,0.8400806590282778,5,Sample 3,Cell type 2
5504,0.8707064230925936,-0.1485725085027415,3,Sample 1,Cell type 2
5505,0.10106121759935549,-1.1001281534885152,4,Sample 2,Cell type 2
5506,-2.2559036542795647,-0.6371198466066679,2,Sample 3,Cell type 1
5507,-0.2660490798001637,-0.04327965659769533,1,Sample 2,Cell type 1
5508,0.316294284022702,0.5972817123295573,3,Sample 1,Cell type 2
5509,-1.473623070865679,1.249504000387603,1,Sample 2,Cell type 1
5510,-0.9268494201494211,-0.034103773545147785,2,Sample 3,Cell type 1
5511,-2.142998737654488,0.6019561174915964,2,Sample 3,Cell type 1
5512,-0.3498567779550058,-0.33554983688259027,0,Sample 1,Cell type 1
5513,-2.223870526881927,0.6716282094244986,0,Sample 1,Cell type 1
5514,-0.34175777268250684,0.5313798551263171,1,Sample 2,Cell type 1
5515,0.8910810720913921,0.6544541335805543,4,Sample 2,Cell type 2
5516,1.7125707466078501,-0.5147125648289316,5,Sample 3,Cell type 2
5517,1.7120260039202952,-0.25631600098268986,5,Sample 3,Cell type 2
5518,1.7857594596988897,0.5480860018431916,5,Sample 3,Cell type 2
5519,-0.9990010497814362,-1.38999046342342,2,Sample 3,Cell type 1
5520,1.5152242706017622,0.5858691109014973,4,Sample 2,Cell type 2
5521,-1.5988800683165145,0.6497131368943273,2,Sample 3,Cell type 1
5522,-0.7083486746005954,-1.0329222508341007,1,Sample 2,Cell type 1
5523,1.5098868883734906,-0.5836222800172237,4,Sample 2,Cell type 2
5524,0.23525117067007328,-0.43468553346555666,3,Sample 1,Cell type 2
5525,-1.1307298880359506,0.31839356780225053,3,Sample 1,Cell type 2
5526,-1.5923048401677309,-0.2733534258989982,1,Sample 2,Cell type 1
5527,0.24355631304397773,0.6185146053557596,3,Sample 1,Cell type 2
5528,1.0831927100061578,-1.6805386733325733,0,Sample 1,Cell type 1
5529,-0.3758689792774057,-0.3528113759272167,1,Sample 2,Cell type 1
5530,-0.6067556472282851,1.0715816473077073,0,Sample 1,Cell type 1
5531,0.45965287641600483,0.12568832060881574,3,Sample 1,Cell type 2
5532,-0.6266210496742806,0.4169596771062956,1,Sample 2,Cell type 1
5533,-2.152273958803805,0.7852115954521303,0,Sample 1,Cell type 1
5534,-0.25559611429080875,0.14217688102630655,2,Sample 3,Cell type 1
5535,1.8377986445126537,1.629470230578894,5,Sample 3,Cell type 2
5536,0.49513329309308296,-0.41138663092764466,0,Sample 1,Cell type 1
5537,0.29588146974820584,0.7678487757718726,3,Sample 1,Cell type 2
5538,0.47403912106357204,2.2071329215818514,3,Sample 1,Cell type 2
5539,-0.3317869777666417,-0.5738287878683676,2,Sample 3,Cell type 1
5540,1.0870794265949202,-1.4532748760621979,4,Sample 2,Cell type 2
5541,-1.0750941728113248,-1.3046806977286771,1,Sample 2,Cell type 1
5542,-1.2697089832061084,-0.0451841553375703,1,Sample 2,Cell type 1
5543,-2.383826316804258,-0.13041412117328818,2,Sample 3,Cell type 1
5544,0.7344494291749221,-0.4165706571429418,4,Sample 2,Cell type 2
5545,1.5959518785527496,-1.3487719474342907,4,Sample 2,Cell type 2
5546,0.3793100455891504,-0.04789119264568491,5,Sample 3,Cell type 2
5547,1.0150307805407954,-0.328619644016206,5,Sample 3,Cell type 2
5548,2.7718815784905626,0.8457619335723938,5,Sample 3,Cell type 2
5549,-1.5613920646262245,1.7226282184801076,0,Sample 1,Cell type 1
5550,0.5592634995365828,2.0081701315733693,0,Sample 1,Cell type 1
5551,-0.2325173971904524,1.5883432954125625,5,Sample 3,Cell type 2
5552,-3.014408109992475,-1.9086301373715595,1,Sample 2,Cell type 1
5553,1.3210008465248622,2.013273969355467,5,Sample 3,Cell type 2
5554,0.9961633561205114,0.7734728292835078,5,Sample 3,Cell type 2
5555,1.5128887383815708,-0.6084489298939244,5,Sample 3,Cell type 2
5556,0.7971836634602202,1.499996933304771,4,Sample 2,Cell type 2
5557,-2.0102903256199722,-0.8257525389128373,1,Sample 2,Cell type 1
5558,3.257475645750907,1.6261729957318605,5,Sample 3,Cell type 2
5559,1.8352140932365182,0.18764277351802267,4,Sample 2,Cell type 2
5560,-0.9233114953294891,-2.692022373810651,1,Sample 2,Cell type 1
5561,0.1244548966753386,-0.03380715842957211,4,Sample 2,Cell type 2
5562,1.3751214170348025,1.0504087092029677,3,Sample 1,Cell type 2
5563,1.9284883971176576,-1.2680271924214723,3,Sample 1,Cell type 2
5564,-0.7662497484506663,-0.8138849625939677,0,Sample 1,Cell type 1
5565,0.7970559189988276,0.26596052243130486,3,Sample 1,Cell type 2
5566,-0.5661399453981525,0.33185983258576773,1,Sample 2,Cell type 1
5567,1.7897927981062787,0.3164961194766531,4,Sample 2,Cell type 2
5568,2.346014562834184,1.1505914621691435,4,Sample 2,Cell type 2
5569,0.10155387783140424,-0.17785842101636906,2,Sample 3,Cell type 1
5570,1.7260087619479267,-2.64882740892456,4,Sample 2,Cell type 2
5571,-1.3124678456010361,0.6937219979891741,2,Sample 3,Cell type 1
5572,-0.001757691068459799,0.3897575520671872,5,Sample 3,Cell type 2
5573,-2.115196368088511,-1.320772739177196,1,Sample 2,Cell type 1
5574,-0.016864871496703904,-0.7414531826770387,3,Sample 1,Cell type 2
5575,1.3471749713635255,0.6323939986493753,3,Sample 1,Cell type 2
5576,0.6695972469349201,0.028430105537320463,5,Sample 3,Cell type 2
5577,1.392352866743925,-0.6857471143215754,4,Sample 2,Cell type 2
5578,-0.9796322325908178,-1.265006748470658,2,Sample 3,Cell type 1
5579,-0.61096334442926,0.42303976863138193,1,Sample 2,Cell type 1
5580,0.09632833034047528,0.8499467005518507,4,Sample 2,Cell type 2
5581,-1.800562986662971,-0.7342292564688945,0,Sample 1,Cell type 1
5582,0.9782838005905239,0.4595406213692822,4,Sample 2,Cell type 2
5583,0.7859736663166543,0.41978815867108527,3,Sample 1,Cell type 2
5584,-1.5125047970428995,-0.11161924865099733,2,Sample 3,Cell type 1
5585,-0.9421479828140835,-0.9699703001363755,0,Sample 1,Cell type 1
5586,1.0690083112573254,-0.3265547043956932,0,Sample 1,Cell type 1
5587,-0.9782024889945178,1.2709984998738864,0,Sample 1,Cell type 1
5588,0.7104225664088125,-0.029232932257885154,4,Sample 2,Cell type 2
5589,-0.27744592021643655,0.20159547201094385,5,Sample 3,Cell type 2
5590,-1.5235128225537795,-0.9132810576235803,0,Sample 1,Cell type 1
5591,0.9334136966173581,-0.3683881931280167,5,Sample 3,Cell type 2
5592,-2.3730906831130856,1.1363256930844639,0,Sample 1,Cell type 1
5593,1.1290839101717438,0.7843719474791407,3,Sample 1,Cell type 2
5594,-0.14139841285611787,0.5862521261752183,0,Sample 1,Cell type 1
5595,0.6503436395930325,0.7430013673826088,5,Sample 3,Cell type 2
5596,-0.925804222358947,-1.3117963495184375,0,Sample 1,Cell type 1
5597,-0.7330820093733144,0.4168663157408263,1,Sample 2,Cell type 1
5598,0.9361851737253681,-0.3016502759037464,4,Sample 2,Cell type 2
5599,0.4523554866419184,-0.9070811218999172,3,Sample 1,Cell type 2
5600,-0.6485816350639994,-0.09289957763924661,1,Sample 2,Cell type 1
5601,-1.0178862718314805,-0.09653828922984757,2,Sample 3,Cell type 1
5602,-0.3847876091195701,-1.2293601400804808,1,Sample 2,Cell type 1
5603,0.2490956320756036,-0.6219489396545064,5,Sample 3,Cell type 2
5604,-0.38677390608222517,-1.0383230532058727,2,Sample 3,Cell type 1
5605,1.790789365162341,1.213823878780961,5,Sample 3,Cell type 2
5606,-0.44001357036093824,-1.0249498060026923,1,Sample 2,Cell type 1
5607,-1.0869613030134007,-0.37437023515262274,1,Sample 2,Cell type 1
5608,-1.4934419154325693,0.7500005206022764,1,Sample 2,Cell type 1
5609,-1.4838811820018347,0.5898634468652133,2,Sample 3,Cell type 1
5610,-0.47092970067603845,0.5577649062325818,2,Sample 3,Cell type 1
5611,1.8191942052982708,-0.16517535494143776,3,Sample 1,Cell type 2
5612,-0.4951724968528851,-0.2659322862262443,0,Sample 1,Cell type 1
5613,0.9433955197901276,-0.40308988043876254,3,Sample 1,Cell type 2
5614,0.8554963514483823,-0.49975749234093264,3,Sample 1,Cell type 2
5615,0.23884680501758404,0.2818189260118398,1,Sample 2,Cell type 1
5616,0.7146074506834308,-0.7230908467541314,4,Sample 2,Cell type 2
5617,1.0415904433038254,0.674042502425334,5,Sample 3,Cell type 2
5618,1.3587137819269777,-1.0007703231967473,1,Sample 2,Cell type 1
5619,2.197389109940935,-0.10852846962612257,3,Sample 1,Cell type 2
5620,2.852030059387986,-1.2945700501151032,3,Sample 1,Cell type 2
5621,-0.32421449853880113,0.5889879243950591,2,Sample 3,Cell type 1
5622,2.1623220001588273,0.27630275400482557,5,Sample 3,Cell type 2
5623,-1.3084430648740926,-0.7220495422994571,0,Sample 1,Cell type 1
5624,-2.42307163182892,0.8055344826685039,0,Sample 1,Cell type 1
5625,0.3144156663856189,-0.26972645099788284,3,Sample 1,Cell type 2
5626,-0.9204338023373374,1.3297770729497358,0,Sample 1,Cell type 1
5627,-2.446734911105105,0.16617047267907378,0,Sample 1,Cell type 1
5628,1.8161058400078864,0.3652652400236091,5,Sample 3,Cell type 2
5629,2.710584137549878,0.3539656243498327,5,Sample 3,Cell type 2
5630,1.7889452918579614,-0.28060701593042225,4,Sample 2,Cell type 2
5631,-0.6044488924417962,0.7010428531609026,1,Sample 2,Cell type 1
5632,-1.415052758831157,0.6809082074218261,2,Sample 3,Cell type 1
5633,1.5627865006193526,-0.15234699449936223,4,Sample 2,Cell type 2
5634,1.5565245096336984,1.3100404313315683,3,Sample 1,Cell type 2
5635,2.0479705664817436,0.8331090819424825,4,Sample 2,Cell type 2
5636,-0.2631001206206254,1.3841387265712977,1,Sample 2,Cell type 1
5637,1.2027427498135421,0.5460859351857666,4,Sample 2,Cell type 2
5638,0.30502685097605864,1.4990428923178747,3,Sample 1,Cell type 2
5639,-0.42514280017373385,-1.0287044214574352,0,Sample 1,Cell type 1
5640,-0.06950705056821227,-0.3667140965624414,2,Sample 3,Cell type 1
5641,-1.6522137973556132,1.4442615110653678,5,Sample 3,Cell type 2
5642,0.3288863147533063,1.2420822187327065,0,Sample 1,Cell type 1
5643,-0.6853149574302757,-1.4083224942258497,1,Sample 2,Cell type 1
5644,-1.2171124520706968,0.3168498568628671,0,Sample 1,Cell type 1
5645,-1.2390441042574947,-0.35989041480153433,2,Sample 3,Cell type 1
5646,-2.106594635007175,0.4470293009128696,0,Sample 1,Cell type 1
5647,0.5045194286193688,-0.5550570989607615,5,Sample 3,Cell type 2
5648,0.1991397061529725,-0.8647016024204013,4,Sample 2,Cell type 2
5649,0.2637980337324284,0.11071680617408006,5,Sample 3,Cell type 2
5650,-1.8418948318401358,0.9773839045575291,0,Sample 1,Cell type 1
5651,-1.1716141606870119,0.1956895858617506,0,Sample 1,Cell type 1
5652,-0.7474272359588772,1.5827584357756201,1,Sample 2,Cell type 1
5653,-1.4340822138426725,0.9890850216977682,2,Sample 3,Cell type 1
5654,2.267757544101327,-0.11317166774619536,4,Sample 2,Cell type 2
5655,2.273684074031641,1.6576340484479464,4,Sample 2,Cell type 2
5656,-0.3764298197639696,0.661173790913397,1,Sample 2,Cell type 1
5657,-1.0211969357868143,-0.15691883211255225,1,Sample 2,Cell type 1
5658,1.9933480123503369,-0.34604020893736614,3,Sample 1,Cell type 2
5659,2.184406677746648,-0.48490635406264976,4,Sample 2,Cell type 2
5660,1.079176192416252,-0.39624717316572317,3,Sample 1,Cell type 2
5661,-1.0572161852675093,-1.3058351020001018,2,Sample 3,Cell type 1
5662,-1.136606585532025,0.5294854858361189,0,Sample 1,Cell type 1
5663,-0.06244780234703373,0.525189872710699,1,Sample 2,Cell type 1
5664,-0.938930040525337,0.7674963076099975,0,Sample 1,Cell type 1
5665,-1.096571929603806,0.40294523322924986,0,Sample 1,Cell type 1
5666,0.88004915629376,0.18493778480401815,4,Sample 2,Cell type 2
5667,1.6961928535963162,-0.9458470495700645,5,Sample 3,Cell type 2
5668,-1.2904118549579222,-0.22574971480954262,0,Sample 1,Cell type 1
5669,-1.111359412089781,0.41202504893320624,1,Sample 2,Cell type 1
5670,-0.5802130158098262,-0.03207733406773521,0,Sample 1,Cell type 1
5671,0.19556521247654857,-0.993623070125147,5,Sample 3,Cell type 2
5672,-0.44850348544368723,-0.9480740068562905,0,Sample 1,Cell type 1
5673,-0.3601360286168577,0.3998369803374358,0,Sample 1,Cell type 1
5674,-0.7755546846603203,1.419707951787127,0,Sample 1,Cell type 1
5675,-0.28516178834035555,-1.1288604808523246,0,Sample 1,Cell type 1
5676,1.4807870761372073,-0.6540677143938174,3,Sample 1,Cell type 2
5677,0.9798075532174838,-0.052155487586445816,3,Sample 1,Cell type 2
5678,-0.6694414179387934,1.6543653091156103,0,Sample 1,Cell type 1
5679,-0.9607577982647917,1.5255459363876778,0,Sample 1,Cell type 1
5680,-2.60304257301907,-2.007421217212013,2,Sample 3,Cell type 1
5681,0.8485296191455216,0.5391929986772352,3,Sample 1,Cell type 2
5682,0.6512578165851093,0.6412539978829447,5,Sample 3,Cell type 2
5683,-1.4812810037598907,0.26547431013793943,2,Sample 3,Cell type 1
5684,1.2975519349813653,-0.5088149572509849,5,Sample 3,Cell type 2
5685,0.9385424130121385,-0.2370812716075536,4,Sample 2,Cell type 2
5686,1.9097557615182823,3.176149668813436,3,Sample 1,Cell type 2
5687,-1.2002274071004388,1.8421759761476022,1,Sample 2,Cell type 1
5688,2.731162138843109,-0.8577364170283649,4,Sample 2,Cell type 2
5689,1.1741037174926165,1.1788786524901809,3,Sample 1,Cell type 2
5690,1.6041431230348182,0.6714215576845347,4,Sample 2,Cell type 2
5691,-0.020078916463360796,0.3149313437244533,3,Sample 1,Cell type 2
5692,-0.07834372676968382,0.5332742542810648,0,Sample 1,Cell type 1
5693,-0.7483135142936659,2.1236528331900932,5,Sample 3,Cell type 2
5694,-1.5475156882114038,0.5332772765859852,2,Sample 3,Cell type 1
5695,-0.21252852582321435,-0.8089198292194538,3,Sample 1,Cell type 2
5696,1.748348980238496,0.7182819437954056,4,Sample 2,Cell type 2
5697,0.4337013944373739,-0.6360360915357052,4,Sample 2,Cell type 2
5698,-0.3898667157946578,-0.4391202673311324,0,Sample 1,Cell type 1
5699,1.1059366766148624,-1.5045851459953503,3,Sample 1,Cell type 2
5700,-0.08075503411354135,1.8795984955829326,1,Sample 2,Cell type 1
5701,-0.40340685819932853,1.0561264717367924,0,Sample 1,Cell type 1
5702,-0.33794020247882794,1.603619017893954,1,Sample 2,Cell type 1
5703,0.7566657407777879,-1.2508021288734021,3,Sample 1,Cell type 2
5704,0.9093737144645406,-0.8516824404730168,5,Sample 3,Cell type 2
5705,0.5104149279645847,0.38463844092371746,5,Sample 3,Cell type 2
5706,0.7460875511760385,-0.567777159615068,5,Sample 3,Cell type 2
5707,1.8297427402068551,0.7662689430863889,5,Sample 3,Cell type 2
5708,-1.9014580089054238,-0.25299026359735943,0,Sample 1,Cell type 1
5709,-1.2886008630014725,1.6156902203210899,1,Sample 2,Cell type 1
5710,1.4517102103306048,-0.02593494142976098,4,Sample 2,Cell type 2
5711,-0.7838147404483993,1.127819542291419,2,Sample 3,Cell type 1
5712,-1.242045267336314,1.0950511432481522,5,Sample 3,Cell type 2
5713,-1.031240592734719,-1.0518102338575788,0,Sample 1,Cell type 1
5714,-1.0904281485145346,-0.051651632701388166,2,Sample 3,Cell type 1
5715,1.3432175511222564,1.2289738162736392,3,Sample 1,Cell type 2
5716,-0.20520120056755686,-0.07005347731152184,0,Sample 1,Cell type 1
5717,-0.033731425126205083,-0.9238637694699542,0,Sample 1,Cell type 1
5718,0.9483422825918857,-0.0457207097575802,3,Sample 1,Cell type 2
5719,-0.8453445941858219,0.4979260979863053,1,Sample 2,Cell type 1
5720,-0.9239333717662055,-0.6422262029164583,2,Sample 3,Cell type 1
5721,0.020175930571292078,0.5053253668435197,4,Sample 2,Cell type 2
5722,-0.860955700964274,-0.30289733089035603,2,Sample 3,Cell type 1
5723,0.5250687292714549,-1.014556971336237,5,Sample 3,Cell type 2
5724,0.35180918109388903,-1.0130894710205265,3,Sample 1,Cell type 2
5725,0.4976800663082944,0.8949408578928417,5,Sample 3,Cell type 2
5726,-1.089184870217142,-0.5425385902055655,1,Sample 2,Cell type 1
5727,-1.1181312703830741,0.0691666946628914,0,Sample 1,Cell type 1
5728,-0.9005182142734539,-0.5636837485647063,2,Sample 3,Cell type 1
5729,-0.370855217756463,-0.47827026102458253,4,Sample 2,Cell type 2
5730,1.0831391124759318,-1.408159914602224,3,Sample 1,Cell type 2
5731,2.1863773605106225,-1.2223574293298343,3,Sample 1,Cell type 2
5732,1.1657955065770842,0.5489562485987796,5,Sample 3,Cell type 2
5733,0.9450122427947186,-0.6739198164180484,3,Sample 1,Cell type 2
5734,0.7211395887723342,0.7066139269140491,5,Sample 3,Cell type 2
5735,-0.9967129693559897,2.1769000013821174,3,Sample 1,Cell type 2
5736,-1.4633044074232677,0.21917718376771017,2,Sample 3,Cell type 1
5737,-1.496433445940525,-0.16165774926506993,3,Sample 1,Cell type 2
5738,-0.8271557951589715,-0.27820481778225126,0,Sample 1,Cell type 1
5739,0.6279186064272028,0.029156592315220855,3,Sample 1,Cell type 2
5740,0.9197300371906401,-1.7568790195702517,0,Sample 1,Cell type 1
5741,2.10898381367252,0.3936354067617015,5,Sample 3,Cell type 2
5742,1.2140465866825023,0.4316627875964157,4,Sample 2,Cell type 2
5743,-0.06525453771206502,0.08384250392976811,2,Sample 3,Cell type 1
5744,0.49759276384199413,0.5515427895023892,5,Sample 3,Cell type 2
5745,2.6821598533104347,-0.6788683193464284,4,Sample 2,Cell type 2
5746,0.16460202938678392,1.1190854502926324,3,Sample 1,Cell type 2
5747,-1.5190941975114995,0.6798521032431805,0,Sample 1,Cell type 1
5748,-1.1126569855448478,0.7621938934964225,2,Sample 3,Cell type 1
5749,0.10171483500786827,-1.5788563675402492,3,Sample 1,Cell type 2
5750,1.5746889855408392,1.527861401738407,4,Sample 2,Cell type 2
5751,-1.401863456860319,0.7707589148911251,0,Sample 1,Cell type 1
5752,-2.1132556397902738,-1.1884109517758488,0,Sample 1,Cell type 1
5753,-0.41867809709412107,0.355281650197194,5,Sample 3,Cell type 2
5754,-2.1887905198395856,0.6942616154133899,2,Sample 3,Cell type 1
5755,-1.3756301322445759,-0.2655809228141157,1,Sample 2,Cell type 1
5756,-1.8296738318127819,-0.9035616348733486,1,Sample 2,Cell type 1
5757,2.1692348384929008,0.6007932723329962,3,Sample 1,Cell type 2
5758,-0.9952806702536352,0.04228253438826785,0,Sample 1,Cell type 1
5759,0.5959824514182943,-0.36549932132106294,4,Sample 2,Cell type 2
5760,-0.5860250713547952,-0.6099438327768956,0,Sample 1,Cell type 1
5761,0.9028146825886508,-0.10168301079594944,5,Sample 3,Cell type 2
5762,-0.9884542208106833,0.43184433183014975,2,Sample 3,Cell type 1
5763,-1.6461270016728418,-0.20747216266222573,1,Sample 2,Cell type 1
5764,-1.036142155579909,-1.2876975919062434,0,Sample 1,Cell type 1
5765,-1.79043692754112,0.08989825896829169,2,Sample 3,Cell type 1
5766,-1.3272509909924703,-0.051251061348960715,0,Sample 1,Cell type 1
5767,0.7092618681042939,-0.33051330071935725,3,Sample 1,Cell type 2
5768,0.0014900000984021666,1.5414402701486454,4,Sample 2,Cell type 2
5769,-0.21632801987043704,0.853931786824458,2,Sample 3,Cell type 1
5770,0.1895963847597758,1.2775101127180553,3,Sample 1,Cell type 2
5771,-0.5220765145952109,0.133989123525922,2,Sample 3,Cell type 1
5772,1.3262048934350739,-0.4589045575790695,4,Sample 2,Cell type 2
5773,0.4029102660472046,-1.3774152687690393,2,Sample 3,Cell type 1
5774,-2.5957292213861933,1.1357293506425925,0,Sample 1,Cell type 1
5775,0.8069161019338328,-3.240976594013566,3,Sample 1,Cell type 2
5776,-2.0949227237221386,-1.0093771326825247,2,Sample 3,Cell type 1
5777,-0.46108504939428074,0.6015064398462727,1,Sample 2,Cell type 1
5778,-1.9631724066048986,1.547136551557639,2,Sample 3,Cell type 1
5779,1.361978042421116,0.2236905946070885,5,Sample 3,Cell type 2
5780,1.0443047708805167,-0.3639576808655651,1,Sample 2,Cell type 1
5781,-0.8296045234368633,0.26751984604211165,2,Sample 3,Cell type 1
5782,1.2378292872466052,-0.03630051919263938,3,Sample 1,Cell type 2
5783,-1.3526890888481797,-0.9159878781692578,2,Sample 3,Cell type 1
5784,-0.025578051501633947,-0.42401218663609075,1,Sample 2,Cell type 1
5785,0.6116899198961037,-1.908078493608157,3,Sample 1,Cell type 2
5786,1.9272247245726102,-0.3420331616604183,3,Sample 1,Cell type 2
5787,1.5521141491046535,-0.02925350375192046,4,Sample 2,Cell type 2
5788,2.1430792227294075,1.1655064349445763,5,Sample 3,Cell type 2
5789,0.47918735820847624,0.3520150892394536,2,Sample 3,Cell type 1
5790,1.8050129587946162,0.3009372721859688,5,Sample 3,Cell type 2
5791,0.1675667658526535,0.24189821023377733,4,Sample 2,Cell type 2
5792,0.9891608023360616,-1.0086908856266248,3,Sample 1,Cell type 2
5793,2.1582525575047775,-0.1120936317177814,5,Sample 3,Cell type 2
5794,-0.2948480909511826,-0.20273637824221824,3,Sample 1,Cell type 2
5795,-1.3525823341394396,-0.8301691660486523,0,Sample 1,Cell type 1
5796,-0.8752193346609239,-0.9775136692632689,2,Sample 3,Cell type 1
5797,1.533096592312009,0.08938243345621466,3,Sample 1,Cell type 2
5798,0.7091491008677637,0.2419311207709388,4,Sample 2,Cell type 2
5799,1.0160490290767819,0.03381017283652709,5,Sample 3,Cell type 2
5800,0.2406206199084273,-0.6043609862824911,2,Sample 3,Cell type 1
5801,0.2977505052217009,-0.4611368166090242,2,Sample 3,Cell type 1
5802,1.1286915713282948,-1.5534095568000899,3,Sample 1,Cell type 2
5803,0.949693180047764,-0.07073171637193747,5,Sample 3,Cell type 2
5804,0.8364398161456847,-0.8472433375253386,5,Sample 3,Cell type 2
5805,-0.7091490572336967,-0.13284232766880183,0,Sample 1,Cell type 1
5806,-1.514571437760455,0.2993467592917778,1,Sample 2,Cell type 1
5807,-0.889596715604684,1.4622106126226047,0,Sample 1,Cell type 1
5808,-1.3495122444710426,-0.2750571999614817,2,Sample 3,Cell type 1
5809,-3.385872827553711,0.9823561667302156,0,Sample 1,Cell type 1
5810,-0.10654564193727922,-0.37073091094735783,5,Sample 3,Cell type 2
5811,-2.4688133965237755,-0.8144530496442597,2,Sample 3,Cell type 1
5812,-1.283742320176311,0.6830722984439407,0,Sample 1,Cell type 1
5813,-0.9046949921962892,0.5259716824252358,1,Sample 2,Cell type 1
5814,0.6640604854508108,1.0139085265929817,0,Sample 1,Cell type 1
5815,0.7816001847155898,2.3222627088216976,5,Sample 3,Cell type 2
5816,1.5152007755395918,0.3573420028941599,3,Sample 1,Cell type 2
5817,-0.6145149768622862,0.06944084659594507,1,Sample 2,Cell type 1
5818,-1.690177634204097,0.06126504232375893,2,Sample 3,Cell type 1
5819,-1.0173343417609553,-0.2366017462874409,1,Sample 2,Cell type 1
5820,3.6418655857496214,-0.925131388509665,3,Sample 1,Cell type 2
5821,1.0147368177381644,-0.8882484628514011,4,Sample 2,Cell type 2
5822,-1.8985967675890465,1.4609310214752484,2,Sample 3,Cell type 1
5823,-0.21080193867371744,-0.25304763821810156,3,Sample 1,Cell type 2
5824,-0.6085530654688912,-0.3545880131188084,2,Sample 3,Cell type 1
5825,0.3301046402673644,-0.4664431964462827,0,Sample 1,Cell type 1
5826,-2.239902431161382,-0.8440425359236106,0,Sample 1,Cell type 1
5827,-0.2012464293273466,0.68476198888033,1,Sample 2,Cell type 1
5828,-0.7938327806148677,0.9668862114440052,1,Sample 2,Cell type 1
5829,1.8068497031801494,-2.466383779831438,5,Sample 3,Cell type 2
5830,0.2670416312983086,1.3507587272523405,3,Sample 1,Cell type 2
5831,1.5776911553299922,-0.3447854290438144,5,Sample 3,Cell type 2
5832,0.6186783547803916,-0.44024055766579456,4,Sample 2,Cell type 2
5833,1.219688599152148,0.24651997816246102,4,Sample 2,Cell type 2
5834,-0.5449696823477128,1.3402017974954608,1,Sample 2,Cell type 1
5835,-3.35777059368077,0.7397122539377015,0,Sample 1,Cell type 1
5836,2.3884627305517983,0.2191275694230932,3,Sample 1,Cell type 2
5837,0.7803744830459791,0.2652473276120714,3,Sample 1,Cell type 2
5838,-0.10089820705573693,1.282164958869519,3,Sample 1,Cell type 2
5839,1.634543083225997,-0.8949195590677861,2,Sample 3,Cell type 1
5840,0.4273986586132632,-0.5085544261960733,3,Sample 1,Cell type 2
5841,-2.2490816954102217,0.6874743164700804,2,Sample 3,Cell type 1
5842,0.8262261333940486,0.9452875970487196,4,Sample 2,Cell type 2
5843,-0.4186986217516967,-0.9891402763993854,2,Sample 3,Cell type 1
5844,1.1396398085788206,-0.3584547301882937,3,Sample 1,Cell type 2
5845,0.5542674661100646,-0.3596725670531421,0,Sample 1,Cell type 1
5846,-0.6924196218005565,1.6885537552942977,0,Sample 1,Cell type 1
5847,0.9471516156058342,0.4018828562466404,3,Sample 1,Cell type 2
5848,-1.2648182550728118,1.220925047245184,2,Sample 3,Cell type 1
5849,0.7120834497973776,1.2517501933589792,4,Sample 2,Cell type 2
5850,-0.1436052064833615,-0.9190462118042703,1,Sample 2,Cell type 1
5851,-1.232916456400392,1.4387824534542453,0,Sample 1,Cell type 1
5852,-1.7771442444684407,-0.028083140045175578,2,Sample 3,Cell type 1
5853,2.099165451116633,0.1205625425222118,3,Sample 1,Cell type 2
5854,0.5060275515372712,-0.5305071599448467,2,Sample 3,Cell type 1
5855,-2.6386842500218144,-0.6351961347858286,2,Sample 3,Cell type 1
5856,-1.5657888745671134,-0.24976225697421012,2,Sample 3,Cell type 1
5857,1.6986056542516956,-0.43554010045610975,3,Sample 1,Cell type 2
5858,-0.02525388114225069,0.9484218468314127,0,Sample 1,Cell type 1
5859,0.4068785560062965,1.1957817703901794,4,Sample 2,Cell type 2
5860,0.1921065532524514,-0.5737386913425105,3,Sample 1,Cell type 2
5861,0.4691701735384717,-1.2871272401645695,0,Sample 1,Cell type 1
5862,-0.5107598608650109,-0.33355289887749534,0,Sample 1,Cell type 1
5863,-0.5534207313730153,-0.4817850413108931,1,Sample 2,Cell type 1
5864,-2.174022550454368,0.6027052939470346,0,Sample 1,Cell type 1
5865,-0.86557286595593,0.3277262664491952,1,Sample 2,Cell type 1
5866,0.43565423909738443,1.0867528754567286,5,Sample 3,Cell type 2
5867,-1.1585011905638765,0.07468867693125897,2,Sample 3,Cell type 1
5868,-0.1769989086328947,-0.3105936871372711,3,Sample 1,Cell type 2
5869,0.4793862440113018,-0.06974486990368914,3,Sample 1,Cell type 2
5870,1.455002067893507,0.39261213432094955,3,Sample 1,Cell type 2
5871,-2.9765150389899517,-0.1459115779318726,1,Sample 2,Cell type 1
5872,-0.39524985296695225,0.34578186480530687,2,Sample 3,Cell type 1
5873,-1.5417499977416593,-0.5699082570434794,2,Sample 3,Cell type 1
5874,0.8037949319909884,-0.02813527273882147,4,Sample 2,Cell type 2
5875,-0.6587621931464882,1.1071999580857088,1,Sample 2,Cell type 1
5876,-0.5823879889898917,-0.22600605117819678,4,Sample 2,Cell type 2
5877,-0.46770206342333054,0.612198324429022,2,Sample 3,Cell type 1
5878,-0.2348712685426526,1.0619479170346178,3,Sample 1,Cell type 2
5879,-0.9929078337747447,-0.29304994693365327,1,Sample 2,Cell type 1
5880,0.4892974468944835,1.6213755670489676,4,Sample 2,Cell type 2
5881,-0.18389717634486114,1.178499691262383,3,Sample 1,Cell type 2
5882,-0.19865515283219237,0.5176845144959097,1,Sample 2,Cell type 1
5883,-1.2510666372986277,-0.25178415164625095,1,Sample 2,Cell type 1
5884,-0.0637837964613972,0.8963763109618011,3,Sample 1,Cell type 2
5885,1.6167610762398712,1.2618083933272097,3,Sample 1,Cell type 2
5886,1.961913089254863,-1.1573997358648442,3,Sample 1,Cell type 2
5887,1.3919916870931277,0.14983674531943236,4,Sample 2,Cell type 2
5888,-1.352897337818942,-1.3171634533189067,0,Sample 1,Cell type 1
5889,0.8170135431242439,1.009982999964032,5,Sample 3,Cell type 2
5890,1.770992727609714,1.0076174202911192,0,Sample 1,Cell type 1
5891,-1.6107787551646928,-0.28641377496835824,2,Sample 3,Cell type 1
5892,0.005993354930503458,0.3901874494252764,5,Sample 3,Cell type 2
5893,1.9695643057141234,-0.01607593939896015,5,Sample 3,Cell type 2
5894,-0.1443936688030556,-1.037775898565804,3,Sample 1,Cell type 2
5895,2.960705956592496,0.1749001170044099,3,Sample 1,Cell type 2
5896,1.9197664990103274,0.19008845930201104,4,Sample 2,Cell type 2
5897,3.1958870202869516,0.27111823208225116,5,Sample 3,Cell type 2
5898,-1.957798006135614,-0.008860327785344704,2,Sample 3,Cell type 1
5899,-1.2518293081393055,-0.8680840154191722,1,Sample 2,Cell type 1
5900,-0.7680227138715243,-1.117584517933462,1,Sample 2,Cell type 1
5901,1.4230122951219952,0.09304379659088562,4,Sample 2,Cell type 2
5902,-1.948451945827911,0.3850329556376129,2,Sample 3,Cell type 1
5903,2.47506447483985,0.8172203962825721,3,Sample 1,Cell type 2
5904,0.36399780633417356,0.6476395478624024,4,Sample 2,Cell type 2
5905,-0.7358162230282235,0.2244759189165375,2,Sample 3,Cell type 1
5906,-2.1413231244777813,-0.1514332210387874,2,Sample 3,Cell type 1
5907,1.5283517811350822,0.005893792024085348,4,Sample 2,Cell type 2
5908,2.3067339690832496,-0.8527776668749008,5,Sample 3,Cell type 2
5909,1.5446197141830544,-0.25225444176946266,5,Sample 3,Cell type 2
5910,-1.8245727239331182,-0.7486399874074002,1,Sample 2,Cell type 1
5911,1.5391807833374282,0.1581063412426014,5,Sample 3,Cell type 2
5912,1.4726523819359516,-2.1496783162299176,5,Sample 3,Cell type 2
5913,1.8450614604113662,-1.3767966720984026,4,Sample 2,Cell type 2
5914,0.37587306548681765,-0.07294136824956939,2,Sample 3,Cell type 1
5915,1.1085476928522207,0.5960762069831712,5,Sample 3,Cell type 2
5916,1.8973534208082774,1.0146150804199368,3,Sample 1,Cell type 2
5917,-0.14236199471879374,1.3825410955694508,3,Sample 1,Cell type 2
5918,0.4988991044409703,0.029374953021784278,3,Sample 1,Cell type 2
5919,2.3574796738727954,-0.9002434704991095,5,Sample 3,Cell type 2
5920,-1.057199520045455,-0.7043322262933199,3,Sample 1,Cell type 2
5921,-1.9058883087516771,1.025890705016141,0,Sample 1,Cell type 1
5922,0.11092068087420526,0.6507341456218775,3,Sample 1,Cell type 2
5923,0.8725036313149811,0.27209061031344745,4,Sample 2,Cell type 2
5924,-1.6584685650176754,1.7013966166402044,1,Sample 2,Cell type 1
5925,1.7471452351116739,0.3355580237902425,4,Sample 2,Cell type 2
5926,-0.9779408431669515,0.4481984621209048,0,Sample 1,Cell type 1
5927,1.1622745462037527,-0.8605221326626853,4,Sample 2,Cell type 2
5928,0.7234783969044416,1.2321851244865663,4,Sample 2,Cell type 2
5929,0.9444015439564953,0.1470850383475179,5,Sample 3,Cell type 2
5930,2.9312424325688395,-1.3904423299380604,3,Sample 1,Cell type 2
5931,-2.717026802089652,-0.7743465097015517,1,Sample 2,Cell type 1
5932,-1.7363986149101254,1.8831485481169143,0,Sample 1,Cell type 1
5933,1.624893743034369,2.3154771503200267,5,Sample 3,Cell type 2
5934,1.8578586288964185,0.7101676812599189,4,Sample 2,Cell type 2
5935,0.5356171095858284,0.37518575633103635,4,Sample 2,Cell type 2
5936,-2.440813580628864,-0.7456473223022214,1,Sample 2,Cell type 1
5937,-1.4388700788594666,-1.2926284784353061,2,Sample 3,Cell type 1
5938,-1.8454018544368789,-0.12967880014945393,0,Sample 1,Cell type 1
5939,2.179545321532117,1.0539917745026035,3,Sample 1,Cell type 2
5940,2.4671169683869696,0.33330624059596115,4,Sample 2,Cell type 2
5941,0.6050350085696456,-1.025155356854716,5,Sample 3,Cell type 2
5942,-0.820846273983877,-0.5401951894429152,0,Sample 1,Cell type 1
5943,-0.8114191927634851,-0.9824626549431924,2,Sample 3,Cell type 1
5944,-1.8684311145220942,0.6174463139985954,0,Sample 1,Cell type 1
5945,1.2815400130901617,0.5163903989117108,4,Sample 2,Cell type 2
5946,1.3629696437501417,-1.6430921960981473,4,Sample 2,Cell type 2
5947,0.44365559618473527,0.808660534096408,3,Sample 1,Cell type 2
5948,0.3237890773569667,1.3680825668919911,4,Sample 2,Cell type 2
5949,0.2796981344512266,-0.44908853038120067,3,Sample 1,Cell type 2
5950,2.451581533636415,0.851956477497393,4,Sample 2,Cell type 2
5951,2.4182882285517726,-0.04301932534631083,3,Sample 1,Cell type 2
5952,0.3633044096690309,1.9888700991736177,3,Sample 1,Cell type 2
5953,-0.5614252866595046,0.9647368786906175,2,Sample 3,Cell type 1
5954,0.22214326425351782,1.0220585269423286,4,Sample 2,Cell type 2
5955,1.3353833678320495,0.14984381440361205,3,Sample 1,Cell type 2
5956,-3.1527605838817214,0.76029693820353,2,Sample 3,Cell type 1
5957,0.6167638014701038,-1.4914292266190743,4,Sample 2,Cell type 2
5958,-0.24947006090598633,0.413262071305593,0,Sample 1,Cell type 1
5959,1.5364733447192385,-0.8550941122310844,5,Sample 3,Cell type 2
5960,-0.9051620444686361,-1.200622945426384,0,Sample 1,Cell type 1
5961,-1.658824047117828,-0.5775544292869165,3,Sample 1,Cell type 2
5962,-1.1577650769136116,0.3593858415472178,2,Sample 3,Cell type 1
5963,-0.2800522882521549,-1.454679547592929,0,Sample 1,Cell type 1
5964,-0.5491745311380574,-0.8797997203186959,0,Sample 1,Cell type 1
5965,-1.8043714171753429,-0.349168472016707,2,Sample 3,Cell type 1
5966,-0.7427211483475855,0.3010111109883225,0,Sample 1,Cell type 1
5967,0.35981208050808866,0.5356180673223917,5,Sample 3,Cell type 2
5968,0.7408845308188718,0.22053479788386532,3,Sample 1,Cell type 2
5969,-2.152386417246655,1.5793147637859282,0,Sample 1,Cell type 1
5970,-2.303275907347592,-1.2667173969388998,0,Sample 1,Cell type 1
5971,-2.041404956841944,-1.199815519300026,2,Sample 3,Cell type 1
5972,-2.2623447446197242,1.5746190688682455,0,Sample 1,Cell type 1
5973,2.0267072204072267,0.2637079265327895,5,Sample 3,Cell type 2
5974,-2.523661132775847,-0.0885056641152749,0,Sample 1,Cell type 1
5975,-1.4427612143825348,1.1952512000882707,2,Sample 3,Cell type 1
5976,1.430234033673055,-1.2956473177189447,5,Sample 3,Cell type 2
5977,-2.87373646709535,1.5268107314610344,0,Sample 1,Cell type 1
5978,-0.19610687350110356,-0.6680952115889146,4,Sample 2,Cell type 2
5979,-0.6069353034398415,0.3638652794655279,1,Sample 2,Cell type 1
5980,0.1373360098892018,-0.7616843797191623,1,Sample 2,Cell type 1
5981,2.3447277075401427,0.18125510284375299,5,Sample 3,Cell type 2
5982,1.572897886185938,2.0903483027364897,4,Sample 2,Cell type 2
5983,1.3955074214121916,1.1411644383927801,3,Sample 1,Cell type 2
5984,1.0308446327802,-1.5127834133143083,3,Sample 1,Cell type 2
5985,-2.5024647530092343,0.4890241731419416,0,Sample 1,Cell type 1
5986,-0.47182861557975675,1.9714100632289808,0,Sample 1,Cell type 1
5987,-0.4731216778797125,2.271035998259602,5,Sample 3,Cell type 2
5988,0.5383231804289694,-0.39916943985340353,5,Sample 3,Cell type 2
5989,2.4450578493086064,-1.8726664728518805,3,Sample 1,Cell type 2
5990,-0.2954136385462848,-0.3880130126175892,1,Sample 2,Cell type 1
5991,0.13330991580811902,1.031796783360655,1,Sample 2,Cell type 1
5992,2.358027004840213,1.0065043231138153,5,Sample 3,Cell type 2
5993,-0.3977317500558386,-1.2632027666072965,4,Sample 2,Cell type 2
5994,-1.3989540260723592,-0.7963224426242108,0,Sample 1,Cell type 1
5995,-1.5497718758245593,0.45403493074471524,2,Sample 3,Cell type 1
5996,-1.1255016481128997,-0.4051703383662704,1,Sample 2,Cell type 1
5997,-0.3390755331415607,-1.0126674915580456,3,Sample 1,Cell type 2
5998,-0.506004548214372,-0.22946021419832807,1,Sample 2,Cell type 1
5999,1.1870744509603726,0.11933790482349096,4,Sample 2,Cell type 2
