X,Y,cell_type,sample
0.406262911197099,0.6781200142854115,Cell type 1,Sample 1
0.3406811632876527,-0.5768461406699292,Cell type 1,Sample 2
0.1843366544364506,-0.19666940616368034,Cell type 1,Sample 3
0.8679819015826247,0.0989553917313239,Cell type 1,Sample 1
0.3710476860046535,0.14964629020324596,Cell type 1,Sample 2
-0.6035108239286078,-0.5376561965246189,Cell type 1,Sample 3
-0.6322492034774828,-0.8965532262672884,Cell type 1,Sample 1
0.2154312095075187,-0.6378413299978658,Cell type 1,Sample 2
-0.06395879574038327,-0.4777702203002129,Cell type 1,Sample 3
0.07472804483165477,0.3853751048093937,Cell type 1,Sample 1
0.07244391654844559,0.011951521642477736,Cell type 1,Sample 2
0.19689864910812577,-0.963836289672805,Cell type 1,Sample 3
0.03634026216467067,-0.2057465722810901,Cell type 1,Sample 1
0.4361603183603391,0.09167100286917587,Cell type 1,Sample 2
-0.8880058770242011,0.531970493780428,Cell type 1,Sample 3
0.23463379490426312,-0.7677860616035529,Cell type 1,Sample 1
-0.09157523552664734,-0.17833656708993562,Cell type 1,Sample 2
0.4288298116010097,-0.07996926498171356,Cell type 1,Sample 3
-0.48136628264230613,-0.10330563984802332,Cell type 1,Sample 1
0.9505953428765037,-0.030330406907310387,Cell type 1,Sample 2
-0.6951109625767313,0.07888071964688474,Cell type 1,Sample 3
-0.2586442250501861,0.70467372009279,Cell type 1,Sample 1
0.4950831194796445,-0.10856553747310124,Cell type 1,Sample 2
0.061602403392242835,0.2757426880202338,Cell type 1,Sample 3
0.029104359222999948,-0.5714851489153115,Cell type 1,Sample 1
-0.5460818163590448,0.41737566316244107,Cell type 1,Sample 2
-0.5552879227329144,0.8761352217118114,Cell type 1,Sample 3
-0.4025858758714381,0.5384240723288402,Cell type 1,Sample 1
-0.13948146516590426,-0.1398800842479172,Cell type 1,Sample 2
-0.15460453852493172,-0.3760782027952916,Cell type 1,Sample 3
0.3664145409108725,-0.6371160595383976,Cell type 1,Sample 1
-0.13990517118850304,-0.48226889745509566,Cell type 1,Sample 2
-0.06709010533846228,0.25967937281894404,Cell type 1,Sample 3
0.15976233539147772,0.8268086342461425,Cell type 1,Sample 1
0.021801223186226862,0.8475255202153765,Cell type 1,Sample 2
-0.19994953106556854,0.134647376290367,Cell type 1,Sample 3
0.681281426356226,0.8203072817441437,Cell type 1,Sample 1
-0.24153052584171975,0.07339650599277468,Cell type 1,Sample 2
-0.48187946310530544,-0.47857545744752145,Cell type 1,Sample 3
-0.386329722635412,0.4150959059313051,Cell type 1,Sample 1
-0.7855761755589415,0.5407570431498706,Cell type 1,Sample 2
-0.41716152274579105,0.38201489078642975,Cell type 1,Sample 3
0.1680724815131144,-0.11373812997670389,Cell type 1,Sample 1
0.8119424964055761,0.19158409487945016,Cell type 1,Sample 2
-0.20809720244262697,-0.5650346695201789,Cell type 1,Sample 3
-0.3812596195732991,0.5181514460362399,Cell type 1,Sample 1
-0.2280604137370941,0.09071331005698569,Cell type 1,Sample 2
0.13392181893316665,-0.41176748531292473,Cell type 1,Sample 3
0.2528677162363995,-0.04335056807410436,Cell type 1,Sample 1
0.20024069325316435,0.06553259310792436,Cell type 1,Sample 2
-0.9593856076495207,-0.013256937724608439,Cell type 1,Sample 3
0.28602872085707204,-0.031095508499655502,Cell type 1,Sample 1
0.03418578298382938,-0.8732333627895168,Cell type 1,Sample 2
-0.6792870076287372,-0.5398681606379242,Cell type 1,Sample 3
0.4380233962648971,0.736335337875491,Cell type 1,Sample 1
-0.15388911747650041,0.10957516383196948,Cell type 1,Sample 2
0.23013581249115192,0.09742117013506903,Cell type 1,Sample 3
-0.04585301207256299,-0.44388475576927033,Cell type 1,Sample 1
0.23673594951761423,-0.13382054544939678,Cell type 1,Sample 2
-0.09410121938641057,-0.051793426702890305,Cell type 1,Sample 3
-0.3879374115832419,0.03948202283404226,Cell type 1,Sample 1
-0.7854407285629561,0.677786467855174,Cell type 1,Sample 2
0.10237944120089208,0.3829391397403074,Cell type 1,Sample 3
0.19096772611577667,0.21502082359553482,Cell type 1,Sample 1
-0.03406171258397655,0.18198531542636906,Cell type 1,Sample 2
-0.09264382943885414,-0.06491034986671308,Cell type 1,Sample 3
-0.24178074192326854,-0.30608345857741037,Cell type 1,Sample 1
0.3188029061156043,0.1293849026219608,Cell type 1,Sample 2
0.04191331396468047,0.7052295726017519,Cell type 1,Sample 3
0.3782441771580492,-0.9570300352937336,Cell type 1,Sample 1
-1.3098725520448722,0.4109512521876119,Cell type 1,Sample 2
-0.29326563478196777,0.1121082021453965,Cell type 1,Sample 3
-0.0657362978358339,0.41302358572075315,Cell type 1,Sample 1
-0.3177049401143685,-0.020646343503641418,Cell type 1,Sample 2
-0.3856001497746453,-0.8869848080560647,Cell type 1,Sample 3
0.14488742844820646,1.0377003993227194,Cell type 1,Sample 1
-0.4192928992236155,-0.44334046114172865,Cell type 1,Sample 2
0.378394339993491,0.30623439700680116,Cell type 1,Sample 3
0.5519386716581288,0.2375838732476908,Cell type 1,Sample 1
-0.6086413461102397,0.07973125340206459,Cell type 1,Sample 2
0.01310237638701783,-0.15178216263295752,Cell type 1,Sample 3
0.014159188065230586,0.014878069747872594,Cell type 1,Sample 1
-0.0624434426750337,0.00784889797887919,Cell type 1,Sample 2
0.32576099566975286,-0.5688428352124083,Cell type 1,Sample 3
-0.6888346839785455,-0.4689125199575614,Cell type 1,Sample 1
0.0802869905249323,0.0015230100767072347,Cell type 1,Sample 2
0.1539008844460296,-0.8550841963283128,Cell type 1,Sample 3
-0.6594842491512554,0.010053233434549193,Cell type 1,Sample 1
-0.6252038669848587,0.3022576631776834,Cell type 1,Sample 2
0.6032544832541784,-0.40846783549361804,Cell type 1,Sample 3
-0.36988558198648364,-0.6673053034551163,Cell type 1,Sample 1
-0.11048208691483197,0.01344291949726539,Cell type 1,Sample 2
-0.03133954863658594,0.47757116025061913,Cell type 1,Sample 3
-0.6896596140072636,-0.36546501997095954,Cell type 1,Sample 1
0.36547948818810805,-0.32532991368419184,Cell type 1,Sample 2
-0.4127485983962558,-0.16069292082649672,Cell type 1,Sample 3
-0.371242116269192,-0.24265291768393416,Cell type 1,Sample 1
0.21004724522592064,0.3034252966078355,Cell type 1,Sample 2
0.23160314604956153,-0.6835689032301229,Cell type 1,Sample 3
-0.11282819035612582,0.6945121814813808,Cell type 1,Sample 1
0.5002911590214891,-0.33531010453832244,Cell type 1,Sample 2
0.1838246464957108,-1.050013253825812,Cell type 1,Sample 3
0.34507199585555626,-0.20061023594291813,Cell type 1,Sample 1
0.07570152397586631,0.1492259069907199,Cell type 1,Sample 2
-0.026553400848455325,-0.2754909017691248,Cell type 1,Sample 3
0.11689295589537385,-0.7779478231018137,Cell type 1,Sample 1
-0.32784385973072183,-0.11785562242833425,Cell type 1,Sample 2
-0.3461251646329482,-0.9844615712080416,Cell type 1,Sample 3
0.1900989255029816,0.3052928726419116,Cell type 1,Sample 1
-0.09789263548429067,-0.5211357940236242,Cell type 1,Sample 2
0.27657457818960457,-0.2741001490833863,Cell type 1,Sample 3
-0.3980684015932477,-0.4750317487330636,Cell type 1,Sample 1
0.22530170643126943,-0.934908169766082,Cell type 1,Sample 2
0.2513724037454073,-1.2466354101650388,Cell type 1,Sample 3
0.1778344742816147,0.09578869809704481,Cell type 1,Sample 1
0.28687221050220657,-0.638152208269168,Cell type 1,Sample 2
-0.0543800742284288,0.20085586104947073,Cell type 1,Sample 3
-0.5250703698010728,0.37874757466874276,Cell type 1,Sample 1
-1.0619478621549034,-0.2628775108403805,Cell type 1,Sample 2
0.11204624090520839,0.00629620039089743,Cell type 1,Sample 3
-0.3547899273745863,-0.6292524553376673,Cell type 1,Sample 1
-0.5956517486013243,0.32827680431691486,Cell type 1,Sample 2
-0.4062728850609929,1.052648714729156,Cell type 1,Sample 3
0.29308290019639166,-0.2062069091082402,Cell type 1,Sample 1
-0.46771935102229767,0.5429910580875161,Cell type 1,Sample 2
0.05294722655761712,0.2922064902362421,Cell type 1,Sample 3
0.7650975994316757,0.3324635811508705,Cell type 1,Sample 1
-0.3582867442120526,0.4047972179859429,Cell type 1,Sample 2
-1.3021069283135671,0.09947407339824726,Cell type 1,Sample 3
-1.2018343005502652,0.6962279707415338,Cell type 1,Sample 1
-0.36480123490370475,0.18070865863655144,Cell type 1,Sample 2
0.030941676443567604,-0.463776665405864,Cell type 1,Sample 3
0.0377168194507964,-0.8009829059485842,Cell type 1,Sample 1
-0.22503273573962182,0.3114249661737494,Cell type 1,Sample 2
0.543855213078933,0.3458092875606942,Cell type 1,Sample 3
0.31275400841551787,0.4426157414944955,Cell type 1,Sample 1
-0.010450796982074066,0.058663691654391,Cell type 1,Sample 2
-0.010683647174218078,-0.3736058395739117,Cell type 1,Sample 3
-0.5998626325451067,0.3494598425403944,Cell type 1,Sample 1
-0.4088411983025669,-0.5669151784031771,Cell type 1,Sample 2
-0.17029935345493075,0.2500715165569419,Cell type 1,Sample 3
-0.34838590921478746,0.29101328354236344,Cell type 1,Sample 1
-0.3557310970418524,-0.19222843948854582,Cell type 1,Sample 2
0.20210643263866604,0.35793637234547976,Cell type 1,Sample 3
-0.29000816632684234,-0.5782079083719284,Cell type 1,Sample 1
-0.6473407378604529,0.5804133936892597,Cell type 1,Sample 2
0.2814404300871774,-0.43990717675102714,Cell type 1,Sample 3
0.16542565230778888,0.725500719065668,Cell type 1,Sample 1
-0.14372375970017778,0.14366445220150464,Cell type 1,Sample 2
-0.6995392140922377,-0.7601433961203048,Cell type 1,Sample 3
-0.1941734691505792,-0.15280955553415648,Cell type 1,Sample 1
0.9038042538846316,0.25307882773035617,Cell type 1,Sample 2
-0.02444859173705277,-0.7025949234017875,Cell type 1,Sample 3
0.17850774298252367,-0.3464547976303271,Cell type 1,Sample 1
-1.0377940045392666,-0.04303484639544653,Cell type 1,Sample 2
0.052100551975938034,-0.03129656394976121,Cell type 1,Sample 3
0.23333549098304052,0.76050311357969,Cell type 1,Sample 1
0.22190971407311422,0.3873170267146684,Cell type 1,Sample 2
-0.22881662466880762,0.09284429020936946,Cell type 1,Sample 3
-0.024514670419018367,-0.08018004052241538,Cell type 1,Sample 1
0.545430835301849,-0.23146975601262915,Cell type 1,Sample 2
-0.6461313475528093,0.3448539026225972,Cell type 1,Sample 3
-0.9891126246874051,0.023467451030184813,Cell type 1,Sample 1
0.4816880646221609,0.20639046346824916,Cell type 1,Sample 2
0.2717396893350465,0.09990521685935674,Cell type 1,Sample 3
-0.7013026358998468,0.8747883715934697,Cell type 1,Sample 1
-0.4782181884090044,0.23620313894018868,Cell type 1,Sample 2
1.1745378933503787,-0.35802171813792016,Cell type 1,Sample 3
-0.6834393492077105,-0.11238270094634177,Cell type 1,Sample 1
0.8988432634247613,0.3204214306335049,Cell type 1,Sample 2
-0.5896845608163086,0.08612719320551875,Cell type 1,Sample 3
0.21846908487317493,0.5953231373931707,Cell type 1,Sample 1
-0.3905781890655571,-0.12990007038375626,Cell type 1,Sample 2
0.12994139712421177,0.3909114358886552,Cell type 1,Sample 3
0.13621069832680494,0.2087325449106475,Cell type 1,Sample 1
-0.30335014738264837,0.10564184613973636,Cell type 1,Sample 2
0.5970547015236862,-0.4905827655698408,Cell type 1,Sample 3
-0.9468073334768928,0.10664685368646928,Cell type 1,Sample 1
-0.12453592232652036,-0.8364469506557871,Cell type 1,Sample 2
0.0078091669748015236,0.4511385868933236,Cell type 1,Sample 3
-0.5493102125889061,0.7102521436355316,Cell type 1,Sample 1
0.11572296126278615,0.32324476886288533,Cell type 1,Sample 2
-0.45809595774062123,-0.41591110411522236,Cell type 1,Sample 3
-0.07497035953955468,-0.716575907262356,Cell type 1,Sample 1
0.33597230390724875,0.19210103600294826,Cell type 1,Sample 2
0.3429289093042095,-1.0768652868957307,Cell type 1,Sample 3
-0.2596981859130633,-0.1704539386730399,Cell type 1,Sample 1
0.14937645418284312,-0.37589552504759216,Cell type 1,Sample 2
-0.03178676959306073,-0.7254639455556121,Cell type 1,Sample 3
1.159664769990847,0.19665891969718594,Cell type 1,Sample 1
-0.06377456018876711,0.7555774651236737,Cell type 1,Sample 2
0.029185145408947823,-0.30192946561847733,Cell type 1,Sample 3
-0.0821676029426956,0.10604667653708762,Cell type 1,Sample 1
-0.4924965629085076,0.09934000477370344,Cell type 1,Sample 2
-0.05171561214514196,-0.6195263512633212,Cell type 1,Sample 3
0.4044596346963597,-0.2922276459252191,Cell type 1,Sample 1
-0.05099735831796599,-0.4212163150631632,Cell type 1,Sample 2
-0.84425259403425,-0.5600237112349361,Cell type 1,Sample 3
-0.20490062189676653,0.39167935526201564,Cell type 1,Sample 1
0.19418786461508417,-0.04741211564043612,Cell type 1,Sample 2
0.17087798788857972,0.9380854196079431,Cell type 1,Sample 3
1.4678289511638891,-0.5366640161114478,Cell type 1,Sample 1
-0.6219316176956425,-0.34645259889795366,Cell type 1,Sample 2
-0.5454832151075991,-0.2054071439772924,Cell type 1,Sample 3
0.35570528973274756,1.5564551005219205,Cell type 1,Sample 1
0.18855019695109324,-0.014631406842489177,Cell type 1,Sample 2
-0.7911115833732388,0.02511384958284022,Cell type 1,Sample 3
-0.009508103951344415,-0.5012646823189044,Cell type 1,Sample 1
0.6006069610819724,-0.2040376865107757,Cell type 1,Sample 2
0.20646572713781217,-0.28186227640198736,Cell type 1,Sample 3
-0.2977674675919296,0.4502665386657958,Cell type 1,Sample 1
0.5259738088614593,-0.49903031365720646,Cell type 1,Sample 2
0.06792971204082844,-0.026252534269326087,Cell type 1,Sample 3
-0.3205406332691777,0.32952717195670983,Cell type 1,Sample 1
0.09215453203905173,-0.21001386364708127,Cell type 1,Sample 2
-0.545199538721423,0.705466189873135,Cell type 1,Sample 3
-0.18262048874492326,-0.8355848862470325,Cell type 1,Sample 1
-0.09165035476309864,-0.009897172260353986,Cell type 1,Sample 2
-1.3737524213626173,-0.2498650880758153,Cell type 1,Sample 3
0.29751473291778235,-0.2787115265541606,Cell type 1,Sample 1
0.36624605138990113,0.14436183141251163,Cell type 1,Sample 2
-0.030201864598454146,0.5638901253169493,Cell type 1,Sample 3
0.3484772022553678,-0.16690974487800497,Cell type 1,Sample 1
-0.49526816256534417,-0.28314886480138596,Cell type 1,Sample 2
-0.37297106323780066,-0.33077072125764595,Cell type 1,Sample 3
-0.5785583093566354,-0.6665641773889033,Cell type 1,Sample 1
0.4345780321946366,0.44364541863337104,Cell type 1,Sample 2
0.22548131738823843,0.5033650356135324,Cell type 1,Sample 3
-0.4159774587472256,-0.3191413632642471,Cell type 1,Sample 1
-0.8004519892382578,-0.414248512390123,Cell type 1,Sample 2
0.25560129976249035,0.6868292725814789,Cell type 1,Sample 3
0.793008408072676,-0.6189077494134245,Cell type 1,Sample 1
-0.6653525656654631,-1.0889838660973439,Cell type 1,Sample 2
0.4069904300988706,0.06430872520248326,Cell type 1,Sample 3
0.4609007509886261,0.24134394360460634,Cell type 1,Sample 1
-0.46228205718904997,-0.7987995847977161,Cell type 1,Sample 2
0.33628685060136565,0.9499409674476078,Cell type 1,Sample 3
-0.5008100049474578,-0.14055014644297745,Cell type 1,Sample 1
-0.08419246123642626,-0.16300624790842458,Cell type 1,Sample 2
-0.20611037251223507,0.4567368660087033,Cell type 1,Sample 3
-0.04764776619347605,0.13951076288516961,Cell type 1,Sample 1
0.39892535069106944,-0.9367206519773084,Cell type 1,Sample 2
-0.03234430251625924,0.036437049007757696,Cell type 1,Sample 3
1.5384301850902518,0.6800579500901565,Cell type 1,Sample 1
-0.12303124406497429,-0.42162329765809586,Cell type 1,Sample 2
0.04352353411908561,-0.14950367523293373,Cell type 1,Sample 3
0.16599016528450727,0.0952498398895332,Cell type 1,Sample 1
-0.7467548891265717,-1.0619737913503324,Cell type 1,Sample 2
0.5486500937718544,-0.7828240158027981,Cell type 1,Sample 3
0.06829869779437618,0.012692638986135858,Cell type 1,Sample 1
-0.07794908896833376,-0.27414364824530046,Cell type 1,Sample 2
0.2936958499030061,0.707093644165545,Cell type 1,Sample 3
0.11453734410285128,0.5371590063577807,Cell type 1,Sample 1
-0.6401521993354472,0.43622866414007233,Cell type 1,Sample 2
0.11265396102047079,-0.1847634644166793,Cell type 1,Sample 3
0.10838778188131455,-0.548651263816422,Cell type 1,Sample 1
0.1083124877023095,-0.5128763418201386,Cell type 1,Sample 2
-0.2787458925039168,-0.6849014897895389,Cell type 1,Sample 3
0.5907838582095731,1.1718270264063124,Cell type 1,Sample 1
0.2365191410801076,-0.3227860360176975,Cell type 1,Sample 2
0.4809935945359205,-0.11850598500631386,Cell type 1,Sample 3
-0.18615952646896142,0.21865659351948036,Cell type 1,Sample 1
0.25249363949022857,0.43287759708506074,Cell type 1,Sample 2
0.9501342121554823,0.5115282776261196,Cell type 1,Sample 3
-0.5098476598544284,0.10318088566272535,Cell type 1,Sample 1
0.35635601443066567,-0.9415751040292919,Cell type 1,Sample 2
0.9601837510721306,-0.611447509777782,Cell type 1,Sample 3
0.4567923131166247,-0.4015894753401724,Cell type 1,Sample 1
0.5504106992113026,0.5306854824365668,Cell type 1,Sample 2
-0.3585080745639681,-0.6422921328499847,Cell type 1,Sample 3
0.05675867262562402,0.33106533726052334,Cell type 1,Sample 1
-0.1875981901619685,-0.15885754837811703,Cell type 1,Sample 2
0.027862456144347302,0.5470957592354743,Cell type 1,Sample 3
0.8345347629131655,-0.47127900289593816,Cell type 1,Sample 1
0.7016849850625954,0.3489516362695138,Cell type 1,Sample 2
0.28853606359027,-0.10152269302149634,Cell type 1,Sample 3
-0.33131187947292334,0.28529933429657967,Cell type 1,Sample 1
0.06867623970351801,1.4590867775300462,Cell type 1,Sample 2
-0.13444434527741528,-0.5532629543708352,Cell type 1,Sample 3
0.04063921102809938,-0.018946540858415437,Cell type 1,Sample 1
-0.3864126072687859,-0.11840930337000444,Cell type 1,Sample 2
-0.11242799090403928,-0.32500129041172987,Cell type 1,Sample 3
-0.9005288670763695,-0.2713368998670109,Cell type 1,Sample 1
-0.5582622199743296,0.6179058100034693,Cell type 1,Sample 2
-0.4992204264383591,0.8116283452640269,Cell type 1,Sample 3
0.4437519837070297,0.3804233271557389,Cell type 1,Sample 1
-0.11160112731740256,0.7449317193010411,Cell type 1,Sample 2
-0.4253066264759739,-0.2705034328914497,Cell type 1,Sample 3
1.463635046236665,-0.4971775328154367,Cell type 1,Sample 1
0.3109049811085982,-0.7851123599452282,Cell type 1,Sample 2
-0.1442743479378524,-0.39187676056221415,Cell type 1,Sample 3
-0.12269405800143525,-0.3768680821787448,Cell type 1,Sample 1
-0.3676005173816233,0.8281041260286478,Cell type 1,Sample 2
0.5963675827082072,-0.6289340779544439,Cell type 1,Sample 3
0.5955429273867384,-0.4093025133300393,Cell type 1,Sample 1
-0.05222460926873575,-0.08441086159500531,Cell type 1,Sample 2
-0.06135446679786207,0.04668618713832562,Cell type 1,Sample 3
0.3202714675373867,0.061539100828090575,Cell type 1,Sample 1
0.45961446728760175,-0.334072042769497,Cell type 1,Sample 2
0.34673945595699684,-0.1960063199595648,Cell type 1,Sample 3
-0.35250592787920443,-0.027884538828853004,Cell type 1,Sample 1
0.4788958072364528,0.10380167570031289,Cell type 1,Sample 2
0.1555549955715976,-0.9448246460480765,Cell type 1,Sample 3
-0.28838566528416637,0.377695612912878,Cell type 1,Sample 1
0.5795370324779489,-0.168127369340536,Cell type 1,Sample 2
-0.49919271959414574,0.15089594990973298,Cell type 1,Sample 3
-0.7179547619342638,-0.6579079082137536,Cell type 1,Sample 1
1.5491497170356288,-0.1290875690157172,Cell type 1,Sample 2
-0.9835348517935761,-0.5585932308535012,Cell type 1,Sample 3
0.14164393577307108,-0.12945248685203867,Cell type 1,Sample 1
-0.09343582208067952,-0.21986552913708746,Cell type 1,Sample 2
0.04121987646725164,-0.7287757497324653,Cell type 1,Sample 3
-0.08509231126246422,-0.2266140246636376,Cell type 1,Sample 1
-0.2569503133244216,-0.599475698996938,Cell type 1,Sample 2
0.25312049465296305,0.7236528496959033,Cell type 1,Sample 3
-0.3461753871168971,-0.3295196374443225,Cell type 1,Sample 1
0.38304013919234514,0.6134666119421538,Cell type 1,Sample 2
-0.05561303067435016,-0.4519538207323949,Cell type 1,Sample 3
-0.07598369115801944,0.530071909335635,Cell type 1,Sample 1
0.9328872555723783,0.23691646045589376,Cell type 1,Sample 2
-0.8342996294390976,0.5293642649419394,Cell type 1,Sample 3
-0.27515257692271006,-0.3358116839690258,Cell type 1,Sample 1
0.3464278779089058,0.367318772729665,Cell type 1,Sample 2
0.23661881228677242,-0.03641445632843639,Cell type 1,Sample 3
0.4283687107352292,0.19902410825463124,Cell type 1,Sample 1
0.8362861934188517,0.2095095046830226,Cell type 1,Sample 2
0.3973001914726057,0.48681112471392346,Cell type 1,Sample 3
-1.0420564697492942,0.8623483248805542,Cell type 1,Sample 1
-0.2833525540275264,-0.29991069695853073,Cell type 1,Sample 2
-0.5042243662736748,-1.0429489388666686,Cell type 1,Sample 3
-0.542575263278899,-0.41270526498947757,Cell type 1,Sample 1
-0.10943312586781286,0.38312148752025477,Cell type 1,Sample 2
0.866257499742546,1.1156500730963161,Cell type 1,Sample 3
0.6187190673420696,-0.228650827543395,Cell type 1,Sample 1
-0.4956961747281536,-1.0766950568018574,Cell type 1,Sample 2
-0.022756122650621085,-0.21211816669902175,Cell type 1,Sample 3
0.6135172985244361,-0.7903019704045845,Cell type 1,Sample 1
0.6247524503530794,-0.6663886987398249,Cell type 1,Sample 2
0.015745781130997887,0.34503683816830627,Cell type 1,Sample 3
-0.4793892280933874,-0.6762543447203612,Cell type 1,Sample 1
-0.22988230791523814,0.2716954139359048,Cell type 1,Sample 2
-0.7884982410954986,-0.40141222197542115,Cell type 1,Sample 3
0.689233677726904,-0.33575610349027285,Cell type 1,Sample 1
0.5790554367500339,0.39583134698146794,Cell type 1,Sample 2
-0.22982838613649847,-0.5399212238907435,Cell type 1,Sample 3
0.6188268787559991,0.18988381802044801,Cell type 1,Sample 1
-0.22309171660738986,-0.9447703654727655,Cell type 1,Sample 2
-0.09296224047438537,-0.7996973810971556,Cell type 1,Sample 3
-0.36765173034097615,0.3607396618786716,Cell type 1,Sample 1
-0.13225742065530538,-1.0019311822033767,Cell type 1,Sample 2
-0.26293983794760195,0.08887505313401567,Cell type 1,Sample 3
-0.6402146762481415,0.8773970909921823,Cell type 1,Sample 1
-0.2657272756796075,-0.7839297126827279,Cell type 1,Sample 2
0.2609707828084488,0.14849233661659303,Cell type 1,Sample 3
-1.0389059099280984,-0.16014890226832096,Cell type 1,Sample 1
-0.6755371831040107,-0.6612289783717851,Cell type 1,Sample 2
0.3773666490339046,0.09971199299338356,Cell type 1,Sample 3
0.6033040774319576,-0.7635839282948238,Cell type 1,Sample 1
0.17482502364984684,-0.7824013856810276,Cell type 1,Sample 2
0.4747972856822441,-0.029707590636247047,Cell type 1,Sample 3
-0.08020969098767386,1.2504502489671407,Cell type 1,Sample 1
0.12808530284713907,0.596655502963563,Cell type 1,Sample 2
0.31110357202170097,-0.5694165588903846,Cell type 1,Sample 3
0.32384426905034625,0.7615149282040127,Cell type 1,Sample 1
0.8381965136041015,-0.4727534399713656,Cell type 1,Sample 2
-0.23502107387975074,0.13293911482602425,Cell type 1,Sample 3
-0.43964139120599405,0.1742975599304902,Cell type 1,Sample 1
-0.18073138334699287,0.20822301905072632,Cell type 1,Sample 2
-0.38499803309872865,-0.6480583321249472,Cell type 1,Sample 3
0.11374793786602687,0.317983875355869,Cell type 1,Sample 1
-0.08064285583300457,0.2020254284072692,Cell type 1,Sample 2
0.425562049190119,0.6119279592712966,Cell type 1,Sample 3
1.0479217509045795,0.7972211958745984,Cell type 1,Sample 1
0.6000394782134306,-0.24595122375310258,Cell type 1,Sample 2
0.877737849157745,0.7865098626074282,Cell type 1,Sample 3
-0.40768781415806055,-0.5331174659496125,Cell type 1,Sample 1
0.14434681463992852,0.13016091938561036,Cell type 1,Sample 2
-0.41960876161131927,-0.1546061879256073,Cell type 1,Sample 3
-0.2236609478293756,0.6405081808675565,Cell type 1,Sample 1
0.016951361841168754,-0.5952038678372451,Cell type 1,Sample 2
0.17378080690177602,0.043348849707198295,Cell type 1,Sample 3
-0.45230718749688303,0.5863784226337224,Cell type 1,Sample 1
-0.4238169643095424,-0.32604444429653034,Cell type 1,Sample 2
0.11106688581685642,-0.23937431083173866,Cell type 1,Sample 3
0.8747919521027103,0.6907270393452433,Cell type 1,Sample 1
-0.6978946010962426,0.29567462087920016,Cell type 1,Sample 2
0.0893473584052378,0.6146073921485252,Cell type 1,Sample 3
-0.00963018986719732,-0.13144541460413384,Cell type 1,Sample 1
0.16346368688208132,-0.10955026440443212,Cell type 1,Sample 2
0.32976573479456917,0.8832559001638168,Cell type 1,Sample 3
0.11503537959570104,0.24887154454569713,Cell type 1,Sample 1
0.056697195983344675,0.22949700083714547,Cell type 1,Sample 2
-0.42317985994348645,-0.2924538267088849,Cell type 1,Sample 3
0.46621743547733363,-0.2075501444816848,Cell type 1,Sample 1
0.2048813979797487,-0.4305439550867852,Cell type 1,Sample 2
-0.08640086869823219,0.38596007741833754,Cell type 1,Sample 3
0.28656390662060005,-0.8929332459670556,Cell type 1,Sample 1
0.6627160545475392,-0.7034075047487691,Cell type 1,Sample 2
0.07291823510769195,0.29264971825816904,Cell type 1,Sample 3
0.5063187048220359,-0.07907692218616015,Cell type 1,Sample 1
1.0376304363126327,-0.34459390904478393,Cell type 1,Sample 2
0.35225326991236156,0.39452834368775946,Cell type 1,Sample 3
-0.693934275227901,0.3819301758167113,Cell type 1,Sample 1
-0.44639375774594203,0.2568072321155481,Cell type 1,Sample 2
-0.4055004318144224,-0.5570232250809967,Cell type 1,Sample 3
-0.6972475344296308,0.5269457761479416,Cell type 1,Sample 1
-0.9181026865516483,0.25399566345627184,Cell type 1,Sample 2
-1.0108993199809737,-0.05064035935076644,Cell type 1,Sample 3
-0.3133586122949826,0.4311967361913794,Cell type 1,Sample 1
-0.5368443294588763,0.04054127145041186,Cell type 1,Sample 2
0.3538759677277377,-0.2812333879471338,Cell type 1,Sample 3
0.35472590856951974,-0.21774318528492168,Cell type 1,Sample 1
0.4151679082721228,-0.4280419129544336,Cell type 1,Sample 2
-0.3545104788152452,0.9766295687632841,Cell type 1,Sample 3
0.8336120557755685,0.7616193108561291,Cell type 1,Sample 1
-0.2272738593717221,-0.109326638717518,Cell type 1,Sample 2
-1.2651437613731649,-0.1430021109400554,Cell type 1,Sample 3
0.05352872649614838,-0.17257344056901358,Cell type 1,Sample 1
0.6338257555939869,0.14436400150491815,Cell type 1,Sample 2
0.5947352444623203,-0.6138039075684962,Cell type 1,Sample 3
0.4791929099210212,0.0258304884255399,Cell type 1,Sample 1
-0.697724252377536,-0.35395547033703767,Cell type 1,Sample 2
-0.06258721419158211,0.42344105194245696,Cell type 1,Sample 3
0.40020476261384114,0.37714566490678714,Cell type 1,Sample 1
-0.8565672645454387,0.6769361870827064,Cell type 1,Sample 2
-0.404690410541377,0.4783515931928292,Cell type 1,Sample 3
-0.010280278675253593,0.14459183655936267,Cell type 1,Sample 1
-0.9546780437536464,0.6591511624263346,Cell type 1,Sample 2
-0.5280153999833338,-0.12847256256089076,Cell type 1,Sample 3
0.39997095097102503,-0.808155304218294,Cell type 1,Sample 1
0.0069646459564731015,-0.012062543555001639,Cell type 1,Sample 2
-1.0766714599356222,0.5485763558768478,Cell type 1,Sample 3
-0.20623950594396834,-0.3693487491647814,Cell type 1,Sample 1
0.8674682879184042,-0.4283860469133964,Cell type 1,Sample 2
0.07468174113559445,0.18207014802733068,Cell type 1,Sample 3
-0.8656006517224627,0.747469113726618,Cell type 1,Sample 1
-0.7037558473589106,-0.38890834379543765,Cell type 1,Sample 2
-1.0761917723045902,0.43822782275146777,Cell type 1,Sample 3
1.0061352228503826,0.5118547730534907,Cell type 1,Sample 1
-0.2266242045115067,0.7262337672353727,Cell type 1,Sample 2
-0.22739735868884645,-0.5199032655134421,Cell type 1,Sample 3
0.12628442299831175,0.6922660237969531,Cell type 1,Sample 1
0.7710549762839378,1.0030464440795615,Cell type 1,Sample 2
-0.032038882074358316,0.26814545475859497,Cell type 1,Sample 3
-0.8761885475704984,-0.4303645816976692,Cell type 1,Sample 1
-0.49276980036046497,-0.4848718598173372,Cell type 1,Sample 2
-0.4403770448013651,0.899362509175656,Cell type 1,Sample 3
0.1335633255057417,0.2543625116149669,Cell type 1,Sample 1
-0.5460707967143665,-0.1268380387711905,Cell type 1,Sample 2
-0.42842593256389966,-0.5630269804555251,Cell type 1,Sample 3
-0.057824141194120264,-0.1505518477946444,Cell type 1,Sample 1
-0.3217591151900715,0.4639200640406186,Cell type 1,Sample 2
-0.7392609951837137,-0.3599221041973543,Cell type 1,Sample 3
-0.7575955310992761,0.6834371337222623,Cell type 1,Sample 1
-0.9332699756803081,0.5037568449184611,Cell type 1,Sample 2
-0.007654924586497779,0.2896457498005442,Cell type 1,Sample 3
0.37849430832267594,-0.4610826620888127,Cell type 1,Sample 1
0.5047358942979844,-0.4224707192967482,Cell type 1,Sample 2
0.16563171570178198,0.4877725635611796,Cell type 1,Sample 3
-0.5064155601672119,0.15712366629763694,Cell type 1,Sample 1
-0.02895387493845436,-0.367558400362294,Cell type 1,Sample 2
-0.18048308290953996,0.579664901682124,Cell type 1,Sample 3
-0.6963677360834982,-0.017275311976981757,Cell type 1,Sample 1
-0.4972142608998961,0.1247740947990385,Cell type 1,Sample 2
0.3274877921108449,0.40539932279585494,Cell type 1,Sample 3
1.092547447518056,-0.34335767150164764,Cell type 1,Sample 1
-0.2086834068025422,-0.14754495711895316,Cell type 1,Sample 2
-0.5518349142651846,-0.16539461216377868,Cell type 1,Sample 3
-0.43194148029488305,0.6397324658288756,Cell type 1,Sample 1
-0.22500642899790685,0.6285746084312864,Cell type 1,Sample 2
-0.11323944595076338,0.18368275340808904,Cell type 1,Sample 3
0.4203100132522765,0.27336678410068965,Cell type 1,Sample 1
1.092048366690228,0.285253604177258,Cell type 1,Sample 2
-0.08879799737936948,0.3279460688937913,Cell type 1,Sample 3
0.6643204141241156,0.15659223693249,Cell type 1,Sample 1
0.27289335676617776,-1.0857857023802238,Cell type 1,Sample 2
-0.47559218519397806,-0.17091091012306778,Cell type 1,Sample 3
-0.5034636804725721,0.02391265989234147,Cell type 1,Sample 1
-0.241593231149687,0.7869933816450164,Cell type 1,Sample 2
-0.09784926557345072,0.5300448699543328,Cell type 1,Sample 3
0.2791634562608612,0.03800269570620575,Cell type 1,Sample 1
0.42503966620877665,0.20884037611970033,Cell type 1,Sample 2
0.5944566857373215,0.3541519236005319,Cell type 1,Sample 3
-0.475455364843616,0.15926050239943723,Cell type 1,Sample 1
-0.0865359121419348,0.007789523790733767,Cell type 1,Sample 2
-1.2811668293976552,-0.09551388130008451,Cell type 1,Sample 3
-0.43413048079916616,0.04890664654665369,Cell type 1,Sample 1
-0.2087151909947161,0.17202696078173324,Cell type 1,Sample 2
-0.3769310568454807,0.1913267757387458,Cell type 1,Sample 3
0.25539604426379736,0.5152902928120286,Cell type 1,Sample 1
-0.5011085094633624,-0.3762176186765175,Cell type 1,Sample 2
-0.06426875571946537,-0.9409245227488195,Cell type 1,Sample 3
0.5504798174992855,0.9791737271102969,Cell type 1,Sample 1
-0.2181929452632843,-0.05480490196291542,Cell type 1,Sample 2
-0.11905521815602703,0.02300137362663706,Cell type 1,Sample 3
0.42155266616162007,0.5814192887674929,Cell type 1,Sample 1
-0.17570711785686627,0.7817066794160541,Cell type 1,Sample 2
0.270454259280495,0.4380845835956164,Cell type 1,Sample 3
0.4678391965737306,0.6357775474970794,Cell type 1,Sample 1
0.13830038275559034,0.5977403254127395,Cell type 1,Sample 2
0.012605433770041058,-0.7715591139714352,Cell type 1,Sample 3
-0.31217269485661203,-0.09226267882792477,Cell type 1,Sample 1
-0.1935653248947573,-0.02270560896611911,Cell type 1,Sample 2
-0.41986092109038803,-0.2996963227220111,Cell type 1,Sample 3
0.24984255515146692,0.2360011354596372,Cell type 1,Sample 1
-0.23170884640623113,-0.23286487678512843,Cell type 1,Sample 2
0.09792262754884078,-0.489186388807516,Cell type 1,Sample 3
0.21294360309651789,0.00957388870787603,Cell type 1,Sample 1
0.3177090151046132,-0.6196291974267363,Cell type 1,Sample 2
0.8923875195925475,0.0067251823096465034,Cell type 1,Sample 3
-0.8519357934133595,-0.4622329940647772,Cell type 1,Sample 1
-0.039533670932278143,-0.2895620548178732,Cell type 1,Sample 2
0.6173759570223976,-0.5159776210472174,Cell type 1,Sample 3
0.5120312629057312,0.29626347460059155,Cell type 1,Sample 1
0.08994707557673923,0.6960011431722997,Cell type 1,Sample 2
-0.28705033764179916,0.2682069499456717,Cell type 1,Sample 3
-1.0451514494265783,-0.08512912339795276,Cell type 1,Sample 1
-0.5937992095147564,0.15491035511351375,Cell type 1,Sample 2
-0.2644888540320076,-0.5282788213801264,Cell type 1,Sample 3
-0.6452807109731094,-0.07162945768209632,Cell type 1,Sample 1
-0.8462323148574097,0.7647751597303069,Cell type 1,Sample 2
0.09919675858874334,-0.0045911766925694686,Cell type 1,Sample 3
0.7897860728653562,-0.26143001357663415,Cell type 1,Sample 1
-0.04647210330679414,-0.11975096101087489,Cell type 1,Sample 2
-0.8893601244521393,0.7480221557445915,Cell type 1,Sample 3
0.09826058485073506,0.35450187879425615,Cell type 1,Sample 1
0.9410122482375168,0.6727100230774888,Cell type 1,Sample 2
0.735517345408552,-0.3497476100838216,Cell type 1,Sample 3
-0.018817351212424182,0.5516509410082607,Cell type 1,Sample 1
-0.008947488504175026,-0.4882000243318987,Cell type 1,Sample 2
0.40569827724579605,-0.5741316443763091,Cell type 1,Sample 3
-0.3207434545221548,0.243936142435537,Cell type 1,Sample 1
-0.3071615720481472,-0.35489449611676754,Cell type 1,Sample 2
0.20490932846425627,-0.12062882730927123,Cell type 1,Sample 3
0.2405046158683566,0.11194201213956569,Cell type 1,Sample 1
0.35547998410174575,0.22213165574301988,Cell type 1,Sample 2
-0.5360695059928035,-1.4606752417473037,Cell type 1,Sample 3
-0.276824652673591,-0.5989389462944242,Cell type 1,Sample 1
0.6997973225728967,-0.6710638742425575,Cell type 1,Sample 2
-0.6304419771675226,0.45893097352738804,Cell type 1,Sample 3
1.0121548116434262,-0.6815870022964052,Cell type 1,Sample 1
1.1941859964352193,0.5921283225980865,Cell type 1,Sample 2
-0.3063943452421931,-0.19385077996799208,Cell type 1,Sample 3
-0.15652901526157717,-0.0003542972883229586,Cell type 1,Sample 1
-0.12881024275549702,-0.034816726650054086,Cell type 1,Sample 2
-0.3115702632123822,-0.27773855958012733,Cell type 1,Sample 3
0.44457691239390296,-0.560875551427944,Cell type 1,Sample 1
-0.10850852521218521,-0.15424139422790986,Cell type 1,Sample 2
-0.12868826871167255,-0.8342920369387947,Cell type 1,Sample 3
-0.5186230771632282,-0.0951693390418041,Cell type 1,Sample 1
0.5885924815921695,0.06837332369961534,Cell type 1,Sample 2
0.0783468641232623,0.5117653220926723,Cell type 1,Sample 3
-0.45813705028186247,0.6777214005527479,Cell type 1,Sample 1
0.5900640868707638,0.5721465342799695,Cell type 1,Sample 2
-1.1117870839685984,-0.2590345097375284,Cell type 1,Sample 3
-0.0018012695452842022,-0.5791823445962714,Cell type 1,Sample 1
0.016859527450526622,0.13429679052214893,Cell type 1,Sample 2
-0.8413293470613429,-0.5120142954431898,Cell type 1,Sample 3
-0.6128828315011706,-0.7321874401049101,Cell type 1,Sample 1
0.11372996730206471,0.653571377141214,Cell type 1,Sample 2
-0.29296383665887765,0.16455338935506478,Cell type 1,Sample 3
-0.11798499360548581,0.3720928551575173,Cell type 1,Sample 1
-0.33746700939527613,-0.2015379945325154,Cell type 1,Sample 2
0.14806013853228803,0.13052763608994467,Cell type 1,Sample 3
-0.7572351545903835,0.16079660566961929,Cell type 1,Sample 1
0.09719215078866801,-0.17658314640534417,Cell type 1,Sample 2
-0.1844697195157311,0.1069043969705317,Cell type 1,Sample 3
-0.14874110043692507,0.6559918692869733,Cell type 1,Sample 1
0.09531779563251216,0.47065529038374165,Cell type 1,Sample 2
-0.5338102146912972,-0.07118974251064675,Cell type 1,Sample 3
-0.21179929086408855,-0.6828087020950747,Cell type 1,Sample 1
-0.526841209573177,-0.5339014607895965,Cell type 1,Sample 2
-0.504277342038104,-0.9813128458362895,Cell type 1,Sample 3
0.018770920743410725,0.5459026695373228,Cell type 1,Sample 1
0.26825492178520177,-0.44923399089551863,Cell type 1,Sample 2
0.2854452553465835,0.5677828200902995,Cell type 1,Sample 3
-0.24597845243474153,0.6640284444934837,Cell type 1,Sample 1
0.3592087117358205,-0.07887349161574263,Cell type 1,Sample 2
0.3959296551940338,-0.2853202151000564,Cell type 1,Sample 3
0.4140294074466546,0.5355402502014025,Cell type 1,Sample 1
-0.4697316209929913,0.559622458782048,Cell type 1,Sample 2
0.37670973175121536,-0.30726939184554747,Cell type 1,Sample 3
0.4450992055623934,0.5176246673618763,Cell type 1,Sample 1
-0.24471972125911107,0.522080438534536,Cell type 1,Sample 2
0.3186623415115363,0.8081500213609583,Cell type 1,Sample 3
0.9978337448919822,1.5549592780026804,Cell type 1,Sample 1
-1.0496781322095128,0.341611507394404,Cell type 1,Sample 2
0.6551543730598042,0.697841905394978,Cell type 1,Sample 3
0.11195706703233071,0.6820702149869221,Cell type 1,Sample 1
-0.8075659079527547,0.5823696772285857,Cell type 1,Sample 2
-0.5880866682773903,0.2437801485433593,Cell type 1,Sample 3
0.7420580142679825,0.17780667439283,Cell type 1,Sample 1
-0.07589254751779166,0.29415860324228826,Cell type 1,Sample 2
-0.19652637853070049,0.50081591260428,Cell type 1,Sample 3
0.01131542633843457,-0.7027815269281433,Cell type 1,Sample 1
-0.33758913748719077,-0.07225933535775891,Cell type 1,Sample 2
0.6334555745933114,-0.3538347328093904,Cell type 1,Sample 3
-0.04029987464838044,-0.41652802850037934,Cell type 1,Sample 1
-0.4111101977832157,0.12184360574595615,Cell type 1,Sample 2
0.751178526048014,0.03704739020988759,Cell type 1,Sample 3
-0.6829120777077194,-0.07448465488364846,Cell type 1,Sample 1
0.44759661001386614,0.31758590084098476,Cell type 1,Sample 2
0.2464932292572296,-0.028758876502731564,Cell type 1,Sample 3
0.3252250462680696,-0.751540150879909,Cell type 1,Sample 1
0.8445944668258395,0.8349613907023195,Cell type 1,Sample 2
0.30010648287213887,0.478966027607842,Cell type 1,Sample 3
0.34638451592443026,0.5529165331473563,Cell type 1,Sample 1
-0.33674531212193426,0.13949708111190098,Cell type 1,Sample 2
-0.3670868993892479,0.04099777820678021,Cell type 1,Sample 3
-0.2831972956073616,0.4158083930902018,Cell type 1,Sample 1
-0.06972313784049977,-0.2250946324257058,Cell type 1,Sample 2
0.009008436022223293,0.23631517292170282,Cell type 1,Sample 3
0.04883804927441586,-0.38650489192773324,Cell type 1,Sample 1
-0.4493920241615641,-0.6651568128694949,Cell type 1,Sample 2
-0.11795826465606196,-0.20344262225218734,Cell type 1,Sample 3
0.3193300843215512,0.5290591625435751,Cell type 1,Sample 1
-0.4054287556051691,-0.6287889294573081,Cell type 1,Sample 2
0.07346764919334389,-0.2610657850099962,Cell type 1,Sample 3
-0.02313060863317127,0.057050746113259956,Cell type 1,Sample 1
-0.5613610107811493,0.1912048730920253,Cell type 1,Sample 2
0.3271828281770289,-0.027792335455227534,Cell type 1,Sample 3
-0.09896886449234094,1.033953169081776,Cell type 1,Sample 1
0.8367260451492685,0.670230525895174,Cell type 1,Sample 2
-0.30110603018089027,0.23438712803751188,Cell type 1,Sample 3
-0.4948140682851688,0.47038559399410795,Cell type 1,Sample 1
-0.4518509303650641,0.1621796408608015,Cell type 1,Sample 2
0.8143077727856459,-0.6900507291074457,Cell type 1,Sample 3
0.6101414482088585,-0.5383395637355067,Cell type 1,Sample 1
-0.5597730641915843,-0.19676492798486442,Cell type 1,Sample 2
0.2649020889576414,0.7207843103289502,Cell type 1,Sample 3
0.3128336738825031,-0.4285787782081413,Cell type 1,Sample 1
-0.5292203168208264,-1.2490305087464697,Cell type 1,Sample 2
-0.555728978468516,0.12325238921600244,Cell type 1,Sample 3
0.2671824493181917,0.04554680312795659,Cell type 1,Sample 1
-0.17134379704017438,-0.18572043299789573,Cell type 1,Sample 2
-1.084838708862851,-0.5970947005461447,Cell type 1,Sample 3
0.16752901454205876,0.15807797859138914,Cell type 1,Sample 1
0.8637715850503557,0.21816183483701604,Cell type 1,Sample 2
-0.06427314662597843,-0.3258375610782078,Cell type 1,Sample 3
-0.23811043677232951,0.43719459035636377,Cell type 1,Sample 1
-0.24360146059746357,-0.17596065890825455,Cell type 1,Sample 2
-0.2438167104774814,-0.7181269324640589,Cell type 1,Sample 3
-0.7807466112209297,0.7517099142144995,Cell type 1,Sample 1
-0.6228586882231922,0.027467055499924363,Cell type 1,Sample 2
0.15391618625694248,1.034113020752912,Cell type 1,Sample 3
-0.38162957827125843,-0.9024410503322595,Cell type 1,Sample 1
0.16342770030521866,-0.6946493651054951,Cell type 1,Sample 2
-0.42808492033087503,0.017783037016496764,Cell type 1,Sample 3
0.4501992941975318,0.2256126596592541,Cell type 1,Sample 1
-0.17258235272489822,0.2446272675381638,Cell type 1,Sample 2
-0.588481056384984,0.9102719539709078,Cell type 1,Sample 3
-0.01749424524848085,0.885400317817755,Cell type 1,Sample 1
-0.750110930723468,-0.3894185214102174,Cell type 1,Sample 2
-0.09207290784160103,-0.5650893647423417,Cell type 1,Sample 3
-0.4000192821988232,-0.03176228730767755,Cell type 1,Sample 1
0.3361467040202011,-0.7502382745815008,Cell type 1,Sample 2
-0.30621868732021895,0.18075176260305081,Cell type 1,Sample 3
0.19448936467609187,0.12573680447025604,Cell type 1,Sample 1
0.5364890238830059,1.1819362473096804,Cell type 1,Sample 2
-0.1510902934913107,-1.3015685439136493,Cell type 1,Sample 3
0.3663200386077896,-0.04035829005429116,Cell type 1,Sample 1
0.41254913233381735,-0.43356510785545016,Cell type 1,Sample 2
0.0005549723436465733,-0.7722169241241221,Cell type 1,Sample 3
-0.5311518568630524,0.2367962153175908,Cell type 1,Sample 1
1.0118031096148197,0.0033999222799988844,Cell type 1,Sample 2
0.34275386939510205,0.9243044166482057,Cell type 1,Sample 3
-0.32905824453762833,-0.15186301438833233,Cell type 1,Sample 1
1.2634662129368108,-0.2654343864601603,Cell type 1,Sample 2
-0.5511460749182117,0.340679755221474,Cell type 1,Sample 3
0.20011792776338758,0.10082645256462731,Cell type 1,Sample 1
0.020459587697860566,-0.5010937278907364,Cell type 1,Sample 2
-0.2775997633465992,0.9405785347202951,Cell type 1,Sample 3
-1.2194085791382145,-0.06713958109315207,Cell type 1,Sample 1
-0.59681841587824,0.45957708680500076,Cell type 1,Sample 2
-0.5079109094891985,0.030839924923985827,Cell type 1,Sample 3
0.032140009547731385,-0.5388723889646531,Cell type 1,Sample 1
-1.0523747528595073,1.0210889552673654,Cell type 1,Sample 2
0.15958725520959022,0.6702252230115723,Cell type 1,Sample 3
-0.4481663292960309,0.10965116860021804,Cell type 1,Sample 1
0.15367280835398503,-0.12387620911985463,Cell type 1,Sample 2
0.7896064077536957,0.3837173645764544,Cell type 1,Sample 3
-0.7657676576218215,0.575133697949148,Cell type 1,Sample 1
0.71137406804997,0.4631077011207962,Cell type 1,Sample 2
0.18069780275420697,0.7690182832329846,Cell type 1,Sample 3
0.6115415335476625,-0.12942720018491582,Cell type 1,Sample 1
-0.45401203776060545,-0.7061518506676457,Cell type 1,Sample 2
-0.19605407656607882,-0.7317574740660593,Cell type 1,Sample 3
-0.9103016502742586,0.13502867919571104,Cell type 1,Sample 1
-0.39188283279319824,-0.3452705261581297,Cell type 1,Sample 2
-0.27245954340447487,0.19956805717603543,Cell type 1,Sample 3
0.1544165062994819,0.851107472317619,Cell type 1,Sample 1
-0.5458504380696572,-0.1935498512372005,Cell type 1,Sample 2
0.163066511121059,-0.6255567881926515,Cell type 1,Sample 3
-0.02244651506126849,0.0912505152996067,Cell type 1,Sample 1
0.1206609674583905,-0.5755070418097535,Cell type 1,Sample 2
0.07062857004373162,-1.0652832399036003,Cell type 1,Sample 3
-0.04461707711072446,-0.018785322489740634,Cell type 1,Sample 1
-0.06475862343172038,0.28992864264756607,Cell type 1,Sample 2
-1.3521958158013876,-0.3149422761819052,Cell type 1,Sample 3
-0.30199031298461476,-0.11477432768017354,Cell type 1,Sample 1
0.8366819730762618,-0.2947261999693592,Cell type 1,Sample 2
-0.5459669501976565,0.44512375041825436,Cell type 1,Sample 3
0.5746366631428379,-0.3515882125629437,Cell type 1,Sample 1
-0.49290190433391334,-0.1420775489643986,Cell type 1,Sample 2
-1.0949608524892767,0.5972961102568654,Cell type 1,Sample 3
0.6355326630035167,-0.4900311509203071,Cell type 1,Sample 1
0.002556728321230445,-0.11729356668757346,Cell type 1,Sample 2
0.49366725829455094,-0.03797551182126138,Cell type 1,Sample 3
0.17625248417843978,-0.2851756832068403,Cell type 1,Sample 1
-0.2388227913020026,-0.6275676859866974,Cell type 1,Sample 2
-0.41379511032435984,0.04307194152318738,Cell type 1,Sample 3
0.21274496662011513,0.598623461822614,Cell type 1,Sample 1
-0.7420283324621676,-0.10423410527020395,Cell type 1,Sample 2
-0.08631364997040981,0.4418299687433362,Cell type 1,Sample 3
-0.2591263194306012,0.6626380452185188,Cell type 1,Sample 1
-0.49643300054277273,-0.7226026322061128,Cell type 1,Sample 2
0.5299681920233109,0.30850297478834876,Cell type 1,Sample 3
0.16158385709239073,-0.07380129314933434,Cell type 1,Sample 1
1.0430235247685569,-0.5073797465929261,Cell type 1,Sample 2
0.0036813407117835674,-0.7392734684993995,Cell type 1,Sample 3
0.5748360094393735,0.14828846926515254,Cell type 1,Sample 1
-0.6402277855012334,0.09473991061054032,Cell type 1,Sample 2
-0.1732132530034498,-0.805783679551414,Cell type 1,Sample 3
-0.7782909493298755,-0.21405758048295626,Cell type 1,Sample 1
-0.03132411106091075,0.12062012420336465,Cell type 1,Sample 2
0.2939279440688675,0.30986939235143435,Cell type 1,Sample 3
0.3222592458226457,0.4641228456721623,Cell type 1,Sample 1
-0.05533268427866472,-0.4483211136576041,Cell type 1,Sample 2
0.4040180947010357,-0.4240327990152543,Cell type 1,Sample 3
-1.1521059679719834,-0.18050461162628484,Cell type 1,Sample 1
-0.16350865880488555,-0.10672838967521912,Cell type 1,Sample 2
0.5983157433228256,-0.3048914521596911,Cell type 1,Sample 3
0.42099184772606346,-0.18460360022372307,Cell type 1,Sample 1
-0.5653076674687632,0.3113556119501343,Cell type 1,Sample 2
0.7672410508972575,0.5611871093515798,Cell type 1,Sample 3
0.5456550602971345,0.3045690604535885,Cell type 1,Sample 1
-0.07107326847027305,0.169343658960845,Cell type 1,Sample 2
-0.48402287925512266,-0.15515385269245183,Cell type 1,Sample 3
-0.9158411236030131,-0.5256549558196723,Cell type 1,Sample 1
-0.18155833057778326,-1.003728430372505,Cell type 1,Sample 2
-0.26766754350811156,0.17922680910481012,Cell type 1,Sample 3
0.34097648564748195,-0.15513337829672802,Cell type 1,Sample 1
0.6803292979193255,-0.654410199559556,Cell type 1,Sample 2
-0.03793572534251166,-0.8423337886131934,Cell type 1,Sample 3
-0.011150141859026526,-0.3444427712877028,Cell type 1,Sample 1
0.1837408327371522,-0.15676484308619895,Cell type 1,Sample 2
-0.48246173029005224,0.34302572999921965,Cell type 1,Sample 3
-0.311324680867226,0.09730372761862136,Cell type 1,Sample 1
0.18081801252381707,-0.32255987730256214,Cell type 1,Sample 2
-0.008305171162954494,-0.05290937874884894,Cell type 1,Sample 3
0.10363366469947198,0.03467216851812521,Cell type 1,Sample 1
-0.4090994417111536,-0.0016872287054760257,Cell type 1,Sample 2
-0.0800663977833202,0.33567003822523284,Cell type 1,Sample 3
0.029966315133164126,0.13868846897909584,Cell type 1,Sample 1
-0.17359324755613123,0.3854011099939856,Cell type 1,Sample 2
-0.4291788900906068,0.3501549397044957,Cell type 1,Sample 3
0.3694052404437515,0.3076837420065267,Cell type 1,Sample 1
0.14458432195390905,1.2276500699554471,Cell type 1,Sample 2
-0.771400757604823,-0.31637751494251953,Cell type 1,Sample 3
-0.7724686733383793,-0.2696525072316352,Cell type 1,Sample 1
-0.22954515510949589,-0.3473001845815723,Cell type 1,Sample 2
-0.0495471501206345,-0.3014103278919808,Cell type 1,Sample 3
0.3279503882648805,0.09736809735938742,Cell type 1,Sample 1
-0.10884060161361014,0.549388425993595,Cell type 1,Sample 2
0.4289494126456715,0.27678476553389664,Cell type 1,Sample 3
0.31736073428088496,0.5548499209781116,Cell type 1,Sample 1
-0.5909370627104006,0.22473695641615343,Cell type 1,Sample 2
0.9962576765840592,-0.38332829389167394,Cell type 1,Sample 3
-0.26882287888990825,0.3277019149251185,Cell type 1,Sample 1
-0.4175714508150115,1.0447693608473867,Cell type 1,Sample 2
0.6275728941874519,-0.2488362617145197,Cell type 1,Sample 3
0.4568858106927928,-0.7728648933453666,Cell type 1,Sample 1
-0.25208991550383575,-0.040761336550822945,Cell type 1,Sample 2
-0.1328022801430526,-0.19993911933418573,Cell type 1,Sample 3
0.3047630226043006,-0.7776868669206212,Cell type 1,Sample 1
0.650870644699399,0.7807555983634263,Cell type 1,Sample 2
-0.5269177476821728,0.2139071975764516,Cell type 1,Sample 3
-0.12952107291035156,-0.09817492454248913,Cell type 1,Sample 1
-1.0086693990612057,-1.4161629624920704,Cell type 1,Sample 2
-0.6841575194164052,0.993637999615404,Cell type 1,Sample 3
-0.7919514117428617,0.3802073280721487,Cell type 1,Sample 1
0.5928520773314985,0.35947665533253337,Cell type 1,Sample 2
-0.10433418561023292,-0.15633422286617865,Cell type 1,Sample 3
0.21292182931491455,0.20910287794398605,Cell type 1,Sample 1
0.4875598667088756,-0.07352869075106933,Cell type 1,Sample 2
0.16924820374720706,-0.20764395695040064,Cell type 1,Sample 3
0.22864020230762055,0.7279111610733833,Cell type 1,Sample 1
-0.09023995679531283,1.5965537839224304,Cell type 1,Sample 2
-0.8333817033945988,-0.7473780732248221,Cell type 1,Sample 3
0.4147027905917446,-1.1055676545039426,Cell type 1,Sample 1
-1.040964703941861,0.8482281841450191,Cell type 1,Sample 2
-0.23337940597572027,-0.7414922159912091,Cell type 1,Sample 3
0.08024481198674004,1.106265519698621,Cell type 1,Sample 1
0.5936930257823756,1.294781821009307,Cell type 1,Sample 2
0.24843679525379855,0.5348857274919251,Cell type 1,Sample 3
0.15872663062508757,-0.16643020219125562,Cell type 1,Sample 1
0.003589233453970971,-1.0432388291855423,Cell type 1,Sample 2
0.14677896608331464,-0.6782909023117025,Cell type 1,Sample 3
-0.4391316264117333,0.04994347720460649,Cell type 1,Sample 1
0.6264213172137418,-0.2241123081500747,Cell type 1,Sample 2
-0.026202225288734726,0.8520527581277456,Cell type 1,Sample 3
-0.10556511941384722,-0.493589763575592,Cell type 1,Sample 1
-0.5877973028124258,-0.44753492113830234,Cell type 1,Sample 2
-0.6740885227137451,0.007841118235812171,Cell type 1,Sample 3
0.022745738165376,0.27916821160585276,Cell type 1,Sample 1
0.6954861790007003,-0.6779851724299819,Cell type 1,Sample 2
0.8499786872881903,0.5357715761174429,Cell type 1,Sample 3
-0.3283446728137066,-0.13015452063571878,Cell type 1,Sample 1
-0.23937928576084427,0.17973789877356278,Cell type 1,Sample 2
0.06133515799739776,0.8123392292347803,Cell type 1,Sample 3
0.2260339191298355,-0.1779870421929164,Cell type 1,Sample 1
0.13022113166677798,-0.26942092809636914,Cell type 1,Sample 2
-0.8736108334826278,0.047310522334679,Cell type 1,Sample 3
0.9935305558497206,-0.26548544890598225,Cell type 1,Sample 1
-0.4282491187045995,0.0488351883741677,Cell type 1,Sample 2
-0.0884736137470247,-0.39914862226922687,Cell type 1,Sample 3
-0.19587907452191095,-0.46120509224925127,Cell type 1,Sample 1
-0.09713456598925965,-0.37789575007918147,Cell type 1,Sample 2
0.7615620386348286,0.26945502184232933,Cell type 1,Sample 3
-0.106721435465104,0.745363068424976,Cell type 1,Sample 1
0.8162056519658176,-0.7150706889803163,Cell type 1,Sample 2
0.1395419291725926,0.14578183834098637,Cell type 1,Sample 3
-0.4112099661911003,0.5605153336622357,Cell type 1,Sample 1
0.9799186273723375,0.22530652471569415,Cell type 1,Sample 2
0.4476777153812998,-0.3157888645826657,Cell type 1,Sample 3
1.0786541066327517,-0.3028574615016692,Cell type 1,Sample 1
1.0849682940402714,-0.7118413184419615,Cell type 1,Sample 2
0.6755570449933576,0.6463726447591035,Cell type 1,Sample 3
-0.3510265469386762,-0.1638310732988841,Cell type 1,Sample 1
-0.01217729613049142,1.0711351793059318,Cell type 1,Sample 2
0.621702898593581,0.6140151048040675,Cell type 1,Sample 3
-0.28209808993024327,-0.7470188966448753,Cell type 1,Sample 1
-0.9348708498477103,-0.19426038759150463,Cell type 1,Sample 2
0.5593161670771059,0.006521687188476066,Cell type 1,Sample 3
0.9442184698071283,-0.08212099251601594,Cell type 1,Sample 1
0.36254789342399857,0.2580891435574792,Cell type 1,Sample 2
0.21034981550923942,-0.2889603884163553,Cell type 1,Sample 3
0.4595382414938843,-0.14513727209432567,Cell type 1,Sample 1
-0.3037361438101536,-0.20218099634501138,Cell type 1,Sample 2
-0.10074576697375899,-0.003260657614729031,Cell type 1,Sample 3
-0.5894617456491626,-0.10983472617548007,Cell type 1,Sample 1
-0.3473565655445291,-0.204641219056552,Cell type 1,Sample 2
0.7175436996111177,-0.17365114447892147,Cell type 1,Sample 3
-0.16756889058572588,0.17116891724481073,Cell type 1,Sample 1
-0.379566330776849,0.07519689323810382,Cell type 1,Sample 2
0.3067589863652083,-0.5113962825992028,Cell type 1,Sample 3
0.7206366445330578,-0.7179310755897197,Cell type 1,Sample 1
0.7737526006650308,0.8979388365477609,Cell type 1,Sample 2
0.7144288539067837,-0.7370660660210528,Cell type 1,Sample 3
0.5325859828571933,0.7263083727430897,Cell type 1,Sample 1
-0.0029773546063646917,0.392001389655374,Cell type 1,Sample 2
-0.1919373706653914,0.10114020381060956,Cell type 1,Sample 3
0.4894447792783896,-0.6858715646317528,Cell type 1,Sample 1
0.7992690560481707,0.40106422930905966,Cell type 1,Sample 2
-0.9015698381279725,-0.7920679715027449,Cell type 1,Sample 3
0.08000911292639384,0.2508913680837725,Cell type 1,Sample 1
-0.5363715128699033,0.11962343205557477,Cell type 1,Sample 2
-0.18592894113933278,-0.3642308108401714,Cell type 1,Sample 3
0.6754261653495027,-0.32683957031870947,Cell type 1,Sample 1
-0.22092446362041193,0.05544319141420893,Cell type 1,Sample 2
0.21467041140086718,0.18981982419298274,Cell type 1,Sample 3
-1.2647800388471515,-0.14830372953489918,Cell type 1,Sample 1
0.04265907128251203,-0.4041328608204632,Cell type 1,Sample 2
0.04982568254382061,-0.2517378270580996,Cell type 1,Sample 3
-0.25887872361110986,0.10890116987436305,Cell type 1,Sample 1
0.47700088174660116,0.325695625652899,Cell type 1,Sample 2
0.2466589504404446,0.09241806184743695,Cell type 1,Sample 3
0.24013025070296246,-0.5275538377402247,Cell type 1,Sample 1
0.738947022370758,-0.2591351091368237,Cell type 1,Sample 2
-0.2949461588778039,0.34934440675852174,Cell type 1,Sample 3
-0.02852058342647088,0.5919937215984447,Cell type 1,Sample 1
1.00763755523032,0.6453222304612736,Cell type 1,Sample 2
0.4913415713849706,-0.7000353615915046,Cell type 1,Sample 3
-0.0545117099817319,0.017187654513230045,Cell type 1,Sample 1
0.3558074390444449,-0.5623210459189346,Cell type 1,Sample 2
-0.09292287609637365,0.15499949158277754,Cell type 1,Sample 3
0.6840396752443005,0.0629506941974795,Cell type 1,Sample 1
-0.7585868483358396,0.3752895837608828,Cell type 1,Sample 2
-0.09413066754315327,0.596556472925514,Cell type 1,Sample 3
0.617891095911077,-0.5355268398245244,Cell type 1,Sample 1
0.546053391991213,-0.27395265210346753,Cell type 1,Sample 2
0.16153963655801454,-0.1261767510631438,Cell type 1,Sample 3
-0.22152201056424115,-0.23974648369962168,Cell type 1,Sample 1
-0.321774916158731,0.5149804087905806,Cell type 1,Sample 2
-0.3867279220167151,0.9493674906776194,Cell type 1,Sample 3
0.31103499515302435,0.6644666597677048,Cell type 1,Sample 1
0.6197920032207808,-0.19811483905087993,Cell type 1,Sample 2
0.05979018420707663,-0.48653447044077774,Cell type 1,Sample 3
-0.5461563823362895,-0.15820422484740096,Cell type 1,Sample 1
-0.5895198955799013,0.5938396942307819,Cell type 1,Sample 2
0.9956852092084523,0.19645675527410816,Cell type 1,Sample 3
0.5162731021708287,0.5633525684137917,Cell type 1,Sample 1
-0.2623312035334015,0.24682742382157544,Cell type 1,Sample 2
0.23321499121676317,-0.017820741148741784,Cell type 1,Sample 3
0.7545655067022753,0.3028031163156565,Cell type 1,Sample 1
-0.3221701335109921,-1.3695701030687364,Cell type 1,Sample 2
0.3417846616002388,-0.6829778556002671,Cell type 1,Sample 3
0.8199822646856965,0.3710637455359461,Cell type 1,Sample 1
-0.4996511161474554,-0.2523874606141087,Cell type 1,Sample 2
-0.7854380760342496,-0.5633837344549026,Cell type 1,Sample 3
0.2377942179642912,-0.8734478456727774,Cell type 1,Sample 1
-0.4031884645590249,0.03784747000254672,Cell type 1,Sample 2
-0.46367656709528704,0.11918449136739256,Cell type 1,Sample 3
0.17812639435304178,0.630759626267758,Cell type 1,Sample 1
0.15085000445086777,0.08776811478929895,Cell type 1,Sample 2
0.47059093320998485,0.09594886793651804,Cell type 1,Sample 3
-0.16762204093401337,-0.6705323566507844,Cell type 1,Sample 1
0.3736468025616309,0.3051851327167324,Cell type 1,Sample 2
0.40356129831865517,-0.4867730998522343,Cell type 1,Sample 3
-0.6729354617366075,-0.4096289298607489,Cell type 1,Sample 1
-0.29783064702174605,0.6872190465854087,Cell type 1,Sample 2
0.5057315177041781,0.6707379577654405,Cell type 1,Sample 3
0.17189394077494272,-0.024326175785225574,Cell type 1,Sample 1
0.2504157955021058,-0.43923690067103,Cell type 1,Sample 2
-0.44462041411416214,0.4776502791188764,Cell type 1,Sample 3
-0.3845711748936491,-0.46995155055443233,Cell type 1,Sample 1
0.04806038847049168,-0.23113764435252124,Cell type 1,Sample 2
-0.6596235972993837,-0.10149031869782854,Cell type 1,Sample 3
-0.9353959605129278,-0.17575674202065433,Cell type 1,Sample 1
0.821689077902267,0.18032394571789748,Cell type 1,Sample 2
-0.5766662016028725,-0.8436721735553552,Cell type 1,Sample 3
-0.11746213576048731,-0.4467575462596401,Cell type 1,Sample 1
-0.11822441836792968,-0.05980981218438567,Cell type 1,Sample 2
-0.7594554125450339,-1.3153650684145317,Cell type 1,Sample 3
0.4242154411026423,-1.1234446669923026,Cell type 1,Sample 1
1.1494490618096251,-0.18141928021982953,Cell type 1,Sample 2
-0.7240421707486621,-0.7037318871882776,Cell type 1,Sample 3
0.8217707545602646,0.1955639384663631,Cell type 1,Sample 1
-0.06608467782218592,0.036139482692144446,Cell type 1,Sample 2
-0.23941872800420208,-0.4313878820215603,Cell type 1,Sample 3
-0.3034325889285877,0.22884329302677603,Cell type 1,Sample 1
-0.16033381277859585,0.8976056779561611,Cell type 1,Sample 2
0.003531579314088226,-0.33016056973672353,Cell type 1,Sample 3
0.9488835083729885,-0.47394635863449314,Cell type 1,Sample 1
-0.0067486123689669605,-0.5288554644779502,Cell type 1,Sample 2
0.33144063433370635,0.5867369287426625,Cell type 1,Sample 3
-0.045699778754557226,-0.040439248932730654,Cell type 1,Sample 1
0.590494952652836,0.20163728151858587,Cell type 1,Sample 2
-0.5120934121646025,0.9270462831670941,Cell type 1,Sample 3
0.20743275018095522,0.2316442650590531,Cell type 1,Sample 1
0.24820005886697055,1.0375325196742708,Cell type 1,Sample 2
-0.3249134427487182,0.042084115092848075,Cell type 1,Sample 3
-0.5227647428370266,-0.013130396634926069,Cell type 1,Sample 1
-0.033039899323658285,-0.6055080998812283,Cell type 1,Sample 2
0.06014781585594943,0.2572194170293745,Cell type 1,Sample 3
0.5730150720710325,-0.3886857424229533,Cell type 1,Sample 1
-0.0035224927402773497,-0.10780478928401119,Cell type 1,Sample 2
1.0465989661049724,-0.7559417097816068,Cell type 1,Sample 3
-0.2731222241262414,0.19590200270127325,Cell type 1,Sample 1
-0.04371766438859054,0.27415981377724935,Cell type 1,Sample 2
-0.6784677848497876,0.1115765273738485,Cell type 1,Sample 3
0.4982852552897236,-0.23324768961409897,Cell type 1,Sample 1
-1.0971912349100121,0.7997354700568947,Cell type 1,Sample 2
-0.584958417855144,-1.4361311066408247,Cell type 1,Sample 3
-0.246561411199886,0.7218160017344071,Cell type 1,Sample 1
-0.21835986802029775,-0.03306630731291123,Cell type 1,Sample 2
0.8068556345293235,0.22676715075698992,Cell type 1,Sample 3
-0.10264200974812562,0.559274972127663,Cell type 1,Sample 1
-0.07018752945266822,0.1538063340945982,Cell type 1,Sample 2
0.12304180765820441,-0.40114001356977175,Cell type 1,Sample 3
0.4977907570010149,0.8515863049590189,Cell type 1,Sample 1
0.3427948731492082,-0.07082429300506345,Cell type 1,Sample 2
-0.49667934979097533,-0.5079394134949892,Cell type 1,Sample 3
-0.13686462608338035,-0.007135176474694253,Cell type 1,Sample 1
0.2236969685344878,-0.25061705389510636,Cell type 1,Sample 2
-0.8629033643952984,-0.33878232616782755,Cell type 1,Sample 3
0.39320310599790825,-0.27977314264473446,Cell type 1,Sample 1
0.16897777707251263,-0.2961204224064073,Cell type 1,Sample 2
-0.013202878479463515,0.1400805794098034,Cell type 1,Sample 3
0.4240871063333341,-0.6162616573842545,Cell type 1,Sample 1
-0.057612116276098795,-0.1924714442050406,Cell type 1,Sample 2
-0.11123744838913269,1.023431097859779,Cell type 1,Sample 3
0.03778818633501891,0.5244320709376811,Cell type 1,Sample 1
0.5169405274621043,-0.2037300536458008,Cell type 1,Sample 2
-0.7675201237661798,-0.9400050169538818,Cell type 1,Sample 3
0.24703195948775983,-1.4273133314521955,Cell type 1,Sample 1
0.084680412018039,-0.7068572484524901,Cell type 1,Sample 2
-1.2497028574367866,1.1454712862953709,Cell type 1,Sample 3
0.9244780474726726,0.5632825147738787,Cell type 1,Sample 1
-0.3194808738447511,-0.6615448967037492,Cell type 1,Sample 2
0.18605273630343144,0.19457959783396436,Cell type 1,Sample 3
0.25012023471828493,-0.26680015321958345,Cell type 1,Sample 1
0.41473742096587424,-0.09691306938640176,Cell type 1,Sample 2
-0.8969462489339451,-0.6777237515561446,Cell type 1,Sample 3
0.3546762572276586,0.009729127759441559,Cell type 1,Sample 1
0.3094431490115768,0.8191798661354704,Cell type 1,Sample 2
0.03223720740506012,-0.9877332831769357,Cell type 1,Sample 3
0.5193030346044083,0.04657916884987117,Cell type 1,Sample 1
-0.8083566874740071,-0.11469116592773361,Cell type 1,Sample 2
0.6602070048919171,-0.4372178241699591,Cell type 1,Sample 3
0.25033286069060484,0.02488684359048004,Cell type 1,Sample 1
0.6328539204323503,-0.43308742410725043,Cell type 1,Sample 2
0.20527504266380828,-0.11553473872884015,Cell type 1,Sample 3
-0.330893232384194,0.426216667398112,Cell type 1,Sample 1
0.8247404471619605,0.5353052799895931,Cell type 1,Sample 2
0.014372411467408744,0.6392259313036494,Cell type 1,Sample 3
-0.17203197835211329,-0.18726707537512544,Cell type 1,Sample 1
-0.05575441357147185,-0.4024832404262804,Cell type 1,Sample 2
-0.7611795931089456,0.5563441874949626,Cell type 1,Sample 3
0.4630887737658207,0.9547083202350652,Cell type 1,Sample 1
-0.15992376162742197,0.07587899612437018,Cell type 1,Sample 2
0.6002069539722127,-0.32844713948569787,Cell type 1,Sample 3
0.6138344962366461,-0.6048205093456027,Cell type 1,Sample 1
-0.36547813785773664,0.3789609249618098,Cell type 1,Sample 2
-0.5106164085653566,0.35417822364967666,Cell type 1,Sample 3
-0.34302487851759,-0.3086061233239808,Cell type 1,Sample 1
-0.18180610610692793,-0.028472811860533728,Cell type 1,Sample 2
0.10482970763731289,-0.24581809281602368,Cell type 1,Sample 3
0.41696107727445203,0.22959003961421834,Cell type 1,Sample 1
0.33315625045460595,0.2312956464269756,Cell type 1,Sample 2
0.5838910308299037,0.12721042165060656,Cell type 1,Sample 3
0.0051763099216903035,-0.6559181161750798,Cell type 1,Sample 1
-0.2374726555804781,-0.32666461628685595,Cell type 1,Sample 2
-0.18275296849263292,-0.07564961011626116,Cell type 1,Sample 3
0.13268117469981422,-0.29137932880579104,Cell type 1,Sample 1
-0.08519288269409798,-0.40641179516828246,Cell type 1,Sample 2
-0.07505847562690329,-0.6320030839736819,Cell type 1,Sample 3
-0.3521718452713796,-0.7042306481817798,Cell type 1,Sample 1
-0.24115678546815147,0.5494916787209824,Cell type 1,Sample 2
0.34642879211871835,0.2912856594044026,Cell type 1,Sample 3
1.0719720446626628,0.3169595111590056,Cell type 1,Sample 1
-0.09344807908099242,-0.8152366218575701,Cell type 1,Sample 2
0.017443973544704283,-0.6877554447843713,Cell type 1,Sample 3
-0.3635685879124343,-0.12375931777575237,Cell type 1,Sample 1
-0.6700360355619674,0.21610834537962698,Cell type 1,Sample 2
0.28981658660678783,0.16289815829108323,Cell type 1,Sample 3
-0.16133991942106787,-0.12541650822752368,Cell type 1,Sample 1
0.8327372222312883,0.5071850325090652,Cell type 1,Sample 2
0.6965906289674529,0.4196745571158011,Cell type 1,Sample 3
0.9882202922577428,-0.7821208058555257,Cell type 1,Sample 1
-0.41449750546103614,-0.2800905200984848,Cell type 1,Sample 2
0.43457729624844826,-0.22776976301193536,Cell type 1,Sample 3
0.12182861185135721,-0.5451042033997149,Cell type 1,Sample 1
-0.10292971544017018,-0.37328917327011946,Cell type 1,Sample 2
0.10948195792798754,-0.42091081593407614,Cell type 1,Sample 3
0.7755759877612615,0.05783731714642933,Cell type 1,Sample 1
-0.7392931228899208,0.5718770216034645,Cell type 1,Sample 2
0.533337344794577,0.5846477952228364,Cell type 1,Sample 3
-0.4389912933782805,-0.41344017701993,Cell type 1,Sample 1
0.09466415364618706,0.14862213669006202,Cell type 1,Sample 2
0.4229014362814641,0.2570312762123879,Cell type 1,Sample 3
-0.46271231302979365,0.12769187783715855,Cell type 1,Sample 1
0.09751249201406337,-0.3791410344437951,Cell type 1,Sample 2
-0.11543318692238448,0.7266303316605172,Cell type 1,Sample 3
0.904653174866555,-0.10902294769618692,Cell type 1,Sample 1
-0.13944169707537826,0.4225789855921608,Cell type 1,Sample 2
0.25905085101498787,-0.26460050490575643,Cell type 1,Sample 3
-0.08768922794934536,0.24575282362339182,Cell type 1,Sample 1
0.4415548885735795,-0.03891859850640102,Cell type 1,Sample 2
0.039798931188018194,0.2770288855579536,Cell type 1,Sample 3
-0.019653643813815593,-0.06724839220086636,Cell type 1,Sample 1
-0.7714016091214498,-0.08031555976274718,Cell type 1,Sample 2
0.45398115681352447,0.061739904582297105,Cell type 1,Sample 3
-0.5192719104219862,-0.8156379077304727,Cell type 1,Sample 1
0.09235523739054165,0.4689577687553275,Cell type 1,Sample 2
-0.33961532659647753,-1.4571279949084706,Cell type 1,Sample 3
0.34819372372835766,0.47765260428525536,Cell type 1,Sample 1
-0.047229357221001377,0.20980498601205907,Cell type 1,Sample 2
0.49318825295296853,-0.3559866136294614,Cell type 1,Sample 3
-1.0181102514279683,0.023746734125821477,Cell type 1,Sample 1
-0.03600506079016692,0.5017664489460121,Cell type 1,Sample 2
0.35769065772062203,0.35909286285396724,Cell type 1,Sample 3
0.1055087336013092,-0.048356555935196194,Cell type 1,Sample 1
-0.12061802892816494,0.1760276982571484,Cell type 1,Sample 2
-0.8135024604333744,1.0112951152847407,Cell type 1,Sample 3
0.42114866350695135,0.011597989278687411,Cell type 1,Sample 1
-0.5606218700471959,0.46470499239540775,Cell type 1,Sample 2
-0.3672957883990246,-0.4051262185071905,Cell type 1,Sample 3
-0.08492617883886533,0.8183699809153199,Cell type 1,Sample 1
-0.3231136549219015,0.887655446304756,Cell type 1,Sample 2
-0.3665164977619947,0.9090309612789124,Cell type 1,Sample 3
0.21480910956629293,0.10384384358155557,Cell type 1,Sample 1
-1.0759077006646525,-0.35957665962121005,Cell type 1,Sample 2
0.4868631154261839,0.14939889016088095,Cell type 1,Sample 3
-0.5983943232131558,0.44684884469455544,Cell type 1,Sample 1
1.030751788318199,0.6041831152965712,Cell type 1,Sample 2
-0.08838708155789105,-0.7743091494318733,Cell type 1,Sample 3
-0.5944817097674809,-0.02494007706405885,Cell type 1,Sample 1
0.37122945679631014,-0.31879377103798195,Cell type 1,Sample 2
-0.6010747630380444,-0.19784035587813192,Cell type 1,Sample 3
-0.04418147960266766,-0.18500551494106385,Cell type 1,Sample 1
0.2691480395248165,0.5362536686549011,Cell type 1,Sample 2
-0.24442471089313705,-0.5598087166445056,Cell type 1,Sample 3
0.34313009518725673,-0.8063579355948258,Cell type 1,Sample 1
0.48602848286986094,-0.006652317689317655,Cell type 1,Sample 2
-0.5938826199587635,-0.19866162627568093,Cell type 1,Sample 3
0.05145869526161861,-1.1570220330000527,Cell type 1,Sample 1
0.18957655936306206,0.6151110878253938,Cell type 1,Sample 2
0.21923786940486364,0.009808328846994951,Cell type 1,Sample 3
-1.0678371069893478,1.5688742668299969,Cell type 1,Sample 1
0.5767951716584627,0.6931746986314217,Cell type 1,Sample 2
-0.5230605425312521,0.2367037078562332,Cell type 1,Sample 3
-0.7076853710252071,-0.21032266138267952,Cell type 1,Sample 1
0.13369615703595147,0.1608489030980068,Cell type 1,Sample 2
-0.1387721281577758,0.6456369195079394,Cell type 1,Sample 3
-0.24268177391455173,0.04093706969316128,Cell type 1,Sample 1
0.4620135096034505,-0.09245106822149451,Cell type 1,Sample 2
0.026129245248741606,-0.5303025331983005,Cell type 1,Sample 3
-1.0885325232214274,0.08923833194269487,Cell type 1,Sample 1
-0.4302066826419762,-0.19227777211491268,Cell type 1,Sample 2
-0.29466611571368095,-0.22931931805054226,Cell type 1,Sample 3
-0.08356085689320575,0.14128997524414982,Cell type 1,Sample 1
0.048497982496359095,0.2975785127184568,Cell type 1,Sample 2
0.49881603846012224,-0.14339711786913464,Cell type 1,Sample 3
0.13867923098233795,-0.011139489591856658,Cell type 1,Sample 1
0.04141628525904995,-0.36408595048490777,Cell type 1,Sample 2
-0.057554846961619575,-0.17295966452358535,Cell type 1,Sample 3
0.10419140397377624,-1.0208674342121453,Cell type 1,Sample 1
0.2464419859259349,0.4168016024186742,Cell type 1,Sample 2
0.0015738634531633165,0.6149951842193415,Cell type 1,Sample 3
0.2780110484211454,-0.29564239440094725,Cell type 1,Sample 1
0.12801486715693783,0.49134549197275695,Cell type 1,Sample 2
-0.4261933830370518,0.2376828053460051,Cell type 1,Sample 3
-0.44687300954185716,-0.1939824844537261,Cell type 1,Sample 1
0.24911087424839257,0.5700745192606332,Cell type 1,Sample 2
0.13578941859768673,-0.6383742879101547,Cell type 1,Sample 3
0.5341896668470082,0.302060444794259,Cell type 1,Sample 1
-0.18956387049374354,-0.10179018005118089,Cell type 1,Sample 2
0.3394734938811165,-0.40620117446871,Cell type 1,Sample 3
0.6277018047299482,0.4729348218420728,Cell type 1,Sample 1
1.6215464847973666,1.1539581253080553,Cell type 1,Sample 2
0.26725282424027513,0.44382771293691803,Cell type 1,Sample 3
-0.5028006878447329,0.18008209197288347,Cell type 1,Sample 1
-0.0671543707352739,0.40540413657989105,Cell type 1,Sample 2
-0.16738766605327043,-0.20182423162099836,Cell type 1,Sample 3
0.3292721363364152,1.0051022693831748,Cell type 1,Sample 1
-0.31407186958458916,0.049466893514441855,Cell type 1,Sample 2
0.48269874229558535,0.6180653609031089,Cell type 1,Sample 3
0.041386451892712874,0.01839141658711739,Cell type 1,Sample 1
0.3147647921109054,-0.4021578798299962,Cell type 1,Sample 2
0.48195346703793124,-0.010049375884825823,Cell type 1,Sample 3
-0.7972138293971835,-0.29968751147688644,Cell type 1,Sample 1
-0.2987550973458208,0.7111849308492538,Cell type 1,Sample 2
-0.2355191528091614,0.11602496867881815,Cell type 1,Sample 3
-0.8079433937052364,0.14982384391867407,Cell type 1,Sample 1
-0.6992837869095706,0.28148461834528543,Cell type 1,Sample 2
0.33545562413843755,0.3018952601389471,Cell type 1,Sample 3
-0.5972614698830175,0.14290164339736647,Cell type 1,Sample 1
0.5743828501860517,-0.8698568893890498,Cell type 1,Sample 2
-0.039820695622857574,0.22618589812486695,Cell type 1,Sample 3
-0.1678923496450641,0.8345107626446965,Cell type 1,Sample 1
-0.6346652482733496,0.8512573290648028,Cell type 1,Sample 2
-0.2438526864743723,0.5371665023851219,Cell type 1,Sample 3
-0.0027980094145232774,0.3343708277962563,Cell type 1,Sample 1
0.11351723943244445,-0.1620340876044851,Cell type 1,Sample 2
0.40643105941948005,0.3148144209618061,Cell type 1,Sample 3
-0.027447000308143194,0.14277703742882847,Cell type 1,Sample 1
-0.27477856795429006,0.42979394348990096,Cell type 1,Sample 2
-0.643581784292125,-0.6985590925564956,Cell type 1,Sample 3
-0.04171898489518043,-0.724822609849265,Cell type 1,Sample 1
0.32206188392505436,0.040994406912359685,Cell type 1,Sample 2
-0.5979415310175922,0.22230133411007036,Cell type 1,Sample 3
0.9422931529673045,0.7716217641360945,Cell type 1,Sample 1
-0.11385980741787642,0.3577465483847426,Cell type 1,Sample 2
1.4745472126543626,0.6223397903683934,Cell type 1,Sample 3
0.21089003712543544,0.6550959540404485,Cell type 1,Sample 1
-0.30280776986843205,0.9130048567734681,Cell type 1,Sample 2
0.26600309941097156,0.1808305306235083,Cell type 1,Sample 3
0.0631570997416001,-0.23456542710520448,Cell type 1,Sample 1
-0.7964968667658346,0.2202373689801995,Cell type 1,Sample 2
0.03830453522582981,-0.2558817789711517,Cell type 1,Sample 3
-0.11173299118592607,-0.17465839805909875,Cell type 1,Sample 1
0.24600942399639963,-0.2630174213337902,Cell type 1,Sample 2
0.25655289908804135,-0.1297733387919586,Cell type 1,Sample 3
0.0899571847732084,0.41891526761474035,Cell type 1,Sample 1
0.32972562055680577,-0.4019742073637405,Cell type 1,Sample 2
0.411030079997245,0.9483964913269737,Cell type 1,Sample 3
0.6586970328171629,0.09879980234619982,Cell type 1,Sample 1
-0.26136151025951976,0.5245046129184446,Cell type 1,Sample 2
-0.4538780900734602,0.7596419618208844,Cell type 1,Sample 3
0.35157127111000197,0.26660365894965626,Cell type 1,Sample 1
-0.7815171532856268,-0.5897298322538902,Cell type 1,Sample 2
-0.3690285418306958,0.0906255813010252,Cell type 1,Sample 3
-0.2761115221404856,0.3164659088777554,Cell type 1,Sample 1
-0.48289131643197963,-0.2692868366483121,Cell type 1,Sample 2
0.5975233144624212,-0.7615934523918874,Cell type 1,Sample 3
-0.137525848575822,-1.1509605823677924,Cell type 1,Sample 1
-1.1601577991152117,0.39131491315825906,Cell type 1,Sample 2
-0.3589594453738009,-0.11526231259012541,Cell type 1,Sample 3
1.248707563209927,0.023003193368170475,Cell type 1,Sample 1
-1.1934649350978364,-0.24793908600507464,Cell type 1,Sample 2
-1.0325415231281603,0.01422879059157944,Cell type 1,Sample 3
-0.22968044977012206,-0.4249221847323959,Cell type 1,Sample 1
-0.27505764146826944,-0.07351271171542499,Cell type 1,Sample 2
-0.2777733897434333,0.10219451580148839,Cell type 1,Sample 3
0.5376717009784489,0.1053342326015554,Cell type 1,Sample 1
0.3929000793254161,0.21272878089248237,Cell type 1,Sample 2
0.6065488499895917,0.07085845681995237,Cell type 1,Sample 3
-0.0974541401763405,0.5668850484335323,Cell type 1,Sample 1
0.014090578684564124,-0.004559498322101772,Cell type 1,Sample 2
0.11263205862377476,0.3463613775584297,Cell type 1,Sample 3
-0.5989832146086308,0.4435398882231435,Cell type 1,Sample 1
-0.28108401328915106,-0.10461093687226389,Cell type 1,Sample 2
0.2267543562772337,-0.49114701712733977,Cell type 1,Sample 3
0.30436779456220847,-0.2785652862861156,Cell type 1,Sample 1
-0.06969860033161708,0.3698265758623357,Cell type 1,Sample 2
0.4972236877544537,0.32300309355727574,Cell type 1,Sample 3
-0.6867014444848746,0.25995106976437626,Cell type 1,Sample 1
0.006249660953625167,1.4342015278333842,Cell type 1,Sample 2
0.14609636416318658,-0.09366450920318735,Cell type 1,Sample 3
0.7463442844797609,-0.1355618005212844,Cell type 1,Sample 1
0.28488364011610195,0.22385428000865748,Cell type 1,Sample 2
0.37667081055226626,0.19057919244138888,Cell type 1,Sample 3
-0.6082904020678548,-0.5607650737125137,Cell type 1,Sample 1
-0.2983145293058651,1.0489696695662156,Cell type 1,Sample 2
0.2575176336043299,0.2568929754561044,Cell type 1,Sample 3
-0.1286500003088948,0.5410561564965704,Cell type 1,Sample 1
0.3329621260272307,0.21079330530722784,Cell type 1,Sample 2
-0.009936817684155785,-0.05363238290547087,Cell type 1,Sample 3
0.4629875503573084,-0.045537930176513614,Cell type 1,Sample 1
-0.1928363154889241,0.21725132304565287,Cell type 1,Sample 2
0.17572410377079145,0.5350751191582137,Cell type 1,Sample 3
0.44565184343487774,0.0021149294970757883,Cell type 1,Sample 1
0.03490104249500946,-0.1926567984308801,Cell type 1,Sample 2
0.040914679273782506,-0.04944482659557133,Cell type 1,Sample 3
0.14653623664934062,-0.3571757090131839,Cell type 1,Sample 1
-0.25884628643460733,-0.04404562201453664,Cell type 1,Sample 2
0.0727605988841204,-0.3070612825041581,Cell type 1,Sample 3
-0.37698229443333814,-0.14033753843338703,Cell type 1,Sample 1
0.3692332899977052,0.08568414059498525,Cell type 1,Sample 2
0.8497179915043548,-0.20089751347081683,Cell type 1,Sample 3
0.29334690073763736,-0.23745182831126221,Cell type 1,Sample 1
0.09191725816125218,1.3465168319902483,Cell type 1,Sample 2
0.8419638457289343,-0.22944213143447,Cell type 1,Sample 3
-0.16019252971839718,-0.8896994652536103,Cell type 1,Sample 1
0.12933057392769406,0.10636988792883016,Cell type 1,Sample 2
0.5151417270159211,0.11939457951325676,Cell type 1,Sample 3
-0.12207831764532434,0.48204358414417864,Cell type 1,Sample 1
-0.08764726495200642,0.19965880085956544,Cell type 1,Sample 2
-0.4110380059139637,-0.6096422332610969,Cell type 1,Sample 3
-0.449207335674179,0.24595958575325286,Cell type 1,Sample 1
-0.34970727006164376,0.08084926335237645,Cell type 1,Sample 2
0.44057336040668454,0.0006628443672036147,Cell type 1,Sample 3
0.21415834618761875,0.03857824810885837,Cell type 1,Sample 1
-1.1858296804294461,1.0210348264639402,Cell type 1,Sample 2
0.8634819256167026,-0.19981809280730117,Cell type 1,Sample 3
-0.46161662305545215,-0.6758423028081668,Cell type 1,Sample 1
-0.09534120038167329,0.10871643658986144,Cell type 1,Sample 2
-0.30085330611469846,0.9261390922544689,Cell type 1,Sample 3
0.259435590220061,0.24790251051378542,Cell type 1,Sample 1
-0.09144822055242008,0.6874382095740924,Cell type 1,Sample 2
-0.6740927110528565,0.3716320470113575,Cell type 1,Sample 3
-0.23596593289471673,0.544475298483683,Cell type 1,Sample 1
-0.058382957897623315,-0.3177789207022017,Cell type 1,Sample 2
-0.485828367270643,-0.6898090823944653,Cell type 1,Sample 3
-0.23424805668015786,-0.3793826289676875,Cell type 1,Sample 1
0.2666796223527247,0.41973425225920236,Cell type 1,Sample 2
0.2882784815278832,0.15562507727176805,Cell type 1,Sample 3
-0.110626811792886,-0.13840664994446034,Cell type 1,Sample 1
-0.24748274018403654,-0.24878624915460693,Cell type 1,Sample 2
-0.5481101624342826,-0.03393569084974095,Cell type 1,Sample 3
0.1691787209679798,-0.49628900336441145,Cell type 1,Sample 1
0.1391743173223348,-0.25460668129956726,Cell type 1,Sample 2
0.1201029219731115,0.6265664123841217,Cell type 1,Sample 3
-0.05540628013954375,-0.19412152676076944,Cell type 1,Sample 1
-0.4348315406373472,0.5627173922073847,Cell type 1,Sample 2
-0.11707668736166799,-0.11706847847459027,Cell type 1,Sample 3
0.4991554490739802,-0.2158101563590242,Cell type 1,Sample 1
0.022781940570949157,0.3117035691399578,Cell type 1,Sample 2
-0.3127813507547647,0.19790176671870452,Cell type 1,Sample 3
-0.016806282351856505,0.2273704560705672,Cell type 1,Sample 1
-0.6195535378269504,-0.73376263287622,Cell type 1,Sample 2
-0.7091828664665158,-0.8804044059903879,Cell type 1,Sample 3
-0.012116416934846073,0.6012256239915361,Cell type 1,Sample 1
-0.023685351272217974,-0.7910883816730636,Cell type 1,Sample 2
0.5584168877649771,0.09320808487202316,Cell type 1,Sample 3
-0.23265522839002667,-0.05297417715206783,Cell type 1,Sample 1
-0.7628281572850474,0.631292051713591,Cell type 1,Sample 2
0.6521701214390763,-0.8312459940178372,Cell type 1,Sample 3
-0.23220213115469382,0.23103044662594824,Cell type 1,Sample 1
-0.04669342944997414,-0.26466605622418543,Cell type 1,Sample 2
-0.2255794292044994,0.2758703999554602,Cell type 1,Sample 3
0.17986948756339421,-0.2493169478942257,Cell type 1,Sample 1
0.14050462514090314,-1.066297813077418,Cell type 1,Sample 2
1.206307710806458,0.3923021439490119,Cell type 1,Sample 3
-0.02576146426232303,0.2515451843118734,Cell type 1,Sample 1
-0.07915273900483188,-0.09192694657960483,Cell type 1,Sample 2
-0.19251090585643182,0.19149449237046423,Cell type 1,Sample 3
-0.3041753823396688,0.2962651536588807,Cell type 1,Sample 1
0.39713233981091356,-0.6271447115846247,Cell type 1,Sample 2
0.38584935532417236,-1.4242713103150377,Cell type 1,Sample 3
0.06534501223219116,-0.07076287668347414,Cell type 1,Sample 1
0.03841094553012768,-0.6414961120942848,Cell type 1,Sample 2
0.8827271201405484,0.20249085548047777,Cell type 1,Sample 3
0.3645318225011822,0.17558273381354203,Cell type 1,Sample 1
0.016398497705793255,-0.37924766735003473,Cell type 1,Sample 2
-0.4975742409266897,-0.09075158106783357,Cell type 1,Sample 3
0.2588295102345615,-0.3628719065767328,Cell type 1,Sample 1
0.9162785217396009,0.4070758810591333,Cell type 1,Sample 2
-0.7255878450257794,-0.00604447392302728,Cell type 1,Sample 3
0.1241625712579411,0.039058867618008176,Cell type 1,Sample 1
-0.5060521876300837,-0.8274283359328847,Cell type 1,Sample 2
0.6816144875661252,-0.1518130364490005,Cell type 1,Sample 3
-0.20895477288294528,-1.0129039365556884,Cell type 1,Sample 1
0.5933673100886655,0.7181677028529893,Cell type 1,Sample 2
0.2886817625533308,-0.06432972317602795,Cell type 1,Sample 3
-0.9375862348228723,0.05751303957370858,Cell type 1,Sample 1
-0.6693028998616244,0.34645931151580556,Cell type 1,Sample 2
0.5897200603606435,-0.2345878260523524,Cell type 1,Sample 3
0.08423048813480714,0.6587987678039798,Cell type 1,Sample 1
-0.2648801018835194,0.25663371655667805,Cell type 1,Sample 2
-0.03358914502467763,-0.3578799945553759,Cell type 1,Sample 3
-0.03969421220285144,-0.15023297436035185,Cell type 1,Sample 1
0.3503503060602918,1.4073272222362765,Cell type 1,Sample 2
-0.14590563445777205,-0.7815954043483285,Cell type 1,Sample 3
-0.047732123544536514,-0.8881231667332259,Cell type 1,Sample 1
-0.6261967222065595,0.18181594131248394,Cell type 1,Sample 2
-0.5916292563328875,-1.0196160888800503,Cell type 1,Sample 3
0.7577224041761238,0.19086708448125464,Cell type 1,Sample 1
-0.023460289439592035,0.23852041361156073,Cell type 1,Sample 2
1.5394404042276189,0.5597874557172884,Cell type 1,Sample 3
-1.0980639105499732,-0.08106198773992922,Cell type 1,Sample 1
-0.3267314478624036,-0.19327080794887988,Cell type 1,Sample 2
-0.23789772200245057,-0.41305599585727104,Cell type 1,Sample 3
-1.5097560779104127,0.09192477237684743,Cell type 1,Sample 1
0.11780727905428297,0.3854325969434834,Cell type 1,Sample 2
-0.29032415127697553,-0.3056926236943141,Cell type 1,Sample 3
-0.6465707718793239,0.28619515558783787,Cell type 1,Sample 1
-0.18463856962310157,0.07169423367112554,Cell type 1,Sample 2
0.6755364462065696,0.4430955942923978,Cell type 1,Sample 3
0.01735687437628093,-0.9842521067190269,Cell type 1,Sample 1
-0.25148738527567155,0.13174360766552978,Cell type 1,Sample 2
-0.13132976015808387,-0.16819347270556811,Cell type 1,Sample 3
-0.7523601870155011,0.3800279818448013,Cell type 1,Sample 1
0.051242321079103766,-0.24141379540345917,Cell type 1,Sample 2
0.5730137875067075,-1.4187532206986895,Cell type 1,Sample 3
0.28405160256432305,-0.5248277494549706,Cell type 1,Sample 1
0.413557714282884,0.07898715612572585,Cell type 1,Sample 2
-0.25407009882365544,-0.07389015940873576,Cell type 1,Sample 3
0.22524786188901735,-0.13087914511054727,Cell type 1,Sample 1
0.17917225553800162,-0.5982789643083433,Cell type 1,Sample 2
0.09338338223853916,-0.3776914661766613,Cell type 1,Sample 3
0.3193651110145923,-0.5715024563652418,Cell type 1,Sample 1
0.48193955839745484,1.1052615007956756,Cell type 1,Sample 2
0.8478614389054326,0.9486443473865558,Cell type 1,Sample 3
0.1365592171468221,-0.49910612925570264,Cell type 1,Sample 1
0.07049134980603,0.7943134640217979,Cell type 1,Sample 2
0.42835124012127784,0.8386885439027446,Cell type 1,Sample 3
-0.09618048239056126,0.15077367116680623,Cell type 1,Sample 1
-0.4833509453513299,-0.398032068860317,Cell type 1,Sample 2
0.5107576963909319,0.45945742732916467,Cell type 1,Sample 3
0.029492110794798687,0.223436250401349,Cell type 1,Sample 1
0.16135928016904474,-0.4136154717761615,Cell type 1,Sample 2
0.16391058642154263,0.4621350697689149,Cell type 1,Sample 3
0.18329912304842413,-0.4699398931636776,Cell type 1,Sample 1
-0.06606829445077363,-0.2618656513857109,Cell type 1,Sample 2
-0.24413692122577232,0.31666341303561923,Cell type 1,Sample 3
1.2859976587474844,-1.1247162271003819,Cell type 1,Sample 1
0.6474927924084779,0.2721101761701735,Cell type 1,Sample 2
-0.8347026405606859,0.2716800961899675,Cell type 1,Sample 3
0.012255087129471357,0.24899914562272488,Cell type 1,Sample 1
-0.267981722557024,0.40402889914057255,Cell type 1,Sample 2
-0.9463810887950259,0.15574542939889494,Cell type 1,Sample 3
-0.8855342765440456,0.23577119020910287,Cell type 1,Sample 1
-0.4018372839848654,0.8195584027220337,Cell type 1,Sample 2
0.10028459861547143,0.5743186747143576,Cell type 1,Sample 3
0.24365261852249742,0.5359649326058986,Cell type 1,Sample 1
-0.3393215306470516,-0.15911876387131013,Cell type 1,Sample 2
0.6376953689995074,-0.07585721678861457,Cell type 1,Sample 3
-0.20731345028593157,-0.4975869799496187,Cell type 1,Sample 1
-0.36518331585856834,0.10822929479098743,Cell type 1,Sample 2
0.09774086577664541,-0.04942260061965303,Cell type 1,Sample 3
0.08400767026626425,0.4726057673057418,Cell type 1,Sample 1
0.14676876498432026,0.12470884384252083,Cell type 1,Sample 2
-0.8417190961104751,-0.4029350332480944,Cell type 1,Sample 3
0.5031464046072203,-0.2884459347615744,Cell type 1,Sample 1
-0.2622835068835255,0.6761013394335722,Cell type 1,Sample 2
-0.8845251518696994,0.1833732039461285,Cell type 1,Sample 3
0.297377170832643,0.42670777939015386,Cell type 1,Sample 1
-0.29844739236598566,-0.8372347302266226,Cell type 1,Sample 2
-0.5185330367849981,0.332684467516415,Cell type 1,Sample 3
-0.018294987171465583,0.32982499904118523,Cell type 1,Sample 1
0.22065357584962292,-0.3665780985549983,Cell type 1,Sample 2
0.13128066450096249,0.09679495568377218,Cell type 1,Sample 3
0.8579538155663472,-0.048762691872811716,Cell type 1,Sample 1
0.3261614392067098,-0.7881960784921247,Cell type 1,Sample 2
0.7487158415898132,0.9288511717688662,Cell type 1,Sample 3
-0.7055284155330409,0.401577371307011,Cell type 1,Sample 1
0.42032177449436203,-0.32631198965119546,Cell type 1,Sample 2
0.17136267318885207,0.22837660957689196,Cell type 1,Sample 3
-0.3929930163174912,-0.6905223015768874,Cell type 1,Sample 1
0.3016237502856969,0.14907923299526282,Cell type 1,Sample 2
-0.7905953510160667,0.4475191570380577,Cell type 1,Sample 3
0.07520945257178821,0.1824805012331127,Cell type 1,Sample 1
0.07152438493947617,0.42480599425810656,Cell type 1,Sample 2
0.270731364102394,0.3795775801513234,Cell type 1,Sample 3
-0.05248385378181197,0.30639537079164486,Cell type 1,Sample 1
0.6278780627867604,-0.44730365110975195,Cell type 1,Sample 2
-0.9209488864789287,0.4460337998658603,Cell type 1,Sample 3
-0.3820933933189232,0.43808696584653767,Cell type 1,Sample 1
-0.27436245387048075,0.046422450570557355,Cell type 1,Sample 2
-0.26560714730379925,0.24193832559401987,Cell type 1,Sample 3
-0.31463169684639436,0.7668638549582496,Cell type 1,Sample 1
0.518043825523128,-0.7114874626308365,Cell type 1,Sample 2
-0.05674032294107059,0.1107792368121053,Cell type 1,Sample 3
-1.0337210500199383,-0.044560019756394204,Cell type 1,Sample 1
1.2017077926191375,-0.028809398516792695,Cell type 1,Sample 2
-0.32891727692606854,0.42726261353330786,Cell type 1,Sample 3
-0.04681809436958542,0.662898323771095,Cell type 1,Sample 1
-0.11355300389046301,-0.0708787770137693,Cell type 1,Sample 2
-0.09512042220660784,-0.7487233343028743,Cell type 1,Sample 3
1.3515137822025418,-0.11533083331985407,Cell type 1,Sample 1
-0.6300823825862901,-0.30818070401973874,Cell type 1,Sample 2
-0.16474465010899303,0.8374298364570324,Cell type 1,Sample 3
-1.019062267588927,-0.504043155458702,Cell type 1,Sample 1
-0.12748860871042764,0.7519964942913443,Cell type 1,Sample 2
0.029815184960087063,-0.32346838885278695,Cell type 1,Sample 3
-0.0840719092923948,-0.23604528884856368,Cell type 1,Sample 1
-0.9230939311190469,-0.464755430096205,Cell type 1,Sample 2
0.1214410065751375,-1.0410493515944936,Cell type 1,Sample 3
0.3469616165956291,0.35829466987982583,Cell type 1,Sample 1
0.04225257284643129,0.39899727480611813,Cell type 1,Sample 2
-0.40737800141177405,0.08807522594384606,Cell type 1,Sample 3
-0.9103801389010081,-0.35288674154768257,Cell type 1,Sample 1
0.3967443602761065,-0.8742659866190904,Cell type 1,Sample 2
0.030042997307581806,0.1941560027117248,Cell type 1,Sample 3
0.8318664160717367,0.15262156326567647,Cell type 1,Sample 1
-1.0609274495042973,-0.30391099354721623,Cell type 1,Sample 2
-0.22321680727526413,0.09704499644915379,Cell type 1,Sample 3
0.4756531221497417,0.26344896183289684,Cell type 1,Sample 1
-1.2176561658914442,0.34208160430447726,Cell type 1,Sample 2
-0.18937991830154666,1.0413301610548988,Cell type 1,Sample 3
0.8774665358236208,0.009200815391719065,Cell type 1,Sample 1
0.2611253180088893,-0.04895762322145203,Cell type 1,Sample 2
-0.009354378222948708,-0.19425922654444291,Cell type 1,Sample 3
-0.32463877253300355,-0.6119701333811283,Cell type 1,Sample 1
0.6191415357168178,0.010635788368030825,Cell type 1,Sample 2
0.020662816135309233,0.2215010652236876,Cell type 1,Sample 3
0.3517200665694471,1.077464338691571,Cell type 1,Sample 1
-0.4042468014465938,-0.25087852179226827,Cell type 1,Sample 2
-0.3058845454526427,-0.01851839852420601,Cell type 1,Sample 3
-0.3038231726867363,-0.0686554828944398,Cell type 1,Sample 1
-0.49429555357545873,-0.5517946586078855,Cell type 1,Sample 2
-0.21462221014933092,0.2942766348853599,Cell type 1,Sample 3
0.20186504516830472,-0.012097803195458083,Cell type 1,Sample 1
0.6910794955187636,0.3243549437948213,Cell type 1,Sample 2
-0.3150124897669472,0.3659777512549229,Cell type 1,Sample 3
-0.05726992262630894,0.6189081559867309,Cell type 1,Sample 1
0.024430035162852165,0.02029584560194119,Cell type 1,Sample 2
-0.27219136226259133,0.05546129485493304,Cell type 1,Sample 3
-0.2549033465954413,0.017220505852920676,Cell type 1,Sample 1
-0.3205571301123224,1.4121652955015231,Cell type 1,Sample 2
0.4360985000364889,-0.1575433655970543,Cell type 1,Sample 3
0.02261135449999128,0.02559895094054267,Cell type 1,Sample 1
-0.2628154669926922,0.016203506670068108,Cell type 1,Sample 2
-0.4775612896746765,0.21179953279673053,Cell type 1,Sample 3
-0.01365226975496593,-0.466633979536598,Cell type 1,Sample 1
0.34102603285630995,0.7436230776679637,Cell type 1,Sample 2
0.00920918959477585,0.8382186561376413,Cell type 1,Sample 3
-1.3516161464996186,0.3389376597654538,Cell type 1,Sample 1
0.3095771305025989,1.0287477348558494,Cell type 1,Sample 2
-0.8509511150091678,-0.28066899822110297,Cell type 1,Sample 3
0.47656831695662255,0.1435620826009121,Cell type 1,Sample 1
-0.5001656623027874,-0.33887248526242575,Cell type 1,Sample 2
0.1482877725703809,0.23159239763379236,Cell type 1,Sample 3
-0.09685268990248103,0.2701439720178477,Cell type 1,Sample 1
0.602997258273408,0.3887036763822556,Cell type 1,Sample 2
-0.3257090018072242,-0.24194291702716078,Cell type 1,Sample 3
0.14544852879500295,-0.9977658902258693,Cell type 1,Sample 1
0.609097355877128,0.5286841526891125,Cell type 1,Sample 2
-0.4761581903693985,-0.33849756922926566,Cell type 1,Sample 3
-0.04929406614213087,0.009424811472423831,Cell type 1,Sample 1
0.11981375911949897,0.36652714073299925,Cell type 1,Sample 2
0.022785919951906892,-0.32580017380290854,Cell type 1,Sample 3
0.657754145470052,0.10524814946075181,Cell type 1,Sample 1
-0.9994444534306249,0.017014793173340495,Cell type 1,Sample 2
0.740980384218268,-0.14160901947261628,Cell type 1,Sample 3
0.00921696653269658,0.17379085268083552,Cell type 1,Sample 1
-0.24846601255898912,-0.09128448718977056,Cell type 1,Sample 2
-0.036986431797189016,-0.03783280216291513,Cell type 1,Sample 3
0.7310979693588184,0.22431788225726365,Cell type 1,Sample 1
0.07856395949547042,0.08809491125134619,Cell type 1,Sample 2
-1.325484904196506,0.5457534259612309,Cell type 1,Sample 3
-0.7109053333709219,0.7506668259777434,Cell type 1,Sample 1
0.3107859449280254,-0.18480516802181698,Cell type 1,Sample 2
0.24037228988399198,0.7483552037229907,Cell type 1,Sample 3
0.26326834183615355,-0.23870535309640023,Cell type 1,Sample 1
0.15190929780243786,0.36078125256307175,Cell type 1,Sample 2
-0.5256100148912514,-1.2658846581254068,Cell type 1,Sample 3
-0.05365107200211444,0.2238584629051388,Cell type 1,Sample 1
0.5415256215876385,0.5269010260174515,Cell type 1,Sample 2
-0.2268181937958414,0.8631132728178162,Cell type 1,Sample 3
-0.26938041867304785,-0.12747348520179466,Cell type 1,Sample 1
-0.6748865346906155,0.8840846465298917,Cell type 1,Sample 2
-0.49497889627600694,-0.01750380500311795,Cell type 1,Sample 3
-0.2999110116599247,-0.7793934975119208,Cell type 1,Sample 1
-0.4092143329710007,0.766183862339058,Cell type 1,Sample 2
0.5280284045330259,0.11161945706457983,Cell type 1,Sample 3
0.14873102655890827,0.06974889807372943,Cell type 1,Sample 1
0.2550787344575917,0.6362850814642848,Cell type 1,Sample 2
0.7098015022568186,-0.3002117828693526,Cell type 1,Sample 3
0.6318533388273343,-0.4231579887328679,Cell type 1,Sample 1
0.6154372565773675,0.8425071393542547,Cell type 1,Sample 2
0.09485308380519783,-0.33099108889830453,Cell type 1,Sample 3
0.357304895318309,-1.024970639288739,Cell type 1,Sample 1
-0.6834291816404132,0.29628363692366533,Cell type 1,Sample 2
0.30336152956809137,-0.09159830936019393,Cell type 1,Sample 3
-0.13426532395291615,-0.4455961127076437,Cell type 1,Sample 1
0.16083927068825005,0.08402990298341012,Cell type 1,Sample 2
0.035783118609696234,-0.23882872338255834,Cell type 1,Sample 3
-0.1852540492950145,-0.702783509589321,Cell type 1,Sample 1
-0.7783145867619519,0.3030049756728198,Cell type 1,Sample 2
0.5609289281152354,1.1600203610086297,Cell type 1,Sample 3
0.4990050549298261,-1.4481276890968446,Cell type 1,Sample 1
0.17889368017414164,0.2803922631841172,Cell type 1,Sample 2
0.26056121418966915,0.3226077929750285,Cell type 1,Sample 3
0.16927643814295712,-0.4689627882681994,Cell type 1,Sample 1
-0.724006950208122,-1.099402978310041,Cell type 1,Sample 2
0.5154997612479755,0.4656400595580993,Cell type 1,Sample 3
0.16159274122910294,0.6419084299267807,Cell type 1,Sample 1
-0.3899264731108194,0.5409924046249711,Cell type 1,Sample 2
0.13103340454336276,-0.9747808588771836,Cell type 1,Sample 3
-0.06562848354615236,0.03842594147938411,Cell type 1,Sample 1
-0.40480175996082307,0.21203052223204485,Cell type 1,Sample 2
0.8061103141277122,0.44841965793276595,Cell type 1,Sample 3
-0.5129340529847382,0.03116567480956148,Cell type 1,Sample 1
-0.001393055333450619,-0.26654520100791657,Cell type 1,Sample 2
-0.6640930244492153,0.09843061793456176,Cell type 1,Sample 3
0.11449819622967013,-0.9289507256991436,Cell type 1,Sample 1
0.2535101360676784,-0.028697682537018005,Cell type 1,Sample 2
-0.29468237847210577,0.4248010485105123,Cell type 1,Sample 3
-0.4823527128753574,0.8142342773861608,Cell type 1,Sample 1
-0.88811761644916,0.20432640574033542,Cell type 1,Sample 2
1.1385432490266523,-0.617255999211198,Cell type 1,Sample 3
0.32888158807518686,-0.03476614312113469,Cell type 1,Sample 1
-0.1297956756818024,-0.7515714765590531,Cell type 1,Sample 2
-0.7744802625267375,0.12898799061059044,Cell type 1,Sample 3
0.24309239578096944,-0.9746858776612116,Cell type 1,Sample 1
0.44070376446178555,0.3605676812727908,Cell type 1,Sample 2
-0.482832401761604,0.8145831824504726,Cell type 1,Sample 3
-0.02829424444994792,0.6094853948968316,Cell type 1,Sample 1
0.048538774674020194,0.4843224952664446,Cell type 1,Sample 2
-0.9523373467327318,0.7222060975275437,Cell type 1,Sample 3
-0.23385060065594568,0.1732519408653579,Cell type 1,Sample 1
0.514706550477663,0.398350963535371,Cell type 1,Sample 2
-0.33271114906473026,0.3609517427190707,Cell type 1,Sample 3
1.0370413348749867,-0.4596922957932117,Cell type 1,Sample 1
0.5393404167156478,-0.019254234750353604,Cell type 1,Sample 2
-0.8137712189415813,0.024042473330690997,Cell type 1,Sample 3
-0.22297185693058008,0.056570228526511404,Cell type 1,Sample 1
-0.36968570372951814,0.5959496672067864,Cell type 1,Sample 2
0.6296166198933995,0.5732204352003638,Cell type 1,Sample 3
-0.06546290256306325,0.5641198916344188,Cell type 1,Sample 1
0.132010040666835,0.6361767500533839,Cell type 1,Sample 2
-0.955658445831252,0.04648962326470483,Cell type 1,Sample 3
0.5420991220217714,0.10515152011099768,Cell type 1,Sample 1
0.3401080527252247,0.5962537562389875,Cell type 1,Sample 2
-0.7627625854623694,-0.3459540349406222,Cell type 1,Sample 3
0.20471926532112614,-0.1383358858595727,Cell type 1,Sample 1
0.5831852728346261,0.26548783098204526,Cell type 1,Sample 2
-0.32532128456091347,-0.24356269188234803,Cell type 1,Sample 3
-0.40911034161673626,1.0461936378427301,Cell type 1,Sample 1
0.29363120673208837,-0.10281392682162382,Cell type 1,Sample 2
0.35987897107409095,-0.6466364789355818,Cell type 1,Sample 3
-0.21187984101135163,-0.22670705419192702,Cell type 1,Sample 1
-0.3009722209675885,-0.31661569835748854,Cell type 1,Sample 2
0.9520682947865035,0.8129794576810316,Cell type 1,Sample 3
0.1433870561912931,-0.07360263934279863,Cell type 1,Sample 1
0.19789942435487354,0.13177540597739248,Cell type 1,Sample 2
-0.4378091266923786,-0.691399865482168,Cell type 1,Sample 3
-0.07502779351626336,0.06278822673577113,Cell type 1,Sample 1
-0.16394735825645892,0.07759534192948957,Cell type 1,Sample 2
0.4077505112221313,-0.024044253665386293,Cell type 1,Sample 3
0.9862710883949041,-0.692993971199499,Cell type 1,Sample 1
0.086590462925591,0.1926586898644184,Cell type 1,Sample 2
0.5917468334449639,-0.5890204336881903,Cell type 1,Sample 3
0.12469184185537763,0.7887266398817372,Cell type 1,Sample 1
0.04432879548071872,0.0986578537027978,Cell type 1,Sample 2
-1.6206336700345363,-0.5121938206671449,Cell type 1,Sample 3
-0.428174259140602,-0.30581686834727956,Cell type 1,Sample 1
-0.6282534471396282,0.40660259337398863,Cell type 1,Sample 2
0.24993206187018568,-0.6996530874009708,Cell type 1,Sample 3
-0.1281703391862461,-0.26902387924506926,Cell type 1,Sample 1
0.1476399703104342,-0.38824957024650014,Cell type 1,Sample 2
0.3132173362269721,-0.03995422633127485,Cell type 1,Sample 3
0.7643739252704542,-0.04052298236087188,Cell type 1,Sample 1
-0.035082855729323514,-0.8304804667579957,Cell type 1,Sample 2
-0.250892096405766,-0.6862327739420504,Cell type 1,Sample 3
0.5134473091289572,0.2997887706226779,Cell type 1,Sample 1
0.19771049269401908,-0.47878447750760594,Cell type 1,Sample 2
0.1753150496367796,0.24459356507383176,Cell type 1,Sample 3
0.22794388604080382,1.082501172450542,Cell type 1,Sample 1
-0.6585659599732925,0.3880139569217377,Cell type 1,Sample 2
0.8388504070382203,-0.2767941208539973,Cell type 1,Sample 3
-0.8305417077835863,0.2516260323747524,Cell type 1,Sample 1
0.08760570945425603,1.492629501301705,Cell type 1,Sample 2
-0.5637480494765194,0.5639544966267845,Cell type 1,Sample 3
-0.2882552003633597,-1.295521146072455,Cell type 1,Sample 1
-0.13432287665487128,-0.9181798918851987,Cell type 1,Sample 2
0.11992887292464831,0.24315499667511078,Cell type 1,Sample 3
-0.9155724391691751,-0.6142219156328813,Cell type 1,Sample 1
0.16104115538349273,-0.00554600197430103,Cell type 1,Sample 2
1.1573292833367543,-0.933632596295874,Cell type 1,Sample 3
-0.24041689475598968,0.3480839985796445,Cell type 1,Sample 1
0.18557293668565442,-0.3019925933579103,Cell type 1,Sample 2
1.3221716735085174,-0.7514851641975766,Cell type 1,Sample 3
-0.18529138120039143,-0.6740235559700836,Cell type 1,Sample 1
0.4262343217164753,-0.6145917989002081,Cell type 1,Sample 2
-0.2982057039844398,-0.14959088621371724,Cell type 1,Sample 3
0.8555144045953939,0.2619802560383674,Cell type 1,Sample 1
-0.22325747603351054,0.42819939716173616,Cell type 1,Sample 2
-0.4923273924236312,-0.3962617235576063,Cell type 1,Sample 3
0.10042254655785479,0.05039553632240315,Cell type 1,Sample 1
0.15131773261951662,-0.37713792500967896,Cell type 1,Sample 2
0.36141344749275606,0.05589957910169413,Cell type 1,Sample 3
0.7890590287810922,0.4927248428076092,Cell type 1,Sample 1
-0.8516912196775773,-0.02777384944830939,Cell type 1,Sample 2
-0.2632658435480215,-0.26178799420329146,Cell type 1,Sample 3
0.5714114072575103,0.37596651634338707,Cell type 1,Sample 1
-0.3134835288938837,0.9062242789984644,Cell type 1,Sample 2
0.9354825876858911,0.19480708868545193,Cell type 1,Sample 3
0.6996777182930011,0.4623168414563844,Cell type 1,Sample 1
-0.0864730299617115,0.8558542400711717,Cell type 1,Sample 2
0.22209916364533594,0.5506614788678811,Cell type 1,Sample 3
0.375436389700666,0.3272155135528106,Cell type 1,Sample 1
0.995776651102367,-0.4160306524249283,Cell type 1,Sample 2
0.5035786002983346,0.25899738819572593,Cell type 1,Sample 3
-0.20591168448182864,0.06596398338597853,Cell type 1,Sample 1
0.36781099862287336,0.89089945438553,Cell type 1,Sample 2
0.066484837073438,-0.3500604074695866,Cell type 1,Sample 3
0.22866214054338274,1.0491107372733735,Cell type 1,Sample 1
-0.49480241012929044,-0.06289346004982407,Cell type 1,Sample 2
-0.2945560663905635,-0.46779814938121295,Cell type 1,Sample 3
-0.257391337457371,0.12176510209317232,Cell type 1,Sample 1
-0.009818899463340608,0.2762449772085739,Cell type 1,Sample 2
0.08238042061825837,0.02544385092800903,Cell type 1,Sample 3
-0.3047561010796416,-0.093485651492723,Cell type 1,Sample 1
0.254304186616721,-0.2151546599773212,Cell type 1,Sample 2
0.23817888467810963,0.2527350795833134,Cell type 1,Sample 3
0.2299860714695582,-0.33885768487605306,Cell type 1,Sample 1
0.25752384315302396,1.9263657453273606,Cell type 1,Sample 2
-0.01977757692832752,0.3407503486863122,Cell type 1,Sample 3
0.6892348137307523,0.05791229361347305,Cell type 1,Sample 1
-0.3029304103794467,0.8596889531036483,Cell type 1,Sample 2
-1.5038161698468786,0.28558970310960435,Cell type 1,Sample 3
1.2866799016249302,0.02960921700724413,Cell type 1,Sample 1
0.1403182022450682,0.8793102420975667,Cell type 1,Sample 2
-0.45031036732393437,0.3191959628041915,Cell type 1,Sample 3
-0.468253187394798,-0.3338897782344431,Cell type 1,Sample 1
-0.17127460042888248,0.08523188549828545,Cell type 1,Sample 2
-0.0954361097765899,-0.09909783818985994,Cell type 1,Sample 3
-0.8038305135590293,0.09237028944786223,Cell type 1,Sample 1
-0.01571958518738821,-0.4242143170954073,Cell type 1,Sample 2
-0.8160074425132087,-0.4524739164690331,Cell type 1,Sample 3
0.1002298157068645,0.30445267812731597,Cell type 1,Sample 1
-0.01177607543711906,-0.08717712895141792,Cell type 1,Sample 2
0.31205990852607757,0.31417275463213995,Cell type 1,Sample 3
-0.28683100344011814,-0.27342947062019607,Cell type 1,Sample 1
0.00080951567847056,0.20738644539439546,Cell type 1,Sample 2
-0.5946162325385645,0.5269928855914381,Cell type 1,Sample 3
0.7991609038205165,0.3667739067529329,Cell type 1,Sample 1
0.0219057359895548,-0.07350100081424431,Cell type 1,Sample 2
-0.44767316118151207,-0.2040504195801103,Cell type 1,Sample 3
-0.3186538735143974,0.22919335177574213,Cell type 1,Sample 1
0.1998439758763208,-0.3256784468959145,Cell type 1,Sample 2
-1.0891056598657152,-0.26473348175350414,Cell type 1,Sample 3
-0.3003193449594025,-0.1458468748966384,Cell type 1,Sample 1
-0.4850621301898218,-0.1987788827458607,Cell type 1,Sample 2
0.44344369504865017,-0.21038089684052663,Cell type 1,Sample 3
-0.32298208956226765,-0.3995960033251268,Cell type 1,Sample 1
0.7234889421768664,0.09827738825578732,Cell type 1,Sample 2
-0.4967947577970181,0.06796228360917399,Cell type 1,Sample 3
0.29342854690013515,1.0952278129049893,Cell type 1,Sample 1
-0.8978215863150075,-0.16504509585071864,Cell type 1,Sample 2
0.2782765622668791,-0.6677407845499457,Cell type 1,Sample 3
-0.5181546236868851,-0.10173057054015244,Cell type 1,Sample 1
0.31688844046604925,0.20689954872574912,Cell type 1,Sample 2
0.12465429782086443,0.5225442370423767,Cell type 1,Sample 3
0.16390553678706166,0.4762390784764027,Cell type 1,Sample 1
-0.9259213657873293,0.39179483239930335,Cell type 1,Sample 2
-0.4912436967691548,-0.1123165749985123,Cell type 1,Sample 3
0.24560383270599814,-0.17901468987349312,Cell type 1,Sample 1
0.07433372860105578,-0.16854298555901967,Cell type 1,Sample 2
-0.12448207423953675,0.4857854754771777,Cell type 1,Sample 3
0.7814443842540989,-0.1369965409146521,Cell type 1,Sample 1
0.09554953400995167,0.023218274078074405,Cell type 1,Sample 2
0.2844915395926377,0.814198311564269,Cell type 1,Sample 3
-0.06186634004987831,0.22890280496289236,Cell type 1,Sample 1
-0.5448165186711942,-0.3923809540638517,Cell type 1,Sample 2
-0.06904116733074088,0.29556805896196625,Cell type 1,Sample 3
-0.8032231601287863,0.10173181793361155,Cell type 1,Sample 1
0.019001739084100144,0.06001566335913065,Cell type 1,Sample 2
-0.10693758377731945,0.4851581008941407,Cell type 1,Sample 3
-0.6211232667746146,-0.5627935570159845,Cell type 1,Sample 1
-0.38643883391180456,0.20352614356226756,Cell type 1,Sample 2
0.46175430802368433,-0.5253116609139006,Cell type 1,Sample 3
-0.02738918016941255,-0.46120649242197664,Cell type 1,Sample 1
0.6230425962488145,-1.0366951162040747,Cell type 1,Sample 2
0.34816143104016173,0.13939990619273035,Cell type 1,Sample 3
-0.15259442274037588,0.5234558972440697,Cell type 1,Sample 1
0.15402526975205116,-0.19582428371089555,Cell type 1,Sample 2
-0.5516833030869368,-1.0764452964762414,Cell type 1,Sample 3
0.09629845936565257,1.1960548176369963,Cell type 1,Sample 1
0.41139139041700123,-0.48132550595948814,Cell type 1,Sample 2
0.5202154463224195,-0.9775243851591414,Cell type 1,Sample 3
0.33643061798340995,0.295907066870689,Cell type 1,Sample 1
0.4801523981407352,0.23124181203342703,Cell type 1,Sample 2
0.39169525464129773,-0.12576944302224785,Cell type 1,Sample 3
0.6613722334425678,-0.08456134282140819,Cell type 1,Sample 1
-0.02796022426110656,0.16897876411605914,Cell type 1,Sample 2
-0.8905792072328167,-1.1152340095622295,Cell type 1,Sample 3
-0.17135725826338474,-0.40113863461080945,Cell type 1,Sample 1
0.7952017842868193,-0.28457409933626693,Cell type 1,Sample 2
-0.04414102417562741,1.2898546688271593,Cell type 1,Sample 3
0.34317677750726655,-0.41944633701286815,Cell type 1,Sample 1
0.07479897875939402,0.048913587353961334,Cell type 1,Sample 2
-0.33846100015297936,0.30583814442043394,Cell type 1,Sample 3
0.16222930217625853,-0.9019313962811825,Cell type 1,Sample 1
-0.3999702533509671,-0.9540010685616538,Cell type 1,Sample 2
0.6882482250097689,0.15656607000657766,Cell type 1,Sample 3
0.3910650007657296,-0.39544969083377657,Cell type 1,Sample 1
0.0006027376811121184,-0.4085443155340953,Cell type 1,Sample 2
0.5187699721289496,-0.2550081994273735,Cell type 1,Sample 3
-0.3088259477171751,-0.15803642801352488,Cell type 1,Sample 1
0.1621701050074341,-0.26636274910845176,Cell type 1,Sample 2
0.17335498880245995,1.2557782757922118,Cell type 1,Sample 3
-0.04831183500744486,-0.2079834639736793,Cell type 1,Sample 1
0.21077304176828063,0.13340919814770094,Cell type 1,Sample 2
0.08543271906397093,-0.09199166817633957,Cell type 1,Sample 3
-0.7589368733404047,-0.1785146004033047,Cell type 1,Sample 1
-0.2849164641193794,0.16475436778650457,Cell type 1,Sample 2
-0.0404586688313441,-1.5852128679390278,Cell type 1,Sample 3
1.109390116724067,-0.07952260520002565,Cell type 1,Sample 1
-0.5718631036603309,0.05427985288826157,Cell type 1,Sample 2
0.3733056823010786,0.16278890839353505,Cell type 1,Sample 3
0.0392885148595749,-1.064367047207406,Cell type 1,Sample 1
-0.08792720221603559,0.8307350828640091,Cell type 1,Sample 2
-0.8865162341034407,0.6309607503569958,Cell type 1,Sample 3
0.01569793276638822,0.8037891531997552,Cell type 1,Sample 1
0.4254489810839861,-0.06868589419969832,Cell type 1,Sample 2
-0.7550206059926261,-0.1102691145782687,Cell type 1,Sample 3
0.23397521106592586,-0.5851403531983874,Cell type 1,Sample 1
0.3720959857499684,-0.0906120866090515,Cell type 1,Sample 2
-0.14241846887110068,-0.053097045019876575,Cell type 1,Sample 3
0.02850656244854225,0.13429613943162846,Cell type 1,Sample 1
0.3435328979294581,0.7332704296393014,Cell type 1,Sample 2
0.18364365670067032,0.9190918383975613,Cell type 1,Sample 3
0.12524642517293827,0.17322410474848784,Cell type 1,Sample 1
0.5400280295696551,0.4713942570700378,Cell type 1,Sample 2
0.05268775307297995,-0.6670127474591022,Cell type 1,Sample 3
-0.7333925953078385,-0.25070107344281833,Cell type 1,Sample 1
0.16692998328426734,0.7156833909155917,Cell type 1,Sample 2
-0.03131978866361743,0.12156172925644654,Cell type 1,Sample 3
-0.45438483540398666,0.8422624173017259,Cell type 1,Sample 1
-0.3509958439033777,-0.3314504587754741,Cell type 1,Sample 2
0.08270183014985212,-0.6910087843462188,Cell type 1,Sample 3
0.5697777680127346,-0.19368098227640562,Cell type 1,Sample 1
0.2757381376197616,0.1702946082002484,Cell type 1,Sample 2
0.09093312752924758,0.12411029315016804,Cell type 1,Sample 3
-0.318869992125658,-0.2654984775009088,Cell type 1,Sample 1
-0.31188448034790256,0.9570156769333931,Cell type 1,Sample 2
-0.23691967353545806,-0.007226135439139552,Cell type 1,Sample 3
0.542947782915789,0.2373491164399764,Cell type 1,Sample 1
0.3352403086206063,-0.5359286165200777,Cell type 1,Sample 2
-0.6249101697946821,-0.1326187702351011,Cell type 1,Sample 3
0.8175331972637597,0.6558467246363305,Cell type 1,Sample 1
0.09545826207185534,-0.01816530402117087,Cell type 1,Sample 2
0.11701222717657397,-0.12426430903722469,Cell type 1,Sample 3
0.06932259185504225,-0.5430631495907049,Cell type 1,Sample 1
0.17083011597631317,-0.13565748903414873,Cell type 1,Sample 2
-0.6222712500423614,0.11643404371344912,Cell type 1,Sample 3
0.29295210058232457,-0.368385067973811,Cell type 1,Sample 1
0.46609578213019237,-0.11827764360947302,Cell type 1,Sample 2
-0.3067938026813972,0.09812047033336023,Cell type 1,Sample 3
0.039317595158045296,-0.9991003422660538,Cell type 1,Sample 1
-0.8274437181141481,-0.48002314763973186,Cell type 1,Sample 2
-1.0125712933288036,0.09322715738471382,Cell type 1,Sample 3
-0.5481375434476009,-0.7200254412971472,Cell type 1,Sample 1
-0.23230864864919654,0.10057982793641965,Cell type 1,Sample 2
-0.6354758605461414,-0.1892898716065771,Cell type 1,Sample 3
0.536815874929886,-0.5132576497055301,Cell type 1,Sample 1
-0.11546726510433898,0.3481031824067092,Cell type 1,Sample 2
-0.07516023013593603,-0.16334810659318202,Cell type 1,Sample 3
-0.06214288858121814,-0.10569211490898449,Cell type 1,Sample 1
0.808606287484312,0.052177968761606464,Cell type 1,Sample 2
-0.205259241364865,0.9094492661001624,Cell type 1,Sample 3
0.7266377380212723,-0.039115329529258905,Cell type 1,Sample 1
0.03011510497051322,1.231621056242643,Cell type 1,Sample 2
1.5760283672560425,-0.561747016619799,Cell type 1,Sample 3
-0.19496185327972265,0.07902674496006593,Cell type 1,Sample 1
0.07766249959970073,0.19907363256126856,Cell type 1,Sample 2
-0.39162664616811854,-0.1610307581028378,Cell type 1,Sample 3
-0.12430792688333868,0.3133068186315354,Cell type 1,Sample 1
0.9617228974124766,-0.38730748500929096,Cell type 1,Sample 2
0.5865623187933207,0.18482109609904696,Cell type 1,Sample 3
0.4297924361717781,0.03990074202936655,Cell type 1,Sample 1
0.594298411543504,0.9246810706931905,Cell type 1,Sample 2
0.3452363430607565,0.13280849658626673,Cell type 1,Sample 3
-0.01994719187585596,-0.7021197831307944,Cell type 1,Sample 1
0.9770787168751431,-0.25287335213096834,Cell type 1,Sample 2
-0.8089003069076686,0.19038903568252585,Cell type 1,Sample 3
0.5159222697343174,-0.742780186518486,Cell type 1,Sample 1
0.5898626041803551,0.09705381547667885,Cell type 1,Sample 2
-0.20484329631474868,0.35616107979008105,Cell type 1,Sample 3
0.053584957629798105,-0.5392563706822986,Cell type 1,Sample 1
0.579690521650261,0.486550780507536,Cell type 1,Sample 2
0.4847286002633684,0.21359718093584243,Cell type 1,Sample 3
0.7255718038975209,0.47963541304260343,Cell type 1,Sample 1
-0.02695242450286958,-0.4911517901886573,Cell type 1,Sample 2
-0.29026172490236135,0.2942892022103048,Cell type 1,Sample 3
-0.003986320658308686,0.7399720694450129,Cell type 1,Sample 1
-0.2847248872460552,-0.062010693694998516,Cell type 1,Sample 2
0.4880203596779733,0.6997432134861715,Cell type 1,Sample 3
0.014595251967783723,0.34898701506504876,Cell type 1,Sample 1
-0.6825108977133176,0.35074739096235724,Cell type 1,Sample 2
0.18019669750904008,0.2521439266921362,Cell type 1,Sample 3
-0.36711666098551893,-0.07076481866892372,Cell type 1,Sample 1
-0.8127720167810305,-1.2532857852683583,Cell type 1,Sample 2
-0.25626705532327504,-0.4007637950522708,Cell type 1,Sample 3
-0.79121398701182,0.4084185057154906,Cell type 1,Sample 1
-0.938276353020937,0.3098557229830681,Cell type 1,Sample 2
-0.12016269907906751,-0.18741040377479876,Cell type 1,Sample 3
-0.4597121171169016,0.7749672025087697,Cell type 1,Sample 1
-1.2769605674509774,0.46715995561963686,Cell type 1,Sample 2
-0.04597839130213293,0.008012641147580213,Cell type 1,Sample 3
0.796334999141442,0.009672035405877145,Cell type 1,Sample 1
0.39658784410933867,-0.06102856606063863,Cell type 1,Sample 2
0.1537017848598442,-0.41230612521738047,Cell type 1,Sample 3
-0.625769712095222,0.7218823020366297,Cell type 1,Sample 1
0.2397537740008043,0.36447059728522513,Cell type 1,Sample 2
0.2541343198372948,1.9631188532181634,Cell type 1,Sample 3
-0.45286615043130946,-0.3268831693244099,Cell type 1,Sample 1
-0.08153348197188194,-0.37245132240322454,Cell type 1,Sample 2
-0.004056600805875145,0.07904461266159221,Cell type 1,Sample 3
-0.3124092888478394,0.013045525105416893,Cell type 1,Sample 1
0.20937998006374828,0.11029176886868039,Cell type 1,Sample 2
0.6852680719983567,0.34760145004199966,Cell type 1,Sample 3
-0.4746994444159715,1.3161910324186954,Cell type 1,Sample 1
-0.9561274877098884,-0.034317023042734304,Cell type 1,Sample 2
0.2654471571079747,0.429069535467008,Cell type 1,Sample 3
-0.7596730377384212,-1.4160777990552844,Cell type 1,Sample 1
-0.18247636477144266,-0.4196048336695032,Cell type 1,Sample 2
0.19340426034460131,0.5454902125929835,Cell type 1,Sample 3
-0.6989027392121485,0.6012882526126138,Cell type 1,Sample 1
0.5763240516308462,-0.608701896748476,Cell type 1,Sample 2
0.7382701748629479,0.6900456770737258,Cell type 1,Sample 3
-0.029913071764951848,0.2467801021671458,Cell type 1,Sample 1
0.5516087860268291,0.7209712009763004,Cell type 1,Sample 2
-1.41651514507137,0.6795947470820125,Cell type 1,Sample 3
-0.9755509320193124,0.0717939682525801,Cell type 1,Sample 1
0.3445822285371678,-0.34181714114319384,Cell type 1,Sample 2
-0.3400123607892454,0.11612684858050178,Cell type 1,Sample 3
0.9366488881087728,0.5400240328573243,Cell type 1,Sample 1
0.12190035688559941,-0.2820393153683642,Cell type 1,Sample 2
-0.1743260672039296,-0.1746288521592144,Cell type 1,Sample 3
0.5147202779635203,-0.16844756339256928,Cell type 1,Sample 1
0.8367209428114926,0.22087336818877862,Cell type 1,Sample 2
0.12156732756924454,-0.23510166939265567,Cell type 1,Sample 3
-0.23290278455908142,-0.07541885578334766,Cell type 1,Sample 1
-0.31768119441281467,-0.5948333295451806,Cell type 1,Sample 2
-0.21638694179419432,0.3969092335719078,Cell type 1,Sample 3
-0.6180678980152312,0.6271691803786698,Cell type 1,Sample 1
-0.5969625031995277,0.07147154738185338,Cell type 1,Sample 2
-0.3498627539962928,0.106989955367111,Cell type 1,Sample 3
0.15383832670055692,-0.5477596944227812,Cell type 1,Sample 1
0.10476711513139716,-0.5458125860795513,Cell type 1,Sample 2
0.6089795761527792,-0.256598182256698,Cell type 1,Sample 3
-0.11242652789742597,-0.46439604072622936,Cell type 1,Sample 1
-0.9105430346472482,-0.29883384162742854,Cell type 1,Sample 2
0.583754911493223,-0.3619823652338937,Cell type 1,Sample 3
-0.13999665093723987,-0.6395153681098932,Cell type 1,Sample 1
0.47656252268804333,0.2565427100486465,Cell type 1,Sample 2
-0.39523722772265596,0.23573417856799786,Cell type 1,Sample 3
0.6234458577673597,-0.031002004683015873,Cell type 1,Sample 1
-0.3576518546299841,0.3397988744673379,Cell type 1,Sample 2
0.06318978977320591,0.9694644995291424,Cell type 1,Sample 3
-0.3143271525372851,-0.13875680943011673,Cell type 1,Sample 1
0.17091260697748326,-0.030018770844282255,Cell type 1,Sample 2
0.8740685345604177,0.520030909951288,Cell type 1,Sample 3
0.9823625664581946,0.017631775985864306,Cell type 1,Sample 1
0.054697397302446445,0.362883311949346,Cell type 1,Sample 2
0.21747051918394933,-0.1969933406215602,Cell type 1,Sample 3
0.8435708175362824,0.44081987847472526,Cell type 1,Sample 1
-0.6735631447648482,-0.48580701925532577,Cell type 1,Sample 2
0.3802530597920713,-0.8714737652433325,Cell type 1,Sample 3
-0.38353372770015026,-0.3019191487465933,Cell type 1,Sample 1
1.1362173602234409,0.44451856113994603,Cell type 1,Sample 2
0.30510808479461127,0.07848648048421711,Cell type 1,Sample 3
1.0441873523903638,-0.06979481407758688,Cell type 1,Sample 1
-0.39777853397044116,0.2121969689305063,Cell type 1,Sample 2
0.42036724106477463,0.1039012536766567,Cell type 1,Sample 3
0.5292122434247939,-0.8793697432115571,Cell type 1,Sample 1
-0.9539037789386955,-0.43019250538975096,Cell type 1,Sample 2
0.3357655858645267,0.7640156796939164,Cell type 1,Sample 3
-0.012513479372571959,0.40888314960014355,Cell type 1,Sample 1
0.33270841184588934,0.9706087182318746,Cell type 1,Sample 2
0.13834539966500953,0.4135916245180119,Cell type 1,Sample 3
0.7752502464070384,-0.4991770203693955,Cell type 1,Sample 1
0.46656403617053466,-0.11136035038830353,Cell type 1,Sample 2
1.0066936237633115,0.06826766554136872,Cell type 1,Sample 3
-0.2144239628030367,0.20791841814303025,Cell type 1,Sample 1
1.042356460615508,-0.5039558477141031,Cell type 1,Sample 2
-0.008211448036376037,0.594196636724042,Cell type 1,Sample 3
-0.41225708076383677,-0.3042948616198502,Cell type 1,Sample 1
-0.6197811430401198,-0.7514353043411947,Cell type 1,Sample 2
0.48921105601401754,0.2610712729669679,Cell type 1,Sample 3
0.27775632317112414,-0.4593432557430472,Cell type 1,Sample 1
0.8694256759266656,-0.16062138305895585,Cell type 1,Sample 2
-0.36086877666862666,0.08841043606969899,Cell type 1,Sample 3
0.5535403346434864,-0.06019058197679912,Cell type 1,Sample 1
-0.5052991099644567,-0.2576091969041214,Cell type 1,Sample 2
0.21581581481879866,0.36983773405891684,Cell type 1,Sample 3
-0.34350704984974867,-0.6752779821714916,Cell type 1,Sample 1
-0.12134937391264088,-0.9450050855914714,Cell type 1,Sample 2
0.265513047447105,0.07443840195884555,Cell type 1,Sample 3
-0.7495079802292006,-0.045922382167477564,Cell type 1,Sample 1
0.1554537827990023,0.737678108474776,Cell type 1,Sample 2
-1.1330260470746414,-0.17538910280077707,Cell type 1,Sample 3
0.196317057825484,0.22679276175460922,Cell type 1,Sample 1
-0.617174435939961,-0.2962321295764471,Cell type 1,Sample 2
-0.06700858333645884,0.007344097364598547,Cell type 1,Sample 3
-0.8037799321844871,-0.3813623892831071,Cell type 1,Sample 1
-0.1770203554705119,-0.2868008864484505,Cell type 1,Sample 2
-0.19384995820428058,-0.20680783281482137,Cell type 1,Sample 3
0.11164045662768528,-0.5991960624760226,Cell type 1,Sample 1
-0.46998391457503325,0.23832552040027874,Cell type 1,Sample 2
-0.14712125281822883,0.678291692913991,Cell type 1,Sample 3
-0.43085153512812907,0.015015739582041086,Cell type 1,Sample 1
0.4350338653443771,0.24784094398630233,Cell type 1,Sample 2
0.5051372934180078,-0.022180727755780817,Cell type 1,Sample 3
0.6555837489013122,-0.1121594854390524,Cell type 1,Sample 1
-0.0615682176761338,0.30129013398917043,Cell type 1,Sample 2
-0.7670570853678111,0.6388384109492545,Cell type 1,Sample 3
-0.5557901247567756,-0.017912789353231467,Cell type 1,Sample 1
0.2557497876809307,0.9675770200301146,Cell type 1,Sample 2
0.12887627007137534,-0.6208802877408122,Cell type 1,Sample 3
-0.7663502799449654,-0.0981403256939684,Cell type 1,Sample 1
0.0960245582450158,-0.1545582321012507,Cell type 1,Sample 2
-0.16565419159166136,-0.30611836725387515,Cell type 1,Sample 3
0.3162038695277605,0.48627722481336494,Cell type 1,Sample 1
-0.22427141826393068,0.11927747688686959,Cell type 1,Sample 2
0.08378505290049515,0.5811297987528334,Cell type 1,Sample 3
0.723898209228933,0.4693200113394723,Cell type 1,Sample 1
-0.5531674870030141,-0.5981033120403354,Cell type 1,Sample 2
-0.5528523342429679,-0.10746051514436766,Cell type 1,Sample 3
-0.16538744801152636,-0.25508040682510863,Cell type 1,Sample 1
0.1948022620459939,-1.110210504467563,Cell type 1,Sample 2
-0.12939803133355118,0.7993235852523585,Cell type 1,Sample 3
0.732824384460777,-0.11288815024326783,Cell type 1,Sample 1
1.0623857015084808,0.6656695309942016,Cell type 1,Sample 2
-0.2900266206850215,0.11970225026768853,Cell type 1,Sample 3
-0.11947402343320487,-0.45378183102079894,Cell type 1,Sample 1
0.10530041964882089,-0.24423804005517985,Cell type 1,Sample 2
-0.2679007315261489,-0.8536789787964734,Cell type 1,Sample 3
-0.8464784070976927,-0.049169813397374945,Cell type 1,Sample 1
-0.23473719296747605,0.27128002179298233,Cell type 1,Sample 2
-0.3040030714686618,-0.507239863353707,Cell type 1,Sample 3
-0.05162738007452369,-0.8215944055770836,Cell type 1,Sample 1
-0.7394557843870644,0.09167995988957782,Cell type 1,Sample 2
-0.33819615102963485,0.9004702164554078,Cell type 1,Sample 3
0.19534796046407207,-0.6632360641555415,Cell type 1,Sample 1
-0.5350957814471659,0.8595203064209105,Cell type 1,Sample 2
0.5351825801149649,0.6359462109693282,Cell type 1,Sample 3
0.6384826930440939,0.16901174055085408,Cell type 1,Sample 1
-0.2809210496758495,0.23968047671471115,Cell type 1,Sample 2
-0.1474748391460139,0.6238710363368669,Cell type 1,Sample 3
-0.41803107605001233,0.7122479106234738,Cell type 1,Sample 1
0.6222825801776278,1.1157494555138743,Cell type 1,Sample 2
0.9741713223949066,0.5125545762908867,Cell type 1,Sample 3
0.6397593348800794,-1.1084094196770322,Cell type 1,Sample 1
-0.4634652357890415,-0.02976267803090004,Cell type 1,Sample 2
-0.10017628889708194,0.11592104606742402,Cell type 1,Sample 3
0.720972502900945,-0.2561871203383468,Cell type 1,Sample 1
0.0947908082993717,0.5005230462835706,Cell type 1,Sample 2
0.8356737877187381,-0.45068783994858724,Cell type 1,Sample 3
-0.5934966941528723,0.5289070904103981,Cell type 1,Sample 1
-0.6604391776886588,0.3857008974518833,Cell type 1,Sample 2
-0.1866842125015422,-0.2500989085479979,Cell type 1,Sample 3
-0.43792120324755507,-0.40289982744210234,Cell type 1,Sample 1
-0.24180856977771836,0.42089038739200635,Cell type 1,Sample 2
-0.06922799199188691,-0.6121491181446829,Cell type 1,Sample 3
0.12037658974428414,1.3008415570901974,Cell type 1,Sample 1
0.4198319322155944,-0.6787587699209675,Cell type 1,Sample 2
0.03392775526370165,0.42638683756110973,Cell type 1,Sample 3
-0.2221466300380558,0.1886502465224261,Cell type 1,Sample 1
0.04420344314592368,0.7387650405276309,Cell type 1,Sample 2
0.7136526821446082,-0.2097173763292753,Cell type 1,Sample 3
0.24103336366769307,0.18436657365875986,Cell type 1,Sample 1
0.34770123727514934,-0.5705042548763691,Cell type 1,Sample 2
-0.6340684024876563,-0.08412956724377077,Cell type 1,Sample 3
-0.5137017757630055,-0.18663412297065704,Cell type 1,Sample 1
-0.7687923982245877,-0.07245228954071566,Cell type 1,Sample 2
-0.03206917329649627,0.1643812051517402,Cell type 1,Sample 3
0.21613147531707774,0.23502209368410107,Cell type 1,Sample 1
0.4757246385290433,-0.18325351018402591,Cell type 1,Sample 2
-0.08895893790219908,-0.4564054596482565,Cell type 1,Sample 3
-0.2855894948913984,0.2862913906780793,Cell type 1,Sample 1
-0.3067013317704699,-0.15123484324406417,Cell type 1,Sample 2
0.34396648602571406,-0.30649163563534476,Cell type 1,Sample 3
-0.5754967887111514,0.18784900917283598,Cell type 1,Sample 1
0.7034673729458754,-0.24205924729240885,Cell type 1,Sample 2
-0.28781891311888697,0.06100490732268072,Cell type 1,Sample 3
-0.30325169410786984,0.22795209758535134,Cell type 1,Sample 1
-0.3057589014959741,-0.7033305484241111,Cell type 1,Sample 2
-0.11520035710288366,-0.4621165721341522,Cell type 1,Sample 3
0.6119743765730024,-0.09881023389798281,Cell type 1,Sample 1
-0.3594161938043652,0.37250265643864056,Cell type 1,Sample 2
0.5408833638364143,-0.6561095967157031,Cell type 1,Sample 3
-0.06382734075909506,-0.280303818423655,Cell type 1,Sample 1
-0.3868945995517865,-0.6223273516557085,Cell type 1,Sample 2
0.8393373366862831,-0.9558202753258785,Cell type 1,Sample 3
0.19203272446965364,-0.016347374047046555,Cell type 1,Sample 1
0.19620798358938352,-0.2544818128537494,Cell type 1,Sample 2
0.34103474503131564,0.06308895183098359,Cell type 1,Sample 3
0.47515379598678786,0.8553066862909626,Cell type 1,Sample 1
-0.38587040729839117,-0.248980923408921,Cell type 1,Sample 2
0.16039286296634195,0.09702597180293701,Cell type 1,Sample 3
-0.33417259742340083,-0.03053783567618805,Cell type 1,Sample 1
-0.4119677434859998,-0.35955472572459296,Cell type 1,Sample 2
-0.49584833172015524,-0.31644013744239596,Cell type 1,Sample 3
-0.44374608890105005,-0.21872915016170522,Cell type 1,Sample 1
0.5037219865975993,-0.6274613340011462,Cell type 1,Sample 2
-0.2752684247457918,-0.6103562129570793,Cell type 1,Sample 3
0.19722607118914842,-0.21049224041013148,Cell type 1,Sample 1
-0.7757561245294645,0.3310259173792366,Cell type 1,Sample 2
-0.3270378415637119,-0.9153164484282285,Cell type 1,Sample 3
0.4194702502348061,-0.3086265932734616,Cell type 1,Sample 1
0.8224838567506418,-0.12451801977818916,Cell type 1,Sample 2
-0.37024505316607925,0.43241221924550566,Cell type 1,Sample 3
-0.24557687357105235,-0.14243774668483541,Cell type 1,Sample 1
0.4485330984435661,0.6374375206393611,Cell type 1,Sample 2
-1.104140388114126,-0.11529319926180642,Cell type 1,Sample 3
0.28230296294680013,-0.5098321693460578,Cell type 1,Sample 1
0.18380992010485545,0.0740447098991381,Cell type 1,Sample 2
-0.008503037241915498,0.25251054413688345,Cell type 1,Sample 3
-0.6162156195820001,0.4762309852680847,Cell type 1,Sample 1
0.014715295838776092,0.25832222296798363,Cell type 1,Sample 2
0.022179398757803524,-0.872853716429826,Cell type 1,Sample 3
0.004391827449073908,-0.11884165848049215,Cell type 1,Sample 1
-0.3345363693299583,0.5199523436980382,Cell type 1,Sample 2
0.24735282688751623,0.19171751570182208,Cell type 1,Sample 3
0.9344089202719266,0.20985280417863295,Cell type 1,Sample 1
-0.9204371156658226,-0.6397884833678508,Cell type 1,Sample 2
0.7581970276267864,0.30105916019624174,Cell type 1,Sample 3
0.05092814763099335,0.7745100757475937,Cell type 1,Sample 1
0.14187551183075056,-0.4939366704503746,Cell type 1,Sample 2
0.27180007729721617,-0.18530716604305297,Cell type 1,Sample 3
1.190856765866273,0.41361805382871153,Cell type 1,Sample 1
-0.30378439588977796,0.7840912147636631,Cell type 1,Sample 2
0.08322610410652805,0.24622563200407455,Cell type 1,Sample 3
-0.49286302316777186,0.2520232577589222,Cell type 1,Sample 1
-0.0166149953222304,-0.10405842863626985,Cell type 1,Sample 2
-0.16956113963501937,0.18503055763447768,Cell type 1,Sample 3
-0.3340452268215244,0.4960211747682614,Cell type 1,Sample 1
0.30638695253128484,-0.5267077815868281,Cell type 1,Sample 2
-0.41767352662987867,1.0725745638866941,Cell type 1,Sample 3
0.25506218062503744,-0.32468240980694046,Cell type 1,Sample 1
0.23681603840572724,-0.4631905649907692,Cell type 1,Sample 2
-0.4419287181005665,0.07686255297276395,Cell type 1,Sample 3
-0.4257699898896594,0.0031365780922091423,Cell type 1,Sample 1
0.09258776841495703,0.21272243209208613,Cell type 1,Sample 2
-0.3362427980031681,0.11163541796013043,Cell type 1,Sample 3
-0.5405282702041312,0.5265764266664518,Cell type 1,Sample 1
0.779394592248447,-0.7652307048716884,Cell type 1,Sample 2
-0.15401714209287062,0.3898302661346699,Cell type 1,Sample 3
0.6262703655146153,-0.3895097107599928,Cell type 1,Sample 1
0.2965506289841919,-0.15477321965699514,Cell type 1,Sample 2
-0.024731854826216475,0.3374097460833019,Cell type 1,Sample 3
-0.06451705756489189,-0.42583108716719664,Cell type 1,Sample 1
-0.29443341336934803,-0.41863121552485016,Cell type 1,Sample 2
0.03601843064187238,-0.10610448495057584,Cell type 1,Sample 3
0.5195558937101343,-0.03788214326772994,Cell type 1,Sample 1
-1.464724345001134,1.0264860122508315,Cell type 1,Sample 2
0.1121698283890413,0.4520087773806572,Cell type 1,Sample 3
-1.086334773007018,0.4237108385752108,Cell type 1,Sample 1
-0.14878175167999597,0.6878534066558097,Cell type 1,Sample 2
-0.163336623754522,0.06237604983196725,Cell type 1,Sample 3
0.4127081744940149,0.40675481800031926,Cell type 1,Sample 1
-0.520096859907949,0.9725975371384665,Cell type 1,Sample 2
-0.15937415762306656,-0.5149059242709225,Cell type 1,Sample 3
0.8076878447347209,-0.16116023460566994,Cell type 1,Sample 1
0.1352284128899194,-0.025119054724568476,Cell type 1,Sample 2
0.5982857508322457,-0.07926478651348501,Cell type 1,Sample 3
0.3331348360217616,0.2889892618197786,Cell type 1,Sample 1
0.012109728336379034,0.7061102777077146,Cell type 1,Sample 2
-0.16506004698322516,-0.10583349096558844,Cell type 1,Sample 3
-0.01734244369339059,0.11710736626826038,Cell type 1,Sample 1
0.6085792604127482,0.7606580259612257,Cell type 1,Sample 2
-0.1576346223201728,0.3794846102466337,Cell type 1,Sample 3
0.5145778186628218,0.2362987412065215,Cell type 1,Sample 1
-0.1643092378744923,0.30159371554117154,Cell type 1,Sample 2
-0.5020703833760339,-0.3838987825520642,Cell type 1,Sample 3
0.6448763770413728,0.3365906756349792,Cell type 1,Sample 1
0.03868415382380915,-0.43064210066413183,Cell type 1,Sample 2
0.5482735591151269,-1.0956269255826405,Cell type 1,Sample 3
-0.4969313374174267,0.2100957714474958,Cell type 1,Sample 1
0.3039482548582696,0.09330456157817905,Cell type 1,Sample 2
-0.09866921015366305,-0.07563664182675585,Cell type 1,Sample 3
0.6921364092552591,0.2819545600261798,Cell type 1,Sample 1
-0.49790769739511453,0.3255681209118285,Cell type 1,Sample 2
0.2614177440177498,-0.2868500019692895,Cell type 1,Sample 3
-0.5234554913409698,0.2683263762636431,Cell type 1,Sample 1
-0.6942712769156055,-0.800135552251855,Cell type 1,Sample 2
-0.5149861373884679,0.02303961081657567,Cell type 1,Sample 3
-0.43414636593818323,0.26731454306121766,Cell type 1,Sample 1
0.37495011971185527,0.13963391910826298,Cell type 1,Sample 2
0.1265826190189906,0.410172006306228,Cell type 1,Sample 3
0.04588038826775115,-0.9937844573004464,Cell type 1,Sample 1
-0.5212888473352881,-0.58611687671832,Cell type 1,Sample 2
-1.195978102156512,0.42238718789084995,Cell type 1,Sample 3
-0.46966769690937715,-0.07204377786080773,Cell type 1,Sample 1
-0.9035206974659081,-0.13742265033489612,Cell type 1,Sample 2
-0.20465423704786062,0.5029622558982083,Cell type 1,Sample 3
-0.6055859646403906,0.36538205953326225,Cell type 1,Sample 1
-0.8037416172806138,0.0923169292661521,Cell type 1,Sample 2
-0.30237233226910637,-1.1027830285495346,Cell type 1,Sample 3
-0.2697956103685658,0.4474552780134126,Cell type 1,Sample 1
0.6001308748694146,-0.2315806810426995,Cell type 1,Sample 2
-0.5405316637999487,0.3079678034721319,Cell type 1,Sample 3
0.7972525316124861,-0.4234806741591639,Cell type 1,Sample 1
-1.2441636767064947,-0.32912420616692417,Cell type 1,Sample 2
-0.022793008177748902,0.12166972466134592,Cell type 1,Sample 3
0.06261225132395364,-0.2147027705626265,Cell type 1,Sample 1
0.15494738969031727,-0.6367927742982996,Cell type 1,Sample 2
0.3162271083211504,-0.23708908755198244,Cell type 1,Sample 3
-0.12287153204297216,-0.13636178487383524,Cell type 1,Sample 1
-0.10406112517863761,-0.2465004673294164,Cell type 1,Sample 2
-0.6110639044459727,0.35649921508619403,Cell type 1,Sample 3
0.08029471658587989,0.6810662018425396,Cell type 1,Sample 1
-0.686429725740532,0.17573995017610083,Cell type 1,Sample 2
-0.03524938902954561,0.24325082191310096,Cell type 1,Sample 3
0.13456347062255367,-0.17159613774870525,Cell type 1,Sample 1
-0.5771813341164922,-0.8759144033758596,Cell type 1,Sample 2
0.3655003133927407,0.2692174786082262,Cell type 1,Sample 3
0.5815818760774798,0.0051165305097935244,Cell type 1,Sample 1
0.17518510819316913,-0.4221620185915355,Cell type 1,Sample 2
-0.5715096560368643,0.41007909337774223,Cell type 1,Sample 3
-0.2733400422936327,-0.13582755516302664,Cell type 1,Sample 1
-0.635030544356016,0.14347792715085436,Cell type 1,Sample 2
-0.01791301955497577,0.7823218279070031,Cell type 1,Sample 3
-1.1059309556647534,0.7667168506481628,Cell type 1,Sample 1
-0.5354462490305562,0.24123620762159265,Cell type 1,Sample 2
-0.5850565130296798,-0.9009902187900098,Cell type 1,Sample 3
-0.5808919219561819,-0.14156944837188357,Cell type 1,Sample 1
0.3656901262874962,0.29521103062573173,Cell type 1,Sample 2
0.3487934851695995,-0.41804583510981325,Cell type 1,Sample 3
0.09952984778673502,-0.30010843857939734,Cell type 1,Sample 1
0.16544011610722853,0.4167644808044623,Cell type 1,Sample 2
0.22908405739434934,-0.4898606123584034,Cell type 1,Sample 3
0.7320886193762187,0.498429386732904,Cell type 1,Sample 1
0.4824258165487288,0.8077914117741158,Cell type 1,Sample 2
-0.7812729284432713,-0.2645263386731474,Cell type 1,Sample 3
-0.4087040672071699,0.160645735378694,Cell type 1,Sample 1
0.5088307334217512,0.135747655412824,Cell type 1,Sample 2
0.24809959368165815,-0.2676583562838295,Cell type 1,Sample 3
-0.05348573492924003,0.9711227973781498,Cell type 1,Sample 1
0.7355851637468043,-0.10466183857593306,Cell type 1,Sample 2
1.028103564970161,-0.5516041828608416,Cell type 1,Sample 3
-0.5947059464336639,0.8213364766279817,Cell type 1,Sample 1
0.48890777484310016,-1.0528234709201623,Cell type 1,Sample 2
0.4093888218774303,0.7689659592062764,Cell type 1,Sample 3
0.2744419176586822,-0.12747789677684893,Cell type 1,Sample 1
-0.2827881839369952,-0.23565786057555896,Cell type 1,Sample 2
0.37946429489338257,0.1405957119846879,Cell type 1,Sample 3
1.0303739624409936,0.8776704212216022,Cell type 1,Sample 1
-0.2780593733803903,-0.06503014677681002,Cell type 1,Sample 2
-0.08747987834770432,-0.37787257974642235,Cell type 1,Sample 3
-0.20649891107171703,-0.4633491544236554,Cell type 1,Sample 1
-0.1919856359761758,0.12510010312584724,Cell type 1,Sample 2
0.11222590927998602,0.5235491513060773,Cell type 1,Sample 3
-0.9836625321129973,-0.010622389638121064,Cell type 1,Sample 1
0.3530394569075658,-0.12134063840601667,Cell type 1,Sample 2
0.8073893953549257,-0.1610140772460292,Cell type 1,Sample 3
-0.5515921906165467,0.4102767514439485,Cell type 1,Sample 1
0.5973814309384688,0.44732359378693615,Cell type 1,Sample 2
0.21738503227844558,0.23771534126331173,Cell type 1,Sample 3
-0.28515703389323305,-0.5895541071814241,Cell type 1,Sample 1
0.23327265572506348,0.6731128781013741,Cell type 1,Sample 2
-0.2413717610910162,-0.4766643041293562,Cell type 1,Sample 3
-0.020078975322171705,-0.7153875510590241,Cell type 1,Sample 1
-0.15952696783330908,-0.3980129284017445,Cell type 1,Sample 2
0.08764338946696193,-0.6683627194379653,Cell type 1,Sample 3
-0.1647238931735457,0.3659353521441478,Cell type 1,Sample 1
-0.5083415642882486,-0.12204023683710065,Cell type 1,Sample 2
0.29822056879087633,-0.31714292384470155,Cell type 1,Sample 3
0.5519667733509536,-0.12814041212578622,Cell type 1,Sample 1
0.2853064986097655,0.48409233026643056,Cell type 1,Sample 2
-0.2055124682515865,0.5108114920365194,Cell type 1,Sample 3
-0.8197420812627171,-0.19623555303043647,Cell type 1,Sample 1
-0.26204419896729625,0.076177436016861,Cell type 1,Sample 2
0.3989218899478833,-0.9296683858300288,Cell type 1,Sample 3
0.039786767471082916,0.37941220808180465,Cell type 1,Sample 1
0.07044312345560197,-0.8842196827814258,Cell type 1,Sample 2
-0.3962603692163503,-0.05736822073344951,Cell type 1,Sample 3
0.5112852160048201,1.2198762031696364,Cell type 1,Sample 1
0.44979993771662535,0.15364976043830467,Cell type 1,Sample 2
-0.12434556309177354,0.8036727880099963,Cell type 1,Sample 3
-0.4436647294278856,0.3858980886178306,Cell type 1,Sample 1
-0.03721671455002314,0.310336048775339,Cell type 1,Sample 2
-0.1861033880355265,0.544374309852093,Cell type 1,Sample 3
-0.131373373843252,-0.7979469842870567,Cell type 1,Sample 1
-0.3573403384952159,0.26063995250690725,Cell type 1,Sample 2
0.5106916477146992,1.0442213864349625,Cell type 1,Sample 3
-0.017355884852621656,-0.584339018809766,Cell type 1,Sample 1
-0.08805621697993132,0.041493709406254985,Cell type 1,Sample 2
-0.06047407430389078,0.20976622195351388,Cell type 1,Sample 3
0.4178460560325709,-0.564853427328809,Cell type 1,Sample 1
0.6755078762435002,-0.7562644826494378,Cell type 1,Sample 2
-0.26987984015468075,-0.38915236270115633,Cell type 1,Sample 3
-0.035800629707031975,-0.018611118254920796,Cell type 1,Sample 1
0.26881495147493983,0.21409312390528806,Cell type 1,Sample 2
0.298700034924929,0.35058637115544916,Cell type 1,Sample 3
0.5624662726516204,-0.8713859869405205,Cell type 1,Sample 1
0.4878566888346251,0.000377753727297774,Cell type 1,Sample 2
0.38918053808331887,-0.2755928581642667,Cell type 1,Sample 3
0.17383824176916818,-0.24361428205677615,Cell type 1,Sample 1
0.19728999274210968,-0.21287780232579526,Cell type 1,Sample 2
0.5958537485535325,-0.04185897992460601,Cell type 1,Sample 3
0.46914190298799885,-0.25802236410868695,Cell type 1,Sample 1
-0.7929916561189791,-0.9399621925695225,Cell type 1,Sample 2
0.27484159314512985,0.900715049633244,Cell type 1,Sample 3
0.2457147263600999,0.28488017859932346,Cell type 1,Sample 1
-0.2643083408748784,0.2931820093775466,Cell type 1,Sample 2
0.09053137138554117,0.6516390186580319,Cell type 1,Sample 3
0.4364121755028173,-0.4830783616852085,Cell type 1,Sample 1
0.007591471270216561,-0.48740328796142096,Cell type 1,Sample 2
0.10116439821140101,0.8159284495445545,Cell type 1,Sample 3
0.3202398976004119,-0.09525155299890567,Cell type 1,Sample 1
-0.431746802482467,-0.015601744469541988,Cell type 1,Sample 2
0.1851059449708705,0.29215708321765493,Cell type 1,Sample 3
0.7770802103573871,0.42698798827611184,Cell type 1,Sample 1
0.3611906789138857,-0.1864165760458835,Cell type 1,Sample 2
-0.7480794065823249,-0.45910608325489577,Cell type 1,Sample 3
-0.137401152376344,-1.1006217367254592,Cell type 1,Sample 1
-0.17988432289454287,-0.6630238430410191,Cell type 1,Sample 2
-0.12153059944043325,0.0011439680717520247,Cell type 1,Sample 3
0.39143686747428624,-0.21556278478754953,Cell type 1,Sample 1
0.42338538760824684,-1.0636137101757477,Cell type 1,Sample 2
-0.7031587318359169,-0.04155278631434738,Cell type 1,Sample 3
-0.6902993529498256,-0.21807772075374252,Cell type 1,Sample 1
0.11692401289479919,0.5177217082084724,Cell type 1,Sample 2
0.6967272637622157,0.35527455114889267,Cell type 1,Sample 3
0.16148725180883408,-0.030501985927691776,Cell type 1,Sample 1
0.024654165760111316,0.3844198379844484,Cell type 1,Sample 2
-0.3816430520892908,0.018968917723801014,Cell type 1,Sample 3
-0.17160296342151884,-1.042896219452502,Cell type 1,Sample 1
-0.02141169065578744,0.029011367404197613,Cell type 1,Sample 2
-0.21693673148959455,0.8610775489040974,Cell type 1,Sample 3
0.8148210655563993,-0.1863377919759873,Cell type 1,Sample 1
-1.0317015762397272,-0.1586752461212674,Cell type 1,Sample 2
-0.36581586945426403,0.9452203425778913,Cell type 1,Sample 3
-0.014608202926992622,0.387557560794543,Cell type 1,Sample 1
0.2693779962231846,-0.4603367965396831,Cell type 1,Sample 2
-0.026560326508772672,0.6117844412093137,Cell type 1,Sample 3
-0.09357213250227439,0.4928649978399315,Cell type 1,Sample 1
-0.7360185365133958,-0.68691741244933,Cell type 1,Sample 2
-0.19140859480648434,-0.06186447313741807,Cell type 1,Sample 3
-0.26737833542216155,0.14748572785441078,Cell type 1,Sample 1
0.44116653116170457,-0.22604516641654018,Cell type 1,Sample 2
-0.2517848094538587,-0.0753070073149665,Cell type 1,Sample 3
-0.3036772166061057,-0.038610522611522785,Cell type 1,Sample 1
0.3251005889793305,-0.049587931889691454,Cell type 1,Sample 2
0.36083603202161757,-0.5645258856086146,Cell type 1,Sample 3
0.816715766150548,-0.573172696509344,Cell type 1,Sample 1
0.15400495110867046,-0.6514223817623727,Cell type 1,Sample 2
0.1952324249644448,-0.051610876466248116,Cell type 1,Sample 3
0.06677045239114116,-0.07623491819027195,Cell type 1,Sample 1
0.2513922134475971,0.8981804114634818,Cell type 1,Sample 2
-0.5311967640734399,0.2141535486038243,Cell type 1,Sample 3
0.4355623517158462,-0.16301176608392057,Cell type 1,Sample 1
0.49088274349579714,-0.16241569175431123,Cell type 1,Sample 2
0.3409457448131557,0.9233536628680168,Cell type 1,Sample 3
0.19518309719768784,-0.0769526134873438,Cell type 1,Sample 1
0.9430929506052651,0.08728890641591948,Cell type 1,Sample 2
0.5850993545983019,0.06714824862389644,Cell type 1,Sample 3
-0.006918873047118625,-0.3448638870320869,Cell type 1,Sample 1
-0.9683763512512324,-0.3806776349044703,Cell type 1,Sample 2
-0.5354262093422194,0.9557095435698617,Cell type 1,Sample 3
0.39518594802585566,0.17002564728444522,Cell type 1,Sample 1
-0.32083341006519117,0.8326759588117655,Cell type 1,Sample 2
0.25967325712058614,0.7663694565012888,Cell type 1,Sample 3
0.03349535861243596,0.2579696088520497,Cell type 1,Sample 1
-0.030882099930064463,0.23972075904303194,Cell type 1,Sample 2
0.5867211383162224,-0.1362723606809046,Cell type 1,Sample 3
-0.694786233381798,-0.8226993734784459,Cell type 1,Sample 1
-0.7076335959620937,0.10926702120547284,Cell type 1,Sample 2
0.37041217271006294,-0.2566067832357926,Cell type 1,Sample 3
0.4290070976510727,-0.4140981364826173,Cell type 1,Sample 1
0.33896293566963454,-0.24395570407285133,Cell type 1,Sample 2
-0.1798148362262312,0.15055366959587105,Cell type 1,Sample 3
-0.3677649712948833,0.6180465876052187,Cell type 1,Sample 1
0.03502608155659069,0.5809391513040952,Cell type 1,Sample 2
0.29572107587592744,0.34011018023834555,Cell type 1,Sample 3
-0.17471966360847796,-0.38628437437812035,Cell type 1,Sample 1
0.05372218717044627,0.19368574031649494,Cell type 1,Sample 2
-0.324686519160713,0.660652016136506,Cell type 1,Sample 3
0.4372585370662613,-0.32488261342413355,Cell type 1,Sample 1
0.6585575336699326,-0.05903426349553937,Cell type 1,Sample 2
0.5236588533107241,0.5847949962138868,Cell type 1,Sample 3
-0.08806675177548914,-1.449756939934241,Cell type 1,Sample 1
0.18018435795243054,-0.4553225435912449,Cell type 1,Sample 2
-0.23058486601730946,0.37828233745657003,Cell type 1,Sample 3
-0.6799280704899596,0.37312678301361035,Cell type 1,Sample 1
0.17490001228395377,-0.5020272984210051,Cell type 1,Sample 2
-0.3378540395808059,0.0170762087440123,Cell type 1,Sample 3
0.19428930226548205,1.2464997587163953,Cell type 1,Sample 1
0.306166107001256,-0.4892941949943272,Cell type 1,Sample 2
1.1408259182694214,-0.3088208384668483,Cell type 1,Sample 3
0.20481805934199684,0.17848637963346306,Cell type 1,Sample 1
-0.39620996049998064,-0.15398076481952014,Cell type 1,Sample 2
0.2411244763403286,-0.6188312111636489,Cell type 1,Sample 3
-0.8711108463176376,-0.2730208994083606,Cell type 1,Sample 1
0.2674086681729551,0.6144902512445309,Cell type 1,Sample 2
-0.03872173036299682,-0.5976468817996223,Cell type 1,Sample 3
-0.11173139266292545,0.357000247046046,Cell type 1,Sample 1
0.12986125086074093,-0.4521583125522043,Cell type 1,Sample 2
-0.10798026017511611,0.46873874625346246,Cell type 1,Sample 3
-0.2932075744443867,-0.3098860641269388,Cell type 1,Sample 1
0.2180028876112899,0.42191975482086863,Cell type 1,Sample 2
-0.26226013313988683,0.24468728061395903,Cell type 1,Sample 3
0.00010353245909854692,-0.0046501605693072086,Cell type 1,Sample 1
-1.0251787286421001,0.36959024735078394,Cell type 1,Sample 2
0.410241090598682,0.25363701555364887,Cell type 1,Sample 3
0.6002658292369363,0.07017993492402348,Cell type 1,Sample 1
-0.035110180758808285,-1.2611389587439752,Cell type 1,Sample 2
-0.79179419489379,0.20649945606889877,Cell type 1,Sample 3
0.2798952239655199,0.5403903627773109,Cell type 1,Sample 1
-0.845335813803226,-0.4892497729333032,Cell type 1,Sample 2
-0.3005632763344234,0.5829582601276114,Cell type 1,Sample 3
-0.11700992955349068,0.23317918722316724,Cell type 1,Sample 1
-0.41617778655211435,0.23570777819320204,Cell type 1,Sample 2
-0.015529466435450976,-0.4548417084909168,Cell type 1,Sample 3
-0.30411325372237963,0.1815578138722617,Cell type 1,Sample 1
-1.3484433214707858,-0.027147433258906103,Cell type 1,Sample 2
-0.653684891115482,-0.7989360672474188,Cell type 1,Sample 3
0.01123294640602319,0.273559557587605,Cell type 1,Sample 1
-0.30068382197560684,0.15989096707126849,Cell type 1,Sample 2
0.07724683279762556,-0.1682762949390867,Cell type 1,Sample 3
0.13352513293462942,0.4448153978117185,Cell type 1,Sample 1
-0.2172481137161578,-0.15458606173431969,Cell type 1,Sample 2
-0.8283116038388869,-0.2622240681313259,Cell type 1,Sample 3
0.03790227909686317,-0.33858085575605584,Cell type 1,Sample 1
-0.7753317155330663,0.034281487403013663,Cell type 1,Sample 2
-0.01274706429259983,-0.10857940356842831,Cell type 1,Sample 3
0.1688013310376011,-0.2059384830612337,Cell type 1,Sample 1
0.7092656725740183,-1.2439043282675397,Cell type 1,Sample 2
0.7827620146171702,-0.0328751305364939,Cell type 1,Sample 3
-0.7486288225893223,0.6404697883333638,Cell type 1,Sample 1
0.14761628752030156,-0.11911683752780876,Cell type 1,Sample 2
0.28045972397061936,-0.14774015901458018,Cell type 1,Sample 3
-0.7218021310848824,-0.24145491973025884,Cell type 1,Sample 1
0.4879083596723545,0.4592272219712069,Cell type 1,Sample 2
-0.26766409297696137,-0.045266641152080386,Cell type 1,Sample 3
0.06778170820735457,0.3642593217572681,Cell type 1,Sample 1
0.5301049537494399,1.3798300194555388,Cell type 1,Sample 2
0.7965933133196985,-0.2556078382155926,Cell type 1,Sample 3
0.33968664147825167,-0.574397017579328,Cell type 1,Sample 1
-0.36199516587130454,-0.09769517558851198,Cell type 1,Sample 2
0.3227420905705377,1.08162736165273,Cell type 1,Sample 3
0.10628701531610744,0.5134931316598661,Cell type 1,Sample 1
-0.276588622673635,-0.12697585319861754,Cell type 1,Sample 2
0.7384672130591372,-0.5838897756339675,Cell type 1,Sample 3
-0.016376635107999193,-0.2717123855668825,Cell type 1,Sample 1
-0.39129929870929453,0.35351617980539246,Cell type 1,Sample 2
1.0312624596215725,-0.5337664571271364,Cell type 1,Sample 3
-0.3177705494077783,0.10416125431279608,Cell type 1,Sample 1
0.010208583606459065,-0.7328369286710475,Cell type 1,Sample 2
-0.3954408958472827,0.0170040481140734,Cell type 1,Sample 3
1.2425949583394458,0.1323876554889898,Cell type 1,Sample 1
-0.013757452525318127,0.886125798334872,Cell type 1,Sample 2
0.04114199463771209,0.5327401875326756,Cell type 1,Sample 3
0.01911899748001417,-0.7242957073167721,Cell type 1,Sample 1
0.01269421027120509,-0.9598365780988282,Cell type 1,Sample 2
-0.06925612230361237,-0.21194502116117628,Cell type 1,Sample 3
-0.08631456714541734,0.3193385699401505,Cell type 1,Sample 1
-0.041340342921349624,-0.06087375419164177,Cell type 1,Sample 2
-0.09019584088120391,0.6864242373382651,Cell type 1,Sample 3
-0.2961779778260268,0.06177384797779117,Cell type 1,Sample 1
-0.618475355439041,-0.6602283065421382,Cell type 1,Sample 2
-0.40544696810012487,0.18340702164272113,Cell type 1,Sample 3
0.10704687206510198,-0.622869389355994,Cell type 1,Sample 1
0.3015473424744168,-0.42526763937352197,Cell type 1,Sample 2
0.45568136108736085,0.05287689563574021,Cell type 1,Sample 3
0.12686983074728672,0.2338465858827166,Cell type 1,Sample 1
0.3163909330531424,1.135346428902198,Cell type 1,Sample 2
-0.5766752552979797,0.5686572711823646,Cell type 1,Sample 3
0.5903204562260723,-0.31365672297565145,Cell type 1,Sample 1
-0.9850519088559178,0.4462986691496546,Cell type 1,Sample 2
0.9067038492577115,-0.17143943077878204,Cell type 1,Sample 3
0.3684219485462167,-0.1406637785591067,Cell type 1,Sample 1
1.024906047892963,0.000341409478741314,Cell type 1,Sample 2
0.4356486487286221,-0.6729898401233743,Cell type 1,Sample 3
-0.18266077565605435,0.0923401529324542,Cell type 1,Sample 1
-1.4534941096608207,-0.18741102831090306,Cell type 1,Sample 2
-0.1791700760106111,-0.3237709028175796,Cell type 1,Sample 3
0.4115852919809573,0.036658983594201944,Cell type 1,Sample 1
0.09806572951195366,-0.45203414486800014,Cell type 1,Sample 2
-0.25549458509786355,-1.2767747980279491,Cell type 1,Sample 3
0.0882207776386126,-0.18351391954166116,Cell type 1,Sample 1
0.6962326500321644,-0.1250232572994764,Cell type 1,Sample 2
0.20402642341837784,0.2753987861368316,Cell type 1,Sample 3
-0.0369737828041963,-0.22582973807981135,Cell type 1,Sample 1
-1.312408528187056,1.274504854358861,Cell type 1,Sample 2
0.14049593386751633,-0.3113497599102969,Cell type 1,Sample 3
0.6420478969740586,-1.2131960352676041,Cell type 1,Sample 1
-0.4866894190135173,0.5035666682365798,Cell type 1,Sample 2
0.5977656940433547,-0.7594848904066573,Cell type 1,Sample 3
0.2576471608122337,-0.4171409050173124,Cell type 1,Sample 1
-0.359222110626218,-0.10672357585592362,Cell type 1,Sample 2
-0.6497906184637988,0.41486620893958726,Cell type 1,Sample 3
-0.18001963437849136,-0.3640385489276606,Cell type 1,Sample 1
0.16708820862244872,-0.07762952441237438,Cell type 1,Sample 2
-0.44475721481276165,-0.40790514248271914,Cell type 1,Sample 3
-0.5159831419235897,-0.2201296021932002,Cell type 1,Sample 1
-0.21838211861910872,-0.8032885503693397,Cell type 1,Sample 2
-0.27915087697301527,-0.5500771164858475,Cell type 1,Sample 3
-0.8190145287180084,-0.8931877326773433,Cell type 1,Sample 1
-0.38306041530533547,-0.564031277403847,Cell type 1,Sample 2
-0.10031964941271591,0.1837552052703011,Cell type 1,Sample 3
0.4317641212607606,0.08573465879519547,Cell type 1,Sample 1
-0.2720570010570963,-0.0813964530361471,Cell type 1,Sample 2
-0.3122552275442887,0.3734904200523549,Cell type 1,Sample 3
0.27502604951227594,-0.48417222743181765,Cell type 1,Sample 1
0.6105168477626765,0.2910488517343079,Cell type 1,Sample 2
-0.24826586774098452,-0.5767462129923919,Cell type 1,Sample 3
-0.34069011753478695,0.48391301201260206,Cell type 1,Sample 1
-0.7393885619231428,0.8361329520487638,Cell type 1,Sample 2
-0.11429995767000929,-0.4971746873042561,Cell type 1,Sample 3
-0.3592036327845987,0.44746218847222063,Cell type 1,Sample 1
0.03659849550084725,-0.07512149439912999,Cell type 1,Sample 2
-0.053515179977278914,-0.517621161209687,Cell type 1,Sample 3
0.7013971554680496,-0.7009255313961404,Cell type 1,Sample 1
0.4757748852870214,-0.5105812287801501,Cell type 1,Sample 2
-0.08954664250807813,0.19790989054796154,Cell type 1,Sample 3
0.1620419846973975,-0.19254114020815827,Cell type 1,Sample 1
0.5609307523971261,-0.09333948115672248,Cell type 1,Sample 2
-0.08355904015842718,0.07335684321666142,Cell type 1,Sample 3
-0.14983832400339353,-0.02510230852087239,Cell type 1,Sample 1
0.03376410234396192,-0.7123740931067284,Cell type 1,Sample 2
-0.9089896126935774,0.3798561477420842,Cell type 1,Sample 3
-0.06872425731384593,0.4764372736014694,Cell type 1,Sample 1
0.579297789503702,-0.41034115917585523,Cell type 1,Sample 2
0.47814750104567305,1.162336652926409,Cell type 1,Sample 3
0.22349085850492595,-0.3192929125725151,Cell type 1,Sample 1
-0.39389187595411945,-0.310423799125558,Cell type 1,Sample 2
0.9233184980238329,-0.5350423831630763,Cell type 1,Sample 3
0.09521194496252887,0.22460936064251713,Cell type 1,Sample 1
0.1047350418238863,-0.49226702524098404,Cell type 1,Sample 2
-0.22597468595593884,-0.39466925285983717,Cell type 1,Sample 3
0.5678100735914721,-0.5531467562058171,Cell type 1,Sample 1
-0.3269491941627882,0.013656689925719334,Cell type 1,Sample 2
0.39551597352152346,-0.45469372739736946,Cell type 1,Sample 3
-0.17542471503823728,-1.1091738800255406,Cell type 1,Sample 1
1.2228759898084132,0.06461059098761375,Cell type 1,Sample 2
-0.25821482194378587,-0.09823329171404858,Cell type 1,Sample 3
-0.2403239707441207,1.2696908113914307,Cell type 1,Sample 1
0.04223339319497371,-0.53462724687754,Cell type 1,Sample 2
0.2574417980381861,0.40996262631761715,Cell type 1,Sample 3
1.1379127138238188,-0.42611232149866207,Cell type 1,Sample 1
0.7949194890903419,0.28703561044700066,Cell type 1,Sample 2
-0.06272713000145011,0.1639397620796787,Cell type 1,Sample 3
-0.4834880715646065,-0.023855678070989927,Cell type 1,Sample 1
-0.14219232480325467,0.7952910363089252,Cell type 1,Sample 2
-0.685836848615233,-0.3547205012137733,Cell type 1,Sample 3
0.14711206450674685,-0.117203900158161,Cell type 1,Sample 1
-0.7596849829770067,-0.24211703643312568,Cell type 1,Sample 2
0.9002555907554268,0.6194731764697187,Cell type 1,Sample 3
-0.11489981528759691,-0.4257032171301568,Cell type 1,Sample 1
1.0282717824147707,-0.5654442176629578,Cell type 1,Sample 2
0.830629607273935,-0.22854812829313592,Cell type 1,Sample 3
0.5247763576596676,-0.267617605780284,Cell type 1,Sample 1
0.3540543383442952,0.47835115839729203,Cell type 1,Sample 2
0.07992819599870019,-0.5138375704629791,Cell type 1,Sample 3
0.3604984764528179,-0.27259312236316097,Cell type 1,Sample 1
0.04329489373644996,-0.07783861769603974,Cell type 1,Sample 2
0.24236640864723738,-0.42317832749543677,Cell type 1,Sample 3
-0.24380311203624677,-0.21627909390981045,Cell type 1,Sample 1
1.2133582431727612,0.21647991268034808,Cell type 1,Sample 2
0.6059719926932002,0.13062526561692803,Cell type 1,Sample 3
-1.2358222500636447,-0.3984476277352384,Cell type 1,Sample 1
-0.11052123176852528,0.03468490132903471,Cell type 1,Sample 2
0.33946564502963916,-0.06849774472122913,Cell type 1,Sample 3
0.003940092347364076,-0.1628055260742518,Cell type 1,Sample 1
-0.6048473714205538,0.29996436499810225,Cell type 1,Sample 2
0.17417086962306344,-0.4489150332128147,Cell type 1,Sample 3
-0.06631687319128678,-0.48726465233532074,Cell type 1,Sample 1
0.08981113631596171,0.6725738102262073,Cell type 1,Sample 2
-0.42257697921307946,0.27669449153721337,Cell type 1,Sample 3
0.15370334890455037,0.4078686062696484,Cell type 1,Sample 1
0.028324962448553582,0.2648463771783654,Cell type 1,Sample 2
0.32294521013794625,-0.5495223757774363,Cell type 1,Sample 3
0.007136533918217053,-0.4769697096983224,Cell type 1,Sample 1
0.809393819830434,0.2079133147276715,Cell type 1,Sample 2
-0.057401124379531834,0.2833858630920898,Cell type 1,Sample 3
0.9283237182809774,-0.2408829855467376,Cell type 1,Sample 1
-0.0896255126784559,-0.05500274935052574,Cell type 1,Sample 2
0.1931913269240305,0.41888211077329457,Cell type 1,Sample 3
-0.12169198968750904,-0.14991909813744028,Cell type 1,Sample 1
-0.6449804498705269,-0.647539386031808,Cell type 1,Sample 2
-0.8624589162565164,-0.28114376462048635,Cell type 1,Sample 3
0.5313286453937632,-0.1878168328827678,Cell type 1,Sample 1
-0.29921879029052345,-0.4832939454926576,Cell type 1,Sample 2
-0.3207407976114761,0.21596127233697032,Cell type 1,Sample 3
0.10834155948214311,-0.1516750337385671,Cell type 1,Sample 1
-0.6601166035103211,0.9157293829271769,Cell type 1,Sample 2
0.5799199831941722,-0.25298309949392767,Cell type 1,Sample 3
-0.09734864805834084,-0.032094088554248876,Cell type 1,Sample 1
0.31380314878091553,-0.13975373164826674,Cell type 1,Sample 2
0.23948991287319593,0.16683105264347414,Cell type 1,Sample 3
-0.5998487641826541,-1.1580719314844383,Cell type 1,Sample 1
-0.33505760022711645,0.5858589573580798,Cell type 1,Sample 2
0.4096866340697032,0.21194474122199303,Cell type 1,Sample 3
-0.13493746764668563,-0.4893818578911537,Cell type 1,Sample 1
0.8694498318987894,0.4894290253908977,Cell type 1,Sample 2
-0.6162701556101401,-0.3422458653063985,Cell type 1,Sample 3
-0.4081086222709824,0.03907153148482372,Cell type 1,Sample 1
0.8349522521757031,0.19733576491149055,Cell type 1,Sample 2
0.09864613281560322,0.15565433672144244,Cell type 1,Sample 3
0.2529827767279326,-0.36413610120330653,Cell type 1,Sample 1
-0.6359595005563614,0.10569828373532945,Cell type 1,Sample 2
-0.19408840927061438,0.08520811118774385,Cell type 1,Sample 3
-0.16017365409716008,0.2120829732009582,Cell type 1,Sample 1
0.12877519536138218,-0.03722295788308361,Cell type 1,Sample 2
-0.12628407569658015,-0.6238915909824247,Cell type 1,Sample 3
-0.1698795038237619,0.11580373708404591,Cell type 1,Sample 1
-0.4405341683306461,-0.3561103818245255,Cell type 1,Sample 2
-0.001201920459426922,-0.2946358258946531,Cell type 1,Sample 3
-0.3025781178029987,0.455209249842785,Cell type 1,Sample 1
0.38410360831586865,0.10769825272814397,Cell type 1,Sample 2
-0.5708445570667525,-0.09682972963985906,Cell type 1,Sample 3
0.5243535632082817,0.8277035565441476,Cell type 1,Sample 1
0.8560201420089463,-0.8738182549141308,Cell type 1,Sample 2
-0.29179966317300243,0.5191894255096583,Cell type 1,Sample 3
1.0949014666088361,-0.40414914267757573,Cell type 1,Sample 1
0.6460301671632613,-0.3745858633016209,Cell type 1,Sample 2
-0.0410755891962844,0.5586479157940638,Cell type 1,Sample 3
0.15998259557258152,-0.7034717002565847,Cell type 1,Sample 1
-0.4233968590342025,-0.7574236123429323,Cell type 1,Sample 2
0.16582383356288138,-0.5235787843451323,Cell type 1,Sample 3
0.16615700598979583,-0.3742432682782768,Cell type 1,Sample 1
0.024260813972413496,-0.4154750582055189,Cell type 1,Sample 2
0.13650535874719286,-1.0373200187731841,Cell type 1,Sample 3
-0.39299473025397474,-0.665616476778889,Cell type 1,Sample 1
0.4581638373512407,0.17324423794899635,Cell type 1,Sample 2
0.20412637785723592,-0.8512918021189202,Cell type 1,Sample 3
0.7653754161718487,0.6093809258486583,Cell type 1,Sample 1
-0.5325568315376863,-0.15261235217733382,Cell type 1,Sample 2
-0.347847438598532,-0.4590634917082874,Cell type 1,Sample 3
0.5529502121786545,-0.2819737440291216,Cell type 1,Sample 1
-0.55243139653126,0.11027071350693343,Cell type 1,Sample 2
0.2761499688397616,0.31281546682300043,Cell type 1,Sample 3
0.5428931624696736,0.04899157673544772,Cell type 1,Sample 1
0.7516991508835753,0.4386811452878357,Cell type 1,Sample 2
0.12248328555436139,-0.2534715876855649,Cell type 1,Sample 3
0.6527394035771645,0.010501920816379524,Cell type 1,Sample 1
0.4397085205687016,-0.5386880384923791,Cell type 1,Sample 2
-0.22282515151499727,1.0269093450432978,Cell type 1,Sample 3
-0.12358869126029846,-0.3409921239988993,Cell type 1,Sample 1
-0.7352447756156253,-0.631384887849282,Cell type 1,Sample 2
-0.3335945423887527,-0.3664844495618795,Cell type 1,Sample 3
-0.3746788447113888,-0.11076829879186909,Cell type 1,Sample 1
-0.45033569125624007,-0.48210003571162235,Cell type 1,Sample 2
-0.27946092363579417,0.18860593753226043,Cell type 1,Sample 3
-0.6147747972262084,0.24834961161826086,Cell type 1,Sample 1
-0.3547155786642379,0.32229771620758824,Cell type 1,Sample 2
0.04305543412948895,-0.3734616425350838,Cell type 1,Sample 3
-0.10703384886393069,0.18970269880255486,Cell type 1,Sample 1
1.0610780985063166,0.5162326302755734,Cell type 1,Sample 2
-0.2588056495180857,0.11189397581944925,Cell type 1,Sample 3
0.2852105866803978,-0.16571568564075143,Cell type 1,Sample 1
-0.3542033834552314,-0.7568571963064136,Cell type 1,Sample 2
0.3896745019526662,-0.01950975968877206,Cell type 1,Sample 3
-0.012787156095997218,-0.8845379524445591,Cell type 1,Sample 1
-0.3138669530422528,-0.1440194369610382,Cell type 1,Sample 2
-0.5651018623369619,1.2058383377892106,Cell type 1,Sample 3
-0.36951432901161646,0.3261651690883399,Cell type 1,Sample 1
-0.14698347383209112,-0.035799625929033414,Cell type 1,Sample 2
0.2200072250266662,-0.2510271121763056,Cell type 1,Sample 3
-0.35841116030140246,-0.93326830853653,Cell type 1,Sample 1
1.0825280339033012,0.595274297171798,Cell type 1,Sample 2
-0.09501951750074723,-0.1787227114052136,Cell type 1,Sample 3
-0.14868803962155322,-0.12319170125727401,Cell type 1,Sample 1
-0.4873408351136607,0.393542301871226,Cell type 1,Sample 2
0.3541072116282786,0.11660806563175083,Cell type 1,Sample 3
-0.19883984680730202,-0.5920152791112797,Cell type 1,Sample 1
-0.6722252555171385,-0.4593259732420991,Cell type 1,Sample 2
0.19316165890578,-0.10223561049306076,Cell type 1,Sample 3
-0.38588597869643754,0.8047603328879864,Cell type 1,Sample 1
-0.3110174027771907,0.2913687915869322,Cell type 1,Sample 2
0.5413455269435367,-0.2355623259089393,Cell type 1,Sample 3
0.15817916076807237,-0.44262434306211124,Cell type 1,Sample 1
-0.0565640262578702,-0.6496081817229121,Cell type 1,Sample 2
-0.057320417753196226,0.13213413582281827,Cell type 1,Sample 3
0.2688840951842419,0.15319474103670702,Cell type 1,Sample 1
0.39495986109042613,0.4847845128764534,Cell type 1,Sample 2
0.05171906465405319,1.021038020071872,Cell type 1,Sample 3
0.49813340972357,-0.24687829158065625,Cell type 1,Sample 1
-0.2227512607003859,0.7266922385588505,Cell type 1,Sample 2
-0.5224045970105168,-0.9831782946880009,Cell type 1,Sample 3
-0.20351815646339025,0.3431592284783504,Cell type 1,Sample 1
0.5527629664789919,0.5935151527801901,Cell type 1,Sample 2
0.29774544881962867,-0.29494737823144546,Cell type 1,Sample 3
-0.003035455769946662,0.41924538722582094,Cell type 1,Sample 1
0.035626874955446246,-0.6467538126020479,Cell type 1,Sample 2
-0.35344628399367445,0.42777782951035603,Cell type 1,Sample 3
0.4752119190930251,-0.28845182783120155,Cell type 1,Sample 1
-0.5460606001742836,0.06766917394614545,Cell type 1,Sample 2
-0.26525057380526373,-0.28790912032234,Cell type 1,Sample 3
1.0179367675908964,0.23448903907423385,Cell type 1,Sample 1
-0.1362050083018436,0.6168621391680965,Cell type 1,Sample 2
0.2043036538508838,-0.15390423556944205,Cell type 1,Sample 3
0.33235137266655496,-0.276460418683651,Cell type 1,Sample 1
-0.3781753726421517,-0.7111268547988371,Cell type 1,Sample 2
-0.4701994582421766,-0.2803804534899301,Cell type 1,Sample 3
-0.3564228913385822,0.05321511384594842,Cell type 1,Sample 1
0.055267658736970066,-0.3131576380915035,Cell type 1,Sample 2
0.9812935952653974,0.0018478359239236628,Cell type 1,Sample 3
0.13998431315991014,-0.5627445236491883,Cell type 1,Sample 1
-0.15042987357041313,-0.6047384677094026,Cell type 1,Sample 2
0.06994361641956369,0.4980591074555645,Cell type 1,Sample 3
-0.8445915189836308,-0.23563187035125982,Cell type 1,Sample 1
0.4353733222942016,0.47440654823581,Cell type 1,Sample 2
0.2993971947809551,0.3341702443590404,Cell type 1,Sample 3
-0.458988052305368,0.8655848158836498,Cell type 1,Sample 1
-0.2444430595218456,0.7944701642220414,Cell type 1,Sample 2
-0.7482646275450395,-0.3250119672034491,Cell type 1,Sample 3
-0.503008690749851,-0.6070943063938661,Cell type 1,Sample 1
0.7567248716210655,0.31540584227738877,Cell type 1,Sample 2
-0.05217139649344596,0.1966535250026618,Cell type 1,Sample 3
-0.5032712826398206,0.5699392805645227,Cell type 1,Sample 1
0.8061391289943227,0.6574572267920237,Cell type 1,Sample 2
-0.5275446840883475,0.06313386811703409,Cell type 1,Sample 3
-0.46072551171446063,-0.28269648514270074,Cell type 1,Sample 1
-0.5321100034086744,-0.004922404325191502,Cell type 1,Sample 2
0.10932965337864886,-0.22316025761717245,Cell type 1,Sample 3
-0.04486784714361336,0.7200586077247364,Cell type 1,Sample 1
-0.342314912880002,0.3953127995813843,Cell type 1,Sample 2
0.2827548228157721,-0.8803813795779089,Cell type 1,Sample 3
-0.4759592300111178,0.03874025925943127,Cell type 1,Sample 1
-0.7768793830080322,0.40894482901251433,Cell type 1,Sample 2
-0.0061233864234573115,-0.44862718574291577,Cell type 1,Sample 3
-0.3232864421212633,-0.5407740018071975,Cell type 1,Sample 1
0.31683051238702936,-0.34909983730552485,Cell type 1,Sample 2
0.049033769769472275,0.6479358909315072,Cell type 1,Sample 3
0.4343862502953855,-0.5931682135549272,Cell type 1,Sample 1
-0.8892937920032584,0.15982591295948861,Cell type 1,Sample 2
0.5630251253860841,-0.02569686179424312,Cell type 1,Sample 3
0.009409524870299212,-0.5858271736587809,Cell type 1,Sample 1
0.08432733598336384,0.22097032478470452,Cell type 1,Sample 2
-0.10983594391875597,0.1785562857558732,Cell type 1,Sample 3
-0.4025475905152544,0.09423788050905145,Cell type 1,Sample 1
-0.002780146824035283,0.5892563448992114,Cell type 1,Sample 2
1.3103965455149875,-0.5559835128870818,Cell type 1,Sample 3
-0.22002224334849188,0.06537028864304567,Cell type 1,Sample 1
-0.11946604958484716,-0.18341220590734378,Cell type 1,Sample 2
-0.34313956787754224,-0.7163356448698264,Cell type 1,Sample 3
0.002621849859091583,0.023490296882371028,Cell type 1,Sample 1
-0.42283655224705646,-0.007049482953335789,Cell type 1,Sample 2
0.010396853837703947,-0.3640014706145672,Cell type 1,Sample 3
-0.10451162864301264,-0.42526022710465006,Cell type 1,Sample 1
0.7102521239949274,-0.28537314687473814,Cell type 1,Sample 2
-0.6441538087317689,0.1463577410709267,Cell type 1,Sample 3
-0.2759290729462234,1.2790996428341261,Cell type 1,Sample 1
-0.3340715241638834,0.09668972596207953,Cell type 1,Sample 2
-0.21465111225862998,-0.346210489936928,Cell type 1,Sample 3
0.5143844957117403,0.2508425225843941,Cell type 1,Sample 1
0.02064372779371969,0.5185794493291216,Cell type 1,Sample 2
0.12859948517796368,-0.12033258726510651,Cell type 1,Sample 3
0.24093303085924575,0.2736323986889835,Cell type 1,Sample 1
-0.6016004276945722,-0.5210222061215515,Cell type 1,Sample 2
0.3070833500217126,0.37875385502365255,Cell type 1,Sample 3
0.664097070924529,0.27811500470032996,Cell type 1,Sample 1
-0.5162619517637698,0.19896352497340447,Cell type 1,Sample 2
0.2616115928685166,-0.6101603449719879,Cell type 1,Sample 3
0.6480315308906981,-0.5535784084012259,Cell type 1,Sample 1
-0.05616402484541491,-0.11048479976661149,Cell type 1,Sample 2
-0.0413575119482466,0.12154586383034939,Cell type 1,Sample 3
1.135724872711398,-0.20219871159198063,Cell type 1,Sample 1
0.08885050046662692,-0.6676721793550506,Cell type 1,Sample 2
0.47763461860360273,-0.019371447494771512,Cell type 1,Sample 3
0.4302367441798727,-0.2915387192844692,Cell type 1,Sample 1
-0.19122619883464512,-0.9879816499458098,Cell type 1,Sample 2
-0.6187133191112862,0.05470423591648503,Cell type 1,Sample 3
0.5208623320294257,0.2917721515059438,Cell type 1,Sample 1
-0.6888087503771186,-0.28238700208547113,Cell type 1,Sample 2
0.22238690391579738,-0.41282684140107107,Cell type 1,Sample 3
-0.22398066922498755,-0.6074030679443216,Cell type 1,Sample 1
1.2800422691343973,-0.048029949862324936,Cell type 1,Sample 2
-0.30393763033790894,-0.2695613515744893,Cell type 1,Sample 3
0.14547368216974269,0.4789198155541338,Cell type 1,Sample 1
0.8043904278671867,0.4141148450923114,Cell type 1,Sample 2
0.24835707650561634,-0.06913215058559233,Cell type 1,Sample 3
0.4980238429029082,-0.3783975442847304,Cell type 1,Sample 1
-0.206732580561638,0.13014025329144308,Cell type 1,Sample 2
-0.3834320190022762,0.034036134624310516,Cell type 1,Sample 3
0.28967337987838787,0.7060134392716247,Cell type 1,Sample 1
-0.5436229694314013,-0.5429125644425927,Cell type 1,Sample 2
-0.6084483551700836,0.6816882567691699,Cell type 1,Sample 3
0.16208317624422106,-0.06507152718384229,Cell type 1,Sample 1
0.1718091447842307,-0.881520077681367,Cell type 1,Sample 2
-0.8651313652421725,0.6669428727502864,Cell type 1,Sample 3
0.62880952817968,0.20302806121404046,Cell type 1,Sample 1
0.5480349537386993,0.2126606541650552,Cell type 1,Sample 2
0.3638147718184899,0.025972942903649716,Cell type 1,Sample 3
0.08214738268528453,1.0981115710763996,Cell type 1,Sample 1
0.5009124268409686,-0.24878541919260358,Cell type 1,Sample 2
0.25847325787418546,-0.11075663147606195,Cell type 1,Sample 3
0.16067860772513654,0.21096037711764237,Cell type 1,Sample 1
0.48759881489121487,0.2505470849699226,Cell type 1,Sample 2
0.21798769475002294,-1.2661230426098427,Cell type 1,Sample 3
-0.39244915654112,0.3241402169219295,Cell type 1,Sample 1
-0.5486841594855333,-0.7384624637659507,Cell type 1,Sample 2
-0.4346434934943219,-0.005433568517486072,Cell type 1,Sample 3
0.43111175594348855,-0.7081135278963228,Cell type 1,Sample 1
0.5621766799352513,-0.16703861548997026,Cell type 1,Sample 2
0.21836927586675475,0.20214737748084882,Cell type 1,Sample 3
0.042946503146665205,-1.1096501863737676,Cell type 1,Sample 1
0.29532741534615464,0.5543517902914539,Cell type 1,Sample 2
0.10659831411884457,-0.37598466586940954,Cell type 1,Sample 3
-0.10126211353241502,-0.2641485233314896,Cell type 1,Sample 1
-0.3686899517489793,-0.4170924243663119,Cell type 1,Sample 2
0.8522960466486885,-0.5540562291294346,Cell type 1,Sample 3
-0.23958711892264498,-0.09282948833190856,Cell type 1,Sample 1
-0.13470341722227888,0.35877112789798116,Cell type 1,Sample 2
-0.25693345866834677,-0.5296067609444758,Cell type 1,Sample 3
-0.27413439746253854,0.41666695589015357,Cell type 1,Sample 1
-0.45816045953670986,-0.41846035189813996,Cell type 1,Sample 2
0.11234236287594296,0.46629541593654494,Cell type 1,Sample 3
-0.009709802943866305,-0.15158989141713772,Cell type 1,Sample 1
0.27354869058501896,-0.10109632621694703,Cell type 1,Sample 2
0.45770105885103707,0.16437555482984223,Cell type 1,Sample 3
0.4112724560515945,-0.6104218249855111,Cell type 1,Sample 1
-1.1814662177709192,-0.5048653523549688,Cell type 1,Sample 2
0.02175733432173304,0.27906975725925315,Cell type 1,Sample 3
-0.487683013639125,0.6517539659673796,Cell type 1,Sample 1
0.430818062248972,0.06953019932670883,Cell type 1,Sample 2
0.23218493177328708,-0.27527596585424385,Cell type 1,Sample 3
0.8021695541542981,-0.14254712852100698,Cell type 1,Sample 1
-0.4609299065626566,-0.5019786860407492,Cell type 1,Sample 2
0.19065480613239233,0.15582642800238916,Cell type 1,Sample 3
0.4451915817598931,0.28760250805328313,Cell type 1,Sample 1
-0.6907958592317905,-0.8991073697045537,Cell type 1,Sample 2
-0.2858730209780307,0.16630375516209878,Cell type 1,Sample 3
0.04587624222418643,0.1261201982133387,Cell type 1,Sample 1
-0.4744582604124186,0.8736815989577791,Cell type 1,Sample 2
0.4067586086848349,-0.6154321582169776,Cell type 1,Sample 3
0.2986141091266924,-0.47417400211210037,Cell type 1,Sample 1
0.38757774701739156,0.2765200429261792,Cell type 1,Sample 2
0.049666152714612936,0.3756935616858945,Cell type 1,Sample 3
0.29196409266298196,-0.17964604539352977,Cell type 1,Sample 1
0.45769513778008086,-0.27477013729776745,Cell type 1,Sample 2
-0.15049015619661096,-0.31571851374159166,Cell type 1,Sample 3
-0.5574110936762071,0.5984554743806761,Cell type 1,Sample 1
-0.18122047070156608,-0.5598349473130719,Cell type 1,Sample 2
0.14781224437354754,-0.7583212747103956,Cell type 1,Sample 3
1.0498608945832577,-0.12351285037299833,Cell type 1,Sample 1
0.4348029600528301,0.6778189294024755,Cell type 1,Sample 2
0.3416644964055347,-0.10465690978968079,Cell type 1,Sample 3
0.7254637741396059,0.9035983218189426,Cell type 1,Sample 1
-0.6463126735761313,-0.26608428156359476,Cell type 1,Sample 2
-0.5904064076544224,0.557160847334436,Cell type 1,Sample 3
0.10146151042564985,-0.757872057498616,Cell type 1,Sample 1
0.16924192173084557,-0.14770070506951472,Cell type 1,Sample 2
0.5450917355102234,-0.37404803231082356,Cell type 1,Sample 3
-0.1576483276430622,-0.4705113503331895,Cell type 1,Sample 1
-0.2651288091862204,-0.3964364161311721,Cell type 1,Sample 2
0.7642342132062658,0.25391787814481187,Cell type 1,Sample 3
0.8210075800681845,0.5049085446713171,Cell type 1,Sample 1
-0.49075432552397547,0.23105173713163538,Cell type 1,Sample 2
0.34776887878288876,0.424551055371572,Cell type 1,Sample 3
-0.22164112559575516,-0.44240135701345046,Cell type 1,Sample 1
0.3778329193721573,-0.11094413564613435,Cell type 1,Sample 2
-0.09456019538851675,0.46082505596222967,Cell type 1,Sample 3
0.6440378624261888,0.007254499631327068,Cell type 1,Sample 1
0.2527946209179373,0.7445565541641448,Cell type 1,Sample 2
-0.11324204942491596,-0.4797196183617399,Cell type 1,Sample 3
0.10054952335748375,0.525327198003806,Cell type 1,Sample 1
0.2182799020788339,0.45196742054309763,Cell type 1,Sample 2
0.6484972732805546,-0.011434031149441061,Cell type 1,Sample 3
-0.19994999505465827,-0.37258388515867524,Cell type 1,Sample 1
-0.3985567831124904,0.020462374364461425,Cell type 1,Sample 2
-0.016563486436898547,0.8972789317588938,Cell type 1,Sample 3
-0.0385508547070521,0.17057598740832194,Cell type 1,Sample 1
0.20671745161185043,0.938397906279033,Cell type 1,Sample 2
-0.6747881057757661,-0.20760688395263577,Cell type 1,Sample 3
-0.6959791904758657,0.8520510390295589,Cell type 1,Sample 1
-0.9218967917403729,-0.4451589240099359,Cell type 1,Sample 2
0.3261530758051152,-0.8156675552085366,Cell type 1,Sample 3
0.14293269536245248,0.1672283949935125,Cell type 1,Sample 1
-0.012777035495722639,0.5863645096296823,Cell type 1,Sample 2
0.25229090723869513,0.31326918166847123,Cell type 1,Sample 3
-0.39009956455873135,0.6652874520195201,Cell type 1,Sample 1
1.0765912287557782,-0.38367378144402475,Cell type 1,Sample 2
0.05663520526888223,-0.7191389891586834,Cell type 1,Sample 3
0.8805940624336869,-0.00015683630588735604,Cell type 1,Sample 1
0.5482346169054418,-0.3128386437481062,Cell type 1,Sample 2
0.5242413255252962,0.2438874105421691,Cell type 1,Sample 3
0.2470150931413694,0.13033688291195356,Cell type 1,Sample 1
0.4591583030011565,-0.7852503018115885,Cell type 1,Sample 2
0.3068854278949543,0.1877279288136264,Cell type 1,Sample 3
-0.5294537935283002,0.7408317012312994,Cell type 1,Sample 1
0.043508240196193274,-0.5180717859875984,Cell type 1,Sample 2
-0.7219274080667709,-1.148090476568619,Cell type 1,Sample 3
0.2824211793000613,0.8178989030679075,Cell type 1,Sample 1
0.8266548185892653,0.31154367394454757,Cell type 1,Sample 2
0.3578671205854202,1.1971809502912254,Cell type 1,Sample 3
0.275942985911077,0.3401151042088146,Cell type 1,Sample 1
0.33957138771909773,-0.1510227497449321,Cell type 1,Sample 2
-0.27654490845706614,0.3479319195468927,Cell type 1,Sample 3
-1.119115616662486,-1.060350076317533,Cell type 1,Sample 1
-1.0372431755081557,-0.011017432002135225,Cell type 1,Sample 2
-1.3178738695084389,0.0016877532985804995,Cell type 1,Sample 3
0.5586994079512304,0.7242496149464631,Cell type 1,Sample 1
0.05142928896616704,0.07467095552994023,Cell type 1,Sample 2
0.4921611992382919,-0.10699442211275448,Cell type 1,Sample 3
-0.9896499051878939,0.3739551280587669,Cell type 1,Sample 1
-0.21317879810277165,0.5742228545983774,Cell type 1,Sample 2
0.11114492790042703,0.6394329066566966,Cell type 1,Sample 3
-0.7655537512778611,0.25712737800891744,Cell type 1,Sample 1
0.16721925742426075,0.739035949178222,Cell type 1,Sample 2
1.0854713587489069,-0.0879429062161683,Cell type 1,Sample 3
0.21440825016528647,0.34655280363157204,Cell type 1,Sample 1
0.04260472481695053,-1.4955679854503616,Cell type 1,Sample 2
0.9277516573971315,0.11211737226764588,Cell type 1,Sample 3
-0.061672032023055226,0.15452372151632696,Cell type 1,Sample 1
-0.009256567996194965,-0.14432931946006916,Cell type 1,Sample 2
-0.07243928097394342,0.021520435425193822,Cell type 1,Sample 3
0.29677836114043094,-1.4701943173321401,Cell type 1,Sample 1
0.6408218975018843,0.27884553036256227,Cell type 1,Sample 2
0.5147287407991786,0.43615769001422516,Cell type 1,Sample 3
0.2779707258229211,-0.9524722270053194,Cell type 1,Sample 1
-0.23031938547989375,0.5285611131094579,Cell type 1,Sample 2
0.017013705536116024,0.05568630092002621,Cell type 1,Sample 3
-0.7990621759418738,0.23108633304097143,Cell type 1,Sample 1
0.7503798953171554,0.42511087105674644,Cell type 1,Sample 2
-0.1959383826934332,-0.5088821545384765,Cell type 1,Sample 3
0.4464769350543846,0.9148101008580436,Cell type 1,Sample 1
0.06114875151614189,0.27164901451819395,Cell type 1,Sample 2
0.11639337147008182,-0.3783819885079632,Cell type 1,Sample 3
0.511420735775382,-0.09522309296460839,Cell type 1,Sample 1
-0.5915280923671945,-0.12638162754809268,Cell type 1,Sample 2
-0.4065071861300649,0.41163995783885265,Cell type 1,Sample 3
0.2197506153101132,0.38946825175605704,Cell type 1,Sample 1
-1.009243932194319,0.07253187297969081,Cell type 1,Sample 2
-0.09072453462375837,-0.05316850126565748,Cell type 1,Sample 3
-0.05007703823997639,-0.10183687508848294,Cell type 1,Sample 1
-0.11469537203401388,-0.021738474906931215,Cell type 1,Sample 2
-0.09846090399844477,-0.23229053905780916,Cell type 1,Sample 3
-0.08778197274960775,0.3343274023789533,Cell type 1,Sample 1
-0.5612724031222069,-0.4587514105071318,Cell type 1,Sample 2
-0.5278197448992982,-0.17684287978350302,Cell type 1,Sample 3
-0.6679312020843067,0.36206827965724864,Cell type 1,Sample 1
-1.1921533943928728,0.3725754321424087,Cell type 1,Sample 2
0.0866708321852041,0.12197659895425013,Cell type 1,Sample 3
-0.35381294741101305,-0.3560869320880218,Cell type 1,Sample 1
-0.4232171507294893,0.46283610475136083,Cell type 1,Sample 2
-0.3286862769973622,-0.024482515429225127,Cell type 1,Sample 3
0.5620563599930067,0.4737632310614289,Cell type 1,Sample 1
0.16337238230116002,0.15023717980541418,Cell type 1,Sample 2
-0.5069479761462689,0.04284358070167952,Cell type 1,Sample 3
0.1044317975023777,-0.9798350619398878,Cell type 1,Sample 1
-0.41522220327828263,0.26125705263287874,Cell type 1,Sample 2
0.08591966989676561,0.27662560999239183,Cell type 1,Sample 3
0.10253766961731495,-0.8116912649706217,Cell type 1,Sample 1
-0.19859765807299382,-0.5511348702279277,Cell type 1,Sample 2
-0.7119785762250725,-0.1333261646172074,Cell type 1,Sample 3
0.1882047630487583,-0.4510257771787552,Cell type 1,Sample 1
-0.45029517626803084,-0.5663924756338725,Cell type 1,Sample 2
-0.3910017462555185,-0.37985155874014354,Cell type 1,Sample 3
0.017041734129613035,-0.3849866155293209,Cell type 1,Sample 1
0.0476720997206541,-0.13172410804112455,Cell type 1,Sample 2
0.34911165680679496,0.1967426927108748,Cell type 1,Sample 3
-0.18065528098364525,-0.03209208064440964,Cell type 1,Sample 1
-0.25933335981060507,0.4266007725257772,Cell type 1,Sample 2
0.010443244147980894,0.11535045285934174,Cell type 1,Sample 3
-0.6522347502524266,0.33483627441501923,Cell type 1,Sample 1
-0.3794853494516724,-0.489370418154883,Cell type 1,Sample 2
-0.20680276671082212,0.9438438286700952,Cell type 1,Sample 3
0.5380035692992992,0.01065582433597111,Cell type 1,Sample 1
0.3361946688056912,0.083327908679922,Cell type 1,Sample 2
-0.6859505714656782,-0.8067806989383706,Cell type 1,Sample 3
0.3227938560870967,0.009690618849012607,Cell type 1,Sample 1
0.28600313915023645,-0.3523642178054419,Cell type 1,Sample 2
-0.48706092310818416,0.3517139583936544,Cell type 1,Sample 3
-1.2121201301364708,0.44202269818052486,Cell type 1,Sample 1
-0.4234254830626823,0.6248094526483333,Cell type 1,Sample 2
0.3718258877700866,-0.10243833193235861,Cell type 1,Sample 3
0.19961156130263963,0.3235979698513705,Cell type 1,Sample 1
0.47477706772066186,-0.7424489842249518,Cell type 1,Sample 2
0.9021740548933715,-0.09545189586364934,Cell type 1,Sample 3
0.3797574437430539,-0.14587931612926858,Cell type 1,Sample 1
0.32136137993377195,0.6645762650662157,Cell type 1,Sample 2
0.24548747581912567,0.36743889302490873,Cell type 1,Sample 3
-0.13232841661897804,1.3600845832948094,Cell type 1,Sample 1
-0.12808987624769005,-0.12074872293538941,Cell type 1,Sample 2
-0.9968678212857277,0.18702828492378606,Cell type 1,Sample 3
0.5930727370211495,0.770161989909943,Cell type 1,Sample 1
-0.5755768682764346,-1.4195393297427135,Cell type 1,Sample 2
1.0665166873281333,-0.9760438997612509,Cell type 1,Sample 3
0.43071826281640246,0.1256583241190512,Cell type 1,Sample 1
0.2504585938121904,-0.4887776223992755,Cell type 1,Sample 2
0.3494142101012674,0.2104864721946949,Cell type 1,Sample 3
0.6104106494065239,-0.4383868906059224,Cell type 1,Sample 1
0.09904238038392747,-0.07218020596197124,Cell type 1,Sample 2
-1.0435135093010344,-0.2923088653285998,Cell type 1,Sample 3
0.16202851411078031,-0.5738456949078337,Cell type 1,Sample 1
0.1866742798556991,0.15618910523328586,Cell type 1,Sample 2
0.06405220745539464,-0.3405258287374404,Cell type 1,Sample 3
-0.022627150982168238,-0.6165506525074276,Cell type 1,Sample 1
0.04225923790766362,-0.3567923349535879,Cell type 1,Sample 2
-0.6138399822280286,-0.2956390046848528,Cell type 1,Sample 3
0.2569539248294575,0.08979089096979898,Cell type 1,Sample 1
0.05711382433101982,0.0751508807309388,Cell type 1,Sample 2
-0.16740149372225094,-0.8969605565959815,Cell type 1,Sample 3
-0.01696261296395444,-0.7973779790816662,Cell type 1,Sample 1
0.3078855748855708,0.6019422185844081,Cell type 1,Sample 2
0.6848505538270924,-0.543027291059043,Cell type 1,Sample 3
-0.48996278739112226,-0.9786692945669949,Cell type 1,Sample 1
-0.3440751725888619,1.1262179026721544,Cell type 1,Sample 2
-0.20571330355800121,0.5769503671278736,Cell type 1,Sample 3
0.27780223300172424,0.04479034062762441,Cell type 1,Sample 1
0.2568000532848583,-0.2663504198309557,Cell type 1,Sample 2
0.42922555832833265,-0.1173102849787069,Cell type 1,Sample 3
-0.5146857540910358,-0.6763351429217672,Cell type 1,Sample 1
-0.21009340854792863,-0.1408923044302536,Cell type 1,Sample 2
0.6388324478942125,-0.29578569441791497,Cell type 1,Sample 3
-0.26312392825871056,0.6941688891042239,Cell type 1,Sample 1
-0.3712352928490241,-0.6600112556103529,Cell type 1,Sample 2
0.5896485920319132,0.033759240705054476,Cell type 1,Sample 3
-0.31869356365325885,0.5945082655537759,Cell type 1,Sample 1
-0.29084045697432187,-0.5073783653464334,Cell type 1,Sample 2
-0.20831265280773126,-0.031561506555624126,Cell type 1,Sample 3
0.32962283421620253,0.4687850688132792,Cell type 1,Sample 1
-0.6349992986969379,0.3344200652731091,Cell type 1,Sample 2
0.037977633958043704,0.3713412091798612,Cell type 1,Sample 3
-0.11565047146484972,-0.28820978816742193,Cell type 1,Sample 1
0.31929622938868696,-0.8307600311344799,Cell type 1,Sample 2
-0.4906629682587324,-0.7024084719637534,Cell type 1,Sample 3
0.3226879747925738,0.6843157787661743,Cell type 1,Sample 1
0.4750079143348228,0.12150236102719984,Cell type 1,Sample 2
0.00650094593895351,0.7267670385786584,Cell type 1,Sample 3
-0.1608175256086913,1.0383739917804204,Cell type 1,Sample 1
-0.3054288199025329,0.25224162819150847,Cell type 1,Sample 2
-0.48638225838000043,0.20331101711133703,Cell type 1,Sample 3
0.12098113578301706,-0.956640122328899,Cell type 1,Sample 1
-0.2961969621194346,-0.431995384839908,Cell type 1,Sample 2
0.5909455464799808,0.2404540463744477,Cell type 1,Sample 3
-0.004644280783907873,0.15349053634311888,Cell type 1,Sample 1
0.20919911044434186,0.7007992964732147,Cell type 1,Sample 2
-0.38954636968835027,0.10161797729301551,Cell type 1,Sample 3
-0.9877438856085687,0.37554972725365504,Cell type 1,Sample 1
0.027931969922248483,-0.15482485699403062,Cell type 1,Sample 2
0.544384827108336,-0.18815036246249803,Cell type 1,Sample 3
0.7902703432841868,-0.5075470959139343,Cell type 1,Sample 1
-0.5131846038329461,0.615000286359575,Cell type 1,Sample 2
0.62614183097832,0.08064977133134756,Cell type 1,Sample 3
-0.5476352594214023,-1.5883519065980003,Cell type 1,Sample 1
-0.6001482035278881,-0.1672506179204742,Cell type 1,Sample 2
0.4493345801695871,0.018848286561961452,Cell type 1,Sample 3
0.2430181447088185,-0.7736519944691828,Cell type 1,Sample 1
0.03391925695846884,-1.0099636660780682,Cell type 1,Sample 2
-0.29848714336053694,-1.195152183734719,Cell type 1,Sample 3
0.14548236506872148,-0.2535043296350279,Cell type 1,Sample 1
-0.328567481139029,-0.34885945194912243,Cell type 1,Sample 2
-0.23301825093412112,-0.7973515336333977,Cell type 1,Sample 3
0.7868671082775531,0.22834400536519958,Cell type 1,Sample 1
-0.07900394928949471,-0.21344053497371002,Cell type 1,Sample 2
0.016002074532883312,-0.37670893517309173,Cell type 1,Sample 3
-0.43916153858986945,-0.1890039495091086,Cell type 1,Sample 1
0.5540914083687583,-0.5199529635627654,Cell type 1,Sample 2
-0.22892419309124462,-0.07968111607295328,Cell type 1,Sample 3
0.2495479080688747,-0.8461354158216643,Cell type 1,Sample 1
0.2288864330759429,0.8372462166737686,Cell type 1,Sample 2
0.48765622923898944,0.25781404422197823,Cell type 1,Sample 3
0.3190255507203786,0.25042223747222847,Cell type 1,Sample 1
0.7260588495912802,0.007074632482879146,Cell type 1,Sample 2
-0.9200388722528764,-0.016140305524735162,Cell type 1,Sample 3
-0.013260629624530031,-0.4409373256138589,Cell type 1,Sample 1
0.053603981020066825,-0.1594231777473656,Cell type 1,Sample 2
-0.29690570403435257,-0.08281570515881612,Cell type 1,Sample 3
0.13829075279552439,0.004278040412174916,Cell type 1,Sample 1
-0.05023786028585257,-0.028695351500771203,Cell type 1,Sample 2
0.0002639794282986464,0.3006033744645574,Cell type 1,Sample 3
-0.10783381877381616,-0.4364805452268502,Cell type 1,Sample 1
-0.2420869756243685,-0.483123159876627,Cell type 1,Sample 2
0.2731421240018498,0.0032111349054689082,Cell type 1,Sample 3
0.09051077935185348,-0.6484159739779233,Cell type 1,Sample 1
-0.22615315962453836,-1.2119396633144783,Cell type 1,Sample 2
0.4968911072652195,0.6869571926057247,Cell type 1,Sample 3
-0.058114521560979085,0.10735659158526317,Cell type 1,Sample 1
-0.47287303034839057,0.30412309584248426,Cell type 1,Sample 2
-0.48793662648866637,0.5268208983039198,Cell type 1,Sample 3
0.00641432177184256,0.2399135176834165,Cell type 1,Sample 1
-0.290891016696027,-0.5869399822044863,Cell type 1,Sample 2
0.11334212424729859,-0.2807788731653127,Cell type 1,Sample 3
-0.3259180539010796,0.023699335658207008,Cell type 1,Sample 1
1.1518193760523945,-0.739722111569862,Cell type 1,Sample 2
0.06708320799792176,0.21417102533036247,Cell type 1,Sample 3
-0.49915338764552747,0.2593965087258606,Cell type 1,Sample 1
0.1128807615558772,0.008806625966828657,Cell type 1,Sample 2
0.6951037745086567,0.2789051531759311,Cell type 1,Sample 3
0.6453792120612141,1.2939544867653423,Cell type 1,Sample 1
-0.33342435847578183,0.09895833367103775,Cell type 1,Sample 2
-0.6507939914016656,-0.9265092414487845,Cell type 1,Sample 3
-0.2870412885436348,-0.14056274244404315,Cell type 1,Sample 1
-0.9232865239022086,-0.21432726345826664,Cell type 1,Sample 2
1.3776088718599508,-0.15280530707690168,Cell type 1,Sample 3
0.2120334307592256,0.019723524120369745,Cell type 1,Sample 1
-0.147227878794017,0.7263777725630916,Cell type 1,Sample 2
-0.2821237993286943,0.09227565159851848,Cell type 1,Sample 3
2.9266506396557195,4.546651643434695,Cell type 2,Sample 1
2.592713546265624,4.502158337123939,Cell type 2,Sample 2
-1.5050500760119057,4.62835980215796,Cell type 2,Sample 3
-2.8764384483278174,-4.569054472454443,Cell type 2,Sample 1
-3.8006023931627513,-3.376558447993441,Cell type 2,Sample 2
-4.4320591729880086,1.0289431542803713,Cell type 2,Sample 3
-2.935500153936523,3.5617651974999855,Cell type 2,Sample 1
5.214624410219691,-0.5200172209029648,Cell type 2,Sample 2
-4.8113011657000095,0.29642878369374326,Cell type 2,Sample 3
4.813829241766356,-2.1876400076766243,Cell type 2,Sample 1
-0.8728371640018763,-5.375035226065025,Cell type 2,Sample 2
2.859830890214816,-4.5122340442026365,Cell type 2,Sample 3
0.8783727994628212,-5.077847004158158,Cell type 2,Sample 1
-1.6003667689601382,-5.218709999734828,Cell type 2,Sample 2
-4.776327043217891,-1.2165175457921662,Cell type 2,Sample 3
1.8429402679917064,-4.211632579300097,Cell type 2,Sample 1
4.754621012732961,0.6715752589881833,Cell type 2,Sample 2
5.448255924763192,0.6416020541396951,Cell type 2,Sample 3
1.0006560103193765,5.365061501529488,Cell type 2,Sample 1
-1.1867508392364587,-5.176491625931603,Cell type 2,Sample 2
4.927115969619716,1.9749111987415462,Cell type 2,Sample 3
5.429168848651502,-0.1198668177774255,Cell type 2,Sample 1
4.902722766287501,-2.1434648613870304,Cell type 2,Sample 2
4.511007672450263,2.531264691408834,Cell type 2,Sample 3
-2.805708519215914,-4.021942835452115,Cell type 2,Sample 1
-2.8633295492417186,-3.5743806293582727,Cell type 2,Sample 2
-2.83664491190084,4.114549540857441,Cell type 2,Sample 3
3.0515175552900398,3.846922020355617,Cell type 2,Sample 1
-4.994807923452418,-1.635261933376128,Cell type 2,Sample 2
4.454101021454173,-0.710457312133716,Cell type 2,Sample 3
4.298234861315597,-2.878944980764806,Cell type 2,Sample 1
2.0394944117890357,4.775340662748571,Cell type 2,Sample 2
1.2936103761901936,5.291053189370059,Cell type 2,Sample 3
-1.3613672717272205,4.760695948902034,Cell type 2,Sample 1
5.059547255324811,1.5609941030232743,Cell type 2,Sample 2
4.977611766171281,1.0516005790804055,Cell type 2,Sample 3
3.534775917027882,3.1331777292018024,Cell type 2,Sample 1
-3.215417506660955,4.2436827870932134,Cell type 2,Sample 2
1.4775590144255857,-4.697674628827514,Cell type 2,Sample 3
0.22827086408421177,4.832424332435949,Cell type 2,Sample 1
-3.1458042216571176,-4.062783210509494,Cell type 2,Sample 2
-2.5922570411543036,4.0593524294871095,Cell type 2,Sample 3
5.27026352584203,1.0742313953348563,Cell type 2,Sample 1
-4.970739550301856,2.001708067223827,Cell type 2,Sample 2
3.6850537529125433,3.5340901165458947,Cell type 2,Sample 3
-3.6493202810893846,2.84947970410736,Cell type 2,Sample 1
-2.517263633003209,4.37392265011895,Cell type 2,Sample 2
-5.430767724724324,0.5884896532915969,Cell type 2,Sample 3
-3.645365648570424,-3.3357725544820465,Cell type 2,Sample 1
0.969558743515819,-5.330279518395258,Cell type 2,Sample 2
-4.865485955514638,2.200170305442729,Cell type 2,Sample 3
-0.7940537892990881,-4.80566548764476,Cell type 2,Sample 1
3.9108525532239033,2.7530428939396634,Cell type 2,Sample 2
1.8636072462094682,4.962752096000418,Cell type 2,Sample 3
1.5049171266871555,5.132325234391349,Cell type 2,Sample 1
5.205025721687285,-1.2163883520501073,Cell type 2,Sample 2
1.0051549924161567,-5.258158970679053,Cell type 2,Sample 3
-0.24210480033385745,-5.390469204857243,Cell type 2,Sample 1
3.7389789508191646,-3.594000679017041,Cell type 2,Sample 2
-4.872528411434977,0.0035559576976202994,Cell type 2,Sample 3
2.9839583812034816,4.445222509397452,Cell type 2,Sample 1
-0.7502637595701998,-5.098402727622361,Cell type 2,Sample 2
1.8134801068092203,-4.6083339233424745,Cell type 2,Sample 3
-1.478576010044405,-5.173794190965064,Cell type 2,Sample 1
3.017979637890951,-4.536058183355943,Cell type 2,Sample 2
-2.6442690719552036,4.579491333525276,Cell type 2,Sample 3
2.2520598664244775,-4.657663758171289,Cell type 2,Sample 1
3.3363472874384956,4.240530720386254,Cell type 2,Sample 2
-4.755465964475777,1.882743032784417,Cell type 2,Sample 3
2.727645206555157,-4.571430980175823,Cell type 2,Sample 1
-0.8433250843256093,5.385774305707718,Cell type 2,Sample 2
-4.3587547252407,-2.874738921991125,Cell type 2,Sample 3
5.377816778852679,-0.39116584199234405,Cell type 2,Sample 1
0.06035443869587423,-5.343311869773462,Cell type 2,Sample 2
3.0248888414015327,-3.7074904297790736,Cell type 2,Sample 3
-4.131493088684568,-2.643173956835009,Cell type 2,Sample 1
0.6798462112646295,4.980413918667122,Cell type 2,Sample 2
4.505338454571521,-0.028668325319454072,Cell type 2,Sample 3
-1.327968600003636,4.353206180169869,Cell type 2,Sample 1
3.1981582496513288,-3.497627804964689,Cell type 2,Sample 2
5.180180764272438,-0.35326979861883884,Cell type 2,Sample 3
2.738227949908245,4.692158518100939,Cell type 2,Sample 1
-0.40069655589501774,5.385476637782854,Cell type 2,Sample 2
2.748599581940278,4.4751059847558325,Cell type 2,Sample 3
1.156948144226217,5.053781906987566,Cell type 2,Sample 1
-4.336827092442024,-3.0281955978887702,Cell type 2,Sample 2
2.961884586006693,-4.232400837835602,Cell type 2,Sample 3
-3.4121016004253817,-2.9356490378155877,Cell type 2,Sample 1
-3.5117556736854305,-2.989675844240058,Cell type 2,Sample 2
3.5734052377935517,3.5130383560124314,Cell type 2,Sample 3
-2.5688505093796814,4.349355062047469,Cell type 2,Sample 1
-5.0056561197392995,0.8889362080760247,Cell type 2,Sample 2
-4.36695852300523,2.2258803149560302,Cell type 2,Sample 3
-1.8754059214778216,-5.130146784973916,Cell type 2,Sample 1
-0.8677462775221644,4.915372989415166,Cell type 2,Sample 2
0.047637518932311655,-5.0911816525384115,Cell type 2,Sample 3
-4.948437824115818,-0.7339769952844224,Cell type 2,Sample 1
-1.2829993591035773,4.703615313491398,Cell type 2,Sample 2
-4.948585450317985,1.2413932662903102,Cell type 2,Sample 3
4.022691620347635,-2.1825390051228495,Cell type 2,Sample 1
-3.1618038594498055,-3.772894364985048,Cell type 2,Sample 2
0.9004812374408324,4.808903876511142,Cell type 2,Sample 3
-4.039747223798254,-2.2549050852290864,Cell type 2,Sample 1
-0.22215511289923548,-5.481397413735714,Cell type 2,Sample 2
1.2569541526420263,-4.90206689441832,Cell type 2,Sample 3
-3.6050485334105415,3.8334823944538705,Cell type 2,Sample 1
5.221890657113004,1.5449866893841273,Cell type 2,Sample 2
3.990879094899659,2.2029945656215166,Cell type 2,Sample 3
-5.005387119109869,1.426640973010316,Cell type 2,Sample 1
-1.2650713888644518,4.621169501238819,Cell type 2,Sample 2
4.083887169186901,-2.3878656195574335,Cell type 2,Sample 3
3.6898643635618646,-3.147304990699832,Cell type 2,Sample 1
-1.3429342580518422,4.991910559819054,Cell type 2,Sample 2
-4.445458332960405,2.4929757059058613,Cell type 2,Sample 3
3.8594945247350103,3.3975455894003037,Cell type 2,Sample 1
-4.631423523938062,0.3826777634643241,Cell type 2,Sample 2
5.394417411853655,-0.5048580261356937,Cell type 2,Sample 3
-4.313085698842395,-2.968573298106439,Cell type 2,Sample 1
-4.202705650099631,2.1093613261502773,Cell type 2,Sample 2
-3.9465235240119028,2.3151526851439894,Cell type 2,Sample 3
-0.015257723268570297,-5.496862349323112,Cell type 2,Sample 1
3.022290624457173,-4.569021968277761,Cell type 2,Sample 2
-4.092470819304239,-3.6279345336120934,Cell type 2,Sample 3
2.8369250706402993,3.5462175866894388,Cell type 2,Sample 1
4.273985787859984,1.6557928515190268,Cell type 2,Sample 2
-3.5825524985120785,-3.3547499985008002,Cell type 2,Sample 3
-4.082418098019168,3.2431331816959195,Cell type 2,Sample 1
4.952532481904905,1.181918141098431,Cell type 2,Sample 2
4.558442821847442,-0.9684357983635633,Cell type 2,Sample 3
4.558922361920402,0.7206074114838915,Cell type 2,Sample 1
-3.1596690244172025,4.489179569994517,Cell type 2,Sample 2
-1.330807129672958,4.866343746735264,Cell type 2,Sample 3
-4.678536874183069,-2.267397757269289,Cell type 2,Sample 1
-2.456436727110633,-4.03763126521874,Cell type 2,Sample 2
-1.263119582904673,-4.878697740127319,Cell type 2,Sample 3
5.171249637007903,-0.6417915610855044,Cell type 2,Sample 1
-4.780177962105898,1.0631836965284902,Cell type 2,Sample 2
-3.732245623998697,3.393420474124923,Cell type 2,Sample 3
-3.890496987554822,-3.7129281592109327,Cell type 2,Sample 1
3.036781790567706,-4.46315116433825,Cell type 2,Sample 2
4.511665057611553,-0.40903896425455083,Cell type 2,Sample 3
-5.236697463321327,-0.16733031553798136,Cell type 2,Sample 1
-4.398675752896585,-3.192006445354279,Cell type 2,Sample 2
-5.1483777279490806,-1.000603137850614,Cell type 2,Sample 3
-4.43484635135035,-2.3067753482034576,Cell type 2,Sample 1
0.05477548299599699,4.6375307132159636,Cell type 2,Sample 2
2.501968039062645,4.093802188544373,Cell type 2,Sample 3
4.594490264194894,-1.940467265382526,Cell type 2,Sample 1
-4.434141461925148,-3.245088042758018,Cell type 2,Sample 2
-2.2732134516759905,4.088656184957231,Cell type 2,Sample 3
-0.7812217347830865,4.677191705698164,Cell type 2,Sample 1
1.9896818531347962,4.334049958036961,Cell type 2,Sample 2
-4.1594230133626695,-3.35246810171102,Cell type 2,Sample 3
4.764385033008568,0.0789076561756268,Cell type 2,Sample 1
-5.01059037795088,0.9194845900603756,Cell type 2,Sample 2
-1.5274474150845976,-4.843477092752645,Cell type 2,Sample 3
-2.2126756664987837,3.9583488819436528,Cell type 2,Sample 1
-1.701043660382113,4.821312857556282,Cell type 2,Sample 2
2.8198241722640542,4.519558545248605,Cell type 2,Sample 3
2.724103871592437,-3.8627111647059826,Cell type 2,Sample 1
3.911602958864959,-2.357838388834887,Cell type 2,Sample 2
-1.834394564468353,-4.592696288531712,Cell type 2,Sample 3
-1.3245027216334921,4.3146172712967905,Cell type 2,Sample 1
4.545472399155344,-0.8733135710257961,Cell type 2,Sample 2
4.104301162705799,-2.4453251666750977,Cell type 2,Sample 3
4.496022413209896,-1.054448520253525,Cell type 2,Sample 1
4.684621545981801,1.6536632851134427,Cell type 2,Sample 2
0.009408997208776592,4.521772353952327,Cell type 2,Sample 3
4.4268430793250655,0.9896928764277308,Cell type 2,Sample 1
-0.7271240206611257,5.328402205808569,Cell type 2,Sample 2
-4.5803744332937315,-0.4686932684603069,Cell type 2,Sample 3
-0.9017050138080184,-5.379266339628459,Cell type 2,Sample 1
0.9100295954345327,4.767100730058434,Cell type 2,Sample 2
-3.243270469129291,-3.3844888770856265,Cell type 2,Sample 3
-1.4556132641123753,5.08851471348933,Cell type 2,Sample 1
-3.469131103822638,3.131220330613352,Cell type 2,Sample 2
-1.2021495668171018,-5.297408063584108,Cell type 2,Sample 3
4.677909538968032,0.42646597183827945,Cell type 2,Sample 1
-1.9820284881373005,-5.091656288148597,Cell type 2,Sample 2
5.110219477235812,-1.1613730778642168,Cell type 2,Sample 3
4.550794858948282,2.522655483640767,Cell type 2,Sample 1
-4.592919528179516,-0.17919798577703433,Cell type 2,Sample 2
2.569542169398716,-4.203347103334655,Cell type 2,Sample 3
-4.51855135467853,0.5829214261952589,Cell type 2,Sample 1
-3.4712585015809254,3.0404056910739907,Cell type 2,Sample 2
5.146771842118618,-1.9318487427856381,Cell type 2,Sample 3
3.857146409831065,3.3717594169395007,Cell type 2,Sample 1
-2.6971655257944116,3.8060406148592096,Cell type 2,Sample 2
-4.447865494736112,1.882784172273515,Cell type 2,Sample 3
-0.8420738859676299,5.294577615377424,Cell type 2,Sample 1
1.8388687835278588,-5.182877168596784,Cell type 2,Sample 2
-4.942499478020339,-1.933832378995377,Cell type 2,Sample 3
4.545318301422976,2.057603639080355,Cell type 2,Sample 1
-5.23383543800504,-1.6509907168244555,Cell type 2,Sample 2
-0.5692654465657532,4.515963343368175,Cell type 2,Sample 3
-3.887779525135009,-2.4457688980581174,Cell type 2,Sample 1
1.725556762774123,4.30949454586713,Cell type 2,Sample 2
-5.407088923899592,0.2603726486862439,Cell type 2,Sample 3
4.965266337881661,-2.261131819403211,Cell type 2,Sample 1
-3.818104640792848,-3.7078894579698587,Cell type 2,Sample 2
-4.622972102313353,-2.407609057157638,Cell type 2,Sample 3
1.1962298235450763,4.559780200063321,Cell type 2,Sample 1
-4.92974638904609,1.5853334296328367,Cell type 2,Sample 2
-4.105174768782927,1.847269675714296,Cell type 2,Sample 3
3.7322324754870744,3.883702299691129,Cell type 2,Sample 1
4.177357087456617,-3.3933803800952473,Cell type 2,Sample 2
2.5083241114216626,4.2928263872222745,Cell type 2,Sample 3
-1.3750986223042208,4.690759838138384,Cell type 2,Sample 1
-4.259525780942139,2.8107465190379353,Cell type 2,Sample 2
1.2583593399808244,4.729596414764971,Cell type 2,Sample 3
2.485589595055772,-3.778119855494608,Cell type 2,Sample 1
-2.792839773799345,-4.677888831232296,Cell type 2,Sample 2
0.3970252060755074,4.5482979124156175,Cell type 2,Sample 3
1.372171767285834,4.85213886854608,Cell type 2,Sample 1
4.467773181568656,-1.6673875677362224,Cell type 2,Sample 2
-3.538513038409532,-3.705755392461737,Cell type 2,Sample 3
0.233527691314826,4.9652856871954345,Cell type 2,Sample 1
3.770470006314799,3.330155185025173,Cell type 2,Sample 2
-5.420691742676763,-0.6286178755372496,Cell type 2,Sample 3
-4.462327624912657,0.8831700379889903,Cell type 2,Sample 1
-4.308259688288721,1.5846351734539135,Cell type 2,Sample 2
-2.7459445083891514,-4.327965956622926,Cell type 2,Sample 3
1.642803854070705,-4.469201572364488,Cell type 2,Sample 1
-1.6966396372247257,-4.825319359304651,Cell type 2,Sample 2
5.143690320562056,1.1767286231655727,Cell type 2,Sample 3
-4.945540463774074,2.0603817941815015,Cell type 2,Sample 1
4.25885004848182,-1.7765250136526443,Cell type 2,Sample 2
-5.482401477971955,0.04203439414753836,Cell type 2,Sample 3
5.311797596012631,0.08206631660884403,Cell type 2,Sample 1
0.8325434093399637,-4.463831878664734,Cell type 2,Sample 2
4.531998257402124,0.4308735787763383,Cell type 2,Sample 3
-3.0005673335653325,-4.059835227322564,Cell type 2,Sample 1
4.457497810659069,-1.3268648864634631,Cell type 2,Sample 2
3.0858454867548026,-3.4070831648567648,Cell type 2,Sample 3
5.128673097466726,1.6721793262680178,Cell type 2,Sample 1
2.5999409063434347,-4.784867941571335,Cell type 2,Sample 2
-4.772788475352962,-2.353380435186395,Cell type 2,Sample 3
-4.148380625557672,1.815895656884212,Cell type 2,Sample 1
3.561691158321961,-3.6492404613882763,Cell type 2,Sample 2
-4.869194151123476,-0.9933529119790744,Cell type 2,Sample 3
1.5723489983410248,5.10701589168576,Cell type 2,Sample 1
2.469999463905213,4.362798379541871,Cell type 2,Sample 2
0.6243878272759229,4.84555665676061,Cell type 2,Sample 3
-5.0409813432949795,-0.22195931105182268,Cell type 2,Sample 1
-4.434787016268169,3.0006894721307114,Cell type 2,Sample 2
-4.829701531403556,1.5042063578077944,Cell type 2,Sample 3
-4.957248074461039,1.0112404109751,Cell type 2,Sample 1
5.143331767650919,-0.21692631501050819,Cell type 2,Sample 2
1.8335823240805207,-4.792365047498091,Cell type 2,Sample 3
-4.014183829704213,3.5599179839507995,Cell type 2,Sample 1
-1.149083524923209,-5.326169514555093,Cell type 2,Sample 2
3.9395287944408413,-3.4599832272223785,Cell type 2,Sample 3
-1.899323833651663,4.6984841880970345,Cell type 2,Sample 1
5.192108578186498,0.7659361758284019,Cell type 2,Sample 2
4.18132388669422,2.6197421068870335,Cell type 2,Sample 3
4.633691547848288,1.712615142209276,Cell type 2,Sample 1
-2.3742984540878456,-4.58105373915319,Cell type 2,Sample 2
5.10584824067487,-0.2699650795072394,Cell type 2,Sample 3
-4.1215511722393385,2.3277069163561053,Cell type 2,Sample 1
-3.94806659552182,3.808097963184087,Cell type 2,Sample 2
-1.4114750742369055,-4.810026233291855,Cell type 2,Sample 3
1.1937390724040453,5.062484987728895,Cell type 2,Sample 1
5.137447779725585,-1.3526270065674524,Cell type 2,Sample 2
-1.2590161573920269,4.5174588024297275,Cell type 2,Sample 3
3.4901997144976904,-3.7688992332014966,Cell type 2,Sample 1
3.8935610029409338,-2.539347748539203,Cell type 2,Sample 2
-0.24382558570706478,4.872475173186846,Cell type 2,Sample 3
3.848943829786138,2.6354485704821933,Cell type 2,Sample 1
4.719795664997649,0.6799679298160186,Cell type 2,Sample 2
-4.363422173269326,-1.2606959942973728,Cell type 2,Sample 3
-4.374825206065825,1.4735684158207085,Cell type 2,Sample 1
-4.801439070104302,1.389952442190323,Cell type 2,Sample 2
5.020041342811693,-1.8176900877174156,Cell type 2,Sample 3
-4.537251829757953,-0.6456806002368461,Cell type 2,Sample 1
-0.9405739811004198,5.363637497377675,Cell type 2,Sample 2
-0.37585083761796156,5.031150890843656,Cell type 2,Sample 3
-4.010357444852045,-3.1409088069888043,Cell type 2,Sample 1
-4.802237304782588,-2.1663456488755672,Cell type 2,Sample 2
-3.182678278427563,3.1867766152625228,Cell type 2,Sample 3
3.4644312866204436,-3.8057830043226426,Cell type 2,Sample 1
-1.8419666256658542,4.985520607116396,Cell type 2,Sample 2
3.2993950190685646,-4.1710759734545535,Cell type 2,Sample 3
-3.4332063248398605,-3.5353958660380687,Cell type 2,Sample 1
5.11121202127908,0.6367401987574918,Cell type 2,Sample 2
-3.20412768409811,-3.4096948734330446,Cell type 2,Sample 3
-5.015076586239253,0.6396290325500248,Cell type 2,Sample 1
-0.7082259752889261,-4.526708245674824,Cell type 2,Sample 2
3.125800380880143,3.4207043824747188,Cell type 2,Sample 3
-4.297639042258544,1.7506306826421347,Cell type 2,Sample 1
-2.1323255748539083,-4.05327583719941,Cell type 2,Sample 2
-3.5663235435900864,-2.905201687892587,Cell type 2,Sample 3
4.690497584957383,0.5109105579219887,Cell type 2,Sample 1
-4.226915321474468,-2.3808948971001587,Cell type 2,Sample 2
-3.4236229279105013,-3.701036749926251,Cell type 2,Sample 3
-3.6083598209676073,-3.775899299925724,Cell type 2,Sample 1
-2.742874805999735,-4.162938197177694,Cell type 2,Sample 2
-3.572313495214438,-2.795580807372773,Cell type 2,Sample 3
0.30147066369560516,4.721750698512554,Cell type 2,Sample 1
2.9812352983954367,-4.315518707402388,Cell type 2,Sample 2
-1.2022026781155712,4.64778505555716,Cell type 2,Sample 3
4.975259342705282,0.9281394402127151,Cell type 2,Sample 1
4.026656265038782,2.86045737868717,Cell type 2,Sample 2
3.798206178956432,3.6933900034467673,Cell type 2,Sample 3
-4.381634892338705,2.5449803118940646,Cell type 2,Sample 1
4.991710177648507,0.8751014367241507,Cell type 2,Sample 2
4.52098550684261,2.6608535160558007,Cell type 2,Sample 3
-0.4828445340843393,4.804328375521764,Cell type 2,Sample 1
-1.983583546291039,4.957671127082081,Cell type 2,Sample 2
1.746858238465802,-4.630677859192996,Cell type 2,Sample 3
-4.853269403870261,-2.281084307171647,Cell type 2,Sample 1
2.8681539495161887,-4.343509938680222,Cell type 2,Sample 2
-2.8115396484496253,-3.878952698275195,Cell type 2,Sample 3
3.3860897707744413,3.3256385392333128,Cell type 2,Sample 1
2.0348070878590425,4.712007994729079,Cell type 2,Sample 2
-4.101604554522933,1.9954204321224578,Cell type 2,Sample 3
4.364283332241276,1.6011416740589912,Cell type 2,Sample 1
-4.536006937848042,-1.0350083304655682,Cell type 2,Sample 2
1.1301321230871708,5.163199797173176,Cell type 2,Sample 3
4.499730517203875,3.0713196360330395,Cell type 2,Sample 1
-5.080376787915654,-1.9436893541167435,Cell type 2,Sample 2
2.849600908513245,3.928099183749256,Cell type 2,Sample 3
4.117841328910272,-2.555675522966277,Cell type 2,Sample 1
-3.489396296741242,2.972080177579941,Cell type 2,Sample 2
-5.069473409051521,0.5395670257559178,Cell type 2,Sample 3
-3.3766482662535844,3.7454785770666863,Cell type 2,Sample 1
2.1775896494640192,-5.0313276798496425,Cell type 2,Sample 2
1.0118044715367365,-5.228189291661033,Cell type 2,Sample 3
0.5407512143322216,-5.363508614567428,Cell type 2,Sample 1
-4.765699141274523,0.2166487602127979,Cell type 2,Sample 2
3.9639165502478417,2.2177635735914345,Cell type 2,Sample 3
5.19433754519833,1.5827105113880333,Cell type 2,Sample 1
-4.144992419799946,-3.0377441190864953,Cell type 2,Sample 2
2.912710412698422,-4.402205340942514,Cell type 2,Sample 3
4.397253221468637,-2.4124099165461375,Cell type 2,Sample 1
-0.7253436290138426,5.095845249872721,Cell type 2,Sample 2
-1.0788172875723303,-4.57104458335781,Cell type 2,Sample 3
4.260426508082983,1.8267656038485822,Cell type 2,Sample 1
3.72572867382379,-3.672710479635989,Cell type 2,Sample 2
1.8611528530298806,5.000799978877881,Cell type 2,Sample 3
-4.0771988327340205,-3.1789205598909422,Cell type 2,Sample 1
-4.444704423700576,1.0953538179670448,Cell type 2,Sample 2
-4.676953766069731,-2.7127992719862775,Cell type 2,Sample 3
-3.8208878974888796,3.5589973278255025,Cell type 2,Sample 1
-1.4429600723285778,-4.484279003985608,Cell type 2,Sample 2
4.3087077837734675,-3.2860425996059677,Cell type 2,Sample 3
5.183123550579369,0.3635575468126488,Cell type 2,Sample 1
-1.0506784689486355,5.213747169520322,Cell type 2,Sample 2
-1.424476383669109,-4.960867058004699,Cell type 2,Sample 3
4.636172269036852,-2.1253009353027505,Cell type 2,Sample 1
3.023013932528495,-4.1790885180115716,Cell type 2,Sample 2
5.464494390687203,-0.20451293179769595,Cell type 2,Sample 3
4.4540223658604825,1.3054156333120455,Cell type 2,Sample 1
2.594463625462525,3.8316361284338663,Cell type 2,Sample 2
-3.7648376206167624,-2.7670416657463814,Cell type 2,Sample 3
-5.345540599741175,-0.7932308494927668,Cell type 2,Sample 1
3.4310500659316068,-2.938395215323617,Cell type 2,Sample 2
1.9912500577143895,4.370485676361634,Cell type 2,Sample 3
-3.8380581937315927,3.9099741329946562,Cell type 2,Sample 1
-0.4537417477039053,-5.203521145591034,Cell type 2,Sample 2
2.769393489828075,4.365620790900282,Cell type 2,Sample 3
2.141500566835802,-4.242420182910091,Cell type 2,Sample 1
5.142548935407985,0.8330413613152948,Cell type 2,Sample 2
-3.7256024427288987,3.4044510509574275,Cell type 2,Sample 3
-3.9058297093577736,2.5277077549883065,Cell type 2,Sample 1
0.4578751800941151,4.690120636775508,Cell type 2,Sample 2
0.3645824474869583,-4.83320735774881,Cell type 2,Sample 3
4.1460955923840155,3.4563672729272836,Cell type 2,Sample 1
0.175135377504735,5.412738096998982,Cell type 2,Sample 2
-0.07172007936142745,-4.870630404361194,Cell type 2,Sample 3
-3.426521980234372,-3.944510360802063,Cell type 2,Sample 1
-5.141382599187146,-0.052944952617172296,Cell type 2,Sample 2
4.540648497264344,1.7318829823658073,Cell type 2,Sample 3
0.27186762700199374,4.912569125274993,Cell type 2,Sample 1
0.8137552998006914,4.8538480586156165,Cell type 2,Sample 2
2.9441446763049313,4.424759663250251,Cell type 2,Sample 3
-5.087676225342162,-1.2847345221753461,Cell type 2,Sample 1
4.4962035538268434,1.9814096229819558,Cell type 2,Sample 2
-2.752703589267594,3.628221801266019,Cell type 2,Sample 3
-3.9633846462487603,-3.6834201509913505,Cell type 2,Sample 1
-1.912245838866617,-4.938103613267668,Cell type 2,Sample 2
4.644718431747665,-1.1656495248952061,Cell type 2,Sample 3
-2.4312547616903313,-4.830313733365724,Cell type 2,Sample 1
-4.680497261210216,0.0011245127443186293,Cell type 2,Sample 2
-5.353739193770884,-0.0027154072520883,Cell type 2,Sample 3
0.22201180420193586,5.309304478579766,Cell type 2,Sample 1
5.084961709014796,-0.42120129261277073,Cell type 2,Sample 2
-4.602529265733367,-0.4756518758805033,Cell type 2,Sample 3
4.868918559223263,0.35946987301958644,Cell type 2,Sample 1
-4.2188961833950955,1.777369918737045,Cell type 2,Sample 2
0.17418935471639538,-5.07803875875937,Cell type 2,Sample 3
-3.85939787917666,-3.2084979348470912,Cell type 2,Sample 1
-2.3190268254036033,4.373469270964475,Cell type 2,Sample 2
-1.3533397796587392,-5.144142287689028,Cell type 2,Sample 3
0.6966922687986145,-4.978803843687575,Cell type 2,Sample 1
3.47395840204952,3.490327593591124,Cell type 2,Sample 2
5.008591716950126,2.224153409839939,Cell type 2,Sample 3
1.0821953809593463,4.774299209772261,Cell type 2,Sample 1
-1.4607777318142603,-4.302109884534546,Cell type 2,Sample 2
4.53556589721227,-2.3359694352001017,Cell type 2,Sample 3
-1.6448659451607301,4.742241647684662,Cell type 2,Sample 1
-4.37507997778886,-2.758725940241384,Cell type 2,Sample 2
3.2183997343201396,4.418675085925185,Cell type 2,Sample 3
4.403730962826193,-2.148897997440167,Cell type 2,Sample 1
-3.7472295559222206,-3.009041291458826,Cell type 2,Sample 2
3.9824748467440223,-2.876699108130197,Cell type 2,Sample 3
-4.441288162336921,0.8348381461947315,Cell type 2,Sample 1
1.308868456775654,-4.392778646627477,Cell type 2,Sample 2
-4.727338827058198,0.7517298006215657,Cell type 2,Sample 3
-3.6251153279806325,2.8035909157348673,Cell type 2,Sample 1
3.715415982359032,3.0602775000824622,Cell type 2,Sample 2
-4.0366208458989705,-2.4810900381909105,Cell type 2,Sample 3
4.843148882199022,1.664043174415134,Cell type 2,Sample 1
4.492176909174588,-1.0405223724148691,Cell type 2,Sample 2
-5.2041670711455525,-0.6480513164180851,Cell type 2,Sample 3
-4.519424477514589,2.2554876610413466,Cell type 2,Sample 1
0.7232886357147313,-4.653029642137345,Cell type 2,Sample 2
5.111040436175815,-0.8485817124180478,Cell type 2,Sample 3
-1.62082902641008,-5.102297263618604,Cell type 2,Sample 1
2.5477306816193432,-4.730577434582736,Cell type 2,Sample 2
2.240220314723571,4.764712875965532,Cell type 2,Sample 3
-1.7189004020240484,-4.634082019154423,Cell type 2,Sample 1
5.279563875958224,0.10513178449210163,Cell type 2,Sample 2
-1.1111139471715652,4.628954011231733,Cell type 2,Sample 3
-4.862992578678353,0.5805033484703571,Cell type 2,Sample 1
1.8506896427316888,4.254450862070216,Cell type 2,Sample 2
5.361088497669467,0.33128983839923487,Cell type 2,Sample 3
-4.312032707347745,-1.2998535943983005,Cell type 2,Sample 1
1.7683014938613195,4.814683147198192,Cell type 2,Sample 2
-4.571528357502251,2.567879576881679,Cell type 2,Sample 3
-2.287833806851708,4.771282063265213,Cell type 2,Sample 1
-4.069218119111806,2.6983508981649464,Cell type 2,Sample 2
3.9471414959480065,-2.6764543687174553,Cell type 2,Sample 3
2.970373720255026,3.642314829642775,Cell type 2,Sample 1
0.49590031866277867,-5.408285502487888,Cell type 2,Sample 2
-1.00670348370596,-5.046515330516852,Cell type 2,Sample 3
-3.8742129403608865,-3.461530526207279,Cell type 2,Sample 1
4.122444619508058,-2.487676211478771,Cell type 2,Sample 2
2.4572590910587726,-3.8870082045744967,Cell type 2,Sample 3
-4.469928490696766,1.589070990324669,Cell type 2,Sample 1
5.050965063575904,0.16319417763438823,Cell type 2,Sample 2
2.5828097377354213,-4.532614907833406,Cell type 2,Sample 3
-3.3498434892439026,3.5976016106748143,Cell type 2,Sample 1
0.44287840167292386,4.662079503900241,Cell type 2,Sample 2
2.672037163601529,-4.283332810442533,Cell type 2,Sample 3
-4.500680186353709,-0.5655043178766456,Cell type 2,Sample 1
-1.0676907638225692,4.676592825776425,Cell type 2,Sample 2
-2.265833754836152,-4.6852825041139425,Cell type 2,Sample 3
-5.400661409253258,0.8365227639523203,Cell type 2,Sample 1
-5.177256599026777,-1.2957806968489867,Cell type 2,Sample 2
4.681396748271729,-1.3583611396281374,Cell type 2,Sample 3
2.029750897885765,4.879454097065522,Cell type 2,Sample 1
-2.420162961047654,4.6382171607160405,Cell type 2,Sample 2
-2.233026504499496,-4.669527005269687,Cell type 2,Sample 3
5.097218046938271,1.5175369732904935,Cell type 2,Sample 1
-4.443902001541818,2.8602200021970434,Cell type 2,Sample 2
4.402010633670328,1.0182419553495081,Cell type 2,Sample 3
-3.207297974169956,3.399909016998974,Cell type 2,Sample 1
4.00051857761342,2.6191568154136204,Cell type 2,Sample 2
-1.327474102105831,-5.022826328239929,Cell type 2,Sample 3
-3.143797369262662,3.4081805259099114,Cell type 2,Sample 1
-0.605140109305954,4.587378793854667,Cell type 2,Sample 2
-2.279312925477,-4.829764479308988,Cell type 2,Sample 3
3.699995843624136,-3.2067342980299167,Cell type 2,Sample 1
1.8137005766178236,4.90769828114981,Cell type 2,Sample 2
0.038526925410922876,5.369350723752687,Cell type 2,Sample 3
-3.108764754475804,-4.038808947038597,Cell type 2,Sample 1
3.1961146624830867,3.823655182173909,Cell type 2,Sample 2
2.5850683887808,4.328521649696247,Cell type 2,Sample 3
-3.7417567702489376,-3.799330196360889,Cell type 2,Sample 1
-4.615814013479182,-1.7291346650677348,Cell type 2,Sample 2
1.34311531232484,-4.58689836267169,Cell type 2,Sample 3
-4.6126976286848445,0.9074245156012557,Cell type 2,Sample 1
-0.33549830228767,4.643604527929541,Cell type 2,Sample 2
-3.8448937570838813,3.3343079249496785,Cell type 2,Sample 3
0.8623740959672016,4.730456084049838,Cell type 2,Sample 1
-4.156039010233995,-2.7177888950109197,Cell type 2,Sample 2
1.9702773676625296,4.631527375732609,Cell type 2,Sample 3
4.360566729539722,-1.9150875456759355,Cell type 2,Sample 1
3.1414662925856995,3.4241576381665593,Cell type 2,Sample 2
-2.5534660987611977,4.431590033364608,Cell type 2,Sample 3
-2.5998193171307653,-4.743486970457758,Cell type 2,Sample 1
2.671109254534066,4.062665239936501,Cell type 2,Sample 2
-3.6776004246843863,-2.7846342423306023,Cell type 2,Sample 3
4.685021055289177,2.3609750649041534,Cell type 2,Sample 1
4.424776335966252,2.277702946205576,Cell type 2,Sample 2
1.8835015752680075,4.696754129380568,Cell type 2,Sample 3
4.639737139358339,-0.7029901009061837,Cell type 2,Sample 1
4.914361100938294,2.1100127888679276,Cell type 2,Sample 2
-4.548393733153632,1.1404762742372483,Cell type 2,Sample 3
-2.0138436147357646,4.056583754882632,Cell type 2,Sample 1
-4.143329882784857,3.5402086069387875,Cell type 2,Sample 2
-3.346506525664415,-4.079689140937897,Cell type 2,Sample 3
1.1960239036823204,5.077765822892266,Cell type 2,Sample 1
-2.350636168608122,-4.28390224691249,Cell type 2,Sample 2
4.200431514868996,1.8710009704151473,Cell type 2,Sample 3
-5.3727272936359,-1.0118945792667502,Cell type 2,Sample 1
-5.056041642476253,-0.0070521070461103605,Cell type 2,Sample 2
4.99761504715799,-1.6918604119820542,Cell type 2,Sample 3
-5.188138686036546,0.42894105902346863,Cell type 2,Sample 1
3.332001911240083,-3.277422662880884,Cell type 2,Sample 2
-2.84347481787106,4.098057804598037,Cell type 2,Sample 3
1.2917904910356213,-5.173849835149038,Cell type 2,Sample 1
-4.639626864541211,0.30082891578708454,Cell type 2,Sample 2
-4.926430373311867,0.7298916389741789,Cell type 2,Sample 3
5.088523753960461,0.5239408234829119,Cell type 2,Sample 1
-5.169536331303376,0.04373562351426836,Cell type 2,Sample 2
-4.704297743791001,-1.329673140205048,Cell type 2,Sample 3
-3.632699955124015,3.094016930046347,Cell type 2,Sample 1
-2.0720318304119587,4.015771855670446,Cell type 2,Sample 2
-3.2544909443293277,-4.085477261523674,Cell type 2,Sample 3
-5.281332577685522,1.3569487399344258,Cell type 2,Sample 1
-2.9271013040647365,3.6054977576651477,Cell type 2,Sample 2
-3.6499194287762364,3.972043602906476,Cell type 2,Sample 3
5.005820761218993,-0.4097851228767923,Cell type 2,Sample 1
1.4599347133714267,4.353257547957463,Cell type 2,Sample 2
4.938984643717998,-1.2352772901046654,Cell type 2,Sample 3
1.4794551808601129,5.0430845083847755,Cell type 2,Sample 1
4.350136755059498,2.3285438266129734,Cell type 2,Sample 2
5.076878175291011,-0.9882061209867049,Cell type 2,Sample 3
0.028211333878757447,4.954214418250674,Cell type 2,Sample 1
1.5844114314753488,-5.047829211082144,Cell type 2,Sample 2
4.738194253014178,2.7748590691688997,Cell type 2,Sample 3
2.0744081800767393,-4.027454426391093,Cell type 2,Sample 1
-1.9024030351717554,-4.616944009255512,Cell type 2,Sample 2
4.188650440571583,2.2855707357843897,Cell type 2,Sample 3
0.005020797452678266,4.857640158388821,Cell type 2,Sample 1
4.791870501423324,-1.6122056137108083,Cell type 2,Sample 2
-4.301192868718743,-2.92516265340902,Cell type 2,Sample 3
-4.619868759692854,-2.0264385614532325,Cell type 2,Sample 1
-4.674430753860989,-2.848591859506661,Cell type 2,Sample 2
4.884310793188722,1.3184796791095048,Cell type 2,Sample 3
4.707847887115738,0.10975521869840833,Cell type 2,Sample 1
-4.2254743389903995,-2.998247432196783,Cell type 2,Sample 2
2.8108481233517475,-3.9769026539607197,Cell type 2,Sample 3
5.428389446917178,-0.5565384759220582,Cell type 2,Sample 1
4.513484346183996,-0.41275469907822737,Cell type 2,Sample 2
-1.608954699569071,-4.475706691663738,Cell type 2,Sample 3
-3.8429115828843363,-3.4039400020754855,Cell type 2,Sample 1
-4.972245487233563,-1.8233161013369041,Cell type 2,Sample 2
-1.6465056667662934,-4.193256601993876,Cell type 2,Sample 3
-3.963156342364566,-2.2919915074856014,Cell type 2,Sample 1
-4.347841614406401,-1.2565626466650777,Cell type 2,Sample 2
4.177107627462697,1.9992250231376,Cell type 2,Sample 3
-3.869488203641687,-3.6654314773451766,Cell type 2,Sample 1
-0.42954144370463526,5.204168847195065,Cell type 2,Sample 2
4.371324240561706,-1.451667048745559,Cell type 2,Sample 3
4.0783636789992865,2.185833898983835,Cell type 2,Sample 1
-1.880262758653045,-4.787200345447726,Cell type 2,Sample 2
-4.512549130496712,-2.258841569675099,Cell type 2,Sample 3
4.397418750990247,1.7914026518087431,Cell type 2,Sample 1
0.8284023057952079,-4.472889965170202,Cell type 2,Sample 2
-1.6395567061209488,-4.3772190917390965,Cell type 2,Sample 3
2.0813050617668725,4.798315229102469,Cell type 2,Sample 1
2.1608695713375266,4.454862501324967,Cell type 2,Sample 2
-1.1148457883761544,-5.195977170196616,Cell type 2,Sample 3
-3.7248370279976677,4.0416104233809,Cell type 2,Sample 1
-4.725229101321555,1.771311403474825,Cell type 2,Sample 2
2.654871042549668,4.038479253032991,Cell type 2,Sample 3
4.398622090389523,-2.8232026172467424,Cell type 2,Sample 1
2.187393756748558,4.588720612372159,Cell type 2,Sample 2
1.048156550971468,5.107511220443337,Cell type 2,Sample 3
-5.273144441334425,0.656052659973841,Cell type 2,Sample 1
-1.1098940125249932,5.328281974672589,Cell type 2,Sample 2
1.2988810604425518,-4.516447425133409,Cell type 2,Sample 3
-5.36940043962624,1.1825954672174335,Cell type 2,Sample 1
-4.206294208344282,-3.0910357516785085,Cell type 2,Sample 2
3.877280957941238,3.5006417635315015,Cell type 2,Sample 3
1.6919765089981356,5.042990528724044,Cell type 2,Sample 1
3.5756381790546112,-4.1231648327195805,Cell type 2,Sample 2
-0.1550265467870521,4.704593508347136,Cell type 2,Sample 3
-3.716392646746846,-2.986270408820653,Cell type 2,Sample 1
-1.282689428690135,-4.71873395769088,Cell type 2,Sample 2
4.991592642831727,1.0700240691371634,Cell type 2,Sample 3
-1.2923417031534365,-4.868154103684426,Cell type 2,Sample 1
-5.02340365253293,0.46889762256887674,Cell type 2,Sample 2
4.610394674916818,-2.3946684119849473,Cell type 2,Sample 3
3.0282716869434325,-4.322158075847929,Cell type 2,Sample 1
2.033176420719553,4.070586506696393,Cell type 2,Sample 2
4.2988941182007645,-1.853511445123826,Cell type 2,Sample 3
-3.912973002128043,3.2062172168047787,Cell type 2,Sample 1
4.817524387116236,-0.5292028264895439,Cell type 2,Sample 2
-1.4470586184985994,-4.862356733212933,Cell type 2,Sample 3
1.2292293488755235,-5.211030325231439,Cell type 2,Sample 1
5.350462802587111,0.8592757541049764,Cell type 2,Sample 2
-1.3873930727675576,-4.935301194278016,Cell type 2,Sample 3
3.3347153231441773,3.83508645001358,Cell type 2,Sample 1
-0.1988242572379851,-4.826080002833986,Cell type 2,Sample 2
-0.48106902735432705,-4.774944825493208,Cell type 2,Sample 3
2.082410514652108,-4.286584691771106,Cell type 2,Sample 1
-4.848661275664367,2.022115759613738,Cell type 2,Sample 2
-0.884121658018642,5.120665962043752,Cell type 2,Sample 3
-4.548346756067113,2.300943066156742,Cell type 2,Sample 1
-4.436629934560779,1.2413754325340651,Cell type 2,Sample 2
-4.9482479784445585,-0.7281092978398309,Cell type 2,Sample 3
4.399549944989694,-3.0120028090698296,Cell type 2,Sample 1
-3.963648544171439,2.7026429666220286,Cell type 2,Sample 2
4.583238601503952,-2.007886638675332,Cell type 2,Sample 3
4.491394470661139,0.8138780163974053,Cell type 2,Sample 1
-1.3571996868206815,-4.645983736654082,Cell type 2,Sample 2
-2.2084887388947685,4.602556377665659,Cell type 2,Sample 3
4.320447780220014,1.6977607873812437,Cell type 2,Sample 1
4.90899369229222,1.4855812517328866,Cell type 2,Sample 2
-0.5795994792745406,4.796026302258672,Cell type 2,Sample 3
1.833816667641283,-4.329839292874387,Cell type 2,Sample 1
-3.839036410068507,-2.7525253255762987,Cell type 2,Sample 2
3.6520024817910395,-4.081334960882971,Cell type 2,Sample 3
-5.023475177185924,-0.779369655819365,Cell type 2,Sample 1
2.818501800883839,4.659203807749118,Cell type 2,Sample 2
5.296388082632188,-0.7707535629855106,Cell type 2,Sample 3
5.352469431431816,1.2621010570648572,Cell type 2,Sample 1
-1.0086695870169406,-4.625779138469795,Cell type 2,Sample 2
-4.476873100285848,1.758273702988977,Cell type 2,Sample 3
-4.076121601599886,-3.3078217831853314,Cell type 2,Sample 1
-4.34760534848885,-1.1784399917267168,Cell type 2,Sample 2
-3.289940860180807,-3.205499640304803,Cell type 2,Sample 3
4.416752392798215,-2.069237388210466,Cell type 2,Sample 1
-5.199012239057619,1.0065698852044773,Cell type 2,Sample 2
2.1287341573298666,-4.623184168074815,Cell type 2,Sample 3
-1.9912755138708993,4.5249392088352725,Cell type 2,Sample 1
4.720054241503756,-2.0140311380923115,Cell type 2,Sample 2
-1.3304104478244332,4.768243600498154,Cell type 2,Sample 3
-4.167301436807647,-2.058433045290609,Cell type 2,Sample 1
-4.527117911043114,-1.351699594370363,Cell type 2,Sample 2
-4.130516057885894,3.2667298337632897,Cell type 2,Sample 3
3.0715555201985625,4.1589184384569275,Cell type 2,Sample 1
-4.022189164338673,2.958384025585657,Cell type 2,Sample 2
1.2620934206384606,4.54087091946667,Cell type 2,Sample 3
4.9680627675508315,-0.22068840557776082,Cell type 2,Sample 1
-3.6513340255699025,3.722118836340659,Cell type 2,Sample 2
1.982708814267101,4.7236272325027775,Cell type 2,Sample 3
4.590264292210521,-1.890187792296262,Cell type 2,Sample 1
4.992096079837766,0.1673502566589639,Cell type 2,Sample 2
1.2846150999200527,-4.503665117036045,Cell type 2,Sample 3
1.9212089629761708,-4.948915553999879,Cell type 2,Sample 1
5.133672530227915,1.1619792819260941,Cell type 2,Sample 2
-4.291965509980842,-1.8946064565515086,Cell type 2,Sample 3
1.8684169553841163,5.168353292267683,Cell type 2,Sample 1
3.845001058288193,-3.4738769804948046,Cell type 2,Sample 2
3.593793644675095,4.102099513355154,Cell type 2,Sample 3
-5.426809896443621,-0.39418855438074285,Cell type 2,Sample 1
2.9166593154933285,3.8856813607523852,Cell type 2,Sample 2
-5.294969367595924,0.5416524691526117,Cell type 2,Sample 3
1.2561035826929563,5.277397599789554,Cell type 2,Sample 1
1.867863778742024,-4.615886618982254,Cell type 2,Sample 2
1.6729608916814735,-4.636694241898801,Cell type 2,Sample 3
-4.267882197038636,-2.5346929299796384,Cell type 2,Sample 1
0.12176969675950844,4.750558705955031,Cell type 2,Sample 2
-3.9008094835295446,3.5195547344415754,Cell type 2,Sample 3
-5.153351716901579,-0.25122278017143546,Cell type 2,Sample 1
5.053904370578045,-0.31683381511246844,Cell type 2,Sample 2
-5.425811177642495,-0.36910821418180634,Cell type 2,Sample 3
-4.63350478052356,-0.05261709590451022,Cell type 2,Sample 1
5.093374158900177,-1.8934843484669264,Cell type 2,Sample 2
-0.35741570918939064,-5.195271097841568,Cell type 2,Sample 3
3.261666975360191,-3.4178663445881248,Cell type 2,Sample 1
2.3390960504783025,-4.785186535036441,Cell type 2,Sample 2
1.0822865901706535,-5.093739518041678,Cell type 2,Sample 3
-4.52200418426016,-0.8216274568209033,Cell type 2,Sample 1
1.0148855325404176,4.38697787168492,Cell type 2,Sample 2
4.328042949260878,-2.800735941166443,Cell type 2,Sample 3
-3.321413886963895,-3.0891028276471086,Cell type 2,Sample 1
-1.6969871202316305,-4.7721201287114585,Cell type 2,Sample 2
0.05426028453934593,4.806511935982924,Cell type 2,Sample 3
4.115331224572583,2.2669990583499535,Cell type 2,Sample 1
1.7275964958201933,-4.771746375019564,Cell type 2,Sample 2
4.784456183687,2.33317514627543,Cell type 2,Sample 3
-1.1724755206981987,4.35870098114533,Cell type 2,Sample 1
-4.455326766185848,-0.9864279793881927,Cell type 2,Sample 2
-4.918891652780018,1.9235194061128156,Cell type 2,Sample 3
-5.126811089449233,-1.019593856046685,Cell type 2,Sample 1
3.6895800722430643,-3.7138861111074553,Cell type 2,Sample 2
0.4874606198965996,-4.854786550688425,Cell type 2,Sample 3
1.4637319385724048,-4.430091875910942,Cell type 2,Sample 1
-2.4415466308643072,4.594502637852494,Cell type 2,Sample 2
4.964277950863788,1.7947079994179729,Cell type 2,Sample 3
-1.9635363963130856,-5.054484557202509,Cell type 2,Sample 1
-4.526993824574581,-2.299639085927937,Cell type 2,Sample 2
-3.4982080132839117,-4.1994313129472225,Cell type 2,Sample 3
4.111509001402725,-2.9520250868787015,Cell type 2,Sample 1
-0.348540377575449,-5.341466002063654,Cell type 2,Sample 2
-4.670073640911516,1.865615745591707,Cell type 2,Sample 3
-4.857685590814031,2.477030338375906,Cell type 2,Sample 1
0.6666766811868071,4.992614839237901,Cell type 2,Sample 2
0.16493048063934132,4.975991548714718,Cell type 2,Sample 3
-4.466910691095341,2.3372111855583433,Cell type 2,Sample 1
5.072755960744027,-1.787183476926319,Cell type 2,Sample 2
-4.77128705327431,0.4215064591962569,Cell type 2,Sample 3
4.705054663681765,-2.1893033019309027,Cell type 2,Sample 1
-4.317466148344781,2.2052092888121595,Cell type 2,Sample 2
4.2286153833070115,-3.5084946329541897,Cell type 2,Sample 3
-5.083706126323092,1.3199431573653355,Cell type 2,Sample 1
4.890129664412313,-1.1619641620706014,Cell type 2,Sample 2
-3.9077845967579474,3.4723294949627217,Cell type 2,Sample 3
1.1136542120676214,-4.992725171414995,Cell type 2,Sample 1
5.473779153746269,0.41067183941375374,Cell type 2,Sample 2
-4.303990724536153,2.1806220124430977,Cell type 2,Sample 3
2.0348151036059674,4.539337713906041,Cell type 2,Sample 1
0.6727866100499517,-5.26132224751296,Cell type 2,Sample 2
-2.5146704628253542,4.339301835945719,Cell type 2,Sample 3
1.3828888087576945,4.896513781119808,Cell type 2,Sample 1
-5.306856512669888,1.297608286802736,Cell type 2,Sample 2
0.532097797806982,-5.087270480697885,Cell type 2,Sample 3
4.2299919585482115,-1.8857949012105308,Cell type 2,Sample 1
4.768439931861836,-0.671959821129062,Cell type 2,Sample 2
-4.706478624806637,0.22010816017494841,Cell type 2,Sample 3
4.7252379471237305,-1.0251632161543647,Cell type 2,Sample 1
-4.923853032759542,1.09274375890039,Cell type 2,Sample 2
-0.44214422123451513,-5.013138622990412,Cell type 2,Sample 3
-4.589201077949906,0.07956181779616639,Cell type 2,Sample 1
-1.2962831917181457,4.413649883122052,Cell type 2,Sample 2
4.657610485252654,-2.2583164323914553,Cell type 2,Sample 3
-4.022367298929507,2.288751035763631,Cell type 2,Sample 1
0.2129860297495186,5.014094777708675,Cell type 2,Sample 2
2.8526792100923752,4.683007424421641,Cell type 2,Sample 3
-4.13700600720716,3.445421715120316,Cell type 2,Sample 1
5.0820643650534425,-1.4386463891634373,Cell type 2,Sample 2
-4.286664155922911,-2.2370916516597625,Cell type 2,Sample 3
-3.9771288265297655,2.845516195912253,Cell type 2,Sample 1
-1.3296906966661934,4.882275033253085,Cell type 2,Sample 2
-4.435249133866249,3.1708992826054203,Cell type 2,Sample 3
-4.742468901449866,-2.763409118577411,Cell type 2,Sample 1
-4.60581291928817,-1.1082400239991455,Cell type 2,Sample 2
4.843946365353045,0.9915317304115729,Cell type 2,Sample 3
-4.778581549824247,0.6030749298705771,Cell type 2,Sample 1
-4.065308858757809,2.423316204427148,Cell type 2,Sample 2
4.47418589773901,-1.9612877130211546,Cell type 2,Sample 3
-3.2038700179651496,4.169041386636259,Cell type 2,Sample 1
3.954124176751811,2.5394684517777515,Cell type 2,Sample 2
-4.540907802707098,-0.43658018078762567,Cell type 2,Sample 3
3.064348163674935,-4.336160538055985,Cell type 2,Sample 1
-2.2920691322962776,-4.326291743361169,Cell type 2,Sample 2
-1.6965086702397747,-5.061115221702365,Cell type 2,Sample 3
1.5231336966896025,4.909661622271327,Cell type 2,Sample 1
-4.511782936810176,-0.2036460815101334,Cell type 2,Sample 2
-5.144044313003444,1.880684147671728,Cell type 2,Sample 3
-2.0784961246562594,4.031370920481522,Cell type 2,Sample 1
2.995669285164824,-4.351267021375809,Cell type 2,Sample 2
-0.6681257757157835,-4.676549958686247,Cell type 2,Sample 3
-4.049251276700358,-1.9977584776708621,Cell type 2,Sample 1
4.629206016127587,1.3726960481802488,Cell type 2,Sample 2
-3.5232252923991676,2.914822320735823,Cell type 2,Sample 3
4.052929152560901,-2.027534728629321,Cell type 2,Sample 1
-2.5815531870412713,-4.346818688516652,Cell type 2,Sample 2
-3.397834734715636,3.314619332154867,Cell type 2,Sample 3
5.183420228941472,-0.7267889381877097,Cell type 2,Sample 1
4.547449549934217,2.532507239150317,Cell type 2,Sample 2
-4.207942787548096,3.3384143034780736,Cell type 2,Sample 3
-4.672037125206996,-1.8240085376053226,Cell type 2,Sample 1
-4.526099981535292,1.714927254507002,Cell type 2,Sample 2
-4.217538016854022,-2.6478962969308166,Cell type 2,Sample 3
-1.6341658595087845,4.686560329026726,Cell type 2,Sample 1
-0.35911497331920716,-5.051822119815529,Cell type 2,Sample 2
-3.9302766191595575,3.647922852822483,Cell type 2,Sample 3
3.4519939434363995,3.477786234158077,Cell type 2,Sample 1
0.2599633037961435,-5.181635272016702,Cell type 2,Sample 2
-4.996798099771376,-0.48697477677966144,Cell type 2,Sample 3
3.8664086281075236,3.685132728884899,Cell type 2,Sample 1
-1.413753594670031,4.806191763268155,Cell type 2,Sample 2
-3.2293044062874685,4.339126744223229,Cell type 2,Sample 3
5.078271419968795,1.6762285558929093,Cell type 2,Sample 1
-4.982221227011595,0.4269643735047118,Cell type 2,Sample 2
4.912913578736432,-2.460368967320263,Cell type 2,Sample 3
4.505745704128546,0.5376849015676558,Cell type 2,Sample 1
1.4631568267059922,4.994267049233015,Cell type 2,Sample 2
4.533285315649253,2.5672638928644766,Cell type 2,Sample 3
-5.251037252138375,-1.143797130847023,Cell type 2,Sample 1
-0.8493745216377802,4.451963426058633,Cell type 2,Sample 2
-0.13681938992237166,5.207646474850005,Cell type 2,Sample 3
4.057551700334811,2.022691687949808,Cell type 2,Sample 1
-3.4224332819108976,3.9025864634325114,Cell type 2,Sample 2
-4.753139863849357,1.4347259347261407,Cell type 2,Sample 3
4.190230031255229,2.3715084689081447,Cell type 2,Sample 1
1.515152821280486,5.069774800772469,Cell type 2,Sample 2
-2.9504452526663263,-4.144706894581138,Cell type 2,Sample 3
0.2859498228862286,-4.671400969675824,Cell type 2,Sample 1
3.575359482674863,3.4618636359504467,Cell type 2,Sample 2
0.6193922294788036,5.340193733602546,Cell type 2,Sample 3
4.900990675259851,-1.2725425337371714,Cell type 2,Sample 1
1.0604008763262722,4.68978013959359,Cell type 2,Sample 2
-4.797054034881566,1.1629994589205064,Cell type 2,Sample 3
-3.0977032574012178,4.186751678277268,Cell type 2,Sample 1
0.2734627777984584,-4.715073831605219,Cell type 2,Sample 2
0.5415993501443904,5.471499927820763,Cell type 2,Sample 3
3.4818421600931715,3.535886058362252,Cell type 2,Sample 1
-1.39851579060029,5.059798797532497,Cell type 2,Sample 2
0.42627589432650254,5.166380789559729,Cell type 2,Sample 3
0.992051551700827,-5.388107402669852,Cell type 2,Sample 1
2.9114694341833984,4.5497216527757125,Cell type 2,Sample 2
-3.7938415916860193,3.8102756623508403,Cell type 2,Sample 3
-1.5073315407594996,-4.582893840028021,Cell type 2,Sample 1
-3.9700769080757223,3.465500080497062,Cell type 2,Sample 2
-1.129377631141847,-4.777907676904078,Cell type 2,Sample 3
2.024267598812151,5.107531787179616,Cell type 2,Sample 1
-3.581094426356333,-3.432300879880337,Cell type 2,Sample 2
-5.004054579655187,1.553157222383333,Cell type 2,Sample 3
-3.602581105280836,3.5590627762012437,Cell type 2,Sample 1
0.3718243737342616,4.778985223102028,Cell type 2,Sample 2
-3.659745043404772,-3.5035623384739614,Cell type 2,Sample 3
-2.8764099163693575,-3.819289447006373,Cell type 2,Sample 1
5.3510811157348614,0.5371504390204179,Cell type 2,Sample 2
1.9416854687533902,4.439204062834153,Cell type 2,Sample 3
5.105169381502822,1.0111344961183266,Cell type 2,Sample 1
1.9751538317338622,4.5700775898505395,Cell type 2,Sample 2
-4.873689620429597,1.5646197744029557,Cell type 2,Sample 3
5.033664330860641,-0.5215591899044912,Cell type 2,Sample 1
4.656285364554906,1.97356333023197,Cell type 2,Sample 2
-1.4678493209835162,-4.838521272928152,Cell type 2,Sample 3
-4.532872117989166,1.646378308862008,Cell type 2,Sample 1
4.359646257761071,-2.2006039440382774,Cell type 2,Sample 2
4.866556082755284,1.9626333474903526,Cell type 2,Sample 3
-4.779353222728353,1.9474618492421125,Cell type 2,Sample 1
0.9211068640906679,5.290330941079583,Cell type 2,Sample 2
3.736663791523549,3.669351499037941,Cell type 2,Sample 3
4.427491246785449,-0.8935644066983768,Cell type 2,Sample 1
2.1219083099477,-4.884687862764317,Cell type 2,Sample 2
2.5896489440972132,-4.659868965629908,Cell type 2,Sample 3
-1.677538870836523,-4.6819742882408315,Cell type 2,Sample 1
4.480340672762054,-1.1818612221890317,Cell type 2,Sample 2
-0.7479962038338671,5.073079309100658,Cell type 2,Sample 3
4.104570762967994,-2.108026902579398,Cell type 2,Sample 1
-0.0331151878388122,-5.106081581019725,Cell type 2,Sample 2
-2.309518025098644,4.421160004999213,Cell type 2,Sample 3
-4.711344107593898,0.18157330707272695,Cell type 2,Sample 1
-4.965001317245849,2.2330589020567317,Cell type 2,Sample 2
-2.6946962955373066,-3.6777934017316327,Cell type 2,Sample 3
-4.891558352776588,2.4225918798110544,Cell type 2,Sample 1
-2.227276195729849,-4.482941534361798,Cell type 2,Sample 2
2.2765611530480667,-4.662210172064636,Cell type 2,Sample 3
-2.953425443234218,-3.65857004797721,Cell type 2,Sample 1
5.342536818431485,-0.5568135452181506,Cell type 2,Sample 2
-3.6447098425295024,-3.252753907772407,Cell type 2,Sample 3
4.84649637078832,1.6061880427822164,Cell type 2,Sample 1
-1.5044576078925904,5.18276542180867,Cell type 2,Sample 2
5.301098527847957,0.6878374299783077,Cell type 2,Sample 3
-2.5949979230403875,3.7993879845982046,Cell type 2,Sample 1
-4.346045644108554,1.2467071128680833,Cell type 2,Sample 2
-0.4545342434918751,5.252818565210779,Cell type 2,Sample 3
-2.147548665597193,4.815084210545492,Cell type 2,Sample 1
-5.318095519903769,0.9818527764028593,Cell type 2,Sample 2
1.4076978528860815,4.461738905923596,Cell type 2,Sample 3
4.846501285869533,2.418231854458089,Cell type 2,Sample 1
-3.681942704679568,-3.807597275819566,Cell type 2,Sample 2
-4.360172027502655,-2.505803251995927,Cell type 2,Sample 3
3.6706840161319088,3.6059746029043693,Cell type 2,Sample 1
5.107074251723061,-1.6005608066974009,Cell type 2,Sample 2
0.24298549786918222,4.920045645966612,Cell type 2,Sample 3
-3.8541048133522477,-2.5398452275593657,Cell type 2,Sample 1
5.454993097518259,0.1422449136871498,Cell type 2,Sample 2
-2.8624080821925695,-3.562525660773885,Cell type 2,Sample 3
-1.8242029050358524,4.8496164202432,Cell type 2,Sample 1
0.9183356959476284,4.55037921662833,Cell type 2,Sample 2
-3.8291939995905744,2.3915578351219855,Cell type 2,Sample 3
-5.2119092389904065,0.7250487953301851,Cell type 2,Sample 1
-3.443373635577946,-3.726601329792501,Cell type 2,Sample 2
-5.1536833430462945,0.47169531308924495,Cell type 2,Sample 3
-5.468268633833229,-0.5849116266685443,Cell type 2,Sample 1
0.09756519095782087,-4.63246612008527,Cell type 2,Sample 2
-4.899242403835974,-0.832154291874669,Cell type 2,Sample 3
-1.7571640427617445,-4.672978548037904,Cell type 2,Sample 1
4.596820552364908,1.6062363073695642,Cell type 2,Sample 2
-1.935933079603368,4.600622145311893,Cell type 2,Sample 3
2.4679141018334945,3.99934724925268,Cell type 2,Sample 1
-3.4967707516768503,-3.1605277229932973,Cell type 2,Sample 2
-2.3959208517564914,-4.637841702155816,Cell type 2,Sample 3
-3.8508088359360557,3.4672428635957475,Cell type 2,Sample 1
-0.939854429938626,-5.225972286674513,Cell type 2,Sample 2
-4.45620233265743,0.6706058285656982,Cell type 2,Sample 3
0.9299040620101247,-4.766693874492305,Cell type 2,Sample 1
0.1424879525798107,5.458067872998227,Cell type 2,Sample 2
3.50580544021736,4.074877157682292,Cell type 2,Sample 3
-5.260631117295143,1.3004085078054801,Cell type 2,Sample 1
-1.0701168521841193,-5.239633147257197,Cell type 2,Sample 2
-2.241379182836102,-5.0071259128675445,Cell type 2,Sample 3
5.115160511936208,-1.5361552137567176,Cell type 2,Sample 1
2.9070063248295512,4.0037843141011775,Cell type 2,Sample 2
-3.913648227986852,-3.022921299885979,Cell type 2,Sample 3
-3.413408203907646,4.24012550044546,Cell type 2,Sample 1
-3.619135730111394,3.436963636822288,Cell type 2,Sample 2
-2.024807483523646,-4.365607713690732,Cell type 2,Sample 3
4.94176219543148,-0.9526515578697078,Cell type 2,Sample 1
4.9053504123623854,0.37265877975257833,Cell type 2,Sample 2
-4.048488923540278,-2.792172836592252,Cell type 2,Sample 3
-2.902865237071683,-4.620426831961099,Cell type 2,Sample 1
3.674588508836021,3.5409909249571263,Cell type 2,Sample 2
0.6707034624598601,-4.495930108043276,Cell type 2,Sample 3
-5.0324895669925205,0.3115992164655426,Cell type 2,Sample 1
1.61158244666062,-5.002493295236274,Cell type 2,Sample 2
-4.337426810101429,-1.8083691794241226,Cell type 2,Sample 3
4.839842839334167,2.0933657517197863,Cell type 2,Sample 1
-4.835581433414518,-1.2019473694099083,Cell type 2,Sample 2
3.4881939528987282,2.9293595064503983,Cell type 2,Sample 3
0.04115027228986958,-5.272366070488237,Cell type 2,Sample 1
-2.139174746926199,4.430064476033936,Cell type 2,Sample 2
-1.1365085745905077,5.265286152617204,Cell type 2,Sample 3
-4.700183857390101,1.7936992358538417,Cell type 2,Sample 1
4.820470836809545,-1.1323340029883737,Cell type 2,Sample 2
4.994225731649618,-0.662433923488081,Cell type 2,Sample 3
-5.288793676513588,0.5601909693087755,Cell type 2,Sample 1
4.999862019630462,0.882688235453165,Cell type 2,Sample 2
3.2866609947531584,-4.180392822121452,Cell type 2,Sample 3
0.030241912290656082,-4.784091161794866,Cell type 2,Sample 1
4.170304609718387,-3.487255055984421,Cell type 2,Sample 2
4.812191735524764,-1.4574488774475247,Cell type 2,Sample 3
-5.1115699210168914,1.9498021310111457,Cell type 2,Sample 1
5.223702740623989,-0.3177417106139788,Cell type 2,Sample 2
-5.2227963506444315,0.36759395929999505,Cell type 2,Sample 3
-4.376100932605468,3.1556819948199295,Cell type 2,Sample 1
-1.8061609300720158,4.426006385856626,Cell type 2,Sample 2
0.5752098163737682,-4.5381243673101865,Cell type 2,Sample 3
-4.803358982809459,2.600119177337979,Cell type 2,Sample 1
4.034287208854964,3.159816659174767,Cell type 2,Sample 2
4.690057338920523,2.7831673417964695,Cell type 2,Sample 3
-3.1160318346257316,-4.234790023848607,Cell type 2,Sample 1
-4.070996082388537,-2.184817859190577,Cell type 2,Sample 2
4.94022493311183,0.7163314445345347,Cell type 2,Sample 3
-1.466982963744998,-4.261892618062179,Cell type 2,Sample 1
-4.574660954879244,0.19210524422561595,Cell type 2,Sample 2
-5.409904828402847,0.2814061903259129,Cell type 2,Sample 3
1.4878219940675834,-4.81905044493356,Cell type 2,Sample 1
-2.3908848595786876,4.46915474118333,Cell type 2,Sample 2
1.5462397865805217,-4.714679808711753,Cell type 2,Sample 3
3.236931272569439,3.4866197656497673,Cell type 2,Sample 1
4.6881476944401665,1.881068790699252,Cell type 2,Sample 2
3.3448177532542744,3.6946381607465884,Cell type 2,Sample 3
3.8033068608687834,-3.597626463451909,Cell type 2,Sample 1
-0.559688127893139,-5.014144428797834,Cell type 2,Sample 2
5.381626351286702,-0.03258905040636791,Cell type 2,Sample 3
-1.1401554103927944,4.5929784722320575,Cell type 2,Sample 1
-4.738622904998815,-1.5408804244944292,Cell type 2,Sample 2
-0.47360221767009836,-4.5670334692102,Cell type 2,Sample 3
-5.032066132503623,-2.0186195493377195,Cell type 2,Sample 1
4.753882185702884,1.4218864795438169,Cell type 2,Sample 2
-1.5037887640611534,-4.572161941089953,Cell type 2,Sample 3
1.7178502775278441,-4.248347244835243,Cell type 2,Sample 1
-4.909557022815136,-1.7999274242182608,Cell type 2,Sample 2
-4.421393723936539,-3.0979564429055366,Cell type 2,Sample 3
-5.124617484577953,0.03463002421858874,Cell type 2,Sample 1
-4.858361221026469,2.1841812647700585,Cell type 2,Sample 2
-2.7201263619456975,-4.449242039952398,Cell type 2,Sample 3
-0.8818121073855447,-4.905613596859143,Cell type 2,Sample 1
0.022354481226193407,-4.558488474532471,Cell type 2,Sample 2
-2.128570477434936,-4.017297383882396,Cell type 2,Sample 3
-5.311676309638956,-0.9725160874883411,Cell type 2,Sample 1
3.0553585813548976,-4.3232573678782495,Cell type 2,Sample 2
-3.6321312583401566,-3.230405145202894,Cell type 2,Sample 3
-1.3217813783950678,-4.818615522048961,Cell type 2,Sample 1
-4.82057032406376,1.622516815757319,Cell type 2,Sample 2
-2.0014424665608117,4.560956565066343,Cell type 2,Sample 3
-4.032283243107557,3.2429344251836896,Cell type 2,Sample 1
4.3729232703914755,2.0430852940727715,Cell type 2,Sample 2
-3.1104097880582042,-4.023987016196707,Cell type 2,Sample 3
0.9186725384136878,5.219298804844145,Cell type 2,Sample 1
-5.411646818219896,0.34151402223232485,Cell type 2,Sample 2
3.297684924975268,3.136156560255747,Cell type 2,Sample 3
-4.906339372481905,-0.9483980305493754,Cell type 2,Sample 1
-4.068550104189251,3.14652694605906,Cell type 2,Sample 2
4.167430321585276,-2.9181204968986156,Cell type 2,Sample 3
-2.569773609326304,-4.54254573139028,Cell type 2,Sample 1
4.352246579597257,-1.5565141204603117,Cell type 2,Sample 2
-3.369990489805997,4.148569168604828,Cell type 2,Sample 3
1.6099842844594023,4.788018731199642,Cell type 2,Sample 1
3.830861986188727,-3.864009985930733,Cell type 2,Sample 2
2.654948502547402,3.6505800463498357,Cell type 2,Sample 3
4.925205600753898,-0.7598218740565855,Cell type 2,Sample 1
-4.888477597678364,2.0508965992040276,Cell type 2,Sample 2
-2.8278305660205674,-3.592668265962784,Cell type 2,Sample 3
-4.455833141773065,2.066082463019008,Cell type 2,Sample 1
-1.0817243806557233,-5.049691940125001,Cell type 2,Sample 2
-3.8687850948094846,2.4233793447571945,Cell type 2,Sample 3
4.257439561446928,2.2508168941327624,Cell type 2,Sample 1
-4.633989604766035,-0.9963214057995801,Cell type 2,Sample 2
-5.316488750944358,0.5978960846165441,Cell type 2,Sample 3
-5.109297715501841,1.1006929947510586,Cell type 2,Sample 1
5.345741347140388,-1.1835567857820075,Cell type 2,Sample 2
3.0815851063045683,-4.49115998242675,Cell type 2,Sample 3
2.185122319258584,3.9851577350218004,Cell type 2,Sample 1
-3.5396511917777427,3.6859461071439106,Cell type 2,Sample 2
2.930222258869058,3.795884322922277,Cell type 2,Sample 3
-5.023400108716129,0.6472514465730101,Cell type 2,Sample 1
4.669320768342027,2.3597976768226467,Cell type 2,Sample 2
-5.132603662214254,-1.3351306294776326,Cell type 2,Sample 3
-1.29874115088792,4.415500460521349,Cell type 2,Sample 1
-2.6661044425077445,-3.6760984615035586,Cell type 2,Sample 2
-1.0971977727305153,4.956974892494498,Cell type 2,Sample 3
5.232510409812762,1.5523432929892924,Cell type 2,Sample 1
-5.050213982488607,1.987331719408296,Cell type 2,Sample 2
2.3054609533113464,4.389036906540366,Cell type 2,Sample 3
-4.487669633503891,-2.143785681748803,Cell type 2,Sample 1
-5.312486381427456,-1.2778474708321657,Cell type 2,Sample 2
-5.022289054608847,1.0215097440988352,Cell type 2,Sample 3
5.083315644408683,1.7350362261726995,Cell type 2,Sample 1
4.252628871564984,2.3944491634732286,Cell type 2,Sample 2
1.6846059637598807,4.6589225221439055,Cell type 2,Sample 3
1.1088777920145259,4.809669851409386,Cell type 2,Sample 1
-3.5550281177528404,-3.9386501959288145,Cell type 2,Sample 2
-5.187694627073488,0.2604579104174562,Cell type 2,Sample 3
5.409114959879639,-0.11372166861430894,Cell type 2,Sample 1
0.6605397631147397,-4.587272342815472,Cell type 2,Sample 2
-0.2197644773866132,4.8956041694486565,Cell type 2,Sample 3
-4.2610185741937965,3.345671133192896,Cell type 2,Sample 1
5.125963686468078,-0.3650625637653875,Cell type 2,Sample 2
2.843196148184071,4.007655110652864,Cell type 2,Sample 3
-4.413634246910793,2.8645385999931627,Cell type 2,Sample 1
-1.5596030525009497,-4.245501520942031,Cell type 2,Sample 2
3.7263287521641404,-3.9372072740600172,Cell type 2,Sample 3
5.195438853771144,-1.5369887096555486,Cell type 2,Sample 1
2.4977345852184687,4.073093612211266,Cell type 2,Sample 2
-3.520290798772095,-3.578742531307746,Cell type 2,Sample 3
-2.5274124013797947,4.367229749883283,Cell type 2,Sample 1
-2.6369267534557697,-3.82467181331118,Cell type 2,Sample 2
2.3832974249745273,4.180166294249078,Cell type 2,Sample 3
3.9815960784763353,-3.7300944971665015,Cell type 2,Sample 1
2.142098863945013,-4.395473098108806,Cell type 2,Sample 2
0.2432312294043542,4.821818891914012,Cell type 2,Sample 3
-2.039791106635936,4.5721482475247495,Cell type 2,Sample 1
4.954131596612579,-0.1891870194391115,Cell type 2,Sample 2
-5.08112582777308,-0.6185171325984412,Cell type 2,Sample 3
4.1892343404254175,-3.4398943555288164,Cell type 2,Sample 1
-1.2814795156876517,4.491800062500291,Cell type 2,Sample 2
3.754294091044454,3.0513382241913405,Cell type 2,Sample 3
-4.70311418961135,-1.7127986538419635,Cell type 2,Sample 1
2.4385224920184556,4.487005215197176,Cell type 2,Sample 2
4.603175182258776,0.2818952124692102,Cell type 2,Sample 3
4.085284317539021,2.2031802845403416,Cell type 2,Sample 1
-0.1479027586146643,-5.022012820870268,Cell type 2,Sample 2
4.564545476395939,-2.778692964819046,Cell type 2,Sample 3
-4.68016167431425,2.1083631231133424,Cell type 2,Sample 1
3.3070089092095993,3.0744754478391307,Cell type 2,Sample 2
1.5323993701356953,-4.9495784641967875,Cell type 2,Sample 3
0.20527058292173206,-5.220993610930931,Cell type 2,Sample 1
-4.1089775880974155,-2.4690220992321015,Cell type 2,Sample 2
4.79526786886597,-0.8523698891104614,Cell type 2,Sample 3
-5.2745843021838,1.236969631179145,Cell type 2,Sample 1
3.4784436551700066,-3.6238173002329828,Cell type 2,Sample 2
-3.0692473082306093,-3.3302576171540714,Cell type 2,Sample 3
4.580653249345862,2.893295184673581,Cell type 2,Sample 1
-2.950769325413343,3.69699291133285,Cell type 2,Sample 2
4.118404086563854,-2.2914076308749514,Cell type 2,Sample 3
4.470662455071885,0.9288830884811606,Cell type 2,Sample 1
-3.085707983377891,-3.6294508826965086,Cell type 2,Sample 2
4.449091431988255,2.8113074130117996,Cell type 2,Sample 3
-0.5254045627960884,4.915360850985644,Cell type 2,Sample 1
-3.6822898630473726,-3.5749907451900063,Cell type 2,Sample 2
-3.1515632055709117,3.4990421568087986,Cell type 2,Sample 3
-2.6716088722835494,3.9330971436673616,Cell type 2,Sample 1
-4.8422082485746625,0.9680273411317291,Cell type 2,Sample 2
-3.955318487031479,2.522900212367745,Cell type 2,Sample 3
4.600964667023747,1.2923639551048987,Cell type 2,Sample 1
-4.541539868803935,-1.4111851671261484,Cell type 2,Sample 2
4.521384249377397,2.577984914893317,Cell type 2,Sample 3
4.060655151732127,3.4714261601570793,Cell type 2,Sample 1
5.425189689936854,0.41877732176075627,Cell type 2,Sample 2
-3.8425679745284187,2.6955771502307218,Cell type 2,Sample 3
4.56819376646887,-0.9237734677619505,Cell type 2,Sample 1
-4.792560988760149,2.1156184188603806,Cell type 2,Sample 2
-4.1993311924423855,1.9405760328251658,Cell type 2,Sample 3
-4.758934324107472,-2.176123962284487,Cell type 2,Sample 1
5.143733948664881,-1.9276302014533653,Cell type 2,Sample 2
-3.394518232293083,3.097098358782777,Cell type 2,Sample 3
-4.6503306459564415,1.4527745260079725,Cell type 2,Sample 1
1.5631656944464585,-4.513237448528974,Cell type 2,Sample 2
-4.665552457807954,-2.2616547179847353,Cell type 2,Sample 3
5.115552934111709,1.9586890025893227,Cell type 2,Sample 1
-1.9163777583452573,4.3513176625768475,Cell type 2,Sample 2
-5.153813600787136,0.08744774494248307,Cell type 2,Sample 3
-4.480664342409332,-2.9544412647661518,Cell type 2,Sample 1
4.881859803354688,0.5165986697201795,Cell type 2,Sample 2
3.814350309678207,2.997289759138099,Cell type 2,Sample 3
3.5914771662947778,-2.9757984446144237,Cell type 2,Sample 1
-5.0372412190496805,-0.8256888560679098,Cell type 2,Sample 2
-2.52093576085474,4.749822216565485,Cell type 2,Sample 3
5.263788374939429,-1.3326103464818253,Cell type 2,Sample 1
-1.0609544628587515,5.312262036355287,Cell type 2,Sample 2
4.337647154652461,2.87952748638438,Cell type 2,Sample 3
-2.772150048621521,-3.5589366057675393,Cell type 2,Sample 1
-4.529975670832465,-0.5533491112290251,Cell type 2,Sample 2
-4.3518101957681665,2.6909227118940247,Cell type 2,Sample 3
-4.438128094647208,-3.131969230100482,Cell type 2,Sample 1
3.844375501363189,-2.6283943538927397,Cell type 2,Sample 2
4.9780499136479115,1.7244023416902754,Cell type 2,Sample 3
-0.5687680916938541,5.298125534348167,Cell type 2,Sample 1
4.218471605389169,3.1822198887823876,Cell type 2,Sample 2
-4.06243805943775,3.274992353446746,Cell type 2,Sample 3
2.196534180051189,-3.9956421819097834,Cell type 2,Sample 1
3.7540707617956537,-2.5187952842639896,Cell type 2,Sample 2
-4.361121211305035,2.1472979842415114,Cell type 2,Sample 3
4.900749131390734,-1.4062579645219182,Cell type 2,Sample 1
3.5819132987913114,3.088126290599984,Cell type 2,Sample 2
-0.13124804483958705,4.917353491857205,Cell type 2,Sample 3
4.784019439849373,-1.3607687351221782,Cell type 2,Sample 1
4.5949253861808765,0.8235840035923471,Cell type 2,Sample 2
2.8909613271388723,4.025103658145095,Cell type 2,Sample 3
-3.643117321947494,3.8182172781596297,Cell type 2,Sample 1
4.008824557850932,3.617212736768337,Cell type 2,Sample 2
-2.9672868495044025,-3.900540897612149,Cell type 2,Sample 3
2.792660514119404,4.145880728561558,Cell type 2,Sample 1
3.7925977479380504,-3.612576052436232,Cell type 2,Sample 2
1.957150310780902,-4.846784079627274,Cell type 2,Sample 3
4.9024268666224655,-0.9145449130718515,Cell type 2,Sample 1
-4.51687735410096,1.7921914734116904,Cell type 2,Sample 2
-5.339980131416864,-1.2438734335952617,Cell type 2,Sample 3
-2.6265450331295264,-4.708330089949484,Cell type 2,Sample 1
5.104936551046362,0.7716829945391321,Cell type 2,Sample 2
-4.294321127137741,1.9145985767524125,Cell type 2,Sample 3
4.635375498551342,0.22375174810962298,Cell type 2,Sample 1
-5.0700048804982805,1.3270676235227628,Cell type 2,Sample 2
1.24550115076749,-5.197393733091275,Cell type 2,Sample 3
4.345388863500653,-3.308407063684871,Cell type 2,Sample 1
3.480018588928718,-3.738320916336456,Cell type 2,Sample 2
0.46413692701014103,4.6796219899016815,Cell type 2,Sample 3
-2.834714051247298,3.546600174024664,Cell type 2,Sample 1
4.657310096650545,-1.0013128881618754,Cell type 2,Sample 2
4.892872701398871,0.9020197142761713,Cell type 2,Sample 3
5.096282691802731,-1.2988034989678423,Cell type 2,Sample 1
-3.628193035478129,-3.430564832257909,Cell type 2,Sample 2
4.834304962828263,1.4027651273403887,Cell type 2,Sample 3
-3.8004519260045515,2.6759320437224705,Cell type 2,Sample 1
3.322469706481626,3.1594067465700566,Cell type 2,Sample 2
-4.590114128449494,0.35178755153004304,Cell type 2,Sample 3
-0.8404251978330608,5.373301547556988,Cell type 2,Sample 1
-2.200744328218942,4.505757784986568,Cell type 2,Sample 2
0.5923094475771611,-5.264237880573272,Cell type 2,Sample 3
-4.851955830944303,-1.3072429365010036,Cell type 2,Sample 1
-4.206642585932627,2.733222958840362,Cell type 2,Sample 2
2.086840709952911,-4.40573613463403,Cell type 2,Sample 3
-2.3419683597311405,3.898657192238007,Cell type 2,Sample 1
-2.848008976076038,-3.926845324953094,Cell type 2,Sample 2
2.762827058296305,-4.273460900627021,Cell type 2,Sample 3
4.6960585036410585,0.04767470356986311,Cell type 2,Sample 1
-0.7382706623723738,-4.933060815268934,Cell type 2,Sample 2
3.7888578691288273,-3.3185866868603475,Cell type 2,Sample 3
-4.292203186736269,-1.4958729409302733,Cell type 2,Sample 1
-2.0919028115730636,-4.052642054481274,Cell type 2,Sample 2
1.6370684262593236,-4.56518970752765,Cell type 2,Sample 3
0.4176867441469408,-4.8867645111744915,Cell type 2,Sample 1
-4.156307638959466,2.8315364384738246,Cell type 2,Sample 2
-5.1992308495441915,-0.1920440784642838,Cell type 2,Sample 3
-0.05780802193197405,5.259052645560057,Cell type 2,Sample 1
-1.3271987214510101,-4.646285967252023,Cell type 2,Sample 2
-4.191408698424991,2.2350272438024517,Cell type 2,Sample 3
-0.44527609434276333,-5.391682751855483,Cell type 2,Sample 1
-4.103654569946932,3.278850014034479,Cell type 2,Sample 2
-4.748332437371119,-0.9000495792786383,Cell type 2,Sample 3
-0.07313056057680402,-4.854584182581324,Cell type 2,Sample 1
1.5619281719377378,5.037111161022162,Cell type 2,Sample 2
4.34585713652283,-1.9139253203994906,Cell type 2,Sample 3
-2.2696538772764567,-4.916854244449477,Cell type 2,Sample 1
-3.89796622523197,3.0060215052097097,Cell type 2,Sample 2
-1.6252836001070545,4.582148529793601,Cell type 2,Sample 3
-5.051140236628885,1.8553427088318817,Cell type 2,Sample 1
0.8493786815008496,5.065494546016639,Cell type 2,Sample 2
0.9377161369776655,5.019821552334661,Cell type 2,Sample 3
0.00029192070340496235,-4.52174277520036,Cell type 2,Sample 1
4.682759736159611,0.7670296700827339,Cell type 2,Sample 2
4.728967138113278,-0.7254366873707855,Cell type 2,Sample 3
4.81440707827832,0.29470782747542923,Cell type 2,Sample 1
5.2505982179607225,0.3541073897684221,Cell type 2,Sample 2
4.3166923604248595,1.7692958019743061,Cell type 2,Sample 3
4.591273393840527,0.20585735239325922,Cell type 2,Sample 1
4.090817217436006,-3.179136573693342,Cell type 2,Sample 2
-3.247836350452482,-3.2286584845217776,Cell type 2,Sample 3
-3.287367717714059,4.240674372114722,Cell type 2,Sample 1
0.777938920556254,5.01624033526759,Cell type 2,Sample 2
-1.7890835550478772,-4.170348610162228,Cell type 2,Sample 3
-3.3396628263658448,-3.111584667897342,Cell type 2,Sample 1
1.5846407476334285,-4.84329235608096,Cell type 2,Sample 2
3.984823764492869,3.70393984485049,Cell type 2,Sample 3
4.718302846101541,0.8432723556149889,Cell type 2,Sample 1
4.853738335915945,0.5243493643129835,Cell type 2,Sample 2
3.0927779648878513,4.365354731182483,Cell type 2,Sample 3
3.928042236654331,-2.7899999910812343,Cell type 2,Sample 1
3.148987947970984,3.8169504888803623,Cell type 2,Sample 2
-2.0202966325728635,-4.611825384266352,Cell type 2,Sample 3
2.2649775600754443,-4.555087871531975,Cell type 2,Sample 1
1.8498561844523667,-4.524523045667594,Cell type 2,Sample 2
0.5211594376561415,5.338791946021952,Cell type 2,Sample 3
5.3947757293321885,-0.293471729590105,Cell type 2,Sample 1
2.5756470572090353,-4.326896443255079,Cell type 2,Sample 2
2.836121612803827,-3.65183243696666,Cell type 2,Sample 3
-5.484062939078844,-0.22452213617330477,Cell type 2,Sample 1
-4.678284349884448,0.3714949479092793,Cell type 2,Sample 2
-0.18033857906378958,4.652703056400271,Cell type 2,Sample 3
1.9753360307827883,-4.697619742537541,Cell type 2,Sample 1
-3.4611473203842835,-4.021684854701443,Cell type 2,Sample 2
3.339685430019023,-3.922653990991856,Cell type 2,Sample 3
3.8121636052902197,-2.625500470133443,Cell type 2,Sample 1
1.4333098938892452,-4.711984433746579,Cell type 2,Sample 2
4.295186958545077,1.5543357617598994,Cell type 2,Sample 3
2.790331589171229,-3.72186788369479,Cell type 2,Sample 1
4.456014981409286,2.1655138141328636,Cell type 2,Sample 2
-4.745759414345274,1.34301713123451,Cell type 2,Sample 3
1.7880855140874468,4.784751468966594,Cell type 2,Sample 1
-4.456387605421879,1.8601804546161307,Cell type 2,Sample 2
-3.32528802274444,3.852200740132765,Cell type 2,Sample 3
1.4806650412979827,-4.386410783644689,Cell type 2,Sample 1
1.151969568557199,4.391161876887092,Cell type 2,Sample 2
-4.126255578933391,1.9565137221081808,Cell type 2,Sample 3
4.42505075022079,1.500105238104908,Cell type 2,Sample 1
4.748888688597325,-2.4119300088184383,Cell type 2,Sample 2
3.7005257540240395,2.928774925102252,Cell type 2,Sample 3
-4.584924034599574,-1.2620163086118241,Cell type 2,Sample 1
-0.7543890589337543,-4.979489965666183,Cell type 2,Sample 2
4.154836752901061,2.556007051742421,Cell type 2,Sample 3
4.13767757026692,2.284815106054061,Cell type 2,Sample 1
0.09238249752749934,-4.882514445310798,Cell type 2,Sample 2
-4.302066275835174,-3.135733727658343,Cell type 2,Sample 3
-4.304248237771087,3.385375994382791,Cell type 2,Sample 1
0.05260261282119688,4.58914902066376,Cell type 2,Sample 2
-2.2649613850142796,-4.589292768929083,Cell type 2,Sample 3
-0.3401067294130876,-5.307770151558902,Cell type 2,Sample 1
4.561595292880568,0.39475578430247105,Cell type 2,Sample 2
-5.241440255617068,1.6468822551108449,Cell type 2,Sample 3
3.829082571187402,-3.75196775865299,Cell type 2,Sample 1
1.311929000587848,-5.023880450400942,Cell type 2,Sample 2
-1.8136853253782117,4.557671837739213,Cell type 2,Sample 3
-0.45150835511785037,-4.763744644449632,Cell type 2,Sample 1
-5.384191461437155,0.9783576874977937,Cell type 2,Sample 2
5.415817616025703,-0.30100602549028577,Cell type 2,Sample 3
-2.532527884793577,-4.14739753608926,Cell type 2,Sample 1
1.3638990496196208,-5.199119192246462,Cell type 2,Sample 2
4.776189798248585,-1.5061404560929148,Cell type 2,Sample 3
-4.95914606629605,0.45871640410324277,Cell type 2,Sample 1
2.4043337384840777,4.655475616371112,Cell type 2,Sample 2
2.4903348666248513,4.461947474326934,Cell type 2,Sample 3
1.3175483510103012,-5.317394044588577,Cell type 2,Sample 1
-4.658910070964335,2.4462530201681227,Cell type 2,Sample 2
0.5132441588057599,4.705582624697923,Cell type 2,Sample 3
3.8758219776446285,-3.113357060116707,Cell type 2,Sample 1
-3.6299125689145995,-3.7800170038587826,Cell type 2,Sample 2
4.741083604591118,-2.4203333344480713,Cell type 2,Sample 3
-3.503557838572657,-3.975231041191592,Cell type 2,Sample 1
4.990063869799712,-1.241814789388838,Cell type 2,Sample 2
-4.978452909382057,1.949093309438135,Cell type 2,Sample 3
-1.969623633056254,4.076422889198622,Cell type 2,Sample 1
-1.8335960763623884,-4.946451736817609,Cell type 2,Sample 2
-5.128223270759576,1.2828964001967396,Cell type 2,Sample 3
-0.5265081961823609,-4.701104778703971,Cell type 2,Sample 1
-2.6755211624298365,4.732019256764796,Cell type 2,Sample 2
2.3746676711037895,-4.0634334187032835,Cell type 2,Sample 3
4.193912788048748,-2.2758642286295516,Cell type 2,Sample 1
4.026088332566019,3.199297333326994,Cell type 2,Sample 2
-4.6113012567888205,0.395476017506126,Cell type 2,Sample 3
-4.054724544576394,-3.6856102362038166,Cell type 2,Sample 1
-1.5843109309132446,5.055658814513882,Cell type 2,Sample 2
4.289941775470069,2.2859310279548826,Cell type 2,Sample 3
-2.2042473032045624,4.952865637848198,Cell type 2,Sample 1
0.17146751582274078,4.591696964737097,Cell type 2,Sample 2
3.458194492481902,-3.1540256487531653,Cell type 2,Sample 3
-5.000890168158118,0.3203657668130616,Cell type 2,Sample 1
3.0717192101820676,3.585840787423457,Cell type 2,Sample 2
-5.24600842115024,1.230974211005523,Cell type 2,Sample 3
-4.44004075412357,-2.9910166735724717,Cell type 2,Sample 1
-3.6393468915938816,-3.5342806550268286,Cell type 2,Sample 2
4.3125911869436,-1.3900489034446568,Cell type 2,Sample 3
2.700255663807685,4.306950594576719,Cell type 2,Sample 1
-4.778874480791076,-2.6580657489005564,Cell type 2,Sample 2
-4.969990198215866,1.3111111746001076,Cell type 2,Sample 3
-2.1265072958710474,4.05942764744369,Cell type 2,Sample 1
-4.5323193956336825,-1.6467349522921908,Cell type 2,Sample 2
4.176261318275169,-3.320502580387389,Cell type 2,Sample 3
-5.289012512810258,-0.14851082979087887,Cell type 2,Sample 1
-2.899622736184871,-4.435225184017943,Cell type 2,Sample 2
3.813501821551668,-3.701353273316829,Cell type 2,Sample 3
-5.041955969926959,1.614912541028036,Cell type 2,Sample 1
-2.8266301925026243,4.21896164261609,Cell type 2,Sample 2
-1.731369528273333,5.017409001061854,Cell type 2,Sample 3
4.64327821910024,2.3619559961628624,Cell type 2,Sample 1
2.4782825796965016,-4.228447915965583,Cell type 2,Sample 2
0.9379478457551766,4.80774907410163,Cell type 2,Sample 3
2.2723297054331932,-4.58202779475408,Cell type 2,Sample 1
-4.513655698065587,2.953519986106795,Cell type 2,Sample 2
-2.477253941308611,-4.550281427611224,Cell type 2,Sample 3
-1.9420447322389638,4.2331284474542406,Cell type 2,Sample 1
2.9433450204979392,3.8200225803929597,Cell type 2,Sample 2
-2.4758766661552807,-4.718561842312775,Cell type 2,Sample 3
4.797983960833551,0.32470605143516934,Cell type 2,Sample 1
-1.9597726605353152,-5.103513828402569,Cell type 2,Sample 2
-1.9334398729382158,5.108693559876236,Cell type 2,Sample 3
-5.0706525493872965,-0.8700361663155173,Cell type 2,Sample 1
-5.441765136608269,0.7708341648771762,Cell type 2,Sample 2
-3.8737852429069046,-3.578318194004789,Cell type 2,Sample 3
1.2866897899020593,-4.908601917130638,Cell type 2,Sample 1
-2.519415101923972,-3.9635955960168325,Cell type 2,Sample 2
4.2148108091099505,2.973459170973247,Cell type 2,Sample 3
5.158223182225642,1.7593890712521065,Cell type 2,Sample 1
-0.686338514921734,5.4180586579265615,Cell type 2,Sample 2
-0.81373609773951,-4.52021868290377,Cell type 2,Sample 3
-0.7659582674647774,-4.9356565490636735,Cell type 2,Sample 1
-5.28761707573979,-1.4962912142862095,Cell type 2,Sample 2
5.064550018497215,-0.31050561496634743,Cell type 2,Sample 3
-1.693229845401175,4.833602663398073,Cell type 2,Sample 1
2.6052714368392293,-4.659396684977694,Cell type 2,Sample 2
4.184489429288855,-2.9417114341152937,Cell type 2,Sample 3
0.9430669944480699,-5.147701871151856,Cell type 2,Sample 1
-1.2128455261070488,5.010844559607873,Cell type 2,Sample 2
-3.0091883704054423,-4.067320293766777,Cell type 2,Sample 3
0.39492755963883874,5.408043216424733,Cell type 2,Sample 1
-4.911205496635926,1.722990436891741,Cell type 2,Sample 2
-4.6980940590909706,2.2929930631091247,Cell type 2,Sample 3
3.852148086533022,2.5367596915621737,Cell type 2,Sample 1
-2.90578224459716,-4.205015017213,Cell type 2,Sample 2
-5.4835379818103425,-0.35183339086275434,Cell type 2,Sample 3
0.2315031949428076,-4.691291356281871,Cell type 2,Sample 1
-4.435304540533376,3.1408625612715486,Cell type 2,Sample 2
4.1901121447336065,2.6209733421768084,Cell type 2,Sample 3
5.289532918982325,0.46360645449634186,Cell type 2,Sample 1
-3.394863687162068,3.8575944590375304,Cell type 2,Sample 2
-2.5548853542616796,4.813525775613607,Cell type 2,Sample 3
4.484007907434358,-2.1644756862251957,Cell type 2,Sample 1
0.2694643920304261,4.817919811349771,Cell type 2,Sample 2
4.530154059200003,-1.6760065257753243,Cell type 2,Sample 3
1.9684196667512377,-4.418211644483402,Cell type 2,Sample 1
4.330413190465657,1.677617592152882,Cell type 2,Sample 2
2.742881822695532,-4.326793540558889,Cell type 2,Sample 3
5.134680594609693,0.8391112679763921,Cell type 2,Sample 1
4.638280345436269,-2.4620414839114626,Cell type 2,Sample 2
-4.150376302944544,-3.4292219299490014,Cell type 2,Sample 3
-4.938413346877426,-2.060916271537406,Cell type 2,Sample 1
-5.147788155190945,-1.1820691346642411,Cell type 2,Sample 2
-3.5285241480194856,-3.503282121782205,Cell type 2,Sample 3
4.208439326201527,2.813541294321688,Cell type 2,Sample 1
-5.306937201390716,0.9441725037303323,Cell type 2,Sample 2
1.389563172295467,-4.312856812763017,Cell type 2,Sample 3
5.392773266270495,-0.18249057747681968,Cell type 2,Sample 1
3.951987300140633,2.9690826240318566,Cell type 2,Sample 2
-2.3012825443458382,4.404934538817497,Cell type 2,Sample 3
-0.9543902805751402,4.404732393252077,Cell type 2,Sample 1
-2.1590157245441026,4.604470470779683,Cell type 2,Sample 2
3.975074012022194,2.6879769296466876,Cell type 2,Sample 3
-5.1137098476816245,0.20735721469353327,Cell type 2,Sample 1
-3.5699509966617198,-2.817917810787231,Cell type 2,Sample 2
4.921572334154068,-1.9810734947005402,Cell type 2,Sample 3
1.267092201292373,-4.794292004954519,Cell type 2,Sample 1
3.7632485840914165,3.24990947069536,Cell type 2,Sample 2
4.068349537006358,2.635069325954506,Cell type 2,Sample 3
0.8593235211650916,-5.323033612259266,Cell type 2,Sample 1
3.5994295963338114,-3.9403607455155907,Cell type 2,Sample 2
1.8887595068569474,4.380967573337232,Cell type 2,Sample 3
3.3868106195338545,4.236745309831639,Cell type 2,Sample 1
4.691233168860921,2.6423923870772987,Cell type 2,Sample 2
-5.223404867505044,1.5970609507447853,Cell type 2,Sample 3
-0.2834452680390676,-5.059650257587554,Cell type 2,Sample 1
4.129213698402527,1.8354066909280258,Cell type 2,Sample 2
-4.570511108558445,-0.44166134316879513,Cell type 2,Sample 3
-3.4164776986618244,-4.298635975224154,Cell type 2,Sample 1
-2.473395936818796,4.102441510702392,Cell type 2,Sample 2
3.498239544270841,-3.200491060533795,Cell type 2,Sample 3
0.6343315928872952,5.311865324170544,Cell type 2,Sample 1
3.7590410966816252,3.0018342030906924,Cell type 2,Sample 2
0.0029041709287024996,-4.655564628203221,Cell type 2,Sample 3
-2.2881552775200333,4.547232452255076,Cell type 2,Sample 1
4.4955725302335185,2.9888946253557758,Cell type 2,Sample 2
3.574662860505421,3.902895529229181,Cell type 2,Sample 3
-4.743486681880051,-2.384036819624607,Cell type 2,Sample 1
5.491406642323923,0.23050475033336848,Cell type 2,Sample 2
-3.983980349141872,-3.018579388884188,Cell type 2,Sample 3
4.252422739984593,1.565482809067573,Cell type 2,Sample 1
-1.722516657101016,4.205746647445214,Cell type 2,Sample 2
-1.5923885431371037,-4.475443383543896,Cell type 2,Sample 3
4.7653318705581444,0.04996235505456766,Cell type 2,Sample 1
1.8033935912373953,-4.811410951124555,Cell type 2,Sample 2
2.409152405788166,4.13617788489649,Cell type 2,Sample 3
3.2110554962986435,4.220430791043816,Cell type 2,Sample 1
-3.7365225277899627,3.1132303763776727,Cell type 2,Sample 2
2.3798971062242225,-4.050345131542059,Cell type 2,Sample 3
-5.062612716178195,-0.3570599220099188,Cell type 2,Sample 1
-4.910400223898413,1.02304916524193,Cell type 2,Sample 2
-2.1479402523906708,4.766377824120421,Cell type 2,Sample 3
0.046926817810072866,-4.955685987550559,Cell type 2,Sample 1
-4.663393620518924,-1.2775605825222234,Cell type 2,Sample 2
1.7489344455316618,-5.071677549268949,Cell type 2,Sample 3
2.799863728072963,3.569904255791912,Cell type 2,Sample 1
0.5429144487079994,-5.436787412288669,Cell type 2,Sample 2
0.7272846261808507,4.653975592564766,Cell type 2,Sample 3
-4.709453188309855,-1.2232025542511298,Cell type 2,Sample 1
1.6938858867142172,4.356340682326109,Cell type 2,Sample 2
-0.9140214840697586,4.578493665778893,Cell type 2,Sample 3
4.775233870785659,0.7714307236259326,Cell type 2,Sample 1
3.85277906371983,3.797611205879783,Cell type 2,Sample 2
-5.0393392945542095,-1.9232902498614495,Cell type 2,Sample 3
-0.7817101404175457,5.286946789606761,Cell type 2,Sample 1
3.7361612817944696,-3.9698684278495584,Cell type 2,Sample 2
1.6064814048714484,-5.00165753883526,Cell type 2,Sample 3
5.104787767861809,-0.06986789455010271,Cell type 2,Sample 1
3.7700359650348387,-3.274866817141122,Cell type 2,Sample 2
-1.484573052903779,4.356444475172548,Cell type 2,Sample 3
4.950648009519943,-2.236268045254826,Cell type 2,Sample 1
1.0328763896579143,5.016488128499141,Cell type 2,Sample 2
0.25305331538189685,-5.0541709022284635,Cell type 2,Sample 3
-0.09255335444585,-4.670706010285894,Cell type 2,Sample 1
4.937296204341013,0.08284809709118653,Cell type 2,Sample 2
0.7726047184791569,4.8474436744044125,Cell type 2,Sample 3
-4.536668309962346,-2.964864613619057,Cell type 2,Sample 1
4.1644310501578286,1.7080141380468186,Cell type 2,Sample 2
2.478453347647869,4.709431716778296,Cell type 2,Sample 3
2.0905576138887256,-4.284666242849632,Cell type 2,Sample 1
1.7438459346105322,4.519902151084293,Cell type 2,Sample 2
4.747609025384173,-1.3964494855767424,Cell type 2,Sample 3
1.6862168061949416,5.231798819766449,Cell type 2,Sample 1
-4.921183472139756,1.8741488082801265,Cell type 2,Sample 2
3.9771901843230726,-2.58072006253479,Cell type 2,Sample 3
4.535981005363772,-2.3503267382394957,Cell type 2,Sample 1
4.579843172740453,-0.10013511843261935,Cell type 2,Sample 2
-4.246312347635293,3.4214458607653664,Cell type 2,Sample 3
-0.3825786268215683,5.412096296087885,Cell type 2,Sample 1
-3.164305700675762,3.6960708219576324,Cell type 2,Sample 2
-1.7418026949939498,4.674990890213993,Cell type 2,Sample 3
-3.943147256504943,-2.729666683169259,Cell type 2,Sample 1
5.428544124839171,0.46854558960616965,Cell type 2,Sample 2
-4.783095515617401,0.29091158624090296,Cell type 2,Sample 3
4.29369044080075,2.0929992302008613,Cell type 2,Sample 1
-4.86964954122619,-0.6217641689926938,Cell type 2,Sample 2
-2.5506328387339594,4.2560825050183935,Cell type 2,Sample 3
-1.2325957385775612,4.570786563899566,Cell type 2,Sample 1
-4.833300973997051,-2.0255467828590223,Cell type 2,Sample 2
-1.0128574186190675,-4.910531587097805,Cell type 2,Sample 3
1.1564408885861044,-5.02348702676993,Cell type 2,Sample 1
4.563096141447818,1.6691906611870193,Cell type 2,Sample 2
-4.4951109645407845,0.5776532356144212,Cell type 2,Sample 3
3.9249582064896265,3.805727028082973,Cell type 2,Sample 1
4.521024867700832,-0.7224566281583664,Cell type 2,Sample 2
-2.544716242173543,-4.676141733930211,Cell type 2,Sample 3
-2.048874531670541,-5.046453275428404,Cell type 2,Sample 1
-4.465578638988944,2.487710538958111,Cell type 2,Sample 2
0.8622300592148392,5.132171024013806,Cell type 2,Sample 3
-3.890843141807267,-2.409934340143139,Cell type 2,Sample 1
0.36218019060549916,4.881908224217487,Cell type 2,Sample 2
-4.434627972383844,-1.8223783749604432,Cell type 2,Sample 3
-4.830482624970237,-2.4774742788697837,Cell type 2,Sample 1
-2.115141625690829,4.069538101910169,Cell type 2,Sample 2
-0.9211669333908777,4.8941728633939725,Cell type 2,Sample 3
-1.2083910527496857,-4.629406030909945,Cell type 2,Sample 1
-1.6290799223739756,4.7805864548527275,Cell type 2,Sample 2
-4.3675851816661195,2.0242743662972438,Cell type 2,Sample 3
-3.6011843078229524,3.5957960044697783,Cell type 2,Sample 1
-4.480826669883073,-0.5541966398180469,Cell type 2,Sample 2
-3.3827353148484423,-3.6875757498889947,Cell type 2,Sample 3
4.6666338559003435,2.5176710808636154,Cell type 2,Sample 1
-2.76333995753782,3.7479354801483002,Cell type 2,Sample 2
1.5437600764225037,-4.649754357254089,Cell type 2,Sample 3
0.8721194502253554,-5.209186416693824,Cell type 2,Sample 1
4.572502194763698,0.26385458148812,Cell type 2,Sample 2
-5.012882795575713,-1.0726773168634056,Cell type 2,Sample 3
-2.414315743180892,-4.1988251647479915,Cell type 2,Sample 1
-2.6530741009477765,3.8024995764950336,Cell type 2,Sample 2
2.190709875281312,4.4368293100114515,Cell type 2,Sample 3
0.6600082449447424,-5.231298372494598,Cell type 2,Sample 1
-2.732557563603683,4.286624227701263,Cell type 2,Sample 2
4.598384973693031,-1.0507096455035618,Cell type 2,Sample 3
-3.6883949008647705,-3.66752785834014,Cell type 2,Sample 1
-3.7486219580388433,-3.2014990751442625,Cell type 2,Sample 2
-4.785754733776936,-0.6972171723407913,Cell type 2,Sample 3
1.1493854483829764,5.078085465333789,Cell type 2,Sample 1
-4.710361042561174,-0.8504404828721769,Cell type 2,Sample 2
-4.377829063927262,2.7611246418924624,Cell type 2,Sample 3
4.431642781924389,1.0013312618711319,Cell type 2,Sample 1
4.475395628061006,-2.1823149330610496,Cell type 2,Sample 2
4.908258855693606,-1.9813340295553348,Cell type 2,Sample 3
-3.1216006914974144,3.355789956134494,Cell type 2,Sample 1
-3.8181072746251368,-3.226251183470999,Cell type 2,Sample 2
3.632491301317329,2.8378271629538614,Cell type 2,Sample 3
2.159353829884236,-3.9867160580354017,Cell type 2,Sample 1
3.1708820569905947,-3.382347733136516,Cell type 2,Sample 2
5.009243723663246,-1.1550844551977038,Cell type 2,Sample 3
5.181897437596711,-1.0029251482984094,Cell type 2,Sample 1
-4.504237787216734,-1.0507541316930562,Cell type 2,Sample 2
2.281862054857562,-4.014109492644889,Cell type 2,Sample 3
-2.1201867626606243,-4.633056949803705,Cell type 2,Sample 1
1.4606455589568204,4.427057510445535,Cell type 2,Sample 2
4.954161073081727,0.9186918746486934,Cell type 2,Sample 3
-4.486471770683085,3.0896872864183025,Cell type 2,Sample 1
-1.2914057403618324,-4.359529385718325,Cell type 2,Sample 2
0.9474509278965676,-5.087653310138812,Cell type 2,Sample 3
0.28869718051697346,-5.232445428853636,Cell type 2,Sample 1
3.5815472998220783,-3.358540420743788,Cell type 2,Sample 2
3.4488655992259827,-3.3349840494803145,Cell type 2,Sample 3
2.7691313971673175,4.152049437790351,Cell type 2,Sample 1
-4.405475127803737,-3.10000004316191,Cell type 2,Sample 2
5.049591254330241,-1.3185949873008722,Cell type 2,Sample 3
1.571139452802535,-4.9485731075685955,Cell type 2,Sample 1
-0.41793802230270444,-5.3696223319780145,Cell type 2,Sample 2
4.986419286336792,1.2419229772260625,Cell type 2,Sample 3
4.595397987741487,-0.15804503908727702,Cell type 2,Sample 1
-4.516870179567538,0.2456073974310871,Cell type 2,Sample 2
-4.670666903985617,2.8761220445379814,Cell type 2,Sample 3
-4.667085642675077,-0.08892078557405535,Cell type 2,Sample 1
-4.163104680566332,-2.255520662283724,Cell type 2,Sample 2
3.0119008769626796,-4.545713220678042,Cell type 2,Sample 3
-3.0944745699376717,-3.998153196396626,Cell type 2,Sample 1
4.721295346136902,1.99195096061366,Cell type 2,Sample 2
4.084324594636567,-3.6376721774692786,Cell type 2,Sample 3
-4.114676292778001,3.4138917590753697,Cell type 2,Sample 1
-4.161067121660718,2.6062835362859236,Cell type 2,Sample 2
2.9008267957544533,-4.348831250549976,Cell type 2,Sample 3
4.429257350912418,2.31958377615165,Cell type 2,Sample 1
4.5372196958338025,-2.5180871816921844,Cell type 2,Sample 2
0.8336292217479632,4.429315598144258,Cell type 2,Sample 3
-2.933381315838307,4.123232608449483,Cell type 2,Sample 1
5.299365907889332,-1.3462954336641246,Cell type 2,Sample 2
-4.399208845621253,2.567940880160715,Cell type 2,Sample 3
-3.34352052827623,3.940865975523509,Cell type 2,Sample 1
4.772171693016531,-0.8791404866487401,Cell type 2,Sample 2
3.0868124390345675,-4.546414766384824,Cell type 2,Sample 3
2.6936750922478536,4.675299820040966,Cell type 2,Sample 1
-2.9669796429753363,3.8098814229327536,Cell type 2,Sample 2
-4.168234836847048,-2.411540595774362,Cell type 2,Sample 3
-0.641096129244793,-4.545709473323012,Cell type 2,Sample 1
1.5293559164128205,-4.529913177896838,Cell type 2,Sample 2
1.973502508324486,4.28508451504736,Cell type 2,Sample 3
4.976739185687341,1.7371758821093395,Cell type 2,Sample 1
5.166485601719586,1.3016595086966092,Cell type 2,Sample 2
-1.0009410163689691,-4.703784280146178,Cell type 2,Sample 3
0.15105830912364784,-4.848013283202669,Cell type 2,Sample 1
-2.2662858101528904,-4.423295603995951,Cell type 2,Sample 2
-4.486828060761265,-0.6966854712019127,Cell type 2,Sample 3
4.614718449463794,-2.2422021461165444,Cell type 2,Sample 1
4.271935321156122,-1.7258360973804892,Cell type 2,Sample 2
-2.5541575163801644,4.03628003313088,Cell type 2,Sample 3
4.676559659980646,-0.7489144087593527,Cell type 2,Sample 1
0.7023442565713665,-5.454921848393367,Cell type 2,Sample 2
4.947762784704449,2.312777894886855,Cell type 2,Sample 3
-0.5437072307401564,4.651111217341605,Cell type 2,Sample 1
4.554067875004101,0.6375532693857378,Cell type 2,Sample 2
-4.34690150688994,-3.047399068227476,Cell type 2,Sample 3
-1.6110226054875147,-4.4422806466876885,Cell type 2,Sample 1
4.929985971500474,-2.3943126661692604,Cell type 2,Sample 2
-3.103039475148726,4.269449152479345,Cell type 2,Sample 3
-4.778912528608996,-1.6758465528429571,Cell type 2,Sample 1
-2.797043874483965,4.1103604121649315,Cell type 2,Sample 2
0.5342774485489517,5.45608845566373,Cell type 2,Sample 3
-4.388203627907891,-3.0256136044002075,Cell type 2,Sample 1
0.7507040677341765,-4.5726963840250985,Cell type 2,Sample 2
5.27434698139253,0.8255460472267839,Cell type 2,Sample 3
4.855619925872351,-1.4117202267081599,Cell type 2,Sample 1
3.91307755266146,2.6764177275932988,Cell type 2,Sample 2
1.4232014927196004,-5.035587813045386,Cell type 2,Sample 3
-3.8961363900346835,-3.0893371493380215,Cell type 2,Sample 1
4.575315194000546,0.5656143953214329,Cell type 2,Sample 2
2.7820743587802235,3.575003804780755,Cell type 2,Sample 3
4.742610896477157,0.19563734824918616,Cell type 2,Sample 1
0.7956380227585725,4.509276250759589,Cell type 2,Sample 2
3.7398084978259476,3.0584152976796304,Cell type 2,Sample 3
-1.867657961038647,4.845830017894968,Cell type 2,Sample 1
3.995037214659603,-2.8341014677669176,Cell type 2,Sample 2
-3.6233308441332723,3.1400538626286956,Cell type 2,Sample 3
4.950895896192139,-0.6747109714791802,Cell type 2,Sample 1
3.684908080146961,3.766411142888992,Cell type 2,Sample 2
-4.187851233566675,-1.796818493067095,Cell type 2,Sample 3
-2.2245007027426635,-4.423126813262424,Cell type 2,Sample 1
-2.339163001226315,4.045039247726415,Cell type 2,Sample 2
-0.6663659266885551,5.230722009013922,Cell type 2,Sample 3
0.357412596674411,5.148029308509403,Cell type 2,Sample 1
4.729378160475944,-1.5573996625365836,Cell type 2,Sample 2
0.900260665721181,4.998987631214772,Cell type 2,Sample 3
-5.180802031684487,-0.2003612688658445,Cell type 2,Sample 1
3.498002472306026,-2.853132048060523,Cell type 2,Sample 2
-1.4334004671797933,4.801039815767635,Cell type 2,Sample 3
-4.805428640086125,0.09329186312236275,Cell type 2,Sample 1
-0.219961396582398,4.672398326308681,Cell type 2,Sample 2
4.2266521081929005,2.343804056560127,Cell type 2,Sample 3
-4.152514984812202,1.8872390245792143,Cell type 2,Sample 1
1.6665560740182637,4.273235994149373,Cell type 2,Sample 2
-4.77345299045271,-0.6605903802969162,Cell type 2,Sample 3
2.3242985864181134,-4.777736034397206,Cell type 2,Sample 1
-0.15981817538385973,4.622398134427251,Cell type 2,Sample 2
-5.334237702958808,0.9625639294938375,Cell type 2,Sample 3
-3.5871887032826257,4.089122082108877,Cell type 2,Sample 1
5.143537543573358,0.5761873564586318,Cell type 2,Sample 2
3.511881994789224,-3.2858253385927787,Cell type 2,Sample 3
1.88603972329582,4.2551743542489255,Cell type 2,Sample 1
0.4863226050289097,-5.412865438298604,Cell type 2,Sample 2
2.2978569328391742,-4.501839928659234,Cell type 2,Sample 3
2.339705381835116,4.767889420271576,Cell type 2,Sample 1
3.5806853921249586,3.336035391272498,Cell type 2,Sample 2
2.6691471567857414,-4.452633515249461,Cell type 2,Sample 3
-4.124317865431229,-2.264926107705138,Cell type 2,Sample 1
-3.6076512601304755,3.341914454581046,Cell type 2,Sample 2
-3.9567773773280575,-3.504266005632546,Cell type 2,Sample 3
1.420881978976428,-4.4171394034691955,Cell type 2,Sample 1
3.7536485271324196,3.1011044100366987,Cell type 2,Sample 2
-3.04781653237025,4.474994937331928,Cell type 2,Sample 3
2.064161430756803,-5.083513408236343,Cell type 2,Sample 1
5.2913331669280685,-1.4536739175032012,Cell type 2,Sample 2
5.061115553912643,0.6187481881499902,Cell type 2,Sample 3
-1.4290426409111754,-4.894018349777819,Cell type 2,Sample 1
-2.3699215573666215,-3.8399935450321303,Cell type 2,Sample 2
-3.486240155195151,2.9241279351195018,Cell type 2,Sample 3
3.557460179054553,3.21250090873872,Cell type 2,Sample 1
1.6195551276803046,4.724091274554958,Cell type 2,Sample 2
-4.197616882891904,-1.9949301702566213,Cell type 2,Sample 3
-2.0654131100468525,-4.152555873578994,Cell type 2,Sample 1
-4.828354541410498,-2.366161389034011,Cell type 2,Sample 2
-5.083306653184849,-1.31085318758972,Cell type 2,Sample 3
0.7498426375845959,5.261584643904653,Cell type 2,Sample 1
-0.539338346478718,4.506471786536296,Cell type 2,Sample 2
-0.5922663103113501,-5.386273895836631,Cell type 2,Sample 3
3.72216977143226,3.210688938650746,Cell type 2,Sample 1
-3.917199633594019,-3.404930060602561,Cell type 2,Sample 2
-4.218101272855912,-3.3860847892727066,Cell type 2,Sample 3
1.2595989892567478,-5.03572566632479,Cell type 2,Sample 1
-5.411786394233644,0.7770193853389166,Cell type 2,Sample 2
-4.920729109583801,0.5423620259640609,Cell type 2,Sample 3
4.852024080316918,2.119404627220837,Cell type 2,Sample 1
4.122191062452231,-2.5398680181357327,Cell type 2,Sample 2
4.0499088950570705,-3.132334263876053,Cell type 2,Sample 3
-5.14049660000224,-0.04373336403765292,Cell type 2,Sample 1
0.02084034275123408,5.497248288674365,Cell type 2,Sample 2
0.6627028779787808,-5.396516642955653,Cell type 2,Sample 3
-4.981539639815048,2.1027718092021273,Cell type 2,Sample 1
2.087167749211438,4.342121424386084,Cell type 2,Sample 2
-2.308727026965209,4.69150418025837,Cell type 2,Sample 3
-2.969148082464682,-4.106531039237284,Cell type 2,Sample 1
0.9554153588178635,-5.18655526460742,Cell type 2,Sample 2
-4.459892055169953,-1.7472517847598608,Cell type 2,Sample 3
-4.479715079793274,-3.001686843752498,Cell type 2,Sample 1
-4.1275020833882765,2.754761726169788,Cell type 2,Sample 2
0.8912188615555818,-5.062850879770794,Cell type 2,Sample 3
-1.9465331545500786,-4.321776579116294,Cell type 2,Sample 1
-4.316101099816888,-2.059826928675768,Cell type 2,Sample 2
4.829695584491662,-0.1954622141396904,Cell type 2,Sample 3
-2.466091950099249,3.9454155102381328,Cell type 2,Sample 1
-4.838699632846226,1.685976305469999,Cell type 2,Sample 2
4.412935782587072,2.5960835495866568,Cell type 2,Sample 3
-2.0153328505456827,-4.193405637985433,Cell type 2,Sample 1
4.598538524960603,1.9423922047015965,Cell type 2,Sample 2
-4.927657609296646,0.6670182502299783,Cell type 2,Sample 3
-3.6763541278518472,2.676982937864218,Cell type 2,Sample 1
-2.727357355049356,-4.149874882081008,Cell type 2,Sample 2
4.3987084474243,-2.906952739343361,Cell type 2,Sample 3
-4.347912315469251,-2.332982717140522,Cell type 2,Sample 1
-3.324128540909124,3.6788011224043276,Cell type 2,Sample 2
-4.334334989822999,3.205340280428991,Cell type 2,Sample 3
2.7521230496203475,4.290286853538548,Cell type 2,Sample 1
3.5565619532128303,-3.935213557966587,Cell type 2,Sample 2
-4.597842514587239,0.9547953220622352,Cell type 2,Sample 3
1.8513675175641753,-5.0791307176236415,Cell type 2,Sample 1
4.018318534139467,2.770878226969358,Cell type 2,Sample 2
-1.0802173972269526,-4.805096038955196,Cell type 2,Sample 3
0.08317274146831674,4.5796465264655115,Cell type 2,Sample 1
1.4026616547554474,-4.9955075537082205,Cell type 2,Sample 2
2.4452490479996167,4.687891392420991,Cell type 2,Sample 3
0.1575094780842291,-5.030287188297746,Cell type 2,Sample 1
4.465534842262961,2.4341199799489712,Cell type 2,Sample 2
2.4356632903957802,-4.418131400095224,Cell type 2,Sample 3
3.8907349486903846,-2.938362789782871,Cell type 2,Sample 1
-4.8731968333074,-1.2711334863644512,Cell type 2,Sample 2
1.4971474116595318,4.599585554308855,Cell type 2,Sample 3
-2.7477883397593463,3.644930553968004,Cell type 2,Sample 1
-2.788742801049804,3.7992598923703045,Cell type 2,Sample 2
-2.9408012457243484,3.556755312084469,Cell type 2,Sample 3
2.3057979771885826,-4.224148791672072,Cell type 2,Sample 1
-3.731854393101277,-3.726492940705298,Cell type 2,Sample 2
3.064866695534676,4.265559341037242,Cell type 2,Sample 3
1.7798804538557829,4.283530624615272,Cell type 2,Sample 1
2.6232429653539393,-4.828091895951858,Cell type 2,Sample 2
-3.8976254446116165,-3.600710872471743,Cell type 2,Sample 3
4.897572697605921,0.1401879097548728,Cell type 2,Sample 1
-3.1755118405438445,-3.754195933100493,Cell type 2,Sample 2
0.5417227944896161,-5.397467337503849,Cell type 2,Sample 3
1.457095893903299,4.788465242345483,Cell type 2,Sample 1
-0.7035906838246268,-5.362555988842508,Cell type 2,Sample 2
-0.6437345340823657,-5.287463358008546,Cell type 2,Sample 3
4.436268588630468,-3.1884863296163766,Cell type 2,Sample 1
-4.523351700915093,-0.2246372521175139,Cell type 2,Sample 2
4.66812193611673,-1.2851431766909531,Cell type 2,Sample 3
3.5039898252508186,3.6520647417957557,Cell type 2,Sample 1
5.2494844557351765,-0.5493533259310022,Cell type 2,Sample 2
4.10796332718137,2.3019099506614524,Cell type 2,Sample 3
3.043806325978839,-3.324265519912043,Cell type 2,Sample 1
0.6198114395281271,-5.306114244755963,Cell type 2,Sample 2
0.5613769825506071,-5.031939571529136,Cell type 2,Sample 3
-4.990456793672657,0.36866349940738646,Cell type 2,Sample 1
1.8096892223382857,-4.964063776582361,Cell type 2,Sample 2
1.1343443571712633,-4.390489775439403,Cell type 2,Sample 3
-2.0664541503655447,4.965337804545699,Cell type 2,Sample 1
-2.380016760919226,-4.443135085491054,Cell type 2,Sample 2
-3.53058214200164,-3.585073107868503,Cell type 2,Sample 3
2.0535433259868636,-4.823741407819816,Cell type 2,Sample 1
-1.7442400847163295,4.813633812530118,Cell type 2,Sample 2
4.631486461140677,1.1897124657610068,Cell type 2,Sample 3
-3.1206383354397227,4.119774360237698,Cell type 2,Sample 1
2.0032242176488553,4.918435612789349,Cell type 2,Sample 2
-5.051594000587592,1.6640367575318378,Cell type 2,Sample 3
4.525608815872346,-1.0915425194448478,Cell type 2,Sample 1
1.4787781518969492,-4.647836152786351,Cell type 2,Sample 2
-1.4579757493136578,4.348790792307021,Cell type 2,Sample 3
3.251591466312382,3.8674322799080314,Cell type 2,Sample 1
3.9504229543968035,-2.5193980625528627,Cell type 2,Sample 2
4.6773830638664275,2.834397862582104,Cell type 2,Sample 3
0.2248918832008579,4.600321025889932,Cell type 2,Sample 1
-2.152304712753836,-4.734352475878575,Cell type 2,Sample 2
-4.689401049275119,-0.06745283746296023,Cell type 2,Sample 3
-2.735066353140603,-3.817712145238549,Cell type 2,Sample 1
1.753736770087508,-4.241859153490969,Cell type 2,Sample 2
4.827799737102539,2.476562211111523,Cell type 2,Sample 3
-4.322525054517735,2.4526820855583877,Cell type 2,Sample 1
0.1777219666985331,5.361089797513527,Cell type 2,Sample 2
2.0625741067864496,4.112648947003239,Cell type 2,Sample 3
-2.248677607688143,-4.39297354093235,Cell type 2,Sample 1
-2.327793274756184,4.395825372090212,Cell type 2,Sample 2
5.176553347783363,0.26609765459652335,Cell type 2,Sample 3
4.9264973309379325,1.4203987655876746,Cell type 2,Sample 1
-2.7810764556092975,-4.352087209804236,Cell type 2,Sample 2
1.7458712438190518,5.008465576566525,Cell type 2,Sample 3
4.805542425665783,1.5978854496779353,Cell type 2,Sample 1
-1.1810774384671343,5.005946292596427,Cell type 2,Sample 2
1.277103174093284,4.7257628466816115,Cell type 2,Sample 3
-0.30765845760607885,5.390246182072812,Cell type 2,Sample 1
-4.203637372321546,2.6972526964230794,Cell type 2,Sample 2
1.3209074203474471,4.712461293448165,Cell type 2,Sample 3
4.822560336687892,0.11708330799958487,Cell type 2,Sample 1
0.5631382757398048,5.080343878143094,Cell type 2,Sample 2
-4.869257062475677,-2.135153543304365,Cell type 2,Sample 3
4.593076827970536,0.9079307701196974,Cell type 2,Sample 1
-1.4194317466057282,4.798415005206663,Cell type 2,Sample 2
0.3514958504900498,5.1903110235478005,Cell type 2,Sample 3
2.283078658803108,-4.63700673456152,Cell type 2,Sample 1
-4.602406220326947,-0.8732894802954873,Cell type 2,Sample 2
4.973958203141277,-0.9828176772895892,Cell type 2,Sample 3
-2.654486181343445,-3.647147197439141,Cell type 2,Sample 1
-3.6689091848264237,-3.649219335232183,Cell type 2,Sample 2
-4.353710556552812,-1.6042663539372393,Cell type 2,Sample 3
-4.2791525290243015,-1.445153710320375,Cell type 2,Sample 1
0.044645275204654916,4.9269127130925865,Cell type 2,Sample 2
3.7120895435800136,-3.960542425541745,Cell type 2,Sample 3
4.0446567922227,2.9880569092866622,Cell type 2,Sample 1
-2.764103995471329,4.677215344311534,Cell type 2,Sample 2
-2.0731634542269326,4.765788770161602,Cell type 2,Sample 3
4.776724799019845,2.3819788141629994,Cell type 2,Sample 1
4.350814373545699,-1.9272949380902302,Cell type 2,Sample 2
3.0574282885248323,3.323001162111805,Cell type 2,Sample 3
3.600474640873261,-3.243208355474394,Cell type 2,Sample 1
-3.1442303130711338,-4.299121338653413,Cell type 2,Sample 2
-3.778692715673208,3.9342291530318163,Cell type 2,Sample 3
2.5013674151781977,-4.142517049725602,Cell type 2,Sample 1
-4.555961772633681,1.5549162882581473,Cell type 2,Sample 2
4.40274596561012,-2.602679494946193,Cell type 2,Sample 3
-0.7536652592996758,-5.222773938834271,Cell type 2,Sample 1
-5.157901988074834,1.7070868441515974,Cell type 2,Sample 2
-0.6029130771436508,-4.56124160939236,Cell type 2,Sample 3
-2.9002792761823195,-4.665535269226938,Cell type 2,Sample 1
4.687322167623633,-1.408932205479087,Cell type 2,Sample 2
-2.9274275632238402,3.686188376312128,Cell type 2,Sample 3
-5.138975713147904,1.0207170392605502,Cell type 2,Sample 1
0.7826143637093542,-4.548739562197666,Cell type 2,Sample 2
-2.938477925491994,3.901901328911273,Cell type 2,Sample 3
-4.447972242150742,3.2125974814509517,Cell type 2,Sample 1
0.2911023497681353,4.5663406293390105,Cell type 2,Sample 2
2.5612319246459614,-4.2287521890606525,Cell type 2,Sample 3
-0.724991751705605,-4.937220234531563,Cell type 2,Sample 1
-5.0740766814304274,-2.035736077468739,Cell type 2,Sample 2
-4.830757009365277,-0.7011296002994575,Cell type 2,Sample 3
0.8384993591277636,4.67547425586742,Cell type 2,Sample 1
-5.088909986737457,0.3283070634428456,Cell type 2,Sample 2
4.420859390416495,-3.144965557899111,Cell type 2,Sample 3
1.9530005962487553,4.827614626923446,Cell type 2,Sample 1
-3.3231159395647807,-3.9918328830882803,Cell type 2,Sample 2
4.352682997463379,-2.9833773715885283,Cell type 2,Sample 3
-0.48762423265383287,-4.559331232863159,Cell type 2,Sample 1
-2.286106363392615,4.228481139318618,Cell type 2,Sample 2
-5.485894800527414,-0.29705276255790036,Cell type 2,Sample 3
4.233510143077117,-3.182887094356099,Cell type 2,Sample 1
1.300688840091189,4.515192782103994,Cell type 2,Sample 2
2.2654791709970157,4.2414956040526866,Cell type 2,Sample 3
0.8178596512098141,4.583187884121219,Cell type 2,Sample 1
0.05629226464804429,-5.386395744162569,Cell type 2,Sample 2
-4.238234241539466,2.953425904657822,Cell type 2,Sample 3
-4.665664564101257,-2.3872387380871696,Cell type 2,Sample 1
-3.663701472218028,-3.038405897237071,Cell type 2,Sample 2
4.436170009843793,-1.2476125786742702,Cell type 2,Sample 3
-4.713677053498337,0.7139943538118888,Cell type 2,Sample 1
2.259811662653465,-3.9550445963771317,Cell type 2,Sample 2
-1.5949262541672447,-4.67760470167236,Cell type 2,Sample 3
-2.7360363685433797,-3.768878767850729,Cell type 2,Sample 1
4.576190925609959,2.0716794368472318,Cell type 2,Sample 2
-2.266766681997432,-4.241553342863888,Cell type 2,Sample 3
3.855041237502664,3.2085444394174627,Cell type 2,Sample 1
4.63027213750795,-0.009510834787665042,Cell type 2,Sample 2
-2.109915647252008,4.238464310466213,Cell type 2,Sample 3
-2.5609551688716596,4.145385959783244,Cell type 2,Sample 1
-2.888147753181683,-4.221487346299526,Cell type 2,Sample 2
0.8266972698409081,-5.242166931783504,Cell type 2,Sample 3
-4.942651158339874,1.6130965804609887,Cell type 2,Sample 1
3.344029963216753,3.760966585391632,Cell type 2,Sample 2
-1.9490421920077303,-4.083256591084949,Cell type 2,Sample 3
-2.0125687134057917,-4.295946495776692,Cell type 2,Sample 1
-5.42535279242401,-0.5432702345523621,Cell type 2,Sample 2
0.3699770316826071,5.14980490109899,Cell type 2,Sample 3
-4.826514683812534,-1.8866093281377632,Cell type 2,Sample 1
3.198690708310863,3.9380406659459344,Cell type 2,Sample 2
5.343408050539649,-0.1792045663972957,Cell type 2,Sample 3
-5.045008040626854,-1.8890597717193545,Cell type 2,Sample 1
2.4552735806432233,4.6028959980611726,Cell type 2,Sample 2
4.161006755629878,2.4699036413011974,Cell type 2,Sample 3
-3.398613857947918,-3.7882615950355794,Cell type 2,Sample 1
0.08111616656102404,-5.000389980021687,Cell type 2,Sample 2
-3.669629351080928,3.0961650350566656,Cell type 2,Sample 3
0.3431991193663935,-4.811268900109465,Cell type 2,Sample 1
4.05473707046448,-3.0028391845546945,Cell type 2,Sample 2
1.7951071023569731,4.28192135336797,Cell type 2,Sample 3
-4.842839798732899,0.8191759769834245,Cell type 2,Sample 1
3.730082867034446,-3.6093629453717115,Cell type 2,Sample 2
-4.65926490475814,1.6848210712219063,Cell type 2,Sample 3
1.814186306633749,-4.452919161672247,Cell type 2,Sample 1
0.5070803533718545,-4.915626152354054,Cell type 2,Sample 2
-5.127422704473034,-0.08841364166123357,Cell type 2,Sample 3
-4.7711285500885285,1.7848598157635809,Cell type 2,Sample 1
3.7880274646903684,3.5091793656398567,Cell type 2,Sample 2
3.9868726542439887,3.1969738115114015,Cell type 2,Sample 3
-4.3207903336663245,2.024746877240238,Cell type 2,Sample 1
-1.9517475507820066,4.40394906425509,Cell type 2,Sample 2
-3.5637971770838655,3.7902896534152166,Cell type 2,Sample 3
-5.430255686840192,-0.09024008608841522,Cell type 2,Sample 1
-4.100034223186533,-3.6399513303007915,Cell type 2,Sample 2
4.8416175809831685,1.8309232361517318,Cell type 2,Sample 3
0.21736506539558087,5.1698365042170975,Cell type 2,Sample 1
-0.5064917291715618,4.7321808246625245,Cell type 2,Sample 2
3.9182674882936226,-3.719145955525666,Cell type 2,Sample 3
0.4436195581364947,5.134455878109133,Cell type 2,Sample 1
5.017617567125122,-0.28285537908864544,Cell type 2,Sample 2
-1.9921910741841968,4.997760803868463,Cell type 2,Sample 3
4.557535472093452,-1.364154791823733,Cell type 2,Sample 1
-5.142941931268867,0.1527704022405497,Cell type 2,Sample 2
-3.3908683806840916,3.767461325834323,Cell type 2,Sample 3
2.4477415387237165,-3.8853222758154047,Cell type 2,Sample 1
2.3646517106595115,-3.90210764719427,Cell type 2,Sample 2
3.1249602424927856,3.4743225953787387,Cell type 2,Sample 3
-0.700992145400078,5.1160822536294415,Cell type 2,Sample 1
3.3509679718878953,-4.347583902497192,Cell type 2,Sample 2
-1.5204124108274284,4.777745470391264,Cell type 2,Sample 3
-4.896093162957247,0.91355097603565,Cell type 2,Sample 1
3.8862170611744977,-2.556842180082144,Cell type 2,Sample 2
-2.53761164919003,3.724185874619834,Cell type 2,Sample 3
2.776072364032205,4.000050978980267,Cell type 2,Sample 1
-5.209151888501334,1.051790901731149,Cell type 2,Sample 2
2.778448066608553,-3.5568144998415727,Cell type 2,Sample 3
-5.002255695487024,1.2303570762647191,Cell type 2,Sample 1
-4.776269137803701,-0.8023704024478316,Cell type 2,Sample 2
-5.054647530446615,0.9596605299549775,Cell type 2,Sample 3
3.7890065201841194,3.705928520633601,Cell type 2,Sample 1
1.3342416987511039,-4.974095886744036,Cell type 2,Sample 2
-4.96870899811107,-0.24994842743456339,Cell type 2,Sample 3
3.0088404160123687,-3.854012426394355,Cell type 2,Sample 1
4.333186945826076,2.6028449635158744,Cell type 2,Sample 2
1.3269384782279865,5.238663832565153,Cell type 2,Sample 3
3.8276544335873903,2.9874118189362933,Cell type 2,Sample 1
-4.248998246589076,2.7807240882925055,Cell type 2,Sample 2
-3.322510119138565,-3.8858095824159147,Cell type 2,Sample 3
4.291108153743673,-1.4144126848966259,Cell type 2,Sample 1
4.058405695656183,3.613935390177873,Cell type 2,Sample 2
-1.1092248278703534,-4.7882486852454,Cell type 2,Sample 3
1.89165532989055,-4.716842238394199,Cell type 2,Sample 1
-5.1366300985886735,1.7449407275806446,Cell type 2,Sample 2
3.689892565225542,-3.813780833077856,Cell type 2,Sample 3
5.113293454657881,0.670248958536071,Cell type 2,Sample 1
3.669552816799723,-3.1919674401965206,Cell type 2,Sample 2
-4.883105517750438,2.4679910744724194,Cell type 2,Sample 3
-4.354132345706007,-2.0867642730061076,Cell type 2,Sample 1
-0.5281475590214245,-4.909265999799692,Cell type 2,Sample 2
-4.529960110410708,-2.427959738040675,Cell type 2,Sample 3
-3.2171967698426482,3.1887103242593215,Cell type 2,Sample 1
2.3122608530446547,4.28465399953678,Cell type 2,Sample 2
2.857268324595358,-4.4521445270399385,Cell type 2,Sample 3
-3.2442683308270697,-3.123794999563229,Cell type 2,Sample 1
-4.675596212306091,0.8322736415597278,Cell type 2,Sample 2
-3.7890206967100037,-3.8739689513213578,Cell type 2,Sample 3
-3.788737564580083,-3.19015218560434,Cell type 2,Sample 1
-5.325864411849131,0.5056003997820047,Cell type 2,Sample 2
-3.6404173630837278,-3.310874591395604,Cell type 2,Sample 3
-0.4630778785457071,4.967625041356492,Cell type 2,Sample 1
4.660570498930934,2.4867427894101,Cell type 2,Sample 2
4.6865783618505565,0.8858539862244686,Cell type 2,Sample 3
-1.1233416150236986,-4.7551769223195635,Cell type 2,Sample 1
5.1188308714088295,0.29520754698210355,Cell type 2,Sample 2
-4.089004773997639,3.086887315523751,Cell type 2,Sample 3
4.405321190225577,3.10556941183925,Cell type 2,Sample 1
4.0527507122867075,-3.4241105515462475,Cell type 2,Sample 2
-1.5122486528438894,-5.275790190353216,Cell type 2,Sample 3
-1.7707482547344606,4.277595276692212,Cell type 2,Sample 1
3.469283507405463,3.9275159641529056,Cell type 2,Sample 2
-2.9397788250728243,3.5425276248318176,Cell type 2,Sample 3
-4.691327384308397,2.1338749608259127,Cell type 2,Sample 1
1.4448887346545185,4.681389222742035,Cell type 2,Sample 2
3.6085254064278467,4.083327009938504,Cell type 2,Sample 3
-0.12304480233966449,-4.516300840061448,Cell type 2,Sample 1
3.956281619412542,3.5853182924135507,Cell type 2,Sample 2
3.6610667997911808,-3.248115497700978,Cell type 2,Sample 3
2.8156321325805465,-4.301086478374441,Cell type 2,Sample 1
-5.3078287273008105,-0.052528980949980895,Cell type 2,Sample 2
-2.7193803329708035,-4.647123610535368,Cell type 2,Sample 3
-0.6113364242219554,4.670367902429772,Cell type 2,Sample 1
4.52579793216682,1.0503530700763677,Cell type 2,Sample 2
4.912331276954401,-1.8433823968588308,Cell type 2,Sample 3
-0.8462781789099356,-4.697058050321105,Cell type 2,Sample 1
0.07908530605245531,-4.508956749406526,Cell type 2,Sample 2
-5.088621761426614,1.5422335722097682,Cell type 2,Sample 3
-1.782214247889559,4.355186072720866,Cell type 2,Sample 1
-5.0077653079268565,0.3204239547449733,Cell type 2,Sample 2
-0.3524918798186518,4.706535660225162,Cell type 2,Sample 3
-2.2308130362995495,-4.207829158006504,Cell type 2,Sample 1
-1.2988961263416414,-5.221280821449857,Cell type 2,Sample 2
0.910894928174159,-4.4843471350074315,Cell type 2,Sample 3
-3.808027150195159,-2.9197238660959677,Cell type 2,Sample 1
5.172873326925902,0.8653287391625868,Cell type 2,Sample 2
3.226555987343939,4.088921929374431,Cell type 2,Sample 3
-2.0012640812822005,-4.885503860518914,Cell type 2,Sample 1
-3.8595760693600387,3.202140164569554,Cell type 2,Sample 2
-4.553918485606853,1.8747326045082264,Cell type 2,Sample 3
4.721424204517178,-1.592452192963106,Cell type 2,Sample 1
0.08264447794733706,4.542130213182077,Cell type 2,Sample 2
1.4439445448087649,4.466441313326028,Cell type 2,Sample 3
2.585034696763232,-4.4809671363748205,Cell type 2,Sample 1
0.73877622655188,4.976721173632885,Cell type 2,Sample 2
-5.330888055112144,1.2574979585352644,Cell type 2,Sample 3
-3.251979574153053,-3.281944651428314,Cell type 2,Sample 1
-0.7513619647317193,4.6493906590474054,Cell type 2,Sample 2
0.11051029515464122,-4.60305257397553,Cell type 2,Sample 3
1.4659993809858594,4.408296269022097,Cell type 2,Sample 1
-4.473748773371274,-1.1497514755983576,Cell type 2,Sample 2
4.447362627898368,0.696042103732993,Cell type 2,Sample 3
1.4314589297512,5.268957643611756,Cell type 2,Sample 1
5.468272507663397,0.5000101522780974,Cell type 2,Sample 2
4.441104415605526,-2.5415067454566085,Cell type 2,Sample 3
-1.6950219462276832,-4.618036212526343,Cell type 2,Sample 1
-5.171331535016406,0.7297048136856131,Cell type 2,Sample 2
1.5666249552792082,-4.485162595053923,Cell type 2,Sample 3
-2.781659538793007,4.392351969961054,Cell type 2,Sample 1
1.153286986675114,4.968263854305959,Cell type 2,Sample 2
0.5844947508399527,-4.530279220759405,Cell type 2,Sample 3
-4.996108633833936,-2.2172451006347385,Cell type 2,Sample 1
-2.485277400542903,-4.205887252225351,Cell type 2,Sample 2
-2.916552598864646,4.1573382219458415,Cell type 2,Sample 3
-4.608330508391036,2.535688854377986,Cell type 2,Sample 1
3.396502131097004,-3.2864466213807035,Cell type 2,Sample 2
1.6910399177871487,4.263843055293719,Cell type 2,Sample 3
-0.14277921037619862,4.6793211986257495,Cell type 2,Sample 1
3.851111858308243,-3.7441377473374176,Cell type 2,Sample 2
-3.035335785231707,3.6196564575550556,Cell type 2,Sample 3
4.208551902997957,-2.7102380185844983,Cell type 2,Sample 1
-3.5392920917641235,-3.4539074994509114,Cell type 2,Sample 2
5.258823444745766,1.3759590098340349,Cell type 2,Sample 3
-2.81062181745177,4.459333258515535,Cell type 2,Sample 1
-2.811290065063493,3.6030007851281853,Cell type 2,Sample 2
5.03911371751836,-1.7960888520159577,Cell type 2,Sample 3
1.0991185787083895,-5.247068826939162,Cell type 2,Sample 1
-3.9249136821001365,-3.631014170702544,Cell type 2,Sample 2
-1.3157144052460297,-5.333143146403586,Cell type 2,Sample 3
2.4247495948384303,-3.973989830559368,Cell type 2,Sample 1
2.2869739839198595,-4.447433070501983,Cell type 2,Sample 2
0.40120764062275,-5.446890995029593,Cell type 2,Sample 3
-4.040835362997939,-3.4936618599658034,Cell type 2,Sample 1
5.149201072432308,0.6346352275734126,Cell type 2,Sample 2
1.9995641524328034,-4.15086744123414,Cell type 2,Sample 3
3.2521155713960113,4.382453287751733,Cell type 2,Sample 1
-4.467017741715694,-2.6649244723229577,Cell type 2,Sample 2
-2.0603115742348965,-4.611474657652622,Cell type 2,Sample 3
2.286232116076469,-4.38926040259113,Cell type 2,Sample 1
5.216818591175039,-0.39705855507067245,Cell type 2,Sample 2
4.083643490796137,2.151974463869522,Cell type 2,Sample 3
-5.057845554713401,1.8056070457328284,Cell type 2,Sample 1
1.0897558039630726,-5.005075584190694,Cell type 2,Sample 2
-3.6963717409981607,3.953579223799892,Cell type 2,Sample 3
4.42822631499633,-1.8607263655220332,Cell type 2,Sample 1
0.9744509853682471,-4.815912525711823,Cell type 2,Sample 2
-0.09314289477837687,-4.9550838821797205,Cell type 2,Sample 3
2.8401811090993996,-4.376122621956477,Cell type 2,Sample 1
-0.6423288285076642,-4.857204844072988,Cell type 2,Sample 2
4.691675705713174,-0.02368641477156351,Cell type 2,Sample 3
-0.2145962403858968,-4.663821423100477,Cell type 2,Sample 1
-2.1898988710678284,-4.010523334594185,Cell type 2,Sample 2
-3.4626115128213293,-3.8057159339542674,Cell type 2,Sample 3
4.584181602756864,-2.5380949829065007,Cell type 2,Sample 1
-0.772345857657663,-4.733707247510739,Cell type 2,Sample 2
-5.027687879924637,-2.0761564359325173,Cell type 2,Sample 3
2.6452709610594147,3.6994708997776606,Cell type 2,Sample 1
1.6105071538736229,-5.147886899808686,Cell type 2,Sample 2
4.822110627879272,0.5762920359235115,Cell type 2,Sample 3
1.0347984350907677,5.182525032721833,Cell type 2,Sample 1
3.983257288652871,2.256428462486638,Cell type 2,Sample 2
-4.567369720306676,-2.0560672720496576,Cell type 2,Sample 3
0.9177223706929083,-4.857205396687422,Cell type 2,Sample 1
4.016823466361137,-3.6955600345571127,Cell type 2,Sample 2
-1.7907009558085938,-4.475827206865017,Cell type 2,Sample 3
-4.5072238649130165,-0.6641274311278621,Cell type 2,Sample 1
1.9449083122465813,-4.53908480657346,Cell type 2,Sample 2
3.8416574255682434,2.919724938930821,Cell type 2,Sample 3
4.685821237944966,1.6365692395772882,Cell type 2,Sample 1
-1.3827969729051814,4.652826185379433,Cell type 2,Sample 2
4.753796204536901,0.6840600840855896,Cell type 2,Sample 3
-4.68959374181539,1.3879524324183996,Cell type 2,Sample 1
-5.073646140994951,-0.8409579942552208,Cell type 2,Sample 2
-1.6902992834770254,-5.155243118846454,Cell type 2,Sample 3
0.5181605912615571,-4.878224991833984,Cell type 2,Sample 1
-2.1338673231997705,-4.56474791708397,Cell type 2,Sample 2
-4.734900755221624,1.8831255074736526,Cell type 2,Sample 3
-4.843799835637776,2.3175450653242144,Cell type 2,Sample 1
0.2993320349403384,-4.756768952682274,Cell type 2,Sample 2
-4.688972302142106,-0.6958382924183325,Cell type 2,Sample 3
2.3215106281962536,4.729938323614314,Cell type 2,Sample 1
-0.56685909032864,-5.4676579550177085,Cell type 2,Sample 2
-5.407208485011994,-0.4864672052594846,Cell type 2,Sample 3
-3.2366070082462066,-3.820430385955179,Cell type 2,Sample 1
1.5576678743749433,-4.3467480931437255,Cell type 2,Sample 2
5.405453574486526,0.6123462473670651,Cell type 2,Sample 3
3.035973221859661,4.247796576238094,Cell type 2,Sample 1
-2.6109866651373848,-3.8465729983097985,Cell type 2,Sample 2
3.5639012550340885,3.621639718587375,Cell type 2,Sample 3
3.066570434652757,-4.240443675709329,Cell type 2,Sample 1
-4.205974242109715,2.125862643603841,Cell type 2,Sample 2
-3.953334442064462,2.364022049912365,Cell type 2,Sample 3
-0.2526338602157959,4.840136513754432,Cell type 2,Sample 1
-5.015669487883146,2.1687127656726166,Cell type 2,Sample 2
4.979136546077003,-1.4925369294591242,Cell type 2,Sample 3
4.427493130864275,2.6832761315884066,Cell type 2,Sample 1
5.3184709133286825,-0.9368819794312592,Cell type 2,Sample 2
-4.459470915861373,0.9047090649663855,Cell type 2,Sample 3
-4.030613883193953,2.2141096577955146,Cell type 2,Sample 1
-4.985625081750073,0.6197015988607251,Cell type 2,Sample 2
-4.351984061749019,-1.9471741860890648,Cell type 2,Sample 3
-3.997096113362471,-3.3364613697993994,Cell type 2,Sample 1
-3.9559098200803655,-3.2605960599121455,Cell type 2,Sample 2
-4.345648005369646,2.5927300520675236,Cell type 2,Sample 3
1.0132061258509664,-4.93500990345936,Cell type 2,Sample 1
-4.914420961257743,0.8727720841527451,Cell type 2,Sample 2
-4.037569938426316,2.5512047162381313,Cell type 2,Sample 3
1.8957952097419373,4.8197146033418505,Cell type 2,Sample 1
4.1008039003867,-2.9476372156935486,Cell type 2,Sample 2
-0.3563109880747775,5.31854909965379,Cell type 2,Sample 3
-1.748363436785889,-4.812506276291009,Cell type 2,Sample 1
-2.498568744474708,3.9468594059335174,Cell type 2,Sample 2
1.8086254778276576,4.729949333838404,Cell type 2,Sample 3
2.447928882627913,-3.7889943255844476,Cell type 2,Sample 1
-4.449368688297935,-0.8475402831561476,Cell type 2,Sample 2
3.2081002300328034,-4.392874833960079,Cell type 2,Sample 3
-4.760884426546403,-1.3468399628257135,Cell type 2,Sample 1
4.417187618232584,-3.234460729666908,Cell type 2,Sample 2
-1.4819452165546485,4.557365257557994,Cell type 2,Sample 3
-4.952696752809783,0.18187397862543334,Cell type 2,Sample 1
3.881170887265258,-2.806738742779091,Cell type 2,Sample 2
-3.0543201958229615,4.047485288377191,Cell type 2,Sample 3
0.10283257210846816,5.335095844810161,Cell type 2,Sample 1
5.35428121047657,1.2377935968648144,Cell type 2,Sample 2
3.673739590864517,3.172147980279809,Cell type 2,Sample 3
-2.9464723871759078,-4.000869608843567,Cell type 2,Sample 1
4.950197453555316,1.0206633726460552,Cell type 2,Sample 2
-5.010776306746891,1.116475611868479,Cell type 2,Sample 3
0.5175201706267942,-4.677492054007698,Cell type 2,Sample 1
-1.5527158409969852,-5.2225131170684,Cell type 2,Sample 2
5.42690819257871,0.6199687106453892,Cell type 2,Sample 3
-4.126420413635202,-2.790089227238721,Cell type 2,Sample 1
3.1217501807626395,3.5765733412884106,Cell type 2,Sample 2
-5.135166409366002,-0.09944800011836633,Cell type 2,Sample 3
3.132798317447837,-4.063908205748604,Cell type 2,Sample 1
-1.0896632962316013,4.666586026744536,Cell type 2,Sample 2
-4.604422902448383,1.1721587804146012,Cell type 2,Sample 3
4.717095076609649,-0.05539313017401596,Cell type 2,Sample 1
-4.987025401845203,1.4098285409114477,Cell type 2,Sample 2
-3.5246680249656914,-3.2417819211606456,Cell type 2,Sample 3
4.841075470670012,-1.3751780289078885,Cell type 2,Sample 1
-3.4958416437388915,3.456565533140897,Cell type 2,Sample 2
-3.9977267208912215,3.5564286545089323,Cell type 2,Sample 3
-1.5587907516949058,-4.367260410841696,Cell type 2,Sample 1
-3.6434288358073084,3.6000401698055757,Cell type 2,Sample 2
-3.2194247088709016,-4.205373285302078,Cell type 2,Sample 3
4.423114573677843,1.4861357521009742,Cell type 2,Sample 1
4.800580061792125,1.877445452863074,Cell type 2,Sample 2
-4.213221639072449,2.4810669187004315,Cell type 2,Sample 3
-4.2186597242942145,-2.0047940123392487,Cell type 2,Sample 1
0.6192583531155061,4.575919276579174,Cell type 2,Sample 2
2.481611565747525,3.902813437297396,Cell type 2,Sample 3
1.7749991188382037,4.745563203328722,Cell type 2,Sample 1
-3.903935597599459,3.7635003862039635,Cell type 2,Sample 2
2.431734219527455,-4.728041024765179,Cell type 2,Sample 3
-3.9526125641153755,-3.0290822309201944,Cell type 2,Sample 1
4.746064066605078,0.9062222002598916,Cell type 2,Sample 2
1.280070733328827,5.313780800894377,Cell type 2,Sample 3
1.4604183913532278,-5.019362853976999,Cell type 2,Sample 1
5.235455638464071,0.1607973164846563,Cell type 2,Sample 2
0.7034282239103642,-5.186304412605252,Cell type 2,Sample 3
0.8084269610388827,4.579280958330619,Cell type 2,Sample 1
5.187110830456118,0.8924540969078376,Cell type 2,Sample 2
3.2695468627695337,-3.1116626273456656,Cell type 2,Sample 3
2.4084572411343554,-4.018736109327415,Cell type 2,Sample 1
4.402731904713504,-1.5455849207815622,Cell type 2,Sample 2
2.9304273928671987,-4.2373201424489295,Cell type 2,Sample 3
1.7686162551821787,4.461134164737848,Cell type 2,Sample 1
4.206044681706652,1.671550878835297,Cell type 2,Sample 2
-4.966108053611153,0.6278053401691585,Cell type 2,Sample 3
5.3400376313921,-0.2468384811937189,Cell type 2,Sample 1
3.600127908024385,-2.7639149092072866,Cell type 2,Sample 2
-1.3387741685871752,4.947064017302665,Cell type 2,Sample 3
-4.558903754119807,1.6833321188894699,Cell type 2,Sample 1
-2.106346972892493,-4.189933718494166,Cell type 2,Sample 2
2.8155618123353214,4.413007799307075,Cell type 2,Sample 3
-1.2521741909760546,4.64387167599143,Cell type 2,Sample 1
3.754164300982927,-2.923478152786333,Cell type 2,Sample 2
2.2280919330457905,-4.344197178550794,Cell type 2,Sample 3
3.1111190008214473,-4.177692566446444,Cell type 2,Sample 1
-2.2276329109374333,-4.8600384949966795,Cell type 2,Sample 2
-3.4273559161873934,3.821104104066943,Cell type 2,Sample 3
3.814092978430571,-2.51200295440647,Cell type 2,Sample 1
3.7263789319685268,-3.8394272392456252,Cell type 2,Sample 2
3.0923145737711595,-3.5996802271421147,Cell type 2,Sample 3
-2.421497262637713,4.853496087072756,Cell type 2,Sample 1
-4.632121034689917,-0.9882870536354643,Cell type 2,Sample 2
1.3850535083668054,-4.860367989148691,Cell type 2,Sample 3
4.5056404349292,1.628281779144328,Cell type 2,Sample 1
2.2269639055462425,-4.649520869098979,Cell type 2,Sample 2
0.7771074489709755,-4.798981039576169,Cell type 2,Sample 3
3.811864985845977,-3.0052161631375065,Cell type 2,Sample 1
1.4284169284307902,4.722994375718839,Cell type 2,Sample 2
3.39996126172131,-3.621675346985619,Cell type 2,Sample 3
4.712534248572692,-1.9537669513861522,Cell type 2,Sample 1
-3.679177772804495,-3.3178054503624748,Cell type 2,Sample 2
2.2219556996413847,4.179626943526453,Cell type 2,Sample 3
-1.8581322411228098,-4.196209814788952,Cell type 2,Sample 1
-5.253596535624903,-0.273779217897551,Cell type 2,Sample 2
-2.4048000223941153,4.26277508413096,Cell type 2,Sample 3
4.286698251677121,3.0910994776891725,Cell type 2,Sample 1
3.6956331641606432,-2.5972040434440817,Cell type 2,Sample 2
3.882424999458571,-3.673674343674761,Cell type 2,Sample 3
-3.7316120399626076,3.1546851602239605,Cell type 2,Sample 1
-4.5367072963334065,-0.524629122819585,Cell type 2,Sample 2
4.284257829232502,3.4432622287024652,Cell type 2,Sample 3
-5.385111846048121,-0.31583377683490227,Cell type 2,Sample 1
-1.4351381143493613,4.911193500030393,Cell type 2,Sample 2
1.4485928155955605,-4.261307178734723,Cell type 2,Sample 3
-4.59053678812681,1.8409351578684654,Cell type 2,Sample 1
3.9820911837320754,-2.3024726219681235,Cell type 2,Sample 2
2.9445532536150094,4.264375335256193,Cell type 2,Sample 3
-3.1520361835242565,3.6346118606427185,Cell type 2,Sample 1
5.4586685190210895,0.47979698351834493,Cell type 2,Sample 2
-2.939446150046351,3.9968468220296733,Cell type 2,Sample 3
-0.7593144139387938,-5.286950669230735,Cell type 2,Sample 1
5.160949508002193,0.9289592379944863,Cell type 2,Sample 2
4.522044029187126,-0.9467670660386562,Cell type 2,Sample 3
-2.862971872563375,3.960965140642774,Cell type 2,Sample 1
-2.9816845820107223,-3.589896083073662,Cell type 2,Sample 2
-4.757291575592185,2.0759222438888347,Cell type 2,Sample 3
-4.530170959621073,1.0815469712338945,Cell type 2,Sample 1
-3.724447637653705,-3.7226757286110024,Cell type 2,Sample 2
-3.8838969937911365,3.6982612724564783,Cell type 2,Sample 3
-3.301783010706,-4.207058022624471,Cell type 2,Sample 1
-2.755416941965881,3.82910986844548,Cell type 2,Sample 2
-0.9182210186757819,4.687340180549454,Cell type 2,Sample 3
-1.6120366241149398,-4.26958989967173,Cell type 2,Sample 1
1.2900548624542396,-4.3885138000796955,Cell type 2,Sample 2
-4.438819378623714,-1.1500025830041585,Cell type 2,Sample 3
-4.358120361659835,3.0669484906444815,Cell type 2,Sample 1
3.4610022815616164,3.209041523621638,Cell type 2,Sample 2
-1.6325566198939818,4.447966289741541,Cell type 2,Sample 3
-4.361506306289153,-1.1536614615583454,Cell type 2,Sample 1
4.314000603622036,1.2944420071403548,Cell type 2,Sample 2
-4.198619697024725,-2.395804167428777,Cell type 2,Sample 3
-3.8862372240285397,2.4372842026554373,Cell type 2,Sample 1
-0.8492779784323662,-4.4858023542013274,Cell type 2,Sample 2
-4.603334614330183,0.16664410769137178,Cell type 2,Sample 3
3.9345011863948534,3.5227251534151334,Cell type 2,Sample 1
-4.138919387080453,-2.6317686835913796,Cell type 2,Sample 2
4.4532212112811465,3.200505819086428,Cell type 2,Sample 3
-1.9337603565994996,5.032799248429382,Cell type 2,Sample 1
3.5632003084442565,3.7307787015242964,Cell type 2,Sample 2
-3.6056897026523784,4.142942557887081,Cell type 2,Sample 3
2.7673116872412034,-3.7322692194355716,Cell type 2,Sample 1
4.133144614970188,1.8162618990315054,Cell type 2,Sample 2
-3.046917343850312,3.7692153009822045,Cell type 2,Sample 3
4.683332105309419,1.0618677437985473,Cell type 2,Sample 1
-2.5718396023094776,-4.1673602848814895,Cell type 2,Sample 2
3.595084593633082,3.084629766520929,Cell type 2,Sample 3
-1.530902276081965,4.438156214309153,Cell type 2,Sample 1
-2.2368955636812617,4.61114054633327,Cell type 2,Sample 2
3.351326743525865,3.910570329815969,Cell type 2,Sample 3
-2.6045820422421766,4.548354912151837,Cell type 2,Sample 1
3.293462210274315,3.071778356695357,Cell type 2,Sample 2
2.2866474904663914,-4.793484860688136,Cell type 2,Sample 3
-5.239101155460959,-1.4781481015905162,Cell type 2,Sample 1
3.837994062193526,-3.024704629148883,Cell type 2,Sample 2
3.935751931359391,2.22320645588493,Cell type 2,Sample 3
-4.584890397508501,-1.6186881238450723,Cell type 2,Sample 1
0.45506164118580905,-4.921579940978483,Cell type 2,Sample 2
2.368505356172025,4.366328772655038,Cell type 2,Sample 3
3.9769483146090807,3.7756537816513975,Cell type 2,Sample 1
2.5664134701243624,-3.7389994546582974,Cell type 2,Sample 2
-1.9051807094881588,-4.252132776915305,Cell type 2,Sample 3
-1.3530352834727657,4.322681667303479,Cell type 2,Sample 1
-3.664320410695605,-3.832606162208908,Cell type 2,Sample 2
1.9260618758078736,-4.967469280959947,Cell type 2,Sample 3
4.578105829207914,-1.0503845039524784,Cell type 2,Sample 1
3.727661273895929,-2.6000625169752505,Cell type 2,Sample 2
4.536758244576337,2.2237022421382755,Cell type 2,Sample 3
3.3427608857339393,3.033505867883196,Cell type 2,Sample 1
-4.1939431483133385,3.4236629734442956,Cell type 2,Sample 2
0.5002577553580351,-4.9156664427541426,Cell type 2,Sample 3
1.054690349432639,4.904297217220704,Cell type 2,Sample 1
1.0953414828422314,-4.611966942627177,Cell type 2,Sample 2
-2.182720605851818,4.866474906319193,Cell type 2,Sample 3
-1.8657054677427107,-5.102429785921978,Cell type 2,Sample 1
-4.578915074606114,-2.5396813432981435,Cell type 2,Sample 2
2.856255372515068,3.703997221353078,Cell type 2,Sample 3
5.164537395957037,-0.13260607272367111,Cell type 2,Sample 1
2.535466853317725,4.045741001678128,Cell type 2,Sample 2
1.8513227394272334,-4.25848491754884,Cell type 2,Sample 3
-4.409580380313526,-3.1435830055312604,Cell type 2,Sample 1
-1.8809100460452497,-4.46447244698574,Cell type 2,Sample 2
3.101597766643756,4.288229932717197,Cell type 2,Sample 3
-0.33228219296347217,4.837064854454706,Cell type 2,Sample 1
4.526662029365612,0.06617004550855869,Cell type 2,Sample 2
-1.734914970332289,-4.599355683287718,Cell type 2,Sample 3
1.9874151548957906,-4.335964664906437,Cell type 2,Sample 1
-0.4074715248594024,-5.469826982197694,Cell type 2,Sample 2
0.4647632067781094,4.598931857459963,Cell type 2,Sample 3
-4.297692037894934,-1.848013620449507,Cell type 2,Sample 1
4.490614523674682,0.8803207537551468,Cell type 2,Sample 2
-4.859257030162641,0.25098713899904523,Cell type 2,Sample 3
3.006397659957443,3.6296950391364735,Cell type 2,Sample 1
-3.911746452096232,-3.114525889538884,Cell type 2,Sample 2
4.890456568378221,-0.5363813490501081,Cell type 2,Sample 3
-0.7644226410472479,4.60172376354068,Cell type 2,Sample 1
2.090009821405924,-4.737728601168836,Cell type 2,Sample 2
-5.027072951420769,-0.9577868167131243,Cell type 2,Sample 3
1.6043098935824354,-5.101688661405492,Cell type 2,Sample 1
-0.3198159238778975,-4.77347891222411,Cell type 2,Sample 2
-4.213299131553776,-2.025989201399844,Cell type 2,Sample 3
-4.2809276411865085,1.8169276926718956,Cell type 2,Sample 1
-3.23827275597498,4.408615373273635,Cell type 2,Sample 2
4.51372168035569,-0.11971391098527594,Cell type 2,Sample 3
-3.218350447736742,-4.134047418556165,Cell type 2,Sample 1
3.851879717348585,2.8792677813611154,Cell type 2,Sample 2
0.7876813635553894,-5.014818686081342,Cell type 2,Sample 3
-4.758040219378783,2.325826626305244,Cell type 2,Sample 1
1.8291070890768264,4.725382956621198,Cell type 2,Sample 2
-2.6608384334275392,4.659767107852232,Cell type 2,Sample 3
-2.910959641057642,-3.9284621732258613,Cell type 2,Sample 1
-3.3450749992375046,-3.210900093095741,Cell type 2,Sample 2
-3.7714965750681384,-2.7729741602663562,Cell type 2,Sample 3
-5.282595162155458,-1.2401552798274142,Cell type 2,Sample 1
4.618775204403429,-0.9982941575138176,Cell type 2,Sample 2
-4.521305404719008,1.088931112405952,Cell type 2,Sample 3
-4.110841492896927,2.1775743266888985,Cell type 2,Sample 1
2.5444419094916277,-4.264729794579868,Cell type 2,Sample 2
-3.06066725055799,-3.8521419470067677,Cell type 2,Sample 3
-4.8721844082432355,0.8441346665432368,Cell type 2,Sample 1
0.6673047617529801,5.364095500741438,Cell type 2,Sample 2
-3.798163333141294,-2.4706384898363485,Cell type 2,Sample 3
-3.0217832231225654,3.985161800587909,Cell type 2,Sample 1
1.6386262075498743,5.191698151350294,Cell type 2,Sample 2
-2.697782032212646,4.388736317770006,Cell type 2,Sample 3
4.670217392303472,-1.1688952132509136,Cell type 2,Sample 1
-2.0428067142471558,-4.505408664102158,Cell type 2,Sample 2
0.5920881225697034,5.022167408115319,Cell type 2,Sample 3
1.666319336192498,-4.791946322548233,Cell type 2,Sample 1
1.0983443818267598,-5.1338119984044805,Cell type 2,Sample 2
-4.1292973417878835,-3.476476604284808,Cell type 2,Sample 3
2.7289389044808914,-4.120627081340591,Cell type 2,Sample 1
-4.933636832830144,-1.7938847450357176,Cell type 2,Sample 2
-4.742416817685294,-1.2518536555030089,Cell type 2,Sample 3
-2.121682192457104,-4.429730142929997,Cell type 2,Sample 1
2.390227521511264,-4.101032280748172,Cell type 2,Sample 2
-2.7197603284067724,-4.333088953406088,Cell type 2,Sample 3
5.472097622219009,-0.3576792509879946,Cell type 2,Sample 1
-4.188045479640551,-2.2518754396643765,Cell type 2,Sample 2
-1.2771719544370002,-4.397802087157022,Cell type 2,Sample 3
-4.867245343510026,0.7054813547229342,Cell type 2,Sample 1
0.9032375614390559,-4.821723647103698,Cell type 2,Sample 2
4.741486442491645,0.03768381456259032,Cell type 2,Sample 3
-5.309630995742979,0.2724490322730071,Cell type 2,Sample 1
-5.303509844836043,1.1357002049001754,Cell type 2,Sample 2
4.757423148558222,-1.0134314438511316,Cell type 2,Sample 3
4.286384101874859,-2.9651286617084063,Cell type 2,Sample 1
-3.4826065512704987,2.9842208508605195,Cell type 2,Sample 2
0.10209845410298353,5.126286978301521,Cell type 2,Sample 3
-4.124701173219853,3.2835734162485646,Cell type 2,Sample 1
5.043438134598719,0.621320775884609,Cell type 2,Sample 2
-3.2041945060758477,4.228694732499566,Cell type 2,Sample 3
-1.5942920560050096,4.632177440846975,Cell type 2,Sample 1
-5.154137249120254,-0.8926917996759427,Cell type 2,Sample 2
1.6446238873950778,-4.253752994185839,Cell type 2,Sample 3
4.2157976136435495,-1.7259073800947313,Cell type 2,Sample 1
4.1675050922525445,2.8158395007490395,Cell type 2,Sample 2
5.193241721181889,0.7473460139673886,Cell type 2,Sample 3
-2.9479558410511157,3.636902687460737,Cell type 2,Sample 1
-0.5111126628581465,-4.759836155311826,Cell type 2,Sample 2
3.4586780527783887,-3.9388488302635234,Cell type 2,Sample 3
1.8004337906219963,-4.366466842530867,Cell type 2,Sample 1
-5.0673921809041245,-1.3943153055386808,Cell type 2,Sample 2
1.5095474220092484,4.432756536415532,Cell type 2,Sample 3
-2.2890709229215003,-4.920947647174605,Cell type 2,Sample 1
-1.5527786563344181,5.215659486753954,Cell type 2,Sample 2
1.1346121527978916,4.508843002740528,Cell type 2,Sample 3
1.8797595829776474,-5.106058663266562,Cell type 2,Sample 1
1.7154885182874455,4.458563872417024,Cell type 2,Sample 2
0.4915435083789167,-4.8308593306041105,Cell type 2,Sample 3
4.521296568246316,0.9964643232498466,Cell type 2,Sample 1
-5.179554464316486,-1.223978338710349,Cell type 2,Sample 2
-4.309298383661633,1.802600072696485,Cell type 2,Sample 3
0.7173814021368232,4.669331939906268,Cell type 2,Sample 1
5.026713213940188,-0.5352928518243786,Cell type 2,Sample 2
-1.1436711499029995,5.2774974428020105,Cell type 2,Sample 3
4.445463007227964,1.127220302404832,Cell type 2,Sample 1
3.4897259451239493,3.3425456606841317,Cell type 2,Sample 2
4.368327228624918,2.3279019952761173,Cell type 2,Sample 3
-4.421588070329857,-1.0588855911410848,Cell type 2,Sample 1
4.74000355504712,-0.5500069737914699,Cell type 2,Sample 2
4.242352362600412,2.9507593096949822,Cell type 2,Sample 3
2.6876893000252493,4.281757663151618,Cell type 2,Sample 1
-2.98625628736026,-4.6060133683282665,Cell type 2,Sample 2
-1.9757997913584158,4.2080775108343484,Cell type 2,Sample 3
-3.787462960188566,-3.658729036086132,Cell type 2,Sample 1
-0.7818977337721222,-4.5530914825156295,Cell type 2,Sample 2
-0.7612269434401211,-4.896791203976037,Cell type 2,Sample 3
5.070254470040159,1.4011535485977427,Cell type 2,Sample 1
-1.1653049288038138,5.318678194863343,Cell type 2,Sample 2
4.531436920595626,-3.059355831293845,Cell type 2,Sample 3
1.490795317903553,-4.715201309819897,Cell type 2,Sample 1
-2.552274663498596,3.7844063525941194,Cell type 2,Sample 2
4.593375052997227,0.2099393310555203,Cell type 2,Sample 3
-3.8933055652931174,-3.5569590069557786,Cell type 2,Sample 1
-4.332758372578115,2.0920793690775223,Cell type 2,Sample 2
3.324676604496829,-4.029109886234594,Cell type 2,Sample 3
3.3654347815823544,-4.318486257115551,Cell type 2,Sample 1
3.5531380412011497,2.7786961195766287,Cell type 2,Sample 2
2.4430749588942033,4.685726107606027,Cell type 2,Sample 3
-2.0023945629337963,-5.110706227838066,Cell type 2,Sample 1
-4.1235353049892485,2.5305645346096632,Cell type 2,Sample 2
0.3892624474572361,4.966851345377534,Cell type 2,Sample 3
-2.764652881419483,-4.075456604470937,Cell type 2,Sample 1
-4.963834801081637,0.3367240235369237,Cell type 2,Sample 2
-4.282115960393487,-2.1177883052026107,Cell type 2,Sample 3
1.8897094991996533,5.060363692653693,Cell type 2,Sample 1
-4.264129236220007,-1.8798687835412935,Cell type 2,Sample 2
-4.886364516552649,-1.2611119438477263,Cell type 2,Sample 3
-4.571855383937085,-2.2310859067213094,Cell type 2,Sample 1
-2.2786200168721247,-4.589624682549377,Cell type 2,Sample 2
-1.5964388868350599,4.448954539070855,Cell type 2,Sample 3
5.27107903438127,1.2502624213244948,Cell type 2,Sample 1
-4.015206496093182,-3.071956708022523,Cell type 2,Sample 2
-2.109244185503875,-4.748320068658915,Cell type 2,Sample 3
4.495517466154858,-1.667485455486976,Cell type 2,Sample 1
-0.7682993147703772,-4.726925636326089,Cell type 2,Sample 2
3.898359123674889,-3.526852395987571,Cell type 2,Sample 3
3.923021226979407,-2.8954589332919234,Cell type 2,Sample 1
0.08808710609390545,5.057650524194083,Cell type 2,Sample 2
-3.611076189254393,3.1712372500436627,Cell type 2,Sample 3
2.538612786354178,3.8338760726042,Cell type 2,Sample 1
2.6543692213924057,-4.330892568318244,Cell type 2,Sample 2
-3.348808411724489,3.3471685017313657,Cell type 2,Sample 3
-4.456895488287547,-2.6860118305169296,Cell type 2,Sample 1
2.1670927402234885,-5.0042779638802,Cell type 2,Sample 2
-2.8807787264500466,3.715037383718409,Cell type 2,Sample 3
-2.370482611835669,-4.450056506870021,Cell type 2,Sample 1
-2.7413108980151146,4.267878469220736,Cell type 2,Sample 2
-4.254630827379368,2.551032769149582,Cell type 2,Sample 3
-2.0036767011694896,5.085464399312358,Cell type 2,Sample 1
-4.606656507654526,2.1206110284636983,Cell type 2,Sample 2
4.057071059233043,2.0335970971988333,Cell type 2,Sample 3
-4.0228818888331155,-3.3631441116969745,Cell type 2,Sample 1
4.392242661731073,-1.3861371948792711,Cell type 2,Sample 2
-4.086391857394435,-2.822028835376326,Cell type 2,Sample 3
1.9692017151429575,4.43035439378337,Cell type 2,Sample 1
1.2132560134765202,4.65854374120847,Cell type 2,Sample 2
4.279797900586359,2.202469320893438,Cell type 2,Sample 3
-3.904165378621081,2.3218837090652995,Cell type 2,Sample 1
0.8558011047859808,-5.085106878166533,Cell type 2,Sample 2
4.964247331612862,-1.0235080930722282,Cell type 2,Sample 3
3.547433343536728,2.969671533360021,Cell type 2,Sample 1
2.2220865874148408,4.509632057254792,Cell type 2,Sample 2
-5.158004261842113,0.44832885559265667,Cell type 2,Sample 3
2.000922122681251,-4.688172651967322,Cell type 2,Sample 1
0.25730506848180545,-5.044846577944566,Cell type 2,Sample 2
5.297467815255152,-0.6459770157252466,Cell type 2,Sample 3
5.006370483323286,-2.1672044819490575,Cell type 2,Sample 1
-2.189549281628169,3.973492123860559,Cell type 2,Sample 2
4.4141986538188185,1.9861725483829724,Cell type 2,Sample 3
-2.221938534726452,-4.231069019773798,Cell type 2,Sample 1
-1.505141625504415,4.769289700678279,Cell type 2,Sample 2
1.554614882557597,-4.413913203856816,Cell type 2,Sample 3
-2.577030752088031,-3.8554320815295404,Cell type 2,Sample 1
-4.883507679432777,-1.3039742576793611,Cell type 2,Sample 2
-3.839121613081755,-3.782822075434797,Cell type 2,Sample 3
4.406252527380109,3.0604524417352272,Cell type 2,Sample 1
5.276296268994285,-0.18639290890611068,Cell type 2,Sample 2
1.1725044887042853,4.945107543555048,Cell type 2,Sample 3
4.7050902171465125,-2.189979086638997,Cell type 2,Sample 1
4.067711069250905,3.673347351413255,Cell type 2,Sample 2
-5.414483319917737,-0.08470922538149622,Cell type 2,Sample 3
-2.556923822526124,-3.866116348657174,Cell type 2,Sample 1
-5.290104075123982,1.36839557796532,Cell type 2,Sample 2
2.5886213437505465,-3.82283788977318,Cell type 2,Sample 3
-3.9170891312521796,-2.3318309079503434,Cell type 2,Sample 1
-4.649875945484064,2.3305913620350966,Cell type 2,Sample 2
2.334974661629089,4.847543588318114,Cell type 2,Sample 3
2.443975245897647,3.8705081600472786,Cell type 2,Sample 1
4.09612504954676,-2.606828268395167,Cell type 2,Sample 2
3.091362718312689,4.007288981890284,Cell type 2,Sample 3
-3.530700343518128,3.9059266296297404,Cell type 2,Sample 1
-3.6894987079078088,3.592967926167086,Cell type 2,Sample 2
-5.252200281280899,-0.022492267390550047,Cell type 2,Sample 3
1.6649151770002197,-5.092415001941749,Cell type 2,Sample 1
4.697888842601733,-0.2684040046445449,Cell type 2,Sample 2
-1.3576254665423926,-4.717901745303773,Cell type 2,Sample 3
2.906757575195311,-3.8376196012103296,Cell type 2,Sample 1
-0.3404983945184899,4.533047028255938,Cell type 2,Sample 2
-4.064873531948361,-2.8547739217610144,Cell type 2,Sample 3
-1.120161038268568,-4.410807212827149,Cell type 2,Sample 1
2.6365473922118103,-3.890307949063491,Cell type 2,Sample 2
4.986374324856872,1.8932536113787217,Cell type 2,Sample 3
4.414639308793616,1.9371873648565263,Cell type 2,Sample 1
2.9782080799794075,-4.497681113311874,Cell type 2,Sample 2
4.1239037021508,2.8006257632690144,Cell type 2,Sample 3
-2.5559148203442246,4.660552881711851,Cell type 2,Sample 1
-3.851544380332056,-3.1294598149787327,Cell type 2,Sample 2
2.2694704439323248,3.9943259871267984,Cell type 2,Sample 3
-3.198489085348698,3.4381102750615384,Cell type 2,Sample 1
-3.5363671926680675,-3.9447749077851313,Cell type 2,Sample 2
2.5672771619105346,-4.483798428750337,Cell type 2,Sample 3
4.632617988942346,-0.5948301034441902,Cell type 2,Sample 1
-1.7204815666069933,-5.1488780115515045,Cell type 2,Sample 2
-1.4773011580745905,-4.840867151041434,Cell type 2,Sample 3
1.005288627942178,5.173569692428577,Cell type 2,Sample 1
-4.4210941909674135,3.1016382127949735,Cell type 2,Sample 2
5.1694988721814426,0.25356005123096176,Cell type 2,Sample 3
-3.6469039512662342,2.874984669696798,Cell type 2,Sample 1
4.738332998891024,-1.8859394474762794,Cell type 2,Sample 2
-2.136863889585662,-4.1467333957116566,Cell type 2,Sample 3
-4.030320101164347,-3.520156334736928,Cell type 2,Sample 1
-2.051314460142344,-5.007045948232964,Cell type 2,Sample 2
4.385616990916169,1.4176349340157597,Cell type 2,Sample 3
-1.1655585269975952,4.4796263457773104,Cell type 2,Sample 1
-2.0108121903921603,-4.1903336192647735,Cell type 2,Sample 2
1.7586778342911007,-4.767239493616407,Cell type 2,Sample 3
2.163204934902407,4.5743032094289555,Cell type 2,Sample 1
2.5744774583595422,4.6559121548264955,Cell type 2,Sample 2
3.5476317279189455,-4.1350465298847485,Cell type 2,Sample 3
-5.151965857734024,0.31504620396995775,Cell type 2,Sample 1
1.5166423952135601,4.460903908625919,Cell type 2,Sample 2
-4.505706611859193,1.0521442043778215,Cell type 2,Sample 3
3.914583388978298,-3.8568174647422473,Cell type 2,Sample 1
-3.8927099445913527,3.4850966818787485,Cell type 2,Sample 2
-4.726896122850505,-2.3419161002091813,Cell type 2,Sample 3
-3.406023116178051,3.4996848070926276,Cell type 2,Sample 1
-4.68947785002543,-0.2458097460867024,Cell type 2,Sample 2
-0.11803950795071062,5.148232284163587,Cell type 2,Sample 3
3.6923457657610363,-2.91536145086675,Cell type 2,Sample 1
-0.8224876367431992,4.870320006863596,Cell type 2,Sample 2
-1.335269505235714,4.32540005765195,Cell type 2,Sample 3
1.7160604509737554,-4.687545565343175,Cell type 2,Sample 1
-2.8078351291360675,-4.543224394078338,Cell type 2,Sample 2
1.227845025356084,-5.356560881591491,Cell type 2,Sample 3
-5.121483112506221,-0.7385341555641014,Cell type 2,Sample 1
0.1555475406310914,-4.661766340040738,Cell type 2,Sample 2
-4.725349148559286,1.1267488104126737,Cell type 2,Sample 3
-0.6144485876383518,5.027536627652033,Cell type 2,Sample 1
2.5095611679841308,-3.9698951561529725,Cell type 2,Sample 2
-0.8112552280869344,4.783634161140919,Cell type 2,Sample 3
-0.06316780868044289,4.692239645900599,Cell type 2,Sample 1
-4.451692450301999,-1.676578602968647,Cell type 2,Sample 2
4.014246271045011,3.4024723133712556,Cell type 2,Sample 3
-4.001415142341547,2.6058335181191983,Cell type 2,Sample 1
4.962596087992143,-1.943586432002055,Cell type 2,Sample 2
4.35994010666365,-2.9067534962008006,Cell type 2,Sample 3
-5.280551024131656,-0.21900307842016933,Cell type 2,Sample 1
0.19139388430679383,4.538404347782297,Cell type 2,Sample 2
4.175997337744302,-2.58460609785218,Cell type 2,Sample 3
-3.447652730311556,-4.200531613202611,Cell type 2,Sample 1
-1.6220672314321352,5.100041496910399,Cell type 2,Sample 2
-5.084846233602777,-1.277029764362804,Cell type 2,Sample 3
0.5207347187325997,5.43134160608459,Cell type 2,Sample 1
-2.8055142474959207,3.539580114837416,Cell type 2,Sample 2
1.37762038508761,-4.582793741465576,Cell type 2,Sample 3
4.396746597724023,2.540084786213926,Cell type 2,Sample 1
-4.425543736431358,-1.1635124148909006,Cell type 2,Sample 2
-1.8698525175063474,4.768682782545896,Cell type 2,Sample 3
4.913812122309616,0.5033373575833937,Cell type 2,Sample 1
-4.9858356128180015,-0.1292165526729516,Cell type 2,Sample 2
0.20697267081453574,-5.05133108812546,Cell type 2,Sample 3
4.11825901606525,-2.059909564607207,Cell type 2,Sample 1
4.9550182301604675,1.4296075071312513,Cell type 2,Sample 2
5.088666268605181,1.602901895273804,Cell type 2,Sample 3
-1.3791447153910388,4.483194626875649,Cell type 2,Sample 1
-3.3620607430105287,3.43199767745595,Cell type 2,Sample 2
-5.07336577472244,1.0329611323070997,Cell type 2,Sample 3
5.09929334131547,0.7698851167305824,Cell type 2,Sample 1
0.371344965741016,4.533051950724503,Cell type 2,Sample 2
3.908155974031426,-2.5167682253252295,Cell type 2,Sample 3
3.469958465683613,-3.039809307742748,Cell type 2,Sample 1
-3.644096903761076,-3.729822023028821,Cell type 2,Sample 2
4.075790483324127,2.945194594961079,Cell type 2,Sample 3
4.386659885596893,-1.2103441905606207,Cell type 2,Sample 1
5.130438874936423,-1.0314989892487159,Cell type 2,Sample 2
2.051229082982427,-4.7561905636884125,Cell type 2,Sample 3
4.404807804927184,0.9211996803179275,Cell type 2,Sample 1
-3.569396725378874,3.92925468586936,Cell type 2,Sample 2
-1.5592862341683793,-5.026437555388412,Cell type 2,Sample 3
-4.541867932055161,0.3400653516862165,Cell type 2,Sample 1
-4.764303686869722,-1.8089878804645625,Cell type 2,Sample 2
5.153087081105402,-0.6681695893044776,Cell type 2,Sample 3
0.12345254742957701,-4.98284138814918,Cell type 2,Sample 1
-0.009273652440220182,5.006764541477769,Cell type 2,Sample 2
4.856970160353112,-1.236574903265846,Cell type 2,Sample 3
-3.6047536738861843,2.899729490918754,Cell type 2,Sample 1
-1.360611399800923,4.709794221041162,Cell type 2,Sample 2
2.955846535719983,-4.2172186602735735,Cell type 2,Sample 3
-0.1676722788557633,5.324060315146882,Cell type 2,Sample 1
5.01041606477722,-1.245279108061605,Cell type 2,Sample 2
-4.010876430451066,-3.6224986454917936,Cell type 2,Sample 3
-1.3577896740638038,-4.780272793876751,Cell type 2,Sample 1
3.158679980427271,4.128113686195945,Cell type 2,Sample 2
-2.98521000383527,-3.929964036016394,Cell type 2,Sample 3
-3.6403529383988196,3.3001082045137817,Cell type 2,Sample 1
2.8608078893843323,-4.0263894196987025,Cell type 2,Sample 2
-3.722280195633554,-3.213399715101165,Cell type 2,Sample 3
-2.019489036822105,-4.777033670012194,Cell type 2,Sample 1
-4.6042306087491305,2.15306010866511,Cell type 2,Sample 2
-2.106673805879243,-4.607101267902208,Cell type 2,Sample 3
4.023334651713795,-2.3446022505347606,Cell type 2,Sample 1
0.4300504921276195,-4.918694026316179,Cell type 2,Sample 2
-4.835505109815293,0.23079932172794956,Cell type 2,Sample 3
-4.10652419179073,-2.6604677826087766,Cell type 2,Sample 1
-1.24986536793256,-4.848586692121366,Cell type 2,Sample 2
4.7115329382722555,1.1620791966583812,Cell type 2,Sample 3
-3.8129746642715054,2.9830768234987266,Cell type 2,Sample 1
-4.615242096635131,-0.5326535647194341,Cell type 2,Sample 2
-3.2879191627289903,-3.164967532832174,Cell type 2,Sample 3
3.87611085029028,-2.2981836428778117,Cell type 2,Sample 1
0.17831753315105345,4.821505602611545,Cell type 2,Sample 2
-4.784704354627051,2.270406000936704,Cell type 2,Sample 3
0.8800369827431925,4.630913193075025,Cell type 2,Sample 1
-2.3761148585383056,4.430278533147205,Cell type 2,Sample 2
1.9063662427050783,-4.921975690025634,Cell type 2,Sample 3
2.8700060088272092,4.107739618308993,Cell type 2,Sample 1
4.9690651599829385,1.9610397917709628,Cell type 2,Sample 2
-2.4932528987234357,3.990621317706635,Cell type 2,Sample 3
3.7913763733479096,3.133499946479102,Cell type 2,Sample 1
-4.457443471790546,-3.066764879173117,Cell type 2,Sample 2
5.091619565751405,-0.8442728025488546,Cell type 2,Sample 3
-3.0196796761350213,3.691849254280645,Cell type 2,Sample 1
3.181548603312816,-3.551994117827775,Cell type 2,Sample 2
-2.41212467168164,-4.150354480986457,Cell type 2,Sample 3
-1.8025064219053226,-5.185021956562425,Cell type 2,Sample 1
0.8024459262599818,-5.284251814608512,Cell type 2,Sample 2
-5.250393667620983,-1.040100461259942,Cell type 2,Sample 3
5.283237871085526,-0.8111166460642248,Cell type 2,Sample 1
-4.451450634994007,2.4439706400699044,Cell type 2,Sample 2
4.977180347061531,1.2240895820286177,Cell type 2,Sample 3
5.011727842174601,-1.8539029127363256,Cell type 2,Sample 1
0.9796802648734556,4.481455683019531,Cell type 2,Sample 2
2.8627755824737022,4.355076664021185,Cell type 2,Sample 3
2.448093510694506,4.8981860729305655,Cell type 2,Sample 1
-2.513586895513506,-3.790205064547175,Cell type 2,Sample 2
3.955657088737562,2.5450370656181756,Cell type 2,Sample 3
-0.009281255691548747,4.560924824214173,Cell type 2,Sample 1
5.192249287109875,0.14724245182962872,Cell type 2,Sample 2
3.4441315528769274,-3.066317274118859,Cell type 2,Sample 3
-1.8797146879396407,-4.854556579657553,Cell type 2,Sample 1
4.579524181287163,-2.684995164273493,Cell type 2,Sample 2
3.5690294776647478,3.9972748512770133,Cell type 2,Sample 3
-3.112908524759411,3.816035773401824,Cell type 2,Sample 1
-3.890342519006442,3.632467777639691,Cell type 2,Sample 2
1.253662266269946,4.614910470328865,Cell type 2,Sample 3
-3.908520579502226,-2.7232273990729836,Cell type 2,Sample 1
0.6610068921677341,-4.998818148588895,Cell type 2,Sample 2
-4.053338787492746,2.002757449051167,Cell type 2,Sample 3
-5.029732624661007,-0.9685810918943533,Cell type 2,Sample 1
-0.9281914864079546,5.029653223110756,Cell type 2,Sample 2
5.298484958442551,1.4414094795568748,Cell type 2,Sample 3
1.9871112658668346,-4.339198157447345,Cell type 2,Sample 1
-5.249667996383096,-1.1158849742625574,Cell type 2,Sample 2
-1.1858992141766855,4.611832368952567,Cell type 2,Sample 3
2.128335614351065,4.693268355269621,Cell type 2,Sample 1
-4.754088848117962,-1.6847766078018018,Cell type 2,Sample 2
2.5189050676742633,4.6242626264802205,Cell type 2,Sample 3
-4.717398972920175,1.9123070711102979,Cell type 2,Sample 1
-4.970265578111965,-1.9297081512372354,Cell type 2,Sample 2
-0.634652985436921,-4.83018257228698,Cell type 2,Sample 3
-5.2966436823977325,-0.8552444505174114,Cell type 2,Sample 1
1.7164913438688856,-5.012371368315856,Cell type 2,Sample 2
4.606274745748829,-2.5253078793180004,Cell type 2,Sample 3
5.188511669055561,-1.1789249340888546,Cell type 2,Sample 1
4.661069269028147,-1.436296941273462,Cell type 2,Sample 2
-4.855724351398777,-1.9474328845810953,Cell type 2,Sample 3
3.7797275399837345,-3.0187437155193395,Cell type 2,Sample 1
4.091706394887034,2.240346029573501,Cell type 2,Sample 2
4.1540206128890755,-3.0072949632917703,Cell type 2,Sample 3
4.958488323317731,1.3846473589808799,Cell type 2,Sample 1
4.443550969424354,-2.4539182417266647,Cell type 2,Sample 2
4.045214623024179,3.1051858667824632,Cell type 2,Sample 3
3.5978535052217455,-2.7988030415567646,Cell type 2,Sample 1
4.952100356470757,-0.8477539823665999,Cell type 2,Sample 2
-2.985867856052481,4.560951191652194,Cell type 2,Sample 3
-0.5524477302631897,-5.458564362026097,Cell type 2,Sample 1
0.9169043617264699,-5.074235783304817,Cell type 2,Sample 2
2.0069257549544504,4.048450909690804,Cell type 2,Sample 3
-3.9419890486224944,2.9431018034065426,Cell type 2,Sample 1
-2.7866646305486653,-4.008190156866932,Cell type 2,Sample 2
5.130860225841367,1.8062409638331305,Cell type 2,Sample 3
-4.972659813496699,1.0956541205220773,Cell type 2,Sample 1
-3.9645935591820254,2.7759445524675908,Cell type 2,Sample 2
-2.509488809891297,-4.699574314994811,Cell type 2,Sample 3
-4.4584758608002,-0.7340454291196954,Cell type 2,Sample 1
-0.5980417556179723,-5.109036830289026,Cell type 2,Sample 2
3.1191369158991598,4.206075758332132,Cell type 2,Sample 3
-2.5932511904313182,-4.060750165544418,Cell type 2,Sample 1
0.318913489961007,4.53602683542331,Cell type 2,Sample 2
2.1557691041936544,-4.4315732286216125,Cell type 2,Sample 3
4.661896534607206,-1.2589851430044672,Cell type 2,Sample 1
-0.3834401407502792,4.4991790490976244,Cell type 2,Sample 2
4.732266687046851,-2.7246202191283455,Cell type 2,Sample 3
-1.8259900057071625,4.268329853685264,Cell type 2,Sample 1
-4.537921788363306,0.44949906057523126,Cell type 2,Sample 2
3.5847387862343996,-2.9289410646271143,Cell type 2,Sample 3
-5.350476616584068,-1.1541128692535878,Cell type 2,Sample 1
2.2853746822337127,4.398354415676307,Cell type 2,Sample 2
-4.967039867999056,-0.6561708368281082,Cell type 2,Sample 3
-4.199998920842139,-2.0376564060383697,Cell type 2,Sample 1
0.924935110857763,-4.57888138454255,Cell type 2,Sample 2
-4.688378381380088,2.3601388396969134,Cell type 2,Sample 3
-0.9105653926222146,-5.272025782980199,Cell type 2,Sample 1
4.651149153324552,-1.0910821819002148,Cell type 2,Sample 2
2.3322613992140795,4.838077303249229,Cell type 2,Sample 3
1.1972885639984618,5.039111782774846,Cell type 2,Sample 1
4.48767442719708,-2.7438192834947226,Cell type 2,Sample 2
4.302292091416649,3.0740695446358934,Cell type 2,Sample 3
2.507150308611162,-4.598328086416089,Cell type 2,Sample 1
-5.480591488741569,-0.405069740831547,Cell type 2,Sample 2
-2.766039814473123,-4.651893013607444,Cell type 2,Sample 3
-4.017524621853008,2.3199735824395247,Cell type 2,Sample 1
-4.708946015914644,0.12854644458605657,Cell type 2,Sample 2
-0.9044016403966216,4.854591950753426,Cell type 2,Sample 3
-5.403615877321446,-0.42834325393663614,Cell type 2,Sample 1
-3.0448365304933835,3.997975663032636,Cell type 2,Sample 2
-3.6482343512236404,3.9643415693617605,Cell type 2,Sample 3
0.47468033060671033,4.770456920412693,Cell type 2,Sample 1
1.5423804180534455,-4.548853837509597,Cell type 2,Sample 2
4.668784960008854,2.6946709087360667,Cell type 2,Sample 3
2.9199358203160584,-4.417229638111243,Cell type 2,Sample 1
-3.013970568728071,3.911882729598607,Cell type 2,Sample 2
2.218076786154647,4.2560662197807,Cell type 2,Sample 3
-4.75890966394895,0.36579801441368465,Cell type 2,Sample 1
0.1946455722940057,-4.592702930663632,Cell type 2,Sample 2
-1.9933979612682826,-4.7248093243466736,Cell type 2,Sample 3
-0.7536969024987444,4.647465346391173,Cell type 2,Sample 1
2.9697930669587156,3.9896561771542944,Cell type 2,Sample 2
2.697728076786925,-4.5416097142493275,Cell type 2,Sample 3
-1.767625861892117,-4.920796297259405,Cell type 2,Sample 1
-2.209988927306375,4.148314228261801,Cell type 2,Sample 2
5.033899679606312,0.569430453569488,Cell type 2,Sample 3
4.657771111817524,1.318074319635069,Cell type 2,Sample 1
2.251195704085491,5.017378147224762,Cell type 2,Sample 2
4.6444107806469495,-0.6116454913480411,Cell type 2,Sample 3
4.475349619296011,3.1482056546190873,Cell type 2,Sample 1
-3.558854118650424,-3.841377260511688,Cell type 2,Sample 2
-0.1183343641127776,4.596355880262537,Cell type 2,Sample 3
-4.234216583364007,-3.198941443493338,Cell type 2,Sample 1
0.18225730229371653,5.459386942090362,Cell type 2,Sample 2
4.476079702143591,-0.7808190123472177,Cell type 2,Sample 3
4.274028902996378,2.17693769486543,Cell type 2,Sample 1
-1.7674037475152289,-4.563901035028011,Cell type 2,Sample 2
-3.016650759283175,3.533877834445636,Cell type 2,Sample 3
1.8875644393021427,4.953325714876703,Cell type 2,Sample 1
-4.552042534327659,2.9146749508484207,Cell type 2,Sample 2
0.7216342392325914,-5.163444523981989,Cell type 2,Sample 3
-2.1852853641223384,4.387484902742836,Cell type 2,Sample 1
4.640196253599724,2.4325665669558147,Cell type 2,Sample 2
-1.732931781848296,-4.82057711804952,Cell type 2,Sample 3
3.655132069108996,-3.44579518986321,Cell type 2,Sample 1
4.6650376614130185,-0.8023751866618141,Cell type 2,Sample 2
-3.752994090360037,-3.981979268990165,Cell type 2,Sample 3
2.544731267372612,-3.9559807087737995,Cell type 2,Sample 1
2.458365059825119,-4.894803742305193,Cell type 2,Sample 2
-5.0885910448873934,-0.6658805267606754,Cell type 2,Sample 3
4.400489454394615,-1.40837108779504,Cell type 2,Sample 1
-4.670762560707514,-2.4966961707866933,Cell type 2,Sample 2
-2.6345339225765536,-4.371569280958094,Cell type 2,Sample 3
2.4314278796491777,4.617039969603208,Cell type 2,Sample 1
2.8828051414515783,3.706647753179501,Cell type 2,Sample 2
-4.210366442941357,2.910894383034104,Cell type 2,Sample 3
1.2058484493357335,4.985285252688838,Cell type 2,Sample 1
-5.35747071696189,0.23098653157411664,Cell type 2,Sample 2
5.015354270791907,1.654354900205444,Cell type 2,Sample 3
-3.257158651470267,-4.018941168500614,Cell type 2,Sample 1
-1.2607158354514305,-4.3307701305038195,Cell type 2,Sample 2
-4.817064236294262,-1.226398424588496,Cell type 2,Sample 3
-0.5799271671986334,-4.932470845098245,Cell type 2,Sample 1
3.208655082061825,3.206170440419673,Cell type 2,Sample 2
-4.695189191394377,2.5593412075001383,Cell type 2,Sample 3
-2.127567048371447,4.779482590616585,Cell type 2,Sample 1
4.044230981696331,3.312573716529387,Cell type 2,Sample 2
-2.219626600661089,3.9794799599774273,Cell type 2,Sample 3
0.416349619613587,-4.902134342303608,Cell type 2,Sample 1
1.2760693061100763,-5.042138370726544,Cell type 2,Sample 2
-4.751252811372962,-1.6734715102001696,Cell type 2,Sample 3
-5.368845745491527,-0.7825128310599825,Cell type 2,Sample 1
2.790717773326831,-3.7895464532166403,Cell type 2,Sample 2
4.9348057934021545,-1.2225101651684238,Cell type 2,Sample 3
0.812835646759341,-5.342720106695244,Cell type 2,Sample 1
-3.2282017064133104,-3.3624347942186104,Cell type 2,Sample 2
4.082352422443894,-2.95486165154467,Cell type 2,Sample 3
-4.803807270318698,0.984638537141843,Cell type 2,Sample 1
-2.3922351548307925,4.144348369974922,Cell type 2,Sample 2
1.6314350865271303,5.064703784896791,Cell type 2,Sample 3
4.363000030968851,1.6169996232557498,Cell type 2,Sample 1
5.148758307387943,-0.8689233556089707,Cell type 2,Sample 2
-0.5571496435053955,4.909008784212854,Cell type 2,Sample 3
2.6823627698503074,4.766462982693841,Cell type 2,Sample 1
-4.8714308300459885,-1.438225631929031,Cell type 2,Sample 2
2.9889295368250077,3.822461296237668,Cell type 2,Sample 3
1.2022628100115726,-4.37066914982743,Cell type 2,Sample 1
-0.4095105331132759,-5.380504747867236,Cell type 2,Sample 2
2.312501827220632,4.050962023557255,Cell type 2,Sample 3
-2.6697848866634293,-4.22094759075819,Cell type 2,Sample 1
-1.5245097782058572,4.247475751113752,Cell type 2,Sample 2
2.3740545309828947,-3.9553791245181706,Cell type 2,Sample 3
-0.4818253879538322,-5.3920046996278135,Cell type 2,Sample 1
4.359699548422726,2.197682826519948,Cell type 2,Sample 2
-3.5801665571428667,-2.9281771619564942,Cell type 2,Sample 3
2.7723828555768653,-3.9017706573393856,Cell type 2,Sample 1
4.204512784580922,1.9753641058871005,Cell type 2,Sample 2
0.7091558207914537,4.62501859929164,Cell type 2,Sample 3
4.697287099414775,-1.0194884633557773,Cell type 2,Sample 1
-0.3030586796434835,4.708298240013321,Cell type 2,Sample 2
-3.2254394483442557,3.695446116137655,Cell type 2,Sample 3
-1.5722204894912286,-4.82772723657029,Cell type 2,Sample 1
-4.619237735291766,1.6791466696455335,Cell type 2,Sample 2
-4.58654870763348,-2.799405789572597,Cell type 2,Sample 3
-4.532991070131136,0.9183470848534813,Cell type 2,Sample 1
-3.777970145413281,-3.8132956787066337,Cell type 2,Sample 2
2.8835309936704543,-4.272450949669254,Cell type 2,Sample 3
-2.0262370340976465,-4.7530074904583035,Cell type 2,Sample 1
3.811356646259429,-2.4412077758042834,Cell type 2,Sample 2
1.119864348746179,4.608237973122441,Cell type 2,Sample 3
-4.806797537520074,-0.8899486677103176,Cell type 2,Sample 1
4.616551279052763,-2.183127991142172,Cell type 2,Sample 2
4.324038249989945,2.456852938025533,Cell type 2,Sample 3
4.526517432988973,1.5906303428818416,Cell type 2,Sample 1
-3.4258201647173827,3.532966908571268,Cell type 2,Sample 2
-4.80044323262332,-0.7748323086222554,Cell type 2,Sample 3
0.4173528256627435,5.224201676360073,Cell type 2,Sample 1
-2.103256128536393,-4.815671647864964,Cell type 2,Sample 2
0.4251285053554672,-4.987866946849027,Cell type 2,Sample 3
3.689075029298766,-2.8151140831949837,Cell type 2,Sample 1
-5.327117727488229,1.3388648144742457,Cell type 2,Sample 2
4.913632121642267,1.1407568627534004,Cell type 2,Sample 3
-1.1920392546856988,4.394990349605868,Cell type 2,Sample 1
-3.0983192592160287,-4.152903483632621,Cell type 2,Sample 2
1.8387344638270646,-4.3812762898670865,Cell type 2,Sample 3
-0.33429311274145884,-4.952370669263947,Cell type 2,Sample 1
4.991840386281004,0.8853432150991488,Cell type 2,Sample 2
-2.756975830358549,4.67293202842333,Cell type 2,Sample 3
4.707818366551181,-1.0053015962107679,Cell type 2,Sample 1
0.3529991747024983,4.528566915722114,Cell type 2,Sample 2
-5.3129497956253475,-0.6825700107062894,Cell type 2,Sample 3
4.591454038082366,1.809923461156751,Cell type 2,Sample 1
-1.7533760212877134,-4.713015117909759,Cell type 2,Sample 2
-4.913477418051025,-1.3407199311426197,Cell type 2,Sample 3
-3.8431040680020425,3.7707763379163715,Cell type 2,Sample 1
0.13182637040193884,4.81364752889701,Cell type 2,Sample 2
5.212717083849016,0.8176997683015573,Cell type 2,Sample 3
-0.9731852606855627,4.763444443448421,Cell type 2,Sample 1
-4.3742637854786635,-1.9523336633781365,Cell type 2,Sample 2
-3.0793622496919895,3.792324914099742,Cell type 2,Sample 3
-4.113052500247472,-2.075052793395979,Cell type 2,Sample 1
-4.671852488860045,2.5545136218976157,Cell type 2,Sample 2
-0.9898110959266376,5.102786197754609,Cell type 2,Sample 3
-0.02749755515710314,-4.840191029930076,Cell type 2,Sample 1
-0.3863827389612145,-5.016585751741246,Cell type 2,Sample 2
4.633975711024342,1.6729433074727604,Cell type 2,Sample 3
4.23731820262959,3.234587848171087,Cell type 2,Sample 1
3.4755689526579774,-3.093988260112907,Cell type 2,Sample 2
-1.407647946817927,-4.3200518021521255,Cell type 2,Sample 3
2.5405485853331427,-3.9665448155447187,Cell type 2,Sample 1
5.148503666360089,-1.6766984585527416,Cell type 2,Sample 2
0.4904939580568718,-5.076993397716209,Cell type 2,Sample 3
3.046059947456946,-3.4594462196729756,Cell type 2,Sample 1
-2.9257031624451173,4.369496254621074,Cell type 2,Sample 2
-3.7394709757518596,3.8328309409325856,Cell type 2,Sample 3
4.468667531629443,-0.8870879771630092,Cell type 2,Sample 1
4.632538277551831,-2.6640576902397384,Cell type 2,Sample 2
-3.563328567507614,3.205606925838209,Cell type 2,Sample 3
3.145533286233999,-3.7308382398754465,Cell type 2,Sample 1
0.8328926578245451,-5.375086805589561,Cell type 2,Sample 2
-0.793157185984351,4.753133262408108,Cell type 2,Sample 3
-4.013807434245884,2.065539548058379,Cell type 2,Sample 1
1.8966672520733108,4.4986607735033,Cell type 2,Sample 2
-1.5975906554881445,4.417202375282493,Cell type 2,Sample 3
-3.0276044344259465,-3.9416098710700007,Cell type 2,Sample 1
2.134310697573372,-4.983117644638367,Cell type 2,Sample 2
-0.07867567473885938,5.191445501673765,Cell type 2,Sample 3
2.444474352614599,-3.9494030682557235,Cell type 2,Sample 1
1.2303789183990745,-4.886560901601014,Cell type 2,Sample 2
5.178865984475569,1.67383814538228,Cell type 2,Sample 3
-0.01359566084178651,5.3452989049434745,Cell type 2,Sample 1
-3.3811461571419144,-3.69050823177054,Cell type 2,Sample 2
5.148938501081173,-1.179697185623492,Cell type 2,Sample 3
3.541452679659531,-3.5572580269190217,Cell type 2,Sample 1
-5.300788610556039,-1.3539876748595572,Cell type 2,Sample 2
-4.635829840859896,1.1503069280371374,Cell type 2,Sample 3
-1.048044072819736,-5.306008495452902,Cell type 2,Sample 1
-0.6364325610987488,-4.699062337912022,Cell type 2,Sample 2
-5.165463641022004,0.6053818112924156,Cell type 2,Sample 3
3.354630387284591,-4.325575021472923,Cell type 2,Sample 1
-4.462402289396374,1.6016427574817047,Cell type 2,Sample 2
-5.334995105250031,-0.9768555303514721,Cell type 2,Sample 3
-1.4978737297881395,4.503195361734576,Cell type 2,Sample 1
-3.5318174575326475,-3.5105305724334968,Cell type 2,Sample 2
0.5223837561200209,5.393536286832973,Cell type 2,Sample 3
-2.9972930058911467,4.111918748703991,Cell type 2,Sample 1
-5.034016638203637,-0.018253431586728812,Cell type 2,Sample 2
-4.025832373267665,3.1122178144915784,Cell type 2,Sample 3
-4.0493956204555825,3.2453075299046144,Cell type 2,Sample 1
5.20813810157253,1.54982912348008,Cell type 2,Sample 2
5.096302665084995,-1.9742552875026287,Cell type 2,Sample 3
-4.898762064661374,-1.3444107449309672,Cell type 2,Sample 1
4.578859103098424,-2.6598098371329453,Cell type 2,Sample 2
0.6380676521267308,4.60844792094797,Cell type 2,Sample 3
-5.330377397082145,0.37137773684389713,Cell type 2,Sample 1
-4.211798957586899,3.0490236391832974,Cell type 2,Sample 2
2.339579094000603,-4.474217658396194,Cell type 2,Sample 3
-4.020849696197811,2.640009824145341,Cell type 2,Sample 1
-4.838911900428787,-0.5836023651215645,Cell type 2,Sample 2
4.923252270623321,-0.1986505624259924,Cell type 2,Sample 3
-4.4805957144798745,-1.4656531172929854,Cell type 2,Sample 1
-5.041355809442983,0.7479342438675186,Cell type 2,Sample 2
3.265064088073858,3.848436584817005,Cell type 2,Sample 3
4.723367007718617,2.494324879776268,Cell type 2,Sample 1
-3.699790798112129,-3.8054392122148304,Cell type 2,Sample 2
0.36094049323489386,4.605011752264719,Cell type 2,Sample 3
0.44843588986063126,4.507581073413654,Cell type 2,Sample 1
-2.220723145168203,4.327529385073313,Cell type 2,Sample 2
-3.980616263785644,2.458888384266148,Cell type 2,Sample 3
3.7344554278872604,3.435553378189348,Cell type 2,Sample 1
-1.0858850526268442,-4.716030433873063,Cell type 2,Sample 2
-2.4018592634560063,-4.413307744058199,Cell type 2,Sample 3
4.213411190107798,-2.015869235446137,Cell type 2,Sample 1
-1.3405637541632147,4.409169210315209,Cell type 2,Sample 2
-0.29926789556546973,-5.480705324145771,Cell type 2,Sample 3
-2.447329565782919,4.382440681871376,Cell type 2,Sample 1
4.673731379142352,-0.9000554014813156,Cell type 2,Sample 2
-3.9062795103119603,-3.5616624235814687,Cell type 2,Sample 3
4.6641794396167,0.5957470686367201,Cell type 2,Sample 1
2.8614183275646914,3.869017242115806,Cell type 2,Sample 2
-1.7211682201181089,-4.344770796124225,Cell type 2,Sample 3
4.537849983254264,0.22309276742144477,Cell type 2,Sample 1
-4.333446765673508,1.2559957341364116,Cell type 2,Sample 2
-4.297546095843192,2.1608389637308774,Cell type 2,Sample 3
4.895340360075919,2.2689995373269727,Cell type 2,Sample 1
1.4618660230710196,4.574426294169105,Cell type 2,Sample 2
0.823048497481564,-5.013548538144476,Cell type 2,Sample 3
-3.6430404285190816,3.9850119830243056,Cell type 2,Sample 1
-0.0756455229882366,-4.883531960943882,Cell type 2,Sample 2
-3.3130064008042233,4.363941028327347,Cell type 2,Sample 3
-3.6982703546948135,2.9576061007725736,Cell type 2,Sample 1
4.563328696366004,2.6906195028297217,Cell type 2,Sample 2
2.4088766703848714,3.9783940432126714,Cell type 2,Sample 3
-4.108166679821364,3.371061950582785,Cell type 2,Sample 1
5.358196696146092,0.4480184643294135,Cell type 2,Sample 2
-0.11897906379315897,-4.575255821303454,Cell type 2,Sample 3
-4.341207150337249,-2.821436033087568,Cell type 2,Sample 1
4.708085748826704,2.796894778454167,Cell type 2,Sample 2
-3.899143634353743,-2.356526521464078,Cell type 2,Sample 3
4.505969441203854,1.6351644206285127,Cell type 2,Sample 1
1.0127428248627486,-4.937992931666489,Cell type 2,Sample 2
-3.1847001009292883,4.20032289141599,Cell type 2,Sample 3
-4.402532355686816,1.0966821803627613,Cell type 2,Sample 1
5.089612023163621,0.9661292456940412,Cell type 2,Sample 2
2.886141910775466,-3.4939825819195383,Cell type 2,Sample 3
-4.063654420224611,-2.7320463224945386,Cell type 2,Sample 1
-2.7823701193882866,-4.327713991900509,Cell type 2,Sample 2
1.4427898960608165,-5.0985139760512315,Cell type 2,Sample 3
1.3784441936906986,-5.21104550439569,Cell type 2,Sample 1
5.28019034219832,1.205867307113644,Cell type 2,Sample 2
-3.8605517730439134,3.7148045919505126,Cell type 2,Sample 3
-0.6640706446310816,4.870869609720349,Cell type 2,Sample 1
-4.641248944914374,-2.7526825466111853,Cell type 2,Sample 2
-1.740752990132493,-4.747005549219441,Cell type 2,Sample 3
4.554217545311381,-1.8892185873005942,Cell type 2,Sample 1
0.30431465473841995,4.586618206432059,Cell type 2,Sample 2
-4.426423517757388,-2.262639069612225,Cell type 2,Sample 3
3.8667956613223593,2.6495253235285445,Cell type 2,Sample 1
1.2840819691578296,-4.826032978740456,Cell type 2,Sample 2
3.7280911512580297,3.2782723556417688,Cell type 2,Sample 3
2.091844692162583,-4.50101721879047,Cell type 2,Sample 1
4.992851699510216,0.673651033380733,Cell type 2,Sample 2
-1.8225941689087655,4.82603461797059,Cell type 2,Sample 3
-4.542913559858897,-2.677084063005018,Cell type 2,Sample 1
-3.0249191319915463,4.409226570506009,Cell type 2,Sample 2
3.636501803687132,-3.8120698441393563,Cell type 2,Sample 3
-3.833987856662323,2.5072213001340566,Cell type 2,Sample 1
2.211757955476773,-3.9214456922825,Cell type 2,Sample 2
4.28264074608155,1.7521855686513037,Cell type 2,Sample 3
-4.038694212446734,2.3502424995060593,Cell type 2,Sample 1
-2.9713419765304825,-4.168511052106956,Cell type 2,Sample 2
-3.5701462109475792,-3.9207716913148936,Cell type 2,Sample 3
-3.653970163191181,-3.0718128291117215,Cell type 2,Sample 1
-4.219602767012057,2.2740416878300898,Cell type 2,Sample 2
-4.109113844888841,-2.013388923189617,Cell type 2,Sample 3
4.601334635231606,2.203846172687175,Cell type 2,Sample 1
-3.019995068551492,-3.99651651899919,Cell type 2,Sample 2
-5.474380451219585,0.10403816823463746,Cell type 2,Sample 3
-4.970738906105823,-1.6915612748628686,Cell type 2,Sample 1
-4.718459017537041,0.5775872152470998,Cell type 2,Sample 2
-4.7195370782427695,0.5853441182029101,Cell type 2,Sample 3
-4.839569088434243,0.4887302494810931,Cell type 2,Sample 1
3.9794869383846514,-3.54294666186393,Cell type 2,Sample 2
-1.9186827680240588,5.0436853520311935,Cell type 2,Sample 3
1.9597857991550398,4.05279557150492,Cell type 2,Sample 1
0.4468825790435597,-4.841107628523097,Cell type 2,Sample 2
-0.2508424200035834,-5.41376876432751,Cell type 2,Sample 3
-4.9819583468465956,0.286647837180185,Cell type 2,Sample 1
-2.234041693783961,4.945691547655362,Cell type 2,Sample 2
4.430306078099334,-3.0215105130723887,Cell type 2,Sample 3
4.219733557270916,2.112706962577287,Cell type 2,Sample 1
-0.23094655007805462,5.00168352533487,Cell type 2,Sample 2
3.460915681862751,-3.8857685597997635,Cell type 2,Sample 3
1.302925814602614,4.917464295725438,Cell type 2,Sample 1
-4.788464368112198,-2.4229914011240212,Cell type 2,Sample 2
2.0845177470496328,4.113729611758,Cell type 2,Sample 3
4.826382758801027,-0.6171547057795733,Cell type 2,Sample 1
1.3905954690600955,-5.306883779078542,Cell type 2,Sample 2
1.6634930342939571,5.02910988402497,Cell type 2,Sample 3
2.1002897998361973,4.988459788841136,Cell type 2,Sample 1
4.4505398881430915,-2.185724411919426,Cell type 2,Sample 2
-2.5566164027900466,3.9444942423266007,Cell type 2,Sample 3
3.6560987170421466,3.1550337259447385,Cell type 2,Sample 1
-1.9576681655991273,-4.502596139395951,Cell type 2,Sample 2
-4.646163819536341,-1.7031307445389912,Cell type 2,Sample 3
0.11235171429932003,-5.088556876891788,Cell type 2,Sample 1
-1.4841769802963571,-4.552290682713984,Cell type 2,Sample 2
-4.4943222273222565,3.11094839376083,Cell type 2,Sample 3
4.50423634068204,2.660124623786262,Cell type 2,Sample 1
0.9521285403800709,4.563656319651761,Cell type 2,Sample 2
-0.365814801985111,-4.72204485843773,Cell type 2,Sample 3
1.131419348305125,-4.444913062729345,Cell type 2,Sample 1
4.8819354219282545,-0.5000262504312685,Cell type 2,Sample 2
5.04667047536294,-0.8568936137601338,Cell type 2,Sample 3
-2.632660296034842,-4.589274875200151,Cell type 2,Sample 1
0.6274362872831378,-4.98771476683166,Cell type 2,Sample 2
-4.226754777091466,1.6668060823667,Cell type 2,Sample 3
1.1792447264357528,-5.241149092937697,Cell type 2,Sample 1
5.209952723211977,0.4080470652397767,Cell type 2,Sample 2
1.56883991798957,-4.438660582684301,Cell type 2,Sample 3
-3.1518314138560477,3.407426595493098,Cell type 2,Sample 1
2.9136401862620662,-3.4582026558055947,Cell type 2,Sample 2
5.072154669351303,-1.340251957720405,Cell type 2,Sample 3
0.4240095670691907,5.295147144259874,Cell type 2,Sample 1
-2.874836555845288,4.587326957747078,Cell type 2,Sample 2
0.7635759252404308,-4.49642037324876,Cell type 2,Sample 3
-5.123001142018319,-0.448560964636519,Cell type 2,Sample 1
5.450854425764906,0.21052326335034544,Cell type 2,Sample 2
-2.992613244917032,-4.40895089287269,Cell type 2,Sample 3
-1.1274517750871773,5.381916075332581,Cell type 2,Sample 1
3.33605160988254,-4.208511178757178,Cell type 2,Sample 2
2.0298985555487428,-4.094891750827903,Cell type 2,Sample 3
2.032811644132662,-4.559103050385603,Cell type 2,Sample 1
-4.611807028040093,2.5803587543032904,Cell type 2,Sample 2
-1.5883375885775044,-4.49238149504697,Cell type 2,Sample 3
1.2101982263181457,-5.049953385519512,Cell type 2,Sample 1
3.000516598265993,3.806366753838213,Cell type 2,Sample 2
2.714293182530282,-4.052147186465612,Cell type 2,Sample 3
3.984293036556007,-2.586558052778922,Cell type 2,Sample 1
4.202395096970185,-3.451963026364463,Cell type 2,Sample 2
2.738516884996206,-4.320870472204622,Cell type 2,Sample 3
-3.4413188842704883,-4.084352820208446,Cell type 2,Sample 1
2.389789227254876,4.911431101669965,Cell type 2,Sample 2
-1.0566267519360115,-4.648327577542,Cell type 2,Sample 3
-4.028526858570062,-3.0501788571022077,Cell type 2,Sample 1
-4.788481019743393,1.7127427917056708,Cell type 2,Sample 2
4.905886794989769,0.6070661560277377,Cell type 2,Sample 3
5.348726918952829,-0.16362465196953277,Cell type 2,Sample 1
0.29714794389602006,-4.818022884380412,Cell type 2,Sample 2
5.162005035782605,0.36238478057001505,Cell type 2,Sample 3
5.18054957248432,-0.97225025863671,Cell type 2,Sample 1
-0.2558977448238509,4.660971022799433,Cell type 2,Sample 2
4.203196996957218,-2.840171443829636,Cell type 2,Sample 3
-3.5941241590015087,2.961429365334051,Cell type 2,Sample 1
-4.502454634888523,1.8480998867996372,Cell type 2,Sample 2
-5.0425669380108085,-1.4955719154773879,Cell type 2,Sample 3
-2.475101694601803,4.024129355271698,Cell type 2,Sample 1
-3.9171216335452974,3.444943749537631,Cell type 2,Sample 2
4.484183236278776,-2.5035552935614653,Cell type 2,Sample 3
-4.48126948149095,2.3432349102111467,Cell type 2,Sample 1
4.128412600188157,-2.069103047806459,Cell type 2,Sample 2
3.570905262943491,-3.305789627250843,Cell type 2,Sample 3
-0.00619283456102623,-4.695771079494796,Cell type 2,Sample 1
-4.636986935468886,-0.6843182784595923,Cell type 2,Sample 2
4.7335812400943444,-1.4686280664837248,Cell type 2,Sample 3
-1.3340669015528583,-4.933774334699052,Cell type 2,Sample 1
-5.2391719171489655,-1.0137279139795259,Cell type 2,Sample 2
0.6338575094853084,4.885848099971511,Cell type 2,Sample 3
0.7987073901782777,-5.422469881819478,Cell type 2,Sample 1
3.333880359629244,-4.345604399605374,Cell type 2,Sample 2
3.4394965458624513,3.567075688385718,Cell type 2,Sample 3
3.5090958986781127,3.353083952603183,Cell type 2,Sample 1
-0.33370001198187316,4.5465266418651265,Cell type 2,Sample 2
3.772054031685486,2.524449967213168,Cell type 2,Sample 3
4.712001997226795,0.7530916226405626,Cell type 2,Sample 1
-2.686452667649695,4.199766982153918,Cell type 2,Sample 2
-4.88766999538562,-1.1543589473845697,Cell type 2,Sample 3
-4.941786392166003,0.6015885448775764,Cell type 2,Sample 1
5.126486060868258,0.5231551020082494,Cell type 2,Sample 2
3.764436437911651,3.7179519403737595,Cell type 2,Sample 3
