,X,Y,group,sample,cell_type
0,2.6647116354803337,-7.892374336994169,4,Sample 2,Cell type 2
1,0.49996138170802346,-0.8268178603374849,1,Sample 2,Cell type 1
2,8.071796275694586,-0.10590057197356803,3,Sample 1,Cell type 2
3,-3.671429184522998,-8.667716634607812,2,Sample 3,Cell type 1
4,-4.4405852991295545,-0.3326493024392706,0,Sample 1,Cell type 1
5,6.522827060296605,0.026816548609281992,3,Sample 1,Cell type 2
6,0.9807691073220897,-7.540673137574711,4,Sample 2,Cell type 2
7,8.624739378165886,-0.9508473635627341,3,Sample 1,Cell type 2
8,0.8161507317356337,5.693348729348409,5,Sample 3,Cell type 2
9,-3.3066993927328556,-6.802627896519607,2,Sample 3,Cell type 1
10,2.6085712848041087,-6.060377383501859,4,Sample 2,Cell type 2
11,0.42612470913170564,-0.2408769818089142,1,Sample 2,Cell type 1
12,-4.166440207221523,1.7184749764231175,0,Sample 1,Cell type 1
13,0.3308843636922794,-1.8900238568864616,1,Sample 2,Cell type 1
14,-5.5866524970219436,0.042658804184772615,0,Sample 1,Cell type 1
15,-0.11751791156565418,7.415197641731879,5,Sample 3,Cell type 2
16,6.9576381258468984,0.0016047369941480118,3,Sample 1,Cell type 2
17,7.948994875291391,-0.307933786014515,3,Sample 1,Cell type 2
18,0.4216781312146117,7.13704243822675,5,Sample 3,Cell type 2
19,-1.9064938829977496,-7.723553573254733,2,Sample 3,Cell type 1
20,6.954888000057782,-0.028838133612438182,3,Sample 1,Cell type 2
21,0.07457835768209652,7.42600300799947,5,Sample 3,Cell type 2
22,-3.1830736290130104,-7.88086675267879,2,Sample 3,Cell type 1
23,-5.93352153889381,-0.17130481027524738,0,Sample 1,Cell type 1
24,1.6112293338157047,-6.332812164782877,4,Sample 2,Cell type 2
25,6.68747196573348,0.7283382284177872,3,Sample 1,Cell type 2
26,0.9379715192847156,7.209956536979085,5,Sample 3,Cell type 2
27,-0.6418730739295195,7.203673786970621,5,Sample 3,Cell type 2
28,1.3098612039535724,6.47078333286673,5,Sample 3,Cell type 2
29,-2.315432194688833,-8.461044276947119,2,Sample 3,Cell type 1
30,-4.310527749453779,1.1042399014958768,0,Sample 1,Cell type 1
31,6.550765990530672,-0.06050727647651813,3,Sample 1,Cell type 2
32,-0.9806697336081496,-0.7062857173149331,1,Sample 2,Cell type 1
33,-4.070708416092509,1.014034623144825,0,Sample 1,Cell type 1
34,1.3987443786432967,0.7685783788970013,1,Sample 2,Cell type 1
35,-0.3251071736229357,7.110241832837009,5,Sample 3,Cell type 2
36,2.082531013444649,-7.988367745400335,4,Sample 2,Cell type 2
37,1.1602186518937003,7.590765908940975,5,Sample 3,Cell type 2
38,-4.929228328715518,-1.7983806160788969,0,Sample 1,Cell type 1
39,-1.4468949244062528,0.16626652100615202,1,Sample 2,Cell type 1
40,-4.821723715308931,-0.12992437073154822,0,Sample 1,Cell type 1
41,2.738647530471929,-7.584098668425842,4,Sample 2,Cell type 2
42,0.04804584523111958,7.565292672850335,5,Sample 3,Cell type 2
43,0.4198907803051143,1.2116031805824734,1,Sample 2,Cell type 1
44,0.8546351142280394,-0.05347366314524469,1,Sample 2,Cell type 1
45,-2.2015170995868134,-7.942441811821238,2,Sample 3,Cell type 1
46,2.3819997951875655,-7.519780837617292,4,Sample 2,Cell type 2
47,10.0019672618012,-0.934192219490307,3,Sample 1,Cell type 2
48,6.859827095745469,0.10541179453486621,3,Sample 1,Cell type 2
49,2.797780325565716,-6.325210034359733,4,Sample 2,Cell type 2
50,2.91878367263526,2.0771246255544997,1,Sample 2,Cell type 1
51,-1.6314551685658287,6.070720051411531,5,Sample 3,Cell type 2
52,-3.117444781331662,-7.5554910219831655,2,Sample 3,Cell type 1
53,7.597212708881551,-0.8159836906388636,3,Sample 1,Cell type 2
54,-4.047417961835371,-1.582865537780803,0,Sample 1,Cell type 1
55,-4.480635085537514,-0.18274084743869343,0,Sample 1,Cell type 1
56,-3.2611057940447017,-7.012689069316004,2,Sample 3,Cell type 1
57,0.16748371878834176,8.166631038773202,5,Sample 3,Cell type 2
58,-2.636770644084435,-6.045870563195857,2,Sample 3,Cell type 1
59,-3.0303990082846255,-7.412774772490976,2,Sample 3,Cell type 1
60,7.434203428191955,-0.7116938271768183,3,Sample 1,Cell type 2
61,-2.875687343790489,-6.69035147059288,2,Sample 3,Cell type 1
62,-5.548560981943355,-0.16827417268690142,0,Sample 1,Cell type 1
63,-0.3509313359035008,0.14224814092811866,1,Sample 2,Cell type 1
64,2.6565524875715303,-7.556357537890152,4,Sample 2,Cell type 2
65,8.975330865067576,-1.7304945948561028,3,Sample 1,Cell type 2
66,-1.0580351450623664,-0.8055628580489442,1,Sample 2,Cell type 1
67,-1.2159669295872193,-1.1902121610692131,1,Sample 2,Cell type 1
68,-0.5619108507419017,-0.1660728218902646,1,Sample 2,Cell type 1
69,0.9086820705639536,-4.306470486945423,4,Sample 2,Cell type 2
70,-1.1496340201955562,7.819816331530374,5,Sample 3,Cell type 2
71,7.023901427217186,-0.9681629835974502,3,Sample 1,Cell type 2
72,-6.622825708630351,-1.4257223487049409,0,Sample 1,Cell type 1
73,-1.0075915155448518,-0.35417687037275597,1,Sample 2,Cell type 1
74,2.6915419588029716,-7.009317060916963,4,Sample 2,Cell type 2
75,6.640843708244946,0.4663970554008704,3,Sample 1,Cell type 2
76,1.7059566113922198,6.864704463612661,5,Sample 3,Cell type 2
77,-3.4970859460837342,0.355204376840683,0,Sample 1,Cell type 1
78,1.7546374925138428,-6.38290924673766,4,Sample 2,Cell type 2
79,0.33876857348776496,-0.8118463989217594,1,Sample 2,Cell type 1
80,6.3799621951000205,0.40484449235385894,3,Sample 1,Cell type 2
81,-0.6955503578000675,6.897403102444336,5,Sample 3,Cell type 2
82,8.491197148400595,0.6447060724863696,3,Sample 1,Cell type 2
83,-4.1274885195259365,0.38447492568451636,0,Sample 1,Cell type 1
84,-6.911506151878826,-0.47317951951268494,0,Sample 1,Cell type 1
85,-0.012453971484813526,-0.6207549966577565,1,Sample 2,Cell type 1
86,2.2060475974049085,-5.213157644265736,4,Sample 2,Cell type 2
87,1.2648312361948237,-7.275069198166116,4,Sample 2,Cell type 2
88,-4.9745134614825846,0.02678052554617067,0,Sample 1,Cell type 1
89,6.437124764702053,-1.0365129981309091,3,Sample 1,Cell type 2
90,0.40573110269861984,7.188717457217039,5,Sample 3,Cell type 2
91,-2.4497224541399527,-7.278684742589255,2,Sample 3,Cell type 1
92,6.344051667534737,1.328291235453569,3,Sample 1,Cell type 2
93,0.9940299334537198,6.885557262812604,5,Sample 3,Cell type 2
94,7.333412115520903,1.0909162838101376,3,Sample 1,Cell type 2
95,1.5794397644825173,0.016561467705094316,1,Sample 2,Cell type 1
96,-0.3504652064166054,-5.934169019323445,2,Sample 3,Cell type 1
97,1.5171315786314743,6.418381908268065,5,Sample 3,Cell type 2
98,0.8795370332728101,7.161725842995586,5,Sample 3,Cell type 2
99,-0.9076992156685872,-1.7663631225053211,1,Sample 2,Cell type 1
100,-3.0467250588582764,-7.3639257934210205,2,Sample 3,Cell type 1
101,-2.0330159376038903,-6.553775481075186,2,Sample 3,Cell type 1
102,6.773114498027912,-0.35241297962043533,3,Sample 1,Cell type 2
103,-2.8976640345167413,-6.900202255454424,2,Sample 3,Cell type 1
104,0.6181447459075546,6.641505688406535,5,Sample 3,Cell type 2
105,6.452354430834757,-0.3221913909720023,3,Sample 1,Cell type 2
106,1.4223057937406725,7.824910852399931,5,Sample 3,Cell type 2
107,-4.452709675953132,-8.07477046098306,2,Sample 3,Cell type 1
108,-3.925229550808822,-6.628300979075982,2,Sample 3,Cell type 1
109,-3.869819486983831,-0.8051465719975536,0,Sample 1,Cell type 1
110,3.0897102656623847,-6.7687022989727526,4,Sample 2,Cell type 2
111,-1.605596006922605,-5.763477053309695,2,Sample 3,Cell type 1
112,-6.909669409107735,-0.5470397883849892,0,Sample 1,Cell type 1
113,0.39644504654700397,6.932475699642879,5,Sample 3,Cell type 2
114,-5.334986098463948,0.9798737577337674,0,Sample 1,Cell type 1
115,-0.5804356142900681,7.713936246359528,5,Sample 3,Cell type 2
116,-0.5176678046791647,6.9892892592151945,5,Sample 3,Cell type 2
117,0.6772350393667967,6.470702260968121,5,Sample 3,Cell type 2
118,-1.163827389382783,0.5151512800581082,1,Sample 2,Cell type 1
119,-0.3574757845313889,-0.9920427664102699,1,Sample 2,Cell type 1
120,-0.6732818845637963,7.262493039870142,5,Sample 3,Cell type 2
121,2.3063233087958377,-5.970941703565402,4,Sample 2,Cell type 2
122,-1.3594914453325466,6.380994134657112,5,Sample 3,Cell type 2
123,-2.0945538485997686,-7.235582461198985,2,Sample 3,Cell type 1
124,1.74635728928578,-6.193783403587664,4,Sample 2,Cell type 2
125,-0.38583179196931816,-7.644439092648256,2,Sample 3,Cell type 1
126,1.454869489062374,6.406608278700549,5,Sample 3,Cell type 2
127,2.633693113233375,-7.2715597485627725,4,Sample 2,Cell type 2
128,-5.201116506793266,0.6426004446828828,0,Sample 1,Cell type 1
129,2.431896034608643,-5.616203812869091,4,Sample 2,Cell type 2
130,-4.49750577873045,0.06840485227117035,0,Sample 1,Cell type 1
131,8.932260330986523,0.7890427677475045,3,Sample 1,Cell type 2
132,-0.6386218692742553,-1.1326544196078012,1,Sample 2,Cell type 1
133,1.1847103537675676,4.3822053299675465,5,Sample 3,Cell type 2
134,2.9107203758194267,-7.3303671814163645,4,Sample 2,Cell type 2
135,-1.911624368290966,6.378988660166874,5,Sample 3,Cell type 2
136,7.701534186551946,-1.7518727577229778,3,Sample 1,Cell type 2
137,1.9247258196248578,-7.140648703034539,4,Sample 2,Cell type 2
138,2.75018419619703,-7.762726501508558,4,Sample 2,Cell type 2
139,0.5982324707997989,-0.49762875363057185,1,Sample 2,Cell type 1
140,-0.2681544283319007,7.407899712054608,5,Sample 3,Cell type 2
141,-4.157707995662072,-6.197139160241451,2,Sample 3,Cell type 1
142,-0.12026495675409413,6.300975352325071,5,Sample 3,Cell type 2
143,1.3713796128143352,-7.8990427386210325,4,Sample 2,Cell type 2
144,7.30726472035993,0.753439037698246,3,Sample 1,Cell type 2
145,1.6171479456879676,-7.69373226755268,4,Sample 2,Cell type 2
146,2.5057433868669836,-8.663432677070574,4,Sample 2,Cell type 2
147,6.225358026593454,-0.5784987446099532,3,Sample 1,Cell type 2
148,-2.0977164546911333,-7.574727242630527,2,Sample 3,Cell type 1
149,-0.0628666813652787,6.28226305239059,5,Sample 3,Cell type 2
150,-0.16432639057119763,6.5008660836107035,5,Sample 3,Cell type 2
151,3.4282424727495977,-6.65063278391074,4,Sample 2,Cell type 2
152,-4.848210795229945,0.39774658461246815,0,Sample 1,Cell type 1
153,1.1136328142072394,6.768047894572335,5,Sample 3,Cell type 2
154,4.108515968144202,-7.390591415994361,4,Sample 2,Cell type 2
155,9.63067292762441,-0.3399883987702294,3,Sample 1,Cell type 2
156,-2.0788446200813335,-8.053252635757097,2,Sample 3,Cell type 1
157,1.1981516168133814,-7.418568351580905,4,Sample 2,Cell type 2
158,-5.242887441764034,-0.8808873442040767,0,Sample 1,Cell type 1
159,-4.7480282363121615,-1.012940142568539,0,Sample 1,Cell type 1
160,8.475224792798997,-0.3001146238635948,3,Sample 1,Cell type 2
161,-2.254290354255053,-8.867176033791731,2,Sample 3,Cell type 1
162,7.380297152462942,-1.188803054255545,3,Sample 1,Cell type 2
163,-0.3945846304937461,7.550441405394715,5,Sample 3,Cell type 2
164,-2.6162893973894774,-0.33733985095962554,1,Sample 2,Cell type 1
165,8.641724912082722,0.4422714807199743,3,Sample 1,Cell type 2
166,-0.770848413668279,0.08790333907350185,1,Sample 2,Cell type 1
167,1.1748813446403,-6.339444569472185,4,Sample 2,Cell type 2
168,-2.6585201531958806,-9.609562491881633,2,Sample 3,Cell type 1
169,-3.722716613731727,-7.971762689148264,2,Sample 3,Cell type 1
170,-3.494684851846067,0.3771171084294407,0,Sample 1,Cell type 1
171,0.8202264499572496,0.09517841214433238,1,Sample 2,Cell type 1
172,-7.22448005011456,-0.7172057299234291,0,Sample 1,Cell type 1
173,-5.704927963102613,-0.289855364585108,0,Sample 1,Cell type 1
174,2.4251454052588426,-5.760398473424493,4,Sample 2,Cell type 2
175,2.362430507367197,-6.609793785827309,4,Sample 2,Cell type 2
176,-5.505951223920472,-0.188299686370075,0,Sample 1,Cell type 1
177,-4.631163208764339,-0.2171318891566882,0,Sample 1,Cell type 1
178,5.638461856112071,0.08045575103845194,3,Sample 1,Cell type 2
179,-5.608753071853343,1.620846389619734,0,Sample 1,Cell type 1
180,-4.247877099141372,-1.0167361691918564,0,Sample 1,Cell type 1
181,-2.044838110774481,-7.078031022533388,2,Sample 3,Cell type 1
182,-3.6243784162287214,0.4570521806606614,0,Sample 1,Cell type 1
183,-1.9199333575192377,-6.164578877790108,2,Sample 3,Cell type 1
184,3.591861269552431,-6.520397451795664,4,Sample 2,Cell type 2
185,-5.749120015793806,0.42427400074776367,0,Sample 1,Cell type 1
186,-2.5714495819651324,-7.2704193538486335,2,Sample 3,Cell type 1
187,6.667423841569228,-0.40518170249925906,3,Sample 1,Cell type 2
188,1.796100740805568,2.7989267004048246,1,Sample 2,Cell type 1
189,3.2048400904118575,-7.511989277677632,4,Sample 2,Cell type 2
190,6.6521458347831794,-0.493196236867024,3,Sample 1,Cell type 2
191,0.022849578488169164,-1.7277058405778907,1,Sample 2,Cell type 1
192,-0.41995707135808097,6.3367887829913805,5,Sample 3,Cell type 2
193,-3.38193301730402,-8.76160473022059,2,Sample 3,Cell type 1
194,0.020250349420895614,7.687419795126934,5,Sample 3,Cell type 2
195,-2.365489519303021,-6.306324811343091,2,Sample 3,Cell type 1
196,6.893588904906471,0.8617834469517908,3,Sample 1,Cell type 2
197,-1.37799675230015,0.4628292804160514,1,Sample 2,Cell type 1
198,7.107789243338727,-0.7573045627161077,3,Sample 1,Cell type 2
199,-0.3537474813552609,0.9014686426877041,1,Sample 2,Cell type 1
200,-1.1964231530406575,6.7439407260947,5,Sample 3,Cell type 2
201,8.338499370181285,0.3558363130670993,3,Sample 1,Cell type 2
202,2.1178616505800716,-6.642126248401349,4,Sample 2,Cell type 2
203,1.1925041894510748,6.1248984965654305,5,Sample 3,Cell type 2
204,-2.4589925069722915,-6.438933575548076,2,Sample 3,Cell type 1
205,7.194619931575657,-0.03720348432825323,3,Sample 1,Cell type 2
206,-0.5147356915785896,7.733791750128113,5,Sample 3,Cell type 2
207,-2.131505322421973,-7.249004594547231,2,Sample 3,Cell type 1
208,1.5267279573346415,-6.697737461751938,4,Sample 2,Cell type 2
209,-3.2011834654390308,-6.817087640872572,2,Sample 3,Cell type 1
210,1.1675677805329912,6.928561473981719,5,Sample 3,Cell type 2
211,-5.056411187545855,0.8596280884511145,0,Sample 1,Cell type 1
212,-4.138977462365046,-7.537900914929372,2,Sample 3,Cell type 1
213,-0.6799147212535936,9.009804325418958,5,Sample 3,Cell type 2
214,-0.5344302672618346,-0.14906826928586903,1,Sample 2,Cell type 1
215,8.80190696212623,-0.4138733360836262,3,Sample 1,Cell type 2
216,-0.6161218610110497,-8.360695077606891,2,Sample 3,Cell type 1
217,0.03647064808530893,7.685056635146474,5,Sample 3,Cell type 2
218,0.96943547531376,-7.661268892125438,4,Sample 2,Cell type 2
219,-4.362702190980269,0.8610320851151256,0,Sample 1,Cell type 1
220,7.782350864607216,-1.3361443127276875,3,Sample 1,Cell type 2
221,-1.722824581730631,-6.845677614168648,2,Sample 3,Cell type 1
222,-0.5920510984669234,0.7690727043599541,1,Sample 2,Cell type 1
223,-3.9489961445061734,0.22897875897109182,0,Sample 1,Cell type 1
224,-0.7454643843135591,7.10817870287145,5,Sample 3,Cell type 2
225,4.611061745706797,-8.260064110961565,4,Sample 2,Cell type 2
226,8.707962118120369,-1.7406789709136194,3,Sample 1,Cell type 2
227,1.6898557949137034,-7.372103833124616,4,Sample 2,Cell type 2
228,3.5345386276093316,-8.416907545958766,4,Sample 2,Cell type 2
229,7.682145033538825,-1.4012559780358302,3,Sample 1,Cell type 2
230,-2.48633535171361,-7.877325918330557,2,Sample 3,Cell type 1
231,-0.9346894387595751,-1.468148233914851,1,Sample 2,Cell type 1
232,-4.468410652376922,0.997833222524617,0,Sample 1,Cell type 1
233,0.6911438971648834,6.52624822140039,5,Sample 3,Cell type 2
234,-5.898546895269463,0.2716127098375194,0,Sample 1,Cell type 1
235,0.8398152651069624,-0.20044863069894636,1,Sample 2,Cell type 1
236,0.7914753370236629,-0.9696384692862824,1,Sample 2,Cell type 1
237,3.0499638145995136,-7.689819787917809,4,Sample 2,Cell type 2
238,8.58523657864444,-0.8431157114634446,3,Sample 1,Cell type 2
239,0.6438431838971197,0.6463671531371411,1,Sample 2,Cell type 1
240,1.9095124875949228,-5.857669895291242,4,Sample 2,Cell type 2
241,0.20950806864614727,-0.6810875793143337,1,Sample 2,Cell type 1
242,-1.1607084881649503,8.12836130759776,5,Sample 3,Cell type 2
243,8.362934675820906,1.0149176650647862,3,Sample 1,Cell type 2
244,0.6414408259751982,-1.6948351872527254,1,Sample 2,Cell type 1
245,8.147251799719893,1.637794608581338,3,Sample 1,Cell type 2
246,3.49982003026099,-8.350721813735957,4,Sample 2,Cell type 2
247,3.5095202281491273,-6.793814651518258,4,Sample 2,Cell type 2
248,0.45971287967483526,0.9275225270616516,1,Sample 2,Cell type 1
249,7.539656310665939,-1.6521918805593812,3,Sample 1,Cell type 2
250,1.0961632370750025,-0.46187672806205643,1,Sample 2,Cell type 1
251,3.0449622860117485,-6.942033229811252,4,Sample 2,Cell type 2
252,-4.288071247661258,-0.818448709315265,0,Sample 1,Cell type 1
253,0.5633388863756124,8.23288140102572,5,Sample 3,Cell type 2
254,-4.77953008600215,-0.4562488578340168,0,Sample 1,Cell type 1
255,7.357316076825189,-0.8262171554750685,3,Sample 1,Cell type 2
256,-4.709553295695719,-0.7445078491970907,0,Sample 1,Cell type 1
257,2.557045053373946,-7.655551281917539,4,Sample 2,Cell type 2
258,-4.960569675218801,-0.13230180146563975,0,Sample 1,Cell type 1
259,3.3889556643321397,-7.698045725293843,4,Sample 2,Cell type 2
260,-4.523176239876245,1.2974117585921103,0,Sample 1,Cell type 1
261,1.7410315198435429,-6.368172708699406,4,Sample 2,Cell type 2
262,5.920105892420361,-0.6256344222691852,3,Sample 1,Cell type 2
263,-1.4192968339718974,-0.722541999555758,1,Sample 2,Cell type 1
264,-2.013182333295109,-6.21144774952789,2,Sample 3,Cell type 1
265,7.221935986861883,-1.8941245188887992,3,Sample 1,Cell type 2
266,-2.711431844368877,-7.804163583267352,2,Sample 3,Cell type 1
267,8.321358290286396,0.3795452397027873,3,Sample 1,Cell type 2
268,8.604546439873136,-1.0891444526827967,3,Sample 1,Cell type 2
269,-1.7547470665960216,-6.036027549637476,2,Sample 3,Cell type 1
270,-2.2381926481689947,-8.795978602406565,2,Sample 3,Cell type 1
271,6.454140761769345,1.4239050761732106,3,Sample 1,Cell type 2
272,7.625686506794307,0.058522168069902104,3,Sample 1,Cell type 2
273,-4.910313771421123,-0.4531280887045793,0,Sample 1,Cell type 1
274,3.2952461073947523,-8.229578503902026,4,Sample 2,Cell type 2
275,-2.3779929252267618,-6.344333220836917,2,Sample 3,Cell type 1
276,4.991536245063349,-7.226396710165723,4,Sample 2,Cell type 2
277,-5.20784107718781,0.6265857283320765,0,Sample 1,Cell type 1
278,2.197130260738806,7.548558906591196,5,Sample 3,Cell type 2
279,7.936823916797871,-0.7641943658912012,3,Sample 1,Cell type 2
280,0.7726060049909987,-0.2111585129616724,1,Sample 2,Cell type 1
281,-5.198867756446697,0.024197255095077704,0,Sample 1,Cell type 1
282,-4.677991375686545,0.504706073731411,0,Sample 1,Cell type 1
283,3.5262254974040843,-8.062208560780332,4,Sample 2,Cell type 2
284,7.74501305279465,-0.05154336973989204,3,Sample 1,Cell type 2
285,-4.116411061707565,-0.2923482451577602,0,Sample 1,Cell type 1
286,-2.447466738263894,-7.543473038113259,2,Sample 3,Cell type 1
287,-2.3049851929321425,-7.273015060729421,2,Sample 3,Cell type 1
288,3.455950702829794,-7.291163452106011,4,Sample 2,Cell type 2
289,-0.13467234982661327,5.796719837673502,5,Sample 3,Cell type 2
290,-4.21583243228848,-1.2113817122220738,0,Sample 1,Cell type 1
291,9.20297258474976,-0.7953472266219566,3,Sample 1,Cell type 2
292,-3.736062600072774,-6.532088074424123,2,Sample 3,Cell type 1
293,-1.986620943975284,-7.298288234153352,2,Sample 3,Cell type 1
294,-5.581604578859423,1.5977798033485608,0,Sample 1,Cell type 1
295,-6.188209886318578,1.6483128892689185,0,Sample 1,Cell type 1
296,0.5915889856075852,7.282840679621065,5,Sample 3,Cell type 2
297,-2.382378977982056,-7.127373178030253,2,Sample 3,Cell type 1
298,-6.1609648097669485,-1.1655708948572545,0,Sample 1,Cell type 1
299,0.3094090933948969,-0.04378711641340603,1,Sample 2,Cell type 1
300,0.12841957098146725,8.443331669920237,5,Sample 3,Cell type 2
301,-4.499955980596896,0.08062261312972394,0,Sample 1,Cell type 1
302,-5.5078228387916495,0.16609617287733328,0,Sample 1,Cell type 1
303,8.87413139721954,1.712302384706604,3,Sample 1,Cell type 2
304,-0.17352547857667122,5.794433868791467,5,Sample 3,Cell type 2
305,-4.873202377779917,-1.5915954290065666,0,Sample 1,Cell type 1
306,0.12583922266638978,7.214649033105749,5,Sample 3,Cell type 2
307,-4.3946836689175415,1.709893741405694,0,Sample 1,Cell type 1
308,-0.04716400551972251,1.533694964629942,1,Sample 2,Cell type 1
309,-5.560384425561007,0.17514670971351845,0,Sample 1,Cell type 1
310,-0.41796160326891973,8.281509043522167,5,Sample 3,Cell type 2
311,-4.85612924720234,-0.9249076268333624,0,Sample 1,Cell type 1
312,-2.508359705411034,-6.723717034582386,2,Sample 3,Cell type 1
313,4.601085279612858,0.3560389512866481,3,Sample 1,Cell type 2
314,1.2263065674412068,1.4765531071394586,1,Sample 2,Cell type 1
315,0.41150233075440923,8.217483127553287,5,Sample 3,Cell type 2
316,-5.6832193953983285,0.13535440782858688,0,Sample 1,Cell type 1
317,-1.0876339838421685,7.370875118384314,5,Sample 3,Cell type 2
318,1.0666467282954064,7.808472294720132,5,Sample 3,Cell type 2
319,-3.362900610568097,-8.21725782049665,2,Sample 3,Cell type 1
320,-5.049404600554658,0.25699866737189125,0,Sample 1,Cell type 1
321,2.0584489893760125,-7.254483394866432,4,Sample 2,Cell type 2
322,3.2032223078258633,-6.952864508145188,4,Sample 2,Cell type 2
323,7.229256639570931,-1.464580555152584,3,Sample 1,Cell type 2
324,-1.6615690760142845,-0.8365597741731691,1,Sample 2,Cell type 1
325,2.2366709250110026,0.23829777988018166,1,Sample 2,Cell type 1
326,-3.1113075878736596,-9.622830390835247,2,Sample 3,Cell type 1
327,9.292832972363378,1.6505068914219378,3,Sample 1,Cell type 2
328,-4.898056630516012,-1.29445018048563,0,Sample 1,Cell type 1
329,1.195776745423408,0.281866026478482,1,Sample 2,Cell type 1
330,0.3032129375789544,7.407046939883721,5,Sample 3,Cell type 2
331,2.7453701628874727,-6.691996978518089,4,Sample 2,Cell type 2
332,-0.3702839464044022,1.0385106608301726,1,Sample 2,Cell type 1
333,-2.6365038210020413,1.8476748220514967,1,Sample 2,Cell type 1
334,-4.545511448917589,0.7791796747531093,0,Sample 1,Cell type 1
335,-3.5476598578472176,0.40818087136258185,0,Sample 1,Cell type 1
336,-0.6845405979826252,7.513846894547979,5,Sample 3,Cell type 2
337,6.967744743145757,1.3996786807326078,3,Sample 1,Cell type 2
338,3.043646480429461,-7.36902647038502,4,Sample 2,Cell type 2
339,-5.123703663164923,0.857587092482645,0,Sample 1,Cell type 1
340,8.605970895180503,0.4149702290667916,3,Sample 1,Cell type 2
341,0.8969134595215025,-0.41984584130537816,1,Sample 2,Cell type 1
342,-4.177773836390076,-0.7228610556123104,0,Sample 1,Cell type 1
343,0.585849860980661,-6.971540223480777,4,Sample 2,Cell type 2
344,0.7884421132768148,1.3254036081758838,1,Sample 2,Cell type 1
345,0.6034325555170913,-0.9646715097361399,1,Sample 2,Cell type 1
346,0.7137808526986811,-7.240423737347579,4,Sample 2,Cell type 2
347,-3.1052370364057027,-6.799056247671765,2,Sample 3,Cell type 1
348,-1.5563656140544668,-6.561002661024095,2,Sample 3,Cell type 1
349,-1.0036136363971389,7.065897505281218,5,Sample 3,Cell type 2
350,7.889117442780306,-0.6454637106502243,3,Sample 1,Cell type 2
351,-5.634510670182568,-0.05019216989193541,0,Sample 1,Cell type 1
352,-1.5064598079682836,-7.2306527418264155,2,Sample 3,Cell type 1
353,-0.7628705357571763,-0.5868799997337546,1,Sample 2,Cell type 1
354,-1.432469073361931,-5.613708418162103,2,Sample 3,Cell type 1
355,-2.280708498667557,-7.981187566119487,2,Sample 3,Cell type 1
356,3.2404141839167293,-6.698214469242423,4,Sample 2,Cell type 2
357,-4.362607019069099,0.2098945181371515,0,Sample 1,Cell type 1
358,-0.12149120517935526,6.354124776150513,5,Sample 3,Cell type 2
359,8.716835429376893,1.8894667684522584,3,Sample 1,Cell type 2
360,-1.2842329023708952,-7.588311226573677,2,Sample 3,Cell type 1
361,-3.92400085007183,-6.954795070750888,2,Sample 3,Cell type 1
362,-3.8143453409291066,0.17783964422315968,0,Sample 1,Cell type 1
363,1.0571048380473134,-8.633395446533266,4,Sample 2,Cell type 2
364,1.073461648874773,-1.132081340317999,1,Sample 2,Cell type 1
365,1.1659917186904223,-5.963500975257272,4,Sample 2,Cell type 2
366,-4.155544574621602,-0.46444025539563655,0,Sample 1,Cell type 1
367,-0.6076604474769434,-0.13006680364396606,1,Sample 2,Cell type 1
368,-3.302432688910523,0.15712003154865506,0,Sample 1,Cell type 1
369,2.1422061731088,-8.246066217482497,4,Sample 2,Cell type 2
370,-4.359546609719999,-1.0121778826540824,0,Sample 1,Cell type 1
371,-0.13528841424468488,-0.29402659186772767,1,Sample 2,Cell type 1
372,0.8645519092531367,7.712347692375662,5,Sample 3,Cell type 2
373,0.16665798314692265,0.38290037776575503,1,Sample 2,Cell type 1
374,-3.9572639788933364,-0.7386140865165395,0,Sample 1,Cell type 1
375,-6.79436207831431,0.3366509128628149,0,Sample 1,Cell type 1
376,3.1180966634530196,-7.577639263549907,4,Sample 2,Cell type 2
377,-4.190360112110074,0.2765695687889484,0,Sample 1,Cell type 1
378,0.5123603909430575,7.0645016984922195,5,Sample 3,Cell type 2
379,-0.8504178504165603,7.58121787744334,5,Sample 3,Cell type 2
380,-1.0456054595211275,-0.25482500706939043,1,Sample 2,Cell type 1
381,0.5008978120803823,-1.2019334121899024,1,Sample 2,Cell type 1
382,-0.6031036804088096,1.0545461232445437,1,Sample 2,Cell type 1
383,0.765808165951175,-0.12363460955945699,1,Sample 2,Cell type 1
384,6.9970837630035385,-0.2808647388474596,3,Sample 1,Cell type 2
385,0.6930450980258273,8.355532516697451,5,Sample 3,Cell type 2
386,-4.783322138460289,2.3415148027623554,0,Sample 1,Cell type 1
387,-4.072744891371342,0.21491024312386217,0,Sample 1,Cell type 1
388,-3.047205528643591,-7.913031754036672,2,Sample 3,Cell type 1
389,2.473583468095875,-6.644223472615602,4,Sample 2,Cell type 2
390,-4.670061578512836,-0.8458918076946197,0,Sample 1,Cell type 1
391,0.2593350373862292,7.322963265411027,5,Sample 3,Cell type 2
392,-2.9357565561238634,-7.869621687777928,2,Sample 3,Cell type 1
393,-0.9766354739020183,-0.7428694769810597,1,Sample 2,Cell type 1
394,1.5872522036857286,-6.694921695698564,4,Sample 2,Cell type 2
395,-4.5560138892071995,0.1663525113253865,0,Sample 1,Cell type 1
396,-0.37211864501094843,0.23425245592459754,1,Sample 2,Cell type 1
397,-3.298596512970194,-6.305383440487905,2,Sample 3,Cell type 1
398,-1.288069499912177,5.269105342411223,5,Sample 3,Cell type 2
399,-1.1930940707356956,-6.9872656615308175,2,Sample 3,Cell type 1
400,-0.8607927391362079,0.42516565009233964,1,Sample 2,Cell type 1
401,0.5556857678345919,6.393927184396115,5,Sample 3,Cell type 2
402,-4.9476121533986,-1.0286732680475608,0,Sample 1,Cell type 1
403,-0.2719625282843593,-2.3428233790445687,1,Sample 2,Cell type 1
404,0.9760297723715589,6.809299421921581,5,Sample 3,Cell type 2
405,-0.036033486768989355,8.379711288024264,5,Sample 3,Cell type 2
406,0.24625312304913463,6.459544028127433,5,Sample 3,Cell type 2
407,-4.912630205586764,0.8717804914796004,0,Sample 1,Cell type 1
408,-3.8855452357097278,0.019144419062455485,0,Sample 1,Cell type 1
409,-0.2509950547356809,0.7606421740658894,1,Sample 2,Cell type 1
410,8.921494102525374,-0.5505836755541265,3,Sample 1,Cell type 2
411,-3.5661320360245425,-0.46009410878806667,0,Sample 1,Cell type 1
412,1.3087153862420389,-7.392311322181389,4,Sample 2,Cell type 2
413,4.440714668556369,-7.342625161415583,4,Sample 2,Cell type 2
414,-2.783766989757512,-7.8469204305997415,2,Sample 3,Cell type 1
415,-0.06655280904755334,-0.40649352854366044,1,Sample 2,Cell type 1
416,7.44705043128163,-0.19883855244565135,3,Sample 1,Cell type 2
417,2.0997147764274193,8.166335075416375,5,Sample 3,Cell type 2
418,-1.35517302050775,7.755950085767825,5,Sample 3,Cell type 2
419,-1.4685728702721415,-7.699634336361316,2,Sample 3,Cell type 1
420,2.005067650782089,-7.459057555086474,4,Sample 2,Cell type 2
421,3.8084562134096966,-7.431968178440988,4,Sample 2,Cell type 2
422,-2.871231110699143,-7.664827748496607,2,Sample 3,Cell type 1
423,-1.490324645685173,-7.168011066082101,2,Sample 3,Cell type 1
424,8.386859740305045,-1.4272610763472626,3,Sample 1,Cell type 2
425,-2.984884753611486,-7.22945227336323,2,Sample 3,Cell type 1
426,0.9007384479915727,6.296495134887801,5,Sample 3,Cell type 2
427,-1.4492411593121985,-7.651568257421008,2,Sample 3,Cell type 1
428,-1.4053439001976735,1.3530778455860992,1,Sample 2,Cell type 1
429,-3.1940802695943615,-8.596572654500916,2,Sample 3,Cell type 1
430,-0.6270946365866175,0.5238239103762542,1,Sample 2,Cell type 1
431,-0.6268149808080196,8.677779573298615,5,Sample 3,Cell type 2
432,-2.1444861168657585,6.008806034107261,5,Sample 3,Cell type 2
433,7.80709425824283,1.3502471481008893,3,Sample 1,Cell type 2
434,-4.735797861050034,-1.2209236241610646,0,Sample 1,Cell type 1
435,-2.9200829307562963,-8.334685988784177,2,Sample 3,Cell type 1
436,1.484532804891529,0.9635495039812676,1,Sample 2,Cell type 1
437,-1.5935585194629978,-6.533804701247694,2,Sample 3,Cell type 1
438,0.09280582420107332,6.755833093167124,5,Sample 3,Cell type 2
439,-5.711427009900781,0.42432152142239615,0,Sample 1,Cell type 1
440,0.8053148979954461,-8.37123802960135,4,Sample 2,Cell type 2
441,-0.3930878135143957,-1.4459193906648113,1,Sample 2,Cell type 1
442,1.0804784926264854,0.12632388286324228,1,Sample 2,Cell type 1
443,1.4554913174717616,0.09392034377089163,1,Sample 2,Cell type 1
444,1.1871174467223757,-6.78837823057043,4,Sample 2,Cell type 2
445,-4.96579686964862,0.10802819404643518,0,Sample 1,Cell type 1
446,-2.5981210779671176,-6.969062221876186,2,Sample 3,Cell type 1
447,1.6877028496350497,7.094062632468239,5,Sample 3,Cell type 2
448,1.567956349559145,-6.20704699714831,4,Sample 2,Cell type 2
449,0.8077404304880937,-7.922697177163689,4,Sample 2,Cell type 2
450,4.333489575746523,-6.867630855298623,4,Sample 2,Cell type 2
451,-5.01711458711242,-0.902276428174028,0,Sample 1,Cell type 1
452,-2.6578406103088215,-6.557644917477894,2,Sample 3,Cell type 1
453,2.6529770857743427,-6.368359263510991,4,Sample 2,Cell type 2
454,-6.2796296000676595,1.3512002867599382,0,Sample 1,Cell type 1
455,8.158708262310943,1.129066832143071,3,Sample 1,Cell type 2
456,7.668291188752198,-0.039845987860183944,3,Sample 1,Cell type 2
457,-4.733491750641882,0.2349497449619004,0,Sample 1,Cell type 1
458,-0.4818015783146008,0.3226082563886582,1,Sample 2,Cell type 1
459,-3.6939707529844625,0.8633437434766862,0,Sample 1,Cell type 1
460,-0.6351800060044781,6.765452500899437,5,Sample 3,Cell type 2
461,2.8368510610608766,-1.0111446299156381,1,Sample 2,Cell type 1
462,-1.9129244635507927,-8.468201599375366,2,Sample 3,Cell type 1
463,-0.43214605487374,7.02712659518366,5,Sample 3,Cell type 2
464,3.8638724338133885,-5.968161557140266,4,Sample 2,Cell type 2
465,-0.058219744529266634,0.06558668821396385,1,Sample 2,Cell type 1
466,-2.234290682463457,-7.214410307550056,2,Sample 3,Cell type 1
467,1.0915234959023985,-7.540798458268432,4,Sample 2,Cell type 2
468,-1.4565570610295302,-6.124208595086436,2,Sample 3,Cell type 1
469,-1.2355735063329576,0.3163319103169815,1,Sample 2,Cell type 1
470,-2.062433687594255,-8.754434579790182,2,Sample 3,Cell type 1
471,4.319956690078641,-5.351940577990701,4,Sample 2,Cell type 2
472,-2.407427279860899,-6.8655922800461076,2,Sample 3,Cell type 1
473,9.183967034077302,-0.7657956801350089,3,Sample 1,Cell type 2
474,7.171247227616504,2.149170934972259,3,Sample 1,Cell type 2
475,-0.2008820291713246,1.340877094741874,1,Sample 2,Cell type 1
476,0.15775810104053148,-1.2030528949883377,1,Sample 2,Cell type 1
477,6.200467007633619,0.4003681838017392,3,Sample 1,Cell type 2
478,0.20190569110027434,0.813615799285183,1,Sample 2,Cell type 1
479,-3.6977199040816404,0.17689929886041716,0,Sample 1,Cell type 1
480,7.564937913139585,0.6644135077345458,3,Sample 1,Cell type 2
481,-0.693556155112805,8.36857608641534,5,Sample 3,Cell type 2
482,0.030624669965008844,0.10023534165604718,1,Sample 2,Cell type 1
483,6.912344859751127,-0.49481042367423,3,Sample 1,Cell type 2
484,7.187905580909959,-0.5272134511038211,3,Sample 1,Cell type 2
485,-3.9244580339676416,-1.3708682143053972,0,Sample 1,Cell type 1
486,-4.829376545061131,0.9009414833104271,0,Sample 1,Cell type 1
487,-2.885963133045466,-6.625746847342546,2,Sample 3,Cell type 1
488,-3.1015106753621215,-7.054968104217139,2,Sample 3,Cell type 1
489,3.2167873299778993,-5.50241234817271,4,Sample 2,Cell type 2
490,-4.350495142361089,-1.0161465940955063,0,Sample 1,Cell type 1
491,6.154012617151617,-0.01106860437725185,3,Sample 1,Cell type 2
492,-1.9430023317791618,-5.525476240956153,2,Sample 3,Cell type 1
493,8.714261143999835,0.021988656160230744,3,Sample 1,Cell type 2
494,-7.427197978647415,-0.04886537986603099,0,Sample 1,Cell type 1
495,2.9733435522291853,-6.780498152541594,4,Sample 2,Cell type 2
496,-3.4326783226363933,-7.183115026972274,2,Sample 3,Cell type 1
497,-5.891482692617619,-0.5096679566424948,0,Sample 1,Cell type 1
498,2.5377063290388486,-4.62699777224897,4,Sample 2,Cell type 2
499,-0.46632065100017156,6.5155865829326896,5,Sample 3,Cell type 2
500,-5.536095164639143,1.2369942838537356,0,Sample 1,Cell type 1
501,-1.6049973620419833,-6.418594431596904,2,Sample 3,Cell type 1
502,8.523642987866022,0.3595224353419666,3,Sample 1,Cell type 2
503,-1.1763885099592193,7.1674615892234925,5,Sample 3,Cell type 2
504,-5.695589901041248,0.3663470584120816,0,Sample 1,Cell type 1
505,-1.7819343687560751,-8.686097173559155,2,Sample 3,Cell type 1
506,-1.6324837593317238,-7.018088876592686,2,Sample 3,Cell type 1
507,-0.5970044911610717,5.762365547163727,5,Sample 3,Cell type 2
508,-3.09005942268863,0.9292187344960322,0,Sample 1,Cell type 1
509,1.3177595148771937,0.8971728961192272,1,Sample 2,Cell type 1
510,-1.1969832233879205,-6.15522397958895,2,Sample 3,Cell type 1
511,-5.606141561819482,0.2510947460014218,0,Sample 1,Cell type 1
512,2.191925640895766,-6.188117819570559,4,Sample 2,Cell type 2
513,0.3420606965164488,7.513992365732231,5,Sample 3,Cell type 2
514,0.14710297195572952,7.115964659220323,5,Sample 3,Cell type 2
515,-0.9937309109975272,6.137864944454259,5,Sample 3,Cell type 2
516,-0.35791172425314366,-1.0656275024003035,1,Sample 2,Cell type 1
517,-5.854458999948749,2.369143858353652,0,Sample 1,Cell type 1
518,-5.090138668831957,-0.18330637515926929,0,Sample 1,Cell type 1
519,-2.149355928317211,-8.998378908041614,2,Sample 3,Cell type 1
520,7.425666682183839,0.6929718582017004,3,Sample 1,Cell type 2
521,-2.669382194895539,-7.0932281680652025,2,Sample 3,Cell type 1
522,-2.6759755541633017,5.86092719941917,5,Sample 3,Cell type 2
523,7.915144875886048,-0.831921600267338,3,Sample 1,Cell type 2
524,-5.386372002065534,-0.6231788818864704,0,Sample 1,Cell type 1
525,0.1765183131215166,-0.8136614607624003,1,Sample 2,Cell type 1
526,1.068061158159598,1.2927018651353808,1,Sample 2,Cell type 1
527,-2.2990471780701665,-8.078552912456841,2,Sample 3,Cell type 1
528,-0.09238371610556843,8.22724656567973,5,Sample 3,Cell type 2
529,-0.283141302697844,8.377167061416905,5,Sample 3,Cell type 2
530,-2.6989382171833456,-6.937567177607738,2,Sample 3,Cell type 1
531,-0.28299941126786643,8.19295019774913,5,Sample 3,Cell type 2
532,-1.1920520715617098,-7.070407593152666,2,Sample 3,Cell type 1
533,-0.10229115824913618,8.43921091675306,5,Sample 3,Cell type 2
534,-0.18520421425452804,-9.024489208780688,2,Sample 3,Cell type 1
535,6.5647018524083105,0.7361833900084753,3,Sample 1,Cell type 2
536,-4.145401278102809,-1.3364081716049132,0,Sample 1,Cell type 1
537,-3.027773633999896,-7.55779491542849,2,Sample 3,Cell type 1
538,-4.175305092767767,0.31183962830819345,0,Sample 1,Cell type 1
539,-3.4460980268042523,-9.278592384625732,2,Sample 3,Cell type 1
540,-0.620348960837149,6.383503464886246,5,Sample 3,Cell type 2
541,-0.6237583708920855,-7.907120525885386,2,Sample 3,Cell type 1
542,-0.27739433534474695,6.687925098092582,5,Sample 3,Cell type 2
543,-0.9530168283509405,1.333497062216339,1,Sample 2,Cell type 1
544,-0.6179440786633807,6.23887961969813,5,Sample 3,Cell type 2
545,6.396438577968585,1.9769814494810587,3,Sample 1,Cell type 2
546,-1.8757016455487296,1.5522269847849977,1,Sample 2,Cell type 1
547,-2.602132581293927,-6.800597373738211,2,Sample 3,Cell type 1
548,-3.03802119015984,6.595314825541467,5,Sample 3,Cell type 2
549,0.44208689887079666,-0.3222264417722876,1,Sample 2,Cell type 1
550,0.21408764071398065,6.7708528125875045,5,Sample 3,Cell type 2
551,2.666466328607878,-4.838574705072682,4,Sample 2,Cell type 2
552,-2.913691095045697,-7.971858203003338,2,Sample 3,Cell type 1
553,7.950825596177272,-0.8840918450490983,3,Sample 1,Cell type 2
554,0.22680338508173561,7.53917576676534,5,Sample 3,Cell type 2
555,-5.031216398648103,0.21079325928286868,0,Sample 1,Cell type 1
556,0.36043324785569586,0.11795866759426386,1,Sample 2,Cell type 1
557,-4.684432910653797,0.44026841713289716,0,Sample 1,Cell type 1
558,-5.713268664589431,-0.10326279732020911,0,Sample 1,Cell type 1
559,-4.029187249911834,-0.03465762255063649,0,Sample 1,Cell type 1
560,-0.41206354756424035,-0.1434260089313159,1,Sample 2,Cell type 1
561,-3.117651222179576,-8.289404160765688,2,Sample 3,Cell type 1
562,-1.4240217507219615,-8.367072802731983,2,Sample 3,Cell type 1
563,1.921789011578362,6.6971095709118,5,Sample 3,Cell type 2
564,7.717621864400174,0.2712663628030057,3,Sample 1,Cell type 2
565,-0.1147942083397808,1.3600394372226128,1,Sample 2,Cell type 1
566,-1.7559916776347624,0.12922914285464418,1,Sample 2,Cell type 1
567,-3.0468817108361255,-7.123579869209991,2,Sample 3,Cell type 1
568,7.16824257079287,0.7263417749460186,3,Sample 1,Cell type 2
569,2.8451095133687945,-7.891982021798452,4,Sample 2,Cell type 2
570,-2.521809550482723,-5.917793876815235,2,Sample 3,Cell type 1
571,-3.9189074700524493,-0.36726783571939625,0,Sample 1,Cell type 1
572,1.0800710607841753,-0.44271220275558465,1,Sample 2,Cell type 1
573,-2.37217296511519,0.0030379559374448992,1,Sample 2,Cell type 1
574,7.120778873006603,0.5592120659721921,3,Sample 1,Cell type 2
575,-0.6469491488478574,0.6705047815895531,1,Sample 2,Cell type 1
576,8.14327108490005,-0.2103516520665529,3,Sample 1,Cell type 2
577,-0.10035794442864933,-0.7244698327673048,1,Sample 2,Cell type 1
578,1.7920851175979349,-6.700864900098414,4,Sample 2,Cell type 2
579,-0.08404817300995346,-0.4763989012035338,1,Sample 2,Cell type 1
580,-0.5663370543235099,1.3803549389248493,1,Sample 2,Cell type 1
581,-1.0560948025222634,-7.256584831337813,2,Sample 3,Cell type 1
582,-2.179372490164525,-5.864632672718035,2,Sample 3,Cell type 1
583,0.8810006027011013,-1.234568816337155,1,Sample 2,Cell type 1
584,1.145185544534936,7.195665267454303,5,Sample 3,Cell type 2
585,-3.675946705255752,-0.1883913094366795,0,Sample 1,Cell type 1
586,7.057594254882963,-1.2714531830105007,3,Sample 1,Cell type 2
587,-5.014780606465477,1.0695539461032757,0,Sample 1,Cell type 1
588,-2.123116035885253,-6.801474816036375,2,Sample 3,Cell type 1
589,0.527549220353505,-0.37117243639483233,1,Sample 2,Cell type 1
590,-1.4302628592216926,-5.335574072752257,2,Sample 3,Cell type 1
591,-0.36542623897144383,7.483461833087563,5,Sample 3,Cell type 2
592,0.5993318268490152,0.3794279495530101,1,Sample 2,Cell type 1
593,-4.537759904087255,-0.47943075569572025,0,Sample 1,Cell type 1
594,-5.324869549237172,1.0433968230278232,0,Sample 1,Cell type 1
595,-0.19239322325611402,6.097028352122053,5,Sample 3,Cell type 2
596,-0.188675994077246,7.547642483810271,5,Sample 3,Cell type 2
597,-6.195367444008587,0.17717511228221117,0,Sample 1,Cell type 1
598,0.38294093991620726,1.0775222312807051,1,Sample 2,Cell type 1
599,1.8836691012349935,-7.0848421636884105,4,Sample 2,Cell type 2
600,-5.018811434567733,0.1055946449779038,0,Sample 1,Cell type 1
601,-4.5294480607680505,-0.5163300035447211,0,Sample 1,Cell type 1
602,2.741571946325106,-6.774144081359161,4,Sample 2,Cell type 2
603,-2.788346553493115,-8.601459037456499,2,Sample 3,Cell type 1
604,0.260405015078686,6.846798587225939,5,Sample 3,Cell type 2
605,7.8974963077674545,-1.2903570223292056,3,Sample 1,Cell type 2
606,-5.736378995080076,-0.0030370116698568463,0,Sample 1,Cell type 1
607,-1.8280497718580584,-6.706979964891637,2,Sample 3,Cell type 1
608,-1.3468763295810713,-0.5850215409662084,1,Sample 2,Cell type 1
609,4.257753725985907,-7.895370717220787,4,Sample 2,Cell type 2
610,-1.8733094241277088,-6.7490801688530855,2,Sample 3,Cell type 1
611,0.6868280706386912,7.830233053209798,5,Sample 3,Cell type 2
612,-1.1696231132348378,0.7467591760912571,1,Sample 2,Cell type 1
613,-1.770362733228437,-1.0054678155363022,1,Sample 2,Cell type 1
614,6.837542711878337,-0.2798437647159845,3,Sample 1,Cell type 2
615,1.127752389219523,6.91878140670371,5,Sample 3,Cell type 2
616,-1.5532260559115372,-0.6098081871020896,1,Sample 2,Cell type 1
617,2.3316482351737036,-6.914084162777533,4,Sample 2,Cell type 2
618,-5.678568129980008,-0.2526075691800967,0,Sample 1,Cell type 1
619,-1.8829692283314252,-7.127483727409114,2,Sample 3,Cell type 1
620,7.2947948458712535,-1.26627971589359,3,Sample 1,Cell type 2
621,-5.4347549465150955,0.13211371078699444,0,Sample 1,Cell type 1
622,-0.023016880972794994,-1.5921683144002066,1,Sample 2,Cell type 1
623,-5.581367761212082,-0.7192728059852282,0,Sample 1,Cell type 1
624,-5.981869787193679,-0.36973285915912635,0,Sample 1,Cell type 1
625,-3.0090187310865915,-7.424184149036006,2,Sample 3,Cell type 1
626,0.10871120925099925,6.324979586590855,5,Sample 3,Cell type 2
627,-4.558122543525574,0.6613900074448358,0,Sample 1,Cell type 1
628,-2.532930976908638,-6.406315001725867,2,Sample 3,Cell type 1
629,0.5863697922055552,-1.0239171033823349,1,Sample 2,Cell type 1
630,-3.7580249305818674,-5.917681145297295,2,Sample 3,Cell type 1
631,7.644584946317805,0.5960366839436577,3,Sample 1,Cell type 2
632,2.658043194823933,-7.136756011124787,4,Sample 2,Cell type 2
633,-0.34453547065167184,-0.11135605164735253,1,Sample 2,Cell type 1
634,-0.8246466905073525,1.2198985209949462,1,Sample 2,Cell type 1
635,-5.4404954982664,0.9397447893621649,0,Sample 1,Cell type 1
636,-0.4573261778825798,-0.13300228693572438,1,Sample 2,Cell type 1
637,-0.47026883646867323,5.694006412179935,5,Sample 3,Cell type 2
638,-0.09015549190808093,7.1934333682990355,5,Sample 3,Cell type 2
639,-3.6091881152476004,-6.142784226517447,2,Sample 3,Cell type 1
640,-0.5394201345476973,8.111888598181121,5,Sample 3,Cell type 2
641,2.161219700870624,-6.715538917243044,4,Sample 2,Cell type 2
642,-0.5024715785514275,-0.9901388096745254,1,Sample 2,Cell type 1
643,-0.877829424550425,1.1731571387412831,1,Sample 2,Cell type 1
644,1.7672620690621568,-8.04868179996876,4,Sample 2,Cell type 2
645,6.440496224293911,0.4216861453914622,3,Sample 1,Cell type 2
646,1.8017302133235251,7.039658171421644,5,Sample 3,Cell type 2
647,0.20388847583789643,8.168124855094685,5,Sample 3,Cell type 2
648,5.670881612131454,-1.189400207859946,3,Sample 1,Cell type 2
649,7.5443953492153595,0.6502022866988815,3,Sample 1,Cell type 2
650,1.7255591717451786,7.746188596016502,5,Sample 3,Cell type 2
651,-3.144916139581695,-6.2713650076253025,2,Sample 3,Cell type 1
652,7.485399194163653,1.04115040293329,3,Sample 1,Cell type 2
653,-0.49510375464288503,-0.132322881087765,1,Sample 2,Cell type 1
654,-4.5364570823245565,3.467458341589249,0,Sample 1,Cell type 1
655,-1.0771097817836803,0.8043279204501999,1,Sample 2,Cell type 1
656,-1.395668862656015,-8.422543546728253,2,Sample 3,Cell type 1
657,0.9798926887950049,-0.33867065243249644,1,Sample 2,Cell type 1
658,-2.497167045784306,-5.8930086684051854,2,Sample 3,Cell type 1
659,7.76208247962423,-0.3272159654235262,3,Sample 1,Cell type 2
660,-0.9095383979360221,-0.4636965544274185,1,Sample 2,Cell type 1
661,6.773167793911534,-0.20112525471324524,3,Sample 1,Cell type 2
662,3.7904495547938604,-8.23956594034489,4,Sample 2,Cell type 2
663,-0.5466189898909902,-0.06949894070074102,1,Sample 2,Cell type 1
664,-5.088729319055836,0.016964660650362895,0,Sample 1,Cell type 1
665,0.8943662365811617,6.7722218430873005,5,Sample 3,Cell type 2
666,-0.044126406754233065,-0.1443240729403477,1,Sample 2,Cell type 1
667,8.682667483372144,-0.8538738257412001,3,Sample 1,Cell type 2
668,1.0621422437483892,-5.658876230110143,4,Sample 2,Cell type 2
669,0.26128891716448344,-7.4124007263308505,4,Sample 2,Cell type 2
670,0.9066995758756787,-1.1294304012020633,1,Sample 2,Cell type 1
671,0.6110522889860097,-0.731162114043678,1,Sample 2,Cell type 1
672,-5.596361383051262,0.5135388017338434,0,Sample 1,Cell type 1
673,-0.39681196974976995,5.9951942303343575,5,Sample 3,Cell type 2
674,-2.2548207430117513,-6.624281419160835,2,Sample 3,Cell type 1
675,-1.102981249993412,7.121321280961183,5,Sample 3,Cell type 2
676,8.22063175279102,1.8538605015636618,3,Sample 1,Cell type 2
677,-1.6251487308342503,-7.011974171840772,2,Sample 3,Cell type 1
678,-2.9308827143695195,-6.676471782207587,2,Sample 3,Cell type 1
679,-5.0739360605533115,1.0055662484293149,0,Sample 1,Cell type 1
680,6.882892574168883,0.7382685370580683,3,Sample 1,Cell type 2
681,-5.834617820771516,0.21453208446130662,0,Sample 1,Cell type 1
682,-5.01747764529896,-0.2728618045508479,0,Sample 1,Cell type 1
683,0.25290832525362567,-1.9193360635393526,1,Sample 2,Cell type 1
684,2.360119810725016,-8.040136817425223,4,Sample 2,Cell type 2
685,-3.2882581658455994,-7.725219689395784,2,Sample 3,Cell type 1
686,0.241938539354432,-7.691889769034669,4,Sample 2,Cell type 2
687,-4.116078855367014,-7.297081172531294,2,Sample 3,Cell type 1
688,7.009421493003969,1.6350800666175942,3,Sample 1,Cell type 2
689,5.7309996976711455,-0.5284037435581328,3,Sample 1,Cell type 2
690,0.2846464022337423,8.22959330668521,5,Sample 3,Cell type 2
691,3.696814928684568,-8.508022404661684,4,Sample 2,Cell type 2
692,-0.545274738683004,1.5474401155865671,1,Sample 2,Cell type 1
693,0.6149960935299624,-0.18838243762142542,1,Sample 2,Cell type 1
694,9.900214700088007,0.087440208377623,3,Sample 1,Cell type 2
695,-6.165213328148815,1.0447441086406675,0,Sample 1,Cell type 1
696,-0.09308810186125553,-1.1151474322739783,1,Sample 2,Cell type 1
697,-0.2022119114668831,7.967519093059819,5,Sample 3,Cell type 2
698,-3.0385938225229423,-7.869929101886783,2,Sample 3,Cell type 1
699,-1.306058121046403,-0.010880053061449105,1,Sample 2,Cell type 1
700,6.932587391233071,1.4733741671934681,3,Sample 1,Cell type 2
701,7.731528079000351,-0.3100294878772074,3,Sample 1,Cell type 2
702,-0.6081372712454506,0.030737175739222137,1,Sample 2,Cell type 1
703,-2.874962775053916,-7.056810711800123,2,Sample 3,Cell type 1
704,-4.797993363296025,0.9423884723509391,0,Sample 1,Cell type 1
705,1.005150397976959,0.16777455276964168,1,Sample 2,Cell type 1
706,-1.511552513622063,5.9125268359066006,5,Sample 3,Cell type 2
707,4.205633750898073,-7.236845144853844,4,Sample 2,Cell type 2
708,-0.7160013611467941,0.38195454407491136,1,Sample 2,Cell type 1
709,8.790878702416869,0.2562791340470114,3,Sample 1,Cell type 2
710,7.024805380410948,1.2177622441497666,3,Sample 1,Cell type 2
711,-5.2782881693448775,-0.6769407650315249,0,Sample 1,Cell type 1
712,0.438067351942254,7.17758207106124,5,Sample 3,Cell type 2
713,1.788355000529497,-0.47787380803076807,1,Sample 2,Cell type 1
714,1.757237235252222,-7.443626447454327,4,Sample 2,Cell type 2
715,1.9368042606414013,-6.793068089123857,4,Sample 2,Cell type 2
716,9.428706349126418,-0.42278801790342313,3,Sample 1,Cell type 2
717,0.16462310725823034,5.331640982902789,5,Sample 3,Cell type 2
718,3.1606957022265236,-8.383937027677002,4,Sample 2,Cell type 2
719,7.055228979239779,0.2554601105724631,3,Sample 1,Cell type 2
720,7.585074810829622,1.6254802060532652,3,Sample 1,Cell type 2
721,-0.38631997826879566,0.5296979427936478,1,Sample 2,Cell type 1
722,-1.878324316741862,-0.5261559575914796,1,Sample 2,Cell type 1
723,-0.07368675947175514,7.50730628884314,5,Sample 3,Cell type 2
724,-2.284128028735633,-6.562321005984801,2,Sample 3,Cell type 1
725,8.174770927894514,-1.8134111092559475,3,Sample 1,Cell type 2
726,1.0774606783157215,6.306062058572916,5,Sample 3,Cell type 2
727,1.8387960156908265,-6.139657759902314,4,Sample 2,Cell type 2
728,-3.5781697862955353,-6.201628201198342,2,Sample 3,Cell type 1
729,-0.6654342667131327,1.0727094009722156,1,Sample 2,Cell type 1
730,0.7595562604670381,6.744682401165544,5,Sample 3,Cell type 2
731,6.868839386287605,-0.7882333421816641,3,Sample 1,Cell type 2
732,-4.705765363612254,-0.1971904759279778,0,Sample 1,Cell type 1
733,-0.8290173070942406,-7.433589373984128,2,Sample 3,Cell type 1
734,-4.588284038407381,-6.295633156315134,2,Sample 3,Cell type 1
735,0.16623942730297497,0.8441239837595895,1,Sample 2,Cell type 1
736,-0.41364476888173235,6.04306718212185,5,Sample 3,Cell type 2
737,-1.6122611446846566,-7.64077590453303,2,Sample 3,Cell type 1
738,3.277531194966201,-6.30777779862097,4,Sample 2,Cell type 2
739,-1.4755357462728909,-0.35322399545478567,1,Sample 2,Cell type 1
740,3.079301877720242,-5.130390904387042,4,Sample 2,Cell type 2
741,-5.222459644268537,-0.6137858231980187,0,Sample 1,Cell type 1
742,-0.7361464707297924,-6.59444825551175,2,Sample 3,Cell type 1
743,6.318328323047455,0.3545777032779621,3,Sample 1,Cell type 2
744,0.15992824121121585,6.284806734268776,5,Sample 3,Cell type 2
745,-2.352134711166488,-5.023399172062481,2,Sample 3,Cell type 1
746,-1.5907528718475858,-7.039925309960405,2,Sample 3,Cell type 1
747,-4.02269399075158,0.4272284095919575,0,Sample 1,Cell type 1
748,1.0453527436337784,6.833610919379261,5,Sample 3,Cell type 2
749,1.5649662166679983,-0.2891184895061205,1,Sample 2,Cell type 1
750,1.5103619299123832,6.93432751130685,5,Sample 3,Cell type 2
751,-0.07831370098632368,6.475189451808132,5,Sample 3,Cell type 2
752,5.725119876020564,0.25922553147494026,3,Sample 1,Cell type 2
753,-1.7289677677817,-5.49036062097506,2,Sample 3,Cell type 1
754,0.5784454373683354,7.64857530822154,5,Sample 3,Cell type 2
755,0.6292911948047879,5.553122820529123,5,Sample 3,Cell type 2
756,9.877810719443358,0.5382892395427197,3,Sample 1,Cell type 2
757,1.5482367967359116,-6.438991929392654,4,Sample 2,Cell type 2
758,-2.8812387235553594,-8.229055663771135,2,Sample 3,Cell type 1
759,-1.2880027284941296,6.93697320087276,5,Sample 3,Cell type 2
760,-4.361493364574865,-0.39193773351285904,0,Sample 1,Cell type 1
761,7.221840386935566,0.36434106792744125,3,Sample 1,Cell type 2
762,-1.3940644725481275,0.2321783830990628,1,Sample 2,Cell type 1
763,7.794295061943088,-0.7516120535750116,3,Sample 1,Cell type 2
764,-2.530532703335118,-8.435280362347,2,Sample 3,Cell type 1
765,0.9529626283415378,-6.057740919014612,4,Sample 2,Cell type 2
766,-5.192098583837187,1.341653523164957,0,Sample 1,Cell type 1
767,-4.731122382470883,-0.6766119450856659,0,Sample 1,Cell type 1
768,6.819644363977272,0.32439750866349565,3,Sample 1,Cell type 2
769,7.649974105780655,0.9539551527861387,3,Sample 1,Cell type 2
770,1.6476694423481355,7.4438761196408905,5,Sample 3,Cell type 2
771,3.8197981520697217,-8.268294218222062,4,Sample 2,Cell type 2
772,-0.8673830335895498,-0.8614358234055386,1,Sample 2,Cell type 1
773,2.6364915449305157,-7.921380352937065,4,Sample 2,Cell type 2
774,1.0625768212069302,-0.5645821013561726,1,Sample 2,Cell type 1
775,4.221419320921116,-8.192361202839466,4,Sample 2,Cell type 2
776,2.13891171410979,-6.36136046855479,4,Sample 2,Cell type 2
777,8.303869512486527,0.5777047105727744,3,Sample 1,Cell type 2
778,1.8897496102498639,-0.222323130671397,1,Sample 2,Cell type 1
779,-0.10483951736793128,7.440290642197871,5,Sample 3,Cell type 2
780,2.591609500336595,-6.724287219461179,4,Sample 2,Cell type 2
781,-2.6242741011953337,-6.467977493868461,2,Sample 3,Cell type 1
782,1.0322665814296526,6.941615703051975,5,Sample 3,Cell type 2
783,-1.652404755021148,6.602940978285615,5,Sample 3,Cell type 2
784,-0.05994092431977634,4.998054302252019,5,Sample 3,Cell type 2
785,0.29191114007543145,6.0673037228456534,5,Sample 3,Cell type 2
786,-3.8327049080950015,-0.02058125606899391,0,Sample 1,Cell type 1
787,7.722732492876094,-0.008697979182012469,3,Sample 1,Cell type 2
788,0.4159386864537096,6.901726214949503,5,Sample 3,Cell type 2
789,6.068872352387732,-0.5981859877518563,3,Sample 1,Cell type 2
790,3.0943087491064136,-6.327208486792187,4,Sample 2,Cell type 2
791,2.571143021935251,-7.259340427460006,4,Sample 2,Cell type 2
792,8.711914496349266,1.2993032872496146,3,Sample 1,Cell type 2
793,2.482613526155348,-6.908532951819918,4,Sample 2,Cell type 2
794,-0.43848262907543445,-0.31672918603485817,1,Sample 2,Cell type 1
795,-1.309529979803378,-7.1522104170785346,2,Sample 3,Cell type 1
796,-1.9264077852792347,-5.545329961550275,2,Sample 3,Cell type 1
797,3.2000178677899433,-7.65906959476338,4,Sample 2,Cell type 2
798,-0.21813791229460022,7.865989520722988,5,Sample 3,Cell type 2
799,-4.386242325834532,-0.27924008093411046,0,Sample 1,Cell type 1
800,-0.7917456252461008,6.843159668979767,5,Sample 3,Cell type 2
801,2.696846439527339,-7.150133266628554,4,Sample 2,Cell type 2
802,-5.573648414575866,1.0701148779967966,0,Sample 1,Cell type 1
803,-0.4471885146073754,7.066498242512099,5,Sample 3,Cell type 2
804,-5.041027414719948,0.21900550439042266,0,Sample 1,Cell type 1
805,1.7083206920038834,-7.73829561501922,4,Sample 2,Cell type 2
806,-1.214618590396379,-0.3736923911147444,1,Sample 2,Cell type 1
807,2.0763204107876962,-5.990930671687086,4,Sample 2,Cell type 2
808,-4.613343602780673,0.18691891844680003,0,Sample 1,Cell type 1
809,4.163298193694997,-6.513983978449174,4,Sample 2,Cell type 2
810,9.60404497084947,-0.7746811215316377,3,Sample 1,Cell type 2
811,-5.064441133472657,-0.03350001285885743,0,Sample 1,Cell type 1
812,-2.7128039530622736,-7.107657661931894,2,Sample 3,Cell type 1
813,-1.3201066715541094,-0.451261932197073,1,Sample 2,Cell type 1
814,-4.530252590944792,0.26728620590986746,0,Sample 1,Cell type 1
815,-0.5861587184848637,6.128684261932906,5,Sample 3,Cell type 2
816,-2.5050042642832637,-5.9393385791814195,2,Sample 3,Cell type 1
817,0.8742098560873334,8.255591715852068,5,Sample 3,Cell type 2
818,-0.7516286114670208,1.8805848495252961,1,Sample 2,Cell type 1
819,2.3176548043737335,-6.117996187479496,4,Sample 2,Cell type 2
820,-1.341222770969142,7.131772862658343,5,Sample 3,Cell type 2
821,-4.173515054597918,-1.4134505432608593,0,Sample 1,Cell type 1
822,1.608439098960468,-7.308872411818041,4,Sample 2,Cell type 2
823,1.4308550803626154,0.5166640988046012,1,Sample 2,Cell type 1
824,-0.045072538970819975,8.324538008525701,5,Sample 3,Cell type 2
825,0.22094881361488142,6.770331545637145,5,Sample 3,Cell type 2
826,0.9200449701658351,-6.591485293502788,4,Sample 2,Cell type 2
827,2.227957547125726,-6.522219554139566,4,Sample 2,Cell type 2
828,1.5830753221683578,-7.7332170879139035,4,Sample 2,Cell type 2
829,0.029577036582191858,6.655499438461398,5,Sample 3,Cell type 2
830,-0.37457496439672855,-1.017062405136322,1,Sample 2,Cell type 1
831,-4.93086029804577,-1.1546930017697128,0,Sample 1,Cell type 1
832,0.3230258253665936,6.064186097924589,5,Sample 3,Cell type 2
833,-5.579194849085716,0.9269647358230451,0,Sample 1,Cell type 1
834,-4.589701005126553,1.9485021104109757,0,Sample 1,Cell type 1
835,1.682347739639028,-6.45630329010486,4,Sample 2,Cell type 2
836,9.088422424995695,2.512987981118965,3,Sample 1,Cell type 2
837,3.332753703445148,-6.848213769150824,4,Sample 2,Cell type 2
838,-1.5135370832703412,-6.6172108225029005,2,Sample 3,Cell type 1
839,7.214015195384344,0.10492066081121743,3,Sample 1,Cell type 2
840,-0.649563798003528,0.1591387849254582,1,Sample 2,Cell type 1
841,7.977614810709043,-0.5970925414975392,3,Sample 1,Cell type 2
842,2.9773322700989193,-7.107602880963756,4,Sample 2,Cell type 2
843,0.33394836439382686,6.33852240886846,5,Sample 3,Cell type 2
844,0.6609832675287004,8.280180659757239,5,Sample 3,Cell type 2
845,6.37392077702969,-1.3792664491466973,3,Sample 1,Cell type 2
846,-0.3225061368191,-0.5827876250716433,1,Sample 2,Cell type 1
847,0.613846859141358,1.3385215398023347,1,Sample 2,Cell type 1
848,3.9302325714728115,-6.548983651541882,4,Sample 2,Cell type 2
849,-1.121145638801746,0.049440699899863855,1,Sample 2,Cell type 1
850,-0.927995447964837,6.538185478272145,5,Sample 3,Cell type 2
851,0.9016423683137434,-0.4478137545466864,1,Sample 2,Cell type 1
852,-0.24058532085102804,7.403571924531199,5,Sample 3,Cell type 2
853,0.3912930581012021,0.4278876142739611,1,Sample 2,Cell type 1
854,-4.14217702947808,0.2584117486816418,0,Sample 1,Cell type 1
855,3.119433739695172,-6.507034919136196,4,Sample 2,Cell type 2
856,-1.0664567471034674,8.444441051578512,5,Sample 3,Cell type 2
857,0.22076256837324176,5.881749246772552,5,Sample 3,Cell type 2
858,-3.561031142168493,-7.1977025071158645,2,Sample 3,Cell type 1
859,7.401122289208258,-0.16567818031432746,3,Sample 1,Cell type 2
860,-3.14941358305371,-0.9928875291495148,0,Sample 1,Cell type 1
861,-1.741205200909084,-5.953445280218513,2,Sample 3,Cell type 1
862,8.021035783714112,0.41403809147441956,3,Sample 1,Cell type 2
863,-1.3983828894144579,0.7361006922225258,1,Sample 2,Cell type 1
864,1.7656814183663023,-8.038335691267328,4,Sample 2,Cell type 2
865,8.284937795115649,0.29163279843587997,3,Sample 1,Cell type 2
866,-4.103557082774765,-0.6811155797125147,0,Sample 1,Cell type 1
867,-0.24455703588273756,5.317241504240508,5,Sample 3,Cell type 2
868,1.6988626085634042,6.131307330924507,5,Sample 3,Cell type 2
869,-1.6688422455573682,-7.945560989645021,2,Sample 3,Cell type 1
870,7.417228380417258,-0.9737229318418197,3,Sample 1,Cell type 2
871,7.443053436092776,-0.5937737771285693,3,Sample 1,Cell type 2
872,2.4135994044395277,-7.178253786897016,4,Sample 2,Cell type 2
873,7.630884495665184,-0.63333935939829,3,Sample 1,Cell type 2
874,-5.772522002163092,0.6302788914680922,0,Sample 1,Cell type 1
875,7.162049963931986,0.6295178222061318,3,Sample 1,Cell type 2
876,-1.9362087947914501,-7.071917607396295,2,Sample 3,Cell type 1
877,-1.3345129736647396,-6.510201682893688,2,Sample 3,Cell type 1
878,2.1731419971404655,-7.1947768404745345,4,Sample 2,Cell type 2
879,6.722418135831529,-0.11387932177235398,3,Sample 1,Cell type 2
880,6.1815227285056,-0.6016094197678599,3,Sample 1,Cell type 2
881,-2.644377443777813,-4.749189551859146,2,Sample 3,Cell type 1
882,0.27267468622855484,6.469755650809952,5,Sample 3,Cell type 2
883,-0.25870276746032,0.25859601396270837,1,Sample 2,Cell type 1
884,-5.870278528816292,-0.04294022052778187,0,Sample 1,Cell type 1
885,6.797870506751005,0.6617423789774887,3,Sample 1,Cell type 2
886,-1.4875607092270833,-8.568494776492937,2,Sample 3,Cell type 1
887,7.993260232236453,-1.205540429875793,3,Sample 1,Cell type 2
888,-2.107594802299678,-6.240544441322436,2,Sample 3,Cell type 1
889,0.4891314408030837,0.17982939034684214,1,Sample 2,Cell type 1
890,-1.6827675297258786,-0.3496686976647083,1,Sample 2,Cell type 1
891,-0.9943765137562681,0.1984872843124802,1,Sample 2,Cell type 1
892,3.951680353533749,-6.343686745620323,4,Sample 2,Cell type 2
893,0.06502422081258245,6.494053892258745,5,Sample 3,Cell type 2
894,0.526969379571181,5.4958009591287045,5,Sample 3,Cell type 2
895,-2.965981702499998,-6.803977894226146,2,Sample 3,Cell type 1
896,3.0433419164897764,-5.738649688103058,4,Sample 2,Cell type 2
897,1.0531788382769434,0.1208668475230136,1,Sample 2,Cell type 1
898,-3.355819656718509,-6.713331095681013,2,Sample 3,Cell type 1
899,2.5485076123298858,-8.193635945754242,4,Sample 2,Cell type 2
900,-4.6406991896552485,0.582476345732467,0,Sample 1,Cell type 1
901,8.077752416499331,-0.24324084392750012,3,Sample 1,Cell type 2
902,8.096282430058752,-0.7405703113665891,3,Sample 1,Cell type 2
903,1.9268393071566494,-6.333084743797196,4,Sample 2,Cell type 2
904,5.358903563322098,0.6030447046339714,3,Sample 1,Cell type 2
905,1.7797995381400866,-7.497423658405148,4,Sample 2,Cell type 2
906,-2.1313274931844055,-6.678724516659766,2,Sample 3,Cell type 1
907,0.2895106872388501,0.15125382537013823,1,Sample 2,Cell type 1
908,1.7283307519298352,-1.1006055176000076,1,Sample 2,Cell type 1
909,0.5163699789039718,-1.1486739748845023,1,Sample 2,Cell type 1
910,0.6235718258136931,0.5243141869279246,1,Sample 2,Cell type 1
911,-2.869466634456757,-5.362991321019708,2,Sample 3,Cell type 1
912,1.9291527548644176,-5.9840372612055495,4,Sample 2,Cell type 2
913,-2.692487650799175,-6.126715418390547,2,Sample 3,Cell type 1
914,7.517639654919866,-0.7221870358783532,3,Sample 1,Cell type 2
915,1.6543913494714375,-8.627465795649563,4,Sample 2,Cell type 2
916,-0.9939023029393133,-6.602427937260199,2,Sample 3,Cell type 1
917,-2.338077067408225,-6.245952518293468,2,Sample 3,Cell type 1
918,7.995915354203669,-0.6601338600104515,3,Sample 1,Cell type 2
919,2.2076278661513085,-6.226332291830639,4,Sample 2,Cell type 2
920,7.552077642684081,-0.23903336993617025,3,Sample 1,Cell type 2
921,7.150911796323777,1.1754649834844662,3,Sample 1,Cell type 2
922,-4.172693958882316,-0.6013296769850945,0,Sample 1,Cell type 1
923,5.733039766944923,0.41474237886347876,3,Sample 1,Cell type 2
924,7.277397632493224,0.2999074814910196,3,Sample 1,Cell type 2
925,-5.23163888368101,-1.5017256664898306,0,Sample 1,Cell type 1
926,-6.029353586588596,0.09770373519887084,0,Sample 1,Cell type 1
927,-4.739748220482964,2.209770125919805,0,Sample 1,Cell type 1
928,-1.8785745824906384,-6.76094470614472,2,Sample 3,Cell type 1
929,0.1560074979333674,0.21955787811765023,1,Sample 2,Cell type 1
930,6.384370788727475,0.5470563048615077,3,Sample 1,Cell type 2
931,-0.5772742110210908,7.999609915648683,5,Sample 3,Cell type 2
932,2.155464267111925,-7.545475448997693,4,Sample 2,Cell type 2
933,-3.5952070393061506,-5.772961137815495,2,Sample 3,Cell type 1
934,1.7741321507890948,-5.490519541030514,4,Sample 2,Cell type 2
935,-0.2721146096985756,7.757469030188568,5,Sample 3,Cell type 2
936,-2.4933735867187896,-8.33069224329892,2,Sample 3,Cell type 1
937,-0.9658671160323606,-7.9973012124329825,2,Sample 3,Cell type 1
938,-4.419161645373367,1.2317684017791137,0,Sample 1,Cell type 1
939,2.453641725621465,-6.662176273469974,4,Sample 2,Cell type 2
940,1.0174739575835798,7.027726421498155,5,Sample 3,Cell type 2
941,-0.48362633038205977,7.421671242536952,5,Sample 3,Cell type 2
942,1.6304001958745218,7.521168670787953,5,Sample 3,Cell type 2
943,0.9299204002545514,-7.621248609913485,4,Sample 2,Cell type 2
944,-1.0120213265393225,-6.439221386899814,2,Sample 3,Cell type 1
945,1.3357044256823685,0.320052013907094,1,Sample 2,Cell type 1
946,-5.247546527436479,-2.0717290482620263,0,Sample 1,Cell type 1
947,-0.4279362670704986,6.402550207456879,5,Sample 3,Cell type 2
948,-4.787946897702291,0.6937786744982701,0,Sample 1,Cell type 1
949,-1.8585747416306886,0.02561182306484299,1,Sample 2,Cell type 1
950,2.8048823460523296,-7.115558439325848,4,Sample 2,Cell type 2
951,-3.5489495678102188,1.1834230082256427,0,Sample 1,Cell type 1
952,-3.1001638452564073,-6.821874999392132,2,Sample 3,Cell type 1
953,-2.5513370501676476,-5.9344113011227995,2,Sample 3,Cell type 1
954,-4.990682642140958,-1.1806526091151437,0,Sample 1,Cell type 1
955,7.462837774393805,-1.327052418343412,3,Sample 1,Cell type 2
956,-0.667658844907628,6.656405922993361,5,Sample 3,Cell type 2
957,2.413408964163479,-6.7669626145968795,4,Sample 2,Cell type 2
958,-1.153341875581942,6.32606949607878,5,Sample 3,Cell type 2
959,0.5693245196779776,5.881415572543179,5,Sample 3,Cell type 2
960,-0.17531065915491204,6.725221761833292,5,Sample 3,Cell type 2
961,-1.0740381916889838,5.350146593471145,5,Sample 3,Cell type 2
962,-3.804625272335848,0.5006070084605939,0,Sample 1,Cell type 1
963,1.8110434011306886,0.9213385914962833,1,Sample 2,Cell type 1
964,2.604037064811917,-7.0267898395027615,4,Sample 2,Cell type 2
965,7.625125818257813,-0.04061060129164649,3,Sample 1,Cell type 2
966,-0.8731523430076631,-6.544458110085359,2,Sample 3,Cell type 1
967,3.3450725218343127,-7.057490049548212,4,Sample 2,Cell type 2
968,-1.368142849276576,-6.634549489814727,2,Sample 3,Cell type 1
969,-2.881383713820433,-7.408072697545468,2,Sample 3,Cell type 1
970,-1.666622409356845,-7.081968274317725,2,Sample 3,Cell type 1
971,0.2388261144596656,-0.5244827918504239,1,Sample 2,Cell type 1
972,1.488290327025304,-6.90771270416423,4,Sample 2,Cell type 2
973,-4.252697765110179,-0.7704754433179806,0,Sample 1,Cell type 1
974,-2.603701809296978,-7.346448599569073,2,Sample 3,Cell type 1
975,1.907455553853599,-7.535053326354107,4,Sample 2,Cell type 2
976,1.9931112393616417,-7.63176156846561,4,Sample 2,Cell type 2
977,-5.579166407342129,0.8350561152731135,0,Sample 1,Cell type 1
978,2.596929504195957,-6.101604109625443,4,Sample 2,Cell type 2
979,-2.774669960932677,-6.057779384960675,2,Sample 3,Cell type 1
980,-0.20777973646029207,1.3079345969889309,1,Sample 2,Cell type 1
981,2.4702772626523957,-7.453285234338037,4,Sample 2,Cell type 2
982,3.6743512869873967,-6.878341382791598,4,Sample 2,Cell type 2
983,-0.17484221878066739,-0.6802123501425267,1,Sample 2,Cell type 1
984,0.5065927741569193,-0.7918329181518489,1,Sample 2,Cell type 1
985,0.7017265639615449,6.945860950535385,5,Sample 3,Cell type 2
986,-3.1636419131481626,-7.750766363859362,2,Sample 3,Cell type 1
987,-4.48619854037615,1.022009076162539,0,Sample 1,Cell type 1
988,6.413016546710983,0.7282015116582409,3,Sample 1,Cell type 2
989,-3.2913545041707892,-6.686264392125118,2,Sample 3,Cell type 1
990,0.06962735725568703,7.800337082283078,5,Sample 3,Cell type 2
991,-2.928215899604411,-7.743500792543088,2,Sample 3,Cell type 1
992,-3.8501996753022425,-7.700953338538391,2,Sample 3,Cell type 1
993,-3.2398684106451348,-8.097356019869974,2,Sample 3,Cell type 1
994,-2.0408880748749327,-7.584428337652493,2,Sample 3,Cell type 1
995,0.5764318156807414,-0.1714527953980302,1,Sample 2,Cell type 1
996,-1.575794843567877,-6.46038021287918,2,Sample 3,Cell type 1
997,-0.44258995139058255,8.95956410279416,5,Sample 3,Cell type 2
998,2.0451912484021935,0.8001334100519029,1,Sample 2,Cell type 1
999,6.9789434183859695,-0.8067307930426627,3,Sample 1,Cell type 2
1000,1.1534794155033918,0.5019219546526121,1,Sample 2,Cell type 1
1001,-1.7051230354250726,6.85596519377859,5,Sample 3,Cell type 2
1002,8.50501314756077,0.2088851741356835,3,Sample 1,Cell type 2
1003,-5.706408481774016,0.5834523904594732,0,Sample 1,Cell type 1
1004,3.7171262913335354,-9.12836983551236,4,Sample 2,Cell type 2
1005,-4.627908587098669,1.6891162313022594,0,Sample 1,Cell type 1
1006,-4.4810987332498105,0.2801251390891825,0,Sample 1,Cell type 1
1007,5.504168028577106,-1.05136004506518,3,Sample 1,Cell type 2
1008,3.3742711219051236,-8.16573275860041,4,Sample 2,Cell type 2
1009,-5.426455412363825,-0.013007043790451193,0,Sample 1,Cell type 1
1010,-3.9949750740104553,-6.547073141725446,2,Sample 3,Cell type 1
1011,-4.981285663092133,-0.655202647106221,0,Sample 1,Cell type 1
1012,-2.0684432067985523,-6.343952924886595,2,Sample 3,Cell type 1
1013,-1.9785879162189017,-5.729175809311076,2,Sample 3,Cell type 1
1014,-2.7708822811538996,-7.568293324734865,2,Sample 3,Cell type 1
1015,-6.3307276212018575,1.0293786388862363,0,Sample 1,Cell type 1
1016,1.8161780812110022,-7.639013898602397,4,Sample 2,Cell type 2
1017,0.17335723282824272,6.870400020068505,5,Sample 3,Cell type 2
1018,0.45592890452754814,8.000758024774369,5,Sample 3,Cell type 2
1019,-4.357062837231509,-7.285615443018282,2,Sample 3,Cell type 1
1020,-1.0955544229984315,0.14351625612371627,1,Sample 2,Cell type 1
1021,-5.427450780044861,-0.5879963093163407,0,Sample 1,Cell type 1
1022,-5.044517338687189,0.6073375429499434,0,Sample 1,Cell type 1
1023,-1.0037218827391328,6.749520769711081,5,Sample 3,Cell type 2
1024,-6.0529251521392595,-2.5850359919534847,0,Sample 1,Cell type 1
1025,-4.930368523117144,-0.7751557811954373,0,Sample 1,Cell type 1
1026,3.470312856215295,-7.077595388206707,4,Sample 2,Cell type 2
1027,-1.0672334199134508,6.707732258426224,5,Sample 3,Cell type 2
1028,-5.63179251902608,-0.5966108257958533,0,Sample 1,Cell type 1
1029,-4.8847060265802895,-0.6129464917273928,0,Sample 1,Cell type 1
1030,2.107363271037974,-6.056694916657761,4,Sample 2,Cell type 2
1031,6.639547303484945,2.085873109806491,3,Sample 1,Cell type 2
1032,7.69594638097845,-0.7421853062616188,3,Sample 1,Cell type 2
1033,-1.229241739873895,-0.13407237879056721,1,Sample 2,Cell type 1
1034,-1.3798913556802699,-4.991650980075026,2,Sample 3,Cell type 1
1035,3.7696230883788053,-7.278739730625915,4,Sample 2,Cell type 2
1036,0.36774657693159085,-0.2770276240249957,1,Sample 2,Cell type 1
1037,-0.27051245152672404,6.597720202474563,5,Sample 3,Cell type 2
1038,1.5061068812686833,1.2064149466113132,1,Sample 2,Cell type 1
1039,3.830309103489536,-8.334157108296193,4,Sample 2,Cell type 2
1040,8.496039381858585,-2.0471589280855795,3,Sample 1,Cell type 2
1041,8.507005138137602,1.1469855840188232,3,Sample 1,Cell type 2
1042,0.5429227505142544,0.2683426193914731,1,Sample 2,Cell type 1
1043,0.12054769465681187,6.449476190468381,5,Sample 3,Cell type 2
1044,0.9352006086782418,-0.0681878578819139,1,Sample 2,Cell type 1
1045,0.793266776031214,0.6490218262910235,1,Sample 2,Cell type 1
1046,-1.598410578643562,0.9575468888047705,1,Sample 2,Cell type 1
1047,1.1071871852773199,-6.816450528235604,4,Sample 2,Cell type 2
1048,-1.5678742119353675,6.590301477205565,5,Sample 3,Cell type 2
1049,-2.989003100030225,6.468800230324929,5,Sample 3,Cell type 2
1050,-4.838095263961869,1.2528020577101395,0,Sample 1,Cell type 1
1051,2.0837203303179592,-6.6510881088704386,4,Sample 2,Cell type 2
1052,0.3835409036815664,6.117650573664872,5,Sample 3,Cell type 2
1053,-1.1760687782646064,-7.629545698150879,2,Sample 3,Cell type 1
1054,-5.177604578276593,-0.13614595528816054,0,Sample 1,Cell type 1
1055,7.799447396626669,-1.199833207629488,3,Sample 1,Cell type 2
1056,3.452164642454913,-6.926340098923415,4,Sample 2,Cell type 2
1057,-0.6261253894773576,-0.8263142850749173,1,Sample 2,Cell type 1
1058,0.30246787125481184,7.45010154665878,5,Sample 3,Cell type 2
1059,0.4374326604758733,-1.392573590044529,1,Sample 2,Cell type 1
1060,-2.034748135826466,-7.199361936656912,2,Sample 3,Cell type 1
1061,7.826703856325469,-1.5489697688644224,3,Sample 1,Cell type 2
1062,-2.8065388362188752,-6.549871270197505,2,Sample 3,Cell type 1
1063,7.289491979591766,-0.1764838896092441,3,Sample 1,Cell type 2
1064,-5.995701476605426,-1.0765859616726037,0,Sample 1,Cell type 1
1065,7.478041289487459,-1.2800066845555866,3,Sample 1,Cell type 2
1066,7.905140070551983,-0.09392260449427788,3,Sample 1,Cell type 2
1067,-0.9986484311127277,5.486760797456262,5,Sample 3,Cell type 2
1068,-3.5195290578488447,-0.2241324356007405,0,Sample 1,Cell type 1
1069,2.1998623471272745,-6.203269311220636,4,Sample 2,Cell type 2
1070,-5.581915595818274,-0.9733932032529555,0,Sample 1,Cell type 1
1071,-5.6375660902194165,-1.3623429533515445,0,Sample 1,Cell type 1
1072,-1.6101111514512971,7.906406041071135,5,Sample 3,Cell type 2
1073,-2.152255611536745,-6.24601220060807,2,Sample 3,Cell type 1
1074,-5.301297798895887,-0.36328361691779704,0,Sample 1,Cell type 1
1075,-2.403648292306933,-7.310632193024224,2,Sample 3,Cell type 1
1076,0.4788055789397488,0.3254949551223149,1,Sample 2,Cell type 1
1077,-1.3407318476328602,-6.986941900663611,2,Sample 3,Cell type 1
1078,-4.7983167663706245,0.011333160703615374,0,Sample 1,Cell type 1
1079,-4.51268354461569,0.6832396442723822,0,Sample 1,Cell type 1
1080,-2.832045495128316,-6.807572085453043,2,Sample 3,Cell type 1
1081,2.02397525880581,-6.300163544386955,4,Sample 2,Cell type 2
1082,3.618544203994145,-6.345548809997109,4,Sample 2,Cell type 2
1083,-5.489944452072664,0.09983033073887948,0,Sample 1,Cell type 1
1084,-2.9598902531761544,-9.298194636450308,2,Sample 3,Cell type 1
1085,0.8959740225067028,6.926689610999908,5,Sample 3,Cell type 2
1086,-0.07013046211066427,7.494616884458,5,Sample 3,Cell type 2
1087,6.618629792745628,0.14702431942422042,3,Sample 1,Cell type 2
1088,2.6683963901125827,-6.650417847690244,4,Sample 2,Cell type 2
1089,7.050114812630233,0.4887290513606871,3,Sample 1,Cell type 2
1090,6.976144799316289,0.3591397265818735,3,Sample 1,Cell type 2
1091,-0.5773382181398786,0.4390850563839666,1,Sample 2,Cell type 1
1092,-0.3465196305415773,0.3446900862668356,1,Sample 2,Cell type 1
1093,0.44839957364710664,1.02613413466914,1,Sample 2,Cell type 1
1094,-4.409689301123215,0.17526257524689737,0,Sample 1,Cell type 1
1095,0.5367970238235774,-0.5708572629204628,1,Sample 2,Cell type 1
1096,-0.7735137511032152,7.611435853516709,5,Sample 3,Cell type 2
1097,-2.1397877300259025,-6.818512385383671,2,Sample 3,Cell type 1
1098,7.752040808427664,-2.407110415338727,3,Sample 1,Cell type 2
1099,-1.6560699700551775,-0.029052549944523293,1,Sample 2,Cell type 1
1100,3.092768757511459,-6.791024945821905,4,Sample 2,Cell type 2
1101,-4.946332667071843,-0.5822430999350166,0,Sample 1,Cell type 1
1102,-0.2305617772458421,-0.21734770128370093,1,Sample 2,Cell type 1
1103,-3.1651257922209095,-6.412902695640988,2,Sample 3,Cell type 1
1104,-1.4162661199052862,7.334873330800647,5,Sample 3,Cell type 2
1105,-3.488758382660031,-5.721546141456043,2,Sample 3,Cell type 1
1106,2.369619920368515,-6.6347583219935675,4,Sample 2,Cell type 2
1107,-6.230190828573879,-0.2022888617034152,0,Sample 1,Cell type 1
1108,4.934972901614536,0.4901241607142653,3,Sample 1,Cell type 2
1109,1.4808194570436704,6.788351609574013,5,Sample 3,Cell type 2
1110,9.053124413533293,0.10966001771920857,3,Sample 1,Cell type 2
1111,-0.25251453593869727,6.44557521065384,5,Sample 3,Cell type 2
1112,-0.9705076152921615,-7.36161552424747,2,Sample 3,Cell type 1
1113,-5.983081488205321,-0.28476760472532175,0,Sample 1,Cell type 1
1114,-6.922106792580826,2.8239736802939945,0,Sample 1,Cell type 1
1115,-6.099915028002751,0.6416985871551493,0,Sample 1,Cell type 1
1116,-5.9108939377341505,-1.4893710046791924,0,Sample 1,Cell type 1
1117,-0.7525753656337538,6.760754470917707,5,Sample 3,Cell type 2
1118,-3.64931618842912,0.7651995679021436,0,Sample 1,Cell type 1
1119,2.364578672654516,-7.596848131113564,4,Sample 2,Cell type 2
1120,-4.879813185695946,-0.13722285274248952,0,Sample 1,Cell type 1
1121,-4.447249969960917,0.6817569390425746,0,Sample 1,Cell type 1
1122,-4.319618775965752,-7.09115264683138,2,Sample 3,Cell type 1
1123,3.025453373385153,-7.391723377304651,4,Sample 2,Cell type 2
1124,-5.104083454149417,-0.2709933260303599,0,Sample 1,Cell type 1
1125,-6.41378853686165,-1.0140907220188249,0,Sample 1,Cell type 1
1126,-5.472068239651796,0.44043710510512624,0,Sample 1,Cell type 1
1127,-0.657860648143926,0.6821296649312576,1,Sample 2,Cell type 1
1128,0.37655839879981534,1.2614387336517865,1,Sample 2,Cell type 1
1129,-1.3294479746811434,6.540737956393243,5,Sample 3,Cell type 2
1130,-3.196110259630087,-5.291138516780285,2,Sample 3,Cell type 1
1131,2.94882092092199,-8.748247921865593,4,Sample 2,Cell type 2
1132,-3.6870716484722594,-6.981904179817811,2,Sample 3,Cell type 1
1133,7.50177916028023,1.3795860200726808,3,Sample 1,Cell type 2
1134,0.3046975886573228,-0.8441330188827589,1,Sample 2,Cell type 1
1135,8.682403958914627,-0.013924476654065621,3,Sample 1,Cell type 2
1136,0.29272650826890967,8.061336842721307,5,Sample 3,Cell type 2
1137,-0.7814634586887298,0.4811661775101918,1,Sample 2,Cell type 1
1138,8.455130632660905,-0.3900506100175379,3,Sample 1,Cell type 2
1139,-3.661505279751597,-7.1289330238277735,2,Sample 3,Cell type 1
1140,3.103916024425993,-6.0388019997469256,4,Sample 2,Cell type 2
1141,7.808633739589208,1.1191222155113671,3,Sample 1,Cell type 2
1142,-1.7922344092037652,-7.503591656760522,2,Sample 3,Cell type 1
1143,-4.632572519856975,-1.5323252438140564,0,Sample 1,Cell type 1
1144,-4.97119626584081,-0.6780760833115651,0,Sample 1,Cell type 1
1145,-3.0848441969476927,-6.924248592832874,2,Sample 3,Cell type 1
1146,0.4381578620707419,8.509515633677012,5,Sample 3,Cell type 2
1147,7.914717519254371,-1.3701008864535698,3,Sample 1,Cell type 2
1148,-0.7664555161680373,7.869512792977281,5,Sample 3,Cell type 2
1149,6.599433564765083,-0.7695859269682844,3,Sample 1,Cell type 2
1150,-4.935590386502547,-0.429891702088605,0,Sample 1,Cell type 1
1151,-5.696410279193215,-1.1201892329802754,0,Sample 1,Cell type 1
1152,0.7633567914000013,-1.1092709832916583,1,Sample 2,Cell type 1
1153,2.663888421234276,-7.932365735745975,4,Sample 2,Cell type 2
1154,8.138469882527945,-0.12649813695218853,3,Sample 1,Cell type 2
1155,-3.041013897401962,-5.9506751317703,2,Sample 3,Cell type 1
1156,7.4963344465907085,-0.03713368738505436,3,Sample 1,Cell type 2
1157,-4.474464633206632,-0.3233628817083536,0,Sample 1,Cell type 1
1158,2.1944228590006123,-6.135161039252565,4,Sample 2,Cell type 2
1159,-2.1504618436928484,-7.085341808152785,2,Sample 3,Cell type 1
1160,3.721857669745125,-7.129223429840921,4,Sample 2,Cell type 2
1161,-4.335070567201248,0.5538307356117481,0,Sample 1,Cell type 1
1162,-0.4352053354618834,-0.5509502254393387,1,Sample 2,Cell type 1
1163,1.277157972021769,5.2453688445465705,5,Sample 3,Cell type 2
1164,-3.077500138117344,-5.501183274138822,2,Sample 3,Cell type 1
1165,-0.5101319860221053,7.729822395354127,5,Sample 3,Cell type 2
1166,-0.7547272186025079,-0.7980128300551116,1,Sample 2,Cell type 1
1167,-1.45614403025049,-7.45536957908907,2,Sample 3,Cell type 1
1168,8.15213260085081,0.4036369087767961,3,Sample 1,Cell type 2
1169,3.630577695472314,-5.93105795427539,4,Sample 2,Cell type 2
1170,-0.082259601758203,-0.07279064807891518,1,Sample 2,Cell type 1
1171,0.908524609736372,-0.7604472947341467,1,Sample 2,Cell type 1
1172,-0.6617731146137571,0.6493313913816089,1,Sample 2,Cell type 1
1173,9.10461504005863,-0.2226063483226411,3,Sample 1,Cell type 2
1174,0.38036575547330936,5.18755771934703,5,Sample 3,Cell type 2
1175,-3.4333594662129965,-6.401167958470453,2,Sample 3,Cell type 1
1176,1.5276334036493484,-8.05967485472436,4,Sample 2,Cell type 2
1177,-0.40909294686909975,-0.1967879496915324,1,Sample 2,Cell type 1
1178,-1.068636788283725,-7.512233378805281,2,Sample 3,Cell type 1
1179,0.7754725120481496,0.1251543587880759,1,Sample 2,Cell type 1
1180,0.8861336054062172,7.711605086821655,5,Sample 3,Cell type 2
1181,1.1471878116345071,7.8322496249620785,5,Sample 3,Cell type 2
1182,-2.6515464302255674,-7.293411246235165,2,Sample 3,Cell type 1
1183,-5.162431922231563,2.873796811060375,0,Sample 1,Cell type 1
1184,-5.035599638470989,0.613350627635362,0,Sample 1,Cell type 1
1185,-4.840069099160072,-1.2018099228390913,0,Sample 1,Cell type 1
1186,6.300796486894891,1.054050869435532,3,Sample 1,Cell type 2
1187,-4.55295726228989,-0.12443787105406619,0,Sample 1,Cell type 1
1188,8.777132050230538,0.26401683269068504,3,Sample 1,Cell type 2
1189,-3.44521114690936,0.3926913027066289,0,Sample 1,Cell type 1
1190,5.752588979441801,-2.1464149580555243,3,Sample 1,Cell type 2
1191,-5.834237424420275,-0.05357282045562008,0,Sample 1,Cell type 1
1192,-3.919627482850017,-0.5912048510742561,0,Sample 1,Cell type 1
1193,0.38325929276684617,0.3763851802991749,1,Sample 2,Cell type 1
1194,-0.45175711511712624,-7.767002178697592,2,Sample 3,Cell type 1
1195,-4.103359862497574,-0.44438092484518127,0,Sample 1,Cell type 1
1196,8.276289136153654,-1.5254760946649515,3,Sample 1,Cell type 2
1197,0.903029303456231,7.493616946186513,5,Sample 3,Cell type 2
1198,2.542568868815855,-6.374797788293273,4,Sample 2,Cell type 2
1199,-4.9746369583677845,-0.00820709697978319,0,Sample 1,Cell type 1
1200,1.7839103795567732,-5.740523866011506,4,Sample 2,Cell type 2
1201,7.17318151786463,0.7689618010086479,3,Sample 1,Cell type 2
1202,6.771247647809444,0.16902030423826983,3,Sample 1,Cell type 2
1203,-3.56475056626095,-7.227486929586567,2,Sample 3,Cell type 1
1204,1.8723721948754464,-5.975664702129143,4,Sample 2,Cell type 2
1205,0.18600986568520458,6.883632288668043,5,Sample 3,Cell type 2
1206,1.2460544663859308,7.226830581941389,5,Sample 3,Cell type 2
1207,-3.4376325771512755,0.178119705116383,0,Sample 1,Cell type 1
1208,-4.261566036922372,0.456546627996568,0,Sample 1,Cell type 1
1209,-6.265685717304651,-0.0747950153658253,0,Sample 1,Cell type 1
1210,-0.5718261499430665,-1.0706999931813252,1,Sample 2,Cell type 1
1211,-2.7123248763809116,-7.366196720053937,2,Sample 3,Cell type 1
1212,-0.3564578214407086,-6.255487503108319,2,Sample 3,Cell type 1
1213,0.27948567412278363,5.996304494826173,5,Sample 3,Cell type 2
1214,-2.516105479307515,-7.878760043797418,2,Sample 3,Cell type 1
1215,0.45889852312907553,7.645964835993081,5,Sample 3,Cell type 2
1216,6.994262897527866,-1.286014145860554,3,Sample 1,Cell type 2
1217,1.329240983506447,-1.0510015961411414,1,Sample 2,Cell type 1
1218,2.8645318472701415,-7.7609969587191525,4,Sample 2,Cell type 2
1219,-3.8260937814096625,-1.4962427892321069,0,Sample 1,Cell type 1
1220,-3.133325597225024,-0.8274461324277811,0,Sample 1,Cell type 1
1221,8.277093552170891,-0.014006779983264581,3,Sample 1,Cell type 2
1222,0.04703264144773489,-0.9545445597569409,1,Sample 2,Cell type 1
1223,-5.063149140312782,-1.4948648401643923,0,Sample 1,Cell type 1
1224,-3.23174738037525,0.03173719677455575,0,Sample 1,Cell type 1
1225,0.8259949354963503,8.089149485828788,5,Sample 3,Cell type 2
1226,0.6098733917323993,6.993093342683947,5,Sample 3,Cell type 2
1227,-0.8105586611830818,0.5745527330475447,1,Sample 2,Cell type 1
1228,9.559911594792261,-1.5869130290131366,3,Sample 1,Cell type 2
1229,0.7152826702247407,8.805767773941643,5,Sample 3,Cell type 2
1230,7.885166363897372,1.5507672458816248,3,Sample 1,Cell type 2
1231,-0.7131779288999651,-0.27716537667513624,1,Sample 2,Cell type 1
1232,-4.487209447791017,0.4029377040155835,0,Sample 1,Cell type 1
1233,2.559302447742016,-5.501371855710596,4,Sample 2,Cell type 2
1234,0.09309431637729575,1.8378684361293698,1,Sample 2,Cell type 1
1235,1.4120270218413502,-7.509343417803165,4,Sample 2,Cell type 2
1236,-2.498542871778753,-6.626704398290088,2,Sample 3,Cell type 1
1237,2.5915508876245927,-5.6517894067260155,4,Sample 2,Cell type 2
1238,6.879799382050389,0.42092109347299694,3,Sample 1,Cell type 2
1239,-4.6917810986046,-6.384253112251941,2,Sample 3,Cell type 1
1240,1.547947043250789,-6.765309864265243,4,Sample 2,Cell type 2
1241,-4.000087066110278,-8.34528053180468,2,Sample 3,Cell type 1
1242,5.341994154739869,-6.183891454360841,4,Sample 2,Cell type 2
1243,0.38640674052156093,0.34167568354736894,1,Sample 2,Cell type 1
1244,-1.6529363202220273,-6.827292037714267,2,Sample 3,Cell type 1
1245,3.8637862848914217,-7.487595912410442,4,Sample 2,Cell type 2
1246,3.0127830277337613,-7.291759174936577,4,Sample 2,Cell type 2
1247,-1.24968829844809,-1.440243994053339,1,Sample 2,Cell type 1
1248,2.6981703827846193,-6.070849541686243,4,Sample 2,Cell type 2
1249,7.251643693473476,-0.32555145248404793,3,Sample 1,Cell type 2
1250,-1.0284402449252326,-5.819475895654605,2,Sample 3,Cell type 1
1251,-4.332598452570343,-6.9572558785735215,2,Sample 3,Cell type 1
1252,-5.221456239316954,-0.7589219357845726,0,Sample 1,Cell type 1
1253,-1.4383119166953728,0.4159553994737486,1,Sample 2,Cell type 1
1254,-1.7247071269304755,-6.773815016585708,2,Sample 3,Cell type 1
1255,9.240023772942921,0.23107571879560881,3,Sample 1,Cell type 2
1256,-1.60213113077178,-7.258114812164442,2,Sample 3,Cell type 1
1257,7.646516956289921,1.3455272787622539,3,Sample 1,Cell type 2
1258,1.098739168931743,-0.7890964030906603,1,Sample 2,Cell type 1
1259,1.1156256057974054,-0.35660671029158386,1,Sample 2,Cell type 1
1260,-1.2337587286974243,-7.435706645126336,2,Sample 3,Cell type 1
1261,1.1524908449642441,-6.346139539897546,4,Sample 2,Cell type 2
1262,-0.4298810243436047,-1.1296218347760554,1,Sample 2,Cell type 1
1263,0.19737802181884867,7.031765851670694,5,Sample 3,Cell type 2
1264,3.4556349813907588,-5.727373777994211,4,Sample 2,Cell type 2
1265,4.575351927370965,-8.259407949263894,4,Sample 2,Cell type 2
1266,0.7658844106560886,7.681573801397272,5,Sample 3,Cell type 2
1267,2.305598720584198,-6.699431365291429,4,Sample 2,Cell type 2
1268,-4.696157604132318,-0.37068926951022063,0,Sample 1,Cell type 1
1269,1.0934496961694722,7.095193345171711,5,Sample 3,Cell type 2
1270,-2.5997313042511787,-7.349418748169385,2,Sample 3,Cell type 1
1271,6.369091197649108,1.160282746266186,3,Sample 1,Cell type 2
1272,-5.216292858342322,-0.3373387267946378,0,Sample 1,Cell type 1
1273,0.5081453333042403,-0.917697904822904,1,Sample 2,Cell type 1
1274,7.753107442996743,1.3406394685028842,3,Sample 1,Cell type 2
1275,-0.8760409542243311,0.9064200028258437,1,Sample 2,Cell type 1
1276,-5.755295770900375,-0.27829113826609314,0,Sample 1,Cell type 1
1277,-5.413424809586219,-0.7648599325183126,0,Sample 1,Cell type 1
1278,-6.38070275366206,1.1499091397086583,0,Sample 1,Cell type 1
1279,-0.7464916196891682,-6.077401762676404,2,Sample 3,Cell type 1
1280,-2.9856320986634186,-6.194580499575857,2,Sample 3,Cell type 1
1281,1.4014448007287934,7.168306949327248,5,Sample 3,Cell type 2
1282,-5.399863934068501,0.339570443740367,0,Sample 1,Cell type 1
1283,0.03719306904355662,0.39870191740263766,1,Sample 2,Cell type 1
1284,9.949720933115843,0.7600102848644992,3,Sample 1,Cell type 2
1285,-1.5592451354705947,6.646119096686029,5,Sample 3,Cell type 2
1286,-2.00879195782088,-8.954414264284402,2,Sample 3,Cell type 1
1287,9.302184720880318,-0.2768142754042193,3,Sample 1,Cell type 2
1288,-3.578385068842359,-0.4705740244379415,0,Sample 1,Cell type 1
1289,-0.17103513150134503,-0.32170088052938445,1,Sample 2,Cell type 1
1290,-1.3701367514860932,-6.148717320684269,2,Sample 3,Cell type 1
1291,3.001667701166067,-6.431005317371334,4,Sample 2,Cell type 2
1292,2.2214411026654934,-6.827196186728191,4,Sample 2,Cell type 2
1293,-1.9640581921246683,-7.530905280816602,2,Sample 3,Cell type 1
1294,-3.171347913828041,-7.595387298263763,2,Sample 3,Cell type 1
1295,-1.6155851715070528,-8.260063650864709,2,Sample 3,Cell type 1
1296,5.588406463686928,0.37225463181451246,3,Sample 1,Cell type 2
1297,-7.29852902141176,0.8408879201153464,0,Sample 1,Cell type 1
1298,3.883657057615861,-5.727300648453896,4,Sample 2,Cell type 2
1299,-1.372944704239024,-6.854830411603574,2,Sample 3,Cell type 1
1300,1.3866771388650951,6.5261658806845695,5,Sample 3,Cell type 2
1301,7.220648107760191,-1.393021400678128,3,Sample 1,Cell type 2
1302,-1.7210294778777993,-0.061770641476921746,1,Sample 2,Cell type 1
1303,-0.945126665641931,0.681745634403737,1,Sample 2,Cell type 1
1304,-3.0291773601040948,-0.7274684568196363,0,Sample 1,Cell type 1
1305,0.20563395994637257,6.922454106310455,5,Sample 3,Cell type 2
1306,-2.459057671302323,-6.497497219109465,2,Sample 3,Cell type 1
1307,1.6699529833148368,0.20181127008176258,1,Sample 2,Cell type 1
1308,-0.8909620132968125,-0.03150684900561231,1,Sample 2,Cell type 1
1309,-0.9264343573638645,-1.217403257259181,1,Sample 2,Cell type 1
1310,0.062176673451844036,4.470434515043724,5,Sample 3,Cell type 2
1311,-5.153166160272436,-0.4079052443945477,0,Sample 1,Cell type 1
1312,0.30155222617570576,0.28454036146450046,1,Sample 2,Cell type 1
1313,0.9161613471864236,5.8335561764584645,5,Sample 3,Cell type 2
1314,7.68900747722033,0.5536475858507223,3,Sample 1,Cell type 2
1315,-1.9064216773697755,-5.41013937970513,2,Sample 3,Cell type 1
1316,-2.6613259228212205,-7.099004948830946,2,Sample 3,Cell type 1
1317,3.4409142164340274,-7.1812779100692765,4,Sample 2,Cell type 2
1318,3.8093435567319855,-8.472762717285836,4,Sample 2,Cell type 2
1319,-0.2559461846458584,1.4315238653560654,1,Sample 2,Cell type 1
1320,8.816029143631257,-0.26140852460501013,3,Sample 1,Cell type 2
1321,0.6350783955131618,-7.184439226817447,4,Sample 2,Cell type 2
1322,-2.9082727488325144,-5.446396108927931,2,Sample 3,Cell type 1
1323,-5.391046604689084,-0.2782549111217754,0,Sample 1,Cell type 1
1324,-1.86802920817068,-0.07746272351180376,1,Sample 2,Cell type 1
1325,8.845912420718662,-0.256162953828311,3,Sample 1,Cell type 2
1326,-4.335380078004131,0.15423145307097344,0,Sample 1,Cell type 1
1327,7.779425478762676,-1.0145374132987324,3,Sample 1,Cell type 2
1328,-5.206869105724381,-6.485938534402712,2,Sample 3,Cell type 1
1329,-3.5299116209290133,-1.0317108537168191,0,Sample 1,Cell type 1
1330,-4.807315630282816,-1.1211649008407893,0,Sample 1,Cell type 1
1331,-3.4865982923817085,-7.061084243529534,2,Sample 3,Cell type 1
1332,0.6340558858422508,0.710151018637967,1,Sample 2,Cell type 1
1333,3.328923255757894,-7.431747007089522,4,Sample 2,Cell type 2
1334,3.339759945148887,-6.942812285895156,4,Sample 2,Cell type 2
1335,-0.5005068720847025,-0.11705426419825803,1,Sample 2,Cell type 1
1336,1.9673115402912167,-5.8531549671390675,4,Sample 2,Cell type 2
1337,-4.466208867828454,-0.27859179538259127,0,Sample 1,Cell type 1
1338,-4.530989814458596,0.5806940273550514,0,Sample 1,Cell type 1
1339,2.4106170959871713,-7.245184210837785,4,Sample 2,Cell type 2
1340,8.358676591940965,1.0966321933845178,3,Sample 1,Cell type 2
1341,7.695487143775561,-0.4182905015205549,3,Sample 1,Cell type 2
1342,-0.8679330713361193,-7.308590975401808,2,Sample 3,Cell type 1
1343,-0.37064103206729154,0.11873517009476135,1,Sample 2,Cell type 1
1344,7.82189522996798,0.058055375576314544,3,Sample 1,Cell type 2
1345,1.0944058850203289,6.352610481872643,5,Sample 3,Cell type 2
1346,0.864984111508875,5.494224388744834,5,Sample 3,Cell type 2
1347,0.9467528559506267,-0.8982545645829716,1,Sample 2,Cell type 1
1348,0.2940702881420881,0.2704269236497455,1,Sample 2,Cell type 1
1349,3.063032172255904,-5.663822324311143,4,Sample 2,Cell type 2
1350,-5.514061090804518,0.5153245032205428,0,Sample 1,Cell type 1
1351,-5.577333435700657,0.3887302902065466,0,Sample 1,Cell type 1
1352,1.0119180238834524,-0.30066950788194646,1,Sample 2,Cell type 1
1353,3.778166444903754,-6.467097489743574,4,Sample 2,Cell type 2
1354,-0.7699344263330232,6.753735150646059,5,Sample 3,Cell type 2
1355,3.330679808626388,-7.468567545906069,4,Sample 2,Cell type 2
1356,-2.121370332083369,-7.520128699149439,2,Sample 3,Cell type 1
1357,0.7435310544364641,7.289487393632427,5,Sample 3,Cell type 2
1358,2.7656758313429526,-6.64460665899768,4,Sample 2,Cell type 2
1359,-5.887153441701989,0.45364186396606,0,Sample 1,Cell type 1
1360,7.090079649375234,0.22046138385480354,3,Sample 1,Cell type 2
1361,7.357946241143766,0.2774628572749389,3,Sample 1,Cell type 2
1362,-6.822628327991847,0.1678088832924849,0,Sample 1,Cell type 1
1363,3.6504528527135376,-7.054764568002635,4,Sample 2,Cell type 2
1364,6.3394674715112815,0.052604532635084904,3,Sample 1,Cell type 2
1365,-0.7073874293714841,-1.2429401428383975,1,Sample 2,Cell type 1
1366,7.847927606914673,1.2233678394283252,3,Sample 1,Cell type 2
1367,-3.4829090803137106,-6.878195486896939,2,Sample 3,Cell type 1
1368,-2.6161307036168053,-7.766495956900954,2,Sample 3,Cell type 1
1369,-3.3820821258354297,0.5767585751403089,0,Sample 1,Cell type 1
1370,-3.0718688922058632,-7.037163418306554,2,Sample 3,Cell type 1
1371,0.129065364964174,7.517821052068113,5,Sample 3,Cell type 2
1372,-3.6156060574722155,-8.35258354781415,2,Sample 3,Cell type 1
1373,2.190619132440901,-6.890685042220409,4,Sample 2,Cell type 2
1374,-1.7674172258220329,-6.88424429463553,2,Sample 3,Cell type 1
1375,3.496097066761896,-6.626693984128683,4,Sample 2,Cell type 2
1376,-0.06713340930726872,7.309237781660395,5,Sample 3,Cell type 2
1377,7.479254499523081,1.1507176511454371,3,Sample 1,Cell type 2
1378,0.4419035513619781,7.296840754781659,5,Sample 3,Cell type 2
1379,-0.5234226869044963,6.230025080853439,5,Sample 3,Cell type 2
1380,-5.728643167929482,0.38165494001768074,0,Sample 1,Cell type 1
1381,-4.769573239117512,0.8844218855509626,0,Sample 1,Cell type 1
1382,1.774141333876976,-7.413298358190317,4,Sample 2,Cell type 2
1383,-1.8421369212614054,-7.585593844631545,2,Sample 3,Cell type 1
1384,-0.941125473790121,6.811973838366216,5,Sample 3,Cell type 2
1385,-0.3709986705220231,0.8221263588156659,1,Sample 2,Cell type 1
1386,0.21718974142510292,-1.0359126752575565,1,Sample 2,Cell type 1
1387,-5.6193353106599515,2.027192224809878,0,Sample 1,Cell type 1
1388,7.880191475611296,-0.41956975075160063,3,Sample 1,Cell type 2
1389,2.783474684399799,-6.806515464290907,4,Sample 2,Cell type 2
1390,0.6259839818091998,0.7641918996688296,1,Sample 2,Cell type 1
1391,9.013343211676213,-0.7954820056266564,3,Sample 1,Cell type 2
1392,2.2909538474804743,-6.990508859433077,4,Sample 2,Cell type 2
1393,1.7663284714777154,0.003326104663062593,1,Sample 2,Cell type 1
1394,-3.2284427389744788,-6.138967132252907,2,Sample 3,Cell type 1
1395,-1.8558391829462435,-4.845074289475795,2,Sample 3,Cell type 1
1396,-2.334121842329707,-7.378024954564746,2,Sample 3,Cell type 1
1397,-2.4662123426618607,-6.017375194832819,2,Sample 3,Cell type 1
1398,-2.097345456637922,-7.451110697011192,2,Sample 3,Cell type 1
1399,7.1133285193252425,-1.1709983397522108,3,Sample 1,Cell type 2
1400,-3.5689887159257743,-7.357590927296226,2,Sample 3,Cell type 1
1401,-4.442761165095322,1.8517459227405288,0,Sample 1,Cell type 1
1402,1.1910068302409442,6.9702387987744086,5,Sample 3,Cell type 2
1403,2.8753857919809214,-7.88617031831616,4,Sample 2,Cell type 2
1404,-5.155764641855483,0.014021142823320782,0,Sample 1,Cell type 1
1405,0.9836631998070015,7.873416373215999,5,Sample 3,Cell type 2
1406,8.464364342022934,-1.3558806271713593,3,Sample 1,Cell type 2
1407,-0.7701683219563564,5.93267056073183,5,Sample 3,Cell type 2
1408,-4.628361691151938,-0.5073520975235772,0,Sample 1,Cell type 1
1409,3.4504911265029903,-6.290537509027597,4,Sample 2,Cell type 2
1410,-1.0381342777997793,6.6669670486886226,5,Sample 3,Cell type 2
1411,-2.8057831068827714,-6.791553273248717,2,Sample 3,Cell type 1
1412,6.163332453570061,-1.844527037102713,3,Sample 1,Cell type 2
1413,-0.9292715131747856,0.35813434495212804,1,Sample 2,Cell type 1
1414,-3.1903607098602706,-7.543454467743868,2,Sample 3,Cell type 1
1415,-4.660609645488032,-0.026336532316480518,0,Sample 1,Cell type 1
1416,-2.472754358452711,-0.4497571585364676,1,Sample 2,Cell type 1
1417,1.2776427040622735,-0.5403812091648347,1,Sample 2,Cell type 1
1418,-4.674743955042428,1.3842329098193724,0,Sample 1,Cell type 1
1419,-4.394274555147113,-5.162039880518742,2,Sample 3,Cell type 1
1420,2.6339025713265745,-7.154130674342441,4,Sample 2,Cell type 2
1421,5.716231962835158,-1.3492630817619284,3,Sample 1,Cell type 2
1422,8.550967732975002,-0.6975404667146159,3,Sample 1,Cell type 2
1423,-2.8471053678800633,-6.608947618517825,2,Sample 3,Cell type 1
1424,-1.3660863720127285,-0.32132628072594843,1,Sample 2,Cell type 1
1425,0.5112928846157815,-0.9446899490189471,1,Sample 2,Cell type 1
1426,-3.4269750472992424,-6.958528700530164,2,Sample 3,Cell type 1
1427,-0.07307386572192275,7.751800091828351,5,Sample 3,Cell type 2
1428,8.947123555007241,1.2181082828590828,3,Sample 1,Cell type 2
1429,0.1820959167805218,1.4686712091801981,1,Sample 2,Cell type 1
1430,1.124554410635543,-1.1994996577316848,1,Sample 2,Cell type 1
1431,-1.063686712878721,0.4045265215490762,1,Sample 2,Cell type 1
1432,-2.973067840586846,-6.970833687993878,2,Sample 3,Cell type 1
1433,-0.7239253515863554,7.203209230676969,5,Sample 3,Cell type 2
1434,0.20609675321340623,-1.6721113062584585,1,Sample 2,Cell type 1
1435,-0.4647866794988146,-0.17681992508528746,1,Sample 2,Cell type 1
1436,-0.2516514479142091,6.885520554415802,5,Sample 3,Cell type 2
1437,6.084309668634425,-0.9472924726830994,3,Sample 1,Cell type 2
1438,-3.007776561874438,-8.344634013960775,2,Sample 3,Cell type 1
1439,-2.7257608167137404,-0.4777818956282886,0,Sample 1,Cell type 1
1440,7.847373083311989,-1.0589804495100477,3,Sample 1,Cell type 2
1441,7.157312936524376,-1.1425187394115317,3,Sample 1,Cell type 2
1442,-1.7239988393017205,-8.27460435021338,2,Sample 3,Cell type 1
1443,3.916732107429168,-7.311316552600145,4,Sample 2,Cell type 2
1444,8.87730110791897,-0.7002853072494429,3,Sample 1,Cell type 2
1445,2.209231831590678,-5.797986590016919,4,Sample 2,Cell type 2
1446,6.6957644876527915,-1.4772421040418873,3,Sample 1,Cell type 2
1447,-2.502507499600211,-7.47978136181425,2,Sample 3,Cell type 1
1448,-4.901544684855597,0.6531899615088228,0,Sample 1,Cell type 1
1449,-0.25199397168703175,-1.1511276625978077,1,Sample 2,Cell type 1
1450,1.5261505900297787,1.7075598252958004,1,Sample 2,Cell type 1
1451,7.093827422090702,-0.9161203414294432,3,Sample 1,Cell type 2
1452,-3.965654006342892,-0.6328587826132986,0,Sample 1,Cell type 1
1453,-1.3703687904625865,-7.447905271086135,2,Sample 3,Cell type 1
1454,-0.894476407351368,0.37817238860549246,1,Sample 2,Cell type 1
1455,6.783626663534552,0.17270059051948267,3,Sample 1,Cell type 2
1456,0.3172544715211916,-0.5133162297723125,1,Sample 2,Cell type 1
1457,-1.9202886089349023,-6.9262100675577525,2,Sample 3,Cell type 1
1458,-4.941973026670892,-1.7779199097184841,0,Sample 1,Cell type 1
1459,-5.418779411102048,-0.09535351887372209,0,Sample 1,Cell type 1
1460,0.5295925622162766,7.393755583125733,5,Sample 3,Cell type 2
1461,-4.005026660337815,1.0683272750043422,0,Sample 1,Cell type 1
1462,-0.792961502995163,-0.6409986872841459,1,Sample 2,Cell type 1
1463,-2.603322023883157,-6.489905446434238,2,Sample 3,Cell type 1
1464,3.039991417160426,7.464147657253123,5,Sample 3,Cell type 2
1465,-4.823739270412086,-0.8805354998535289,0,Sample 1,Cell type 1
1466,-5.9191095354176415,0.637520802569418,0,Sample 1,Cell type 1
1467,-4.371599017747769,0.35413684687957464,0,Sample 1,Cell type 1
1468,-2.72375426839001,-6.4360477264632365,2,Sample 3,Cell type 1
1469,-1.0603617186008492,7.389565362267977,5,Sample 3,Cell type 2
1470,0.6169569649111837,1.6637479499667704,1,Sample 2,Cell type 1
1471,-0.6505513156604247,5.042006100711188,5,Sample 3,Cell type 2
1472,-5.242466151000102,0.6457880302163661,0,Sample 1,Cell type 1
1473,0.4309628158959616,6.9755072808599285,5,Sample 3,Cell type 2
1474,-2.828716879740862,-8.50405279524466,2,Sample 3,Cell type 1
1475,-1.208421340699988,-7.312572060062059,2,Sample 3,Cell type 1
1476,-3.2332804025411934,-6.841464593301077,2,Sample 3,Cell type 1
1477,3.4433835709077485,-7.754358834098379,4,Sample 2,Cell type 2
1478,-0.06304179935516836,7.6528769444419895,5,Sample 3,Cell type 2
1479,2.880092317704887,-8.015771062941287,4,Sample 2,Cell type 2
1480,8.246391395324576,-0.5684863720622796,3,Sample 1,Cell type 2
1481,-5.601281408278744,0.8928381145828705,0,Sample 1,Cell type 1
1482,0.9953103819215781,-0.507552739252419,1,Sample 2,Cell type 1
1483,3.064912376087027,-5.501822360230353,4,Sample 2,Cell type 2
1484,2.559209783784066,-5.503361697529146,4,Sample 2,Cell type 2
1485,0.40815784129902066,-0.8840646308292116,1,Sample 2,Cell type 1
1486,3.061173218943273,-5.375124838222197,4,Sample 2,Cell type 2
1487,2.97099140445573,-7.720531308113295,4,Sample 2,Cell type 2
1488,-0.6362033111886141,0.7700000931186409,1,Sample 2,Cell type 1
1489,-2.1762349223858903,-7.448770506209606,2,Sample 3,Cell type 1
1490,-0.19424767989253902,8.024071998372435,5,Sample 3,Cell type 2
1491,-0.21358101077569644,7.925163102032018,5,Sample 3,Cell type 2
1492,6.910707201938446,-0.4595476493678215,3,Sample 1,Cell type 2
1493,7.616431206033437,-2.1426651949711477,3,Sample 1,Cell type 2
1494,6.342960797352505,-1.454261823870149,3,Sample 1,Cell type 2
1495,3.1830835259141015,-6.5967294930883975,4,Sample 2,Cell type 2
1496,7.433089203217328,-0.16609629796735065,3,Sample 1,Cell type 2
1497,-4.84757525836753,-1.272343047214482,0,Sample 1,Cell type 1
1498,6.707989216478312,0.2422628282296439,3,Sample 1,Cell type 2
1499,-2.5728256038964195,-9.85338316229025,2,Sample 3,Cell type 1
1500,-0.036184261082741066,6.548207235836916,5,Sample 3,Cell type 2
1501,-0.9019953170340523,-0.6771917136177315,1,Sample 2,Cell type 1
1502,-0.7067861282369146,8.754066800302857,5,Sample 3,Cell type 2
1503,1.2319353278871645,-6.75249793153737,4,Sample 2,Cell type 2
1504,2.0880907063104104,-6.035671662770897,4,Sample 2,Cell type 2
1505,-2.89048611668127,-5.450060411972625,2,Sample 3,Cell type 1
1506,-5.727644242603869,-0.4515813392260829,0,Sample 1,Cell type 1
1507,4.777332701777521,-7.205103302889251,4,Sample 2,Cell type 2
1508,8.458838645033643,-0.23224096405004538,3,Sample 1,Cell type 2
1509,6.802533458342413,1.2312848131334082,3,Sample 1,Cell type 2
1510,-3.5682940494751705,-6.047967237261283,2,Sample 3,Cell type 1
1511,-0.6236613040780936,7.923478696864004,5,Sample 3,Cell type 2
1512,2.2446639444717413,-5.928572513325866,4,Sample 2,Cell type 2
1513,-4.436899387011494,-0.7714418007746543,0,Sample 1,Cell type 1
1514,7.598614422070073,-0.374794589923223,3,Sample 1,Cell type 2
1515,-5.1977046990537605,0.3214013143605718,0,Sample 1,Cell type 1
1516,-2.2342480534412186,-7.6988492264437,2,Sample 3,Cell type 1
1517,2.160352134284011,-5.789631371937375,4,Sample 2,Cell type 2
1518,1.2638846537954571,7.220712263104812,5,Sample 3,Cell type 2
1519,-5.2023703836272706,-0.5850023227411137,0,Sample 1,Cell type 1
1520,3.224440051659093,-5.028624698930419,4,Sample 2,Cell type 2
1521,-4.517141140786637,-0.8086211836119336,0,Sample 1,Cell type 1
1522,-4.757785752879403,-0.30887304794766945,0,Sample 1,Cell type 1
1523,-4.7509782806029826,0.7444649241324215,0,Sample 1,Cell type 1
1524,2.131593482303238,-7.950500412268378,4,Sample 2,Cell type 2
1525,-1.0003121612433288,0.2218543005888044,1,Sample 2,Cell type 1
1526,3.025494720055601,-5.844305774338992,4,Sample 2,Cell type 2
1527,-2.5825354217306136,-7.798992560384686,2,Sample 3,Cell type 1
1528,-0.6648648527744349,6.435674933352645,5,Sample 3,Cell type 2
1529,-3.575070645789432,-6.74277704188474,2,Sample 3,Cell type 1
1530,-5.956073342353495,0.42623318757166345,0,Sample 1,Cell type 1
1531,0.1636031093284441,7.264977079915643,5,Sample 3,Cell type 2
1532,0.030954415776824767,6.421990769400409,5,Sample 3,Cell type 2
1533,-5.210738037251002,-0.2107232612542625,0,Sample 1,Cell type 1
1534,8.019364965451626,-0.1602209610574546,3,Sample 1,Cell type 2
1535,-4.1017909011263125,-2.60662984037432,0,Sample 1,Cell type 1
1536,0.1950980073863662,-0.9875722748695597,1,Sample 2,Cell type 1
1537,3.5832202490801137,-8.340355837996196,4,Sample 2,Cell type 2
1538,8.03067530822166,-2.386645256740454,3,Sample 1,Cell type 2
1539,8.39486894401886,0.22925802364218853,3,Sample 1,Cell type 2
1540,0.5810382710635911,7.63356820911481,5,Sample 3,Cell type 2
1541,5.814294752162441,1.8400334014799498,3,Sample 1,Cell type 2
1542,0.7302568990424328,-1.0334369598773565,1,Sample 2,Cell type 1
1543,-5.42473867921049,0.9800555372706294,0,Sample 1,Cell type 1
1544,-0.206451669661225,-0.03912925483247619,1,Sample 2,Cell type 1
1545,0.4622483649736997,7.674728219300382,5,Sample 3,Cell type 2
1546,2.276841213404899,-7.431971331533854,4,Sample 2,Cell type 2
1547,2.6950201877479056,-6.7339010036662,4,Sample 2,Cell type 2
1548,7.268652832068242,0.24979726214417855,3,Sample 1,Cell type 2
1549,-1.5436084382912263,-7.338070299188982,2,Sample 3,Cell type 1
1550,1.426323966082777,-7.353453614583236,4,Sample 2,Cell type 2
1551,-4.913491300753115,-0.41604775983453823,0,Sample 1,Cell type 1
1552,0.7584966270891242,6.515146347688203,5,Sample 3,Cell type 2
1553,2.5927703993777635,-6.978417982885967,4,Sample 2,Cell type 2
1554,2.3772200647501456,-7.700477697705853,4,Sample 2,Cell type 2
1555,-4.38629765933632,1.6620365931624304,0,Sample 1,Cell type 1
1556,4.276670818970521,-6.660463066591996,4,Sample 2,Cell type 2
1557,-5.4181555675685535,0.18104369028555536,0,Sample 1,Cell type 1
1558,2.724004572219931,-7.3520407350275585,4,Sample 2,Cell type 2
1559,-2.431981264596966,-6.056022272312174,2,Sample 3,Cell type 1
1560,-4.077139385626897,-7.7746562470558045,2,Sample 3,Cell type 1
1561,6.831852266612339,-0.1043973650893802,3,Sample 1,Cell type 2
1562,-4.534106881577789,-0.653169431838119,0,Sample 1,Cell type 1
1563,-5.434469169963829,-0.8579957474328411,0,Sample 1,Cell type 1
1564,0.08552509674486575,8.5554964425097,5,Sample 3,Cell type 2
1565,0.20661537696682783,6.348072731376885,5,Sample 3,Cell type 2
1566,-2.997859520812543,-7.2285565357575114,2,Sample 3,Cell type 1
1567,0.9996778551731779,7.679666476423549,5,Sample 3,Cell type 2
1568,7.4401959222214895,-0.322271501561387,3,Sample 1,Cell type 2
1569,-1.2314835349495294,1.7885483993077271,1,Sample 2,Cell type 1
1570,-2.0492515680962096,-7.790626421207854,2,Sample 3,Cell type 1
1571,2.403359243430959,-5.554889837725791,4,Sample 2,Cell type 2
1572,-5.164606796994356,1.2373887772333663,0,Sample 1,Cell type 1
1573,-0.7345955200877683,0.07032875667268271,1,Sample 2,Cell type 1
1574,-0.6015223475917999,5.744924405921071,5,Sample 3,Cell type 2
1575,-0.9140969077918434,7.484390444943031,5,Sample 3,Cell type 2
1576,-2.2956689690216,-7.291661357688073,2,Sample 3,Cell type 1
1577,-0.49421383289061965,6.46495204981595,5,Sample 3,Cell type 2
1578,-4.299000016175125,-6.969373372287987,2,Sample 3,Cell type 1
1579,-2.32817512827066,-7.032697547238108,2,Sample 3,Cell type 1
1580,-2.563198325365855,-9.270050125739155,2,Sample 3,Cell type 1
1581,0.4763699405493023,8.220496042789293,5,Sample 3,Cell type 2
1582,-5.120615450005626,0.013219375256277385,0,Sample 1,Cell type 1
1583,3.5747930347125925,-5.829008143278316,4,Sample 2,Cell type 2
1584,-4.131633530212288,1.4540245411934085,0,Sample 1,Cell type 1
1585,-6.834312081660069,-0.9072776798256637,0,Sample 1,Cell type 1
1586,7.844189984123282,-1.180946881075966,3,Sample 1,Cell type 2
1587,-2.3192394161958614,-6.909288034619674,2,Sample 3,Cell type 1
1588,2.438617722700598,-8.266047489303602,4,Sample 2,Cell type 2
1589,1.149268847479369,0.30422113299153736,1,Sample 2,Cell type 1
1590,-2.4073743485290864,-9.082639659400094,2,Sample 3,Cell type 1
1591,1.523081717194388,6.76625094603112,5,Sample 3,Cell type 2
1592,-0.021720412539102618,-6.609162715070136,4,Sample 2,Cell type 2
1593,0.6004970453740754,7.885362439513208,5,Sample 3,Cell type 2
1594,-0.3593309813513659,7.816183481149256,5,Sample 3,Cell type 2
1595,-0.7171031094022579,6.587441473108486,5,Sample 3,Cell type 2
1596,0.41793287719191674,-0.4954967385376389,1,Sample 2,Cell type 1
1597,-0.577914456448443,5.176080001060508,5,Sample 3,Cell type 2
1598,0.014056500554642743,0.8120494564079824,1,Sample 2,Cell type 1
1599,4.7549040148212045,-7.406476980259252,4,Sample 2,Cell type 2
1600,-5.550592181814757,-0.03333311734357082,0,Sample 1,Cell type 1
1601,2.958985068649865,6.872965294891475,5,Sample 3,Cell type 2
1602,-4.736234774031187,-0.642916276223731,0,Sample 1,Cell type 1
1603,-0.24110886074264887,6.362099617550651,5,Sample 3,Cell type 2
1604,-2.561311082651158,-6.672426432232536,2,Sample 3,Cell type 1
1605,2.254293926779674,-6.473480800940981,4,Sample 2,Cell type 2
1606,7.295006118788729,-0.8460143389113787,3,Sample 1,Cell type 2
1607,1.0853950648921344,0.6996666174880601,1,Sample 2,Cell type 1
1608,0.3997784945616047,0.991190661962186,1,Sample 2,Cell type 1
1609,-1.89234062272892,6.393814316892481,5,Sample 3,Cell type 2
1610,-1.7727674295381357,-7.763259038227458,2,Sample 3,Cell type 1
1611,-1.002640451070874,-6.725281186121783,2,Sample 3,Cell type 1
1612,6.5766316642673,0.5465601135915236,3,Sample 1,Cell type 2
1613,-0.6074406169114971,-0.3627683901585277,1,Sample 2,Cell type 1
1614,-2.6200909876846685,-1.352673295555638,0,Sample 1,Cell type 1
1615,2.9900138825747162,-7.985044924751406,4,Sample 2,Cell type 2
1616,-1.192753234757197,8.211493081476233,5,Sample 3,Cell type 2
1617,0.42626886913030904,-0.8337430169833846,1,Sample 2,Cell type 1
1618,-7.249465143386216,2.061848315331668,0,Sample 1,Cell type 1
1619,0.006615607427729234,6.025443524018491,5,Sample 3,Cell type 2
1620,6.761208969831282,-0.3841237754417319,3,Sample 1,Cell type 2
1621,6.645942455008189,-0.8162125872498549,3,Sample 1,Cell type 2
1622,4.0641864866111685,-6.613928846306335,4,Sample 2,Cell type 2
1623,1.0897365659493825,-6.633618654941051,4,Sample 2,Cell type 2
1624,-4.253534976934859,-1.9900217781070966,0,Sample 1,Cell type 1
1625,-0.5335193098607822,6.978945435780449,5,Sample 3,Cell type 2
1626,-0.746388336925233,7.532413916607788,5,Sample 3,Cell type 2
1627,-0.6243899467470754,7.308205791259211,5,Sample 3,Cell type 2
1628,-5.029906991580015,-0.18730517154528573,0,Sample 1,Cell type 1
1629,-1.246824466600045,7.533748645254719,5,Sample 3,Cell type 2
1630,-0.7540407550510037,6.239767301167316,5,Sample 3,Cell type 2
1631,6.660204530531602,-0.8972384637619142,3,Sample 1,Cell type 2
1632,-0.8328821634536286,0.22984538010688538,1,Sample 2,Cell type 1
1633,-3.5725848654691834,-1.1140339489441642,0,Sample 1,Cell type 1
1634,-5.024763414545573,1.5950264370027698,0,Sample 1,Cell type 1
1635,-0.5735769723259153,0.4125480331963358,1,Sample 2,Cell type 1
1636,-4.381272608967841,-7.153232422116315,2,Sample 3,Cell type 1
1637,-1.3629726561583086,7.493830428755411,5,Sample 3,Cell type 2
1638,4.492896948300936,-8.212938307278463,4,Sample 2,Cell type 2
1639,2.4685526495872305,-7.816593903435039,4,Sample 2,Cell type 2
1640,7.145955932029809,-0.686176155542623,3,Sample 1,Cell type 2
1641,-0.16726117697347256,0.2789990848489996,1,Sample 2,Cell type 1
1642,0.2625594528404781,7.19269988405752,5,Sample 3,Cell type 2
1643,-2.655366220861751,-6.425190574107729,2,Sample 3,Cell type 1
1644,1.969671642284439,-8.128061546465517,4,Sample 2,Cell type 2
1645,-0.6941424750097328,6.547381314965783,5,Sample 3,Cell type 2
1646,5.9241219830352945,-0.15974269539685487,3,Sample 1,Cell type 2
1647,8.480914463181747,-0.5140655766757679,3,Sample 1,Cell type 2
1648,-4.055402556212599,-0.4817116904045112,0,Sample 1,Cell type 1
1649,-4.33684049261681,-0.25319480140639206,0,Sample 1,Cell type 1
1650,-2.471743721020501,-5.5531795242404405,2,Sample 3,Cell type 1
1651,3.5110845583861856,-6.390705312362451,4,Sample 2,Cell type 2
1652,-0.16779277423939865,6.568581451609524,5,Sample 3,Cell type 2
1653,0.3792242288760377,6.0862368631751655,5,Sample 3,Cell type 2
1654,-2.731858436959895,-7.0626701079700975,2,Sample 3,Cell type 1
1655,-3.091421466050252,-7.62794701350842,2,Sample 3,Cell type 1
1656,2.757748069559851,-7.16973534623274,4,Sample 2,Cell type 2
1657,1.4299529937519861,-6.602415415315469,4,Sample 2,Cell type 2
1658,-0.04318721536552302,5.76940618484354,5,Sample 3,Cell type 2
1659,7.510952714054615,-0.08358705125374746,3,Sample 1,Cell type 2
1660,5.066986757603378,0.3054202314805983,3,Sample 1,Cell type 2
1661,-2.0742655460558064,-7.581014864831856,2,Sample 3,Cell type 1
1662,2.211294524333201,-8.225839033769281,4,Sample 2,Cell type 2
1663,-0.04851436410516524,-0.8840732223395832,1,Sample 2,Cell type 1
1664,-0.8664593087561511,-0.185950151726442,1,Sample 2,Cell type 1
1665,-1.7719726575465526,-7.526009762665394,2,Sample 3,Cell type 1
1666,-4.933952468442498,-7.5668960971274295,2,Sample 3,Cell type 1
1667,1.0220581324646498,-0.9956641611704709,1,Sample 2,Cell type 1
1668,8.886397115799006,1.1298148022596275,3,Sample 1,Cell type 2
1669,8.7371501408189,0.32371276291768897,3,Sample 1,Cell type 2
1670,8.351299340899175,0.9662597495168145,3,Sample 1,Cell type 2
1671,4.3461222489425175,-7.624423976111641,4,Sample 2,Cell type 2
1672,7.61001870409236,-0.3770671009691112,3,Sample 1,Cell type 2
1673,0.43545701252381536,6.961901293905808,5,Sample 3,Cell type 2
1674,-4.995397889021786,-0.21112842003763224,0,Sample 1,Cell type 1
1675,-4.452893141255115,0.1679482108407223,0,Sample 1,Cell type 1
1676,8.43605210171405,-0.9169829613600617,3,Sample 1,Cell type 2
1677,-4.665968713965822,-0.5435866680442385,0,Sample 1,Cell type 1
1678,-5.103085860727356,1.1140346807761157,0,Sample 1,Cell type 1
1679,-0.0005476340900605055,8.076964408744518,5,Sample 3,Cell type 2
1680,-0.4472388226061804,-0.164312076941587,1,Sample 2,Cell type 1
1681,-1.598611709608488,0.36778753033260375,1,Sample 2,Cell type 1
1682,5.472485944741795,0.30237135609651894,3,Sample 1,Cell type 2
1683,-2.6657312341148818,-8.017160856536215,2,Sample 3,Cell type 1
1684,-2.6959239155580845,-0.0864539097521849,0,Sample 1,Cell type 1
1685,-2.694364468315209,-6.156270256743768,2,Sample 3,Cell type 1
1686,-0.2864709126939006,6.512541313021731,5,Sample 3,Cell type 2
1687,-2.42250021856692,-7.672230956563151,2,Sample 3,Cell type 1
1688,3.0065690324114174,-7.123966954349134,4,Sample 2,Cell type 2
1689,-5.518859360654048,-2.331938062930419,0,Sample 1,Cell type 1
1690,-5.064809109422301,0.9031796081028217,0,Sample 1,Cell type 1
1691,8.132826177512444,2.2485874353493456,3,Sample 1,Cell type 2
1692,2.946971153481906,-6.428409989561867,4,Sample 2,Cell type 2
1693,8.107623350766229,-1.5444299234796202,3,Sample 1,Cell type 2
1694,0.20318537080057897,0.015851926740291584,1,Sample 2,Cell type 1
1695,6.960324004660917,0.3707576991556286,3,Sample 1,Cell type 2
1696,0.6079417625389227,7.5197652591464905,5,Sample 3,Cell type 2
1697,1.3437450102242794,-7.297921900787273,4,Sample 2,Cell type 2
1698,2.881157086619834,-8.444234508818031,4,Sample 2,Cell type 2
1699,1.961548599221937,-7.781890790115619,4,Sample 2,Cell type 2
1700,-1.970929534480698,1.0751329984623577,1,Sample 2,Cell type 1
1701,4.825216294149911,-8.197203630077205,4,Sample 2,Cell type 2
1702,-1.138048566259469,-1.6137958072811192,1,Sample 2,Cell type 1
1703,6.029469336846642,-0.3823482127730746,3,Sample 1,Cell type 2
1704,-0.2458370218679116,8.209856117711137,5,Sample 3,Cell type 2
1705,3.9409668755479537,-6.197343478364669,4,Sample 2,Cell type 2
1706,-0.14440503893907056,6.747900093024994,5,Sample 3,Cell type 2
1707,-5.151329436726311,-0.42488151992741463,0,Sample 1,Cell type 1
1708,8.885228111229585,1.4151583892432944,3,Sample 1,Cell type 2
1709,1.3192523807426668,7.983284050247473,5,Sample 3,Cell type 2
1710,-6.68371272892327,-0.3163621356371778,0,Sample 1,Cell type 1
1711,-0.4841495696998263,6.835388589318466,5,Sample 3,Cell type 2
1712,6.293887593910693,-0.4371108701175423,3,Sample 1,Cell type 2
1713,-2.676128678032211,-6.045919234082201,2,Sample 3,Cell type 1
1714,5.562377835818236,-0.027707852172073676,3,Sample 1,Cell type 2
1715,3.3486447579075103,-6.836871446489455,4,Sample 2,Cell type 2
1716,-0.4056662495724765,5.1984645984470195,5,Sample 3,Cell type 2
1717,0.4700255724160007,-0.08812372179861365,1,Sample 2,Cell type 1
1718,-3.5240319235657465,0.667914741964703,0,Sample 1,Cell type 1
1719,6.3427223844482565,-0.45494077990006004,3,Sample 1,Cell type 2
1720,1.4181484053363884,7.0169114601771465,5,Sample 3,Cell type 2
1721,-6.061135812043823,1.0689114496154073,0,Sample 1,Cell type 1
1722,-1.4439019510307995,-7.245290249225628,2,Sample 3,Cell type 1
1723,-3.9714594669364818,0.6767397294180968,0,Sample 1,Cell type 1
1724,-1.6888974354376867,0.5577403013695227,1,Sample 2,Cell type 1
1725,-0.2530832358624902,7.1110772201508645,5,Sample 3,Cell type 2
1726,2.1730191924503095,-6.733084590975123,4,Sample 2,Cell type 2
1727,1.9297694360555684,-8.715612958080442,4,Sample 2,Cell type 2
1728,1.7932638178513065,-0.6899909290050131,1,Sample 2,Cell type 1
1729,6.573273384330245,-0.4356154112598763,3,Sample 1,Cell type 2
1730,1.6103238929206896,-4.983166099414786,4,Sample 2,Cell type 2
1731,0.34978252142997945,6.758240538455742,5,Sample 3,Cell type 2
1732,2.8768341204631316,-7.0125759056284656,4,Sample 2,Cell type 2
1733,-0.34557414475711645,0.22518018562652503,1,Sample 2,Cell type 1
1734,0.7870653667192703,-0.5847887041634404,1,Sample 2,Cell type 1
1735,6.261929320092275,-0.4262809118860719,3,Sample 1,Cell type 2
1736,0.9539427456419597,0.5553053546190277,1,Sample 2,Cell type 1
1737,0.9333047919322428,6.75206591633888,5,Sample 3,Cell type 2
1738,-3.0901189475152995,-7.212140120371002,2,Sample 3,Cell type 1
1739,-3.3942305640346326,-6.877667889503487,2,Sample 3,Cell type 1
1740,-0.7415419382747996,-0.6471985063042673,1,Sample 2,Cell type 1
1741,-3.2312911931097874,-5.1052323134875195,2,Sample 3,Cell type 1
1742,7.4474128929022605,0.7437629855974722,3,Sample 1,Cell type 2
1743,6.747879895481967,0.9874981724457945,3,Sample 1,Cell type 2
1744,2.9287871500454123,-7.137934498059375,4,Sample 2,Cell type 2
1745,0.3435259405026252,-7.611082311816819,4,Sample 2,Cell type 2
1746,1.0746984627426353,-0.8830489780257135,1,Sample 2,Cell type 1
1747,2.277773505259491,-8.733380036600591,4,Sample 2,Cell type 2
1748,0.411552364153717,1.3102400899320898,1,Sample 2,Cell type 1
1749,1.4596863730065461,6.532149268847297,5,Sample 3,Cell type 2
1750,3.954285241110082,-7.868403970167746,4,Sample 2,Cell type 2
1751,8.526061061845644,-0.7533811202535357,3,Sample 1,Cell type 2
1752,-6.354248336627903,0.6840503673206424,0,Sample 1,Cell type 1
1753,-2.26944645487515,-5.926020094665587,2,Sample 3,Cell type 1
1754,0.28846949066413163,-7.232357624228291,2,Sample 3,Cell type 1
1755,3.060649627371977,-6.422612519557589,4,Sample 2,Cell type 2
1756,2.3414792220602996,-8.380712224103966,4,Sample 2,Cell type 2
1757,3.046248347547974,-8.657727171038388,4,Sample 2,Cell type 2
1758,-0.7401779391439806,1.0089276005920242,1,Sample 2,Cell type 1
1759,-1.3649962916573293,6.685664303186835,5,Sample 3,Cell type 2
1760,0.6620896292772318,7.833313759054946,5,Sample 3,Cell type 2
1761,-4.678686062631457,-0.6236186357345888,0,Sample 1,Cell type 1
1762,2.3981573549895243,-7.499745779211854,4,Sample 2,Cell type 2
1763,-2.2230910119389975,-7.985967449961006,2,Sample 3,Cell type 1
1764,1.4489212234374607,-7.295537733475122,4,Sample 2,Cell type 2
1765,-4.09947591376132,-0.6035581881689804,0,Sample 1,Cell type 1
1766,0.9438364137749071,1.4898664017794658,1,Sample 2,Cell type 1
1767,8.68280391813322,0.6419396257168881,3,Sample 1,Cell type 2
1768,-0.5453910414764207,6.151502283792573,5,Sample 3,Cell type 2
1769,6.944902174632263,-1.213196205930452,3,Sample 1,Cell type 2
1770,-0.2817522274708389,-0.0006377351189813255,1,Sample 2,Cell type 1
1771,-0.5376429549406286,7.099376242251507,5,Sample 3,Cell type 2
1772,3.5504959599739356,-5.570397541383899,4,Sample 2,Cell type 2
1773,0.3484334844548159,7.000503993105726,5,Sample 3,Cell type 2
1774,0.3308578561887398,0.13328047781844857,1,Sample 2,Cell type 1
1775,-2.671216759971894,-8.347702001745173,2,Sample 3,Cell type 1
1776,-2.4033000630931967,-6.651365667430309,2,Sample 3,Cell type 1
1777,2.2149884086591753,-5.762963516715197,4,Sample 2,Cell type 2
1778,8.366252332757968,1.0490354056297153,3,Sample 1,Cell type 2
1779,-5.560826473782288,-0.4999294072442292,0,Sample 1,Cell type 1
1780,6.749761545330234,-0.6118996857625677,3,Sample 1,Cell type 2
1781,5.7581130362575745,-0.4942430475873988,3,Sample 1,Cell type 2
1782,0.33601370374025835,0.28114038941991454,1,Sample 2,Cell type 1
1783,8.12905776454568,-0.5661340750832499,3,Sample 1,Cell type 2
1784,0.237618073200303,1.1451181500960912,1,Sample 2,Cell type 1
1785,7.602573601314995,-0.7141137568951242,3,Sample 1,Cell type 2
1786,7.927170137010113,0.6368326397771576,3,Sample 1,Cell type 2
1787,1.0572856202097345,8.904410851147896,5,Sample 3,Cell type 2
1788,-0.1305303223755802,6.890480182881458,5,Sample 3,Cell type 2
1789,-1.08288076985023,-0.9378399710187927,1,Sample 2,Cell type 1
1790,-0.1263375530148028,0.2768514013702768,1,Sample 2,Cell type 1
1791,3.5651941923234443,-8.048197013661156,4,Sample 2,Cell type 2
1792,0.8782350474102382,0.8266089995481725,1,Sample 2,Cell type 1
1793,0.06412837491980325,-1.1641568626836862,1,Sample 2,Cell type 1
1794,2.573149450831962,-5.939040900376921,4,Sample 2,Cell type 2
1795,1.4224866179115363,-0.9135847726450818,1,Sample 2,Cell type 1
1796,1.5364002344288394,-7.70588887327023,4,Sample 2,Cell type 2
1797,-2.212031327969353,-8.266249060461853,2,Sample 3,Cell type 1
1798,0.7694135303727623,7.008455819118264,5,Sample 3,Cell type 2
1799,2.9384963751673845,-6.309423373657761,4,Sample 2,Cell type 2
1800,1.6204600633597683,1.1150517176454937,1,Sample 2,Cell type 1
1801,-4.465798949947224,-2.646349771197852,0,Sample 1,Cell type 1
1802,-5.145157140499408,0.36364577113308455,0,Sample 1,Cell type 1
1803,-1.2927172113352445,7.495115633096091,5,Sample 3,Cell type 2
1804,-4.122322133195813,0.4509847529458607,0,Sample 1,Cell type 1
1805,-2.4737285464579895,-6.371823372882912,2,Sample 3,Cell type 1
1806,-0.6466355866450049,7.705119083492261,5,Sample 3,Cell type 2
1807,-3.189508747549604,-8.015256299326925,2,Sample 3,Cell type 1
1808,-0.49999210153817997,0.1839501284426791,1,Sample 2,Cell type 1
1809,3.1358549171925274,-7.017209961868336,4,Sample 2,Cell type 2
1810,-0.7774946645307895,1.151518438491976,1,Sample 2,Cell type 1
1811,6.681279190432499,0.68355003376451,3,Sample 1,Cell type 2
1812,-3.9299779656728213,0.6374734624809574,0,Sample 1,Cell type 1
1813,-0.005036416946141899,0.6018674900332613,1,Sample 2,Cell type 1
1814,-5.5642703520089905,1.6312037021972359,0,Sample 1,Cell type 1
1815,3.3813337698582666,-7.224689984397028,4,Sample 2,Cell type 2
1816,-5.584349790559406,-1.101546240086031,0,Sample 1,Cell type 1
1817,0.9817755035433282,-0.41664556082273246,1,Sample 2,Cell type 1
1818,-0.00634048693249923,-0.19404862071122014,1,Sample 2,Cell type 1
1819,-1.7819405980938101,-8.673403094494052,2,Sample 3,Cell type 1
1820,-0.589794770880715,7.175470935391683,5,Sample 3,Cell type 2
1821,1.5924102815219687,-8.376774059503683,4,Sample 2,Cell type 2
1822,-2.953212657016946,-7.13555261316694,2,Sample 3,Cell type 1
1823,-0.74922895955105,7.085815246899501,5,Sample 3,Cell type 2
1824,0.2692797894800063,6.438762807700624,5,Sample 3,Cell type 2
1825,-0.19410087379286908,-0.7856649814083304,1,Sample 2,Cell type 1
1826,-2.407763822057613,-7.434544831726226,2,Sample 3,Cell type 1
1827,-0.7138211972525431,5.928328779336995,5,Sample 3,Cell type 2
1828,-2.2210946985574287,-8.146226993736938,2,Sample 3,Cell type 1
1829,0.6477821479333637,-1.1639456620840474,1,Sample 2,Cell type 1
1830,8.156837426040868,1.2527287989119271,3,Sample 1,Cell type 2
1831,-0.4438105401597948,1.2992688031219328,1,Sample 2,Cell type 1
1832,-0.21237298848987446,0.6697671392835312,1,Sample 2,Cell type 1
1833,1.1007747603857925,-0.2329689603328485,1,Sample 2,Cell type 1
1834,-5.972950886367436,0.9478375679996132,0,Sample 1,Cell type 1
1835,8.735044184947192,0.12784003094749072,3,Sample 1,Cell type 2
1836,-3.067022481580505,-6.341240047741139,2,Sample 3,Cell type 1
1837,-0.2039959833515996,7.584232948963378,5,Sample 3,Cell type 2
1838,-1.6438243801304648,-6.525791868700786,2,Sample 3,Cell type 1
1839,-0.8682348831756433,1.4656216992950895,1,Sample 2,Cell type 1
1840,1.5210261921816988,-7.111503126911681,4,Sample 2,Cell type 2
1841,0.9506596353715108,7.357774980915838,5,Sample 3,Cell type 2
1842,0.4117877406043031,7.390372848413682,5,Sample 3,Cell type 2
1843,-4.917415301118048,-1.7888120231408036,0,Sample 1,Cell type 1
1844,2.6470012126097844,-5.6844546853685936,4,Sample 2,Cell type 2
1845,-5.144119516009976,0.6042060688054192,0,Sample 1,Cell type 1
1846,-4.891733931459291,0.4629949506528741,0,Sample 1,Cell type 1
1847,-0.535205688445952,6.619688422880904,5,Sample 3,Cell type 2
1848,1.4911927236086566,-8.53429816980524,4,Sample 2,Cell type 2
1849,7.81150559591795,0.4428128525102087,3,Sample 1,Cell type 2
1850,1.5935245112257195,-6.848592512934675,4,Sample 2,Cell type 2
1851,2.317894983816921,-7.164920718888354,4,Sample 2,Cell type 2
1852,-4.648236883176105,-7.446290354809134,2,Sample 3,Cell type 1
1853,6.371255111703956,-0.4995150313896985,3,Sample 1,Cell type 2
1854,7.968620546780402,-0.9715795669494351,3,Sample 1,Cell type 2
1855,7.04741812169614,1.060979343333245,3,Sample 1,Cell type 2
1856,0.9616946026097698,6.920286039458089,5,Sample 3,Cell type 2
1857,2.1444578330473894,-6.721857848478368,4,Sample 2,Cell type 2
1858,-5.023869133324154,-0.793687186104946,0,Sample 1,Cell type 1
1859,-5.42393447505649,0.20884494362187267,0,Sample 1,Cell type 1
1860,-4.13296148368011,0.37150283424284847,0,Sample 1,Cell type 1
1861,-4.708324427544684,-0.3465740523746849,0,Sample 1,Cell type 1
1862,0.7577853259069143,-0.33228648040270153,1,Sample 2,Cell type 1
1863,-0.30521005134303486,0.3330550037420598,1,Sample 2,Cell type 1
1864,-4.912703631506553,0.5356413228932223,0,Sample 1,Cell type 1
1865,-0.14790168529685208,0.1908840177667577,1,Sample 2,Cell type 1
1866,-5.168184479745223,-0.39575795244675743,0,Sample 1,Cell type 1
1867,-0.2971080845698053,-0.19050028373805922,1,Sample 2,Cell type 1
1868,7.5820513319997955,0.7093837267174681,3,Sample 1,Cell type 2
1869,-3.6976346181978337,-8.960170958975219,2,Sample 3,Cell type 1
1870,-4.318710245019183,-0.8299487917598629,0,Sample 1,Cell type 1
1871,8.465636653056611,-0.7680595266352003,3,Sample 1,Cell type 2
1872,1.7477167699435248,-7.986283729718846,4,Sample 2,Cell type 2
1873,-2.1990053366363305,-5.6697352914792,2,Sample 3,Cell type 1
1874,-0.10460613880976236,0.19324186485347372,1,Sample 2,Cell type 1
1875,7.173887198208508,0.6676400649511139,3,Sample 1,Cell type 2
1876,7.547753381639357,0.7787607805217248,3,Sample 1,Cell type 2
1877,-0.1334005999588087,7.454735208856782,5,Sample 3,Cell type 2
1878,-0.43069884004594644,7.464094567075055,5,Sample 3,Cell type 2
1879,-4.886258378408229,1.7450360991524563,0,Sample 1,Cell type 1
1880,-1.2867518187273341,5.721195413298901,5,Sample 3,Cell type 2
1881,-2.6424749302086976,-7.165468503843289,2,Sample 3,Cell type 1
1882,0.09167066573578803,1.3941181363456687,1,Sample 2,Cell type 1
1883,2.901254987706322,-8.550031240561767,4,Sample 2,Cell type 2
1884,-0.4384504647262301,5.004151827863186,5,Sample 3,Cell type 2
1885,-5.643773338333972,0.6116379740412082,0,Sample 1,Cell type 1
1886,1.2022806794993717,-6.148663373256659,4,Sample 2,Cell type 2
1887,0.020219303530841743,0.492407203657689,1,Sample 2,Cell type 1
1888,-1.7069679512679679,-6.998806880139034,2,Sample 3,Cell type 1
1889,2.6692660212925956,-7.766062434202737,4,Sample 2,Cell type 2
1890,0.7039170013783133,-0.7118094435007979,1,Sample 2,Cell type 1
1891,6.0857220014955296,-0.8391341188637884,3,Sample 1,Cell type 2
1892,7.0029648730986525,-0.9874292846659327,3,Sample 1,Cell type 2
1893,-6.400923708793776,-0.3853036448693213,0,Sample 1,Cell type 1
1894,0.45059914924308875,0.04479631846286407,1,Sample 2,Cell type 1
1895,-2.175668155685625,-7.819580578464241,2,Sample 3,Cell type 1
1896,7.210956865164868,-1.4270631360926334,3,Sample 1,Cell type 2
1897,7.316283208014555,2.805913016287243,3,Sample 1,Cell type 2
1898,7.931102829053483,-0.7751786217273972,3,Sample 1,Cell type 2
1899,7.334370840720897,-2.239039851806098,3,Sample 1,Cell type 2
1900,0.4223408308276736,-1.3820149108863953,1,Sample 2,Cell type 1
1901,0.9907392585803447,0.9552338683858203,1,Sample 2,Cell type 1
1902,0.23439803700020037,-0.48495767057346445,1,Sample 2,Cell type 1
1903,7.113917354364823,0.8682929048722011,3,Sample 1,Cell type 2
1904,0.03933935729278546,8.100527129920067,5,Sample 3,Cell type 2
1905,-2.019071591227255,-6.918015754369678,2,Sample 3,Cell type 1
1906,-0.8690983231708873,1.4662497284108507,1,Sample 2,Cell type 1
1907,-0.3334572887310261,-1.2650103172607778,1,Sample 2,Cell type 1
1908,2.329728836852428,-7.077704072422054,4,Sample 2,Cell type 2
1909,7.857657321113311,-0.672710088562391,3,Sample 1,Cell type 2
1910,-2.003302625360061,-6.387792812424133,2,Sample 3,Cell type 1
1911,5.630592131603514,-0.21174651897519503,3,Sample 1,Cell type 2
1912,-4.414818939837205,-0.08925827740144462,0,Sample 1,Cell type 1
1913,0.6043780545561481,1.3752282234490496,1,Sample 2,Cell type 1
1914,-4.607096176258099,0.8135413569775758,0,Sample 1,Cell type 1
1915,7.004471639699364,0.45872030810219055,3,Sample 1,Cell type 2
1916,-5.5886681148146815,-1.6475696071708112,0,Sample 1,Cell type 1
1917,1.794711366660996,7.1948992645403855,5,Sample 3,Cell type 2
1918,-4.214207224118917,-5.700029024450421,2,Sample 3,Cell type 1
1919,-5.948314177231719,-0.9610226294212738,0,Sample 1,Cell type 1
1920,1.6637967620698952,5.823121677015903,5,Sample 3,Cell type 2
1921,-1.948901007397739,-7.8807295509897894,2,Sample 3,Cell type 1
1922,-5.313786920967074,-0.3143319338865859,0,Sample 1,Cell type 1
1923,-5.48179536735853,-0.0814799540737447,0,Sample 1,Cell type 1
1924,1.0637019836639654,0.4328172834740059,1,Sample 2,Cell type 1
1925,8.802249731748281,-0.5947508122291312,3,Sample 1,Cell type 2
1926,2.5179959375857774,-7.359844060857874,4,Sample 2,Cell type 2
1927,6.731854067944792,-0.6024932222701415,3,Sample 1,Cell type 2
1928,2.5928061331454844,-7.40630085129244,4,Sample 2,Cell type 2
1929,-0.16893144528663318,6.065139009253597,5,Sample 3,Cell type 2
1930,7.533817373402279,-0.28322174590928323,3,Sample 1,Cell type 2
1931,-1.7144580840949288,-7.869541051033376,2,Sample 3,Cell type 1
1932,-0.01757735052039198,6.35773399611598,5,Sample 3,Cell type 2
1933,-3.7992438359527885,-7.434618855514466,2,Sample 3,Cell type 1
1934,2.25901103314764,-5.809567102009918,4,Sample 2,Cell type 2
1935,0.3340860871230529,7.016407897423406,5,Sample 3,Cell type 2
1936,-2.6762067438717234,-7.938044429242524,2,Sample 3,Cell type 1
1937,7.4954040311754975,0.35888738798233283,3,Sample 1,Cell type 2
1938,0.00047516297093756353,0.5410860740362033,1,Sample 2,Cell type 1
1939,1.0686844365138,7.469106991580087,5,Sample 3,Cell type 2
1940,7.520105315386747,1.524192420072305,3,Sample 1,Cell type 2
1941,-5.201119384134667,-0.31438511650637774,0,Sample 1,Cell type 1
1942,-3.637895231082082,0.5677305160992998,0,Sample 1,Cell type 1
1943,-5.827481810810423,1.3949409645157855,0,Sample 1,Cell type 1
1944,-0.16272670057850358,6.356802294843106,5,Sample 3,Cell type 2
1945,-0.003781723852040484,8.534826120861776,5,Sample 3,Cell type 2
1946,9.075833347734429,-0.028366661995293738,3,Sample 1,Cell type 2
1947,-3.612522216427416,-5.871095475318395,2,Sample 3,Cell type 1
1948,-1.870030637870577,-0.28826802408297775,1,Sample 2,Cell type 1
1949,-6.395597087959519,0.0617066773254246,0,Sample 1,Cell type 1
1950,3.340429383467497,-6.5470908539207535,4,Sample 2,Cell type 2
1951,3.631851801318986,-7.480107201198311,4,Sample 2,Cell type 2
1952,-5.695542693083815,-0.213136746066008,0,Sample 1,Cell type 1
1953,-2.7081708486367293,-7.5187776187013595,2,Sample 3,Cell type 1
1954,1.8505878258939736,-6.875029570812208,4,Sample 2,Cell type 2
1955,2.083537016803296,-7.276343506832592,4,Sample 2,Cell type 2
1956,-5.680715670755873,-1.2800283386379068,0,Sample 1,Cell type 1
1957,0.1930169407207962,6.913253827316592,5,Sample 3,Cell type 2
1958,7.142596201588932,-0.0373246001992329,3,Sample 1,Cell type 2
1959,-0.5461786600714579,0.4119179274481969,1,Sample 2,Cell type 1
1960,-5.277230855767167,0.7016944790424059,0,Sample 1,Cell type 1
1961,2.6418711025968498,-6.824540416829032,4,Sample 2,Cell type 2
1962,0.5747941517787921,0.9523064925784352,1,Sample 2,Cell type 1
1963,0.9516845584027226,6.927265984152798,5,Sample 3,Cell type 2
1964,1.6198550480026253,-7.551180601810781,4,Sample 2,Cell type 2
1965,0.5491945526303003,0.1412756648715908,1,Sample 2,Cell type 1
1966,-4.782233955590569,-1.721952220192018,0,Sample 1,Cell type 1
1967,-0.3117838554062097,-1.450410623192545,1,Sample 2,Cell type 1
1968,-4.983423458729403,1.5087935810477544,0,Sample 1,Cell type 1
1969,7.069944134366588,-0.04014587896470127,3,Sample 1,Cell type 2
1970,2.9320572561136933,-5.7551249362035914,4,Sample 2,Cell type 2
1971,3.3307403445040857,-6.6345153830362,4,Sample 2,Cell type 2
1972,-2.901085272726995,-5.151563178922064,2,Sample 3,Cell type 1
1973,-4.49104131893161,-1.5846864832402359,0,Sample 1,Cell type 1
1974,0.29503905555877674,0.8318431255840468,1,Sample 2,Cell type 1
1975,-4.092145273365459,-6.669928232896969,2,Sample 3,Cell type 1
1976,2.304855654800071,-7.26348212689521,4,Sample 2,Cell type 2
1977,0.16405220118408276,5.817220423339202,5,Sample 3,Cell type 2
1978,3.0571748524492093,-7.3379580825755495,4,Sample 2,Cell type 2
1979,7.275923710247392,0.2827165468055994,3,Sample 1,Cell type 2
1980,-0.2223714931269475,5.983299286620516,5,Sample 3,Cell type 2
1981,-1.1399687955959488,6.109314130452073,5,Sample 3,Cell type 2
1982,6.718822119724502,-0.19223391798453823,3,Sample 1,Cell type 2
1983,7.714354175525665,-0.7566947009087626,3,Sample 1,Cell type 2
1984,-4.6745275774571295,-0.5806077791446118,0,Sample 1,Cell type 1
1985,-0.894528836257854,8.03762193058433,5,Sample 3,Cell type 2
1986,1.791667348960031,-7.880439084339616,4,Sample 2,Cell type 2
1987,1.3674027159815798,7.104995576052553,5,Sample 3,Cell type 2
1988,7.8704091472478535,-0.8472628521018224,3,Sample 1,Cell type 2
1989,4.57507315363047,-7.9140232416854905,4,Sample 2,Cell type 2
1990,1.8212455973066755,0.006119860103997992,1,Sample 2,Cell type 1
1991,0.28570793512515763,-0.2995743639442601,1,Sample 2,Cell type 1
1992,-2.746356326950085,-7.01284331765445,2,Sample 3,Cell type 1
1993,-4.332114165191624,0.26936332236584276,0,Sample 1,Cell type 1
1994,-0.871502276928203,7.223474928162386,5,Sample 3,Cell type 2
1995,7.046131785768639,-0.5470415033540619,3,Sample 1,Cell type 2
1996,0.9814488283229483,-6.25191000712022,4,Sample 2,Cell type 2
1997,-2.3637372568434407,-6.731393367416704,2,Sample 3,Cell type 1
1998,-2.194935442448786,-0.12085124596767373,1,Sample 2,Cell type 1
1999,8.362194547332017,0.5971910566485915,3,Sample 1,Cell type 2
2000,-4.347413791836803,0.46456045840346255,0,Sample 1,Cell type 1
2001,8.241692607170135,-0.14773447144959656,3,Sample 1,Cell type 2
2002,3.098801081057988,-5.01135498156186,4,Sample 2,Cell type 2
2003,2.7530728161192477,-5.350694883679589,4,Sample 2,Cell type 2
2004,-2.868377626686149,-6.094667939383225,2,Sample 3,Cell type 1
2005,-4.987463637278348,-0.02171257839900295,0,Sample 1,Cell type 1
2006,-6.068838577126561,0.2788386392043248,0,Sample 1,Cell type 1
2007,-1.3560412065936698,-7.882056071656553,2,Sample 3,Cell type 1
2008,-0.23639356828455096,-0.3027482508700226,1,Sample 2,Cell type 1
2009,0.29776617415402,1.3059012943182025,1,Sample 2,Cell type 1
2010,-2.264139871821947,-8.754605545978931,2,Sample 3,Cell type 1
2011,2.5472116482004994,-6.298154223320456,4,Sample 2,Cell type 2
2012,2.7104785909083224,-5.95150820569247,4,Sample 2,Cell type 2
2013,-2.4310518365935065,-7.460587202148073,2,Sample 3,Cell type 1
2014,4.242274923112544,-6.877729688590339,4,Sample 2,Cell type 2
2015,-0.6252418179801524,-0.3683541943017936,1,Sample 2,Cell type 1
2016,0.19572613471280212,7.817067146418883,5,Sample 3,Cell type 2
2017,-5.326196847262819,-1.0077029051635296,0,Sample 1,Cell type 1
2018,-3.5221863558772677,0.9088353804083708,0,Sample 1,Cell type 1
2019,-2.716701093511013,8.421050583446178,5,Sample 3,Cell type 2
2020,2.061991309406563,-6.150762001354349,4,Sample 2,Cell type 2
2021,3.2021815490674674,-8.056782066148132,4,Sample 2,Cell type 2
2022,1.2630329731126717,0.6281129452851248,1,Sample 2,Cell type 1
2023,2.1141977022225293,7.8549001614243625,5,Sample 3,Cell type 2
2024,6.554832116374498,-0.8750684202613512,3,Sample 1,Cell type 2
2025,3.0681019212746046,-8.03610399175643,4,Sample 2,Cell type 2
2026,3.1003589254555184,-8.390550766665791,4,Sample 2,Cell type 2
2027,-0.2514152223512294,6.6661620067530984,5,Sample 3,Cell type 2
2028,-2.1201331411146223,8.417127721986109,5,Sample 3,Cell type 2
2029,1.4909793885178702,-5.757874955018337,4,Sample 2,Cell type 2
2030,8.237765745532286,-0.17592537922737644,3,Sample 1,Cell type 2
2031,2.576378912524994,-6.382942563203366,4,Sample 2,Cell type 2
2032,1.9356164577049335,-7.036825781675562,4,Sample 2,Cell type 2
2033,8.304809497050842,-0.6896902723032836,3,Sample 1,Cell type 2
2034,2.3977706977410547,-7.34432545845019,4,Sample 2,Cell type 2
2035,-2.997780835222719,-6.373722544815593,2,Sample 3,Cell type 1
2036,-1.971463827882241,-7.185065068278923,2,Sample 3,Cell type 1
2037,6.843936674970154,-0.17011286791422675,3,Sample 1,Cell type 2
2038,-0.7317129350341168,0.7409519241099348,1,Sample 2,Cell type 1
2039,6.237867644918557,1.8819848454592294,3,Sample 1,Cell type 2
2040,7.325751440068043,0.670127758625817,3,Sample 1,Cell type 2
2041,0.07862168273423734,6.342268186952122,5,Sample 3,Cell type 2
2042,-0.48222131674706803,-1.5366221618336522,1,Sample 2,Cell type 1
2043,-0.007524708544311084,7.878253202461436,5,Sample 3,Cell type 2
2044,0.8981124026126492,-6.0422463678930605,4,Sample 2,Cell type 2
2045,-2.054914771153536,6.807910572620868,5,Sample 3,Cell type 2
2046,0.9958155937308645,5.874805576694679,5,Sample 3,Cell type 2
2047,-6.445801688231815,0.1831172722805008,0,Sample 1,Cell type 1
2048,-0.11488921336637112,-0.504546873162579,1,Sample 2,Cell type 1
2049,3.281024913588201,-6.795335428907541,4,Sample 2,Cell type 2
2050,0.30047396991168124,1.2882301036480652,1,Sample 2,Cell type 1
2051,7.148632135547576,0.4645296356277417,3,Sample 1,Cell type 2
2052,-0.1279318832464915,0.304818586129521,1,Sample 2,Cell type 1
2053,-5.960858386444335,-0.12814153651916416,0,Sample 1,Cell type 1
2054,7.309119297071617,0.4879827062181437,3,Sample 1,Cell type 2
2055,-6.464788194094846,0.0432764519952438,0,Sample 1,Cell type 1
2056,-5.187310025321548,-0.44370084119294956,0,Sample 1,Cell type 1
2057,1.9829619651253518,-6.215467672961068,4,Sample 2,Cell type 2
2058,-2.6189524200799346,-6.93494893115414,2,Sample 3,Cell type 1
2059,-2.377726518326509,-7.047254561684787,2,Sample 3,Cell type 1
2060,2.20848203210567,-6.809308739054004,4,Sample 2,Cell type 2
2061,-0.14030836014300077,-0.4934585668415408,1,Sample 2,Cell type 1
2062,7.720602855935356,0.6541146417616234,3,Sample 1,Cell type 2
2063,8.654515471955083,0.07020667663097176,3,Sample 1,Cell type 2
2064,2.4488902637023506,-7.801392177648395,4,Sample 2,Cell type 2
2065,-0.8962338553112061,0.5860226176412914,1,Sample 2,Cell type 1
2066,-5.746095509829865,-0.5041629361772726,0,Sample 1,Cell type 1
2067,-1.2839973190119565,-5.836529239433614,2,Sample 3,Cell type 1
2068,-1.7220063012505227,6.131458977481438,5,Sample 3,Cell type 2
2069,2.2302758536604,-7.6871187729782005,4,Sample 2,Cell type 2
2070,2.487847079866321,-7.996059688956506,4,Sample 2,Cell type 2
2071,-5.400952269260695,1.3080460294059308,0,Sample 1,Cell type 1
2072,7.094771950999556,-0.6804036175109444,3,Sample 1,Cell type 2
2073,1.9485504610259423,1.0714937349092364,1,Sample 2,Cell type 1
2074,8.371015022103084,0.35909294175152606,3,Sample 1,Cell type 2
2075,3.276479132757418,-7.747063445616313,4,Sample 2,Cell type 2
2076,-0.5982308146359127,6.891032110848501,5,Sample 3,Cell type 2
2077,5.478972692191354,0.17586289915498826,3,Sample 1,Cell type 2
2078,-0.7498273709960697,7.9593673477586435,5,Sample 3,Cell type 2
2079,-0.9470965226428758,6.572018997938181,5,Sample 3,Cell type 2
2080,-0.08561238979812283,5.729131954315933,5,Sample 3,Cell type 2
2081,0.24785661072888782,7.822340487108332,5,Sample 3,Cell type 2
2082,-3.825069073561104,0.018903457469483145,0,Sample 1,Cell type 1
2083,1.1906335443019789,6.50349237575799,5,Sample 3,Cell type 2
2084,1.9122942627152655,1.1982051557895628,1,Sample 2,Cell type 1
2085,2.6639535649408916,-6.197310128886753,4,Sample 2,Cell type 2
2086,0.1987575932613171,6.961458058832033,5,Sample 3,Cell type 2
2087,7.632568200350176,-0.6124446429876429,3,Sample 1,Cell type 2
2088,2.2584680807763573,-6.926837717461767,4,Sample 2,Cell type 2
2089,1.5408362556161033,-1.5728728588454355,1,Sample 2,Cell type 1
2090,-0.4112926504427083,5.732595908523295,5,Sample 3,Cell type 2
2091,-2.276604069924873,-0.26694671316281854,1,Sample 2,Cell type 1
2092,1.8703592721678726,-7.188438051980722,4,Sample 2,Cell type 2
2093,-3.2707136664530836,-7.550470363025103,2,Sample 3,Cell type 1
2094,1.5990914099654672,-6.070129122073167,4,Sample 2,Cell type 2
2095,-0.4060429725680989,0.49656671991982837,1,Sample 2,Cell type 1
2096,2.0506771469548104,-8.685916100637236,4,Sample 2,Cell type 2
2097,3.955340432069514,-7.693382319224091,4,Sample 2,Cell type 2
2098,2.7362526017666506,-7.70574747252385,4,Sample 2,Cell type 2
2099,3.6271117260682075,-5.977189983107639,4,Sample 2,Cell type 2
2100,2.762933957906919,-6.747787648597755,4,Sample 2,Cell type 2
2101,1.2207850492133074,-5.422937281790172,4,Sample 2,Cell type 2
2102,-2.659836395282865,-6.4096970759911756,2,Sample 3,Cell type 1
2103,-2.071970407664276,-8.572206122211,2,Sample 3,Cell type 1
2104,2.8766631032413494,-7.446985946915422,4,Sample 2,Cell type 2
2105,2.553918796671553,-6.888620821728151,4,Sample 2,Cell type 2
2106,7.674065730470745,0.05372269252176264,3,Sample 1,Cell type 2
2107,0.5272192093481072,-8.280011051356187,4,Sample 2,Cell type 2
2108,2.9901621170494046,-6.595509835647464,4,Sample 2,Cell type 2
2109,-2.444304982401578,-7.834797997730555,2,Sample 3,Cell type 1
2110,-0.7936366490868775,6.467905942681863,5,Sample 3,Cell type 2
2111,0.5591991606954705,-7.334131633603355,4,Sample 2,Cell type 2
2112,0.32669613308941864,5.943732646707882,5,Sample 3,Cell type 2
2113,-0.18227180435834703,-0.4754673419966813,1,Sample 2,Cell type 1
2114,8.749798068092234,0.12814012125941965,3,Sample 1,Cell type 2
2115,-0.37933469744972653,8.144978698825089,5,Sample 3,Cell type 2
2116,-0.9829472694462807,0.751276193692394,1,Sample 2,Cell type 1
2117,-5.50302966254443,0.33949068755806877,0,Sample 1,Cell type 1
2118,2.154236500863722,-7.6859201036626885,4,Sample 2,Cell type 2
2119,0.00018635842637738446,-0.008370289024752975,1,Sample 2,Cell type 1
2120,0.48002332023490446,0.7555216540665642,1,Sample 2,Cell type 1
2121,-4.412909409427923,-1.4187529412858244,0,Sample 1,Cell type 1
2122,3.9977728493055094,-7.428456302000081,4,Sample 2,Cell type 2
2123,-0.9072958560843852,7.076475666372245,5,Sample 3,Cell type 2
2124,0.2259031888351319,7.161472753943957,5,Sample 3,Cell type 2
2125,0.011318192640282814,7.780655043698179,5,Sample 3,Cell type 2
2126,0.2734367360443882,0.6494062546135292,1,Sample 2,Cell type 1
2127,-4.695353233255028,-0.37375912251072113,0,Sample 1,Cell type 1
2128,0.15769027701766086,2.686733102343069,1,Sample 2,Cell type 1
2129,-1.843842719497872,-6.683951079135625,2,Sample 3,Cell type 1
2130,1.8243516989564683,-6.286560084039702,4,Sample 2,Cell type 2
2131,-0.6953935007437416,0.7471726306763492,1,Sample 2,Cell type 1
2132,-5.15040954240777,0.25432195543946967,0,Sample 1,Cell type 1
2133,-0.35284300440040317,7.025488237309988,5,Sample 3,Cell type 2
2134,0.4859558106795926,6.613007732246645,5,Sample 3,Cell type 2
2135,8.292059366661608,-1.290425241535573,3,Sample 1,Cell type 2
2136,-0.43095371040756375,-0.7764981876388086,1,Sample 2,Cell type 1
2137,-5.0110220955622236,-0.8075289343372484,0,Sample 1,Cell type 1
2138,6.932239004288229,-0.26808012446117513,3,Sample 1,Cell type 2
2139,1.4944056919618889,-7.037341994119641,4,Sample 2,Cell type 2
2140,-0.8712411826592208,-0.2792769348464133,1,Sample 2,Cell type 1
2141,0.023566634267218594,7.064158534494515,5,Sample 3,Cell type 2
2142,0.595037635795212,7.459227000164517,5,Sample 3,Cell type 2
2143,-0.4787383574628831,9.369147584209749,5,Sample 3,Cell type 2
2144,2.3459385671832407,-7.0595011545568065,4,Sample 2,Cell type 2
2145,2.0203056525166416,-6.424087338563124,4,Sample 2,Cell type 2
2146,-1.8754690901278677,-6.355069594216314,2,Sample 3,Cell type 1
2147,1.8244358602209199,-7.269594470079273,4,Sample 2,Cell type 2
2148,-0.8180639435105321,-6.622264952478461,2,Sample 3,Cell type 1
2149,0.18712806064556184,7.887353544983249,5,Sample 3,Cell type 2
2150,-1.5735282091402065,-6.282968265636332,2,Sample 3,Cell type 1
2151,2.2914490823485125,8.54107421869384,5,Sample 3,Cell type 2
2152,7.868716809371895,-0.5372942295788392,3,Sample 1,Cell type 2
2153,4.408894209260598,-6.119937191811101,4,Sample 2,Cell type 2
2154,-3.1945947616535877,-5.551431400801624,2,Sample 3,Cell type 1
2155,0.1775630390680858,0.2801778060985964,1,Sample 2,Cell type 1
2156,2.057610027573786,-7.564343753227967,4,Sample 2,Cell type 2
2157,-0.1024422950767292,7.389675635239272,5,Sample 3,Cell type 2
2158,-0.16791592774982822,8.954073574956245,5,Sample 3,Cell type 2
2159,1.0211757298389512,6.395274420581508,5,Sample 3,Cell type 2
2160,7.801548916720955,0.5083101953168833,3,Sample 1,Cell type 2
2161,0.6811098119882838,0.5512219146122421,1,Sample 2,Cell type 1
2162,-1.6007288256058652,0.2876866433270795,1,Sample 2,Cell type 1
2163,-0.5429671639003395,7.516202953189683,5,Sample 3,Cell type 2
2164,2.5969840499072885,-7.224904362230841,4,Sample 2,Cell type 2
2165,-3.235667320972906,-6.71083767631835,2,Sample 3,Cell type 1
2166,-4.800079605529659,-0.4308737594971296,0,Sample 1,Cell type 1
2167,-1.2461368678585847,-6.244585797191558,2,Sample 3,Cell type 1
2168,1.9596952068941618,-6.465814510936128,4,Sample 2,Cell type 2
2169,6.3494826340779085,-0.8058851648325376,3,Sample 1,Cell type 2
2170,0.6888937449375143,8.329948265771868,5,Sample 3,Cell type 2
2171,-5.029814275586418,1.615102077166009,0,Sample 1,Cell type 1
2172,-5.168429838504094,0.8871569961118767,0,Sample 1,Cell type 1
2173,2.113866476716601,-8.534307315211104,4,Sample 2,Cell type 2
2174,-1.8693694490914747,-4.466810999974703,2,Sample 3,Cell type 1
2175,-0.7233512948052168,6.5772431831593625,5,Sample 3,Cell type 2
2176,0.01693714476653858,-1.0544889125858057,1,Sample 2,Cell type 1
2177,-0.47211031239034584,1.21698241098043,1,Sample 2,Cell type 1
2178,0.04437749836820037,0.6919557083720071,1,Sample 2,Cell type 1
2179,-4.640280843422622,-0.5862212044126461,0,Sample 1,Cell type 1
2180,0.38166017536660607,0.03550234341666554,1,Sample 2,Cell type 1
2181,-4.949847578940175,0.9847723666238537,0,Sample 1,Cell type 1
2182,6.6807080922645445,0.6256487234971264,3,Sample 1,Cell type 2
2183,7.087010839477503,-0.9158262994920382,3,Sample 1,Cell type 2
2184,-4.122392239924024,-0.13235164335192479,0,Sample 1,Cell type 1
2185,-3.8248333657241123,-8.236451342408794,2,Sample 3,Cell type 1
2186,-2.7043954070028335,-7.127581798624785,2,Sample 3,Cell type 1
2187,0.029038329694127517,6.195550101424819,5,Sample 3,Cell type 2
2188,-4.695364540884478,-0.2658612691251265,0,Sample 1,Cell type 1
2189,-0.5649605154760551,-0.25923498652986876,1,Sample 2,Cell type 1
2190,-2.3061002929157794,-0.17192498634015213,1,Sample 2,Cell type 1
2191,-1.8765078713360255,-6.004750240334759,2,Sample 3,Cell type 1
2192,-1.4606774658032078,5.907882975862369,5,Sample 3,Cell type 2
2193,1.4627972781676755,5.7744924725827325,5,Sample 3,Cell type 2
2194,8.699296320898615,0.8360388121789936,3,Sample 1,Cell type 2
2195,1.1478516641991134,-0.13654299021950622,1,Sample 2,Cell type 1
2196,7.78889780731742,0.9020125500326328,3,Sample 1,Cell type 2
2197,2.3724621504683583,-6.209956571884787,4,Sample 2,Cell type 2
2198,-0.5904312824165895,8.000468326726946,5,Sample 3,Cell type 2
2199,2.5786522860281096,-7.014448635323728,4,Sample 2,Cell type 2
2200,-5.219740971761584,0.8676784514595216,0,Sample 1,Cell type 1
2201,-3.6291883304573087,0.48501903931619283,0,Sample 1,Cell type 1
2202,0.7191612658280694,7.005518305391704,5,Sample 3,Cell type 2
2203,7.96868050832284,-0.2950258138888706,3,Sample 1,Cell type 2
2204,-1.4280227307038709,-7.736744523994071,2,Sample 3,Cell type 1
2205,-6.400966256171514,0.5454089562110757,0,Sample 1,Cell type 1
2206,-0.6968429301636492,6.7987000853769,5,Sample 3,Cell type 2
2207,-5.401565089893301,-1.7005866578509778,0,Sample 1,Cell type 1
2208,-2.1925057912426364,-7.2441834802614675,2,Sample 3,Cell type 1
2209,0.347690986030404,-0.18402409888750937,1,Sample 2,Cell type 1
2210,0.5355265192520082,-0.5016807477974891,1,Sample 2,Cell type 1
2211,-4.259146474434277,0.0659861704695635,0,Sample 1,Cell type 1
2212,4.006843689464017,-7.810829006698738,4,Sample 2,Cell type 2
2213,-0.3144953944952603,-0.6953118738806167,1,Sample 2,Cell type 1
2214,-1.7327782209103444,-8.106265238020374,2,Sample 3,Cell type 1
2215,7.300560275053464,-1.2968834710724269,3,Sample 1,Cell type 2
2216,-3.914141930142479,-0.7352421038885125,0,Sample 1,Cell type 1
2217,-2.02909913283667,-8.098288620949578,2,Sample 3,Cell type 1
2218,7.162133298164434,-0.04394685234033285,3,Sample 1,Cell type 2
2219,-0.8899851128720255,6.558214394595791,5,Sample 3,Cell type 2
2220,0.9075743729486923,7.084662857072371,5,Sample 3,Cell type 2
2221,2.6843180895537255,-6.631773169501606,4,Sample 2,Cell type 2
2222,-0.7508907409424239,0.6876268034155736,1,Sample 2,Cell type 1
2223,-0.7395127436745201,8.461176289802626,5,Sample 3,Cell type 2
2224,-0.5252393937114044,0.934540965917385,1,Sample 2,Cell type 1
2225,-1.6798859562245547,0.9067623208532299,1,Sample 2,Cell type 1
2226,2.207842293041853,-6.786041444884613,4,Sample 2,Cell type 2
2227,0.40504920406663164,6.469378903657485,5,Sample 3,Cell type 2
2228,1.932956411786493,-7.660745679508913,4,Sample 2,Cell type 2
2229,1.0784028538811583,6.743012537223499,5,Sample 3,Cell type 2
2230,9.181742897246702,0.03132678644984898,3,Sample 1,Cell type 2
2231,-0.3162728121423593,1.4070720229488973,1,Sample 2,Cell type 1
2232,-3.0398398209878645,-8.402908295521458,2,Sample 3,Cell type 1
2233,-4.668194022014389,-0.3540049310946246,0,Sample 1,Cell type 1
2234,-2.423979892249047,-7.9623290443795725,2,Sample 3,Cell type 1
2235,-2.966427374975082,-5.807251518606666,2,Sample 3,Cell type 1
2236,0.9934896089846319,0.4276509718458435,1,Sample 2,Cell type 1
2237,0.6875126177180799,6.648644979594572,5,Sample 3,Cell type 2
2238,7.0877773352869,0.42780143288474215,3,Sample 1,Cell type 2
2239,3.5415200929579225,-7.154346040349416,4,Sample 2,Cell type 2
2240,-4.57379074234957,-7.324908300927313,2,Sample 3,Cell type 1
2241,-5.81722166796909,-1.2710733312017624,0,Sample 1,Cell type 1
2242,-0.25576909393930075,8.411012358816098,5,Sample 3,Cell type 2
2243,1.0024761581839985,4.480032127665773,5,Sample 3,Cell type 2
2244,8.394916367833881,0.8120442599491073,3,Sample 1,Cell type 2
2245,-4.161915743023975,-7.3857890742248795,2,Sample 3,Cell type 1
2246,-0.39131522403499525,7.7340348201365465,5,Sample 3,Cell type 2
2247,1.398051453977841,-7.803495976548536,4,Sample 2,Cell type 2
2248,-5.2038356889648485,-0.8634953130511318,0,Sample 1,Cell type 1
2249,-1.7387774146933648,-6.537343702817702,2,Sample 3,Cell type 1
2250,-0.19747108887486334,7.2114353125793045,5,Sample 3,Cell type 2
2251,-2.8013226887000515,-8.614529001872766,2,Sample 3,Cell type 1
2252,7.026100380176969,-1.190112691214966,3,Sample 1,Cell type 2
2253,-0.6973219603219762,6.520653918993853,5,Sample 3,Cell type 2
2254,3.4472925796612737,-8.658643215622908,4,Sample 2,Cell type 2
2255,-4.031593575261262,0.019180483804748,0,Sample 1,Cell type 1
2256,9.023111915216884,0.12989382455343315,3,Sample 1,Cell type 2
2257,2.8669207631534595,-6.477100414034477,4,Sample 2,Cell type 2
2258,1.3270338066404301,7.367749672807525,5,Sample 3,Cell type 2
2259,4.331978311047635,-5.2071150332522915,4,Sample 2,Cell type 2
2260,-1.8553708009010246,6.279842231202307,5,Sample 3,Cell type 2
2261,-4.80812303458608,-0.6767723985649372,0,Sample 1,Cell type 1
2262,0.43367945554664233,0.49253831764017025,1,Sample 2,Cell type 1
2263,0.3424682747846726,7.621630800413773,5,Sample 3,Cell type 2
2264,0.15406842937109663,5.971351708255106,5,Sample 3,Cell type 2
2265,3.1813288585485795,-7.227362381922373,4,Sample 2,Cell type 2
2266,0.33628806505903347,6.76368190661594,5,Sample 3,Cell type 2
2267,-3.132265214637261,-0.6202690362806111,0,Sample 1,Cell type 1
2268,0.19504767791059469,5.724858824845729,5,Sample 3,Cell type 2
2269,-0.3625500856273236,6.847604028596457,5,Sample 3,Cell type 2
2270,6.798562207265895,-0.5866997242782428,3,Sample 1,Cell type 2
2271,0.03916320177911947,0.5023255630666557,1,Sample 2,Cell type 1
2272,2.6580166764332396,-7.922275675068751,4,Sample 2,Cell type 2
2273,-2.1923573074405303,-7.054033787519708,2,Sample 3,Cell type 1
2274,-5.965468723165825,0.2153221777000346,0,Sample 1,Cell type 1
2275,-4.739202628793229,1.8678607187808949,0,Sample 1,Cell type 1
2276,0.0010849278260018132,-0.7353797679613716,1,Sample 2,Cell type 1
2277,-5.059471818782585,-1.089914579786211,0,Sample 1,Cell type 1
2278,-3.2617908713130808,-6.166895011447551,2,Sample 3,Cell type 1
2279,-4.049548871840553,0.2009150227162437,0,Sample 1,Cell type 1
2280,2.4737445706960957,-6.874612332343396,4,Sample 2,Cell type 2
2281,0.856304349352278,-0.3298563183312467,1,Sample 2,Cell type 1
2282,-5.096327323959102,-0.9317180901774367,0,Sample 1,Cell type 1
2283,-4.789592679388327,-1.4003060815832646,0,Sample 1,Cell type 1
2284,8.934760160583611,0.09318433855425785,3,Sample 1,Cell type 2
2285,-0.011129344418128084,6.7045111515784965,5,Sample 3,Cell type 2
2286,0.01879783946636561,0.20763081514681514,1,Sample 2,Cell type 1
2287,0.031834275379775206,6.0219602697537455,5,Sample 3,Cell type 2
2288,-5.288312577374888,0.38174935176172475,0,Sample 1,Cell type 1
2289,-1.1633628124370363,-0.4789517068144706,1,Sample 2,Cell type 1
2290,1.626755806682585,-8.217579300067635,4,Sample 2,Cell type 2
2291,1.7567361805656814,7.070143566902389,5,Sample 3,Cell type 2
2292,0.3533976711762672,-7.508732865289363,4,Sample 2,Cell type 2
2293,-0.2878627709293596,0.13658219302386634,1,Sample 2,Cell type 1
2294,-4.568918156828247,0.30029589475825347,0,Sample 1,Cell type 1
2295,2.0158193240602404,-6.580199862843765,4,Sample 2,Cell type 2
2296,-2.0563121873369865,-7.051765977704917,2,Sample 3,Cell type 1
2297,-2.0508137654760255,-8.523043748478996,2,Sample 3,Cell type 1
2298,7.672011810452753,-1.0347367256076652,3,Sample 1,Cell type 2
2299,0.9877364742178473,5.9452594636991245,5,Sample 3,Cell type 2
2300,-1.8827279632524228,-8.938357516412315,2,Sample 3,Cell type 1
2301,8.803938097503943,-0.2835737351180311,3,Sample 1,Cell type 2
2302,7.807895435685376,1.7255332335835107,3,Sample 1,Cell type 2
2303,-0.2707737724267436,-1.0885292418769248,1,Sample 2,Cell type 1
2304,8.23053501445194,0.2987266029370986,3,Sample 1,Cell type 2
2305,-1.4365890552227683,-4.890711352468637,2,Sample 3,Cell type 1
2306,-4.7064802799820935,-1.1260022187467726,0,Sample 1,Cell type 1
2307,8.821065400497579,-0.02723675183728718,3,Sample 1,Cell type 2
2308,1.0665062852247142,7.95535824145826,5,Sample 3,Cell type 2
2309,1.6876110760109624,-4.571504047656621,4,Sample 2,Cell type 2
2310,0.9895173942560879,6.683505834549206,5,Sample 3,Cell type 2
2311,-0.08501284299780248,0.37764897482170634,1,Sample 2,Cell type 1
2312,-5.108853333747003,0.377579199516325,0,Sample 1,Cell type 1
2313,-1.5210606164579206,-6.37754328239075,2,Sample 3,Cell type 1
2314,-0.5377591752224774,1.280132875528657,1,Sample 2,Cell type 1
2315,0.4100822190797353,6.286100922513669,5,Sample 3,Cell type 2
2316,-0.15909674680420388,-1.393756468977372,1,Sample 2,Cell type 1
2317,1.4989052772964773,-8.050981674309929,4,Sample 2,Cell type 2
2318,0.03682725785614902,-0.9019687102033255,1,Sample 2,Cell type 1
2319,-0.8307651566840198,6.757455619866413,5,Sample 3,Cell type 2
2320,0.07544396513642485,1.2694132306831534,1,Sample 2,Cell type 1
2321,7.48963642073102,0.9275938274174035,3,Sample 1,Cell type 2
2322,2.6541849827778528,1.120211622663108,1,Sample 2,Cell type 1
2323,7.245163303608112,-1.8225359223085558,3,Sample 1,Cell type 2
2324,-0.06865033656562441,5.504577109739807,5,Sample 3,Cell type 2
2325,-5.9422198844137455,0.48298747727455754,0,Sample 1,Cell type 1
2326,0.29293660109215586,7.989626017894903,5,Sample 3,Cell type 2
2327,7.847139756478307,-0.7289010891804674,3,Sample 1,Cell type 2
2328,-1.5279495467746207,-6.151490337273932,2,Sample 3,Cell type 1
2329,1.3445353292779778,6.702407203861301,5,Sample 3,Cell type 2
2330,-4.644993071859533,-0.3788860327382367,0,Sample 1,Cell type 1
2331,0.7014895295698365,-7.634785051524263,4,Sample 2,Cell type 2
2332,-2.8894964952295497,-6.285563379570566,2,Sample 3,Cell type 1
2333,-4.268726759845221,1.2206160257137406,0,Sample 1,Cell type 1
2334,-0.4780928651468387,0.43548898606923575,1,Sample 2,Cell type 1
2335,1.7231292590498546,-5.163879502602773,4,Sample 2,Cell type 2
2336,7.300396736655478,0.8724323721672489,3,Sample 1,Cell type 2
2337,9.166836040332303,-0.37600471126225693,3,Sample 1,Cell type 2
2338,6.49162387295725,-0.6793795769147289,3,Sample 1,Cell type 2
2339,-0.33234942532158285,0.12904962060802597,1,Sample 2,Cell type 1
2340,-1.8219224828478122,-7.5530849053219855,2,Sample 3,Cell type 1
2341,-4.889932247270945,0.48896822613274915,0,Sample 1,Cell type 1
2342,2.7957796232243277,-7.516437922519107,4,Sample 2,Cell type 2
2343,1.7220159651978522,-5.569429267506524,4,Sample 2,Cell type 2
2344,2.343810024194751,-6.625777546851599,4,Sample 2,Cell type 2
2345,0.2799989920288757,-1.7006843628865378,1,Sample 2,Cell type 1
2346,2.012674294143548,-7.091805652114536,4,Sample 2,Cell type 2
2347,-4.925944409652118,0.9589323375588161,0,Sample 1,Cell type 1
2348,2.5019652317533323,-8.237576709850376,4,Sample 2,Cell type 2
2349,8.05345017512824,0.4587147695180961,3,Sample 1,Cell type 2
2350,-1.691197755694743,-6.966073084188469,2,Sample 3,Cell type 1
2351,-1.789072250037233,-6.127387876822384,2,Sample 3,Cell type 1
2352,7.345493711467695,0.9886363884466368,3,Sample 1,Cell type 2
2353,6.289486964462398,-0.7749447049490179,3,Sample 1,Cell type 2
2354,1.9229515635428345,-7.238558497199722,4,Sample 2,Cell type 2
2355,-2.1846668052522955,-7.759891633464764,2,Sample 3,Cell type 1
2356,0.9735900549055458,-1.1809972740882657,1,Sample 2,Cell type 1
2357,-0.8336152013296958,6.7643973498915635,5,Sample 3,Cell type 2
2358,0.26297345549373585,-0.16859611656573723,1,Sample 2,Cell type 1
2359,3.5984955435381094,-5.18780113481617,4,Sample 2,Cell type 2
2360,7.064707226306188,-0.22205198170299648,3,Sample 1,Cell type 2
2361,7.256669972914947,-0.024645888363369617,3,Sample 1,Cell type 2
2362,0.5293415379922788,6.364172049310783,5,Sample 3,Cell type 2
2363,0.9625026493117708,6.996271673550261,5,Sample 3,Cell type 2
2364,-0.044519914190926366,6.7733991934662585,5,Sample 3,Cell type 2
2365,6.76546050987476,-1.3095491445814968,3,Sample 1,Cell type 2
2366,8.20573177471815,-0.8082245036920126,3,Sample 1,Cell type 2
2367,-1.5366713557930631,-5.855296820255209,2,Sample 3,Cell type 1
2368,7.952249726516361,-0.8016739771970373,3,Sample 1,Cell type 2
2369,-5.518074043613996,0.1098088331808253,0,Sample 1,Cell type 1
2370,-0.18527348779230635,-0.671920511886215,1,Sample 2,Cell type 1
2371,6.510975370744625,0.6186840796138537,3,Sample 1,Cell type 2
2372,8.156795643330776,-0.8379015404691974,3,Sample 1,Cell type 2
2373,-2.7364720729178535,-8.436304571716702,2,Sample 3,Cell type 1
2374,-2.2058301394506064,-8.25036885718989,2,Sample 3,Cell type 1
2375,-0.7299007772659604,-1.002641805145794,1,Sample 2,Cell type 1
2376,-5.407075687324169,-2.181491393966061,0,Sample 1,Cell type 1
2377,-0.6381188618674414,1.7579332237739114,1,Sample 2,Cell type 1
2378,-2.2291128601893786,7.4509810083778945,5,Sample 3,Cell type 2
2379,0.5894780257995208,0.729718781032539,1,Sample 2,Cell type 1
2380,-4.614065149702484,0.6237950465368297,0,Sample 1,Cell type 1
2381,-4.345133410726718,0.04675129722656949,0,Sample 1,Cell type 1
2382,-3.676632804007868,-8.438084921045354,2,Sample 3,Cell type 1
2383,0.06835974112447867,0.6684141765237501,1,Sample 2,Cell type 1
2384,7.4383981566002255,0.025898007672898727,3,Sample 1,Cell type 2
2385,-5.516295806192213,-0.49217304711635296,0,Sample 1,Cell type 1
2386,-5.265454710462825,1.1229678654063604,0,Sample 1,Cell type 1
2387,5.943735399446922,1.7576256442405598,3,Sample 1,Cell type 2
2388,-0.37942408029626346,7.9405505307080855,5,Sample 3,Cell type 2
2389,0.4428169631935194,-0.47343135840082234,1,Sample 2,Cell type 1
2390,-3.6180218801943065,-8.013028402628771,2,Sample 3,Cell type 1
2391,0.9868223104297953,-0.5631095587465912,1,Sample 2,Cell type 1
2392,0.8960233626018268,1.532855348926234,1,Sample 2,Cell type 1
2393,1.503816737619349,-5.798944479995946,4,Sample 2,Cell type 2
2394,-6.453618634314958,1.0482654190114542,0,Sample 1,Cell type 1
2395,6.549609169265841,-0.9450493108408676,3,Sample 1,Cell type 2
2396,-2.901349342475044,-6.89817358865228,2,Sample 3,Cell type 1
2397,8.229024514655505,-0.652374975420047,3,Sample 1,Cell type 2
2398,7.468413179893865,-0.7685396176140504,3,Sample 1,Cell type 2
2399,-1.3654563270045112,0.675521250769589,1,Sample 2,Cell type 1
2400,-1.1854187279519266,0.6984251224591278,1,Sample 2,Cell type 1
2401,0.0026333700114939294,7.1601175522704885,5,Sample 3,Cell type 2
2402,1.6831248235391747,6.550718201551662,5,Sample 3,Cell type 2
2403,1.342049763852162,6.729517613339109,5,Sample 3,Cell type 2
2404,2.3541441081668584,-5.924340329639725,4,Sample 2,Cell type 2
2405,2.14139925250957,-7.401978742133146,4,Sample 2,Cell type 2
2406,-0.29316500386435795,7.102001017514771,5,Sample 3,Cell type 2
2407,7.528583510923306,0.06810618655204752,3,Sample 1,Cell type 2
2408,-1.0048719959537933,1.1122304580062448,1,Sample 2,Cell type 1
2409,-1.0380154595363635,1.0235830881282564,1,Sample 2,Cell type 1
2410,-6.064932661399197,-1.8353089599840906,0,Sample 1,Cell type 1
2411,-1.7625640586745344,-6.618499465800412,2,Sample 3,Cell type 1
2412,1.2182491598311607,-5.27955453964301,4,Sample 2,Cell type 2
2413,-1.670339958469593,7.4376585742668055,5,Sample 3,Cell type 2
2414,-0.9957871821062714,-7.811238111907457,2,Sample 3,Cell type 1
2415,-3.8207221284923527,1.2561154297109605,0,Sample 1,Cell type 1
2416,8.50887032125294,0.7250172325255562,3,Sample 1,Cell type 2
2417,0.7410808661060803,7.851070084810867,5,Sample 3,Cell type 2
2418,-0.1616673354529638,7.701217563029517,5,Sample 3,Cell type 2
2419,0.0912806678156921,6.321663119624429,5,Sample 3,Cell type 2
2420,7.684910118332673,-0.698045944142152,3,Sample 1,Cell type 2
2421,1.6250540038510075,-6.928378408099095,4,Sample 2,Cell type 2
2422,8.843702793998883,-0.14411712563814344,3,Sample 1,Cell type 2
2423,-2.42545068653371,-7.655354710872834,2,Sample 3,Cell type 1
2424,0.7050514583543359,-0.22638499744004614,1,Sample 2,Cell type 1
2425,-3.036770267171992,-7.269263595184691,2,Sample 3,Cell type 1
2426,8.739462842854106,0.9180328562118808,3,Sample 1,Cell type 2
2427,-5.629752957193327,0.19258191966079982,0,Sample 1,Cell type 1
2428,-0.08783450113897284,5.4849560802614565,5,Sample 3,Cell type 2
2429,-1.6485140224854236,-0.9461789204754101,1,Sample 2,Cell type 1
2430,-0.42323014463972164,8.348691724602869,5,Sample 3,Cell type 2
2431,-3.5700670775814656,-7.044892138715306,2,Sample 3,Cell type 1
2432,7.528928832268105,-1.553194012331316,3,Sample 1,Cell type 2
2433,-1.9261547689919123,-6.76710717528047,2,Sample 3,Cell type 1
2434,-3.546161879477502,-0.2900884222902059,0,Sample 1,Cell type 1
2435,-0.6093100591113092,6.663048970113778,5,Sample 3,Cell type 2
2436,-3.3380267035571007,-0.9630762896935373,0,Sample 1,Cell type 1
2437,8.315889741398967,0.06502684341412424,3,Sample 1,Cell type 2
2438,2.0678070092808403,-6.758034292239107,4,Sample 2,Cell type 2
2439,-4.774556434688711,0.3118033885472781,0,Sample 1,Cell type 1
2440,-5.422526947341457,0.4883040392273682,0,Sample 1,Cell type 1
2441,8.350780594112278,-0.4973124115069672,3,Sample 1,Cell type 2
2442,2.958365791277807,-7.554464093802691,4,Sample 2,Cell type 2
2443,-0.39304776243653594,-0.05951935316324021,1,Sample 2,Cell type 1
2444,-2.815764487068827,-8.996512984045973,2,Sample 3,Cell type 1
2445,0.18313380310705887,5.730277943418137,5,Sample 3,Cell type 2
2446,1.498727010550226,6.839163803892854,5,Sample 3,Cell type 2
2447,-3.123115696810415,-7.59313534739978,2,Sample 3,Cell type 1
2448,-4.723333971971809,0.7341634912853671,0,Sample 1,Cell type 1
2449,-3.144646781027242,1.087529607533828,0,Sample 1,Cell type 1
2450,-3.7147957624431083,-5.408647636246195,2,Sample 3,Cell type 1
2451,-0.4979169016558195,6.483667170136614,5,Sample 3,Cell type 2
2452,1.151566802784143,-1.995136955418658,1,Sample 2,Cell type 1
2453,-1.038926401409686,-1.5766459260765473,1,Sample 2,Cell type 1
2454,0.16082524512942806,1.1062933058673454,1,Sample 2,Cell type 1
2455,-1.3591136399308235,-6.740144797291148,2,Sample 3,Cell type 1
2456,6.520429887894439,2.3044526634201157,3,Sample 1,Cell type 2
2457,-0.3839396726574334,6.8877536575871625,5,Sample 3,Cell type 2
2458,-1.8494557945130392,-6.89938075761695,2,Sample 3,Cell type 1
2459,7.462876683918717,1.9432090391429626,3,Sample 1,Cell type 2
2460,-2.1568213489616936,-6.719512429595699,2,Sample 3,Cell type 1
2461,1.0056589343122149,1.3036493069036337,1,Sample 2,Cell type 1
2462,-6.1263854817714,1.2993881436659336,0,Sample 1,Cell type 1
2463,-6.027520202720154,-0.1742935133517463,0,Sample 1,Cell type 1
2464,-0.3655362749164232,6.147715510944387,5,Sample 3,Cell type 2
2465,-4.798477279341805,1.2277263869764599,0,Sample 1,Cell type 1
2466,-5.049727261128466,-5.776729455252378,2,Sample 3,Cell type 1
2467,-4.910600925113696,0.6762484110346102,0,Sample 1,Cell type 1
2468,-2.7184288730427535,-8.701009154064648,2,Sample 3,Cell type 1
2469,1.6930730134175276,-6.483897255980141,4,Sample 2,Cell type 2
2470,0.5609123069749357,8.473409611001536,5,Sample 3,Cell type 2
2471,0.7742993034750484,4.509407119657842,5,Sample 3,Cell type 2
2472,-1.1516830635143187,5.98821991274772,5,Sample 3,Cell type 2
2473,-1.440533533134095,-6.876928017340693,2,Sample 3,Cell type 1
2474,0.6873013347470958,7.360663528322451,5,Sample 3,Cell type 2
2475,2.7246485123887405,-9.196633613297575,4,Sample 2,Cell type 2
2476,-4.945792811053076,2.2169179012367577,0,Sample 1,Cell type 1
2477,7.035685218180894,-0.8328530318786604,3,Sample 1,Cell type 2
2478,-1.3386370017635791,7.078484492833541,5,Sample 3,Cell type 2
2479,-2.8442071579023613,-8.778366969902457,2,Sample 3,Cell type 1
2480,-0.4067544347206899,-0.7104046551477069,1,Sample 2,Cell type 1
2481,7.775521097792479,-0.20795358315680873,3,Sample 1,Cell type 2
2482,7.169516459209427,0.2588075146505953,3,Sample 1,Cell type 2
2483,-0.7473999659009087,0.47026269473918175,1,Sample 2,Cell type 1
2484,-5.972956994839907,0.5543420462498374,0,Sample 1,Cell type 1
2485,2.299276886860238,-6.746167410584001,4,Sample 2,Cell type 2
2486,7.170890625722532,0.4538436732345456,3,Sample 1,Cell type 2
2487,-0.13494664717119842,-1.2898366330722408,1,Sample 2,Cell type 1
2488,7.849937019237342,-1.056485993675426,3,Sample 1,Cell type 2
2489,1.0196337485709313,8.85438042860023,5,Sample 3,Cell type 2
2490,-5.308418834672314,-0.33429677939621233,0,Sample 1,Cell type 1
2491,2.307466180283951,-7.879251165443694,4,Sample 2,Cell type 2
2492,-5.859610321414418,0.381239159034115,0,Sample 1,Cell type 1
2493,-1.1417820879359044,-6.454954390631818,2,Sample 3,Cell type 1
2494,-1.4378846436326251,-5.970136238296055,2,Sample 3,Cell type 1
2495,1.5126891420493709,6.997978418418591,5,Sample 3,Cell type 2
2496,0.4062127930781694,5.936925814513452,5,Sample 3,Cell type 2
2497,-0.44203837242789423,-0.25638794403270376,1,Sample 2,Cell type 1
2498,0.10651505908965951,7.352396057734085,5,Sample 3,Cell type 2
2499,0.31280545242319685,0.07802792947295693,1,Sample 2,Cell type 1
2500,3.0141017892126154,-5.748420763645038,4,Sample 2,Cell type 2
2501,-7.277258770471697,-0.25740379969209976,0,Sample 1,Cell type 1
2502,0.6058203230096717,7.274576864236078,5,Sample 3,Cell type 2
2503,-5.0032422851815115,-1.0425282202732886,0,Sample 1,Cell type 1
2504,-0.8035087639426957,0.4622530178079866,1,Sample 2,Cell type 1
2505,-0.14983702585339131,6.125929117775808,5,Sample 3,Cell type 2
2506,-0.921293771517643,6.742882106716963,5,Sample 3,Cell type 2
2507,2.07327487689431,-1.3314998008257517,1,Sample 2,Cell type 1
2508,-4.471975578672253,-0.427413290960272,0,Sample 1,Cell type 1
2509,-1.3443137854466944,-9.183752863481688,2,Sample 3,Cell type 1
2510,6.564799948469035,1.5187932497131142,3,Sample 1,Cell type 2
2511,2.5569089318617912,-7.248255963906811,4,Sample 2,Cell type 2
2512,-3.0770028342021805,-4.458102468097258,2,Sample 3,Cell type 1
2513,-1.8949359327636381,-8.3504288942467,2,Sample 3,Cell type 1
2514,-1.1926414396779856,8.894577975401052,5,Sample 3,Cell type 2
2515,2.799484430773309,-6.496154396054746,4,Sample 2,Cell type 2
2516,1.4164777159302577,-6.79726898621476,4,Sample 2,Cell type 2
2517,-1.935154332194352,-7.25155671696688,2,Sample 3,Cell type 1
2518,7.295751780475868,0.3600000050522098,3,Sample 1,Cell type 2
2519,6.254993300725551,0.8115558274262465,3,Sample 1,Cell type 2
2520,3.0519389901950293,-5.976000897398204,4,Sample 2,Cell type 2
2521,-4.2430774322522185,-7.685219742828046,2,Sample 3,Cell type 1
2522,6.9709293255828,0.20754976388959298,3,Sample 1,Cell type 2
2523,-4.563740464434972,-0.7617209894917862,0,Sample 1,Cell type 1
2524,-2.7497898306839965,-5.837853544885709,2,Sample 3,Cell type 1
2525,7.11451356798202,-0.009418616147456404,3,Sample 1,Cell type 2
2526,-0.03537655886486807,-0.12104710596155945,1,Sample 2,Cell type 1
2527,-2.276507371735706,-6.929694038287585,2,Sample 3,Cell type 1
2528,7.666473517565841,0.4074807168690251,3,Sample 1,Cell type 2
2529,-5.071677252121144,0.4071346166247605,0,Sample 1,Cell type 1
2530,-0.31149384460201374,7.764680304435987,5,Sample 3,Cell type 2
2531,-4.949015067592604,0.4767234789210577,0,Sample 1,Cell type 1
2532,-3.9067308759141284,-8.061513698057002,2,Sample 3,Cell type 1
2533,7.254439908293882,0.8731575743110732,3,Sample 1,Cell type 2
2534,-0.7621658695128282,1.124657014767,1,Sample 2,Cell type 1
2535,-0.733838065484509,-0.9596114387093025,1,Sample 2,Cell type 1
2536,0.985106209152416,8.11284056096576,5,Sample 3,Cell type 2
2537,-2.5416350955397085,-6.897308656996132,2,Sample 3,Cell type 1
2538,-3.4246631963734098,-7.335941421347183,2,Sample 3,Cell type 1
2539,2.98191287266867,-5.911890820989102,4,Sample 2,Cell type 2
2540,0.06587729190152505,-0.135218689918434,1,Sample 2,Cell type 1
2541,-1.2481248777987395,-8.220373310373967,2,Sample 3,Cell type 1
2542,6.697610859130946,0.0627338424863522,3,Sample 1,Cell type 2
2543,8.792786567602981,-0.63352469287399,3,Sample 1,Cell type 2
2544,-2.5493005243049427,-7.830171686359558,2,Sample 3,Cell type 1
2545,0.41688566288921075,-1.2304240258142212,1,Sample 2,Cell type 1
2546,-4.504953110877903,-0.8715100093772717,0,Sample 1,Cell type 1
2547,3.2607459673378862,-6.456596677402337,4,Sample 2,Cell type 2
2548,2.3259931452883396,-6.192882401170088,4,Sample 2,Cell type 2
2549,-3.8597799657320397,-0.6369025190569026,0,Sample 1,Cell type 1
2550,0.07678632830852165,-0.7274391494768337,1,Sample 2,Cell type 1
2551,1.1434967616544554,-7.501046108071447,4,Sample 2,Cell type 2
2552,-1.136099672482977,-6.656439247933742,2,Sample 3,Cell type 1
2553,0.16545106469025392,2.423730297582447,1,Sample 2,Cell type 1
2554,-5.434867816069437,1.4165880869610297,0,Sample 1,Cell type 1
2555,-4.021604464845806,-7.880649591279946,2,Sample 3,Cell type 1
2556,-4.01965466926165,-8.008042680222886,2,Sample 3,Cell type 1
2557,-0.10181524726416637,-1.169294727101242,1,Sample 2,Cell type 1
2558,-3.393579400976991,-8.300684737971004,2,Sample 3,Cell type 1
2559,0.37237878265264884,7.218205162572238,5,Sample 3,Cell type 2
2560,8.491564075607588,0.4427941381528465,3,Sample 1,Cell type 2
2561,-0.6433265330923235,8.61507236355299,5,Sample 3,Cell type 2
2562,2.1713538794516243,0.7061438591082214,1,Sample 2,Cell type 1
2563,-0.5320321469330495,7.295814114546834,5,Sample 3,Cell type 2
2564,0.012845761052790696,-0.8585454774569804,1,Sample 2,Cell type 1
2565,2.964757001007921,-8.120546101153595,4,Sample 2,Cell type 2
2566,6.934196777672225,-2.3563198788230517,3,Sample 1,Cell type 2
2567,-2.687801534098419,-7.281401601159121,2,Sample 3,Cell type 1
2568,-3.890443612009083,-7.485374513016943,2,Sample 3,Cell type 1
2569,6.126985462745025,-1.0387470463015873,3,Sample 1,Cell type 2
2570,-2.6246610201465024,-7.381501038090117,2,Sample 3,Cell type 1
2571,-2.801719673681224,-8.206958241971412,2,Sample 3,Cell type 1
2572,-2.9468785619337723,-8.038143183386305,2,Sample 3,Cell type 1
2573,-6.0762947558316664,0.4001424013981267,0,Sample 1,Cell type 1
2574,0.9586547691429479,1.3073550709375614,1,Sample 2,Cell type 1
2575,-4.747107319038471,-0.5604295678385345,0,Sample 1,Cell type 1
2576,0.7085486638106226,7.413617939479959,5,Sample 3,Cell type 2
2577,2.24633963554261,-7.57318882678579,4,Sample 2,Cell type 2
2578,0.2698153867468474,5.5099245758469255,5,Sample 3,Cell type 2
2579,-0.06727519203542487,-7.207595499975738,2,Sample 3,Cell type 1
2580,-1.5171038944158166,-7.493114773786242,2,Sample 3,Cell type 1
2581,-2.365361838233091,-6.911955542762869,2,Sample 3,Cell type 1
2582,-3.612101042688912,1.8054835993432106,0,Sample 1,Cell type 1
2583,6.496920916492744,-1.56528463695552,3,Sample 1,Cell type 2
2584,-2.5463706356721816,-6.547218668238628,2,Sample 3,Cell type 1
2585,-3.9045573312570534,1.3691844467302063,0,Sample 1,Cell type 1
2586,-0.17522756650501353,-0.057769359397647976,1,Sample 2,Cell type 1
2587,4.1776436773705825,-8.927287792287734,4,Sample 2,Cell type 2
2588,-4.636642918697051,-0.021776045751824548,0,Sample 1,Cell type 1
2589,2.5294962738002034,-6.980899614249167,4,Sample 2,Cell type 2
2590,-2.4628412899713044,-6.066556991207581,2,Sample 3,Cell type 1
2591,-1.6342115298353432,-7.213310773011365,2,Sample 3,Cell type 1
2592,0.17593355839796174,-0.08896068111537545,1,Sample 2,Cell type 1
2593,-5.545053985763178,1.6434087421922425,0,Sample 1,Cell type 1
2594,8.36774029575478,-0.2749002321975138,3,Sample 1,Cell type 2
2595,-2.5229447157266796,-7.195442926423171,2,Sample 3,Cell type 1
2596,-0.5372768580489665,-2.1512739307224944,1,Sample 2,Cell type 1
2597,0.9656802429894107,2.1274852451574247,1,Sample 2,Cell type 1
2598,-1.3727133420736923,-7.701117479367987,2,Sample 3,Cell type 1
2599,-3.896361024153036,-6.404153348717374,2,Sample 3,Cell type 1
2600,-1.533484428144047,-0.8320193893165989,1,Sample 2,Cell type 1
2601,3.2403156290804325,-8.1803895694333,4,Sample 2,Cell type 2
2602,3.63969724116066,-6.361060526667487,4,Sample 2,Cell type 2
2603,-2.2589407259203,-7.741181473563264,2,Sample 3,Cell type 1
2604,7.126832542067373,-0.6518722807869001,3,Sample 1,Cell type 2
2605,4.346865980279741,-8.535363185401662,4,Sample 2,Cell type 2
2606,0.12589850955521464,0.896506393420016,1,Sample 2,Cell type 1
2607,-6.3729726538322655,-0.62271726289312,0,Sample 1,Cell type 1
2608,-0.06657557723494023,-0.06809904389324724,1,Sample 2,Cell type 1
2609,-3.609286280098252,-7.616042557551517,2,Sample 3,Cell type 1
2610,0.9297156511552287,-7.949791742733214,4,Sample 2,Cell type 2
2611,-0.5458530493941657,0.4103137756536324,1,Sample 2,Cell type 1
2612,-2.0677655487346676,-7.9495969079324045,2,Sample 3,Cell type 1
2613,7.687968188280898,0.05239145437655082,3,Sample 1,Cell type 2
2614,-0.24870176553979562,7.390374717364866,5,Sample 3,Cell type 2
2615,1.0802355747649464,-0.41684522587685907,1,Sample 2,Cell type 1
2616,6.120584426168639,-1.0157316057873311,3,Sample 1,Cell type 2
2617,-0.979729959713489,-5.497069496735825,2,Sample 3,Cell type 1
2618,-3.3105313172824555,-8.01950645614097,2,Sample 3,Cell type 1
2619,7.80003286613479,-2.243529449455818,3,Sample 1,Cell type 2
2620,-3.8308994114616572,-5.494960686312226,2,Sample 3,Cell type 1
2621,2.399337606322318,-7.4074211336585805,4,Sample 2,Cell type 2
2622,-0.6677138183363864,-6.577919729666379,2,Sample 3,Cell type 1
2623,-3.1744219204805,-7.199382937825364,2,Sample 3,Cell type 1
2624,7.26207975011688,-0.6967834365176105,3,Sample 1,Cell type 2
2625,-5.233632216227244,-1.3528286578062956,0,Sample 1,Cell type 1
2626,0.7030578026588392,6.806150540025931,5,Sample 3,Cell type 2
2627,5.930694657843118,0.14114071448837387,3,Sample 1,Cell type 2
2628,-5.993029945556486,-1.9376015336572345,0,Sample 1,Cell type 1
2629,6.387169542066886,1.146996205064013,3,Sample 1,Cell type 2
2630,2.152579481916372,-7.824179537020204,4,Sample 2,Cell type 2
2631,2.033225802263882,-5.453472403812512,4,Sample 2,Cell type 2
2632,0.5996812508182907,0.41633216356855607,1,Sample 2,Cell type 1
2633,-2.3602075007205388,-6.641667461389717,2,Sample 3,Cell type 1
2634,1.565009697417821,0.8809722457036159,1,Sample 2,Cell type 1
2635,2.615134482137121,-6.427846126203505,4,Sample 2,Cell type 2
2636,-4.144618545632555,-0.5192132900961628,0,Sample 1,Cell type 1
2637,7.709738656376535,-0.6462583052564379,3,Sample 1,Cell type 2
2638,-0.026823403666296573,7.472126214742853,5,Sample 3,Cell type 2
2639,-5.005463820385904,0.7546416970064778,0,Sample 1,Cell type 1
2640,0.44021750098435886,7.049653574084317,5,Sample 3,Cell type 2
2641,-1.0614322094693556,0.15502894776993376,1,Sample 2,Cell type 1
2642,7.24608680075948,1.1076326144860231,3,Sample 1,Cell type 2
2643,-4.81736928123383,-1.3641697034975089,0,Sample 1,Cell type 1
2644,-0.5500696520252574,6.250849499527502,5,Sample 3,Cell type 2
2645,-5.277000411457701,0.19723529489754507,0,Sample 1,Cell type 1
2646,-0.386910094687098,8.509862897940522,5,Sample 3,Cell type 2
2647,-5.645140088542524,-1.679882955365754,0,Sample 1,Cell type 1
2648,0.7550464504226511,-0.5555278678922309,1,Sample 2,Cell type 1
2649,3.1113644379841143,-7.639122946153644,4,Sample 2,Cell type 2
2650,5.812493351275258,1.061989676720808,3,Sample 1,Cell type 2
2651,0.9623553357556649,6.812615267809031,5,Sample 3,Cell type 2
2652,8.178075726078983,0.08984368358979113,3,Sample 1,Cell type 2
2653,-2.909315245639924,-7.935825877924196,2,Sample 3,Cell type 1
2654,7.16899392608605,0.6322799825404701,3,Sample 1,Cell type 2
2655,-6.074273148580832,0.8272387562490013,0,Sample 1,Cell type 1
2656,-2.0673298782088145,-5.652960633298616,2,Sample 3,Cell type 1
2657,1.2225101231094913,-7.771698186592495,4,Sample 2,Cell type 2
2658,-3.769951147959474,-6.27716073164738,2,Sample 3,Cell type 1
2659,2.8858851329926876,-6.306582763881496,4,Sample 2,Cell type 2
2660,0.4603496178256753,1.7416386360542062,1,Sample 2,Cell type 1
2661,9.036596828603301,-0.6937369224558205,3,Sample 1,Cell type 2
2662,-5.709005376717415,-0.5587628384260044,0,Sample 1,Cell type 1
2663,-3.646941528409564,0.7896260615181042,0,Sample 1,Cell type 1
2664,-1.0704707035805952,1.478405657930367,1,Sample 2,Cell type 1
2665,7.675569232880342,0.4837308341457857,3,Sample 1,Cell type 2
2666,6.644141955214976,0.6263388908467648,3,Sample 1,Cell type 2
2667,2.87183272835736,-7.209887648385754,4,Sample 2,Cell type 2
2668,-0.3484175848105632,-0.0408700961390144,1,Sample 2,Cell type 1
2669,-5.995134201637343,-0.1934289272598618,0,Sample 1,Cell type 1
2670,-5.585578312209645,-0.43841284538822645,0,Sample 1,Cell type 1
2671,2.860577474505853,-7.709268628513304,4,Sample 2,Cell type 2
2672,-3.0461515542519675,-0.15829723118910297,0,Sample 1,Cell type 1
2673,-2.798823218344856,0.11629906377770476,0,Sample 1,Cell type 1
2674,0.9103167318675206,1.207328323977793,1,Sample 2,Cell type 1
2675,6.171363710398398,1.6250169894181339,3,Sample 1,Cell type 2
2676,7.519699939048351,0.2852568062857038,3,Sample 1,Cell type 2
2677,2.846691387033419,-5.9913828642196645,4,Sample 2,Cell type 2
2678,1.199033667029209,-6.6742771563425265,4,Sample 2,Cell type 2
2679,4.086681687283659,-7.456945092234743,4,Sample 2,Cell type 2
2680,8.480582924768976,2.128866994799976,3,Sample 1,Cell type 2
2681,-5.328789396180897,0.1662122752784176,0,Sample 1,Cell type 1
2682,-2.02364688104969,5.987413305679274,5,Sample 3,Cell type 2
2683,0.10933072139615205,7.282620342237503,5,Sample 3,Cell type 2
2684,-5.289471546095644,1.8690731852047568,0,Sample 1,Cell type 1
2685,7.471157255252658,0.030172232149728775,3,Sample 1,Cell type 2
2686,-2.5153054670354478,-6.54548102055361,2,Sample 3,Cell type 1
2687,2.4892023898350484,-7.8802207211703115,4,Sample 2,Cell type 2
2688,0.9778321106013436,7.4011838660954155,5,Sample 3,Cell type 2
2689,0.4498394723764284,5.2079738659408,5,Sample 3,Cell type 2
2690,0.3120389798444279,2.260400896425981,1,Sample 2,Cell type 1
2691,1.2290043333889598,6.958153076986098,5,Sample 3,Cell type 2
2692,-6.68765522268117,0.10352347123267545,0,Sample 1,Cell type 1
2693,-1.3794305039009378,-0.17665258624914312,1,Sample 2,Cell type 1
2694,2.974283252227378,-6.99319583764528,4,Sample 2,Cell type 2
2695,-4.22557386047623,-0.5247696947120446,0,Sample 1,Cell type 1
2696,-0.887223427801044,-0.25573958813591746,1,Sample 2,Cell type 1
2697,2.3681673963446546,-6.0942300639761005,4,Sample 2,Cell type 2
2698,-5.223822013565193,1.4466110184179934,0,Sample 1,Cell type 1
2699,-0.3348578927981933,7.2528020139410545,5,Sample 3,Cell type 2
2700,-5.302206229361115,1.5021193727604536,0,Sample 1,Cell type 1
2701,5.97516969360443,0.9059458869293652,3,Sample 1,Cell type 2
2702,-1.3885213636886813,-0.5694795268965351,1,Sample 2,Cell type 1
2703,-2.223388944962827,-7.222977176415738,2,Sample 3,Cell type 1
2704,2.878241676150905,-5.8255335800886225,4,Sample 2,Cell type 2
2705,0.8407272980103251,7.390107197529533,5,Sample 3,Cell type 2
2706,-6.266760525246039,-0.7000350188317878,0,Sample 1,Cell type 1
2707,-7.432909063699313,0.6100877875778169,0,Sample 1,Cell type 1
2708,-6.010449819406069,0.34416877156564557,0,Sample 1,Cell type 1
2709,5.790296747227007,-0.11543713243544775,3,Sample 1,Cell type 2
2710,1.304981193868512,-7.259679610613617,4,Sample 2,Cell type 2
2711,10.041798383755683,-0.31878574965790946,3,Sample 1,Cell type 2
2712,7.72836356709735,-1.6137687581211506,3,Sample 1,Cell type 2
2713,1.5577704249037845,-6.3898270261931245,4,Sample 2,Cell type 2
2714,0.2466349565843729,6.76066822533481,5,Sample 3,Cell type 2
2715,0.4813356027113192,1.1060824522401558,1,Sample 2,Cell type 1
2716,-2.1466292959141287,-6.591773028841703,2,Sample 3,Cell type 1
2717,7.539445919514385,0.8602224706012328,3,Sample 1,Cell type 2
2718,-1.2730939223809745,-7.273263465608201,2,Sample 3,Cell type 1
2719,1.3503070565391917,-5.959076513565185,4,Sample 2,Cell type 2
2720,-3.2617237478982757,-7.5264168880759925,2,Sample 3,Cell type 1
2721,2.439298097300336,-5.925749420344671,4,Sample 2,Cell type 2
2722,-2.204970033783289,-6.142769658742475,2,Sample 3,Cell type 1
2723,0.9296768114226279,5.821021101062501,5,Sample 3,Cell type 2
2724,8.385467109245532,0.11329787751899202,3,Sample 1,Cell type 2
2725,0.14444066157613206,1.991277935457518,1,Sample 2,Cell type 1
2726,-2.3763827685336674,-4.373643800445917,2,Sample 3,Cell type 1
2727,0.20361427980067934,8.006140440454438,5,Sample 3,Cell type 2
2728,6.857341393816039,1.0605773858073482,3,Sample 1,Cell type 2
2729,6.955583912464642,0.4480094784759997,3,Sample 1,Cell type 2
2730,-0.7903095332449074,6.113548487394671,5,Sample 3,Cell type 2
2731,0.1662917852241215,6.776875576831292,5,Sample 3,Cell type 2
2732,-2.935255425599893,-6.242397302694388,2,Sample 3,Cell type 1
2733,0.9188181705386482,-8.142084319529049,4,Sample 2,Cell type 2
2734,-6.241387305213075,-0.6578370359477271,0,Sample 1,Cell type 1
2735,6.882115122161608,1.0470384496471952,3,Sample 1,Cell type 2
2736,-4.771634304654884,0.42092385458888987,0,Sample 1,Cell type 1
2737,1.8159982318575585,7.039517471689441,5,Sample 3,Cell type 2
2738,-2.730706610535243,-7.484242982641125,2,Sample 3,Cell type 1
2739,7.8952351203303754,0.7498614881431637,3,Sample 1,Cell type 2
2740,7.597185528652706,2.346173246834793,3,Sample 1,Cell type 2
2741,3.5381525648033896,-5.953683698630944,4,Sample 2,Cell type 2
2742,-2.4600770822359537,-8.571136689573686,2,Sample 3,Cell type 1
2743,-0.32554528903553814,7.160802797697165,5,Sample 3,Cell type 2
2744,2.988181572578892,-7.728067503633221,4,Sample 2,Cell type 2
2745,1.3361899746355266,-6.9245147484151595,4,Sample 2,Cell type 2
2746,-4.921657638585646,-0.2691066154192807,0,Sample 1,Cell type 1
2747,1.7907571390902928,-6.408763840292121,4,Sample 2,Cell type 2
2748,-0.6453145342151426,-1.1561258391299725,1,Sample 2,Cell type 1
2749,1.0594879086752234,8.650721107926152,5,Sample 3,Cell type 2
2750,2.7329987641414353,-7.959222440213883,4,Sample 2,Cell type 2
2751,-3.1183126897295477,-8.215500367908685,2,Sample 3,Cell type 1
2752,2.842743776510728,-5.791550324783933,4,Sample 2,Cell type 2
2753,1.0725367473963585,-0.07534616386429081,1,Sample 2,Cell type 1
2754,-1.7804027244373293,0.04224141185433267,1,Sample 2,Cell type 1
2755,8.52235306134944,-0.13859789867804853,3,Sample 1,Cell type 2
2756,1.155162823840385,-6.837215999665811,4,Sample 2,Cell type 2
2757,7.731635795775614,-0.5677617626524699,3,Sample 1,Cell type 2
2758,-2.251076644968056,-6.992299527258085,2,Sample 3,Cell type 1
2759,-4.956330534849656,-0.747855104769934,0,Sample 1,Cell type 1
2760,-5.8906653229133035,0.8466940691893944,0,Sample 1,Cell type 1
2761,0.650697241161891,8.113964295174302,5,Sample 3,Cell type 2
2762,7.5664770909697925,1.074227881928636,3,Sample 1,Cell type 2
2763,-4.243441976145903,0.4920602113812414,0,Sample 1,Cell type 1
2764,-4.9369530531981365,1.0456904723473714,0,Sample 1,Cell type 1
2765,-0.4516057735303788,-1.2352189930956907,1,Sample 2,Cell type 1
2766,0.013224685989930113,7.3475498481985495,5,Sample 3,Cell type 2
2767,2.30134411873747,-8.199410596922684,4,Sample 2,Cell type 2
2768,-0.334672094050799,-0.6556154595123085,1,Sample 2,Cell type 1
2769,0.8688577361320536,1.1125176496255962,1,Sample 2,Cell type 1
2770,-3.814596439394121,-0.10626167429197086,0,Sample 1,Cell type 1
2771,-0.7021792162057164,1.1975174136351363,1,Sample 2,Cell type 1
2772,1.508072664461006,6.825404686690037,5,Sample 3,Cell type 2
2773,0.42872199242059733,0.4549231432499642,1,Sample 2,Cell type 1
2774,-1.150862269337331,5.896696962904048,5,Sample 3,Cell type 2
2775,-4.25970957910713,-1.09875928497392,0,Sample 1,Cell type 1
2776,-0.963767176815995,1.7202771784257511,1,Sample 2,Cell type 1
2777,-4.690743539388385,-1.5867361398264606,0,Sample 1,Cell type 1
2778,-4.372741035940338,-0.30043754078040896,0,Sample 1,Cell type 1
2779,-3.386189306362536,-7.7132711024036915,2,Sample 3,Cell type 1
2780,-0.927077449413987,9.201192612202316,5,Sample 3,Cell type 2
2781,-5.063448900253182,0.4378514794435817,0,Sample 1,Cell type 1
2782,6.663777293541218,-1.0206181673414623,3,Sample 1,Cell type 2
2783,-3.292678680642457,-5.3811474834838195,2,Sample 3,Cell type 1
2784,0.2691743331624532,-5.775895689837718,2,Sample 3,Cell type 1
2785,-1.563612196619645,-8.759543893286455,2,Sample 3,Cell type 1
2786,-4.797783746823303,0.8393317486857809,0,Sample 1,Cell type 1
2787,-1.4685751824879265,-9.55375579725764,2,Sample 3,Cell type 1
2788,0.5222490952641732,-5.858157494881087,4,Sample 2,Cell type 2
2789,-2.9659233155822933,-7.079282119626166,2,Sample 3,Cell type 1
2790,-0.056972900503203076,6.929270446377079,5,Sample 3,Cell type 2
2791,6.852009420100255,-0.8316565266069589,3,Sample 1,Cell type 2
2792,-6.4062912711978885,-0.47614740961166535,0,Sample 1,Cell type 1
2793,0.12020887398238038,7.608098007931279,5,Sample 3,Cell type 2
2794,3.2911127391013064,-7.851841716389585,4,Sample 2,Cell type 2
2795,8.453609015361058,-0.4997524472147965,3,Sample 1,Cell type 2
2796,-2.9327504105607813,-6.37344880255664,2,Sample 3,Cell type 1
2797,-0.06917886630329582,8.182125845192713,5,Sample 3,Cell type 2
2798,-3.036966152750557,-5.111854594780812,2,Sample 3,Cell type 1
2799,-1.086319483071494,-0.9677811537443141,1,Sample 2,Cell type 1
2800,-1.0052467956921274,6.057002548474811,5,Sample 3,Cell type 2
2801,-0.13922129802109923,7.642489699681124,5,Sample 3,Cell type 2
2802,-1.028717380866356,0.738142368079936,1,Sample 2,Cell type 1
2803,1.1698841191775442,6.357362430600291,5,Sample 3,Cell type 2
2804,-2.9389348356538703,-6.033100295706781,2,Sample 3,Cell type 1
2805,-2.5939085136882025,-6.646023654995209,2,Sample 3,Cell type 1
2806,-3.835650998431902,-7.187621389486367,2,Sample 3,Cell type 1
2807,-0.26773398078646515,1.180785364716552,1,Sample 2,Cell type 1
2808,0.26480171611214437,-0.2109670202846898,1,Sample 2,Cell type 1
2809,-3.320802939969719,0.4264496288206088,0,Sample 1,Cell type 1
2810,-2.6969796265620634,-6.310381322463542,2,Sample 3,Cell type 1
2811,9.838940610067123,-1.5516556297812318,3,Sample 1,Cell type 2
2812,1.8448308862073335,0.0006145370617343652,1,Sample 2,Cell type 1
2813,6.666699086497965,-0.10230002017329184,3,Sample 1,Cell type 2
2814,8.474699944665181,-0.9687430686618526,3,Sample 1,Cell type 2
2815,6.930054565760755,-0.08708409286820039,3,Sample 1,Cell type 2
2816,-0.49154949379621776,5.7269832897703115,5,Sample 3,Cell type 2
2817,9.208098563392834,-0.10243128457238225,3,Sample 1,Cell type 2
2818,-3.5703092185694163,-6.051412805935412,2,Sample 3,Cell type 1
2819,2.0460195850325475,-8.367903519657087,4,Sample 2,Cell type 2
2820,-4.42154951611921,1.1962372771191883,0,Sample 1,Cell type 1
2821,-4.496188596862064,0.9727026529991596,0,Sample 1,Cell type 1
2822,-7.917140606062166,-0.9219488772008608,0,Sample 1,Cell type 1
2823,-0.5442701980843915,-1.9850094513891623,1,Sample 2,Cell type 1
2824,-1.0430911243052188,-6.625756033490191,2,Sample 3,Cell type 1
2825,2.408107246997705,-6.966202231005493,4,Sample 2,Cell type 2
2826,-0.35990915591802336,0.24236527732266058,1,Sample 2,Cell type 1
2827,7.510676411262706,-0.8827092075722033,3,Sample 1,Cell type 2
2828,-2.7940059227581395,-6.887723110302459,2,Sample 3,Cell type 1
2829,7.979504888390362,-0.7249740142594685,3,Sample 1,Cell type 2
2830,8.613462720260108,-0.22902846898080736,3,Sample 1,Cell type 2
2831,-1.2824740546338709,6.1229927071507335,5,Sample 3,Cell type 2
2832,-3.7527625428565585,-5.466308129746794,2,Sample 3,Cell type 1
2833,6.497326777590221,-0.5678377503640111,3,Sample 1,Cell type 2
2834,7.4803289273020885,0.636508236423849,3,Sample 1,Cell type 2
2835,7.900406305508896,0.7656474550145822,3,Sample 1,Cell type 2
2836,2.37549824618526,-7.339681061017297,4,Sample 2,Cell type 2
2837,2.4154867881582573,-5.953299127265226,4,Sample 2,Cell type 2
2838,2.3341398983505592,-7.18525587392921,4,Sample 2,Cell type 2
2839,-3.5910283736890936,-0.05917523496568902,0,Sample 1,Cell type 1
2840,-2.036604763531265,-6.262067272628289,2,Sample 3,Cell type 1
2841,1.913701705122687,-8.680030528123547,4,Sample 2,Cell type 2
2842,0.759411023293418,7.284479039898041,5,Sample 3,Cell type 2
2843,0.6138625410563682,0.11356011329577047,1,Sample 2,Cell type 1
2844,-2.2080938109866186,-7.479452948395213,2,Sample 3,Cell type 1
2845,0.3793914751829051,0.2401365566658617,1,Sample 2,Cell type 1
2846,0.3348949253461766,0.35024327610113587,1,Sample 2,Cell type 1
2847,0.5057598174813986,-7.175891361870487,4,Sample 2,Cell type 2
2848,-0.5220479172330387,0.21546405048183936,1,Sample 2,Cell type 1
2849,7.282712491747506,1.3201043012090785,3,Sample 1,Cell type 2
2850,8.933667686424643,1.318689453133243,3,Sample 1,Cell type 2
2851,-5.470450718467136,0.9441083032532004,0,Sample 1,Cell type 1
2852,7.7255654088929715,0.7277139062011051,3,Sample 1,Cell type 2
2853,3.7702211755710624,-6.293188957290745,4,Sample 2,Cell type 2
2854,-4.079686611191324,2.1957771657053455,0,Sample 1,Cell type 1
2855,-3.6200882500762503,-6.790418721315792,2,Sample 3,Cell type 1
2856,0.4502164224929129,-0.4802402757952502,1,Sample 2,Cell type 1
2857,-3.224585662927458,-6.830371815083708,2,Sample 3,Cell type 1
2858,-5.551509821435948,-0.34893140394238575,0,Sample 1,Cell type 1
2859,7.348422259174007,0.5432811650646647,3,Sample 1,Cell type 2
2860,2.21844717425363,-6.072172595469784,4,Sample 2,Cell type 2
2861,-2.603598724530915,-7.311327396142453,2,Sample 3,Cell type 1
2862,-4.841202600250497,-0.3303250551749901,0,Sample 1,Cell type 1
2863,0.8747373090965705,7.129086043333592,5,Sample 3,Cell type 2
2864,-4.755579046524164,-1.1490737182382784,0,Sample 1,Cell type 1
2865,0.23123769408453887,-6.866072114488369,4,Sample 2,Cell type 2
2866,2.1106064379430673,-6.646789583376532,4,Sample 2,Cell type 2
2867,3.752312170260348,-7.191019878855937,4,Sample 2,Cell type 2
2868,6.912724536105019,-0.5500594368173944,3,Sample 1,Cell type 2
2869,-4.700917389218367,-0.6736378829008983,0,Sample 1,Cell type 1
2870,0.4556168903753335,1.302575129452626,1,Sample 2,Cell type 1
2871,0.07501081587758271,6.699957949953101,5,Sample 3,Cell type 2
2872,0.4298299375977044,6.1744645220404415,5,Sample 3,Cell type 2
2873,-2.8599099910983847,-7.670650993285616,2,Sample 3,Cell type 1
2874,-2.552116974889218,-7.661605120652129,2,Sample 3,Cell type 1
2875,-1.0171833522065314,2.170509008020579,1,Sample 2,Cell type 1
2876,-6.276529159639729,-1.5847279307826982,0,Sample 1,Cell type 1
2877,8.231952365458135,-0.7594684896824093,3,Sample 1,Cell type 2
2878,7.778754101222402,0.4281767926483788,3,Sample 1,Cell type 2
2879,-4.474944222838022,-5.560476153897589,2,Sample 3,Cell type 1
2880,-3.5592659014929713,-5.361510482852366,2,Sample 3,Cell type 1
2881,-0.3687179333665476,0.6410899436221459,1,Sample 2,Cell type 1
2882,-0.5226669815008053,6.996867236284118,5,Sample 3,Cell type 2
2883,5.954095066472943,0.21252816889119097,3,Sample 1,Cell type 2
2884,-3.317892703727176,-5.483927648856893,2,Sample 3,Cell type 1
2885,3.836929632345295,-8.842693467193675,4,Sample 2,Cell type 2
2886,-1.8420994358930667,-6.515408538505193,2,Sample 3,Cell type 1
2887,-0.8956336336680415,-0.16335284592210042,1,Sample 2,Cell type 1
2888,-5.813331674657116,0.2919233535494427,0,Sample 1,Cell type 1
2889,-0.8246888271660777,-0.7532286334166519,1,Sample 2,Cell type 1
2890,-5.646599799127192,-0.19210243654066253,0,Sample 1,Cell type 1
2891,-0.42303793298355136,0.23929040668684365,1,Sample 2,Cell type 1
2892,0.4522916218087636,8.090881647390463,5,Sample 3,Cell type 2
2893,-2.6533471888493763,-7.731541231302908,2,Sample 3,Cell type 1
2894,2.40656876403733,-8.062414436708874,4,Sample 2,Cell type 2
2895,8.215430802488003,1.2142215946020867,3,Sample 1,Cell type 2
2896,-0.0203040306520883,-7.275049552738423,2,Sample 3,Cell type 1
2897,-0.6827986813884951,7.560141206625807,5,Sample 3,Cell type 2
2898,-1.9382293016500969,7.201978034544025,5,Sample 3,Cell type 2
2899,-5.5419908543256025,0.4218968304675214,0,Sample 1,Cell type 1
2900,7.23043646620727,-1.1121327198444682,3,Sample 1,Cell type 2
2901,5.876624564316753,0.2983238066978058,3,Sample 1,Cell type 2
2902,-2.3491869047791085,-5.9539663622449,2,Sample 3,Cell type 1
2903,2.1827916415260322,-5.0665328225917365,4,Sample 2,Cell type 2
2904,-3.6438565489830546,-7.3407217688918385,2,Sample 3,Cell type 1
2905,-0.42859878619019315,0.7869502626414548,1,Sample 2,Cell type 1
2906,-2.2233367872522805,-7.742151025391285,2,Sample 3,Cell type 1
2907,2.289753735115421,-6.818200890318411,4,Sample 2,Cell type 2
2908,0.06541247189640721,-0.3703438301059622,1,Sample 2,Cell type 1
2909,-0.19531534538193338,-0.2776345096102378,1,Sample 2,Cell type 1
2910,3.284400369659328,-6.705546502409989,4,Sample 2,Cell type 2
2911,-1.7289363206765875,-6.641756605141664,2,Sample 3,Cell type 1
2912,8.029269007651049,0.8661106523399126,3,Sample 1,Cell type 2
2913,-0.050929640009906255,1.097073710814297,1,Sample 2,Cell type 1
2914,2.9402605155740145,-8.061799074437058,4,Sample 2,Cell type 2
2915,0.7822391332472068,-0.4099855734214837,1,Sample 2,Cell type 1
2916,2.7894260863354807,-6.895142752771716,4,Sample 2,Cell type 2
2917,-3.022014699388316,-8.04077423506947,2,Sample 3,Cell type 1
2918,0.0032243416495049545,6.824802674477788,5,Sample 3,Cell type 2
2919,-5.564045502130969,0.7761541251444829,0,Sample 1,Cell type 1
2920,9.35779812136717,0.14228538828012893,3,Sample 1,Cell type 2
2921,1.96907614337506,-6.7020649874645075,4,Sample 2,Cell type 2
2922,0.7566610339165943,0.18702225661798208,1,Sample 2,Cell type 1
2923,0.4810550836324953,0.7988898832864525,1,Sample 2,Cell type 1
2924,9.592229022891075,-0.476052086452229,3,Sample 1,Cell type 2
2925,-4.837080597166664,-1.167148753160262,0,Sample 1,Cell type 1
2926,2.52972097647373,-5.787752880049904,4,Sample 2,Cell type 2
2927,1.420716107413921,-6.597073360244489,4,Sample 2,Cell type 2
2928,3.3577085483926448,-7.269889727046951,4,Sample 2,Cell type 2
2929,2.6864254931007117,-7.215345832436666,4,Sample 2,Cell type 2
2930,-4.315604918310171,-9.549093332485727,2,Sample 3,Cell type 1
2931,8.445044137398083,0.2921924119522665,3,Sample 1,Cell type 2
2932,-3.016674319378543,-7.253012936399278,2,Sample 3,Cell type 1
2933,-4.683696613212575,0.9631352144847847,0,Sample 1,Cell type 1
2934,6.9680833898399115,0.3960539361208305,3,Sample 1,Cell type 2
2935,0.5433597145711996,7.565270827210224,5,Sample 3,Cell type 2
2936,1.7280401410554824,-7.3463128212436635,4,Sample 2,Cell type 2
2937,-0.7640141907334181,5.822184282109775,5,Sample 3,Cell type 2
2938,7.474603908956493,1.22789361975378,3,Sample 1,Cell type 2
2939,-2.438945337474756,-8.817934598940523,2,Sample 3,Cell type 1
2940,1.0507631930873798,-6.322129045240706,4,Sample 2,Cell type 2
2941,1.1845584733770198,6.821287731807136,5,Sample 3,Cell type 2
2942,-2.962510563983959,-8.079056258194488,2,Sample 3,Cell type 1
2943,7.696550088789757,1.1599770826856721,3,Sample 1,Cell type 2
2944,-1.1004752508643576,6.175930933277386,5,Sample 3,Cell type 2
2945,7.520772593055379,0.5624132351886387,3,Sample 1,Cell type 2
2946,7.5110011935736525,-1.0769990330559562,3,Sample 1,Cell type 2
2947,0.6024945343882216,6.89908620074979,5,Sample 3,Cell type 2
2948,0.9113736686796646,-0.14233845993508829,1,Sample 2,Cell type 1
2949,7.514512309110425,0.12897567450000336,3,Sample 1,Cell type 2
2950,-1.7278910572377915,-6.501787422038986,2,Sample 3,Cell type 1
2951,8.353328655424844,-0.27535898837843287,3,Sample 1,Cell type 2
2952,0.13096907799141672,-0.5527103085074846,1,Sample 2,Cell type 1
2953,0.8800339947175803,-1.895082247656292,1,Sample 2,Cell type 1
2954,-2.961280699581895,-7.721374831094088,2,Sample 3,Cell type 1
2955,8.571981614831572,-0.1321681691297708,3,Sample 1,Cell type 2
2956,-5.021919133034885,1.9280433227506772,0,Sample 1,Cell type 1
2957,1.8861326817785953,-5.962886224934267,4,Sample 2,Cell type 2
2958,-2.4816245495083735,-8.319106471607885,2,Sample 3,Cell type 1
2959,7.497867975480473,-0.48924620648374734,3,Sample 1,Cell type 2
2960,0.05308579943063764,0.4021852507224282,1,Sample 2,Cell type 1
2961,-4.299475031450026,-0.4960671446956801,0,Sample 1,Cell type 1
2962,1.3476885148616637,1.6719321091839592,1,Sample 2,Cell type 1
2963,-3.84753188066078,-5.847154380999945,2,Sample 3,Cell type 1
2964,7.186658342864418,-0.0674339005066031,3,Sample 1,Cell type 2
2965,-5.475755013574781,0.5277276168795839,0,Sample 1,Cell type 1
2966,-5.224067733631166,0.8744138558589198,0,Sample 1,Cell type 1
2967,1.8218786609581672,-1.2268566041335294,1,Sample 2,Cell type 1
2968,9.343837431928966,-1.4629430431798494,3,Sample 1,Cell type 2
2969,-3.005657889416529,-6.56857514191352,2,Sample 3,Cell type 1
2970,2.1121034198021684,-7.214744978543164,4,Sample 2,Cell type 2
2971,-0.4760799372576137,-0.9509018784842275,1,Sample 2,Cell type 1
2972,7.595564627496195,-0.5740278235739423,3,Sample 1,Cell type 2
2973,-2.9118699244038537,-6.8328802776231345,2,Sample 3,Cell type 1
2974,0.48893126847684604,5.373169315736688,5,Sample 3,Cell type 2
2975,-0.6682358092845456,-0.4367752518310815,1,Sample 2,Cell type 1
2976,-0.552890829686665,-0.6388100930101815,1,Sample 2,Cell type 1
2977,1.5300513287875586,-6.691157301222325,4,Sample 2,Cell type 2
2978,-0.27420105038009046,7.558450809189247,5,Sample 3,Cell type 2
2979,-0.7089501899389673,7.203663040519093,5,Sample 3,Cell type 2
2980,-0.3371605373934494,6.567847374213489,5,Sample 3,Cell type 2
2981,-2.1668092990524332,-6.474117250208221,2,Sample 3,Cell type 1
2982,-1.8164366012625028,-7.262582769032684,2,Sample 3,Cell type 1
2983,6.470994908024525,0.07872637831266532,3,Sample 1,Cell type 2
2984,6.710972622942636,0.5944139571163953,3,Sample 1,Cell type 2
2985,5.88527083992126,0.48578806154550785,3,Sample 1,Cell type 2
2986,-0.05766998773384497,0.48266181856547097,1,Sample 2,Cell type 1
2987,-0.7628644912471958,7.7367351565088915,5,Sample 3,Cell type 2
2988,1.3771756789770162,0.5984344460715669,1,Sample 2,Cell type 1
2989,1.3903573161764327,7.543687683720011,5,Sample 3,Cell type 2
2990,-3.756056908066226,0.5838388988306784,0,Sample 1,Cell type 1
2991,1.12257328559821,7.121942235085085,5,Sample 3,Cell type 2
2992,2.980912492108406,-8.591573883074265,4,Sample 2,Cell type 2
2993,2.0440286495908726,-6.784114522943748,4,Sample 2,Cell type 2
2994,-0.467456734643514,-0.3068170896114718,1,Sample 2,Cell type 1
2995,0.9563380263669214,-6.256668775272412,4,Sample 2,Cell type 2
2996,-0.31448245557213667,7.812752350063239,5,Sample 3,Cell type 2
2997,-0.8987133478341957,5.747215041882631,5,Sample 3,Cell type 2
2998,-3.9441878261720227,0.33267797297828455,0,Sample 1,Cell type 1
2999,-0.6203961612720648,5.730579325228502,5,Sample 3,Cell type 2
3000,4.827377658115506,-6.622854338721886,4,Sample 2,Cell type 2
3001,0.6289455781822814,0.37887564995045087,1,Sample 2,Cell type 1
3002,0.5854050832825253,-1.3527722715838362,1,Sample 2,Cell type 1
3003,-2.680575368942889,-6.669240630513458,2,Sample 3,Cell type 1
3004,7.574197589971358,-0.33238689314236997,3,Sample 1,Cell type 2
3005,-4.759586014089665,0.45785252090694045,0,Sample 1,Cell type 1
3006,6.704401028928204,0.11924742914608098,3,Sample 1,Cell type 2
3007,-1.8948495961497558,-6.85000976437614,2,Sample 3,Cell type 1
3008,1.358571593428969,4.329922238133342,5,Sample 3,Cell type 2
3009,7.345162776661074,1.2943522810311316,3,Sample 1,Cell type 2
3010,8.63476456799938,0.5549975788240065,3,Sample 1,Cell type 2
3011,2.792303434699103,-6.568054232966549,4,Sample 2,Cell type 2
3012,0.3286521009434889,7.220407571541457,5,Sample 3,Cell type 2
3013,1.987583718776976,-6.467498755276182,4,Sample 2,Cell type 2
3014,-4.057236457435911,-5.7995028290494846,2,Sample 3,Cell type 1
3015,1.7787965260639371,-1.4078174505399463,1,Sample 2,Cell type 1
3016,6.804712099341987,-0.05216759970147228,3,Sample 1,Cell type 2
3017,0.8598497140618659,5.9222209198613545,5,Sample 3,Cell type 2
3018,-3.4844650776879185,-0.412995836582046,0,Sample 1,Cell type 1
3019,-4.363023258090072,-0.5062200983048409,0,Sample 1,Cell type 1
3020,-0.3251795057705615,-0.05776574515993735,1,Sample 2,Cell type 1
3021,6.996752548446713,-0.4142760863169268,3,Sample 1,Cell type 2
3022,-3.407603859292615,-8.877308089960003,2,Sample 3,Cell type 1
3023,3.0856008659128777,-6.61668012960873,4,Sample 2,Cell type 2
3024,-5.4624802256030245,-0.9532921697000565,0,Sample 1,Cell type 1
3025,-1.5947070140217994,7.5731831425558624,5,Sample 3,Cell type 2
3026,0.611435954660853,-1.0339146316427905,1,Sample 2,Cell type 1
3027,8.553595466385895,-1.4897022409704896,3,Sample 1,Cell type 2
3028,7.038670082719342,0.614891163600962,3,Sample 1,Cell type 2
3029,-5.4823671006026435,0.7272520184530306,0,Sample 1,Cell type 1
3030,3.8882924902367053,-8.277889447843837,4,Sample 2,Cell type 2
3031,-1.8961798765508124,-6.456588531749896,2,Sample 3,Cell type 1
3032,9.097941764316044,-1.33127641652199,3,Sample 1,Cell type 2
3033,-4.708250282760402,-0.11712874893091613,0,Sample 1,Cell type 1
3034,-3.0719869889340012,-6.812509742236967,2,Sample 3,Cell type 1
3035,-5.465850169132555,0.20140915647500865,0,Sample 1,Cell type 1
3036,2.08808389448883,-6.057958557601813,4,Sample 2,Cell type 2
3037,3.642651936339859,-8.120635518364077,4,Sample 2,Cell type 2
3038,-5.74294747711326,-0.2892472574876941,0,Sample 1,Cell type 1
3039,-0.4179638360784489,0.4158548039267068,1,Sample 2,Cell type 1
3040,-0.5470570707275115,-8.281314373195531,2,Sample 3,Cell type 1
3041,-5.080762124858504,1.2961054939045256,0,Sample 1,Cell type 1
3042,-3.914037116006095,-6.026637322330233,2,Sample 3,Cell type 1
3043,2.527957083759038,-7.145590553049102,4,Sample 2,Cell type 2
3044,0.18654059645904958,0.06240990333262538,1,Sample 2,Cell type 1
3045,8.302209511444723,-0.1839201539810835,3,Sample 1,Cell type 2
3046,-4.887297947616884,-0.3864649870127277,0,Sample 1,Cell type 1
3047,2.3938170148533597,-8.041296810097927,4,Sample 2,Cell type 2
3048,1.6653642948736598,-5.84040973974695,4,Sample 2,Cell type 2
3049,-0.5844357344892834,1.189173629045711,1,Sample 2,Cell type 1
3050,-4.892377668427262,-0.8757620467934,0,Sample 1,Cell type 1
3051,0.3971764365293213,-0.6598405773989969,1,Sample 2,Cell type 1
3052,-2.9036885528750753,-6.785300541603635,2,Sample 3,Cell type 1
3053,-1.1842176673963272,6.580644119735155,5,Sample 3,Cell type 2
3054,-0.5334145944674991,-7.618043808702966,2,Sample 3,Cell type 1
3055,7.662063933926383,-0.2456399882029616,3,Sample 1,Cell type 2
3056,-1.5202647341705355,-0.4241373666322677,1,Sample 2,Cell type 1
3057,-0.5145622404744004,8.58622584838265,5,Sample 3,Cell type 2
3058,-2.6189229300113928,-7.47135817249428,2,Sample 3,Cell type 1
3059,7.034837805143554,0.5571296519296792,3,Sample 1,Cell type 2
3060,0.7940997560910682,-0.4068812995497723,1,Sample 2,Cell type 1
3061,-3.748813205884418,0.502029275716676,0,Sample 1,Cell type 1
3062,1.1077870618392616,1.5165128508376584,1,Sample 2,Cell type 1
3063,-0.3915473402122737,5.669797970226234,5,Sample 3,Cell type 2
3064,0.06427874932298386,6.902036237437755,5,Sample 3,Cell type 2
3065,6.4600933855641065,0.6525729400027572,3,Sample 1,Cell type 2
3066,0.14102435542187217,0.9211775797668103,1,Sample 2,Cell type 1
3067,-2.5538435291769135,-6.555795816099137,2,Sample 3,Cell type 1
3068,9.481812532193654,-0.3204828437571497,3,Sample 1,Cell type 2
3069,-2.873164210514677,-7.895656563909314,2,Sample 3,Cell type 1
3070,-5.401790253095475,0.17468099360847683,0,Sample 1,Cell type 1
3071,9.270225266257428,-0.03522962427150769,3,Sample 1,Cell type 2
3072,-0.2798743198374651,7.362264588761789,5,Sample 3,Cell type 2
3073,1.3394499372484179,-7.271421827011994,4,Sample 2,Cell type 2
3074,0.0307842160842679,6.23083782242044,5,Sample 3,Cell type 2
3075,2.637273294607855,-8.396383678871315,4,Sample 2,Cell type 2
3076,7.716789081480367,-0.5991241184041922,3,Sample 1,Cell type 2
3077,5.601145583436923,1.2053939305319998,3,Sample 1,Cell type 2
3078,8.301051959227914,-0.546535272677476,3,Sample 1,Cell type 2
3079,-0.5311931509804406,6.891552327490577,5,Sample 3,Cell type 2
3080,-0.3716980399290907,-0.8340284779625797,1,Sample 2,Cell type 1
3081,1.1688239618940814,7.253726218675945,5,Sample 3,Cell type 2
3082,6.815672722905482,-0.35425042382970895,3,Sample 1,Cell type 2
3083,2.136666909401884,-6.253765868446412,4,Sample 2,Cell type 2
3084,3.414065095595024,-6.831286556119981,4,Sample 2,Cell type 2
3085,-0.8540248687423535,1.5726268781240025,1,Sample 2,Cell type 1
3086,3.292955968642599,-6.513469412368983,4,Sample 2,Cell type 2
3087,1.7838541028314496,-5.428158431564841,4,Sample 2,Cell type 2
3088,-1.450266508897673,-6.522121904232319,2,Sample 3,Cell type 1
3089,8.01880621061018,-1.3577003713915707,3,Sample 1,Cell type 2
3090,2.8711203721773533,-5.5814447250327595,4,Sample 2,Cell type 2
3091,-0.4920120761285388,-0.24448959929344796,1,Sample 2,Cell type 1
3092,8.86795680532287,-1.922219863861325,3,Sample 1,Cell type 2
3093,-4.21491142695139,0.16500780516451657,0,Sample 1,Cell type 1
3094,7.071103719102683,-1.1741304994204254,3,Sample 1,Cell type 2
3095,-2.9738785183864387,-7.471218389565925,2,Sample 3,Cell type 1
3096,2.4532407061893,-6.746786487259381,4,Sample 2,Cell type 2
3097,-2.321445834540262,-7.008264118046625,2,Sample 3,Cell type 1
3098,-4.4403710340045235,-1.4132022479014108,0,Sample 1,Cell type 1
3099,-1.08193457346848,-0.35611264058063746,1,Sample 2,Cell type 1
3100,-0.08364978595222945,-0.2155517298195748,1,Sample 2,Cell type 1
3101,2.852693136021026,-7.931138163645989,4,Sample 2,Cell type 2
3102,7.512604470634242,0.5074090875062232,3,Sample 1,Cell type 2
3103,0.3337810132239223,6.107799046989175,5,Sample 3,Cell type 2
3104,0.08911300453853158,6.529826744460242,5,Sample 3,Cell type 2
3105,-4.836320370447354,0.22339852767030247,0,Sample 1,Cell type 1
3106,-1.759495497249398,-7.866385910727079,2,Sample 3,Cell type 1
3107,2.0595271889550215,-9.470769598305147,4,Sample 2,Cell type 2
3108,-2.603176751955753,-6.762158555518927,2,Sample 3,Cell type 1
3109,1.9444428638090017,-5.917975896974946,4,Sample 2,Cell type 2
3110,0.8374799873921324,6.405242922922677,5,Sample 3,Cell type 2
3111,-0.7199464560317408,-1.7172019234109768,1,Sample 2,Cell type 1
3112,0.271530008011562,0.15798260662073813,1,Sample 2,Cell type 1
3113,-6.860697890035889,-0.08020803556150957,0,Sample 1,Cell type 1
3114,7.538727875989153,0.6181721199110305,3,Sample 1,Cell type 2
3115,-3.2257392362062447,-6.931874553995416,2,Sample 3,Cell type 1
3116,-0.566634808677418,5.890669842247976,5,Sample 3,Cell type 2
3117,3.6074140429839776,-6.525267250275043,4,Sample 2,Cell type 2
3118,-3.680916107970601,-0.2031986704378821,0,Sample 1,Cell type 1
3119,-2.377062343970123,-6.977153249824956,2,Sample 3,Cell type 1
3120,-0.0021634568269684597,-0.5303444866103756,1,Sample 2,Cell type 1
3121,0.8259913780156236,6.720643477172038,5,Sample 3,Cell type 2
3122,6.338152002456098,-0.36627692973603404,3,Sample 1,Cell type 2
3123,-1.413293232827715,7.30304106587855,5,Sample 3,Cell type 2
3124,7.354240664752806,0.3945714295469807,3,Sample 1,Cell type 2
3125,7.923434696516196,1.77511003117398,3,Sample 1,Cell type 2
3126,-5.795471692581019,0.13835259535097513,0,Sample 1,Cell type 1
3127,1.8221165965681263,-7.102232945531768,4,Sample 2,Cell type 2
3128,-0.15826896398886406,1.4953231491552164,1,Sample 2,Cell type 1
3129,-4.709228654195574,-0.22711815191365883,0,Sample 1,Cell type 1
3130,2.1895151542386393,-6.795674025649949,4,Sample 2,Cell type 2
3131,2.278086051166383,-6.338381098251318,4,Sample 2,Cell type 2
3132,7.152498501522473,0.9136988026328748,3,Sample 1,Cell type 2
3133,-0.02829525333729878,-0.7635857707717332,1,Sample 2,Cell type 1
3134,-0.13815062601280548,6.220197007042842,5,Sample 3,Cell type 2
3135,-0.6311245899636687,7.878524821060229,5,Sample 3,Cell type 2
3136,-2.702367750215367,-7.835912873307213,2,Sample 3,Cell type 1
3137,1.1857278083116995,-6.830852401210519,4,Sample 2,Cell type 2
3138,9.070125483067724,0.7738502053207119,3,Sample 1,Cell type 2
3139,6.9652102148565,-0.5545291122440491,3,Sample 1,Cell type 2
3140,-3.65658028793643,-0.2440112409383119,0,Sample 1,Cell type 1
3141,-0.8511714546271031,0.5474215725164717,1,Sample 2,Cell type 1
3142,0.5080483836427474,5.95442382984123,5,Sample 3,Cell type 2
3143,-3.8590370907867273,-7.198484406240883,2,Sample 3,Cell type 1
3144,6.427312766227875,1.7491759930099775,3,Sample 1,Cell type 2
3145,-0.5067729693471363,6.148091933324967,5,Sample 3,Cell type 2
3146,-3.844158800427829,-8.911552824430599,2,Sample 3,Cell type 1
3147,0.32628878198366523,8.046383252817574,5,Sample 3,Cell type 2
3148,-2.315717005838394,-6.310709548467447,2,Sample 3,Cell type 1
3149,3.0562616445370376,-6.688125683518299,4,Sample 2,Cell type 2
3150,7.305791586304602,-1.0599853121922223,3,Sample 1,Cell type 2
3151,0.23630519610173248,0.17423092023078993,1,Sample 2,Cell type 1
3152,-0.7038031432599333,-0.6837328057322584,1,Sample 2,Cell type 1
3153,8.308523611512287,1.0122990479872314,3,Sample 1,Cell type 2
3154,-2.055342472922032,-9.569163996613952,2,Sample 3,Cell type 1
3155,2.4197170320774988,-5.550736317565416,4,Sample 2,Cell type 2
3156,2.395085788192004,-6.807247952981426,4,Sample 2,Cell type 2
3157,0.41367358626733436,7.822246495811231,5,Sample 3,Cell type 2
3158,-1.0227376500334715,7.20848326444983,5,Sample 3,Cell type 2
3159,1.657751893188491,-7.9683044458518335,4,Sample 2,Cell type 2
3160,1.6161824525101856,-7.618059156010617,4,Sample 2,Cell type 2
3161,0.6697727743499431,-0.1631017558962927,1,Sample 2,Cell type 1
3162,1.7311012153424579,-0.6971534730167237,1,Sample 2,Cell type 1
3163,2.856322798862241,-7.105454804476938,4,Sample 2,Cell type 2
3164,6.185549190523361,1.0721346134686494,3,Sample 1,Cell type 2
3165,-6.726894093769137,-0.023862487904295192,0,Sample 1,Cell type 1
3166,-2.5682843056165208,-8.516200819503748,2,Sample 3,Cell type 1
3167,-0.32321846529798726,5.829594793970278,5,Sample 3,Cell type 2
3168,0.49706994391157094,0.5630678402814008,1,Sample 2,Cell type 1
3169,-5.1467602675493875,-0.6704123803258042,0,Sample 1,Cell type 1
3170,-4.880327293267811,-0.6301087334452559,0,Sample 1,Cell type 1
3171,-6.5524260492617294,-0.5060587763168755,0,Sample 1,Cell type 1
3172,-5.7518123479337815,1.9306342149960496,0,Sample 1,Cell type 1
3173,-1.0064087454204282,7.73972933417431,5,Sample 3,Cell type 2
3174,2.5620155198088748,-7.1193436704164474,4,Sample 2,Cell type 2
3175,-5.4774510328494745,-0.518236416580212,0,Sample 1,Cell type 1
3176,3.333631741975953,-7.347402318084495,4,Sample 2,Cell type 2
3177,1.155019119559385,6.906770894817642,5,Sample 3,Cell type 2
3178,-3.0653293652522606,-6.910959591674005,2,Sample 3,Cell type 1
3179,-0.4473276215993178,6.142158245720418,5,Sample 3,Cell type 2
3180,-4.487915228733252,1.4655569608156842,0,Sample 1,Cell type 1
3181,2.355932962052526,-7.219069272311117,4,Sample 2,Cell type 2
3182,-2.4283838185520508,-6.317058025452751,2,Sample 3,Cell type 1
3183,-2.2488245274893335,-6.737592690986225,2,Sample 3,Cell type 1
3184,0.8886010649301918,-0.06835592127827049,1,Sample 2,Cell type 1
3185,3.228332765310969,-5.890904255306802,4,Sample 2,Cell type 2
3186,5.845333239055137,0.8083055917101127,3,Sample 1,Cell type 2
3187,-3.260638562583543,-6.501949915233016,2,Sample 3,Cell type 1
3188,-6.103189096702107,-1.3179373921888382,0,Sample 1,Cell type 1
3189,-2.6803173200147477,-6.791342117078637,2,Sample 3,Cell type 1
3190,-1.2154251721397051,-7.3774912773926955,2,Sample 3,Cell type 1
3191,-3.938503891350842,-0.42225808689423433,0,Sample 1,Cell type 1
3192,2.5547068352511726,-5.2663427306301465,4,Sample 2,Cell type 2
3193,-1.4520314125844458,7.006905873989355,5,Sample 3,Cell type 2
3194,7.91062453967568,-2.740190885318846,3,Sample 1,Cell type 2
3195,-0.7855064581748783,6.171862991688083,5,Sample 3,Cell type 2
3196,-6.367432969358612,-0.4358106655796262,0,Sample 1,Cell type 1
3197,-2.6772296271972005,-7.418122970304056,2,Sample 3,Cell type 1
3198,-1.0900547363527031,0.657687707159872,1,Sample 2,Cell type 1
3199,-4.216939042380121,0.4461136991753442,0,Sample 1,Cell type 1
3200,7.153056083178877,-1.8642394614043416,3,Sample 1,Cell type 2
3201,6.559647317487236,1.6055303356815922,3,Sample 1,Cell type 2
3202,2.4255720294834413,-5.977427762821712,4,Sample 2,Cell type 2
3203,0.5541940347940274,1.0834959934519346,1,Sample 2,Cell type 1
3204,6.899399956905167,-2.0177243410580217,3,Sample 1,Cell type 2
3205,-0.5750865486600099,6.027759646197376,5,Sample 3,Cell type 2
3206,3.0448640542864718,-6.574624213308989,4,Sample 2,Cell type 2
3207,-2.7965403701961873,-5.492626294377342,2,Sample 3,Cell type 1
3208,2.2528546118151396,6.564414094359503,5,Sample 3,Cell type 2
3209,-6.620951960737465,-0.4884064197606196,0,Sample 1,Cell type 1
3210,2.436246836875519,-6.917987619471961,4,Sample 2,Cell type 2
3211,0.4539285591465688,6.512830814533984,5,Sample 3,Cell type 2
3212,-4.34532171155578,-6.334737554768589,2,Sample 3,Cell type 1
3213,-4.8554834170551215,0.0027414181380730224,0,Sample 1,Cell type 1
3214,-4.009136328501286,1.7625127087985346,0,Sample 1,Cell type 1
3215,-5.495274638460878,-0.6044610311442464,0,Sample 1,Cell type 1
3216,1.4312021499024639,-6.478981163737779,4,Sample 2,Cell type 2
3217,0.6598338965788586,-7.521085797945914,4,Sample 2,Cell type 2
3218,7.711910215600003,-3.3195287622856,3,Sample 1,Cell type 2
3219,-0.377862296248106,7.0195417166363585,5,Sample 3,Cell type 2
3220,0.3188784433669746,7.813168615423152,5,Sample 3,Cell type 2
3221,-4.417080315709377,1.3707268707672229,0,Sample 1,Cell type 1
3222,0.4471862314568374,0.9627943094854652,1,Sample 2,Cell type 1
3223,-3.6049119680104518,-7.532150208432735,2,Sample 3,Cell type 1
3224,-1.7339883114577859,-5.898529673311666,2,Sample 3,Cell type 1
3225,-5.686933240888266,-1.6243938905980673,0,Sample 1,Cell type 1
3226,-0.9346867713321804,8.001518376051616,5,Sample 3,Cell type 2
3227,-0.05558777987411603,0.4314973662774575,1,Sample 2,Cell type 1
3228,0.35095103944509304,7.067398825934402,5,Sample 3,Cell type 2
3229,6.540571045535088,-0.0463879877468864,3,Sample 1,Cell type 2
3230,-2.5426336322899923,-8.423959087011514,2,Sample 3,Cell type 1
3231,0.08257723600353557,0.22701635678400967,1,Sample 2,Cell type 1
3232,6.730955883535751,-0.3627592812330499,3,Sample 1,Cell type 2
3233,-1.3383174182898145,-4.6708819238223835,2,Sample 3,Cell type 1
3234,1.538331321325805,-6.689127236520532,4,Sample 2,Cell type 2
3235,-4.194326101975041,0.5716546215137726,0,Sample 1,Cell type 1
3236,-4.722978407997147,-1.539151553390963,0,Sample 1,Cell type 1
3237,2.1480777998209812,-5.668466414325215,4,Sample 2,Cell type 2
3238,-4.066214050167891,-0.45901475896927235,0,Sample 1,Cell type 1
3239,0.31442719813414177,7.307889533401643,5,Sample 3,Cell type 2
3240,-1.8155444923742716,-8.568652777437999,2,Sample 3,Cell type 1
3241,-0.27681965060736946,6.12902289440761,5,Sample 3,Cell type 2
3242,-2.9325831473394173,-4.714556539495424,2,Sample 3,Cell type 1
3243,2.1796585746217265,-5.516910154794694,4,Sample 2,Cell type 2
3244,-4.819010857956529,0.9455889564068508,0,Sample 1,Cell type 1
3245,-0.9797713587531348,9.521235690671482,5,Sample 3,Cell type 2
3246,-1.961809795251221,6.948846833013746,5,Sample 3,Cell type 2
3247,1.8246308850208095,-8.945829069934694,4,Sample 2,Cell type 2
3248,-2.1448780130642024,-7.383180044186432,2,Sample 3,Cell type 1
3249,-3.746781229942104,-0.2250418631390575,0,Sample 1,Cell type 1
3250,0.5375053964280463,-0.8535132038017806,1,Sample 2,Cell type 1
3251,-0.995709741369398,7.091490185409426,5,Sample 3,Cell type 2
3252,-4.536468259512207,0.4624073558209879,0,Sample 1,Cell type 1
3253,0.31465379792554676,7.120149477155234,5,Sample 3,Cell type 2
3254,-4.701217702487887,0.17144971180115975,0,Sample 1,Cell type 1
3255,4.014983118334777,-6.646508473253988,4,Sample 2,Cell type 2
3256,1.9500989883193336,-6.283293982226051,4,Sample 2,Cell type 2
3257,-0.03854104318041739,0.0522204613275557,1,Sample 2,Cell type 1
3258,2.9143740848585415,-7.125587838635113,4,Sample 2,Cell type 2
3259,-1.6608086161407996,-7.373590260067033,2,Sample 3,Cell type 1
3260,-2.042169545657161,6.120635068472739,5,Sample 3,Cell type 2
3261,-2.8369259732855525,-0.051856917330226855,0,Sample 1,Cell type 1
3262,-4.848385121357347,1.1858377820471637,0,Sample 1,Cell type 1
3263,3.0117801544114933,-6.655370460948463,4,Sample 2,Cell type 2
3264,-0.7657044737653381,6.344088823260355,5,Sample 3,Cell type 2
3265,-5.203831002711374,0.3306289561345603,0,Sample 1,Cell type 1
3266,-0.6161668431840036,0.7115630392464918,1,Sample 2,Cell type 1
3267,6.411721159884355,0.05106751496713747,3,Sample 1,Cell type 2
3268,-2.094133628701171,-6.093942935895642,2,Sample 3,Cell type 1
3269,1.5111885639090534,-6.959887350199655,4,Sample 2,Cell type 2
3270,7.313713869811468,-0.9279227476325763,3,Sample 1,Cell type 2
3271,-5.405058924331319,0.5605649391127489,0,Sample 1,Cell type 1
3272,1.3633333568194095,-8.72004339273444,4,Sample 2,Cell type 2
3273,2.5413648424440405,-7.218324732660815,4,Sample 2,Cell type 2
3274,6.760050953979534,-1.158844755287755,3,Sample 1,Cell type 2
3275,-5.013778864255696,0.5213623496409796,0,Sample 1,Cell type 1
3276,-2.367758231451981,-7.469918413017993,2,Sample 3,Cell type 1
3277,2.677908010258821,-9.269444321315838,4,Sample 2,Cell type 2
3278,0.5623360407484878,7.724448316273612,5,Sample 3,Cell type 2
3279,-2.4255043865931167,-6.966895450143189,2,Sample 3,Cell type 1
3280,-0.5049457668200412,6.7742496953698925,5,Sample 3,Cell type 2
3281,-3.7550455619733354,-6.051497602933705,2,Sample 3,Cell type 1
3282,-5.563006431358577,0.35622318009366816,0,Sample 1,Cell type 1
3283,0.1271314260787169,-1.9175098318264805,1,Sample 2,Cell type 1
3284,-2.053239894039453,-5.132441464586313,2,Sample 3,Cell type 1
3285,-0.9891927939646905,-8.720476495586581,2,Sample 3,Cell type 1
3286,-3.229804542580225,-6.669867361043102,2,Sample 3,Cell type 1
3287,0.1623048215974987,5.79111154847449,5,Sample 3,Cell type 2
3288,1.1928888981855708,-1.2661335085477845,1,Sample 2,Cell type 1
3289,2.320843701616117,-6.833655669740511,4,Sample 2,Cell type 2
3290,-3.7591705853660278,-8.368258113016548,2,Sample 3,Cell type 1
3291,-1.7263736148907993,-6.92817866434714,2,Sample 3,Cell type 1
3292,-4.57408613788381,-0.0655460213911855,0,Sample 1,Cell type 1
3293,7.1774367820384,-1.1024998997940456,3,Sample 1,Cell type 2
3294,3.647215464711538,-8.022072314282045,4,Sample 2,Cell type 2
3295,6.5988168112218295,-0.8299700148884648,3,Sample 1,Cell type 2
3296,-1.4468038779320767,-0.6864523007095928,1,Sample 2,Cell type 1
3297,1.4203062518059661,0.8869047170536966,1,Sample 2,Cell type 1
3298,8.124441108473192,1.049875502598903,3,Sample 1,Cell type 2
3299,-2.635105256128426,-8.137605551152628,2,Sample 3,Cell type 1
3300,0.7722127757719309,-0.7453766456687111,1,Sample 2,Cell type 1
3301,-2.7473220742774194,-8.981119126105826,2,Sample 3,Cell type 1
3302,0.605575112370138,0.5326327203672403,1,Sample 2,Cell type 1
3303,1.0715307372893914,-7.18658448640742,4,Sample 2,Cell type 2
3304,7.658835765296658,0.40610341452248894,3,Sample 1,Cell type 2
3305,-1.682833917735656,-6.888868171751866,2,Sample 3,Cell type 1
3306,-4.939708354497616,0.4643452959336895,0,Sample 1,Cell type 1
3307,8.240115423806179,-0.7532823189956283,3,Sample 1,Cell type 2
3308,1.4533009116388662,-0.28982533904285257,1,Sample 2,Cell type 1
3309,-4.555372832345535,0.23460638924151642,0,Sample 1,Cell type 1
3310,0.12360719210859411,8.070678380936712,5,Sample 3,Cell type 2
3311,2.7222154570749506,-8.012678044963952,4,Sample 2,Cell type 2
3312,-2.2952537118411516,-6.427629024359436,2,Sample 3,Cell type 1
3313,2.9362611831720313,-7.271618644056628,4,Sample 2,Cell type 2
3314,-1.0627315337779604,1.002889525201985,1,Sample 2,Cell type 1
3315,-0.36633268163410243,0.6176866112610307,1,Sample 2,Cell type 1
3316,-4.846221105684853,-0.16558500271741122,0,Sample 1,Cell type 1
3317,1.3355011383909854,6.577782355485284,5,Sample 3,Cell type 2
3318,2.5508595836190007,-7.112429435791209,4,Sample 2,Cell type 2
3319,-0.18423651017005896,6.6521545987094886,5,Sample 3,Cell type 2
3320,-0.016504259970338966,6.894330729689617,5,Sample 3,Cell type 2
3321,1.950023443770954,-7.216651873590146,4,Sample 2,Cell type 2
3322,-4.8971951162041645,0.13527158531568984,0,Sample 1,Cell type 1
3323,-5.723307111172757,1.4752051248996607,0,Sample 1,Cell type 1
3324,8.195563054689352,0.7048438989993097,3,Sample 1,Cell type 2
3325,0.5665766257996298,-0.7238841836939931,1,Sample 2,Cell type 1
3326,-1.637987546974385,-6.813156983739437,2,Sample 3,Cell type 1
3327,-3.1294730861109588,-6.854471325965722,2,Sample 3,Cell type 1
3328,-3.7285196158839717,-6.368654696267757,2,Sample 3,Cell type 1
3329,-2.6123981968150605,-6.985871983638018,2,Sample 3,Cell type 1
3330,-1.8250897845186604,-6.7486589456051265,2,Sample 3,Cell type 1
3331,-3.0769731398845197,-6.406851090477923,2,Sample 3,Cell type 1
3332,0.5967757608336381,-7.381510965099336,4,Sample 2,Cell type 2
3333,6.144127267764796,-0.9038615071448278,3,Sample 1,Cell type 2
3334,-0.3376767422915433,-0.28594358708061063,1,Sample 2,Cell type 1
3335,-4.9834094602411465,0.31282353482550396,0,Sample 1,Cell type 1
3336,3.8720654630043128,-7.400451751805727,4,Sample 2,Cell type 2
3337,0.9689735731594824,-6.663344120682061,4,Sample 2,Cell type 2
3338,-0.29650300771238225,0.658683633859466,1,Sample 2,Cell type 1
3339,0.6054811084794797,5.939284493706843,5,Sample 3,Cell type 2
3340,-5.493852416966865,0.08356041102700325,0,Sample 1,Cell type 1
3341,-2.945468932331266,-7.4478152484782925,2,Sample 3,Cell type 1
3342,-0.8058116901267217,-0.3672907552441986,1,Sample 2,Cell type 1
3343,-0.33833542092422075,7.235066087151666,5,Sample 3,Cell type 2
3344,7.3444388926673,-0.39218804727355727,3,Sample 1,Cell type 2
3345,-2.82680499504001,-8.80671117467051,2,Sample 3,Cell type 1
3346,1.4533549118323783,-7.32167354335363,4,Sample 2,Cell type 2
3347,-1.4932308992612093,-6.9882609630607435,2,Sample 3,Cell type 1
3348,7.227403280580906,1.211489815062832,3,Sample 1,Cell type 2
3349,-6.234711028638221,-1.452205258089067,0,Sample 1,Cell type 1
3350,-5.155651453931081,1.5405376321281092,0,Sample 1,Cell type 1
3351,-4.897834389273877,0.595917607068942,0,Sample 1,Cell type 1
3352,-1.2995360302430046,7.0173617923365486,5,Sample 3,Cell type 2
3353,2.7373800263403183,-7.502919614856107,4,Sample 2,Cell type 2
3354,6.297088349716572,1.2029916219830847,3,Sample 1,Cell type 2
3355,7.425971670295692,0.2758057766670066,3,Sample 1,Cell type 2
3356,-1.8822818004869202,-7.755003406623163,2,Sample 3,Cell type 1
3357,3.1329284452863524,-8.596397618982266,4,Sample 2,Cell type 2
3358,-4.438292164653061,0.5655109583378519,0,Sample 1,Cell type 1
3359,2.2407434814838494,-6.612079337790196,4,Sample 2,Cell type 2
3360,-2.7241646601877365,-8.505604511180417,2,Sample 3,Cell type 1
3361,2.052414568278097,-6.735326165086107,4,Sample 2,Cell type 2
3362,-6.433694360178502,0.3964272641643591,0,Sample 1,Cell type 1
3363,0.5273137810481843,-0.6630931223528598,1,Sample 2,Cell type 1
3364,-4.36703771591468,-7.019831377603843,2,Sample 3,Cell type 1
3365,-6.363671955978697,1.2301868407000722,0,Sample 1,Cell type 1
3366,-5.815159070776357,-0.5883897047839378,0,Sample 1,Cell type 1
3367,2.9242521364884917,-5.855290409118451,4,Sample 2,Cell type 2
3368,1.6107974637973532,-7.13247347569121,4,Sample 2,Cell type 2
3369,-0.9785213449765224,-0.977242615996667,1,Sample 2,Cell type 1
3370,-4.691547188260066,0.41107789723840554,0,Sample 1,Cell type 1
3371,-1.663299101149683,6.530410008430835,5,Sample 3,Cell type 2
3372,0.7406897328029893,7.037387656507505,5,Sample 3,Cell type 2
3373,-0.49751182579066205,6.464224872075416,5,Sample 3,Cell type 2
3374,0.44280364869266386,5.982038233058526,5,Sample 3,Cell type 2
3375,-2.86882111941418,-6.294977160528372,2,Sample 3,Cell type 1
3376,1.8403665657023183,-7.666209027293838,4,Sample 2,Cell type 2
3377,7.088972146479078,0.3050941624284777,3,Sample 1,Cell type 2
3378,-0.8693738321503828,6.269047475446303,5,Sample 3,Cell type 2
3379,3.0510428290948535,-8.403492201213602,4,Sample 2,Cell type 2
3380,-1.9906757201965561,1.380090331166693,1,Sample 2,Cell type 1
3381,-1.8721717266947209,-7.752482503197664,2,Sample 3,Cell type 1
3382,8.192128489898048,-0.474650155475658,3,Sample 1,Cell type 2
3383,0.9958114370651798,6.778736514300415,5,Sample 3,Cell type 2
3384,8.98762174610738,1.8699998266786002,3,Sample 1,Cell type 2
3385,-1.93800862788412,0.9874374405783262,1,Sample 2,Cell type 1
3386,2.9831267223024134,-8.124608420731604,4,Sample 2,Cell type 2
3387,8.302676719944674,-1.001965350703168,3,Sample 1,Cell type 2
3388,1.612203550810678,-6.5348572607579944,4,Sample 2,Cell type 2
3389,-3.1862673152319383,-6.067327397134768,2,Sample 3,Cell type 1
3390,1.126903831641842,-7.5372748251110036,4,Sample 2,Cell type 2
3391,1.6786706216401361,-6.3687490955714505,4,Sample 2,Cell type 2
3392,2.697164406283902,-7.427853017993088,4,Sample 2,Cell type 2
3393,0.3588415216113098,6.66697978074648,5,Sample 3,Cell type 2
3394,-4.926353577307191,-0.0890006878720284,0,Sample 1,Cell type 1
3395,-4.722754514446308,-0.352483710679612,0,Sample 1,Cell type 1
3396,-5.905415643349732,-1.092769751508959,0,Sample 1,Cell type 1
3397,-0.2983494494695628,7.072326093366727,5,Sample 3,Cell type 2
3398,1.700026271767893,-7.143773648192428,4,Sample 2,Cell type 2
3399,2.0699722119478263,5.702792428856167,5,Sample 3,Cell type 2
3400,-4.819487722492151,1.0337736144858438,0,Sample 1,Cell type 1
3401,0.9086587794220913,-7.270606924399314,4,Sample 2,Cell type 2
3402,-6.250615220087236,-1.4808588722612026,0,Sample 1,Cell type 1
3403,2.2606719332240033,-6.498812749868669,4,Sample 2,Cell type 2
3404,3.413853095807701,-8.054648170425272,4,Sample 2,Cell type 2
3405,-3.2043387376767303,-6.363670876350294,2,Sample 3,Cell type 1
3406,-1.637145913772293,8.681674469265783,5,Sample 3,Cell type 2
3407,7.576961996675639,-1.5441374867743165,3,Sample 1,Cell type 2
3408,0.5718762271883038,-1.1153325553681253,1,Sample 2,Cell type 1
3409,-0.7779872823061841,7.623498192737414,5,Sample 3,Cell type 2
3410,-6.2738336678453726,-0.37858079048882315,0,Sample 1,Cell type 1
3411,-3.1453268676062116,1.579806758198884,0,Sample 1,Cell type 1
3412,7.399813036081979,0.2691771606189953,3,Sample 1,Cell type 2
3413,-0.6041768322339774,7.0802783769513145,5,Sample 3,Cell type 2
3414,7.161929705354394,-1.1743352013896544,3,Sample 1,Cell type 2
3415,-5.4170759235312165,-0.41915677821323116,0,Sample 1,Cell type 1
3416,0.4525059842056748,1.6167247406342673,1,Sample 2,Cell type 1
3417,8.18380851325777,-0.7555748022158916,3,Sample 1,Cell type 2
3418,6.738151977417983,0.5471528103051786,3,Sample 1,Cell type 2
3419,-2.043681755078179,-7.051655828566632,2,Sample 3,Cell type 1
3420,9.070375265961145,2.164353788028576,3,Sample 1,Cell type 2
3421,6.511431703833702,-0.5572106534249385,3,Sample 1,Cell type 2
3422,-1.4195055338275506,6.23482202876681,5,Sample 3,Cell type 2
3423,-5.2419998214993475,-0.9958733178675033,0,Sample 1,Cell type 1
3424,0.7677136694191478,6.749692122070299,5,Sample 3,Cell type 2
3425,-0.34882280213001304,5.5011538255831,5,Sample 3,Cell type 2
3426,0.14401640326750892,0.4516044625507905,1,Sample 2,Cell type 1
3427,2.541973629909369,-7.468803613513387,4,Sample 2,Cell type 2
3428,0.009019036566512165,6.380175009899289,5,Sample 3,Cell type 2
3429,-4.7127429406227375,1.20640540142083,0,Sample 1,Cell type 1
3430,1.7167416052979414,6.12037229426466,5,Sample 3,Cell type 2
3431,-0.858994763661867,7.456224148122679,5,Sample 3,Cell type 2
3432,-6.088725268556997,0.5399358569965841,0,Sample 1,Cell type 1
3433,3.8791423443288595,-6.621516964686338,4,Sample 2,Cell type 2
3434,-5.349359136687106,0.15337460013793894,0,Sample 1,Cell type 1
3435,1.3634217216446398,-8.106573626095647,4,Sample 2,Cell type 2
3436,-2.3687471768061545,-6.473230507135296,2,Sample 3,Cell type 1
3437,-4.759346917335288,0.2895280255764123,0,Sample 1,Cell type 1
3438,0.11193851007083656,8.438299806176584,5,Sample 3,Cell type 2
3439,-3.6478786531135747,0.06668530237779767,0,Sample 1,Cell type 1
3440,8.133142933402523,-0.07003929252282579,3,Sample 1,Cell type 2
3441,-6.54182107618179,1.2184851367488716,0,Sample 1,Cell type 1
3442,-5.889731996435826,-0.9932303854941938,0,Sample 1,Cell type 1
3443,-1.000422224562196,-0.03224302083581664,1,Sample 2,Cell type 1
3444,-4.203485959831047,-6.71965822708199,2,Sample 3,Cell type 1
3445,0.5629572151479322,0.796708334690092,1,Sample 2,Cell type 1
3446,1.5319145647826011,-6.697075259086868,4,Sample 2,Cell type 2
3447,0.48386691265489173,0.38536762302951855,1,Sample 2,Cell type 1
3448,-0.5663103870486775,9.622698294191526,5,Sample 3,Cell type 2
3449,6.563821160140074,0.6289341032524287,3,Sample 1,Cell type 2
3450,2.7988733152751295,-6.418483291578245,4,Sample 2,Cell type 2
3451,2.093903055750511,-7.11772053435426,4,Sample 2,Cell type 2
3452,3.424435932303836,-6.272476405300862,4,Sample 2,Cell type 2
3453,-2.7049476533521775,-6.356056212907463,2,Sample 3,Cell type 1
3454,4.303980973307654,-7.087580035631432,4,Sample 2,Cell type 2
3455,-4.92206919127439,-0.14010951185287154,0,Sample 1,Cell type 1
3456,3.2441547676382028,-7.093608304952226,4,Sample 2,Cell type 2
3457,-4.81202276449572,-1.763703111491798,0,Sample 1,Cell type 1
3458,-1.69782668181722,-6.996193126905264,2,Sample 3,Cell type 1
3459,-2.4384655906291073,-8.571820053021131,2,Sample 3,Cell type 1
3460,1.1137181325601846,8.420508409747557,5,Sample 3,Cell type 2
3461,0.7188831758592589,-5.175864595561847,4,Sample 2,Cell type 2
3462,-1.8191604811155115,-8.72265406352872,2,Sample 3,Cell type 1
3463,0.8474571121963418,7.06886625601934,5,Sample 3,Cell type 2
3464,-0.27391038394855627,6.718363929528987,5,Sample 3,Cell type 2
3465,-4.430833034850031,0.8752990046640569,0,Sample 1,Cell type 1
3466,-2.669435201577676,-5.926198348734075,2,Sample 3,Cell type 1
3467,-5.465559605090335,1.268412696167022,0,Sample 1,Cell type 1
3468,0.9616962407176635,-6.647471785590574,4,Sample 2,Cell type 2
3469,-4.166658458417193,-6.294769301681254,2,Sample 3,Cell type 1
3470,6.218437699022154,0.1606762527484301,3,Sample 1,Cell type 2
3471,0.23279503306984933,0.1914657982718943,1,Sample 2,Cell type 1
3472,-0.8004067543471689,-7.147817786528829,2,Sample 3,Cell type 1
3473,-2.3104592446321224,-7.439628472099324,2,Sample 3,Cell type 1
3474,1.3932073987368232,6.434401579760189,5,Sample 3,Cell type 2
3475,1.6664530628651124,-8.088491796063153,4,Sample 2,Cell type 2
3476,-2.610822791817041,-6.457677758819493,2,Sample 3,Cell type 1
3477,-1.5242215803608117,-6.810727263800204,2,Sample 3,Cell type 1
3478,-1.1662353084071178,-7.254896235050709,2,Sample 3,Cell type 1
3479,9.939298479901403,0.4678839162917204,3,Sample 1,Cell type 2
3480,-1.9995801128419384,-7.532156309921705,2,Sample 3,Cell type 1
3481,-0.40792356812071207,1.307220781023671,1,Sample 2,Cell type 1
3482,2.6867880653998677,-8.21210709590389,4,Sample 2,Cell type 2
3483,7.771764810154588,-0.4926667704901857,3,Sample 1,Cell type 2
3484,2.3737519730046146,-7.301964248829759,4,Sample 2,Cell type 2
3485,0.6430947853171552,7.2781489942938595,5,Sample 3,Cell type 2
3486,7.571923737366034,0.2888370557330918,3,Sample 1,Cell type 2
3487,2.010921613201135,-5.86252965481325,4,Sample 2,Cell type 2
3488,7.624270567575792,-1.6975158335559235,3,Sample 1,Cell type 2
3489,9.93971486913648,-0.05737075695356956,3,Sample 1,Cell type 2
3490,-1.971347470174589,-5.727231440502019,2,Sample 3,Cell type 1
3491,9.562720140136818,1.6807158037452157,3,Sample 1,Cell type 2
3492,7.898085181348037,-0.6756566463050389,3,Sample 1,Cell type 2
3493,0.42000388376947295,1.368905604443442,1,Sample 2,Cell type 1
3494,8.507719000698042,0.2547478460327884,3,Sample 1,Cell type 2
3495,-0.30630643459461293,6.796849631549079,5,Sample 3,Cell type 2
3496,-3.441508976556254,-6.57393332585878,2,Sample 3,Cell type 1
3497,2.5527480256346133,-8.105045709451293,4,Sample 2,Cell type 2
3498,1.366841579696626,-7.9047836133975125,4,Sample 2,Cell type 2
3499,0.38593006238970506,5.68955815598821,5,Sample 3,Cell type 2
3500,-5.3960400380272855,0.11766651955748221,0,Sample 1,Cell type 1
3501,2.4143666892304116,-7.349631916094333,4,Sample 2,Cell type 2
3502,2.452520402799311,-6.411868916243433,4,Sample 2,Cell type 2
3503,-2.0221951172056456,-6.227674836159386,2,Sample 3,Cell type 1
3504,-1.713383465080134,6.565410052637978,5,Sample 3,Cell type 2
3505,5.502199847293334,-1.2597133542594177,3,Sample 1,Cell type 2
3506,-5.159252504744645,-0.7184675200846083,0,Sample 1,Cell type 1
3507,7.797102411423849,-0.7326096023624001,3,Sample 1,Cell type 2
3508,-2.0160086286683647,-6.724249466133927,2,Sample 3,Cell type 1
3509,-2.2510593110399375,-5.924067414257069,2,Sample 3,Cell type 1
3510,-5.439964479607647,-1.0076556899601101,0,Sample 1,Cell type 1
3511,0.3480292912444365,-7.917821200325134,4,Sample 2,Cell type 2
3512,0.08640834119734497,7.181867055545181,5,Sample 3,Cell type 2
3513,-2.40351283416388,-7.286961719945258,2,Sample 3,Cell type 1
3514,3.3776804875162894,-6.667662600115086,4,Sample 2,Cell type 2
3515,-0.37901721132097566,7.403137659495652,5,Sample 3,Cell type 2
3516,6.825525611738724,0.30398948914914126,3,Sample 1,Cell type 2
3517,1.0907495868477604,0.23512547811047046,1,Sample 2,Cell type 1
3518,-3.5649454430975247,-0.762265213486495,0,Sample 1,Cell type 1
3519,-6.119476911852157,-0.6236146780163166,0,Sample 1,Cell type 1
3520,-5.142207108721091,-0.384192962952678,0,Sample 1,Cell type 1
3521,5.641227502463451,1.909468176597183,3,Sample 1,Cell type 2
3522,-5.53042828124979,0.7646418873189221,0,Sample 1,Cell type 1
3523,-4.766105485176419,0.7036405845995793,0,Sample 1,Cell type 1
3524,1.7923979719842607,-0.748855174364871,1,Sample 2,Cell type 1
3525,-2.810648234904817,-6.559670918431305,2,Sample 3,Cell type 1
3526,1.8835115387706272,-6.278936412410635,4,Sample 2,Cell type 2
3527,2.530900049711952,-7.326249102593862,4,Sample 2,Cell type 2
3528,-5.914239637080557,0.05551186486317449,0,Sample 1,Cell type 1
3529,2.2516938507038433,-8.101961986342545,4,Sample 2,Cell type 2
3530,0.22831519886828722,5.8167260257206195,5,Sample 3,Cell type 2
3531,-4.603986994952001,-0.45184880191735005,0,Sample 1,Cell type 1
3532,0.2906770532559014,-0.0549035746698452,1,Sample 2,Cell type 1
3533,0.8692095961941513,-7.85562162407373,4,Sample 2,Cell type 2
3534,0.19410189384025672,6.682708381537042,5,Sample 3,Cell type 2
3535,2.8855176223943038,-6.647354163055509,4,Sample 2,Cell type 2
3536,-2.186492434678486,-7.808047059783067,2,Sample 3,Cell type 1
3537,3.0353689360575205,-7.551890703228397,4,Sample 2,Cell type 2
3538,2.2786041954798693,-6.5979667502717705,4,Sample 2,Cell type 2
3539,2.5201154994697292,-7.8879931249516995,4,Sample 2,Cell type 2
3540,-5.135050028329274,0.11301880812438803,0,Sample 1,Cell type 1
3541,-4.8501930126082495,0.4432061376073342,0,Sample 1,Cell type 1
3542,-3.1437275726811693,-0.9607796228288457,0,Sample 1,Cell type 1
3543,-4.073759926406921,0.4253377341717387,0,Sample 1,Cell type 1
3544,-1.7042532002584072,0.19196433663564472,1,Sample 2,Cell type 1
3545,0.7438077997728861,6.32951910926345,5,Sample 3,Cell type 2
3546,9.220804922147428,1.0476541373273438,3,Sample 1,Cell type 2
3547,-2.054764911602471,-6.654908471736721,2,Sample 3,Cell type 1
3548,-1.929705077703347,-7.628379707149945,2,Sample 3,Cell type 1
3549,7.137040987280155,0.07607428540589209,3,Sample 1,Cell type 2
3550,-0.6039133610962083,6.013744753296438,5,Sample 3,Cell type 2
3551,0.571720982943561,6.0763818622273895,5,Sample 3,Cell type 2
3552,-0.7374074334611161,8.042624796825995,5,Sample 3,Cell type 2
3553,0.22437773607755598,0.9405796266762781,1,Sample 2,Cell type 1
3554,1.7490637489343905,-7.211121126657269,4,Sample 2,Cell type 2
3555,7.421623746471165,1.6918870944789073,3,Sample 1,Cell type 2
3556,-3.4287696554624616,-7.39623328394776,2,Sample 3,Cell type 1
3557,-0.29811537799055554,7.2513160910989,5,Sample 3,Cell type 2
3558,1.2859719370322107,-1.3267189188378952,1,Sample 2,Cell type 1
3559,-5.963803248255001,0.43422517371886676,0,Sample 1,Cell type 1
3560,-3.187768107974062,-6.211443461476232,2,Sample 3,Cell type 1
3561,-0.7077666234247859,-6.646377840506605,2,Sample 3,Cell type 1
3562,0.5899989224596075,8.625101990304639,5,Sample 3,Cell type 2
3563,-0.24181008977246107,7.3129061880204995,5,Sample 3,Cell type 2
3564,2.5400969490140364,-8.229502672840317,4,Sample 2,Cell type 2
3565,-5.612022249420642,0.2090283274449032,0,Sample 1,Cell type 1
3566,-1.830713402013844,-7.184388997478245,2,Sample 3,Cell type 1
3567,1.4722523627548196,-6.9460852688832055,4,Sample 2,Cell type 2
3568,-4.5012167511434775,-7.466262117527551,2,Sample 3,Cell type 1
3569,2.468892184140577,-6.184854159552371,4,Sample 2,Cell type 2
3570,-0.16330416232276507,-0.09570330227818347,1,Sample 2,Cell type 1
3571,-4.389420637977123,-6.385099286690073,2,Sample 3,Cell type 1
3572,0.9086273711020745,5.636883841847299,5,Sample 3,Cell type 2
3573,-0.452847167141721,6.087754741880978,5,Sample 3,Cell type 2
3574,2.406883489137769,-7.440613582327605,4,Sample 2,Cell type 2
3575,-1.0615103731230702,-6.339806967844721,2,Sample 3,Cell type 1
3576,2.9594818406061125,-6.81843521068356,4,Sample 2,Cell type 2
3577,-2.574443521506844,-6.781217445105371,2,Sample 3,Cell type 1
3578,0.2185938118352475,-1.8738888328700887,1,Sample 2,Cell type 1
3579,9.285270287192418,0.010692391066012746,3,Sample 1,Cell type 2
3580,0.0120784368496141,6.9880452199368825,5,Sample 3,Cell type 2
3581,0.7791071860506328,7.9731852619916825,5,Sample 3,Cell type 2
3582,4.2853337219308765,-6.31854086100818,4,Sample 2,Cell type 2
3583,-1.1189661083849365,-5.989863203167157,2,Sample 3,Cell type 1
3584,0.22306165371164227,6.036711506213346,5,Sample 3,Cell type 2
3585,-2.088408147021911,-5.111600672907928,2,Sample 3,Cell type 1
3586,6.93188297738337,0.5395056176895335,3,Sample 1,Cell type 2
3587,2.319383303462203,-7.364226271176994,4,Sample 2,Cell type 2
3588,-1.773093435940652,0.8033376044693783,1,Sample 2,Cell type 1
3589,0.47523240409316786,6.308408034786856,5,Sample 3,Cell type 2
3590,-3.931352553591724,2.3306072778167524,0,Sample 1,Cell type 1
3591,-0.31828729939339606,7.204593316140871,5,Sample 3,Cell type 2
3592,-1.8615827369902145,-6.982487570033006,2,Sample 3,Cell type 1
3593,6.311930531036428,-0.2148773418570909,3,Sample 1,Cell type 2
3594,0.35317437046089034,-0.4580672631367489,1,Sample 2,Cell type 1
3595,0.6667419108781133,-0.4618922098244267,1,Sample 2,Cell type 1
3596,-0.8716352822657061,5.756407730289066,5,Sample 3,Cell type 2
3597,1.224592736254786,-1.1779383592072008,1,Sample 2,Cell type 1
3598,-4.567091691436958,0.20149562185121825,0,Sample 1,Cell type 1
3599,-5.4025897060928765,1.1529147255616017,0,Sample 1,Cell type 1
3600,-1.1423974468920293,1.532263192316645,1,Sample 2,Cell type 1
3601,-3.3560659333491607,-7.307639638221522,2,Sample 3,Cell type 1
3602,1.280473322489946,0.8335938620174331,1,Sample 2,Cell type 1
3603,2.68841397160122,-7.040539706209832,4,Sample 2,Cell type 2
3604,-3.4361743478343083,-5.24932443315076,2,Sample 3,Cell type 1
3605,-3.187951477226039,0.12288179797446369,0,Sample 1,Cell type 1
3606,8.774770612530263,0.6959159879991833,3,Sample 1,Cell type 2
3607,6.078507331154161,-0.736102657924655,3,Sample 1,Cell type 2
3608,2.6867399180669636,-6.598889883626269,4,Sample 2,Cell type 2
3609,0.499858974586566,7.974935598664874,5,Sample 3,Cell type 2
3610,0.5148516975427296,-0.05597191529937991,1,Sample 2,Cell type 1
3611,-0.23806335717954968,-1.8034761279660783,1,Sample 2,Cell type 1
3612,-0.5128496354148829,0.2965578620157082,1,Sample 2,Cell type 1
3613,-5.595607818291549,0.7671900013166015,0,Sample 1,Cell type 1
3614,-2.5917952449723387,-7.758189367113694,2,Sample 3,Cell type 1
3615,2.334813710185181,-7.103455838342659,4,Sample 2,Cell type 2
3616,-0.7897584181201318,-6.0792491002729845,2,Sample 3,Cell type 1
3617,1.196580819573472,6.469518929661798,5,Sample 3,Cell type 2
3618,8.113569067933627,0.8662525972200915,3,Sample 1,Cell type 2
3619,8.610065468717403,-0.006920096149232527,3,Sample 1,Cell type 2
3620,0.2660620398723856,-1.364978294478712,1,Sample 2,Cell type 1
3621,-2.2541934091357203,-7.898391032660265,2,Sample 3,Cell type 1
3622,0.9806665706182451,6.6766432261242254,5,Sample 3,Cell type 2
3623,5.758532294483576,-0.1344253460846771,3,Sample 1,Cell type 2
3624,7.101669636503259,0.0069551038581161795,3,Sample 1,Cell type 2
3625,-0.3525035485536292,5.305731323679282,5,Sample 3,Cell type 2
3626,1.2401769005328724,8.933835664543347,5,Sample 3,Cell type 2
3627,-2.177489940031597,-8.076902135755018,2,Sample 3,Cell type 1
3628,0.3007587755204077,-0.13973314394227387,1,Sample 2,Cell type 1
3629,-0.8169805621322284,1.367355531277592,1,Sample 2,Cell type 1
3630,-1.6088503849366398,-7.195417967451582,2,Sample 3,Cell type 1
3631,-0.887159730084727,6.303597478998408,5,Sample 3,Cell type 2
3632,1.628375714759799,-0.19624130585313646,1,Sample 2,Cell type 1
3633,-3.194566733137104,-7.4481656621360575,2,Sample 3,Cell type 1
3634,-3.052228844826515,-6.823383153399951,2,Sample 3,Cell type 1
3635,0.5195361304808275,5.6941783642653885,5,Sample 3,Cell type 2
3636,-0.7287619206508303,5.873894876160092,5,Sample 3,Cell type 2
3637,-5.0978841336111715,0.3615405498890473,0,Sample 1,Cell type 1
3638,8.476700037295469,0.03469965190588594,3,Sample 1,Cell type 2
3639,-1.6480303905045153,-1.1055994481391864,1,Sample 2,Cell type 1
3640,2.037320076068892,-6.192109805515231,4,Sample 2,Cell type 2
3641,0.2839706468282279,6.956926965112518,5,Sample 3,Cell type 2
3642,7.140481058574433,0.11626872599853942,3,Sample 1,Cell type 2
3643,-5.074412617258429,-0.10957275754495518,0,Sample 1,Cell type 1
3644,-3.0100345972495477,-7.539839254525355,2,Sample 3,Cell type 1
3645,-0.40501157219623235,1.1314342951763157,1,Sample 2,Cell type 1
3646,-2.840883852942784,-5.125605710101182,2,Sample 3,Cell type 1
3647,-3.0132826610078194,-8.061197392926564,2,Sample 3,Cell type 1
3648,2.1265753496917053,-5.648242331330264,4,Sample 2,Cell type 2
3649,2.4245952100998416,-4.971365701970992,4,Sample 2,Cell type 2
3650,-1.3116273911945493,-7.786992083505926,2,Sample 3,Cell type 1
3651,-5.52247110482425,0.5297205639785486,0,Sample 1,Cell type 1
3652,2.3314954106438077,-6.070608235040189,4,Sample 2,Cell type 2
3653,1.1222025439812475,-0.055803608429428574,1,Sample 2,Cell type 1
3654,-4.101520191666836,-0.38845828144624356,0,Sample 1,Cell type 1
3655,-0.12545748059691075,0.6656878365522043,1,Sample 2,Cell type 1
3656,-2.7030907426410264,-5.749878073333514,2,Sample 3,Cell type 1
3657,1.2650828377571672,7.180664686682551,5,Sample 3,Cell type 2
3658,-0.6230252963393067,-1.7720308281744748,1,Sample 2,Cell type 1
3659,7.367574445667303,-0.5909616637197342,3,Sample 1,Cell type 2
3660,-0.7424646179321168,5.919262900148464,5,Sample 3,Cell type 2
3661,-0.040961020771117955,-0.38181270005823914,1,Sample 2,Cell type 1
3662,7.6058297668984824,0.13626665646481687,3,Sample 1,Cell type 2
3663,1.5563707794402808,5.658028068749674,5,Sample 3,Cell type 2
3664,-0.9825307885253829,-0.3483897322269609,1,Sample 2,Cell type 1
3665,-0.5950234009718751,6.819485937409809,5,Sample 3,Cell type 2
3666,7.394110561558052,0.013524975258387308,3,Sample 1,Cell type 2
3667,8.04744044970977,1.2113415070544837,3,Sample 1,Cell type 2
3668,0.46909421206985236,5.12410154079148,5,Sample 3,Cell type 2
3669,6.804273261357567,-0.7836549944793673,3,Sample 1,Cell type 2
3670,-4.532588137182945,1.3794650217023199,0,Sample 1,Cell type 1
3671,-1.4744000175770777,-7.34862576809753,2,Sample 3,Cell type 1
3672,-0.8634194645833106,5.936204030291957,5,Sample 3,Cell type 2
3673,-3.0468119126016004,-5.588635813425406,2,Sample 3,Cell type 1
3674,1.889498833598056,-7.552729178122466,4,Sample 2,Cell type 2
3675,3.842506472921627,-6.347653563862751,4,Sample 2,Cell type 2
3676,-1.2282086933104874,6.952773529543255,5,Sample 3,Cell type 2
3677,1.0431666584603079,-0.30262926481296476,1,Sample 2,Cell type 1
3678,8.368794000445014,0.633902588868671,3,Sample 1,Cell type 2
3679,0.5264581437777999,7.051035983955339,5,Sample 3,Cell type 2
3680,-0.32078440847257084,5.627333107004022,5,Sample 3,Cell type 2
3681,-0.11043804023615172,0.08403513684898611,1,Sample 2,Cell type 1
3682,-4.780579357605921,-0.5076707676630555,0,Sample 1,Cell type 1
3683,-4.279631427295086,0.6788621968322168,0,Sample 1,Cell type 1
3684,-1.8207400317389717,-6.82051841261191,2,Sample 3,Cell type 1
3685,-0.04040372711028328,0.16425092753929207,1,Sample 2,Cell type 1
3686,-1.2112838311258936,-0.7373320737493481,1,Sample 2,Cell type 1
3687,8.277823546228772,-2.4367894698430597,3,Sample 1,Cell type 2
3688,5.853286366312725,0.5543703054421544,3,Sample 1,Cell type 2
3689,-0.5299801440648265,-0.7535361879447303,1,Sample 2,Cell type 1
3690,6.746334847216058,-1.8962002031634728,3,Sample 1,Cell type 2
3691,6.493865152766935,1.3852774801574168,3,Sample 1,Cell type 2
3692,-5.533154531814982,-0.7775916927118345,0,Sample 1,Cell type 1
3693,-2.175645944483728,-6.546140931954155,2,Sample 3,Cell type 1
3694,-1.268728584560259,-6.886688750444537,2,Sample 3,Cell type 1
3695,0.9615414003246148,0.5437088006296662,1,Sample 2,Cell type 1
3696,1.6698838038442738,-7.737448147448911,4,Sample 2,Cell type 2
3697,2.518109016622774,-6.197469477037382,4,Sample 2,Cell type 2
3698,0.06937075024334426,7.950124823994835,5,Sample 3,Cell type 2
3699,-0.6106452574384996,6.725050483251712,5,Sample 3,Cell type 2
3700,-5.22947949567877,1.3535936897244198,0,Sample 1,Cell type 1
3701,6.814570921467402,-0.275412558921668,3,Sample 1,Cell type 2
3702,-2.492094710591667,-7.213914985264886,2,Sample 3,Cell type 1
3703,-1.5942802962994596,5.8931051962421135,5,Sample 3,Cell type 2
3704,-3.100470176299755,-7.659672009211383,2,Sample 3,Cell type 1
3705,0.02951729587042786,-0.6826458012300626,1,Sample 2,Cell type 1
3706,3.7815584609870503,-5.727607316537867,4,Sample 2,Cell type 2
3707,-3.3984760977619493,-6.533086284293451,2,Sample 3,Cell type 1
3708,5.384589732638075,1.505581381708677,3,Sample 1,Cell type 2
3709,2.4433352455376895,8.351691220416686,5,Sample 3,Cell type 2
3710,-2.5200702553462477,-7.619996988317865,2,Sample 3,Cell type 1
3711,1.9969022101033205,-0.14314068936004617,1,Sample 2,Cell type 1
3712,0.6913864949685636,0.19385685491065915,1,Sample 2,Cell type 1
3713,2.64161191090577,-6.121144069843152,4,Sample 2,Cell type 2
3714,-3.737485120157511,-1.2616659565130528,0,Sample 1,Cell type 1
3715,0.37702045023550784,4.2694095740692575,5,Sample 3,Cell type 2
3716,8.452353084441691,0.4234588626407011,3,Sample 1,Cell type 2
3717,-2.514949308093318,-7.095236881747928,2,Sample 3,Cell type 1
3718,6.293560222770207,-0.2878436500998806,3,Sample 1,Cell type 2
3719,1.4933288642095308,-6.421430055433347,4,Sample 2,Cell type 2
3720,1.0963752405788305,0.9516314748404026,1,Sample 2,Cell type 1
3721,7.485088431159732,0.6149920603644827,3,Sample 1,Cell type 2
3722,0.013610935426098276,7.3026906723891525,5,Sample 3,Cell type 2
3723,-4.373251297288956,0.8597746877134597,0,Sample 1,Cell type 1
3724,-3.3455169177873842,-5.992679574192314,2,Sample 3,Cell type 1
3725,0.05407739515364725,0.34948080488110467,1,Sample 2,Cell type 1
3726,-5.883357785943156,0.4158931268369437,0,Sample 1,Cell type 1
3727,9.42202805706963,0.2538307972884083,3,Sample 1,Cell type 2
3728,2.245983467269094,-6.054303138575098,4,Sample 2,Cell type 2
3729,-4.176138094068134,0.295875998693716,0,Sample 1,Cell type 1
3730,-5.633909321488483,-1.2676151667272038,0,Sample 1,Cell type 1
3731,-5.195913082904498,0.9888991667884711,0,Sample 1,Cell type 1
3732,1.8508892083465873,-1.017799591793324,1,Sample 2,Cell type 1
3733,7.342816848886535,1.2241513177452117,3,Sample 1,Cell type 2
3734,-0.7617584751999189,8.56969286601938,5,Sample 3,Cell type 2
3735,0.40029642704843527,-0.7430883145219279,1,Sample 2,Cell type 1
3736,-2.0458763669703486,-6.436115472996752,2,Sample 3,Cell type 1
3737,-3.4232812953725285,-6.943901785342789,2,Sample 3,Cell type 1
3738,-5.11512583233269,-0.8599863965403832,0,Sample 1,Cell type 1
3739,-0.6922281148085684,-0.8459127909979782,1,Sample 2,Cell type 1
3740,-0.4795526419019316,6.262660182229565,5,Sample 3,Cell type 2
3741,0.6354710224336184,-0.21841314913083001,1,Sample 2,Cell type 1
3742,7.5821832557502145,-0.34241031374971603,3,Sample 1,Cell type 2
3743,-3.6447271010014504,-6.809743089276407,2,Sample 3,Cell type 1
3744,0.7635877939847562,-2.022200400586145,1,Sample 2,Cell type 1
3745,0.1913166275689934,0.924287636987759,1,Sample 2,Cell type 1
3746,0.14209211209500028,-7.965995229000606,2,Sample 3,Cell type 1
3747,2.7445152260500274,-5.568283832045872,4,Sample 2,Cell type 2
3748,-3.1982873408498356,-6.928932358898724,2,Sample 3,Cell type 1
3749,0.5066195942565767,6.9032996063851755,5,Sample 3,Cell type 2
3750,1.2011192855927852,-6.425631701036284,4,Sample 2,Cell type 2
3751,0.35162632883532974,-1.1938249154799747,1,Sample 2,Cell type 1
3752,-4.017820891465158,0.5482243088164593,0,Sample 1,Cell type 1
3753,0.8497933562266329,7.175645842427636,5,Sample 3,Cell type 2
3754,0.659242892501822,0.2598512965425209,1,Sample 2,Cell type 1
3755,-1.0333220819984812,-7.335408025556777,2,Sample 3,Cell type 1
3756,-0.43157249516860563,8.466386665697451,5,Sample 3,Cell type 2
3757,-0.8692440938063677,7.213045408923754,5,Sample 3,Cell type 2
3758,2.611086263533284,-8.312391802436876,4,Sample 2,Cell type 2
3759,-0.3711780628649163,5.690597051239621,5,Sample 3,Cell type 2
3760,0.3110583101863013,6.944120171607142,5,Sample 3,Cell type 2
3761,8.792013893847262,-1.6455652927577666,3,Sample 1,Cell type 2
3762,0.4568506406489227,7.990353603050856,5,Sample 3,Cell type 2
3763,-3.5797527385811923,-6.37097228342729,2,Sample 3,Cell type 1
3764,-5.94032827461893,-1.7697209304384016,0,Sample 1,Cell type 1
3765,-0.49460142231772214,0.7736290982818218,1,Sample 2,Cell type 1
3766,0.9087489527430426,-6.982408739681636,4,Sample 2,Cell type 2
3767,-5.267807153023993,1.2381361319804576,0,Sample 1,Cell type 1
3768,-0.8338619293017733,6.519810736759227,5,Sample 3,Cell type 2
3769,3.373439613652042,-8.132438166430559,4,Sample 2,Cell type 2
3770,0.6416212500847225,-5.9003757835209685,4,Sample 2,Cell type 2
3771,2.1106262352998244,-5.032842444949683,4,Sample 2,Cell type 2
3772,-3.9241851766212763,-6.264846689712117,2,Sample 3,Cell type 1
3773,0.6976399446313049,0.4977360772671226,1,Sample 2,Cell type 1
3774,-2.9394464582063904,-6.430005856535885,2,Sample 3,Cell type 1
3775,3.2116833810092764,-7.019827065265247,4,Sample 2,Cell type 2
3776,-1.9189710590432258,-6.9825568860717775,2,Sample 3,Cell type 1
3777,2.110928932771413,-6.791442152172647,4,Sample 2,Cell type 2
3778,-0.4897026019027733,-0.1465136154650648,1,Sample 2,Cell type 1
3779,-0.366314302626094,8.66570302819216,5,Sample 3,Cell type 2
3780,0.9547200646253529,7.809605239064477,5,Sample 3,Cell type 2
3781,0.24526619120663382,7.927394907073112,5,Sample 3,Cell type 2
3782,8.467699387063725,0.9425487677035164,3,Sample 1,Cell type 2
3783,7.367393796040645,0.8675328807500139,3,Sample 1,Cell type 2
3784,9.87409357703418,0.2716860426489106,3,Sample 1,Cell type 2
3785,-3.030903085980047,-6.371180067834661,2,Sample 3,Cell type 1
3786,0.5933211015891646,0.8438131238639026,1,Sample 2,Cell type 1
3787,-1.563917578420809,7.076809559968459,5,Sample 3,Cell type 2
3788,7.627436208065895,0.4277327442455804,3,Sample 1,Cell type 2
3789,8.717520481407053,-0.41991666408249895,3,Sample 1,Cell type 2
3790,0.5969460431380301,9.342231887386882,5,Sample 3,Cell type 2
3791,-0.04400746512669499,-1.2646708621232177,1,Sample 2,Cell type 1
3792,-4.701862911736792,0.8779906144101233,0,Sample 1,Cell type 1
3793,2.1930163610725524,-6.080233160445997,4,Sample 2,Cell type 2
3794,8.048892042471376,-0.035933817036027396,3,Sample 1,Cell type 2
3795,-4.378870407459999,-0.3610984246972526,0,Sample 1,Cell type 1
3796,2.0987842175558646,-7.453350103146509,4,Sample 2,Cell type 2
3797,8.170824651670088,0.08417114679474873,3,Sample 1,Cell type 2
3798,1.3956873304403177,-7.611915307072149,4,Sample 2,Cell type 2
3799,-0.03432111194217633,6.810518553682307,5,Sample 3,Cell type 2
3800,8.190731410098717,-0.0015427383021575614,3,Sample 1,Cell type 2
3801,0.36724756215308013,0.4957178150462969,1,Sample 2,Cell type 1
3802,0.11117628165698372,6.804941389759184,5,Sample 3,Cell type 2
3803,-0.16118395651454065,0.3562378029863308,1,Sample 2,Cell type 1
3804,3.247448320587357,-7.815217492034033,4,Sample 2,Cell type 2
3805,1.0875493641627847,-7.573194150045062,4,Sample 2,Cell type 2
3806,7.467077964110839,-1.5640241542618496,3,Sample 1,Cell type 2
3807,-5.79874296002189,-0.39371247029106937,0,Sample 1,Cell type 1
3808,2.2871163549683184,-8.180394224108813,4,Sample 2,Cell type 2
3809,-0.1204014352691157,6.22560537873985,5,Sample 3,Cell type 2
3810,0.829621351779527,0.4344190984882914,1,Sample 2,Cell type 1
3811,-4.645876109907171,-6.329364222143664,2,Sample 3,Cell type 1
3812,-3.0446406120453977,-6.180623350282987,2,Sample 3,Cell type 1
3813,2.0534866528849585,-0.555877509240327,1,Sample 2,Cell type 1
3814,6.791543337011703,0.18302351399889097,3,Sample 1,Cell type 2
3815,-0.33352448616070457,-1.2132424007461504,1,Sample 2,Cell type 1
3816,-1.593961697779282,0.42438814237638517,1,Sample 2,Cell type 1
3817,1.0129815903818593,-6.129739019189665,4,Sample 2,Cell type 2
3818,-4.031712007016502,-7.505204196797985,2,Sample 3,Cell type 1
3819,0.8625472378578382,0.04649487916597182,1,Sample 2,Cell type 1
3820,-6.7813698293382085,0.6731192305057805,0,Sample 1,Cell type 1
3821,-5.175417452317413,1.0203930871803581,0,Sample 1,Cell type 1
3822,2.7178636032591705,-7.765877572613409,4,Sample 2,Cell type 2
3823,0.8642743166533233,0.41623526166016867,1,Sample 2,Cell type 1
3824,-5.4388456016652444,-0.3893023690376588,0,Sample 1,Cell type 1
3825,-2.042252464089902,-7.387278387959178,2,Sample 3,Cell type 1
3826,-6.035894219680072,0.33812821651110475,0,Sample 1,Cell type 1
3827,-3.23591415694462,-8.020447321125719,2,Sample 3,Cell type 1
3828,-5.551193637176394,0.32535317268549147,0,Sample 1,Cell type 1
3829,-4.419064236973032,1.9469292509749143,0,Sample 1,Cell type 1
3830,0.4422865074481798,0.5127843214787823,1,Sample 2,Cell type 1
3831,-5.609229800275363,0.5505086599567811,0,Sample 1,Cell type 1
3832,8.904229976577838,-1.756442621594598,3,Sample 1,Cell type 2
3833,-1.4893986926054665,-0.8640416657515174,1,Sample 2,Cell type 1
3834,7.6985677238764465,-0.31687897270849286,3,Sample 1,Cell type 2
3835,0.6908050108905432,-8.191555975797606,4,Sample 2,Cell type 2
3836,-1.0585560028993026,0.43880426737804673,1,Sample 2,Cell type 1
3837,-1.2425869530991256,7.370864023359421,5,Sample 3,Cell type 2
3838,-1.204851335522016,6.202898634394225,5,Sample 3,Cell type 2
3839,1.0096720706074238,2.0880366498155336,1,Sample 2,Cell type 1
3840,-1.2047452197509239,0.62362676072845,1,Sample 2,Cell type 1
3841,7.648716045058433,0.011269677896807705,3,Sample 1,Cell type 2
3842,1.782305694636911,-6.032923188793062,4,Sample 2,Cell type 2
3843,-3.485743466958524,-9.859033431876401,2,Sample 3,Cell type 1
3844,-4.430496320504344,2.0436235720239564,0,Sample 1,Cell type 1
3845,-1.702830215237103,6.944077540177623,5,Sample 3,Cell type 2
3846,5.885227320105507,0.9748306913946609,3,Sample 1,Cell type 2
3847,1.2999090707819507,5.494835926768882,5,Sample 3,Cell type 2
3848,-2.4686008476195322,-8.237959800611868,2,Sample 3,Cell type 1
3849,7.969304459153576,1.2032721662003643,3,Sample 1,Cell type 2
3850,1.3647546497282157,0.5419064883532352,1,Sample 2,Cell type 1
3851,-3.0359814416654736,-6.189520230401568,2,Sample 3,Cell type 1
3852,0.8036584830978923,1.6466581815444785,1,Sample 2,Cell type 1
3853,6.170148833772499,0.23184077165831646,3,Sample 1,Cell type 2
3854,-3.40623462485063,-6.956957212193785,2,Sample 3,Cell type 1
3855,2.629828170053836,-6.702294574115587,4,Sample 2,Cell type 2
3856,-0.20681966751767444,-0.7662657908342823,1,Sample 2,Cell type 1
3857,-1.1524100139022202,0.1705318390989726,1,Sample 2,Cell type 1
3858,0.4119955795366972,1.5070431900127836,1,Sample 2,Cell type 1
3859,3.6500709895274626,-6.486561402222784,4,Sample 2,Cell type 2
3860,7.828854817732626,-0.03524590389848349,3,Sample 1,Cell type 2
3861,2.7497642729937013,-6.711830930570314,4,Sample 2,Cell type 2
3862,1.7003542088252268,7.0102329179186444,5,Sample 3,Cell type 2
3863,6.4145798657326925,-0.7973736605079993,3,Sample 1,Cell type 2
3864,-0.2073606427851906,-0.831809829841474,1,Sample 2,Cell type 1
3865,6.923860988848849,1.3353695191833361,3,Sample 1,Cell type 2
3866,-0.4887197517472108,6.372752685875713,5,Sample 3,Cell type 2
3867,7.050774943676671,1.0774512245230683,3,Sample 1,Cell type 2
3868,-1.5806361464963223,-6.172976630807503,2,Sample 3,Cell type 1
3869,6.476670405167261,-0.7396333455792113,3,Sample 1,Cell type 2
3870,-1.6796213413646306,6.315744005240566,5,Sample 3,Cell type 2
3871,0.20706368327226188,0.44796878018225483,1,Sample 2,Cell type 1
3872,6.756750504085757,1.661756328539323,3,Sample 1,Cell type 2
3873,1.0540071582638135,7.096772500387719,5,Sample 3,Cell type 2
3874,10.148743501741759,0.6520419543435548,3,Sample 1,Cell type 2
3875,-2.28117881037536,-7.423183004906781,2,Sample 3,Cell type 1
3876,0.3832984855737322,0.017232999674176852,1,Sample 2,Cell type 1
3877,2.728714918364292,-6.372654119044246,4,Sample 2,Cell type 2
3878,0.5326210720305141,8.133355340292551,5,Sample 3,Cell type 2
3879,-0.8003167454054919,0.8597705024139776,1,Sample 2,Cell type 1
3880,7.592380975685698,-0.26801654060156416,3,Sample 1,Cell type 2
3881,2.007527390005758,-8.126220564015359,4,Sample 2,Cell type 2
3882,-0.7752990865178578,7.087740045121327,5,Sample 3,Cell type 2
3883,-4.3274357553890646,0.5493332388901184,0,Sample 1,Cell type 1
3884,7.250799579808077,-0.6045487103322696,3,Sample 1,Cell type 2
3885,0.7138581193968097,-0.10985141890914954,1,Sample 2,Cell type 1
3886,-2.615691663926761,-7.586507609940774,2,Sample 3,Cell type 1
3887,-4.515533528855331,0.965256603578822,0,Sample 1,Cell type 1
3888,0.6191118746031584,6.687554665823395,5,Sample 3,Cell type 2
3889,-2.550328403669992,-6.6958382245910935,2,Sample 3,Cell type 1
3890,-0.8915886697493147,6.741950474661944,5,Sample 3,Cell type 2
3891,7.605147156754965,-1.1570319006804248,3,Sample 1,Cell type 2
3892,1.5088421591441548,-6.341063896550738,4,Sample 2,Cell type 2
3893,2.920526993664511,-7.489866531682862,4,Sample 2,Cell type 2
3894,-2.040858277976335,-5.854686853364288,2,Sample 3,Cell type 1
3895,1.0617526875246392,0.17469686785802194,1,Sample 2,Cell type 1
3896,-4.228106339118183,-0.1439446769670844,0,Sample 1,Cell type 1
3897,0.8240884238325097,8.067774031465849,5,Sample 3,Cell type 2
3898,8.286590775906195,0.07059532147530308,3,Sample 1,Cell type 2
3899,-1.207133754513064,7.484652840975139,5,Sample 3,Cell type 2
3900,2.9803257232055738,-5.656342639521555,4,Sample 2,Cell type 2
3901,8.136711939777943,0.6992385231193459,3,Sample 1,Cell type 2
3902,1.5762817398490934,-5.569502844794472,4,Sample 2,Cell type 2
3903,-5.3284574565885965,-0.7552887006051058,0,Sample 1,Cell type 1
3904,-2.5359049453765405,-8.26381560963543,2,Sample 3,Cell type 1
3905,2.9777214253054565,-7.9658712466603445,4,Sample 2,Cell type 2
3906,0.255375921295351,-0.8890860068106743,1,Sample 2,Cell type 1
3907,-1.7184204787565636,1.1864720923674024,1,Sample 2,Cell type 1
3908,8.31446583734478,-0.20322607416843766,3,Sample 1,Cell type 2
3909,0.38096536957305815,-6.983572785229498,4,Sample 2,Cell type 2
3910,-0.15552156365681793,0.6947281393530076,1,Sample 2,Cell type 1
3911,-6.600848224013851,1.3464398803402648,0,Sample 1,Cell type 1
3912,-0.5770004887374927,8.492982725009798,5,Sample 3,Cell type 2
3913,0.06138610434255271,7.736192889331603,5,Sample 3,Cell type 2
3914,3.0798794500973803,-6.868171949512013,4,Sample 2,Cell type 2
3915,0.07730370566399737,-1.9973703354727816,1,Sample 2,Cell type 1
3916,1.8102826516614856,-7.07090956007227,4,Sample 2,Cell type 2
3917,8.82760112787887,-0.17408486572308504,3,Sample 1,Cell type 2
3918,2.1616147785833206,-7.504980217882897,4,Sample 2,Cell type 2
3919,-2.5827611043438394,-6.985577245934356,2,Sample 3,Cell type 1
3920,1.5885829929683566,-8.583962993934325,4,Sample 2,Cell type 2
3921,-1.6218579600976748,-6.999320043290864,2,Sample 3,Cell type 1
3922,7.396896515274732,0.07568494942517685,3,Sample 1,Cell type 2
3923,1.2334825295970422,0.6256826100755994,1,Sample 2,Cell type 1
3924,-5.631847784489617,-0.2948959319379914,0,Sample 1,Cell type 1
3925,-4.828010838782087,0.04179289334053393,0,Sample 1,Cell type 1
3926,0.1707355508493561,-0.5957839600169482,1,Sample 2,Cell type 1
3927,-3.34597104623506,-6.571014063279498,2,Sample 3,Cell type 1
3928,-1.4041537426169497,8.905591729933859,5,Sample 3,Cell type 2
3929,-4.215987766911477,-0.293421178951057,0,Sample 1,Cell type 1
3930,2.107136623061011,-6.035487663498469,4,Sample 2,Cell type 2
3931,2.618007392207632,-6.203641675478957,4,Sample 2,Cell type 2
3932,-5.0693915384726935,0.3070367773349795,0,Sample 1,Cell type 1
3933,-0.9150148157188476,-0.21967242630678116,1,Sample 2,Cell type 1
3934,0.08580977949717739,-0.2371033944740242,1,Sample 2,Cell type 1
3935,1.4434794605410792,7.611443235710715,5,Sample 3,Cell type 2
3936,-4.969324878566696,-0.6929759079527776,0,Sample 1,Cell type 1
3937,7.305129122217444,-0.8453173866138062,3,Sample 1,Cell type 2
3938,-0.45882602387179433,0.030996910535257216,1,Sample 2,Cell type 1
3939,-2.056404425333317,-6.2497571156463865,2,Sample 3,Cell type 1
3940,-0.9874294827934172,6.439595410102855,5,Sample 3,Cell type 2
3941,3.626752709061842,-6.175758596562156,4,Sample 2,Cell type 2
3942,-4.132508794884581,1.9894707014322162,0,Sample 1,Cell type 1
3943,-4.937178123508983,-0.3467822371755842,0,Sample 1,Cell type 1
3944,-5.755749657962698,-0.5394533808996199,0,Sample 1,Cell type 1
3945,7.252820625570332,-0.41149668538727635,3,Sample 1,Cell type 2
3946,8.121819861652973,-0.40032615435344127,3,Sample 1,Cell type 2
3947,8.66998863503592,0.8642746512780012,3,Sample 1,Cell type 2
3948,3.4266439252777237,-5.215776594847965,4,Sample 2,Cell type 2
3949,-2.2229508647375034,-5.138596562644759,2,Sample 3,Cell type 1
3950,-3.1403159746753344,-7.346011191079382,2,Sample 3,Cell type 1
3951,6.479245969249988,0.9262623925151704,3,Sample 1,Cell type 2
3952,-3.860862943221769,-0.7795573633930508,0,Sample 1,Cell type 1
3953,-0.5273349059859798,0.2961961008391166,1,Sample 2,Cell type 1
3954,-1.158447211725825,-1.2574063666016921,1,Sample 2,Cell type 1
3955,-3.0916352985952518,-7.044068527772605,2,Sample 3,Cell type 1
3956,6.425232013729341,-0.9113799972987806,3,Sample 1,Cell type 2
3957,1.943471481960283,-7.715404282301521,4,Sample 2,Cell type 2
3958,-1.0301602264565082,-6.744590774945728,4,Sample 2,Cell type 2
3959,-0.20031743450236766,5.48622809441313,5,Sample 3,Cell type 2
3960,-1.718104749468306,-8.067702784398868,2,Sample 3,Cell type 1
3961,6.663966165785343,-0.4537158062864973,3,Sample 1,Cell type 2
3962,-3.3106042442612322,-7.86778006428092,2,Sample 3,Cell type 1
3963,1.0785317124361136,7.012902779958184,5,Sample 3,Cell type 2
3964,-0.1546294174224066,6.868031403360758,5,Sample 3,Cell type 2
3965,6.914409040797425,-0.29398280686975037,3,Sample 1,Cell type 2
3966,2.013661294911651,-7.721335529647906,4,Sample 2,Cell type 2
3967,0.8805799008252316,0.46992829134054226,1,Sample 2,Cell type 1
3968,2.7269753688108582,-8.77327772321626,4,Sample 2,Cell type 2
3969,6.596904986850447,-0.29821706917906426,3,Sample 1,Cell type 2
3970,8.335281549891974,-1.5934330239984702,3,Sample 1,Cell type 2
3971,-0.5110270579656949,7.461289265559461,5,Sample 3,Cell type 2
3972,-0.6277877482276032,5.543059685212204,5,Sample 3,Cell type 2
3973,-0.23490785175508222,7.008483724507396,5,Sample 3,Cell type 2
3974,-3.3754880650840007,-6.634040169199594,2,Sample 3,Cell type 1
3975,-0.7322981176237975,6.307300231889751,5,Sample 3,Cell type 2
3976,-3.265551927656753,-7.48690617920461,2,Sample 3,Cell type 1
3977,-1.3701232675961021,1.0014195374909327,1,Sample 2,Cell type 1
3978,-0.33508714764413056,0.39358186833506464,1,Sample 2,Cell type 1
3979,-5.0338712321823635,0.9929716938148694,0,Sample 1,Cell type 1
3980,-4.321992541005921,0.3430425463945,0,Sample 1,Cell type 1
3981,7.1459058933529045,-1.7182777130795186,3,Sample 1,Cell type 2
3982,7.0961738856424645,0.210833338011089,3,Sample 1,Cell type 2
3983,-0.41435309939098963,6.974827526961716,5,Sample 3,Cell type 2
3984,-5.378168135386272,-0.2536061479744565,0,Sample 1,Cell type 1
3985,-3.9560205524338032,-6.657299735771454,2,Sample 3,Cell type 1
3986,6.166577305603768,-1.2055227974619807,3,Sample 1,Cell type 2
3987,-4.142187459161522,0.4617768780875637,0,Sample 1,Cell type 1
3988,-2.3114769247170046,-7.886080645433771,2,Sample 3,Cell type 1
3989,4.163080296131893,-5.928523320654091,4,Sample 2,Cell type 2
3990,0.22784871423418307,0.7383096113512104,1,Sample 2,Cell type 1
3991,3.3897479141492575,-7.343023927006077,4,Sample 2,Cell type 2
3992,0.10649719700838196,5.995542241535294,5,Sample 3,Cell type 2
3993,7.206117732718886,-1.0538324044267084,3,Sample 1,Cell type 2
3994,-0.3016240030543066,0.3081040510406593,1,Sample 2,Cell type 1
3995,7.26190869116575,0.329183987483624,3,Sample 1,Cell type 2
3996,-4.487452698605427,-7.207527758671252,2,Sample 3,Cell type 1
3997,0.21023557313541869,8.905122749467468,5,Sample 3,Cell type 2
3998,2.7808559185540647,-6.227556612836315,4,Sample 2,Cell type 2
3999,6.9109197861015215,-1.8445630645694928,3,Sample 1,Cell type 2
4000,1.8845359895503813,-7.00824313468119,4,Sample 2,Cell type 2
4001,6.7779553494589315,-0.4541703680603111,3,Sample 1,Cell type 2
4002,5.731917565707368,-1.3330311521595442,3,Sample 1,Cell type 2
4003,6.871564336123747,0.1117581162701521,3,Sample 1,Cell type 2
4004,-3.603963222029729,0.1041071708635728,0,Sample 1,Cell type 1
4005,-2.620762189609232,-6.532577128925901,2,Sample 3,Cell type 1
4006,-0.48984698963208434,6.030030458562691,5,Sample 3,Cell type 2
4007,-3.203040740318003,-7.233820126690762,2,Sample 3,Cell type 1
4008,7.803733867253759,-0.23697702619012456,3,Sample 1,Cell type 2
4009,-6.936633861196374,-0.647237987318178,0,Sample 1,Cell type 1
4010,-2.4035470762663635,-7.970661467228138,2,Sample 3,Cell type 1
4011,1.100440613548738,5.498157523888483,5,Sample 3,Cell type 2
4012,-3.394985669619813,-6.775406629361731,2,Sample 3,Cell type 1
4013,-2.0052851323387664,-5.378712910660161,2,Sample 3,Cell type 1
4014,3.758059876328349,-5.927944259553914,4,Sample 2,Cell type 2
4015,1.283838637571409,-7.27011590814538,4,Sample 2,Cell type 2
4016,0.6374395976916598,7.69810776965412,5,Sample 3,Cell type 2
4017,7.868158444500652,0.5999650951112017,3,Sample 1,Cell type 2
4018,6.932871452871888,0.5166377377956272,3,Sample 1,Cell type 2
4019,0.9541889167489919,2.48369403501997,1,Sample 2,Cell type 1
4020,-0.11832533610450102,0.7434424542973557,1,Sample 2,Cell type 1
4021,2.9303265180002276,-7.519505853139513,4,Sample 2,Cell type 2
4022,-3.9531526230605363,0.009209754917628344,0,Sample 1,Cell type 1
4023,6.7780205327683385,-1.0324435599105404,3,Sample 1,Cell type 2
4024,6.931737699990098,0.047273731393784636,3,Sample 1,Cell type 2
4025,2.3249576636217015,-6.400709958664249,4,Sample 2,Cell type 2
4026,0.3871286768838342,7.457681785864418,5,Sample 3,Cell type 2
4027,-2.1954783022576363,-7.89332020605594,2,Sample 3,Cell type 1
4028,8.434211274584365,0.6877918830049699,3,Sample 1,Cell type 2
4029,2.1126150710793556,-5.1923742901164704,4,Sample 2,Cell type 2
4030,0.7669893757004105,-5.6556612168950195,4,Sample 2,Cell type 2
4031,1.259635180631214,-1.2079149736366035,1,Sample 2,Cell type 1
4032,-3.9542981086694255,-6.730317080946387,2,Sample 3,Cell type 1
4033,0.6348803364736015,-6.861371342484771,4,Sample 2,Cell type 2
4034,-1.8511027423849278,-7.4906676202536895,2,Sample 3,Cell type 1
4035,-5.986647578205682,-1.2960457943348649,0,Sample 1,Cell type 1
4036,-1.9080131414646635,-7.062579057618042,2,Sample 3,Cell type 1
4037,1.013754104749859,6.91125244089579,5,Sample 3,Cell type 2
4038,-1.5071041851517077,-5.70225183824266,2,Sample 3,Cell type 1
4039,-6.6525848357929664,0.4571921942212893,0,Sample 1,Cell type 1
4040,-3.266385981801387,-6.994354159434024,2,Sample 3,Cell type 1
4041,-0.7655088505530905,8.309084614798982,5,Sample 3,Cell type 2
4042,-0.8935818348408284,6.505685212018682,5,Sample 3,Cell type 2
4043,-3.962989630205855,-9.255914413483044,2,Sample 3,Cell type 1
4044,7.231061919873716,-0.3224199401167572,3,Sample 1,Cell type 2
4045,2.859996897649246,-6.850726875881194,4,Sample 2,Cell type 2
4046,-1.9003572951608292,-6.479819328724399,2,Sample 3,Cell type 1
4047,0.2610340227485117,7.354591514957507,5,Sample 3,Cell type 2
4048,-2.1082305038988123,7.269704779604134,5,Sample 3,Cell type 2
4049,6.226028339777664,0.8800850449900238,3,Sample 1,Cell type 2
4050,-3.091020411064672,-7.234278137144294,2,Sample 3,Cell type 1
4051,-0.5883678268262708,7.823862673436444,5,Sample 3,Cell type 2
4052,0.040700438099984304,0.046078111692976806,1,Sample 2,Cell type 1
4053,-2.120397933174216,-5.820827282727192,2,Sample 3,Cell type 1
4054,7.642284508719108,0.030099121175835845,3,Sample 1,Cell type 2
4055,1.2249060342927962,7.058312215111043,5,Sample 3,Cell type 2
4056,0.41235130330982883,-0.8817491022451261,1,Sample 2,Cell type 1
4057,4.474104595259547,-6.1398664259975195,4,Sample 2,Cell type 2
4058,1.122748777663191,-7.110192390772657,4,Sample 2,Cell type 2
4059,1.5546061341196293,-6.2384933776336595,4,Sample 2,Cell type 2
4060,-3.604549556467331,-0.8985186366649119,0,Sample 1,Cell type 1
4061,3.11347080130155,-6.987302479372188,4,Sample 2,Cell type 2
4062,1.4591003046393973,-5.846885211829318,4,Sample 2,Cell type 2
4063,0.31290883518450274,-0.4385057077021971,1,Sample 2,Cell type 1
4064,1.7981739918361597,-6.107266321101741,4,Sample 2,Cell type 2
4065,-5.0229986638923005,1.0554561173334283,0,Sample 1,Cell type 1
4066,-0.7324322777360365,7.162421327648086,5,Sample 3,Cell type 2
4067,0.4715990600258953,7.0834687592015975,5,Sample 3,Cell type 2
4068,-0.7755327632306324,0.027028331247673953,1,Sample 2,Cell type 1
4069,-4.172831165311008,-0.2612470897697862,0,Sample 1,Cell type 1
4070,1.894845774106148,-6.69715019006119,4,Sample 2,Cell type 2
4071,-3.10132874349499,-6.825958493268256,2,Sample 3,Cell type 1
4072,-2.731570000556011,-6.0260989183061735,2,Sample 3,Cell type 1
4073,-3.964304428780074,-5.179668792487467,2,Sample 3,Cell type 1
4074,-4.462339937135128,0.6310554680798085,0,Sample 1,Cell type 1
4075,-1.9916418772598896,-5.527781974477767,2,Sample 3,Cell type 1
4076,-1.9476062297890822,-6.662089728135473,2,Sample 3,Cell type 1
4077,2.063834291859927,-6.870924132386672,4,Sample 2,Cell type 2
4078,-1.1630364255950567,0.6207370247206749,1,Sample 2,Cell type 1
4079,0.26107910967188913,7.0395104798110495,5,Sample 3,Cell type 2
4080,3.585882151108872,-6.757852576285863,4,Sample 2,Cell type 2
4081,0.5816881468222429,8.327047630813464,5,Sample 3,Cell type 2
4082,1.9352139975303344,-8.8481378937903,4,Sample 2,Cell type 2
4083,10.078690820777366,-0.8117933844988777,3,Sample 1,Cell type 2
4084,2.696504875397945,-6.1288612461115095,4,Sample 2,Cell type 2
4085,3.2037482819067264,-7.058869210235855,4,Sample 2,Cell type 2
4086,0.5173779821148532,-7.1985093462405825,4,Sample 2,Cell type 2
4087,-0.3246631996106357,-7.123290619924548,4,Sample 2,Cell type 2
4088,-0.3921397491462634,6.97041296336281,5,Sample 3,Cell type 2
4089,-6.523218166743337,1.3765952875145524,0,Sample 1,Cell type 1
4090,-0.4131812791970926,-0.6251403322468302,1,Sample 2,Cell type 1
4091,9.05516745184359,-0.4224118197840401,3,Sample 1,Cell type 2
4092,1.244822082100337,6.387862870823362,5,Sample 3,Cell type 2
4093,-1.4150074896703166,6.723285189986372,5,Sample 3,Cell type 2
4094,-1.3438708309880383,6.848093736325645,5,Sample 3,Cell type 2
4095,-3.702276163751752,-6.348277096616952,2,Sample 3,Cell type 1
4096,-0.3265700646362464,5.625284779493167,5,Sample 3,Cell type 2
4097,-4.220185202496253,-6.916318678123531,2,Sample 3,Cell type 1
4098,-0.782696773147225,1.0128913059732925,1,Sample 2,Cell type 1
4099,8.579369615629426,-0.02904920469235603,3,Sample 1,Cell type 2
4100,-4.756588856798145,-0.04521429850422326,0,Sample 1,Cell type 1
4101,9.077875321859027,-0.32863735187839205,3,Sample 1,Cell type 2
4102,-4.257125285910773,0.7321586724005746,0,Sample 1,Cell type 1
4103,1.1447508352024416,-7.044919209737046,4,Sample 2,Cell type 2
4104,1.6765822092601592,7.112197054066801,5,Sample 3,Cell type 2
4105,-0.09775498944450817,6.895536270891565,5,Sample 3,Cell type 2
4106,2.3608152640952498,-8.631964124815443,4,Sample 2,Cell type 2
4107,7.819804376031123,-1.6283409431294322,3,Sample 1,Cell type 2
4108,5.747391773273267,0.8806120250998951,3,Sample 1,Cell type 2
4109,-1.2672690031112337,-7.977449123906277,2,Sample 3,Cell type 1
4110,7.195910002073574,0.0020084599461618006,3,Sample 1,Cell type 2
4111,8.752834876428382,0.1000164377668609,3,Sample 1,Cell type 2
4112,-1.558081173100433,1.3454444047079124,1,Sample 2,Cell type 1
4113,8.327884364358987,0.9170309160809086,3,Sample 1,Cell type 2
4114,-4.217354671904906,1.220074072924456,0,Sample 1,Cell type 1
4115,-6.258710816437227,0.5066723130215138,0,Sample 1,Cell type 1
4116,0.006356842765358806,-0.5942890255261024,1,Sample 2,Cell type 1
4117,-3.4900692673312035,-0.49822941753719513,0,Sample 1,Cell type 1
4118,2.44209611735875,-7.409654605558387,4,Sample 2,Cell type 2
4119,3.196620496663947,-7.006732717066672,4,Sample 2,Cell type 2
4120,-5.707390514457154,-1.1981096582020003,0,Sample 1,Cell type 1
4121,1.8774423445834023,-0.913283543867267,1,Sample 2,Cell type 1
4122,5.911151171673024,1.5668473379372918,3,Sample 1,Cell type 2
4123,-0.02007768502118807,7.3091991193359425,5,Sample 3,Cell type 2
4124,2.386002375387103,-7.496004616036566,4,Sample 2,Cell type 2
4125,7.482073443330242,-0.22309210717079672,3,Sample 1,Cell type 2
4126,-0.14323452438395515,6.355245135669328,5,Sample 3,Cell type 2
4127,1.3988541974499233,8.23280299176614,5,Sample 3,Cell type 2
4128,-0.9266766377912481,-6.063944362087682,2,Sample 3,Cell type 1
4129,-0.16820654234578636,-1.467425919343626,1,Sample 2,Cell type 1
4130,-5.8085732042135225,0.44272725435585514,0,Sample 1,Cell type 1
4131,-2.6110096576414996,-6.721857301270611,2,Sample 3,Cell type 1
4132,-4.958985344086567,-0.5864403128452353,0,Sample 1,Cell type 1
4133,0.22731196139696114,1.2460788428345158,1,Sample 2,Cell type 1
4134,-0.677805597558522,5.989376790297186,5,Sample 3,Cell type 2
4135,8.588307582501544,-0.02185784610302326,3,Sample 1,Cell type 2
4136,-5.499679574023879,1.6930413624965313,0,Sample 1,Cell type 1
4137,2.021070498844208,-7.349711398442083,4,Sample 2,Cell type 2
4138,-1.5017393329903759,0.952855676895491,1,Sample 2,Cell type 1
4139,-4.948688187592624,0.24173305097693124,0,Sample 1,Cell type 1
4140,-0.182851676086211,6.855412042270533,5,Sample 3,Cell type 2
4141,1.502162573243698,-0.8483022052126887,1,Sample 2,Cell type 1
4142,1.2922708176773081,7.256110111427073,5,Sample 3,Cell type 2
4143,-0.06554018933130787,7.754212649082679,5,Sample 3,Cell type 2
4144,8.285535374860501,0.6588728562897203,3,Sample 1,Cell type 2
4145,7.679649376562504,0.984761592769328,3,Sample 1,Cell type 2
4146,0.9660299242004751,7.7826152667880795,5,Sample 3,Cell type 2
4147,2.23166272642009,-7.622858678798223,4,Sample 2,Cell type 2
4148,1.8862591516282432,1.4349981525742772,1,Sample 2,Cell type 1
4149,8.973490480232568,-1.2882193623489844,3,Sample 1,Cell type 2
4150,8.206666574079339,-1.5999128661331812,3,Sample 1,Cell type 2
4151,-3.4663197930259773,-6.927025711389259,2,Sample 3,Cell type 1
4152,7.035047221115903,-0.920927901038026,3,Sample 1,Cell type 2
4153,-0.4713338546005727,5.77078366475415,5,Sample 3,Cell type 2
4154,2.860152644680448,-8.812656946813988,4,Sample 2,Cell type 2
4155,6.908668286684408,0.8951024121674594,3,Sample 1,Cell type 2
4156,-6.4255125411371505,0.6843731905298677,0,Sample 1,Cell type 1
4157,-0.3802463058891906,7.92494687390158,5,Sample 3,Cell type 2
4158,-1.5741079077188673,-6.54848345934809,2,Sample 3,Cell type 1
4159,0.3201020537069065,0.17241965657468067,1,Sample 2,Cell type 1
4160,1.5760370654042388,-7.412323290857548,4,Sample 2,Cell type 2
4161,-5.119370371744316,-0.8770763742035773,0,Sample 1,Cell type 1
4162,-2.630390705753098,-6.961263216234651,2,Sample 3,Cell type 1
4163,2.2286263338075876,-8.335995161374084,4,Sample 2,Cell type 2
4164,0.7014141035147992,-0.03511756743978971,1,Sample 2,Cell type 1
4165,7.8008943490981535,-0.26098321899297594,3,Sample 1,Cell type 2
4166,3.0002434248176146,-7.203874725144554,4,Sample 2,Cell type 2
4167,7.106036409836108,0.16379089436051789,3,Sample 1,Cell type 2
4168,1.8654005318506355,-8.214644730140735,4,Sample 2,Cell type 2
4169,0.6121944949054045,1.0732567612301775,1,Sample 2,Cell type 1
4170,-5.024574085558939,-0.8399411631658764,0,Sample 1,Cell type 1
4171,-1.143054979840829,0.25826026887153786,1,Sample 2,Cell type 1
4172,7.439450281577819,-0.9671949354895768,3,Sample 1,Cell type 2
4173,-0.04780858771579081,1.1012119941767649,1,Sample 2,Cell type 1
4174,-4.844137166733936,0.3467856417559531,0,Sample 1,Cell type 1
4175,2.100913523588468,-7.2432433309071484,4,Sample 2,Cell type 2
4176,8.944820366125626,1.101542709814101,3,Sample 1,Cell type 2
4177,3.341189236602961,-6.667066948296049,4,Sample 2,Cell type 2
4178,3.2819185044749943,-6.979206088599342,4,Sample 2,Cell type 2
4179,2.611516134868964,-6.446534891157903,4,Sample 2,Cell type 2
4180,2.369185519917503,-6.687342262208714,4,Sample 2,Cell type 2
4181,-5.586276203253004,-0.4354972506488894,0,Sample 1,Cell type 1
4182,2.3310456787781044,-6.243453958494955,4,Sample 2,Cell type 2
4183,1.5195916260591043,-6.0023998584493965,4,Sample 2,Cell type 2
4184,-3.009755132093251,-6.251544892437637,2,Sample 3,Cell type 1
4185,-2.767638471318796,-7.221745062263093,2,Sample 3,Cell type 1
4186,1.7671975501894344,7.301644509881606,5,Sample 3,Cell type 2
4187,0.8008712566069451,7.378689906266728,5,Sample 3,Cell type 2
4188,7.353566668587818,-0.7840737270068676,3,Sample 1,Cell type 2
4189,-0.772394428594464,6.508362391740282,5,Sample 3,Cell type 2
4190,2.497985695173237,-7.96069053966445,4,Sample 2,Cell type 2
4191,2.8791226408218824,-6.237844049077752,4,Sample 2,Cell type 2
4192,2.671200899660404,-7.341662047009151,4,Sample 2,Cell type 2
4193,-5.540574820926924,-0.26252437481394914,0,Sample 1,Cell type 1
4194,-1.279852647451138,7.19352874864911,5,Sample 3,Cell type 2
4195,-0.030251308233341708,0.40926682092702094,1,Sample 2,Cell type 1
4196,5.843760253683988,1.1953494485615996,3,Sample 1,Cell type 2
4197,-3.2671480894666933,-6.572170950377191,2,Sample 3,Cell type 1
4198,-1.9371451901482624,0.788810080952642,1,Sample 2,Cell type 1
4199,-0.4954831645424252,-1.0986411833227427,1,Sample 2,Cell type 1
4200,8.116005429872786,-0.37907893495162187,3,Sample 1,Cell type 2
4201,6.281620792761217,0.661029070501096,3,Sample 1,Cell type 2
4202,2.4313848844114623,-5.65280775353423,4,Sample 2,Cell type 2
4203,-4.094336471707003,-0.5192026825708339,0,Sample 1,Cell type 1
4204,-0.21429939268084866,0.04140247252794671,1,Sample 2,Cell type 1
4205,0.3672864527129501,6.1870362002988015,5,Sample 3,Cell type 2
4206,6.8143577955070365,0.18933040218679822,3,Sample 1,Cell type 2
4207,-1.8199007451301168,-7.199699444163042,2,Sample 3,Cell type 1
4208,-3.6072453188029447,1.6162899057859696,0,Sample 1,Cell type 1
4209,-6.213366879895142,0.6689376846204435,0,Sample 1,Cell type 1
4210,-2.4564639464313607,7.004684735705451,5,Sample 3,Cell type 2
4211,-2.351136705730266,-8.243815811823193,2,Sample 3,Cell type 1
4212,1.851590436392447,-6.629778131963705,4,Sample 2,Cell type 2
4213,0.4698185715996899,6.511118649661297,5,Sample 3,Cell type 2
4214,1.0427442491357215,-6.4332344370321355,4,Sample 2,Cell type 2
4215,-0.4732917083056835,0.15997509564122822,1,Sample 2,Cell type 1
4216,-1.816639077949774,0.13055737136344348,1,Sample 2,Cell type 1
4217,-1.0665970015454043,-6.982590336269421,2,Sample 3,Cell type 1
4218,-1.5341597623594043,6.9251798268506555,5,Sample 3,Cell type 2
4219,-3.411091183747013,0.36448353986486,0,Sample 1,Cell type 1
4220,-4.974129659358664,1.1506066763465688,0,Sample 1,Cell type 1
4221,1.5005017003960233,1.3709147595410325,1,Sample 2,Cell type 1
4222,-0.44172581984677817,5.982111350362972,5,Sample 3,Cell type 2
4223,0.8011785700123082,0.9317244012513773,1,Sample 2,Cell type 1
4224,0.8389724078343462,-0.21289975849705142,1,Sample 2,Cell type 1
4225,-0.10508932421572197,-0.5720020572639631,1,Sample 2,Cell type 1
4226,-1.7215662180130464,8.599565291227409,5,Sample 3,Cell type 2
4227,2.344862538291704,-6.3567414452340705,4,Sample 2,Cell type 2
4228,-0.790490769461765,-0.34020710911639546,1,Sample 2,Cell type 1
4229,-6.330669791330685,-0.6478597875552378,0,Sample 1,Cell type 1
4230,7.402674908647725,1.0008905572992046,3,Sample 1,Cell type 2
4231,-3.2524559368900223,-5.717953760877747,2,Sample 3,Cell type 1
4232,3.066424570086003,-7.26916217670705,4,Sample 2,Cell type 2
4233,3.0732172711026866,-7.427612750600143,4,Sample 2,Cell type 2
4234,1.6493013391312816,0.73273658590644,1,Sample 2,Cell type 1
4235,6.838670192219229,-1.259305433302168,3,Sample 1,Cell type 2
4236,-0.21904558143751626,-0.26985437664739254,1,Sample 2,Cell type 1
4237,-4.600562514668394,0.6971706480864032,0,Sample 1,Cell type 1
4238,0.8223944592470271,-1.3911568080216599,1,Sample 2,Cell type 1
4239,0.7970193735255404,8.603516307820167,5,Sample 3,Cell type 2
4240,-2.741781177978768,-8.652723805393357,2,Sample 3,Cell type 1
4241,7.43442808004305,1.7003509159535966,3,Sample 1,Cell type 2
4242,-1.539157591252615,7.933454325278804,5,Sample 3,Cell type 2
4243,0.6183592162730246,1.3198867733507427,1,Sample 2,Cell type 1
4244,-1.640257686513515,-7.034868605490589,2,Sample 3,Cell type 1
4245,2.436798741482837,-7.258398554376108,4,Sample 2,Cell type 2
4246,-5.739998356009789,0.21931849034272108,0,Sample 1,Cell type 1
4247,-0.2981775448649905,-0.5510130610569752,1,Sample 2,Cell type 1
4248,-2.2494862288197974,-7.458292026339221,2,Sample 3,Cell type 1
4249,8.342450551142415,0.699243032638365,3,Sample 1,Cell type 2
4250,-3.0799062403197857,-9.465226185523726,2,Sample 3,Cell type 1
4251,-0.2328879706851409,6.552652761847886,5,Sample 3,Cell type 2
4252,-0.1608127988471852,7.677601973344406,5,Sample 3,Cell type 2
4253,-0.3303203532494776,6.64863173222053,5,Sample 3,Cell type 2
4254,-3.2165231228678457,-7.855057147719514,2,Sample 3,Cell type 1
4255,0.7090483571609876,-6.700860849832352,4,Sample 2,Cell type 2
4256,-0.6432126092913887,0.46915191451243304,1,Sample 2,Cell type 1
4257,-2.469652850589052,-6.7582657770601315,2,Sample 3,Cell type 1
4258,-0.34892992476770507,-0.3722540990666785,1,Sample 2,Cell type 1
4259,3.0641893571761196,-7.043889086658804,4,Sample 2,Cell type 2
4260,1.1136943212157253,-0.411571489578111,1,Sample 2,Cell type 1
4261,-4.663301740990478,-5.746789652665239,2,Sample 3,Cell type 1
4262,-0.8859717415576909,4.09069111073881,5,Sample 3,Cell type 2
4263,7.894721361828905,-1.2330239646279864,3,Sample 1,Cell type 2
4264,8.661414667238715,0.049679318277080296,3,Sample 1,Cell type 2
4265,-1.203906767478916,7.550954456756726,5,Sample 3,Cell type 2
4266,-3.7405801070725984,0.8321703146214919,0,Sample 1,Cell type 1
4267,6.676070673818737,0.11381329715462105,3,Sample 1,Cell type 2
4268,-2.2381473720944633,-6.137944332002559,2,Sample 3,Cell type 1
4269,-4.956025936706866,0.03653252208349415,0,Sample 1,Cell type 1
4270,-3.5787084660433477,0.690691256237618,0,Sample 1,Cell type 1
4271,1.8137475994145762,1.1615800148302924,1,Sample 2,Cell type 1
4272,0.5988751413226008,1.7470956928173742,1,Sample 2,Cell type 1
4273,-1.1341482886553222,-0.5547252672355297,1,Sample 2,Cell type 1
4274,-1.1013703619906423,4.770244493233885,5,Sample 3,Cell type 2
4275,1.0394978044874559,7.174295588065119,5,Sample 3,Cell type 2
4276,2.59475076151871,-6.86445775643983,4,Sample 2,Cell type 2
4277,-0.3082942807719885,0.1534173938969138,1,Sample 2,Cell type 1
4278,-0.08031073879930403,-0.03381358048153314,1,Sample 2,Cell type 1
4279,8.378788239478261,-1.0189342266444061,3,Sample 1,Cell type 2
4280,-6.303212510374619,-1.9789253609580737,0,Sample 1,Cell type 1
4281,-4.114109841371075,-0.19258995980295807,0,Sample 1,Cell type 1
4282,2.916971359210808,-7.29974285887797,4,Sample 2,Cell type 2
4283,-0.9791037108983325,6.384182037536281,5,Sample 3,Cell type 2
4284,-4.460390187758287,-7.476520267156308,2,Sample 3,Cell type 1
4285,-5.497000739852874,0.5696386359799597,0,Sample 1,Cell type 1
4286,-5.029477943194398,-0.4890822940203885,0,Sample 1,Cell type 1
4287,8.729750470668995,-0.6639630342163568,3,Sample 1,Cell type 2
4288,7.425219605031135,0.5839937333134552,3,Sample 1,Cell type 2
4289,-0.45961554437608565,7.7845519817657225,5,Sample 3,Cell type 2
4290,2.4836791808427265,-6.736044013895633,4,Sample 2,Cell type 2
4291,-3.549001434570118,0.8071553842789787,0,Sample 1,Cell type 1
4292,-3.8501015937904173,-0.532414249952247,0,Sample 1,Cell type 1
4293,-5.016837880801308,-0.34966660777999725,0,Sample 1,Cell type 1
4294,0.04922537883716355,7.397277783903656,5,Sample 3,Cell type 2
4295,5.752327206558535,-0.0034237203037194453,3,Sample 1,Cell type 2
4296,1.065144300200935,-1.0602367806387427,1,Sample 2,Cell type 1
4297,-0.748159105933701,6.55814594524132,5,Sample 3,Cell type 2
4298,0.9265117334385216,0.7850838420256053,1,Sample 2,Cell type 1
4299,3.196201935586132,-7.44613535191741,4,Sample 2,Cell type 2
4300,8.893775365521632,0.28819492015394604,3,Sample 1,Cell type 2
4301,-1.8669038801749953,-5.060564190355172,2,Sample 3,Cell type 1
4302,8.882455063538576,0.5377839353052554,3,Sample 1,Cell type 2
4303,6.979697887155921,-0.2322076825778481,3,Sample 1,Cell type 2
4304,-4.745040915608472,-0.23301447633366962,0,Sample 1,Cell type 1
4305,1.8539321070813681,-6.283722568892896,4,Sample 2,Cell type 2
4306,0.17138150093255197,0.40429684915653086,1,Sample 2,Cell type 1
4307,-0.3761185911893015,-1.8232270858002393,1,Sample 2,Cell type 1
4308,7.41439951706931,-0.2997338571483855,3,Sample 1,Cell type 2
4309,-1.0155074132392046,8.145234997763882,5,Sample 3,Cell type 2
4310,7.319818871129667,1.2593051550640435,3,Sample 1,Cell type 2
4311,6.936675584083858,-0.8804294442544296,3,Sample 1,Cell type 2
4312,0.5158150319170801,-1.6072798427407,1,Sample 2,Cell type 1
4313,0.6106946891589465,5.3126209100484605,5,Sample 3,Cell type 2
4314,2.2406647638197352,-6.864572951103489,4,Sample 2,Cell type 2
4315,7.567058634444096,0.9230689024853241,3,Sample 1,Cell type 2
4316,-1.3630232782626903,0.28943389020531474,1,Sample 2,Cell type 1
4317,-0.5280251298856855,6.323949502338509,5,Sample 3,Cell type 2
4318,0.2083013302730151,0.5818405839531936,1,Sample 2,Cell type 1
4319,0.7620936976948444,-1.914504678316346,1,Sample 2,Cell type 1
4320,-5.964925110787046,-2.629215435145147,0,Sample 1,Cell type 1
4321,-0.08761137200345948,7.700896877180004,5,Sample 3,Cell type 2
4322,-4.507612356946966,-0.18197338719050465,0,Sample 1,Cell type 1
4323,-2.2419032988556724,-7.132484750817038,2,Sample 3,Cell type 1
4324,3.5292094404357517,-6.9041554177389175,4,Sample 2,Cell type 2
4325,3.159861385680302,-5.759671587552148,4,Sample 2,Cell type 2
4326,-1.0613156991132928,-6.278084387243693,2,Sample 3,Cell type 1
4327,-3.1608099897739343,-7.127376673604063,2,Sample 3,Cell type 1
4328,-1.0464393953949853,6.85452058496925,5,Sample 3,Cell type 2
4329,0.7113347064465402,0.3060461651120014,1,Sample 2,Cell type 1
4330,8.189749628915159,-0.37250544804737123,3,Sample 1,Cell type 2
4331,6.602494541305101,-0.9531334098108878,3,Sample 1,Cell type 2
4332,1.4583257888061096,-8.782752823830371,4,Sample 2,Cell type 2
4333,-4.067999523371748,-7.491437618935049,2,Sample 3,Cell type 1
4334,-0.9636015342749373,6.525111601439496,5,Sample 3,Cell type 2
4335,8.370460310195055,0.4445796439850803,3,Sample 1,Cell type 2
4336,-0.5964223351392319,7.078084967916382,5,Sample 3,Cell type 2
4337,3.508842861165621,-5.5873342717544565,4,Sample 2,Cell type 2
4338,7.215525334989324,0.28290481481828744,3,Sample 1,Cell type 2
4339,5.89743689438326,1.3524608936750293,3,Sample 1,Cell type 2
4340,-3.405041238120519,-6.67585223444881,2,Sample 3,Cell type 1
4341,-1.2840858227616996,-8.361276068768987,2,Sample 3,Cell type 1
4342,-1.4744210931850803,6.766362950371657,5,Sample 3,Cell type 2
4343,1.5299616371187426,0.9643888370113972,1,Sample 2,Cell type 1
4344,0.7465273577385736,-0.17444352489552317,1,Sample 2,Cell type 1
4345,2.970268689798151,-7.587823650936947,4,Sample 2,Cell type 2
4346,7.8361803150705915,1.3098910355237925,3,Sample 1,Cell type 2
4347,2.977308611503522,-6.72595701848787,4,Sample 2,Cell type 2
4348,4.206510948628912,-8.224751480470971,4,Sample 2,Cell type 2
4349,1.3871890303211887,8.200598367289233,5,Sample 3,Cell type 2
4350,0.2528356472530437,7.728089748306108,5,Sample 3,Cell type 2
4351,2.583364829154031,-5.881423693427517,4,Sample 2,Cell type 2
4352,2.1185498156141653,-7.689050041327169,4,Sample 2,Cell type 2
4353,-2.3554695101454164,-5.774080836683429,2,Sample 3,Cell type 1
4354,-0.06969911465339429,-1.0757643872393203,1,Sample 2,Cell type 1
4355,3.0082986378827354,-6.383962479802303,4,Sample 2,Cell type 2
4356,8.558879928408988,-0.5253499202063412,3,Sample 1,Cell type 2
4357,3.127514241751282,-7.312772448266972,4,Sample 2,Cell type 2
4358,-4.657821934094633,0.5495271707554409,0,Sample 1,Cell type 1
4359,-1.512429831210662,-8.409083228445036,2,Sample 3,Cell type 1
4360,-0.5911519218249874,6.029516440033695,5,Sample 3,Cell type 2
4361,-1.254435883086785,7.165707458495353,5,Sample 3,Cell type 2
4362,-3.1642513752952524,-6.836873953658155,2,Sample 3,Cell type 1
4363,-5.124610385585396,-1.1018684126604292,0,Sample 1,Cell type 1
4364,8.985515666909563,-0.5662909345764982,3,Sample 1,Cell type 2
4365,2.7138783906699633,-8.089668363966249,4,Sample 2,Cell type 2
4366,-3.6248383056304276,-7.238713786423182,2,Sample 3,Cell type 1
4367,-4.411070909281348,-0.05002620381940956,0,Sample 1,Cell type 1
4368,-5.017674019034013,0.497240958975433,0,Sample 1,Cell type 1
4369,6.463202207178771,0.09817467331484868,3,Sample 1,Cell type 2
4370,1.4885094353869652,-6.6597583656149055,4,Sample 2,Cell type 2
4371,-0.8731118343416793,-0.3578019889425493,1,Sample 2,Cell type 1
4372,0.9924228414669405,7.160046819734891,5,Sample 3,Cell type 2
4373,-7.126639191987655,-0.9087576342389438,0,Sample 1,Cell type 1
4374,-0.0725397743670848,-0.7497504513006829,1,Sample 2,Cell type 1
4375,-5.921768141896284,1.6686833097007694,0,Sample 1,Cell type 1
4376,6.510864697921327,1.6169986815075155,3,Sample 1,Cell type 2
4377,1.2177109116506595,-7.1912065324417505,4,Sample 2,Cell type 2
4378,-0.9933827063420849,7.233636082029059,5,Sample 3,Cell type 2
4379,-0.7487594257450061,-0.5744544538756448,1,Sample 2,Cell type 1
4380,6.054368890438238,0.35546217329097646,3,Sample 1,Cell type 2
4381,1.290496021376643,6.373887330250136,5,Sample 3,Cell type 2
4382,0.3481276686202824,0.9818823826673703,1,Sample 2,Cell type 1
4383,6.088810560995759,-1.3432160430053937,3,Sample 1,Cell type 2
4384,-5.007175377184955,1.3319497250010233,0,Sample 1,Cell type 1
4385,3.4093413819549374,-7.401181713817164,4,Sample 2,Cell type 2
4386,0.5169477160204885,6.552367420173764,5,Sample 3,Cell type 2
4387,6.777200249442017,-0.6586715775742974,3,Sample 1,Cell type 2
4388,0.6455371894048936,6.226540710264519,5,Sample 3,Cell type 2
4389,-2.476415722503368,-7.2732078927393236,2,Sample 3,Cell type 1
4390,-0.08591782238016572,-1.5986217001198066,1,Sample 2,Cell type 1
4391,1.5733501260195395,-6.795761250579777,4,Sample 2,Cell type 2
4392,7.6622653924531,-0.7333813340184098,3,Sample 1,Cell type 2
4393,-0.5558867058909152,-0.2844655704243448,1,Sample 2,Cell type 1
4394,-0.47219616636012274,0.4442893628788358,1,Sample 2,Cell type 1
4395,-0.3186366398469214,-0.5162415956072108,1,Sample 2,Cell type 1
4396,-0.701867651599475,0.973786328324948,1,Sample 2,Cell type 1
4397,-4.795286058856283,1.1764284788541852,0,Sample 1,Cell type 1
4398,2.673575658835172,-5.633420172413038,4,Sample 2,Cell type 2
4399,-5.5412308795560925,0.2878037407282833,0,Sample 1,Cell type 1
4400,0.24962261576820832,-0.020051081265341986,1,Sample 2,Cell type 1
4401,1.1938963309889574,-7.831841562335565,4,Sample 2,Cell type 2
4402,0.07979183186529369,0.17758413666503603,1,Sample 2,Cell type 1
4403,-2.507301881450575,-6.857719697209134,2,Sample 3,Cell type 1
4404,2.9585622075367173,-7.1685972788391705,4,Sample 2,Cell type 2
4405,-0.923732286899303,1.107000515447235,1,Sample 2,Cell type 1
4406,7.2609955387333125,1.2330916682493338,3,Sample 1,Cell type 2
4407,2.3977936916885936,-7.0502669643875295,4,Sample 2,Cell type 2
4408,0.5135516974975779,0.871366194479575,1,Sample 2,Cell type 1
4409,-3.4525965702774872,-9.248254915743646,2,Sample 3,Cell type 1
4410,1.075286575689244,0.805182468816485,1,Sample 2,Cell type 1
4411,-3.0704503196072066,0.5705271200862101,0,Sample 1,Cell type 1
4412,-3.5360383628975827,-9.555170793536885,2,Sample 3,Cell type 1
4413,1.6601928201824725,-6.3938744834575925,4,Sample 2,Cell type 2
4414,8.93765756389946,0.58022082295581,3,Sample 1,Cell type 2
4415,-1.9307912050219294,-7.426760357593569,2,Sample 3,Cell type 1
4416,7.301983775106294,-0.11466618515096376,3,Sample 1,Cell type 2
4417,-3.7212420127296175,-6.799162250727073,2,Sample 3,Cell type 1
4418,-2.4773102192139262,-8.388806405148584,2,Sample 3,Cell type 1
4419,-0.4501374130932564,7.478820189045507,5,Sample 3,Cell type 2
4420,-5.02252426287063,0.7359896692802584,0,Sample 1,Cell type 1
4421,-2.1486704250441617,-7.138514704277219,2,Sample 3,Cell type 1
4422,-3.7541544633405337,0.5075182080471237,0,Sample 1,Cell type 1
4423,1.1275583709847354,-0.4034021546701345,1,Sample 2,Cell type 1
4424,-5.22116875767735,-0.24545121277290344,0,Sample 1,Cell type 1
4425,-1.149376106098007,6.025130398000555,5,Sample 3,Cell type 2
4426,-0.47679093533073663,7.724370344362072,5,Sample 3,Cell type 2
4427,2.140206539701248,-6.858568794667719,4,Sample 2,Cell type 2
4428,1.632943292921288,-8.738858642667964,4,Sample 2,Cell type 2
4429,-1.2562102819732366,0.5322143175825603,1,Sample 2,Cell type 1
4430,-0.3253164900245872,0.3748014342913074,1,Sample 2,Cell type 1
4431,0.3923778505500413,-2.279021476697717,1,Sample 2,Cell type 1
4432,0.740866295965052,-7.279357123380372,4,Sample 2,Cell type 2
4433,-3.501072999983681,0.9129330585163175,0,Sample 1,Cell type 1
4434,2.3435135617168723,-5.795267075533954,4,Sample 2,Cell type 2
4435,-0.5761318545843298,7.45721106194914,5,Sample 3,Cell type 2
4436,-0.0704977640371415,6.536077654224527,5,Sample 3,Cell type 2
4437,1.1571081845691724,-5.83431363459732,4,Sample 2,Cell type 2
4438,-0.6670464017713463,7.726965600385736,5,Sample 3,Cell type 2
4439,1.1122039726399386,-0.963948311684144,1,Sample 2,Cell type 1
4440,-2.3487861935207244,-6.1493096188496645,2,Sample 3,Cell type 1
4441,-4.831909911970629,-0.6798446391179903,0,Sample 1,Cell type 1
4442,-1.8597304784810542,-4.198380819060543,2,Sample 3,Cell type 1
4443,7.447947048860166,1.0150092244004814,3,Sample 1,Cell type 2
4444,0.5764886415672961,0.11077038149056304,1,Sample 2,Cell type 1
4445,6.770524233160536,0.7712779832845075,3,Sample 1,Cell type 2
4446,8.680046066943255,0.7776629839250523,3,Sample 1,Cell type 2
4447,-2.5543633562772174,-5.984997774429491,2,Sample 3,Cell type 1
4448,-0.49763161461261063,6.047668211835029,5,Sample 3,Cell type 2
4449,-0.7200347079578818,-0.05717211715381959,1,Sample 2,Cell type 1
4450,-3.492865943109784,-6.2615018474008926,2,Sample 3,Cell type 1
4451,0.6467555646769116,-6.281348795883502,4,Sample 2,Cell type 2
4452,1.7137229306157062,1.463363023825857,1,Sample 2,Cell type 1
4453,2.843120189645889,-7.036545608510677,4,Sample 2,Cell type 2
4454,6.745349445254443,-0.6682380999926396,3,Sample 1,Cell type 2
4455,-1.052383738577822,6.864866951184305,5,Sample 3,Cell type 2
4456,2.7629519453865936,-6.896639418750023,4,Sample 2,Cell type 2
4457,-0.8937024647334144,-6.9878946718426365,2,Sample 3,Cell type 1
4458,2.165684181021083,-8.598384022265703,4,Sample 2,Cell type 2
4459,-0.16844899307747482,8.1486375890862,5,Sample 3,Cell type 2
4460,-5.657329968545423,0.19481273062377738,0,Sample 1,Cell type 1
4461,-0.6566422228266686,0.3252755855457926,1,Sample 2,Cell type 1
4462,0.0592062205272745,6.459253324813677,5,Sample 3,Cell type 2
4463,7.602110436050897,0.16725386601247774,3,Sample 1,Cell type 2
4464,-0.8089056434908154,-1.1972822631650908,1,Sample 2,Cell type 1
4465,1.1472578265782674,-6.103875621066674,4,Sample 2,Cell type 2
4466,2.763545959228015,-8.692391989656773,4,Sample 2,Cell type 2
4467,2.909233956775097,-7.059549341091791,4,Sample 2,Cell type 2
4468,8.069902779103584,-0.34886684939692175,3,Sample 1,Cell type 2
4469,-5.498284374812464,-1.0780901033299637,0,Sample 1,Cell type 1
4470,0.405543071576285,-1.6828347055789477,1,Sample 2,Cell type 1
4471,-3.0621357882395994,-0.6906128065992446,0,Sample 1,Cell type 1
4472,-1.7779389940954238,0.6759895090565791,1,Sample 2,Cell type 1
4473,-4.988298297309884,1.3081806694415852,0,Sample 1,Cell type 1
4474,-0.3016288249003733,6.878199189469202,5,Sample 3,Cell type 2
4475,-5.491620003427235,0.3526236048622919,0,Sample 1,Cell type 1
4476,-5.562336719926111,0.023481945189750407,0,Sample 1,Cell type 1
4477,7.0354950223157084,1.9121006068461124,3,Sample 1,Cell type 2
4478,7.064167483262253,-0.04133594586614458,3,Sample 1,Cell type 2
4479,-0.7297717600893044,-1.1318200730231547,1,Sample 2,Cell type 1
4480,-0.45548036207269965,5.980261887360284,5,Sample 3,Cell type 2
4481,-4.022792307554588,0.0881848381238059,0,Sample 1,Cell type 1
4482,2.7869275056654303,-7.01882893364477,4,Sample 2,Cell type 2
4483,-5.188120931557423,-0.7654684087883701,0,Sample 1,Cell type 1
4484,-4.270592557803395,-7.019120301348618,2,Sample 3,Cell type 1
4485,-5.790184328080905,-0.7441923186358741,0,Sample 1,Cell type 1
4486,0.4645467206338224,7.958882251237823,5,Sample 3,Cell type 2
4487,-4.07249950026873,-6.914841059797578,2,Sample 3,Cell type 1
4488,-6.515094372998855,-0.7252830598465699,0,Sample 1,Cell type 1
4489,-5.215053242179769,-0.8168072958374382,0,Sample 1,Cell type 1
4490,-3.923085648501958,-0.142676615724273,0,Sample 1,Cell type 1
4491,3.002825754629637,-7.364174668036852,4,Sample 2,Cell type 2
4492,7.7750990117783365,-0.6581291119316612,3,Sample 1,Cell type 2
4493,-3.037205306258774,-8.507022514407922,2,Sample 3,Cell type 1
4494,7.724505851337065,0.3593053736453944,3,Sample 1,Cell type 2
4495,1.4572570627064634,-8.634084078290936,4,Sample 2,Cell type 2
4496,-4.429600807161111,0.3724191877063484,0,Sample 1,Cell type 1
4497,-5.431256814060761,-0.16709307899743542,0,Sample 1,Cell type 1
4498,-1.74430252201193,-8.221765785857741,2,Sample 3,Cell type 1
4499,-2.6601260882239584,-7.821529827366862,2,Sample 3,Cell type 1
4500,7.932528082584941,-0.7856900702004175,3,Sample 1,Cell type 2
4501,-0.2878490377152714,8.440817192700024,5,Sample 3,Cell type 2
4502,-0.3431135585455861,6.813554479815364,5,Sample 3,Cell type 2
4503,-3.346359024835918,-7.504684816281874,2,Sample 3,Cell type 1
4504,2.197792654918225,-8.03917090485596,4,Sample 2,Cell type 2
4505,-2.1958400012694774,-7.533016760331533,2,Sample 3,Cell type 1
4506,-2.3195863317276437,-6.451985179370832,2,Sample 3,Cell type 1
4507,-4.340623930505979,-0.0726449220977241,0,Sample 1,Cell type 1
4508,6.212251918537795,-0.4288984212901722,3,Sample 1,Cell type 2
4509,7.6362666515623,-0.2634169130777492,3,Sample 1,Cell type 2
4510,-4.508344176796671,0.005780042829844035,0,Sample 1,Cell type 1
4511,-5.019230564913593,-0.672490511233041,0,Sample 1,Cell type 1
4512,-3.217402209602483,-6.963167726143969,2,Sample 3,Cell type 1
4513,7.070811185420548,1.5094042831681838,3,Sample 1,Cell type 2
4514,1.5261839934622574,-7.304802148495382,4,Sample 2,Cell type 2
4515,7.426295058384756,0.8920720016339997,3,Sample 1,Cell type 2
4516,0.07071932674723483,-1.9158606849733308,1,Sample 2,Cell type 1
4517,7.275567337344767,-1.0467383852561416,3,Sample 1,Cell type 2
4518,2.8246801791974514,-6.9349404875876175,4,Sample 2,Cell type 2
4519,-1.0379991628851706,-1.5186099123996393,1,Sample 2,Cell type 1
4520,0.9158953201591522,0.2443457797430832,1,Sample 2,Cell type 1
4521,0.3500808564169654,0.22632624804646087,1,Sample 2,Cell type 1
4522,-1.2994693345201878,-2.0665628578235142,1,Sample 2,Cell type 1
4523,0.053939367239695425,0.24963924416237251,1,Sample 2,Cell type 1
4524,7.044429845023197,-0.16156311738523213,3,Sample 1,Cell type 2
4525,-2.2843352335849016,-6.340251146680601,2,Sample 3,Cell type 1
4526,3.1087213429074176,-7.033918408668014,4,Sample 2,Cell type 2
4527,-1.121905769543484,5.532039137324519,5,Sample 3,Cell type 2
4528,2.0674830281177727,-8.68740285764278,4,Sample 2,Cell type 2
4529,3.11964637710541,-7.211056781631302,4,Sample 2,Cell type 2
4530,-2.6743348418244657,-6.513740850367874,2,Sample 3,Cell type 1
4531,9.400166700689626,-0.7745088634324983,3,Sample 1,Cell type 2
4532,-1.1992048028983846,7.568276745645166,5,Sample 3,Cell type 2
4533,-1.159476855717184,0.2634439339276681,1,Sample 2,Cell type 1
4534,-0.3024600268551665,7.241924440995308,5,Sample 3,Cell type 2
4535,6.68440620115751,0.1277819224866048,3,Sample 1,Cell type 2
4536,2.396330504101169,-8.064776963724789,4,Sample 2,Cell type 2
4537,1.2541090747719883,0.6394941920680068,1,Sample 2,Cell type 1
4538,-2.303206623918432,-7.401688463710911,2,Sample 3,Cell type 1
4539,6.216583694591593,0.35448589634826894,3,Sample 1,Cell type 2
4540,7.156659526658316,-1.1884440990645284,3,Sample 1,Cell type 2
4541,-0.0004308462616549423,7.030729504006191,5,Sample 3,Cell type 2
4542,-0.21845573037992574,7.110456016934935,5,Sample 3,Cell type 2
4543,-3.3831933428657184,-8.264335249534756,2,Sample 3,Cell type 1
4544,1.2463839844146396,7.356965145299311,5,Sample 3,Cell type 2
4545,-2.379250225603741,-6.614492154405347,2,Sample 3,Cell type 1
4546,-1.518834876081598,-7.673286458159483,2,Sample 3,Cell type 1
4547,-0.856726614020012,0.06973246666697629,1,Sample 2,Cell type 1
4548,7.326026196196827,1.3244265743129047,3,Sample 1,Cell type 2
4549,4.126867725103617,-5.522714235049917,4,Sample 2,Cell type 2
4550,0.044185258175104346,5.7834632211778185,5,Sample 3,Cell type 2
4551,-1.4950839646655303,8.394836745695505,5,Sample 3,Cell type 2
4552,8.822805832908745,-0.5600432006045964,3,Sample 1,Cell type 2
4553,-5.762114346261565,-1.3633625022172782,0,Sample 1,Cell type 1
4554,0.8546773487548804,5.456415987535715,5,Sample 3,Cell type 2
4555,2.678395594948738,-6.707266451593377,4,Sample 2,Cell type 2
4556,0.6112284978943759,-0.2718409495408778,1,Sample 2,Cell type 1
4557,-2.222791088004393,-8.17256028717227,2,Sample 3,Cell type 1
4558,-4.72762808128487,-0.6788482650174221,0,Sample 1,Cell type 1
4559,-0.06046046104441973,-0.6441839901996766,1,Sample 2,Cell type 1
4560,-0.41922501220634656,-0.13575394041002578,1,Sample 2,Cell type 1
4561,-1.0488973735989513,8.32359579158706,5,Sample 3,Cell type 2
4562,-1.9593585417985693,0.16062899749685078,1,Sample 2,Cell type 1
4563,-5.8744910610871575,-1.2416563483100376,0,Sample 1,Cell type 1
4564,2.441704966181911,-6.91635791258532,4,Sample 2,Cell type 2
4565,1.5408855719623902,-8.515359310852643,4,Sample 2,Cell type 2
4566,3.932822408718475,-7.528964172387909,4,Sample 2,Cell type 2
4567,-2.343792470964421,0.17905333211684507,1,Sample 2,Cell type 1
4568,2.8916903754606422,-7.667348424921452,4,Sample 2,Cell type 2
4569,-0.8214108846262804,6.749209299508622,5,Sample 3,Cell type 2
4570,8.002851453250036,-0.14082963851084265,3,Sample 1,Cell type 2
4571,-1.8808603251537148,-7.551684944143621,2,Sample 3,Cell type 1
4572,-4.168375682713789,-0.16641192279869013,0,Sample 1,Cell type 1
4573,-1.5143928247104173,-0.9216257317977417,1,Sample 2,Cell type 1
4574,-0.7365857993478012,1.3791309522103044,1,Sample 2,Cell type 1
4575,-5.661132419118244,-0.729227193312943,0,Sample 1,Cell type 1
4576,-5.602165464793925,0.9359142186564688,0,Sample 1,Cell type 1
4577,-5.575065572920552,-1.1907808140667486,0,Sample 1,Cell type 1
4578,1.1138883817607983,0.34179087243680645,1,Sample 2,Cell type 1
4579,9.257796478445316,0.6182609688888095,3,Sample 1,Cell type 2
4580,0.9324788859416304,-1.2806774327355057,1,Sample 2,Cell type 1
4581,0.1949624778641571,-0.9231774152762495,1,Sample 2,Cell type 1
4582,-5.9002981921450175,-0.6099704734723663,0,Sample 1,Cell type 1
4583,-3.938632534342556,0.06076663326909806,0,Sample 1,Cell type 1
4584,-1.3815362227791237,-1.6920090305169873,1,Sample 2,Cell type 1
4585,-4.039992779369761,1.0523660314011056,0,Sample 1,Cell type 1
4586,-1.2923185714816747,-1.1842342347847565,1,Sample 2,Cell type 1
4587,-1.3160425381539065,-6.810553330970647,2,Sample 3,Cell type 1
4588,-3.211793612525109,-6.969392713394668,2,Sample 3,Cell type 1
4589,-2.0857555375159267,-6.824641893756875,2,Sample 3,Cell type 1
4590,2.4655085478723646,-6.263110626236066,4,Sample 2,Cell type 2
4591,1.5614429182531278,-0.7710948844441134,1,Sample 2,Cell type 1
4592,8.117910972077858,0.6669664026140575,3,Sample 1,Cell type 2
4593,1.4790403402240806,0.3245831022922155,1,Sample 2,Cell type 1
4594,-3.878381783719279,-5.964759343691534,2,Sample 3,Cell type 1
4595,-3.370031701632394,-7.7164577239485705,2,Sample 3,Cell type 1
4596,-2.3266627731418255,-4.847101328253407,2,Sample 3,Cell type 1
4597,0.8953818244091446,6.519539820566574,5,Sample 3,Cell type 2
4598,-5.654423458242382,-0.22276677199635428,0,Sample 1,Cell type 1
4599,1.9595883429379992,5.357520027734995,5,Sample 3,Cell type 2
4600,-6.212413660576727,-0.8744526346595864,0,Sample 1,Cell type 1
4601,-0.9164285112759557,6.022633146332464,5,Sample 3,Cell type 2
4602,3.0140271178342664,-7.65113796017782,4,Sample 2,Cell type 2
4603,1.4007744320145903,7.839605819674428,5,Sample 3,Cell type 2
4604,-0.47167955814113327,0.1371193848303498,1,Sample 2,Cell type 1
4605,-1.9598083308301502,-6.137861150305884,2,Sample 3,Cell type 1
4606,0.8275376605974034,-7.456924715550739,4,Sample 2,Cell type 2
4607,-4.654341095954623,-0.0294252732846838,0,Sample 1,Cell type 1
4608,6.137552548879632,0.5677880432365401,3,Sample 1,Cell type 2
4609,2.0504939264033077,-6.397823310759229,4,Sample 2,Cell type 2
4610,7.420310206875288,-0.4085022745378155,3,Sample 1,Cell type 2
4611,-1.4140526606224764,-8.374451070930682,2,Sample 3,Cell type 1
4612,8.352126809860684,0.049502642430037165,3,Sample 1,Cell type 2
4613,8.011446039437505,0.9777426400852541,3,Sample 1,Cell type 2
4614,-3.303872324658852,1.3889191754449701,0,Sample 1,Cell type 1
4615,-0.08484544550786939,7.163314957132575,5,Sample 3,Cell type 2
4616,3.1141049038536934,-6.148080696783952,4,Sample 2,Cell type 2
4617,3.228691777133417,-6.792359425832534,4,Sample 2,Cell type 2
4618,1.5960959563354842,-6.885857783378534,4,Sample 2,Cell type 2
4619,1.1532450583112714,5.299266864740609,5,Sample 3,Cell type 2
4620,9.226745700488587,-0.3179377218943424,3,Sample 1,Cell type 2
4621,-0.07869179589946297,0.4934876647990488,1,Sample 2,Cell type 1
4622,-3.9294765599678234,-1.1048470336232932,0,Sample 1,Cell type 1
4623,-0.17020835169933016,0.8294851007320134,1,Sample 2,Cell type 1
4624,2.616998403221436,-7.956732645568346,4,Sample 2,Cell type 2
4625,1.1466572251645344,4.702713863181325,5,Sample 3,Cell type 2
4626,2.9361322409553474,-6.7592721499917445,4,Sample 2,Cell type 2
4627,1.982858327634948,-7.30220075596638,4,Sample 2,Cell type 2
4628,0.8238512480041456,-0.4945862471359814,1,Sample 2,Cell type 1
4629,-0.8296412906881924,7.089989347388997,5,Sample 3,Cell type 2
4630,5.774386002590731,-1.3240137648361663,3,Sample 1,Cell type 2
4631,-2.4694875486858963,-8.07136696210704,2,Sample 3,Cell type 1
4632,-4.931775897625647,-0.6094455403609005,0,Sample 1,Cell type 1
4633,-0.25232638622213166,-6.958594251937293,2,Sample 3,Cell type 1
4634,-2.939997507139322,-5.569953704400326,2,Sample 3,Cell type 1
4635,-0.6929964595777116,-1.1665049978249051,1,Sample 2,Cell type 1
4636,8.788036905985567,-0.23403262516240028,3,Sample 1,Cell type 2
4637,-1.4652951830091276,-6.733080755322725,2,Sample 3,Cell type 1
4638,-2.5185045016154564,-6.739734694193147,2,Sample 3,Cell type 1
4639,7.83211479404265,0.11185712536576564,3,Sample 1,Cell type 2
4640,0.7428731380407765,5.4464074342379,5,Sample 3,Cell type 2
4641,0.031242373877305676,-1.7716537920942483,1,Sample 2,Cell type 1
4642,0.5054161235139941,6.821197779559387,5,Sample 3,Cell type 2
4643,2.183560203457598,7.331516803456874,5,Sample 3,Cell type 2
4644,7.535742439547671,-1.280589217030399,3,Sample 1,Cell type 2
4645,-5.241677583115249,-0.8020730028737587,0,Sample 1,Cell type 1
4646,7.629879017491571,-1.6503351908664912,3,Sample 1,Cell type 2
4647,-3.5033399686171727,-5.922780146114783,2,Sample 3,Cell type 1
4648,-0.755647534836605,6.3915363562357514,5,Sample 3,Cell type 2
4649,-4.478330144107781,0.2932166849239498,0,Sample 1,Cell type 1
4650,6.934665540219922,1.15774392329598,3,Sample 1,Cell type 2
4651,0.2548177400875725,6.908149248434037,5,Sample 3,Cell type 2
4652,3.7907593328682943,-8.56548271980905,4,Sample 2,Cell type 2
4653,-4.906219006443312,-0.056333815109570175,0,Sample 1,Cell type 1
4654,-1.2737404727317687,0.19668063816985112,1,Sample 2,Cell type 1
4655,1.00138723332636,-8.801566150728636,4,Sample 2,Cell type 2
4656,0.3397992595541195,6.83616361202291,5,Sample 3,Cell type 2
4657,-1.049376767112415,7.092421465073729,5,Sample 3,Cell type 2
4658,-0.6126980096926622,7.263038910540141,5,Sample 3,Cell type 2
4659,-2.808885334158734,-8.877213195014503,2,Sample 3,Cell type 1
4660,-1.621563352579648,-5.740462215724891,2,Sample 3,Cell type 1
4661,-4.144723167223782,1.5395520353237329,0,Sample 1,Cell type 1
4662,0.8103587295555572,0.4061027873866574,1,Sample 2,Cell type 1
4663,0.18869347374716322,-0.44247256706884264,1,Sample 2,Cell type 1
4664,3.013437477471722,-6.105026924613174,4,Sample 2,Cell type 2
4665,-3.721546176809131,-0.5136716643745287,0,Sample 1,Cell type 1
4666,-0.31275026973531944,6.2419338549069385,5,Sample 3,Cell type 2
4667,-3.3767096615947314,-6.366914874891422,2,Sample 3,Cell type 1
4668,-2.5563833999096395,-6.782883776433944,2,Sample 3,Cell type 1
4669,2.51285849069559,-6.180150036544473,4,Sample 2,Cell type 2
4670,-2.5711606076781006,-7.521211698672172,2,Sample 3,Cell type 1
4671,7.527428772528566,-0.8075277055451311,3,Sample 1,Cell type 2
4672,7.852088394513655,0.5236035935655263,3,Sample 1,Cell type 2
4673,-4.862335350736701,-4.70589126215405,2,Sample 3,Cell type 1
4674,0.3720348262173562,7.049150604619063,5,Sample 3,Cell type 2
4675,7.1109343388034025,1.1454432605741383,3,Sample 1,Cell type 2
4676,-0.580406272779904,6.343506656037116,5,Sample 3,Cell type 2
4677,-3.867019742581061,-9.367657123146158,2,Sample 3,Cell type 1
4678,8.854555834747497,-0.9720023475439189,3,Sample 1,Cell type 2
4679,2.7815790863418197,-6.940836105957441,4,Sample 2,Cell type 2
4680,-2.5944709368072614,-6.448488332575039,2,Sample 3,Cell type 1
4681,2.0946686278689985,-6.6338371283741955,4,Sample 2,Cell type 2
4682,-5.50174260650705,-1.23282268162117,0,Sample 1,Cell type 1
4683,-2.7650101818292305,-5.692520009386435,2,Sample 3,Cell type 1
4684,-3.326178494149662,-5.44194733140943,2,Sample 3,Cell type 1
4685,-2.8454872671977047,-6.817947633140903,2,Sample 3,Cell type 1
4686,-5.01214750226414,-0.9519398360603103,0,Sample 1,Cell type 1
4687,6.0886701179219544,0.4114917573232625,3,Sample 1,Cell type 2
4688,-1.063081055833992,6.439647490036613,5,Sample 3,Cell type 2
4689,-5.6465665390122775,0.8054319392499971,0,Sample 1,Cell type 1
4690,-0.8916632268671558,6.942216584542558,5,Sample 3,Cell type 2
4691,2.1084304825813156,-7.28050829718871,4,Sample 2,Cell type 2
4692,-2.093138945566296,-7.32037667594725,2,Sample 3,Cell type 1
4693,4.713884786526442,-6.296652484485431,4,Sample 2,Cell type 2
4694,-3.1204627656973454,-0.1256306653396564,0,Sample 1,Cell type 1
4695,-6.955402591412632,0.7626795094353794,0,Sample 1,Cell type 1
4696,1.1664567556032566,-0.9964411351222066,1,Sample 2,Cell type 1
4697,-0.5470877346082361,-0.4852104328340807,1,Sample 2,Cell type 1
4698,-5.884238654184479,-0.20216983499732216,0,Sample 1,Cell type 1
4699,-3.4500755408187365,-7.318317183610305,2,Sample 3,Cell type 1
4700,6.702563777719461,-0.29932144186488746,3,Sample 1,Cell type 2
4701,-0.16483542394796522,-0.3210058207618841,1,Sample 2,Cell type 1
4702,-0.507463498673874,4.9071218612742875,5,Sample 3,Cell type 2
4703,-5.10010345521383,-0.8135168773183108,0,Sample 1,Cell type 1
4704,-1.8671717120019964,-6.520113413890619,2,Sample 3,Cell type 1
4705,-5.476784183390335,0.4619406898020205,0,Sample 1,Cell type 1
4706,-0.955683131980575,-7.087772845371061,2,Sample 3,Cell type 1
4707,2.2436895314361447,-7.897538462171574,4,Sample 2,Cell type 2
4708,-0.21695690021920283,6.60936998110876,5,Sample 3,Cell type 2
4709,3.124335501282567,-5.573955062358647,4,Sample 2,Cell type 2
4710,7.516242527221402,1.0896070972879774,3,Sample 1,Cell type 2
4711,-0.5672088662817952,5.586572459168826,5,Sample 3,Cell type 2
4712,-0.9529899936134325,-5.88685078048546,4,Sample 2,Cell type 2
4713,9.776934974326757,-0.8942337035383032,3,Sample 1,Cell type 2
4714,2.7225443068978805,-6.202078456518115,4,Sample 2,Cell type 2
4715,6.845903275949541,-0.7898556211766146,3,Sample 1,Cell type 2
4716,7.925830907941008,-0.6326202942356107,3,Sample 1,Cell type 2
4717,-4.316964269191911,0.2530722815724382,0,Sample 1,Cell type 1
4718,0.14753165723408665,6.33160675080486,5,Sample 3,Cell type 2
4719,8.443559899032188,-0.07296039489187542,3,Sample 1,Cell type 2
4720,7.997614705739533,-0.842932805619278,3,Sample 1,Cell type 2
4721,1.71980387360488,-7.026719911257381,4,Sample 2,Cell type 2
4722,-6.4349848929149305,-0.5394375206583956,0,Sample 1,Cell type 1
4723,3.0138511251434856,-7.732962538893871,4,Sample 2,Cell type 2
4724,6.73155922124606,-0.5788650078243274,3,Sample 1,Cell type 2
4725,-1.2840343968281747,-6.202427930273684,2,Sample 3,Cell type 1
4726,0.7425884382008713,-0.7804171941398103,1,Sample 2,Cell type 1
4727,1.7816145312776612,-6.0833163151146445,4,Sample 2,Cell type 2
4728,-1.4273849810141626,-1.6919319466251406,1,Sample 2,Cell type 1
4729,4.4489693069859015,-6.050841434361414,4,Sample 2,Cell type 2
4730,7.1540513610663705,-0.1851902943094548,3,Sample 1,Cell type 2
4731,0.12700304703503365,5.6275135538703465,5,Sample 3,Cell type 2
4732,-1.3887232773596843,-7.928759717884992,2,Sample 3,Cell type 1
4733,-2.54779612152722,-7.495883623184424,2,Sample 3,Cell type 1
4734,0.7822404579503459,0.7985617535400679,1,Sample 2,Cell type 1
4735,8.501370874682971,-0.0640082617473024,3,Sample 1,Cell type 2
4736,-1.474226151692415,-1.607737918819218,1,Sample 2,Cell type 1
4737,-4.515119606798268,-0.8286062337714296,0,Sample 1,Cell type 1
4738,6.820051005179446,-0.09178798913431019,3,Sample 1,Cell type 2
4739,-2.5563756195945113,-6.781188887338396,2,Sample 3,Cell type 1
4740,7.824203433369686,0.4871891646074505,3,Sample 1,Cell type 2
4741,-1.9514265593122588,-8.399836360457119,2,Sample 3,Cell type 1
4742,-0.6368633053398235,-0.6409564777584392,1,Sample 2,Cell type 1
4743,3.294157380810982,-6.075268590982578,4,Sample 2,Cell type 2
4744,6.215856080896792,0.06240344554381318,3,Sample 1,Cell type 2
4745,-2.239494618071691,-0.5924235711004635,1,Sample 2,Cell type 1
4746,0.6630870106511073,7.556974297130171,5,Sample 3,Cell type 2
4747,-1.1679555381131093,5.684100590324126,5,Sample 3,Cell type 2
4748,-3.2711666786150193,-8.013448564819946,2,Sample 3,Cell type 1
4749,2.042092450493508,7.169608236786354,5,Sample 3,Cell type 2
4750,-2.7976974064207476,-7.459144732285195,2,Sample 3,Cell type 1
4751,3.476050477261833,-7.022669815176531,4,Sample 2,Cell type 2
4752,3.27144254958096,-5.627825263165519,4,Sample 2,Cell type 2
4753,-0.7437287567392817,6.646993349790378,5,Sample 3,Cell type 2
4754,0.3946281649287546,0.017654991924590913,1,Sample 2,Cell type 1
4755,-2.421685167646852,-7.932529214777677,2,Sample 3,Cell type 1
4756,-5.238191149914161,2.448152249930657,0,Sample 1,Cell type 1
4757,7.238602666189966,0.39973065397853164,3,Sample 1,Cell type 2
4758,-5.8782859276796,0.9482776169470556,0,Sample 1,Cell type 1
4759,-3.895097906774037,-1.088676916822085,0,Sample 1,Cell type 1
4760,-2.3585848729081533,-6.841429159747577,2,Sample 3,Cell type 1
4761,-5.89937200906542,-0.4542974291053957,0,Sample 1,Cell type 1
4762,-3.7060648640115414,-6.6110049783166716,2,Sample 3,Cell type 1
4763,-5.419432851681418,-1.4352327605401158,0,Sample 1,Cell type 1
4764,-6.11091398469193,-0.5332178332376049,0,Sample 1,Cell type 1
4765,-0.2951052448616261,0.1396716154730812,1,Sample 2,Cell type 1
4766,3.395873671404527,-6.481994266752672,4,Sample 2,Cell type 2
4767,2.7585452626246845,-6.15065604481956,4,Sample 2,Cell type 2
4768,7.557284155346866,-0.3346011103711396,3,Sample 1,Cell type 2
4769,1.058409886677936,8.021291753380089,5,Sample 3,Cell type 2
4770,-0.1738397023646211,5.219453575084224,5,Sample 3,Cell type 2
4771,-3.0885085494930187,-6.975417958133705,2,Sample 3,Cell type 1
4772,-5.892253114510677,-1.9380511022433433,0,Sample 1,Cell type 1
4773,-1.1821750185185949,7.035612751720283,5,Sample 3,Cell type 2
4774,8.249841989966491,-0.5672243655039927,3,Sample 1,Cell type 2
4775,2.1565320141281097,-6.33388690230528,4,Sample 2,Cell type 2
4776,7.9836708025383425,0.5780711115100584,3,Sample 1,Cell type 2
4777,-3.2246545765685886,-6.030836669808088,2,Sample 3,Cell type 1
4778,-4.267834504367297,-1.1077778847905597,0,Sample 1,Cell type 1
4779,-1.2345063275074193,-0.6384969021847919,1,Sample 2,Cell type 1
4780,1.0382313089852329,1.247714457536559,1,Sample 2,Cell type 1
4781,-0.370134387435135,7.1310552971442025,5,Sample 3,Cell type 2
4782,-3.058422608061047,-0.5451434307030045,0,Sample 1,Cell type 1
4783,0.6431488115729562,-1.8449471507197301,1,Sample 2,Cell type 1
4784,-4.939224615780868,-1.2822733675921112,0,Sample 1,Cell type 1
4785,0.03380701624300054,6.863182984930572,5,Sample 3,Cell type 2
4786,-5.477231856535196,-0.7135855490361098,0,Sample 1,Cell type 1
4787,7.257043292857352,-1.3891058488671724,3,Sample 1,Cell type 2
4788,-1.0797277755287773,-2.084529476671989,1,Sample 2,Cell type 1
4789,-2.8699224428528556,-6.080539314334265,2,Sample 3,Cell type 1
4790,-0.34873979694272134,6.77754554898004,5,Sample 3,Cell type 2
4791,-3.9550420374532127,-7.2064440986699205,2,Sample 3,Cell type 1
4792,1.7079903150713793,-0.8531034455420876,1,Sample 2,Cell type 1
4793,-5.031489641447266,1.593720572071959,0,Sample 1,Cell type 1
4794,2.82314958413233,-5.799193725244578,4,Sample 2,Cell type 2
4795,-3.839222521325529,0.6058632161429626,0,Sample 1,Cell type 1
4796,-5.890644338232723,-0.11320822808968334,0,Sample 1,Cell type 1
4797,6.69418106370672,0.9565683237298948,3,Sample 1,Cell type 2
4798,0.20277712983684743,-0.3325742359500227,1,Sample 2,Cell type 1
4799,-2.6178332246135136,-5.984584195058046,2,Sample 3,Cell type 1
4800,-1.4909608869099964,-0.47200332263638667,1,Sample 2,Cell type 1
4801,0.6110381610533505,-0.12329594049821244,1,Sample 2,Cell type 1
4802,7.9967678333986445,-0.30968822543609964,3,Sample 1,Cell type 2
4803,-0.16235251358616706,1.2355636272088772,1,Sample 2,Cell type 1
4804,-4.539917660427517,1.236292690646662,0,Sample 1,Cell type 1
4805,1.5929217608900337,7.8189662867745024,5,Sample 3,Cell type 2
4806,2.8963185944901224,-7.468871696107986,4,Sample 2,Cell type 2
4807,7.895537443207661,-0.08847886270893841,3,Sample 1,Cell type 2
4808,-0.09292928413414266,-1.4788699300387507,1,Sample 2,Cell type 1
4809,7.792282415580187,0.5225109183320533,3,Sample 1,Cell type 2
4810,-1.1136839744003153,0.09846762464967306,1,Sample 2,Cell type 1
4811,-1.6393344981177886,-4.907794024732464,2,Sample 3,Cell type 1
4812,0.47020068983402485,6.596262814201792,5,Sample 3,Cell type 2
4813,1.745474307999273,-8.091391419360983,4,Sample 2,Cell type 2
4814,-2.756353243967981,-7.095574681035778,2,Sample 3,Cell type 1
4815,-5.958602296767835,-0.2747022339192009,0,Sample 1,Cell type 1
4816,-0.1555320167040657,5.983842020350928,5,Sample 3,Cell type 2
4817,-4.722050288660933,1.531993450171714,0,Sample 1,Cell type 1
4818,2.9827502969628186,-8.504032448315813,4,Sample 2,Cell type 2
4819,3.757084159658642,-6.599528516161442,4,Sample 2,Cell type 2
4820,0.45536899811027876,-0.6554449821659518,1,Sample 2,Cell type 1
4821,-0.23329963170368329,7.111946290216943,5,Sample 3,Cell type 2
4822,1.48912445421216,-5.158910907090561,4,Sample 2,Cell type 2
4823,-0.7578888207492497,5.859450980464542,5,Sample 3,Cell type 2
4824,-3.9865547743050485,-0.04625435122963762,0,Sample 1,Cell type 1
4825,-0.7202639534466391,6.983864828575181,5,Sample 3,Cell type 2
4826,-5.341214966888739,-0.1832223240921256,0,Sample 1,Cell type 1
4827,0.17552248562531406,-0.6824538619988312,1,Sample 2,Cell type 1
4828,2.321733732865576,-5.829437139049637,4,Sample 2,Cell type 2
4829,0.45247032674173315,-2.24394373829707,1,Sample 2,Cell type 1
4830,-2.423945368876424,-6.281804905348987,2,Sample 3,Cell type 1
4831,-0.522583472298556,-0.5502467226497654,1,Sample 2,Cell type 1
4832,7.21626029947537,0.24124538483077795,3,Sample 1,Cell type 2
4833,-4.071339914478228,-1.3370043357332748,0,Sample 1,Cell type 1
4834,1.5087537244873828,-0.8509561919484581,1,Sample 2,Cell type 1
4835,-0.15800755094929395,0.601789324282116,1,Sample 2,Cell type 1
4836,-0.29860089459491,5.624267833366642,5,Sample 3,Cell type 2
4837,-0.3620790204774504,4.30566405760544,5,Sample 3,Cell type 2
4838,4.0698800032688,-6.4027619182953135,4,Sample 2,Cell type 2
4839,0.2148641327622209,5.853546407379216,5,Sample 3,Cell type 2
4840,-5.101095244721747,-0.1988726395799007,0,Sample 1,Cell type 1
4841,1.069925617073841,6.401458673797199,5,Sample 3,Cell type 2
4842,2.755519952862743,-7.006356614095747,4,Sample 2,Cell type 2
4843,3.3527607177180103,-6.392774519972242,4,Sample 2,Cell type 2
4844,8.4143435012072,-0.3630417713718143,3,Sample 1,Cell type 2
4845,-3.166441095698943,-6.22165800535809,2,Sample 3,Cell type 1
4846,-2.809657561033804,-7.337080735675226,2,Sample 3,Cell type 1
4847,-1.2815614372051307,-0.2399870963109733,1,Sample 2,Cell type 1
4848,-2.4716575939642036,-6.378933691297049,2,Sample 3,Cell type 1
4849,0.2880523723439201,5.816105560701464,5,Sample 3,Cell type 2
4850,0.37808504140665716,0.5461655338941039,1,Sample 2,Cell type 1
4851,-0.4506221517520257,-8.111060798580157,2,Sample 3,Cell type 1
4852,4.071273073245822,-6.349592657600532,4,Sample 2,Cell type 2
4853,-1.7791394120528314,6.554306411795738,5,Sample 3,Cell type 2
4854,3.0912088356876826,-7.650112664153527,4,Sample 2,Cell type 2
4855,-2.3979450472299795,-6.586905398493138,2,Sample 3,Cell type 1
4856,-5.120877867323493,0.7297274458438039,0,Sample 1,Cell type 1
4857,-4.768204648349512,-0.0670013241895505,0,Sample 1,Cell type 1
4858,-0.1129088340026102,0.29509157174342165,1,Sample 2,Cell type 1
4859,-4.407310154594453,1.8091840848897147,0,Sample 1,Cell type 1
4860,7.5189834730655285,-1.017960511952329,3,Sample 1,Cell type 2
4861,2.4985404547329577,-7.159451303603285,4,Sample 2,Cell type 2
4862,7.942300959804962,-0.20617292782953872,3,Sample 1,Cell type 2
4863,-0.960074071728291,-6.528435539130939,2,Sample 3,Cell type 1
4864,2.326316769015379,-8.603903573786345,4,Sample 2,Cell type 2
4865,-0.4335453458419734,7.218342531749447,5,Sample 3,Cell type 2
4866,1.706709665295704,-6.918721180714209,4,Sample 2,Cell type 2
4867,-3.3925269970962795,-7.569592247396312,2,Sample 3,Cell type 1
4868,0.8985049671189123,-7.479703673643701,4,Sample 2,Cell type 2
4869,0.4574417757071306,3.5336139357926943,1,Sample 2,Cell type 1
4870,1.2719762317444472,-7.835439254790396,4,Sample 2,Cell type 2
4871,-1.999652693518742,-8.714450008609575,2,Sample 3,Cell type 1
4872,0.5319814781926994,6.859231649086477,5,Sample 3,Cell type 2
4873,-5.287148542099956,-0.7164232711231402,0,Sample 1,Cell type 1
4874,1.1014142602618486,7.854366848537784,5,Sample 3,Cell type 2
4875,0.6258622270952688,-1.0269076587774644,1,Sample 2,Cell type 1
4876,-5.744831198583848,0.07752949474173729,0,Sample 1,Cell type 1
4877,6.285066925924855,-0.4096790143345432,3,Sample 1,Cell type 2
4878,1.9656870600424106,0.5134564875190644,1,Sample 2,Cell type 1
4879,-5.9995182609192454,1.5770433990812605,0,Sample 1,Cell type 1
4880,-2.5262947652685868,-6.302396390569823,2,Sample 3,Cell type 1
4881,7.414193017922986,1.5572896333714519,3,Sample 1,Cell type 2
4882,-2.0621635261956586,6.002352618282895,5,Sample 3,Cell type 2
4883,3.902114889086521,-6.106634707318514,4,Sample 2,Cell type 2
4884,1.1206615888620142,-6.757624429393895,4,Sample 2,Cell type 2
4885,-0.9663235615777178,7.412486145212897,5,Sample 3,Cell type 2
4886,2.0901918191692186,-7.318473066538093,4,Sample 2,Cell type 2
4887,2.5027541050647155,-6.473839342761933,4,Sample 2,Cell type 2
4888,1.17263557975123,6.4014712987264675,5,Sample 3,Cell type 2
4889,-5.066990086190041,0.5586048877956102,0,Sample 1,Cell type 1
4890,-3.440976537106648,-7.023634713942867,2,Sample 3,Cell type 1
4891,-5.981359169698561,1.269839141771643,0,Sample 1,Cell type 1
4892,-1.3674114679291582,-2.548940038299512,1,Sample 2,Cell type 1
4893,-3.4495804313590255,-6.886359037389338,2,Sample 3,Cell type 1
4894,1.7715879836846078,-7.923151055477147,4,Sample 2,Cell type 2
4895,-0.7377435205806508,7.302636656067306,5,Sample 3,Cell type 2
4896,0.9425859359593035,1.0526309931849962,1,Sample 2,Cell type 1
4897,0.7667361637117583,7.823381018288065,5,Sample 3,Cell type 2
4898,-1.1987217993519774,8.177167773294409,5,Sample 3,Cell type 2
4899,6.356674158307422,1.0392243900450482,3,Sample 1,Cell type 2
4900,-5.115683760295037,-1.6936641409478752,0,Sample 1,Cell type 1
4901,-5.26263014202399,-1.4068717278269913,0,Sample 1,Cell type 1
4902,-5.8309099214998135,-1.2165161450547004,0,Sample 1,Cell type 1
4903,7.329275855892833,0.7646260779419556,3,Sample 1,Cell type 2
4904,-5.166758892989938,-0.11683862976008355,0,Sample 1,Cell type 1
4905,-2.1437810361612275,-6.762804269240694,2,Sample 3,Cell type 1
4906,-2.2431506864247606,7.593864650894108,5,Sample 3,Cell type 2
4907,8.570303815130206,0.6005206326863177,3,Sample 1,Cell type 2
4908,-3.8284328395410814,1.4053600770541674,0,Sample 1,Cell type 1
4909,1.3058347934512908,1.6264769792740967,1,Sample 2,Cell type 1
4910,-2.144121113150766,-7.86181205951369,2,Sample 3,Cell type 1
4911,6.9667810901575375,0.29436513739006076,3,Sample 1,Cell type 2
4912,0.5460507532225645,-0.16487695684834908,1,Sample 2,Cell type 1
4913,-4.002635464936235,-0.9359153344129778,0,Sample 1,Cell type 1
4914,-0.21061787319628322,0.41972253700170103,1,Sample 2,Cell type 1
4915,7.762241086334352,0.02896657833315573,3,Sample 1,Cell type 2
4916,7.802650100322806,-0.6633264250374274,3,Sample 1,Cell type 2
4917,5.058648692570606,-0.1345101238484899,3,Sample 1,Cell type 2
4918,-5.233137931238633,-0.17671486417648044,0,Sample 1,Cell type 1
4919,2.4111511949898943,-6.25621990822741,4,Sample 2,Cell type 2
4920,3.0630261343075005,-7.2009444295899785,4,Sample 2,Cell type 2
4921,-2.3029324757296226,-7.757639468681337,2,Sample 3,Cell type 1
4922,-2.540728871767903,-8.10979117451337,2,Sample 3,Cell type 1
4923,1.6553796048330236,-7.491766857517305,4,Sample 2,Cell type 2
4924,7.44294913316867,0.4345111116542862,3,Sample 1,Cell type 2
4925,0.6198414700992926,7.548763951003035,5,Sample 3,Cell type 2
4926,0.980345022237989,7.34383033514441,5,Sample 3,Cell type 2
4927,2.0868714941389896,-6.476448971526545,4,Sample 2,Cell type 2
4928,-1.732735991328737,7.654410233336944,5,Sample 3,Cell type 2
4929,0.28987407969028695,-0.009982803553741853,1,Sample 2,Cell type 1
4930,3.252835724168447,-7.960950319334691,4,Sample 2,Cell type 2
4931,4.349063400464284,-5.611473903607286,4,Sample 2,Cell type 2
4932,-1.1812398213026811,7.217268204733042,5,Sample 3,Cell type 2
4933,8.092328732402308,-0.35575519321456267,3,Sample 1,Cell type 2
4934,-1.4626167070644769,-8.095663414147257,2,Sample 3,Cell type 1
4935,-3.138488041595628,-6.4198641108263415,2,Sample 3,Cell type 1
4936,-5.155364569946737,0.7952939437380051,0,Sample 1,Cell type 1
4937,-1.319949251977638,-7.201887073790294,2,Sample 3,Cell type 1
4938,6.542980950152713,0.9194622879599533,3,Sample 1,Cell type 2
4939,3.9637876611479737,-6.787561242558067,4,Sample 2,Cell type 2
4940,3.594802648549372,-6.860039556612795,4,Sample 2,Cell type 2
4941,-3.48292743408586,-7.228308469788143,2,Sample 3,Cell type 1
4942,-0.6883643054772928,5.383615538874379,5,Sample 3,Cell type 2
4943,0.23147907332033463,-0.21659865707719173,1,Sample 2,Cell type 1
4944,-1.5794426756043123,-7.171401567336295,2,Sample 3,Cell type 1
4945,7.446311119207028,-1.5314992724586747,3,Sample 1,Cell type 2
4946,-6.533044195419639,-0.0499929290069569,0,Sample 1,Cell type 1
4947,2.170292490576018,-6.840914107074763,4,Sample 2,Cell type 2
4948,0.5548265023278742,-6.565719661160934,4,Sample 2,Cell type 2
4949,8.378241003559706,0.007971933302005841,3,Sample 1,Cell type 2
4950,2.162401904550792,-5.5883329130747015,4,Sample 2,Cell type 2
4951,-0.9827405103557817,0.8012227507528579,1,Sample 2,Cell type 1
4952,8.361574340334178,-0.0954815718072783,3,Sample 1,Cell type 2
4953,1.9796091116022214,-6.734373118596325,4,Sample 2,Cell type 2
4954,0.1715720321385219,0.847179522690735,1,Sample 2,Cell type 1
4955,-0.47830909622329354,-1.4110734828289102,1,Sample 2,Cell type 1
4956,0.6173014107941281,6.763989787555429,5,Sample 3,Cell type 2
4957,1.9682634867177136,-5.879463092599069,4,Sample 2,Cell type 2
4958,1.1842396560146007,7.5820695418767805,5,Sample 3,Cell type 2
4959,-0.992062934852781,0.6132235593986531,1,Sample 2,Cell type 1
4960,7.278298246938137,-2.0713245459029883,3,Sample 1,Cell type 2
4961,-1.7873266206507392,-7.513576387180102,2,Sample 3,Cell type 1
4962,7.548646496561401,0.11299372798603347,3,Sample 1,Cell type 2
4963,-2.6528671219099578,-5.526934034352424,2,Sample 3,Cell type 1
4964,-2.483784815159998,-6.574632688740935,2,Sample 3,Cell type 1
4965,7.094105384673622,0.264554449148846,3,Sample 1,Cell type 2
4966,-3.3061779531724698,1.21087804153948,0,Sample 1,Cell type 1
4967,-1.1271540999718073,0.3272686943624711,1,Sample 2,Cell type 1
4968,-5.17312486830301,0.27139260810025123,0,Sample 1,Cell type 1
4969,-0.8141529374943894,1.0554811607407004,1,Sample 2,Cell type 1
4970,2.6034475945832187,-5.715404213564708,4,Sample 2,Cell type 2
4971,-3.369204369577563,-7.484716305966962,2,Sample 3,Cell type 1
4972,0.20273770552279458,0.6234504796051735,1,Sample 2,Cell type 1
4973,1.623913298808069,-0.1718134125545688,1,Sample 2,Cell type 1
4974,8.172700474284351,0.26808857192146063,3,Sample 1,Cell type 2
4975,1.7587416903752577,-0.455172033835743,1,Sample 2,Cell type 1
4976,0.7981986510875703,-0.37868561431294795,1,Sample 2,Cell type 1
4977,7.582849623580793,0.4286163180488993,3,Sample 1,Cell type 2
4978,-0.912506357063284,0.07711844526302314,1,Sample 2,Cell type 1
4979,-4.864622985370781,0.3284649022196029,0,Sample 1,Cell type 1
4980,-5.550366022692754,-1.2659949871634,0,Sample 1,Cell type 1
4981,0.126884429650854,1.4297642352392363,1,Sample 2,Cell type 1
4982,9.632358570730347,1.2558906739792668,3,Sample 1,Cell type 2
4983,8.27416437455564,0.7292340399378004,3,Sample 1,Cell type 2
4984,0.3465496511440509,4.563190875695103,5,Sample 3,Cell type 2
4985,2.669767973411182,-5.552739477544544,4,Sample 2,Cell type 2
4986,6.856038313063294,1.0093492906649355,3,Sample 1,Cell type 2
4987,2.8693449491082026,-5.906799897880388,4,Sample 2,Cell type 2
4988,-4.889115673893963,0.4963368384364208,0,Sample 1,Cell type 1
4989,-2.0261169846949234,-7.429669635573521,2,Sample 3,Cell type 1
4990,-1.3371456991061295,-7.674254553942918,2,Sample 3,Cell type 1
4991,-4.656258092991602,0.3870374824719627,0,Sample 1,Cell type 1
4992,-5.956154175332192,0.38547638748688373,0,Sample 1,Cell type 1
4993,2.008634265596565,-8.214684703198127,4,Sample 2,Cell type 2
4994,-0.1781439560862137,1.8611157043471969,1,Sample 2,Cell type 1
4995,1.7028575801802792,-7.562351156591034,4,Sample 2,Cell type 2
4996,-0.5598313249989433,0.5244638248564779,1,Sample 2,Cell type 1
4997,1.5754733012453839,-8.441063078930416,4,Sample 2,Cell type 2
4998,2.18404483771097,0.38966384282462657,1,Sample 2,Cell type 1
4999,-0.2740122190334065,8.176421880835642,5,Sample 3,Cell type 2
5000,-1.8797519886330978,-7.615270854057749,2,Sample 3,Cell type 1
5001,-2.338339954631269,-5.789367141592827,2,Sample 3,Cell type 1
5002,-3.9230316620189143,-0.548804613887444,0,Sample 1,Cell type 1
5003,-3.1657940475756705,-8.20114954621921,2,Sample 3,Cell type 1
5004,2.49835411704031,-6.874016113310781,4,Sample 2,Cell type 2
5005,-0.3722449800794798,1.6989188916061715,1,Sample 2,Cell type 1
5006,-0.527878142607542,0.20179476386171372,1,Sample 2,Cell type 1
5007,8.174354301191507,-0.5377309722219631,3,Sample 1,Cell type 2
5008,0.14828475711286507,0.04579893167041626,1,Sample 2,Cell type 1
5009,1.406599891657378,-0.2465937736463738,1,Sample 2,Cell type 1
5010,-1.2511997326381163,0.14198529536439253,1,Sample 2,Cell type 1
5011,-5.220849304402583,-0.6783625479217407,0,Sample 1,Cell type 1
5012,8.165949646241385,1.5117726439993764,3,Sample 1,Cell type 2
5013,-1.0836392051004042,-6.5889807903426405,2,Sample 3,Cell type 1
5014,6.726347837509391,-0.801511929531913,3,Sample 1,Cell type 2
5015,-6.21000545993085,-0.8267867518357784,0,Sample 1,Cell type 1
5016,8.397539010892986,1.0637010383030043,3,Sample 1,Cell type 2
5017,-4.4257540087033185,0.45076002745001126,0,Sample 1,Cell type 1
5018,-2.836031582502776,-7.450178035386396,2,Sample 3,Cell type 1
5019,2.190998341732796,-5.972013346402997,4,Sample 2,Cell type 2
5020,-0.98763148707396,-1.3292324347787112,1,Sample 2,Cell type 1
5021,-1.623646392232869,-6.731081997710414,2,Sample 3,Cell type 1
5022,4.1632361725937646,-6.1083602380383235,4,Sample 2,Cell type 2
5023,-4.268424093044936,0.5666659577312511,0,Sample 1,Cell type 1
5024,-0.32379178121017715,-1.1934429174738346,1,Sample 2,Cell type 1
5025,-2.6839761770751256,0.053296590613039437,0,Sample 1,Cell type 1
5026,0.10078373935913194,6.588970769775838,5,Sample 3,Cell type 2
5027,-1.7848596553493097,-6.123739975514938,2,Sample 3,Cell type 1
5028,7.2185905473120515,-0.7163900190078787,3,Sample 1,Cell type 2
5029,-1.1840236551541268,-6.5962278119369255,2,Sample 3,Cell type 1
5030,-3.6223242508906726,1.096885666527585,0,Sample 1,Cell type 1
5031,-4.825054128580398,-0.3178496635296195,0,Sample 1,Cell type 1
5032,2.2922924631075503,-7.71728800193249,4,Sample 2,Cell type 2
5033,9.348774457130464,0.13303866513287427,3,Sample 1,Cell type 2
5034,7.306397579846559,1.388048964895172,3,Sample 1,Cell type 2
5035,2.336055474527868,-6.746909485674341,4,Sample 2,Cell type 2
5036,1.7889846128663127,-6.376466310729169,4,Sample 2,Cell type 2
5037,-5.490427178128055,0.3592225029168638,0,Sample 1,Cell type 1
5038,3.494497481623973,-7.339778033703842,4,Sample 2,Cell type 2
5039,3.1888619404120147,-6.033928567830599,4,Sample 2,Cell type 2
5040,8.495608402973971,0.18062882485999046,3,Sample 1,Cell type 2
5041,-4.740175733648129,0.23428965489409867,0,Sample 1,Cell type 1
5042,2.7311049315922507,-7.205625289428586,4,Sample 2,Cell type 2
5043,-3.1784759023218654,-6.655611803670258,2,Sample 3,Cell type 1
5044,0.06483317515537028,-0.1909880729110365,1,Sample 2,Cell type 1
5045,-2.2123524874941167,6.117311640703716,5,Sample 3,Cell type 2
5046,-1.059328468307764,8.406119058435907,5,Sample 3,Cell type 2
5047,-3.913793311413321,-5.779984357860687,2,Sample 3,Cell type 1
5048,8.269681356973436,0.23786118913792595,3,Sample 1,Cell type 2
5049,6.233435900856838,-1.168293513318442,3,Sample 1,Cell type 2
5050,0.49917483731862644,5.5384739416870294,5,Sample 3,Cell type 2
5051,2.8075785286421855,-8.168493345702013,4,Sample 2,Cell type 2
5052,-0.29431558584879397,-0.19211110141539442,1,Sample 2,Cell type 1
5053,0.07009715428260732,8.389683397171641,5,Sample 3,Cell type 2
5054,8.291067575763586,0.4325477340126126,3,Sample 1,Cell type 2
5055,-5.023765181263034,0.2521450429376461,0,Sample 1,Cell type 1
5056,0.44987771136633425,-1.2593755573217473,1,Sample 2,Cell type 1
5057,0.1629564684939741,1.1729502335844575,1,Sample 2,Cell type 1
5058,-3.4815725284346914,0.7934757812545055,0,Sample 1,Cell type 1
5059,0.391264808513343,-7.55263434539447,4,Sample 2,Cell type 2
5060,-2.692660927955075,-6.658535142155401,2,Sample 3,Cell type 1
5061,2.0545319041983694,-7.914395888051226,4,Sample 2,Cell type 2
5062,-3.7133593408847414,-6.985885987175538,2,Sample 3,Cell type 1
5063,7.577035233550073,-0.25053567084710465,3,Sample 1,Cell type 2
5064,2.5965063595772375,-7.449883931054529,4,Sample 2,Cell type 2
5065,-3.8885228964186096,-7.1445680075729445,2,Sample 3,Cell type 1
5066,-1.4017453932240547,-7.9690112147239125,2,Sample 3,Cell type 1
5067,0.8000889742652788,8.557466156645162,5,Sample 3,Cell type 2
5068,-0.3239199842100044,8.828042841765908,5,Sample 3,Cell type 2
5069,-5.641561204409448,0.09578720492270715,0,Sample 1,Cell type 1
5070,0.38986566054438837,5.556643472473095,5,Sample 3,Cell type 2
5071,-5.541535951006457,1.667050366058044,0,Sample 1,Cell type 1
5072,8.43685875641801,-1.1387325681766935,3,Sample 1,Cell type 2
5073,-4.072100429753644,0.8381521072045788,0,Sample 1,Cell type 1
5074,-2.9216465020242843,-7.682888732141837,2,Sample 3,Cell type 1
5075,3.5290253771852456,-6.8336272113456715,4,Sample 2,Cell type 2
5076,1.2906009033574148,6.202024747715861,5,Sample 3,Cell type 2
5077,-1.2593773352846458,-6.895757871495748,2,Sample 3,Cell type 1
5078,0.1800304085810952,6.939690962447301,5,Sample 3,Cell type 2
5079,-1.1253669605727459,0.54406379371983,1,Sample 2,Cell type 1
5080,-1.8552648816206145,7.387326377355848,5,Sample 3,Cell type 2
5081,0.1495265517704976,5.965232690168897,5,Sample 3,Cell type 2
5082,-2.6847556175466263,-5.993305050170207,2,Sample 3,Cell type 1
5083,-0.8570847426649173,-0.6092956246126782,1,Sample 2,Cell type 1
5084,-0.742587569950972,7.041815145838771,5,Sample 3,Cell type 2
5085,8.485318652004592,-0.7253925579534739,3,Sample 1,Cell type 2
5086,-0.41376725555673527,6.694820534925856,5,Sample 3,Cell type 2
5087,1.4218378338934041,-7.383914127547516,4,Sample 2,Cell type 2
5088,-3.5342460089858374,-1.2420913123934023,0,Sample 1,Cell type 1
5089,-0.3987396190156341,-0.43154367065931903,1,Sample 2,Cell type 1
5090,-4.759654760717667,0.8006677160610933,0,Sample 1,Cell type 1
5091,-2.7451690149433183,-5.889648149497426,2,Sample 3,Cell type 1
5092,-5.485783712278425,-0.7004742528620814,0,Sample 1,Cell type 1
5093,5.539644627174381,-6.391143271204022,4,Sample 2,Cell type 2
5094,1.6588654945913759,-6.930173149462248,4,Sample 2,Cell type 2
5095,1.865015847449385,-7.761435705364871,4,Sample 2,Cell type 2
5096,1.6210417157227996,-6.855758028324181,4,Sample 2,Cell type 2
5097,3.3956508986427454,-6.156369327171688,4,Sample 2,Cell type 2
5098,-5.414574893863809,0.9514100035970242,0,Sample 1,Cell type 1
5099,-4.650279255922133,2.2436995656895116,0,Sample 1,Cell type 1
5100,-1.0175538014437737,0.5604401015102417,1,Sample 2,Cell type 1
5101,6.863202943235304,-0.4849112741190398,3,Sample 1,Cell type 2
5102,-5.4209310811807025,0.3118534935576442,0,Sample 1,Cell type 1
5103,0.03441419546402551,-1.3037322731701897,1,Sample 2,Cell type 1
5104,0.28472248938253025,-0.7967238175118002,1,Sample 2,Cell type 1
5105,3.9400880621384307,-5.624501592862379,4,Sample 2,Cell type 2
5106,6.5467094624643885,-0.450234914928008,3,Sample 1,Cell type 2
5107,1.5850693123806363,-0.00028230535059724086,1,Sample 2,Cell type 1
5108,4.485822081896205,-6.928315375647467,4,Sample 2,Cell type 2
5109,0.3676368043318232,6.224840707852689,5,Sample 3,Cell type 2
5110,0.36878651636354765,-0.7749791191562134,1,Sample 2,Cell type 1
5111,6.757849191211481,-0.9529201334230378,3,Sample 1,Cell type 2
5112,2.841729709675401,-7.280320475409281,4,Sample 2,Cell type 2
5113,6.576527240223938,0.3432830557809078,3,Sample 1,Cell type 2
5114,3.2381292347107538,-7.420964815472724,4,Sample 2,Cell type 2
5115,1.683868657834604,0.3506527596338135,1,Sample 2,Cell type 1
5116,-1.6145032480811012,-1.2199027528010604,1,Sample 2,Cell type 1
5117,-3.1132422115626164,-6.128956578377316,2,Sample 3,Cell type 1
5118,-6.053101723453423,-1.6217823938220177,0,Sample 1,Cell type 1
5119,-3.2823582882897795,-7.009780423331475,2,Sample 3,Cell type 1
5120,3.253292039170306,-6.668352171844865,4,Sample 2,Cell type 2
5121,0.556700721280132,8.787108769913356,5,Sample 3,Cell type 2
5122,8.280468671544964,-0.4476189342726839,3,Sample 1,Cell type 2
5123,2.062031930629658,-7.00918504035184,4,Sample 2,Cell type 2
5124,-2.209133065787615,-5.844564826131795,2,Sample 3,Cell type 1
5125,-0.6034888452750148,6.863742257252731,5,Sample 3,Cell type 2
5126,8.266431941303878,-0.8187123953812279,3,Sample 1,Cell type 2
5127,-1.7419324056874874,-6.979123619298362,2,Sample 3,Cell type 1
5128,2.846469774442871,-6.281289994200469,4,Sample 2,Cell type 2
5129,2.2281126630778547,-5.571339457826017,4,Sample 2,Cell type 2
5130,7.8567302608206155,0.15277299117359555,3,Sample 1,Cell type 2
5131,0.2402782048148042,8.510716567913882,5,Sample 3,Cell type 2
5132,-1.8534243188755233,-7.141972284908337,2,Sample 3,Cell type 1
5133,0.330733498926874,-0.2821767175551581,1,Sample 2,Cell type 1
5134,8.581738502585589,0.007909598368864639,3,Sample 1,Cell type 2
5135,-1.5008987395717759,7.89151014469851,5,Sample 3,Cell type 2
5136,-4.823130947268677,0.6381033818296611,0,Sample 1,Cell type 1
5137,-4.538204781641525,-0.23359200982552547,0,Sample 1,Cell type 1
5138,-5.7743720287555576,-0.3460999898068428,0,Sample 1,Cell type 1
5139,7.358677654399763,-1.089144849072742,3,Sample 1,Cell type 2
5140,-1.1873224751388907,-0.1826825736560914,1,Sample 2,Cell type 1
5141,-5.5520623971868455,-0.2722227178393155,0,Sample 1,Cell type 1
5142,-5.66197694833079,1.1124838576893936,0,Sample 1,Cell type 1
5143,-5.094004296683725,-0.15193955087100958,0,Sample 1,Cell type 1
5144,0.855014245802681,0.21870424984895973,1,Sample 2,Cell type 1
5145,-0.8321077029402899,-1.437839252635889,1,Sample 2,Cell type 1
5146,-4.428750678294407,0.9987298577606009,0,Sample 1,Cell type 1
5147,-3.3140320014042093,0.9720432591431837,0,Sample 1,Cell type 1
5148,2.9125501089613617,-7.994297206277365,4,Sample 2,Cell type 2
5149,0.0882607855850501,1.166284603676713,1,Sample 2,Cell type 1
5150,-0.4079335733523381,8.546595654042443,5,Sample 3,Cell type 2
5151,-3.702854039840496,-1.2922759360614955,0,Sample 1,Cell type 1
5152,-3.3869856406488372,-7.872769347671207,2,Sample 3,Cell type 1
5153,-0.1813423805527662,-0.005869183706512256,1,Sample 2,Cell type 1
5154,7.566003070300323,0.871892906113218,3,Sample 1,Cell type 2
5155,8.672331357107609,0.12389574678124149,3,Sample 1,Cell type 2
5156,0.44971659927264046,0.42480204382734693,1,Sample 2,Cell type 1
5157,-6.134795558901541,0.8260757523492985,0,Sample 1,Cell type 1
5158,-2.6118571994461925,-7.190245806836172,2,Sample 3,Cell type 1
5159,6.619522845159752,1.6186320784243058,3,Sample 1,Cell type 2
5160,6.3718445888654145,-0.193459354271056,3,Sample 1,Cell type 2
5161,-1.1308562048513306,0.7318846680731795,1,Sample 2,Cell type 1
5162,0.23637778908452142,5.69498527944922,5,Sample 3,Cell type 2
5163,8.433463265084145,-0.8194380331783692,3,Sample 1,Cell type 2
5164,7.2669550830794485,-0.16907346090784756,3,Sample 1,Cell type 2
5165,6.512812428554413,0.7398594702292747,3,Sample 1,Cell type 2
5166,1.0445452989590098,-6.688318560797602,4,Sample 2,Cell type 2
5167,6.718869783523962,0.5014238565631337,3,Sample 1,Cell type 2
5168,-0.3059853501163673,8.757650098599555,5,Sample 3,Cell type 2
5169,1.171008498833752,-6.047979093212273,4,Sample 2,Cell type 2
5170,0.3304798188978492,6.971675766816684,5,Sample 3,Cell type 2
5171,-2.6649706385735774,-7.017814910068637,2,Sample 3,Cell type 1
5172,-5.085765979148257,0.2511193731933053,0,Sample 1,Cell type 1
5173,6.7102643800599315,-1.2663784753056153,3,Sample 1,Cell type 2
5174,7.712601281637809,-0.8452400127936136,3,Sample 1,Cell type 2
5175,-5.042228520991266,0.42933674450080933,0,Sample 1,Cell type 1
5176,-5.788056428046281,-1.2445197578679026,0,Sample 1,Cell type 1
5177,-0.8659271053713463,7.000201553196209,5,Sample 3,Cell type 2
5178,-3.2705528565955753,-6.967990533370306,2,Sample 3,Cell type 1
5179,-0.3236667052072162,0.2709966052725679,1,Sample 2,Cell type 1
5180,7.917826114310703,0.5482219671481623,3,Sample 1,Cell type 2
5181,6.447467433717285,-0.6488730976229067,3,Sample 1,Cell type 2
5182,0.46978780201472725,-6.612091277082931,4,Sample 2,Cell type 2
5183,0.5211554154252036,7.420381849594217,5,Sample 3,Cell type 2
5184,-1.532190938238792,-6.8103983813172,2,Sample 3,Cell type 1
5185,0.4496030174242825,7.795998193643564,5,Sample 3,Cell type 2
5186,-1.395923563784988,8.354676398991135,5,Sample 3,Cell type 2
5187,-3.9082120700187346,0.12754522227591428,0,Sample 1,Cell type 1
5188,1.4479027701609362,0.7454067211661605,1,Sample 2,Cell type 1
5189,-0.11323741639349971,6.034217804473646,5,Sample 3,Cell type 2
5190,8.203824648816715,-0.8204555719385124,3,Sample 1,Cell type 2
5191,-2.671784997597862,-7.178376108741748,2,Sample 3,Cell type 1
5192,3.7380372678737874,-7.36368578064916,4,Sample 2,Cell type 2
5193,-2.717560940238743,0.16546459027832539,1,Sample 2,Cell type 1
5194,0.10651518101109266,6.276975610510876,5,Sample 3,Cell type 2
5195,-1.6385429704936654,0.24305162255227988,1,Sample 2,Cell type 1
5196,3.082214070930909,-7.615996361877564,4,Sample 2,Cell type 2
5197,-0.8428557373106363,-0.6010016008219976,1,Sample 2,Cell type 1
5198,2.6030284529369014,-7.097675058308363,4,Sample 2,Cell type 2
5199,6.905077450835256,-0.4634448357899452,3,Sample 1,Cell type 2
5200,8.119384775807594,-0.39924614718664736,3,Sample 1,Cell type 2
5201,-4.243420805910148,-0.5873615813721519,0,Sample 1,Cell type 1
5202,-6.331020411896716,0.1650239278012401,0,Sample 1,Cell type 1
5203,-2.473512467490203,-6.53501999865763,2,Sample 3,Cell type 1
5204,-1.9851943495295745,-7.634255592049795,2,Sample 3,Cell type 1
5205,0.13039904978720207,0.021512738956459925,1,Sample 2,Cell type 1
5206,-1.5735034996656636,-7.303205614106624,2,Sample 3,Cell type 1
5207,1.2160157102706874,-6.5508005438809525,4,Sample 2,Cell type 2
5208,2.4891783739781306,-7.21560027304339,4,Sample 2,Cell type 2
5209,8.258262506809505,0.679462889527768,3,Sample 1,Cell type 2
5210,-3.8465429318481847,-7.826390949858812,2,Sample 3,Cell type 1
5211,6.272304605563478,-0.47868997526039575,3,Sample 1,Cell type 2
5212,-4.003627397641725,-0.10834304755823843,0,Sample 1,Cell type 1
5213,0.12874389289105712,0.7646507896645918,1,Sample 2,Cell type 1
5214,-2.596274322872632,-5.2519789647193305,2,Sample 3,Cell type 1
5215,-0.07186423813901636,6.449555368415874,5,Sample 3,Cell type 2
5216,-3.730172526952744,-6.466689453537402,2,Sample 3,Cell type 1
5217,-5.496672331303202,2.3023793571014273,0,Sample 1,Cell type 1
5218,7.136258556468627,0.0016153855902963767,3,Sample 1,Cell type 2
5219,-0.15699954085675394,6.327313672075716,5,Sample 3,Cell type 2
5220,0.7990235420209637,8.258635593762389,5,Sample 3,Cell type 2
5221,-5.903726690076861,-0.6910178085937156,0,Sample 1,Cell type 1
5222,-5.157463781025868,-0.6801706435435603,0,Sample 1,Cell type 1
5223,-5.215038889252725,-0.3301419706332188,0,Sample 1,Cell type 1
5224,-6.072173147482384,0.5908982477704467,0,Sample 1,Cell type 1
5225,-0.4537618479069044,-0.0733704057914813,1,Sample 2,Cell type 1
5226,2.3923069877741647,-5.637147337851564,4,Sample 2,Cell type 2
5227,-3.0881166061523264,-7.347887454307984,2,Sample 3,Cell type 1
5228,-3.9328662608033027,0.64705797959856,0,Sample 1,Cell type 1
5229,-0.29575662817408616,0.5428686879741088,1,Sample 2,Cell type 1
5230,-4.292779857214251,0.38291180560646826,0,Sample 1,Cell type 1
5231,-1.6594142251326711,-0.8012860632178846,1,Sample 2,Cell type 1
5232,8.02607164665369,-0.24132522531758693,3,Sample 1,Cell type 2
5233,-0.6607564189006462,0.07379600077220438,1,Sample 2,Cell type 1
5234,-0.7513469194920058,7.30294128480595,5,Sample 3,Cell type 2
5235,-1.9803728274040044,-7.11579350171685,2,Sample 3,Cell type 1
5236,0.8427421211549599,6.8266542051152745,5,Sample 3,Cell type 2
5237,-1.082404356994793,6.108987657487175,5,Sample 3,Cell type 2
5238,2.9461890157139594,-6.420050391815636,4,Sample 2,Cell type 2
5239,3.1437129255021095,-7.354016012340585,4,Sample 2,Cell type 2
5240,-6.080266766350198,-0.30105111225685355,0,Sample 1,Cell type 1
5241,-4.912091511306051,-0.6957088054699199,0,Sample 1,Cell type 1
5242,0.5760239565458963,7.320771325180939,5,Sample 3,Cell type 2
5243,1.1363196662677353,6.948247328084575,5,Sample 3,Cell type 2
5244,0.30253046672360595,-0.204728633958067,1,Sample 2,Cell type 1
5245,-3.5091193660849527,-6.163531013688266,2,Sample 3,Cell type 1
5246,-5.877213503204589,0.7083761433682069,0,Sample 1,Cell type 1
5247,3.3583842302302185,-5.045377599343058,4,Sample 2,Cell type 2
5248,-3.8785233267521337,-1.8660512091673345,0,Sample 1,Cell type 1
5249,0.7264103369735794,-0.8761915797340218,1,Sample 2,Cell type 1
5250,-0.4173624427962084,-6.7325559785726,4,Sample 2,Cell type 2
5251,-3.281434865438499,-6.911968036216023,2,Sample 3,Cell type 1
5252,-4.8661992885181,-0.30337737400623543,0,Sample 1,Cell type 1
5253,1.579928128483941,1.4157177526933706,1,Sample 2,Cell type 1
5254,2.7663399163114857,-6.878114048752039,4,Sample 2,Cell type 2
5255,-0.08427256986525376,1.193216982787971,1,Sample 2,Cell type 1
5256,2.4204640412262437,-5.010379246585812,4,Sample 2,Cell type 2
5257,-0.11656552217709669,0.5218715567656189,1,Sample 2,Cell type 1
5258,3.639995127878571,-7.87395582619696,4,Sample 2,Cell type 2
5259,8.039096707515839,0.768014079606132,3,Sample 1,Cell type 2
5260,8.446990040361353,0.08769069926757274,3,Sample 1,Cell type 2
5261,-0.7053890990277568,-0.6214869470846335,1,Sample 2,Cell type 1
5262,-0.08424812102972985,7.008304293695922,5,Sample 3,Cell type 2
5263,-2.912603414016475,0.35398605545493467,0,Sample 1,Cell type 1
5264,2.149536794627161,-5.7797751945116485,4,Sample 2,Cell type 2
5265,3.383034744013318,-7.348236501939953,4,Sample 2,Cell type 2
5266,-0.10857873071685138,6.6851031857892975,5,Sample 3,Cell type 2
5267,-0.36010769517101787,6.475150854469639,5,Sample 3,Cell type 2
5268,3.422296701053555,-5.9482776721539565,4,Sample 2,Cell type 2
5269,-2.111531533326162,-6.33429207869395,2,Sample 3,Cell type 1
5270,3.4065739217259363,-6.978953306807343,4,Sample 2,Cell type 2
5271,1.276678210633233,-2.2390277908815714,1,Sample 2,Cell type 1
5272,0.036276929397223046,7.805437055409005,5,Sample 3,Cell type 2
5273,0.2875722037046599,1.4882555416430565,1,Sample 2,Cell type 1
5274,7.783000131787367,-0.3230625466614724,3,Sample 1,Cell type 2
5275,8.375199598126208,0.7855086730226489,3,Sample 1,Cell type 2
5276,2.7380335164562366,-6.942667876210806,4,Sample 2,Cell type 2
5277,-4.157889446167285,1.1443995854947429,0,Sample 1,Cell type 1
5278,0.5750611327914708,6.362360708623818,5,Sample 3,Cell type 2
5279,7.135684158521736,1.0195242274573264,3,Sample 1,Cell type 2
5280,1.7062353121595433,-8.298443307402442,4,Sample 2,Cell type 2
5281,-3.161680931286922,-5.509412573148434,2,Sample 3,Cell type 1
5282,7.767504499426578,1.5005311575745806,3,Sample 1,Cell type 2
5283,-0.537551042261623,7.554921417076544,5,Sample 3,Cell type 2
5284,8.560427562793201,0.36732232150052074,3,Sample 1,Cell type 2
5285,3.79027024793609,-8.673696736494819,4,Sample 2,Cell type 2
5286,7.664695004680734,-0.750844208761169,3,Sample 1,Cell type 2
5287,-3.9577002138499386,0.7124964245666423,0,Sample 1,Cell type 1
5288,-2.9137881542474284,-6.510948254915371,2,Sample 3,Cell type 1
5289,8.218177729123715,-0.49959830513551484,3,Sample 1,Cell type 2
5290,-1.1434394210236394,7.8669038805045455,5,Sample 3,Cell type 2
5291,3.048314947800778,-7.298678375639781,4,Sample 2,Cell type 2
5292,3.235720414028535,-7.822112721669001,4,Sample 2,Cell type 2
5293,-4.8100842795176435,-0.08704180068335315,0,Sample 1,Cell type 1
5294,-3.450427719970001,-7.231250612609603,2,Sample 3,Cell type 1
5295,-2.7868734837215197,-7.92683066368766,2,Sample 3,Cell type 1
5296,7.6428804458437885,1.0404060025060144,3,Sample 1,Cell type 2
5297,-3.8234405961081253,-8.136492798128707,2,Sample 3,Cell type 1
5298,-1.734928600824202,-6.62408732298454,2,Sample 3,Cell type 1
5299,-2.130504923205145,-7.207962529711912,2,Sample 3,Cell type 1
5300,-3.7534619249502965,-7.031095561558567,2,Sample 3,Cell type 1
5301,0.20117138628738318,5.664418846479324,5,Sample 3,Cell type 2
5302,1.8491484050535463,-6.670054377687576,4,Sample 2,Cell type 2
5303,-7.181816234245647,0.7956408567249448,0,Sample 1,Cell type 1
5304,0.07163807613843275,0.4986519940043164,1,Sample 2,Cell type 1
5305,8.75122979476079,1.608611772986843,3,Sample 1,Cell type 2
5306,-0.9383199252035187,-1.055010378092976,1,Sample 2,Cell type 1
5307,0.5492115051245966,7.427267894355902,5,Sample 3,Cell type 2
5308,-0.26457025289776404,-0.06443932667226014,1,Sample 2,Cell type 1
5309,-2.2079872560827347,-8.623476513306128,2,Sample 3,Cell type 1
5310,9.697099550224722,0.39341410175794667,3,Sample 1,Cell type 2
5311,0.8890754241658583,7.413283763439576,5,Sample 3,Cell type 2
5312,7.101062881663887,-0.25971760543869105,3,Sample 1,Cell type 2
5313,-2.9668000476590892,-6.232118609453601,2,Sample 3,Cell type 1
5314,2.3832942531742596,-8.382877621343834,4,Sample 2,Cell type 2
5315,-4.702207791006988,0.7501760654480322,0,Sample 1,Cell type 1
5316,-0.031878126622358574,6.525640493584203,5,Sample 3,Cell type 2
5317,7.247548151929545,-1.2625795414870693,3,Sample 1,Cell type 2
5318,-1.5131075935927716,-8.972128466048753,2,Sample 3,Cell type 1
5319,0.6964894560985401,7.7569371492654575,5,Sample 3,Cell type 2
5320,-2.278524746215232,-7.722052024425589,2,Sample 3,Cell type 1
5321,-4.285860151503008,-1.5736787759143627,0,Sample 1,Cell type 1
5322,5.359411506114004,0.1733863793832222,3,Sample 1,Cell type 2
5323,3.7733565965429996,-7.786779343012735,4,Sample 2,Cell type 2
5324,-3.0302009195030144,-7.842036668886183,2,Sample 3,Cell type 1
5325,1.9921391325528828,-7.533432540661396,4,Sample 2,Cell type 2
5326,1.0373908670057277,-6.925379332145164,4,Sample 2,Cell type 2
5327,2.635122088560583,-6.358766412009576,4,Sample 2,Cell type 2
5328,-5.079453843516129,2.3217384038888866,0,Sample 1,Cell type 1
5329,2.7746357522874754,-5.966718220242311,4,Sample 2,Cell type 2
5330,-6.656786808198481,-1.1516192700621315,0,Sample 1,Cell type 1
5331,-0.02795303958381176,-0.8187150752836503,1,Sample 2,Cell type 1
5332,-0.5196078141375005,5.641006146478714,5,Sample 3,Cell type 2
5333,-1.6361813028484393,0.6837410659357516,1,Sample 2,Cell type 1
5334,5.9604569810071375,-0.35378118063131536,3,Sample 1,Cell type 2
5335,1.7752879591108273,-1.2473891481590982,1,Sample 2,Cell type 1
5336,0.49783424074128824,-0.49338026835009535,1,Sample 2,Cell type 1
5337,0.4340240574125915,-1.1138961800945681,1,Sample 2,Cell type 1
5338,-3.9661108696651066,-1.5657424009002896,0,Sample 1,Cell type 1
5339,-2.033708468173022,-7.476280908830361,2,Sample 3,Cell type 1
5340,7.828105329619912,-0.6121561287131558,3,Sample 1,Cell type 2
5341,7.036346190817184,-0.11386700725855527,3,Sample 1,Cell type 2
5342,0.6999615425230692,7.067217258373197,5,Sample 3,Cell type 2
5343,-2.38631722046512,-7.422217768789368,2,Sample 3,Cell type 1
5344,8.465287619615482,1.2858841458330934,3,Sample 1,Cell type 2
5345,0.011249389716525301,2.5815627501000917,1,Sample 2,Cell type 1
5346,-2.903165204604978,-8.093325522299779,2,Sample 3,Cell type 1
5347,-4.464721092501243,0.768074002902277,0,Sample 1,Cell type 1
5348,-5.079526663284802,-0.33300992689391495,0,Sample 1,Cell type 1
5349,1.5746255137848786,1.2433086708214378,1,Sample 2,Cell type 1
5350,-0.4105087447267694,0.16328395810257423,1,Sample 2,Cell type 1
5351,2.108375126834169,-8.183390797963972,4,Sample 2,Cell type 2
5352,3.496948986384204,-6.490058066446547,4,Sample 2,Cell type 2
5353,7.621671306888647,-0.29361033399722364,3,Sample 1,Cell type 2
5354,-4.710778506094754,0.37972867881175626,0,Sample 1,Cell type 1
5355,-4.720183190961796,1.3278205952545967,0,Sample 1,Cell type 1
5356,1.0902847532691875,6.545097511311826,5,Sample 3,Cell type 2
5357,-4.126337255438635,-7.247360770602813,2,Sample 3,Cell type 1
5358,-1.3809347825315543,-5.894772811352679,2,Sample 3,Cell type 1
5359,6.458752742493476,0.29025419426091426,3,Sample 1,Cell type 2
5360,-0.41960465254540086,6.062692343402663,5,Sample 3,Cell type 2
5361,-5.6682235271282435,-1.1880202600986352,0,Sample 1,Cell type 1
5362,8.234179037986863,0.5422260926541269,3,Sample 1,Cell type 2
5363,-3.743432546617223,-8.618393265468196,2,Sample 3,Cell type 1
5364,-3.0166906077552387,-6.517227490097791,2,Sample 3,Cell type 1
5365,8.419471692444848,1.2927312308193786,3,Sample 1,Cell type 2
5366,-1.0385035064699628,-6.65514862921699,2,Sample 3,Cell type 1
5367,6.428175144623646,0.6108552623514771,3,Sample 1,Cell type 2
5368,0.4001327955658161,7.390451716079989,5,Sample 3,Cell type 2
5369,2.730379431776894,-8.007325217998579,4,Sample 2,Cell type 2
5370,-1.3491143644125612,-0.08266028790145961,1,Sample 2,Cell type 1
5371,-0.20573992380601672,-0.8949144371476611,1,Sample 2,Cell type 1
5372,8.896120739784957,0.7940578433392941,3,Sample 1,Cell type 2
5373,6.894385201191539,0.5965569837194693,3,Sample 1,Cell type 2
5374,-1.096358460126587,7.3566877138070765,5,Sample 3,Cell type 2
5375,-0.0995988317015965,-0.8069780045836874,1,Sample 2,Cell type 1
5376,0.5598629912754438,1.1960399875818686,1,Sample 2,Cell type 1
5377,-6.07453250575915,0.1286487852873361,0,Sample 1,Cell type 1
5378,-0.5534496922644389,6.257350690229016,5,Sample 3,Cell type 2
5379,6.81055931783964,-0.4151403454484765,3,Sample 1,Cell type 2
5380,-4.425266787100363,-1.495368056042064,0,Sample 1,Cell type 1
5381,3.000167960238603,-5.151316802707623,4,Sample 2,Cell type 2
5382,-5.436827193046193,0.0736867254476903,0,Sample 1,Cell type 1
5383,-0.32895534328673925,-0.1361692982092701,1,Sample 2,Cell type 1
5384,-0.07426216702025504,5.465313153001585,5,Sample 3,Cell type 2
5385,4.0606377589803575,-6.654211700515484,4,Sample 2,Cell type 2
5386,-5.911548008300981,0.2828225993357465,0,Sample 1,Cell type 1
5387,2.7763353135266398,-7.046112251978973,4,Sample 2,Cell type 2
5388,-2.232284152193965,-6.874451983467287,2,Sample 3,Cell type 1
5389,0.877781212630181,0.46406527959956084,1,Sample 2,Cell type 1
5390,-2.5053592382914562,-6.294397498620326,2,Sample 3,Cell type 1
5391,0.5427852164539502,-0.7654817508723396,1,Sample 2,Cell type 1
5392,2.5614899169458356,-6.886318736871701,4,Sample 2,Cell type 2
5393,-0.4526772934962088,0.23713849379795363,1,Sample 2,Cell type 1
5394,3.5593005731113037,-8.181220573103694,4,Sample 2,Cell type 2
5395,0.20006087022076866,1.150979231982054,1,Sample 2,Cell type 1
5396,-2.2895367767893613,-6.0681009252247495,2,Sample 3,Cell type 1
5397,2.6736906775956366,-5.491190534276804,4,Sample 2,Cell type 2
5398,7.195966415227737,-0.564678660983736,3,Sample 1,Cell type 2
5399,-4.260145856004959,1.7071136843885526,0,Sample 1,Cell type 1
5400,-0.9933028456773323,-0.29771030189480163,1,Sample 2,Cell type 1
5401,0.4255335629350493,4.549791273107255,5,Sample 3,Cell type 2
5402,-4.447833824542625,-0.9205133086785651,0,Sample 1,Cell type 1
5403,7.8620412694811685,1.1888962105866392,3,Sample 1,Cell type 2
5404,3.088949320654687,-6.739079943366104,4,Sample 2,Cell type 2
5405,-4.539446884734355,-7.315700385041398,2,Sample 3,Cell type 1
5406,-0.8940228296237556,-0.9142909442909806,1,Sample 2,Cell type 1
5407,0.21062200891783317,-0.22367575626700445,1,Sample 2,Cell type 1
5408,1.2895649916413447,-7.96759274330508,4,Sample 2,Cell type 2
5409,-3.2889283828222933,-0.054594732433158696,0,Sample 1,Cell type 1
5410,-0.7420627453749062,-0.5477307509157304,1,Sample 2,Cell type 1
5411,7.213657348543864,0.5406597136310325,3,Sample 1,Cell type 2
5412,-0.22065517966624715,5.633425871054186,5,Sample 3,Cell type 2
5413,-4.5374829353069766,0.16162360374563817,0,Sample 1,Cell type 1
5414,8.451052420152376,0.87012639382549,3,Sample 1,Cell type 2
5415,-3.514746489057735,-5.984881906071788,2,Sample 3,Cell type 1
5416,-0.32403534188128447,-0.6552693880697891,1,Sample 2,Cell type 1
5417,-5.150406272285169,0.13204231778999057,0,Sample 1,Cell type 1
5418,-5.227311336253845,-1.1230048637683645,0,Sample 1,Cell type 1
5419,0.807359577198419,1.14738753715085,1,Sample 2,Cell type 1
5420,8.238209158475385,0.7355755833644936,3,Sample 1,Cell type 2
5421,-5.057724511933693,0.2958861692731324,0,Sample 1,Cell type 1
5422,-2.2711116262612228,6.72915823632688,5,Sample 3,Cell type 2
5423,-0.6869574937607235,0.034144051902841824,1,Sample 2,Cell type 1
5424,7.384010359180122,-0.4581844247804125,3,Sample 1,Cell type 2
5425,-0.5435825633723066,-0.20659378982431237,1,Sample 2,Cell type 1
5426,-0.5474038567002834,0.32680406497007103,1,Sample 2,Cell type 1
5427,-2.7187550789927797,-6.997940857470846,2,Sample 3,Cell type 1
5428,-2.1122238228864663,-8.148114393996158,2,Sample 3,Cell type 1
5429,-5.5739659858261845,-0.4778972595016359,0,Sample 1,Cell type 1
5430,3.790262517838852,-6.827694355638383,4,Sample 2,Cell type 2
5431,-4.812455472847203,-1.8375613815818617,0,Sample 1,Cell type 1
5432,1.5012248849005532,-6.709077531219794,4,Sample 2,Cell type 2
5433,0.5383549353013151,6.122020357946831,5,Sample 3,Cell type 2
5434,-0.2596938262881343,-0.7053781690119855,1,Sample 2,Cell type 1
5435,3.3226694478016303,-7.888341561042684,4,Sample 2,Cell type 2
5436,8.031669901959294,-0.19810235812934568,3,Sample 1,Cell type 2
5437,-5.383721836584989,1.0336011382770793,0,Sample 1,Cell type 1
5438,8.657024010925511,-0.051355162288040344,3,Sample 1,Cell type 2
5439,0.616243368644903,6.030740913209848,5,Sample 3,Cell type 2
5440,8.143656951115252,-0.04600682371383989,3,Sample 1,Cell type 2
5441,7.396974865381023,0.13298031666011567,3,Sample 1,Cell type 2
5442,0.006460620217147748,-1.8778298925339763,1,Sample 2,Cell type 1
5443,-5.032243435198956,1.4081792902326056,0,Sample 1,Cell type 1
5444,6.987270933366842,-0.3220451400971402,3,Sample 1,Cell type 2
5445,0.49632864771557095,0.30653029476044713,1,Sample 2,Cell type 1
5446,9.742965598740618,-0.247609285429542,3,Sample 1,Cell type 2
5447,2.602877877753323,-6.998376844279227,4,Sample 2,Cell type 2
5448,7.152309772097542,-1.9847649354803154,3,Sample 1,Cell type 2
5449,0.8058198876863396,-0.5684199562487983,1,Sample 2,Cell type 1
5450,-3.3293059210860294,-7.508853673256861,2,Sample 3,Cell type 1
5451,0.3148200221111168,-0.9036491371578093,1,Sample 2,Cell type 1
5452,-5.1991282612271945,-0.24913196990002862,0,Sample 1,Cell type 1
5453,7.954803432882613,0.4750554149240284,3,Sample 1,Cell type 2
5454,-4.3823658286629374,-1.4514442840706865,0,Sample 1,Cell type 1
5455,-0.3922716194832662,7.417888504743999,5,Sample 3,Cell type 2
5456,-1.6997615576909748,-8.0095759925703,2,Sample 3,Cell type 1
5457,0.2462941072912517,8.410169236492408,5,Sample 3,Cell type 2
5458,-0.6515912985683482,-0.17585131605932158,1,Sample 2,Cell type 1
5459,-5.016661822393151,-0.2597927750281245,0,Sample 1,Cell type 1
5460,3.424354384185716,-7.583085060681869,4,Sample 2,Cell type 2
5461,-1.8404538263604295,-8.146808907169115,2,Sample 3,Cell type 1
5462,8.56836991086758,-0.868310763866717,3,Sample 1,Cell type 2
5463,1.1439270894880265,6.705633912222592,5,Sample 3,Cell type 2
5464,2.7657022825107185,-7.6115004864259745,4,Sample 2,Cell type 2
5465,-0.20868165596321092,6.692184388775702,5,Sample 3,Cell type 2
5466,-2.2381317428763015,-7.456307793343051,2,Sample 3,Cell type 1
5467,-3.988298552012588,0.8527738159105721,0,Sample 1,Cell type 1
5468,-2.2959841763548625,-7.505401971697562,2,Sample 3,Cell type 1
5469,-0.031115002937237114,6.5398664879174255,5,Sample 3,Cell type 2
5470,8.75078772055172,-1.2106887037277423,3,Sample 1,Cell type 2
5471,8.55462912894646,1.3482878701390058,3,Sample 1,Cell type 2
5472,-1.437109085224895,-6.637052893266546,2,Sample 3,Cell type 1
5473,1.0646104404487715,7.456278711245328,5,Sample 3,Cell type 2
5474,0.4982646684224088,7.378278835736684,5,Sample 3,Cell type 2
5475,0.4637648894620207,-0.7508536290311623,1,Sample 2,Cell type 1
5476,0.7849773000656801,-0.28357805807469777,1,Sample 2,Cell type 1
5477,-4.932109724988567,-1.4417692307074517,0,Sample 1,Cell type 1
5478,-4.634493424773003,-5.162137312364908,2,Sample 3,Cell type 1
5479,-2.667332032853894,-8.43945528597488,2,Sample 3,Cell type 1
5480,-0.30114346907726613,7.509069611698048,5,Sample 3,Cell type 2
5481,-0.5460302652887671,0.19015532305152544,1,Sample 2,Cell type 1
5482,0.14894240771982628,7.869525694774944,5,Sample 3,Cell type 2
5483,-5.392747301473912,-0.09864882353324775,0,Sample 1,Cell type 1
5484,-3.0620594095797196,-6.327717243905761,2,Sample 3,Cell type 1
5485,-1.2398557506788135,-0.508296603753848,1,Sample 2,Cell type 1
5486,-0.6597296959715905,1.6362557303020422,1,Sample 2,Cell type 1
5487,1.3645045623195389,5.643202349829921,5,Sample 3,Cell type 2
5488,-2.136208421250401,-6.355714529778137,2,Sample 3,Cell type 1
5489,-3.742538835309686,-7.392539897356737,2,Sample 3,Cell type 1
5490,-3.417725787737971,-6.814274405807095,2,Sample 3,Cell type 1
5491,6.512150115951846,-0.3254652984352911,3,Sample 1,Cell type 2
5492,-0.5331203600868483,0.1111929263600241,1,Sample 2,Cell type 1
5493,-4.30547116041649,-2.563688358567068,0,Sample 1,Cell type 1
5494,-1.9521379697880248,-7.501417515315008,2,Sample 3,Cell type 1
5495,8.123895841492834,-1.8249095445037637,3,Sample 1,Cell type 2
5496,-3.901069674027182,0.5238879331217542,0,Sample 1,Cell type 1
5497,-5.190017214944925,-0.8884615744360655,0,Sample 1,Cell type 1
5498,-0.5236038300528486,-1.0564919679680753,1,Sample 2,Cell type 1
5499,0.3544175683946264,-1.734905321411049,1,Sample 2,Cell type 1
5500,0.2887071533394155,0.17464674924528661,1,Sample 2,Cell type 1
5501,0.12477152567740589,7.448300796080088,5,Sample 3,Cell type 2
5502,-3.3864938132353135,-6.821187991407334,2,Sample 3,Cell type 1
5503,0.23581491692262818,7.840080659028278,5,Sample 3,Cell type 2
5504,7.370706423092594,-0.1485725085027415,3,Sample 1,Cell type 2
5505,1.6010612175993555,-8.100128153488516,4,Sample 2,Cell type 2
5506,-3.7559036542795647,-7.637119846606668,2,Sample 3,Cell type 1
5507,0.7339509201998363,-0.04327965659769533,1,Sample 2,Cell type 1
5508,6.816294284022702,0.5972817123295573,3,Sample 1,Cell type 2
5509,-0.473623070865679,1.249504000387603,1,Sample 2,Cell type 1
5510,-2.4268494201494213,-7.034103773545148,2,Sample 3,Cell type 1
5511,-3.642998737654488,-6.398043882508404,2,Sample 3,Cell type 1
5512,-4.349856777955006,-0.33554983688259027,0,Sample 1,Cell type 1
5513,-6.223870526881927,0.6716282094244986,0,Sample 1,Cell type 1
5514,0.6582422273174932,0.5313798551263171,1,Sample 2,Cell type 1
5515,2.391081072091392,-6.345545866419446,4,Sample 2,Cell type 2
5516,0.7125707466078501,6.4852874351710685,5,Sample 3,Cell type 2
5517,0.7120260039202952,6.7436839990173105,5,Sample 3,Cell type 2
5518,0.7857594596988897,7.548086001843192,5,Sample 3,Cell type 2
5519,-2.499001049781436,-8.38999046342342,2,Sample 3,Cell type 1
5520,3.0152242706017622,-6.4141308890985025,4,Sample 2,Cell type 2
5521,-3.0988800683165145,-6.350286863105673,2,Sample 3,Cell type 1
5522,0.2916513253994046,-1.0329222508341007,1,Sample 2,Cell type 1
5523,3.0098868883734906,-7.583622280017224,4,Sample 2,Cell type 2
5524,6.7352511706700735,-0.43468553346555666,3,Sample 1,Cell type 2
5525,5.369270111964049,0.31839356780225053,3,Sample 1,Cell type 2
5526,-0.592304840167731,-0.2733534258989982,1,Sample 2,Cell type 1
5527,6.743556313043978,0.6185146053557596,3,Sample 1,Cell type 2
5528,-2.916807289993842,-1.6805386733325733,0,Sample 1,Cell type 1
5529,0.6241310207225943,-0.3528113759272167,1,Sample 2,Cell type 1
5530,-4.606755647228285,1.0715816473077073,0,Sample 1,Cell type 1
5531,6.959652876416005,0.12568832060881574,3,Sample 1,Cell type 2
5532,0.3733789503257194,0.4169596771062956,1,Sample 2,Cell type 1
5533,-6.152273958803805,0.7852115954521303,0,Sample 1,Cell type 1
5534,-1.7555961142908088,-6.857823118973694,2,Sample 3,Cell type 1
5535,0.8377986445126537,8.629470230578894,5,Sample 3,Cell type 2
5536,-3.504866706906917,-0.41138663092764466,0,Sample 1,Cell type 1
5537,6.795881469748206,0.7678487757718726,3,Sample 1,Cell type 2
5538,6.974039121063572,2.2071329215818514,3,Sample 1,Cell type 2
5539,-1.8317869777666416,-7.573828787868368,2,Sample 3,Cell type 1
5540,2.5870794265949204,-8.453274876062197,4,Sample 2,Cell type 2
5541,-0.07509417281132477,-1.3046806977286771,1,Sample 2,Cell type 1
5542,-0.26970898320610837,-0.0451841553375703,1,Sample 2,Cell type 1
5543,-3.883826316804258,-7.130414121173288,2,Sample 3,Cell type 1
5544,2.234449429174922,-7.416570657142942,4,Sample 2,Cell type 2
5545,3.0959518785527496,-8.34877194743429,4,Sample 2,Cell type 2
5546,-0.6206899544108496,6.952108807354315,5,Sample 3,Cell type 2
5547,0.01503078054079538,6.671380355983794,5,Sample 3,Cell type 2
5548,1.7718815784905628,7.845761933572394,5,Sample 3,Cell type 2
5549,-5.561392064626225,1.7226282184801076,0,Sample 1,Cell type 1
5550,-3.440736500463417,2.0081701315733693,0,Sample 1,Cell type 1
5551,-1.2325173971904524,8.588343295412562,5,Sample 3,Cell type 2
5552,-2.014408109992475,-1.9086301373715595,1,Sample 2,Cell type 1
5553,0.3210008465248622,9.013273969355467,5,Sample 3,Cell type 2
5554,-0.0038366438794885474,7.773472829283508,5,Sample 3,Cell type 2
5555,0.5128887383815707,6.391551070106075,5,Sample 3,Cell type 2
5556,2.29718366346022,-5.500003066695229,4,Sample 2,Cell type 2
5557,-1.0102903256199725,-0.8257525389128373,1,Sample 2,Cell type 1
5558,2.257475645750907,8.62617299573186,5,Sample 3,Cell type 2
5559,3.335214093236518,-6.812357226481978,4,Sample 2,Cell type 2
5560,0.07668850467051096,-2.692022373810651,1,Sample 2,Cell type 1
5561,1.6244548966753385,-7.033807158429572,4,Sample 2,Cell type 2
5562,7.875121417034802,1.0504087092029677,3,Sample 1,Cell type 2
5563,8.428488397117658,-1.2680271924214723,3,Sample 1,Cell type 2
5564,-4.766249748450666,-0.8138849625939677,0,Sample 1,Cell type 1
5565,7.2970559189988276,0.26596052243130486,3,Sample 1,Cell type 2
5566,0.4338600546018475,0.33185983258576773,1,Sample 2,Cell type 1
5567,3.2897927981062787,-6.683503880523347,4,Sample 2,Cell type 2
5568,3.846014562834184,-5.849408537830857,4,Sample 2,Cell type 2
5569,-1.3984461221685958,-7.177858421016369,2,Sample 3,Cell type 1
5570,3.2260087619479267,-9.64882740892456,4,Sample 2,Cell type 2
5571,-2.812467845601036,-6.306278002010826,2,Sample 3,Cell type 1
5572,-1.0017576910684598,7.389757552067187,5,Sample 3,Cell type 2
5573,-1.1151963680885109,-1.320772739177196,1,Sample 2,Cell type 1
5574,6.483135128503296,-0.7414531826770387,3,Sample 1,Cell type 2
5575,7.8471749713635255,0.6323939986493753,3,Sample 1,Cell type 2
5576,-0.33040275306507993,7.02843010553732,5,Sample 3,Cell type 2
5577,2.8923528667439253,-7.685747114321575,4,Sample 2,Cell type 2
5578,-2.4796322325908178,-8.265006748470658,2,Sample 3,Cell type 1
5579,0.38903665557073996,0.42303976863138193,1,Sample 2,Cell type 1
5580,1.5963283303404752,-6.15005329944815,4,Sample 2,Cell type 2
5581,-5.800562986662971,-0.7342292564688945,0,Sample 1,Cell type 1
5582,2.478283800590524,-6.540459378630718,4,Sample 2,Cell type 2
5583,7.2859736663166546,0.41978815867108527,3,Sample 1,Cell type 2
5584,-3.0125047970428995,-7.111619248650998,2,Sample 3,Cell type 1
5585,-4.942147982814084,-0.9699703001363755,0,Sample 1,Cell type 1
5586,-2.9309916887426746,-0.3265547043956932,0,Sample 1,Cell type 1
5587,-4.978202488994517,1.2709984998738864,0,Sample 1,Cell type 1
5588,2.2104225664088126,-7.0292329322578855,4,Sample 2,Cell type 2
5589,-1.2774459202164365,7.201595472010943,5,Sample 3,Cell type 2
5590,-5.523512822553779,-0.9132810576235803,0,Sample 1,Cell type 1
5591,-0.06658630338264199,6.631611806871983,5,Sample 3,Cell type 2
5592,-6.373090683113086,1.1363256930844639,0,Sample 1,Cell type 1
5593,7.629083910171744,0.7843719474791407,3,Sample 1,Cell type 2
5594,-4.141398412856118,0.5862521261752183,0,Sample 1,Cell type 1
5595,-0.34965636040696746,7.743001367382609,5,Sample 3,Cell type 2
5596,-4.925804222358947,-1.3117963495184375,0,Sample 1,Cell type 1
5597,0.26691799062668564,0.4168663157408263,1,Sample 2,Cell type 1
5598,2.436185173725368,-7.3016502759037465,4,Sample 2,Cell type 2
5599,6.952355486641919,-0.9070811218999172,3,Sample 1,Cell type 2
5600,0.35141836493600065,-0.09289957763924661,1,Sample 2,Cell type 1
5601,-2.5178862718314803,-7.096538289229848,2,Sample 3,Cell type 1
5602,0.6152123908804299,-1.2293601400804808,1,Sample 2,Cell type 1
5603,-0.7509043679243964,6.378051060345493,5,Sample 3,Cell type 2
5604,-1.886773906082225,-8.038323053205872,2,Sample 3,Cell type 1
5605,0.7907893651623411,8.21382387878096,5,Sample 3,Cell type 2
5606,0.5599864296390618,-1.0249498060026923,1,Sample 2,Cell type 1
5607,-0.08696130301340076,-0.37437023515262274,1,Sample 2,Cell type 1
5608,-0.4934419154325694,0.7500005206022764,1,Sample 2,Cell type 1
5609,-2.9838811820018347,-6.4101365531347865,2,Sample 3,Cell type 1
5610,-1.9709297006760385,-6.442235093767418,2,Sample 3,Cell type 1
5611,8.31919420529827,-0.16517535494143776,3,Sample 1,Cell type 2
5612,-4.495172496852885,-0.2659322862262443,0,Sample 1,Cell type 1
5613,7.443395519790128,-0.40308988043876254,3,Sample 1,Cell type 2
5614,7.355496351448382,-0.49975749234093264,3,Sample 1,Cell type 2
5615,1.238846805017584,0.2818189260118398,1,Sample 2,Cell type 1
5616,2.214607450683431,-7.723090846754132,4,Sample 2,Cell type 2
5617,0.041590443303825435,7.674042502425334,5,Sample 3,Cell type 2
5618,2.3587137819269777,-1.0007703231967473,1,Sample 2,Cell type 1
5619,8.697389109940936,-0.10852846962612257,3,Sample 1,Cell type 2
5620,9.352030059387985,-1.2945700501151032,3,Sample 1,Cell type 2
5621,-1.8242144985388011,-6.4110120756049405,2,Sample 3,Cell type 1
5622,1.162322000158827,7.276302754004826,5,Sample 3,Cell type 2
5623,-5.308443064874092,-0.7220495422994571,0,Sample 1,Cell type 1
5624,-6.42307163182892,0.8055344826685039,0,Sample 1,Cell type 1
5625,6.814415666385619,-0.26972645099788284,3,Sample 1,Cell type 2
5626,-4.920433802337337,1.3297770729497358,0,Sample 1,Cell type 1
5627,-6.446734911105105,0.16617047267907378,0,Sample 1,Cell type 1
5628,0.8161058400078864,7.365265240023609,5,Sample 3,Cell type 2
5629,1.7105841375498783,7.353965624349833,5,Sample 3,Cell type 2
5630,3.2889452918579614,-7.280607015930422,4,Sample 2,Cell type 2
5631,0.3955511075582038,0.7010428531609026,1,Sample 2,Cell type 1
5632,-2.915052758831157,-6.319091792578174,2,Sample 3,Cell type 1
5633,3.0627865006193526,-7.1523469944993625,4,Sample 2,Cell type 2
5634,8.056524509633698,1.3100404313315683,3,Sample 1,Cell type 2
5635,3.5479705664817436,-6.1668909180575175,4,Sample 2,Cell type 2
5636,0.7368998793793746,1.3841387265712977,1,Sample 2,Cell type 1
5637,2.702742749813542,-6.453914064814233,4,Sample 2,Cell type 2
5638,6.805026850976058,1.4990428923178747,3,Sample 1,Cell type 2
5639,-4.425142800173734,-1.0287044214574352,0,Sample 1,Cell type 1
5640,-1.5695070505682123,-7.366714096562442,2,Sample 3,Cell type 1
5641,-2.6522137973556132,8.444261511065367,5,Sample 3,Cell type 2
5642,-3.6711136852466937,1.2420822187327065,0,Sample 1,Cell type 1
5643,0.3146850425697243,-1.4083224942258497,1,Sample 2,Cell type 1
5644,-5.217112452070697,0.3168498568628671,0,Sample 1,Cell type 1
5645,-2.739044104257495,-7.3598904148015345,2,Sample 3,Cell type 1
5646,-6.106594635007175,0.4470293009128696,0,Sample 1,Cell type 1
5647,-0.49548057138063123,6.444942901039239,5,Sample 3,Cell type 2
5648,1.6991397061529725,-7.864701602420402,4,Sample 2,Cell type 2
5649,-0.7362019662675716,7.11071680617408,5,Sample 3,Cell type 2
5650,-5.841894831840136,0.9773839045575291,0,Sample 1,Cell type 1
5651,-5.171614160687012,0.1956895858617506,0,Sample 1,Cell type 1
5652,0.2525727640411228,1.5827584357756201,1,Sample 2,Cell type 1
5653,-2.9340822138426725,-6.010914978302232,2,Sample 3,Cell type 1
5654,3.767757544101327,-7.113171667746196,4,Sample 2,Cell type 2
5655,3.773684074031641,-5.342365951552054,4,Sample 2,Cell type 2
5656,0.6235701802360304,0.661173790913397,1,Sample 2,Cell type 1
5657,-0.021196935786814308,-0.15691883211255225,1,Sample 2,Cell type 1
5658,8.493348012350337,-0.34604020893736614,3,Sample 1,Cell type 2
5659,3.684406677746648,-7.48490635406265,4,Sample 2,Cell type 2
5660,7.579176192416252,-0.39624717316572317,3,Sample 1,Cell type 2
5661,-2.5572161852675093,-8.305835102000103,2,Sample 3,Cell type 1
5662,-5.136606585532025,0.5294854858361189,0,Sample 1,Cell type 1
5663,0.9375521976529663,0.525189872710699,1,Sample 2,Cell type 1
5664,-4.938930040525337,0.7674963076099975,0,Sample 1,Cell type 1
5665,-5.096571929603806,0.40294523322924986,0,Sample 1,Cell type 1
5666,2.3800491562937602,-6.815062215195982,4,Sample 2,Cell type 2
5667,0.6961928535963163,6.054152950429936,5,Sample 3,Cell type 2
5668,-5.290411854957922,-0.22574971480954262,0,Sample 1,Cell type 1
5669,-0.11135941208978095,0.41202504893320624,1,Sample 2,Cell type 1
5670,-4.580213015809826,-0.03207733406773521,0,Sample 1,Cell type 1
5671,-0.8044347875234514,6.006376929874853,5,Sample 3,Cell type 2
5672,-4.448503485443688,-0.9480740068562905,0,Sample 1,Cell type 1
5673,-4.360136028616858,0.3998369803374358,0,Sample 1,Cell type 1
5674,-4.77555468466032,1.419707951787127,0,Sample 1,Cell type 1
5675,-4.285161788340355,-1.1288604808523246,0,Sample 1,Cell type 1
5676,7.980787076137207,-0.6540677143938174,3,Sample 1,Cell type 2
5677,7.4798075532174835,-0.052155487586445816,3,Sample 1,Cell type 2
5678,-4.669441417938794,1.6543653091156103,0,Sample 1,Cell type 1
5679,-4.960757798264791,1.5255459363876778,0,Sample 1,Cell type 1
5680,-4.10304257301907,-9.007421217212013,2,Sample 3,Cell type 1
5681,7.348529619145522,0.5391929986772352,3,Sample 1,Cell type 2
5682,-0.34874218341489066,7.641253997882945,5,Sample 3,Cell type 2
5683,-2.9812810037598907,-6.7345256898620605,2,Sample 3,Cell type 1
5684,0.29755193498136534,6.491185042749015,5,Sample 3,Cell type 2
5685,2.4385424130121383,-7.237081271607553,4,Sample 2,Cell type 2
5686,8.409755761518282,3.176149668813436,3,Sample 1,Cell type 2
5687,-0.20022740710043885,1.8421759761476022,1,Sample 2,Cell type 1
5688,4.231162138843109,-7.857736417028365,4,Sample 2,Cell type 2
5689,7.674103717492616,1.1788786524901809,3,Sample 1,Cell type 2
5690,3.1041431230348184,-6.328578442315465,4,Sample 2,Cell type 2
5691,6.479921083536639,0.3149313437244533,3,Sample 1,Cell type 2
5692,-4.078343726769684,0.5332742542810648,0,Sample 1,Cell type 1
5693,-1.7483135142936659,9.123652833190093,5,Sample 3,Cell type 2
5694,-3.047515688211404,-6.466722723414015,2,Sample 3,Cell type 1
5695,6.287471474176786,-0.8089198292194538,3,Sample 1,Cell type 2
5696,3.2483489802384957,-6.2817180562045944,4,Sample 2,Cell type 2
5697,1.933701394437374,-7.636036091535705,4,Sample 2,Cell type 2
5698,-4.389866715794658,-0.4391202673311324,0,Sample 1,Cell type 1
5699,7.605936676614863,-1.5045851459953503,3,Sample 1,Cell type 2
5700,0.9192449658864587,1.8795984955829326,1,Sample 2,Cell type 1
5701,-4.403406858199329,1.0561264717367924,0,Sample 1,Cell type 1
5702,0.662059797521172,1.603619017893954,1,Sample 2,Cell type 1
5703,7.256665740777788,-1.2508021288734021,3,Sample 1,Cell type 2
5704,-0.09062628553545932,6.1483175595269834,5,Sample 3,Cell type 2
5705,-0.4895850720354153,7.384638440923718,5,Sample 3,Cell type 2
5706,-0.25391244882396147,6.432222840384932,5,Sample 3,Cell type 2
5707,0.8297427402068551,7.766268943086389,5,Sample 3,Cell type 2
5708,-5.901458008905424,-0.25299026359735943,0,Sample 1,Cell type 1
5709,-0.28860086300147253,1.6156902203210899,1,Sample 2,Cell type 1
5710,2.9517102103306048,-7.025934941429761,4,Sample 2,Cell type 2
5711,-2.2838147404483995,-5.8721804577085805,2,Sample 3,Cell type 1
5712,-2.242045267336314,8.095051143248153,5,Sample 3,Cell type 2
5713,-5.031240592734719,-1.0518102338575788,0,Sample 1,Cell type 1
5714,-2.5904281485145346,-7.051651632701388,2,Sample 3,Cell type 1
5715,7.843217551122256,1.2289738162736392,3,Sample 1,Cell type 2
5716,-4.205201200567557,-0.07005347731152184,0,Sample 1,Cell type 1
5717,-4.033731425126205,-0.9238637694699542,0,Sample 1,Cell type 1
5718,7.448342282591885,-0.0457207097575802,3,Sample 1,Cell type 2
5719,0.1546554058141781,0.4979260979863053,1,Sample 2,Cell type 1
5720,-2.4239333717662053,-7.642226202916458,2,Sample 3,Cell type 1
5721,1.520175930571292,-6.49467463315648,4,Sample 2,Cell type 2
5722,-2.360955700964274,-7.302897330890356,2,Sample 3,Cell type 1
5723,-0.47493127072854513,5.985443028663763,5,Sample 3,Cell type 2
5724,6.8518091810938895,-1.0130894710205265,3,Sample 1,Cell type 2
5725,-0.5023199336917056,7.894940857892841,5,Sample 3,Cell type 2
5726,-0.08918487021714211,-0.5425385902055655,1,Sample 2,Cell type 1
5727,-5.118131270383074,0.0691666946628914,0,Sample 1,Cell type 1
5728,-2.400518214273454,-7.563683748564706,2,Sample 3,Cell type 1
5729,1.129144782243537,-7.478270261024583,4,Sample 2,Cell type 2
5730,7.583139112475932,-1.408159914602224,3,Sample 1,Cell type 2
5731,8.686377360510622,-1.2223574293298343,3,Sample 1,Cell type 2
5732,0.16579550657708414,7.548956248598779,5,Sample 3,Cell type 2
5733,7.445012242794719,-0.6739198164180484,3,Sample 1,Cell type 2
5734,-0.2788604112276658,7.7066139269140495,5,Sample 3,Cell type 2
5735,5.50328703064401,2.1769000013821174,3,Sample 1,Cell type 2
5736,-2.963304407423268,-6.780822816232289,2,Sample 3,Cell type 1
5737,5.003566554059475,-0.16165774926506993,3,Sample 1,Cell type 2
5738,-4.827155795158972,-0.27820481778225126,0,Sample 1,Cell type 1
5739,7.127918606427203,0.029156592315220855,3,Sample 1,Cell type 2
5740,-3.0802699628093597,-1.7568790195702517,0,Sample 1,Cell type 1
5741,1.10898381367252,7.393635406761701,5,Sample 3,Cell type 2
5742,2.7140465866825023,-6.568337212403584,4,Sample 2,Cell type 2
5743,-1.565254537712065,-6.916157496070232,2,Sample 3,Cell type 1
5744,-0.5024072361580059,7.551542789502389,5,Sample 3,Cell type 2
5745,4.182159853310434,-7.678868319346428,4,Sample 2,Cell type 2
5746,6.664602029386784,1.1190854502926324,3,Sample 1,Cell type 2
5747,-5.5190941975114995,0.6798521032431805,0,Sample 1,Cell type 1
5748,-2.612656985544848,-6.2378061065035775,2,Sample 3,Cell type 1
5749,6.6017148350078685,-1.5788563675402492,3,Sample 1,Cell type 2
5750,3.0746889855408392,-5.472138598261593,4,Sample 2,Cell type 2
5751,-5.401863456860319,0.7707589148911251,0,Sample 1,Cell type 1
5752,-6.113255639790274,-1.1884109517758488,0,Sample 1,Cell type 1
5753,-1.418678097094121,7.355281650197194,5,Sample 3,Cell type 2
5754,-3.6887905198395856,-6.30573838458661,2,Sample 3,Cell type 1
5755,-0.3756301322445759,-0.2655809228141157,1,Sample 2,Cell type 1
5756,-0.8296738318127819,-0.9035616348733486,1,Sample 2,Cell type 1
5757,8.669234838492901,0.6007932723329962,3,Sample 1,Cell type 2
5758,-4.995280670253635,0.04228253438826785,0,Sample 1,Cell type 1
5759,2.095982451418294,-7.365499321321063,4,Sample 2,Cell type 2
5760,-4.586025071354795,-0.6099438327768956,0,Sample 1,Cell type 1
5761,-0.09718531741134917,6.898316989204051,5,Sample 3,Cell type 2
5762,-2.4884542208106835,-6.56815566816985,2,Sample 3,Cell type 1
5763,-0.6461270016728416,-0.20747216266222573,1,Sample 2,Cell type 1
5764,-5.036142155579909,-1.2876975919062434,0,Sample 1,Cell type 1
5765,-3.29043692754112,-6.910101741031708,2,Sample 3,Cell type 1
5766,-5.327250990992471,-0.051251061348960715,0,Sample 1,Cell type 1
5767,7.209261868104294,-0.33051330071935725,3,Sample 1,Cell type 2
5768,1.5014900000984022,-5.458559729851355,4,Sample 2,Cell type 2
5769,-1.7163280198704371,-6.146068213175542,2,Sample 3,Cell type 1
5770,6.689596384759776,1.2775101127180553,3,Sample 1,Cell type 2
5771,-2.022076514595211,-6.866010876474078,2,Sample 3,Cell type 1
5772,2.826204893435074,-7.45890455757907,4,Sample 2,Cell type 2
5773,-1.0970897339527954,-8.37741526876904,2,Sample 3,Cell type 1
5774,-6.595729221386193,1.1357293506425925,0,Sample 1,Cell type 1
5775,7.306916101933833,-3.240976594013566,3,Sample 1,Cell type 2
5776,-3.5949227237221386,-8.009377132682525,2,Sample 3,Cell type 1
5777,0.5389149506057193,0.6015064398462727,1,Sample 2,Cell type 1
5778,-3.4631724066048983,-5.452863448442361,2,Sample 3,Cell type 1
5779,0.36197804242111614,7.223690594607088,5,Sample 3,Cell type 2
5780,2.0443047708805167,-0.3639576808655651,1,Sample 2,Cell type 1
5781,-2.3296045234368634,-6.732480153957888,2,Sample 3,Cell type 1
5782,7.737829287246605,-0.03630051919263938,3,Sample 1,Cell type 2
5783,-2.8526890888481797,-7.915987878169258,2,Sample 3,Cell type 1
5784,0.974421948498366,-0.42401218663609075,1,Sample 2,Cell type 1
5785,7.111689919896103,-1.908078493608157,3,Sample 1,Cell type 2
5786,8.42722472457261,-0.3420331616604183,3,Sample 1,Cell type 2
5787,3.0521141491046535,-7.029253503751921,4,Sample 2,Cell type 2
5788,1.1430792227294073,8.165506434944577,5,Sample 3,Cell type 2
5789,-1.0208126417915238,-6.647984910760546,2,Sample 3,Cell type 1
5790,0.8050129587946161,7.300937272185969,5,Sample 3,Cell type 2
5791,1.6675667658526536,-6.758101789766223,4,Sample 2,Cell type 2
5792,7.489160802336062,-1.0086908856266248,3,Sample 1,Cell type 2
5793,1.1582525575047773,6.887906368282219,5,Sample 3,Cell type 2
5794,6.205151909048817,-0.20273637824221824,3,Sample 1,Cell type 2
5795,-5.35258233413944,-0.8301691660486523,0,Sample 1,Cell type 1
5796,-2.375219334660924,-7.977513669263269,2,Sample 3,Cell type 1
5797,8.03309659231201,0.08938243345621466,3,Sample 1,Cell type 2
5798,2.209149100867764,-6.758068879229061,4,Sample 2,Cell type 2
5799,0.016049029076781775,7.033810172836527,5,Sample 3,Cell type 2
5800,-1.2593793800915727,-7.604360986282491,2,Sample 3,Cell type 1
5801,-1.2022494947782991,-7.461136816609025,2,Sample 3,Cell type 1
5802,7.628691571328295,-1.5534095568000899,3,Sample 1,Cell type 2
5803,-0.05030681995223596,6.929268283628063,5,Sample 3,Cell type 2
5804,-0.16356018385431528,6.152756662474661,5,Sample 3,Cell type 2
5805,-4.709149057233697,-0.13284232766880183,0,Sample 1,Cell type 1
5806,-0.5145714377604552,0.2993467592917778,1,Sample 2,Cell type 1
5807,-4.889596715604684,1.4622106126226047,0,Sample 1,Cell type 1
5808,-2.8495122444710423,-7.2750571999614815,2,Sample 3,Cell type 1
5809,-7.385872827553711,0.9823561667302156,0,Sample 1,Cell type 1
5810,-1.1065456419372792,6.6292690890526424,5,Sample 3,Cell type 2
5811,-3.9688133965237755,-7.81445304964426,2,Sample 3,Cell type 1
5812,-5.283742320176311,0.6830722984439407,0,Sample 1,Cell type 1
5813,0.09530500780371082,0.5259716824252358,1,Sample 2,Cell type 1
5814,-3.3359395145491892,1.0139085265929817,0,Sample 1,Cell type 1
5815,-0.21839981528441027,9.322262708821697,5,Sample 3,Cell type 2
5816,8.015200775539592,0.3573420028941599,3,Sample 1,Cell type 2
5817,0.38548502313771377,0.06944084659594507,1,Sample 2,Cell type 1
5818,-3.190177634204097,-6.938734957676241,2,Sample 3,Cell type 1
5819,-0.017334341760955177,-0.2366017462874409,1,Sample 2,Cell type 1
5820,10.14186558574962,-0.925131388509665,3,Sample 1,Cell type 2
5821,2.5147368177381644,-7.888248462851401,4,Sample 2,Cell type 2
5822,-3.3985967675890465,-5.539068978524751,2,Sample 3,Cell type 1
5823,6.289198061326283,-0.25304763821810156,3,Sample 1,Cell type 2
5824,-2.1085530654688913,-7.354588013118809,2,Sample 3,Cell type 1
5825,-3.6698953597326356,-0.4664431964462827,0,Sample 1,Cell type 1
5826,-6.239902431161382,-0.8440425359236106,0,Sample 1,Cell type 1
5827,0.7987535706726534,0.68476198888033,1,Sample 2,Cell type 1
5828,0.2061672193851323,0.9668862114440052,1,Sample 2,Cell type 1
5829,0.8068497031801494,4.533616220168562,5,Sample 3,Cell type 2
5830,6.767041631298309,1.3507587272523405,3,Sample 1,Cell type 2
5831,0.5776911553299923,6.655214570956185,5,Sample 3,Cell type 2
5832,2.118678354780392,-7.440240557665795,4,Sample 2,Cell type 2
5833,2.719688599152148,-6.753480021837539,4,Sample 2,Cell type 2
5834,0.4550303176522872,1.3402017974954608,1,Sample 2,Cell type 1
5835,-7.35777059368077,0.7397122539377015,0,Sample 1,Cell type 1
5836,8.8884627305518,0.2191275694230932,3,Sample 1,Cell type 2
5837,7.280374483045979,0.2652473276120714,3,Sample 1,Cell type 2
5838,6.399101792944263,1.282164958869519,3,Sample 1,Cell type 2
5839,0.13454308322599706,-7.894919559067786,2,Sample 3,Cell type 1
5840,6.927398658613264,-0.5085544261960733,3,Sample 1,Cell type 2
5841,-3.7490816954102217,-6.31252568352992,2,Sample 3,Cell type 1
5842,2.326226133394049,-6.054712402951281,4,Sample 2,Cell type 2
5843,-1.9186986217516968,-7.989140276399385,2,Sample 3,Cell type 1
5844,7.639639808578821,-0.3584547301882937,3,Sample 1,Cell type 2
5845,-3.4457325338899354,-0.3596725670531421,0,Sample 1,Cell type 1
5846,-4.692419621800557,1.6885537552942977,0,Sample 1,Cell type 1
5847,7.447151615605834,0.4018828562466404,3,Sample 1,Cell type 2
5848,-2.7648182550728118,-5.779074952754816,2,Sample 3,Cell type 1
5849,2.212083449797378,-5.748249806641021,4,Sample 2,Cell type 2
5850,0.8563947935166385,-0.9190462118042703,1,Sample 2,Cell type 1
5851,-5.2329164564003925,1.4387824534542453,0,Sample 1,Cell type 1
5852,-3.277144244468441,-7.028083140045176,2,Sample 3,Cell type 1
5853,8.599165451116633,0.1205625425222118,3,Sample 1,Cell type 2
5854,-0.9939724484627288,-7.530507159944847,2,Sample 3,Cell type 1
5855,-4.138684250021814,-7.635196134785828,2,Sample 3,Cell type 1
5856,-3.0657888745671134,-7.24976225697421,2,Sample 3,Cell type 1
5857,8.198605654251695,-0.43554010045610975,3,Sample 1,Cell type 2
5858,-4.025253881142251,0.9484218468314127,0,Sample 1,Cell type 1
5859,1.9068785560062964,-5.804218229609821,4,Sample 2,Cell type 2
5860,6.692106553252452,-0.5737386913425105,3,Sample 1,Cell type 2
5861,-3.5308298264615283,-1.2871272401645695,0,Sample 1,Cell type 1
5862,-4.510759860865011,-0.33355289887749534,0,Sample 1,Cell type 1
5863,0.44657926862698466,-0.4817850413108931,1,Sample 2,Cell type 1
5864,-6.174022550454368,0.6027052939470346,0,Sample 1,Cell type 1
5865,0.13442713404407,0.3277262664491952,1,Sample 2,Cell type 1
5866,-0.5643457609026156,8.086752875456728,5,Sample 3,Cell type 2
5867,-2.6585011905638765,-6.925311323068741,2,Sample 3,Cell type 1
5868,6.3230010913671055,-0.3105936871372711,3,Sample 1,Cell type 2
5869,6.979386244011302,-0.06974486990368914,3,Sample 1,Cell type 2
5870,7.955002067893507,0.39261213432094955,3,Sample 1,Cell type 2
5871,-1.9765150389899517,-0.1459115779318726,1,Sample 2,Cell type 1
5872,-1.8952498529669524,-6.654218135194693,2,Sample 3,Cell type 1
5873,-3.0417499977416593,-7.56990825704348,2,Sample 3,Cell type 1
5874,2.3037949319909883,-7.0281352727388215,4,Sample 2,Cell type 2
5875,0.34123780685351174,1.1071999580857088,1,Sample 2,Cell type 1
5876,0.9176120110101083,-7.226006051178197,4,Sample 2,Cell type 2
5877,-1.9677020634233306,-6.387801675570978,2,Sample 3,Cell type 1
5878,6.265128731457347,1.0619479170346178,3,Sample 1,Cell type 2
5879,0.0070921662252553365,-0.29304994693365327,1,Sample 2,Cell type 1
5880,1.9892974468944835,-5.378624432951033,4,Sample 2,Cell type 2
5881,6.316102823655139,1.178499691262383,3,Sample 1,Cell type 2
5882,0.8013448471678076,0.5176845144959097,1,Sample 2,Cell type 1
5883,-0.25106663729862766,-0.25178415164625095,1,Sample 2,Cell type 1
5884,6.436216203538603,0.8963763109618011,3,Sample 1,Cell type 2
5885,8.116761076239872,1.2618083933272097,3,Sample 1,Cell type 2
5886,8.461913089254864,-1.1573997358648442,3,Sample 1,Cell type 2
5887,2.8919916870931277,-6.8501632546805675,4,Sample 2,Cell type 2
5888,-5.352897337818942,-1.3171634533189067,0,Sample 1,Cell type 1
5889,-0.1829864568757561,8.009982999964032,5,Sample 3,Cell type 2
5890,-2.229007272390286,1.0076174202911192,0,Sample 1,Cell type 1
5891,-3.110778755164693,-7.286413774968358,2,Sample 3,Cell type 1
5892,-0.9940066450694965,7.390187449425277,5,Sample 3,Cell type 2
5893,0.9695643057141236,6.98392406060104,5,Sample 3,Cell type 2
5894,6.355606331196944,-1.037775898565804,3,Sample 1,Cell type 2
5895,9.460705956592495,0.1749001170044099,3,Sample 1,Cell type 2
5896,3.4197664990103274,-6.809911540697989,4,Sample 2,Cell type 2
5897,2.1958870202869516,7.271118232082252,5,Sample 3,Cell type 2
5898,-3.457798006135614,-7.008860327785345,2,Sample 3,Cell type 1
5899,-0.2518293081393055,-0.8680840154191722,1,Sample 2,Cell type 1
5900,0.23197728612847562,-1.117584517933462,1,Sample 2,Cell type 1
5901,2.9230122951219952,-6.9069562034091145,4,Sample 2,Cell type 2
5902,-3.448451945827911,-6.614967044362387,2,Sample 3,Cell type 1
5903,8.97506447483985,0.8172203962825721,3,Sample 1,Cell type 2
5904,1.8639978063341736,-6.352360452137598,4,Sample 2,Cell type 2
5905,-2.2358162230282237,-6.7755240810834625,2,Sample 3,Cell type 1
5906,-3.6413231244777813,-7.151433221038787,2,Sample 3,Cell type 1
5907,3.028351781135082,-6.994106207975915,4,Sample 2,Cell type 2
5908,1.3067339690832498,6.147222333125099,5,Sample 3,Cell type 2
5909,0.5446197141830544,6.7477455582305375,5,Sample 3,Cell type 2
5910,-0.8245727239331182,-0.7486399874074002,1,Sample 2,Cell type 1
5911,0.5391807833374281,7.158106341242601,5,Sample 3,Cell type 2
5912,0.4726523819359516,4.850321683770082,5,Sample 3,Cell type 2
5913,3.345061460411366,-8.376796672098402,4,Sample 2,Cell type 2
5914,-1.1241269345131824,-7.07294136824957,2,Sample 3,Cell type 1
5915,0.10854769285222077,7.596076206983171,5,Sample 3,Cell type 2
5916,8.397353420808278,1.0146150804199368,3,Sample 1,Cell type 2
5917,6.357638005281206,1.3825410955694508,3,Sample 1,Cell type 2
5918,6.99889910444097,0.029374953021784278,3,Sample 1,Cell type 2
5919,1.3574796738727954,6.09975652950089,5,Sample 3,Cell type 2
5920,5.4428004799545455,-0.7043322262933199,3,Sample 1,Cell type 2
5921,-5.905888308751677,1.025890705016141,0,Sample 1,Cell type 1
5922,6.610920680874205,0.6507341456218775,3,Sample 1,Cell type 2
5923,2.372503631314981,-6.727909389686553,4,Sample 2,Cell type 2
5924,-0.6584685650176753,1.7013966166402044,1,Sample 2,Cell type 1
5925,3.247145235111674,-6.6644419762097575,4,Sample 2,Cell type 2
5926,-4.977940843166952,0.4481984621209048,0,Sample 1,Cell type 1
5927,2.662274546203753,-7.860522132662686,4,Sample 2,Cell type 2
5928,2.223478396904442,-5.767814875513434,4,Sample 2,Cell type 2
5929,-0.05559845604350463,7.147085038347518,5,Sample 3,Cell type 2
5930,9.43124243256884,-1.3904423299380604,3,Sample 1,Cell type 2
5931,-1.717026802089652,-0.7743465097015517,1,Sample 2,Cell type 1
5932,-5.736398614910125,1.8831485481169143,0,Sample 1,Cell type 1
5933,0.6248937430343691,9.315477150320026,5,Sample 3,Cell type 2
5934,3.3578586288964187,-6.289832318740081,4,Sample 2,Cell type 2
5935,2.0356171095858286,-6.624814243668964,4,Sample 2,Cell type 2
5936,-1.440813580628864,-0.7456473223022214,1,Sample 2,Cell type 1
5937,-2.9388700788594666,-8.292628478435306,2,Sample 3,Cell type 1
5938,-5.845401854436879,-0.12967880014945393,0,Sample 1,Cell type 1
5939,8.679545321532117,1.0539917745026035,3,Sample 1,Cell type 2
5940,3.9671169683869696,-6.666693759404039,4,Sample 2,Cell type 2
5941,-0.39496499143035435,5.974844643145284,5,Sample 3,Cell type 2
5942,-4.820846273983877,-0.5401951894429152,0,Sample 1,Cell type 1
5943,-2.311419192763485,-7.982462654943192,2,Sample 3,Cell type 1
5944,-5.868431114522094,0.6174463139985954,0,Sample 1,Cell type 1
5945,2.781540013090162,-6.483609601088289,4,Sample 2,Cell type 2
5946,2.8629696437501417,-8.643092196098147,4,Sample 2,Cell type 2
5947,6.943655596184735,0.808660534096408,3,Sample 1,Cell type 2
5948,1.8237890773569667,-5.631917433108009,4,Sample 2,Cell type 2
5949,6.779698134451227,-0.44908853038120067,3,Sample 1,Cell type 2
5950,3.951581533636415,-6.148043522502607,4,Sample 2,Cell type 2
5951,8.918288228551772,-0.04301932534631083,3,Sample 1,Cell type 2
5952,6.8633044096690305,1.9888700991736177,3,Sample 1,Cell type 2
5953,-2.061425286659505,-6.035263121309383,2,Sample 3,Cell type 1
5954,1.7221432642535177,-5.977941473057672,4,Sample 2,Cell type 2
5955,7.8353833678320495,0.14984381440361205,3,Sample 1,Cell type 2
5956,-4.652760583881721,-6.23970306179647,2,Sample 3,Cell type 1
5957,2.116763801470104,-8.491429226619074,4,Sample 2,Cell type 2
5958,-4.249470060905987,0.413262071305593,0,Sample 1,Cell type 1
5959,0.5364733447192384,6.144905887768916,5,Sample 3,Cell type 2
5960,-4.905162044468636,-1.200622945426384,0,Sample 1,Cell type 1
5961,4.841175952882172,-0.5775544292869165,3,Sample 1,Cell type 2
5962,-2.6577650769136114,-6.640614158452782,2,Sample 3,Cell type 1
5963,-4.280052288252155,-1.454679547592929,0,Sample 1,Cell type 1
5964,-4.549174531138057,-0.8797997203186959,0,Sample 1,Cell type 1
5965,-3.304371417175343,-7.349168472016707,2,Sample 3,Cell type 1
5966,-4.742721148347585,0.3010111109883225,0,Sample 1,Cell type 1
5967,-0.6401879194919113,7.535618067322392,5,Sample 3,Cell type 2
5968,7.240884530818872,0.22053479788386532,3,Sample 1,Cell type 2
5969,-6.152386417246655,1.5793147637859282,0,Sample 1,Cell type 1
5970,-6.303275907347592,-1.2667173969388998,0,Sample 1,Cell type 1
5971,-3.541404956841944,-8.199815519300026,2,Sample 3,Cell type 1
5972,-6.262344744619725,1.5746190688682455,0,Sample 1,Cell type 1
5973,1.026707220407227,7.263707926532789,5,Sample 3,Cell type 2
5974,-6.523661132775847,-0.0885056641152749,0,Sample 1,Cell type 1
5975,-2.942761214382535,-5.80474879991173,2,Sample 3,Cell type 1
5976,0.4302340336730551,5.704352682281055,5,Sample 3,Cell type 2
5977,-6.87373646709535,1.5268107314610344,0,Sample 1,Cell type 1
5978,1.3038931264988964,-7.6680952115889145,4,Sample 2,Cell type 2
5979,0.3930646965601586,0.3638652794655279,1,Sample 2,Cell type 1
5980,1.1373360098892018,-0.7616843797191623,1,Sample 2,Cell type 1
5981,1.3447277075401425,7.181255102843753,5,Sample 3,Cell type 2
5982,3.072897886185938,-4.90965169726351,4,Sample 2,Cell type 2
5983,7.895507421412192,1.1411644383927801,3,Sample 1,Cell type 2
5984,7.5308446327802,-1.5127834133143083,3,Sample 1,Cell type 2
5985,-6.502464753009234,0.4890241731419416,0,Sample 1,Cell type 1
5986,-4.471828615579756,1.9714100632289808,0,Sample 1,Cell type 1
5987,-1.4731216778797125,9.271035998259602,5,Sample 3,Cell type 2
5988,-0.4616768195710306,6.600830560146597,5,Sample 3,Cell type 2
5989,8.945057849308606,-1.8726664728518805,3,Sample 1,Cell type 2
5990,0.7045863614537152,-0.3880130126175892,1,Sample 2,Cell type 1
5991,1.133309915808119,1.031796783360655,1,Sample 2,Cell type 1
5992,1.358027004840213,8.006504323113816,5,Sample 3,Cell type 2
5993,1.1022682499441614,-8.263202766607296,4,Sample 2,Cell type 2
5994,-5.398954026072359,-0.7963224426242108,0,Sample 1,Cell type 1
5995,-3.0497718758245593,-6.545965069255285,2,Sample 3,Cell type 1
5996,-0.1255016481128996,-0.4051703383662704,1,Sample 2,Cell type 1
5997,6.1609244668584395,-1.0126674915580456,3,Sample 1,Cell type 2
5998,0.493995451785628,-0.22946021419832807,1,Sample 2,Cell type 1
5999,2.6870744509603726,-6.880662095176509,4,Sample 2,Cell type 2
