,X,Y,group,sample,cell_type
0,2.6470676130580033,5.386067327960994,1,Sample 1,Cell type 2
1,-0.994380402819973,2.690840092309956,0,Sample 1,Cell type 1
2,-3.6346925863464254,-3.521617623961552,0,Sample 1,Cell type 1
3,3.5109653421237352,-1.6926319549314717,1,Sample 1,Cell type 2
4,-3.0214688862417276,0.09479734263282803,0,Sample 1,Cell type 1
5,2.557002999928714,-2.5870152504081916,1,Sample 1,Cell type 2
6,-2.522011924040509,3.544503193339488,0,Sample 1,Cell type 1
7,2.614439015903162,1.6992239770324264,1,Sample 1,Cell type 2
8,3.331289429936215,-0.15152857307091977,1,Sample 1,Cell type 2
9,3.309170428326685,2.682951831061762,1,Sample 1,Cell type 2
10,-2.053338469982622,0.152010782824823,0,Sample 1,Cell type 1
11,-2.205061352901679,-0.7866776246547214,0,Sample 1,Cell type 1
12,3.7503110148065586,-0.5479861636586084,1,Sample 1,Cell type 2
13,-2.9138307600802977,2.81869488037116,0,Sample 1,Cell type 1
14,1.9600527849675582,-0.8061519781300617,1,Sample 1,Cell type 2
15,2.2349532934533416,-1.2244734690155008,1,Sample 1,Cell type 2
16,2.1055017420801825,2.8872640069376283,1,Sample 1,Cell type 2
17,1.69822638485862,-1.5048704747060702,1,Sample 1,Cell type 2
18,-1.8671744423655623,-1.8187749095894779,0,Sample 1,Cell type 1
19,2.9086336708220757,2.0611611712481146,1,Sample 1,Cell type 2
20,2.9044713934687,2.978226216656579,1,Sample 1,Cell type 2
21,2.5814850362095894,3.0980403029903747,1,Sample 1,Cell type 2
22,2.0985726457507745,-2.7449310957682016,1,Sample 1,Cell type 2
23,-1.7244342395786105,0.8543887237433698,0,Sample 1,Cell type 1
24,-2.919616213023819,0.9787491224558362,0,Sample 1,Cell type 1
25,-3.8467505537767606,-1.6117401329923775,0,Sample 1,Cell type 1
26,2.2133278783830224,-1.2950836112703183,1,Sample 1,Cell type 2
27,-3.06672541352837,-3.0274287852256543,0,Sample 1,Cell type 1
28,3.5603456872760626,-2.8136300189950765,1,Sample 1,Cell type 2
29,-0.9923309552523127,3.086487056544378,0,Sample 1,Cell type 1
30,-2.4457155915780775,1.705547350244439,0,Sample 1,Cell type 1
31,1.9249340899130156,1.4900106257545622,1,Sample 1,Cell type 2
32,3.384720339485847,-1.1278949761164865,1,Sample 1,Cell type 2
33,-2.999015168556644,3.8280627077335727,0,Sample 1,Cell type 1
34,-2.6873226997786688,-0.4682739138983611,0,Sample 1,Cell type 1
35,-2.767820265685233,-0.8072969264839935,0,Sample 1,Cell type 1
36,0.5489462733788566,-0.2685583243726083,1,Sample 1,Cell type 2
37,2.7372604361126096,0.9263695905351694,1,Sample 1,Cell type 2
38,2.9022275415161554,3.5927216458539273,1,Sample 1,Cell type 2
39,2.450588640111897,0.9588830361721279,1,Sample 1,Cell type 2
40,-1.061850778520382,1.2816857225340197,0,Sample 1,Cell type 1
41,2.6677275322197005,-0.9832723712640947,1,Sample 1,Cell type 2
42,2.48892980312461,-1.3794555481283477,1,Sample 1,Cell type 2
43,-2.4218591211609346,-1.5460195677109332,0,Sample 1,Cell type 1
44,2.839253489214761,0.07889409648147898,1,Sample 1,Cell type 2
45,-3.130227001526591,-1.2416951965022323,0,Sample 1,Cell type 1
46,1.6181662801308612,1.3627190208858961,1,Sample 1,Cell type 2
47,-2.013682792226769,0.3732182463127162,0,Sample 1,Cell type 1
48,-2.032857451739229,-0.7185841815741191,0,Sample 1,Cell type 1
49,2.093487841882151,-0.29556063763494306,1,Sample 1,Cell type 2
50,-2.9228933453998054,1.1727280375101865,0,Sample 1,Cell type 1
51,-2.984492431789491,3.652019427093873,0,Sample 1,Cell type 1
52,3.7624944460497476,1.9708993712304368,1,Sample 1,Cell type 2
53,-2.2578916278087733,-1.508551700038716,0,Sample 1,Cell type 1
54,4.317159796338236,-0.8087948463679226,1,Sample 1,Cell type 2
55,-1.9138879382275364,-0.16143316021716464,0,Sample 1,Cell type 1
56,2.8974988724060777,2.1395429099677004,1,Sample 1,Cell type 2
57,-2.2537585848863526,-3.4203367853132516,0,Sample 1,Cell type 1
58,1.8599691484818828,-0.1270491492307102,1,Sample 1,Cell type 2
59,-4.4393922082183535,1.7680907927220995,0,Sample 1,Cell type 1
60,-1.0876366077751225,0.8099634219219111,0,Sample 1,Cell type 1
61,4.023309271658405,3.251917830724127,1,Sample 1,Cell type 2
62,-1.1863878718909047,2.0196341786852683,0,Sample 1,Cell type 1
63,2.5576294890269957,-0.4244179398023034,1,Sample 1,Cell type 2
64,-3.388460676372663,3.5045408868472454,0,Sample 1,Cell type 1
65,-3.1073061292429585,0.30078757295241526,0,Sample 1,Cell type 1
66,-3.2595191110655546,5.264764129674782,0,Sample 1,Cell type 1
67,2.228702176583969,0.7401222305379107,1,Sample 1,Cell type 2
68,2.873236249160102,2.6924515124054964,1,Sample 1,Cell type 2
69,-2.517093835478749,-1.4944233582956468,0,Sample 1,Cell type 1
70,-1.5991597993822655,-0.10278744717697248,0,Sample 1,Cell type 1
71,2.7576658486135885,-0.022184007897204122,1,Sample 1,Cell type 2
72,1.4980852444695048,0.7272637652499357,1,Sample 1,Cell type 2
73,-2.879956248928765,-1.3066584651474238,0,Sample 1,Cell type 1
74,3.0327394016435694,0.8431732212289114,1,Sample 1,Cell type 2
75,-3.0876732614384395,-1.620504874028762,0,Sample 1,Cell type 1
76,2.080346388986359,2.7044053577342893,1,Sample 1,Cell type 2
77,3.891081081482665,-0.6424855322358235,1,Sample 1,Cell type 2
78,-2.387291002471037,-3.5368787311257033,0,Sample 1,Cell type 1
79,3.03638449379297,-2.143714466080311,1,Sample 1,Cell type 2
80,-1.9890158223766523,-2.286009825460967,0,Sample 1,Cell type 1
81,-1.7514572854820312,2.5431101899883175,0,Sample 1,Cell type 1
82,-2.121409900341164,-0.14565782531374555,0,Sample 1,Cell type 1
83,-2.356084679077217,2.7840045726891987,0,Sample 1,Cell type 1
84,-1.6819436543922879,4.879504812678546,0,Sample 1,Cell type 1
85,-1.1676204444299385,2.028740130036261,0,Sample 1,Cell type 1
86,1.5590613307561756,0.9751205941734373,1,Sample 1,Cell type 2
87,2.3797436317825023,-0.6533924263727281,1,Sample 1,Cell type 2
88,2.8553586618325375,2.2026459154715243,1,Sample 1,Cell type 2
89,3.020360074028911,-3.0061606035196364,1,Sample 1,Cell type 2
90,-1.542694810683479,-1.2195658086387646,0,Sample 1,Cell type 1
91,2.811182983481747,0.5029472178810241,1,Sample 1,Cell type 2
92,-2.2429142276397815,0.8438415084705696,0,Sample 1,Cell type 1
93,2.1708587143071982,2.3078014685114945,1,Sample 1,Cell type 2
94,2.2371052194008123,1.2063748621646861,1,Sample 1,Cell type 2
95,-2.1696548365795003,-1.1274491056079494,0,Sample 1,Cell type 1
96,-2.2651536542666966,-2.71316360924681,0,Sample 1,Cell type 1
97,2.337980618348136,-1.0565940933259583,1,Sample 1,Cell type 2
98,-1.8414635328304683,0.14663593437680777,0,Sample 1,Cell type 1
99,2.548068795692131,0.7766240108468992,1,Sample 1,Cell type 2
100,-2.132022285648707,-1.3554307395042122,0,Sample 1,Cell type 1
101,2.875414071846821,-3.071144246414212,1,Sample 1,Cell type 2
102,-2.695325308232519,1.9281743365767146,0,Sample 1,Cell type 1
103,2.350483073470412,-3.2609464874302807,1,Sample 1,Cell type 2
104,-1.6699680445936806,-1.020032797709494,0,Sample 1,Cell type 1
105,3.1201243952278266,1.106080171704717,1,Sample 1,Cell type 2
106,2.0136997914593455,-1.0782454062979572,1,Sample 1,Cell type 2
107,-3.279745336181857,1.5741692074849043,0,Sample 1,Cell type 1
108,1.7384652319822114,0.15496103703772507,1,Sample 1,Cell type 2
109,1.0791905967612783,2.127881975121712,1,Sample 1,Cell type 2
110,-2.7562778465554563,0.8483318928038329,0,Sample 1,Cell type 1
111,3.7718711825445475,1.1481424417880026,1,Sample 1,Cell type 2
112,2.3052928164999855,-0.5996763925497611,1,Sample 1,Cell type 2
113,3.126298987958858,-0.8622511391501981,1,Sample 1,Cell type 2
114,-1.150286691941948,1.763279513898901,0,Sample 1,Cell type 1
115,-2.788772932655264,2.318659606728496,0,Sample 1,Cell type 1
116,-3.7743949868253353,0.8809494759207981,0,Sample 1,Cell type 1
117,-1.9424364763914115,-0.6676389795120199,0,Sample 1,Cell type 1
118,-2.2406669180092464,-0.26028610873536917,0,Sample 1,Cell type 1
119,-1.7691322990134004,-1.60635790136069,0,Sample 1,Cell type 1
120,2.693057547933425,-2.302028167239014,1,Sample 1,Cell type 2
121,-1.2475807766125275,-0.1315005221459756,0,Sample 1,Cell type 1
122,-2.214387611227962,-1.3858191905213086,0,Sample 1,Cell type 1
123,1.4203390307587742,-0.8304275358105431,1,Sample 1,Cell type 2
124,3.446794933511942,-2.3560817347527614,1,Sample 1,Cell type 2
125,1.9805015693428591,2.642608064546024,1,Sample 1,Cell type 2
126,2.705759176284742,-0.48133034906042604,1,Sample 1,Cell type 2
127,-2.8716938378387145,0.4023193117456786,0,Sample 1,Cell type 1
128,-2.442747010224486,-0.9553148935302335,0,Sample 1,Cell type 1
129,2.21229626203803,0.6022146783834842,1,Sample 1,Cell type 2
130,2.1337212910540084,-0.3187244642918131,1,Sample 1,Cell type 2
131,-2.8865491698394994,3.1479735265800657,0,Sample 1,Cell type 1
132,-3.20999374224168,-0.874916600646821,0,Sample 1,Cell type 1
133,1.863554345647294,0.8487878757220252,1,Sample 1,Cell type 2
134,3.491667205153249,-0.7924593562035198,1,Sample 1,Cell type 2
135,3.0441728843603597,2.38501502495595,1,Sample 1,Cell type 2
136,2.409497557987408,-2.5984327268916485,1,Sample 1,Cell type 2
137,-3.682817592293942,-1.4396884167894173,0,Sample 1,Cell type 1
138,2.4640855759019704,0.3650020611984268,1,Sample 1,Cell type 2
139,-3.0194220360528057,-2.447880533524513,0,Sample 1,Cell type 1
140,-2.33766158331896,-3.031488229994464,0,Sample 1,Cell type 1
141,-1.675200382003239,1.8625602382323971,0,Sample 1,Cell type 1
142,3.2596756570915906,-0.11883036254498819,1,Sample 1,Cell type 2
143,-1.6134537466099867,-2.0798118542510617,0,Sample 1,Cell type 1
144,1.8403886707778612,-1.2171794464794008,1,Sample 1,Cell type 2
145,2.997655992244839,2.6578666390708197,1,Sample 1,Cell type 2
146,-2.275206505811974,-1.2453990396411876,0,Sample 1,Cell type 1
147,-2.4895984864976746,2.9070681543146337,0,Sample 1,Cell type 1
148,2.3595488436006278,1.3373096095158132,1,Sample 1,Cell type 2
149,-2.1692520774210395,3.7535916251161323,0,Sample 1,Cell type 1
150,-2.1770159277307126,-0.04839121278183234,0,Sample 1,Cell type 1
151,1.4918681878619358,-1.232722816078955,1,Sample 1,Cell type 2
152,3.010928134914482,2.1162366501743004,1,Sample 1,Cell type 2
153,2.2021447576496618,0.8746263740779214,1,Sample 1,Cell type 2
154,1.271967801974112,-3.7600200678155278,1,Sample 1,Cell type 2
155,2.3513233982458024,0.6199979663311102,1,Sample 1,Cell type 2
156,4.85927554024698,2.4893591614735735,1,Sample 1,Cell type 2
157,-2.610764787187019,-2.4485964725787315,0,Sample 1,Cell type 1
158,1.6161097655499839,0.44108285402773373,1,Sample 1,Cell type 2
159,-1.7935121782822727,-0.15567439402560407,0,Sample 1,Cell type 1
160,-2.7908897697710846,-0.11389124744213491,0,Sample 1,Cell type 1
161,-2.5889808490789603,-1.8078152829295795,0,Sample 1,Cell type 1
162,3.012383836160659,-0.3810062119956227,1,Sample 1,Cell type 2
163,4.430092337290333,1.5692085757960479,1,Sample 1,Cell type 2
164,2.3800474247367127,-2.8663036290494244,1,Sample 1,Cell type 2
165,3.177416620173195,-4.254454840702991,1,Sample 1,Cell type 2
166,2.5762753595530468,-0.5268964321644982,1,Sample 1,Cell type 2
167,2.8406749269038634,0.8364115117759442,1,Sample 1,Cell type 2
168,-2.585841715203383,0.8954338516205552,0,Sample 1,Cell type 1
169,1.0771299327947865,0.6393036518379546,1,Sample 1,Cell type 2
170,-3.044019777262793,0.4645073943220071,0,Sample 1,Cell type 1
171,-2.2106911799618927,-1.2902395092102488,0,Sample 1,Cell type 1
172,-2.304959428983041,-1.1281572614734567,0,Sample 1,Cell type 1
173,-2.234989254877149,1.9510902542447184,0,Sample 1,Cell type 1
174,-3.147682815937317,0.8481220889281794,0,Sample 1,Cell type 1
175,2.979035511649528,1.3366809774361619,1,Sample 1,Cell type 2
176,2.779720037839755,-3.1296055427241103,1,Sample 1,Cell type 2
177,1.9060126139692928,-0.9706116707357366,1,Sample 1,Cell type 2
178,0.8479335629949434,0.056915162366317766,1,Sample 1,Cell type 2
179,1.5484704857061375,3.2853459065119273,1,Sample 1,Cell type 2
180,1.8053658144989067,1.0692581722448709,1,Sample 1,Cell type 2
181,2.0153113433928853,3.4387558124145934,1,Sample 1,Cell type 2
182,-1.5735113011999458,1.5833253879258717,0,Sample 1,Cell type 1
183,-2.9892142423935586,-2.813322193696445,0,Sample 1,Cell type 1
184,2.211968584994414,-1.4561541957106425,1,Sample 1,Cell type 2
185,3.032333458953423,3.8824348729274982,1,Sample 1,Cell type 2
186,1.3833686382460118,1.1826984835168006,1,Sample 1,Cell type 2
187,-4.08343984830063,1.4958205122350676,0,Sample 1,Cell type 1
188,-3.2852069208383607,0.9242069485265415,0,Sample 1,Cell type 1
189,-3.3375287861455516,1.0733055050545723,0,Sample 1,Cell type 1
190,-2.2922219986228143,-1.8086332502088174,0,Sample 1,Cell type 1
191,2.84265335390019,0.15431299243543348,1,Sample 1,Cell type 2
192,2.670059224505772,2.0539725266394644,1,Sample 1,Cell type 2
193,1.9344859456101209,1.7111113180414241,1,Sample 1,Cell type 2
194,-2.4464074262201025,1.031878435408199,0,Sample 1,Cell type 1
195,1.604363097293465,-0.7870597119394578,1,Sample 1,Cell type 2
196,-1.6269519035245847,1.218276241814354,0,Sample 1,Cell type 1
197,-2.420278907929887,-1.0069513082323984,0,Sample 1,Cell type 1
198,-1.619232292001143,3.9166949084411877,0,Sample 1,Cell type 1
199,2.3585806695073743,-3.0972365977274934,1,Sample 1,Cell type 2
200,3.2058664498587275,-0.9041806656661608,1,Sample 1,Cell type 2
201,-3.3577112095884853,-5.842700966989215,0,Sample 1,Cell type 1
202,3.280249966782383,1.0312561768879132,1,Sample 1,Cell type 2
203,3.0542860673899495,1.1651426376176106,1,Sample 1,Cell type 2
204,-3.352090930460298,-0.6104494087093353,0,Sample 1,Cell type 1
205,-2.7380508026879937,2.751413626623239,0,Sample 1,Cell type 1
206,-2.5717885554297815,2.8802344308989456,0,Sample 1,Cell type 1
207,-2.1569467997355414,1.3862112145262881,0,Sample 1,Cell type 1
208,-2.8775454926315467,2.177901193934732,0,Sample 1,Cell type 1
209,1.4839511290303744,0.5739117086034174,1,Sample 1,Cell type 2
210,-1.8499793420846415,2.712480057141646,0,Sample 1,Cell type 1
211,-3.8539717037718555,3.059100638921228,0,Sample 1,Cell type 1
212,-1.7653467151981497,-3.1410012072463545,0,Sample 1,Cell type 1
213,2.7083538106668446,-1.0776837123854766,1,Sample 1,Cell type 2
214,2.9589955368035303,-2.5526088330766723,1,Sample 1,Cell type 2
215,4.112220088368512,2.5812889218450947,1,Sample 1,Cell type 2
216,2.1656723633872876,-4.051615746222755,1,Sample 1,Cell type 2
217,1.0042066402436634,-0.7770415503660186,1,Sample 1,Cell type 2
218,2.71004906320154,0.3871798227350887,1,Sample 1,Cell type 2
219,1.36778624646065,0.43706808482189136,1,Sample 1,Cell type 2
220,3.5629126625985847,0.62636894772996,1,Sample 1,Cell type 2
221,-2.8572119616536167,1.7127975886469449,0,Sample 1,Cell type 1
222,-1.118428919013276,-0.7992723712292048,0,Sample 1,Cell type 1
223,1.601964155004469,-1.8350056420285275,1,Sample 1,Cell type 2
224,2.0713588295581618,-3.4147159151858935,1,Sample 1,Cell type 2
225,2.4114677051541364,-1.7932844546304163,1,Sample 1,Cell type 2
226,-2.044186175814237,0.89541712003463,0,Sample 1,Cell type 1
227,-3.3297969234611653,-0.3806773561672164,0,Sample 1,Cell type 1
228,2.851600984496181,1.5578730070242284,1,Sample 1,Cell type 2
229,-2.364511340771138,-2.827428993809961,0,Sample 1,Cell type 1
230,-2.0387544295553868,0.6225003090870722,0,Sample 1,Cell type 1
231,2.6429557734483806,2.458429568594101,1,Sample 1,Cell type 2
232,2.002372155556495,1.1654751663477287,1,Sample 1,Cell type 2
233,-3.611657973410877,-3.290797493913784,0,Sample 1,Cell type 1
234,-3.8799342660104266,-1.1245750584819454,0,Sample 1,Cell type 1
235,3.1953248515114185,1.7745816745334841,1,Sample 1,Cell type 2
236,-2.2446603916646555,2.680900892046289,0,Sample 1,Cell type 1
237,2.533060505816495,0.8860042608947505,1,Sample 1,Cell type 2
238,1.9917100889394965,-2.3793333181807226,1,Sample 1,Cell type 2
239,-2.3652312189843085,2.6351950712159193,0,Sample 1,Cell type 1
240,1.6528739303547195,2.9633268049251975,1,Sample 1,Cell type 2
241,1.221500518493002,0.9243453321638857,1,Sample 1,Cell type 2
242,3.0496526366871333,2.9330817185572062,1,Sample 1,Cell type 2
243,3.507386591829439,2.2928817408014552,1,Sample 1,Cell type 2
244,2.6840566073531216,0.9954861781827885,1,Sample 1,Cell type 2
245,2.4355202005625913,-1.6661121140015176,1,Sample 1,Cell type 2
246,2.9926169198169132,2.4077688743376324,1,Sample 1,Cell type 2
247,2.0141164534302307,-0.15444209044609114,1,Sample 1,Cell type 2
248,-0.9910512790315757,0.3491556256636779,0,Sample 1,Cell type 1
249,-1.2663120379456994,4.012185776318246,0,Sample 1,Cell type 1
250,1.5773195915232323,2.2746290847294586,1,Sample 1,Cell type 2
251,1.7951453306709662,-1.424441527298102,1,Sample 1,Cell type 2
252,2.711216065066936,2.5447070002135357,1,Sample 1,Cell type 2
253,2.827810236767598,-1.722175820347141,1,Sample 1,Cell type 2
254,-3.7671222587885786,1.520829312288595,0,Sample 1,Cell type 1
255,-3.0294291718147104,1.7048666695924481,0,Sample 1,Cell type 1
256,-2.7359597426336224,2.4954841453474677,0,Sample 1,Cell type 1
257,-1.6739630365266742,2.2534102736551667,0,Sample 1,Cell type 1
258,-2.620044469626021,0.2511529069430845,0,Sample 1,Cell type 1
259,-2.1983196848782507,-0.058525627369956715,0,Sample 1,Cell type 1
260,2.657833812504965,0.6226173468857698,1,Sample 1,Cell type 2
261,3.2310172971084685,-3.0914595733814663,1,Sample 1,Cell type 2
262,-2.6911584374931277,-1.8151273240831958,0,Sample 1,Cell type 1
263,1.6266392990885485,-0.7741994049488021,1,Sample 1,Cell type 2
264,1.6888832381659697,0.1713743228067181,1,Sample 1,Cell type 2
265,-1.8944091066837183,-1.844330648355251,0,Sample 1,Cell type 1
266,1.7113569530657387,-0.5683101958575943,1,Sample 1,Cell type 2
267,2.4955231849367627,1.3374833111850255,1,Sample 1,Cell type 2
268,2.024950873545036,-0.33126282063526447,1,Sample 1,Cell type 2
269,-0.6482731466611931,-3.7345303851834966,0,Sample 1,Cell type 1
270,-2.6074469931764384,1.6216165463195642,0,Sample 1,Cell type 1
271,2.62801458068223,1.0035654723350902,1,Sample 1,Cell type 2
272,-1.94788480663111,-0.8024409437716726,0,Sample 1,Cell type 1
273,-1.456527805697478,-3.324983976071349,0,Sample 1,Cell type 1
274,-3.001573646230214,3.6248971159938574,0,Sample 1,Cell type 1
275,-1.3942728071699781,1.2974197751792853,0,Sample 1,Cell type 1
276,3.4228722746535403,2.772698794525687,1,Sample 1,Cell type 2
277,-1.992222825150584,2.2193996839124464,0,Sample 1,Cell type 1
278,2.4252905128800415,-1.0586642248967417,1,Sample 1,Cell type 2
279,2.1070770022863163,-0.5697509867393417,1,Sample 1,Cell type 2
280,2.3884429794552005,-0.9003785297028233,1,Sample 1,Cell type 2
281,1.5765098654136125,-3.5036576135034387,1,Sample 1,Cell type 2
282,2.6164169582145926,-1.2282451300166324,1,Sample 1,Cell type 2
283,-2.692988846285064,0.7041107930285937,0,Sample 1,Cell type 1
284,2.4580764395380243,3.408211032510983,1,Sample 1,Cell type 2
285,2.322020082577388,4.093724391439116,1,Sample 1,Cell type 2
286,2.899891298992297,-2.7986123496038835,1,Sample 1,Cell type 2
287,2.3556866545900736,2.7456969493530603,1,Sample 1,Cell type 2
288,1.8513139910317293,-2.5151557178292325,1,Sample 1,Cell type 2
289,-2.5925186259105923,-0.6022073911785776,0,Sample 1,Cell type 1
290,-1.9312320254372066,0.8885266229720795,0,Sample 1,Cell type 1
291,-2.9985124211398118,-1.1109542383205093,0,Sample 1,Cell type 1
292,-4.543136907921564,1.8686398224785474,0,Sample 1,Cell type 1
293,-2.5762364259095616,0.5580430515406785,0,Sample 1,Cell type 1
294,-1.983699240331882,2.7372631150646978,0,Sample 1,Cell type 1
295,1.9338992841423792,-1.4243477283520871,1,Sample 1,Cell type 2
296,2.977152910065402,-1.2685716953788062,1,Sample 1,Cell type 2
297,1.3265718475074584,-1.0028042937712733,1,Sample 1,Cell type 2
298,1.213871178305553,0.3694811577914489,1,Sample 1,Cell type 2
299,-1.9199233705216021,1.0323565742299168,0,Sample 1,Cell type 1
300,-2.6482301271021664,-0.25964139946685233,0,Sample 1,Cell type 1
301,2.356725371987075,0.7916395621918462,1,Sample 1,Cell type 2
302,1.9135736035808084,3.63612384511565,1,Sample 1,Cell type 2
303,3.2723179876729365,2.4722614436124357,1,Sample 1,Cell type 2
304,-0.5433984163065388,0.25844236395045506,0,Sample 1,Cell type 1
305,-2.7522153957122764,1.5179384409865349,0,Sample 1,Cell type 1
306,2.4795405502464045,-3.5381518097782365,1,Sample 1,Cell type 2
307,1.9208077346059127,-0.390780702354048,1,Sample 1,Cell type 2
308,-4.238135636811229,1.6948433543008434,0,Sample 1,Cell type 1
309,2.613005712069971,-4.261132959614401,1,Sample 1,Cell type 2
310,0.9263442371302781,-2.234372923414005,1,Sample 1,Cell type 2
311,-2.6757375102700096,0.7142251430234929,0,Sample 1,Cell type 1
312,2.761395811681856,0.6009487192216567,1,Sample 1,Cell type 2
313,-2.6099588117021533,1.9057490944058777,0,Sample 1,Cell type 1
314,2.0551050025913753,-0.26012058710724006,1,Sample 1,Cell type 2
315,2.8733367855728646,3.0420124543187606,1,Sample 1,Cell type 2
316,-2.810541454832983,0.3408324447509754,0,Sample 1,Cell type 1
317,-2.9907221308327516,-0.6049393729762567,0,Sample 1,Cell type 1
318,1.0230497102095248,-1.8590217203848203,1,Sample 1,Cell type 2
319,-3.1106073252340134,-3.609764201329038,0,Sample 1,Cell type 1
320,-0.036895353235809836,2.2391498228691535,0,Sample 1,Cell type 1
321,-3.2640980634794823,0.8471981311869221,0,Sample 1,Cell type 1
322,-3.200494602707806,-2.765599461928672,0,Sample 1,Cell type 1
323,-3.5435756004038828,1.3393450976600771,0,Sample 1,Cell type 1
324,-2.5967585188862254,0.8390648878140555,0,Sample 1,Cell type 1
325,1.834436066004439,-1.2765654530569883,1,Sample 1,Cell type 2
326,-2.5194836738087862,4.284540717223727,0,Sample 1,Cell type 1
327,1.3027765959279367,-1.3000478688137964,1,Sample 1,Cell type 2
328,3.764432549254699,-2.0301883836557373,1,Sample 1,Cell type 2
329,-2.0629726015970404,0.012844539621875635,0,Sample 1,Cell type 1
330,-5.093013872055258,-2.0487752826685797,0,Sample 1,Cell type 1
331,-3.7851570562060584,0.40692727173444626,0,Sample 1,Cell type 1
332,3.7433283365718193,1.7079519531044474,1,Sample 1,Cell type 2
333,-0.748157653425862,-1.616596570710303,0,Sample 1,Cell type 1
334,1.9263870806976509,-2.5691685313999386,1,Sample 1,Cell type 2
335,2.4207245598069846,-1.2056413115679232,1,Sample 1,Cell type 2
336,2.840391946592184,2.394493847290456,1,Sample 1,Cell type 2
337,-1.3424176925170137,0.3931095530231493,0,Sample 1,Cell type 1
338,-0.8550342960477422,-2.2064167314433663,0,Sample 1,Cell type 1
339,2.5585575928013555,-0.30048597759651996,1,Sample 1,Cell type 2
340,-3.074755377001949,-0.4268943034236945,0,Sample 1,Cell type 1
341,-2.0305143249597837,4.380911251619957,0,Sample 1,Cell type 1
342,-2.874160961049513,0.6930077634614317,0,Sample 1,Cell type 1
343,-1.6603578277445319,-1.070470423121136,0,Sample 1,Cell type 1
344,-2.348334706721005,2.0020921851342823,0,Sample 1,Cell type 1
345,2.2108297866448114,0.8328920762029053,1,Sample 1,Cell type 2
346,2.809446816551362,2.181960850371934,1,Sample 1,Cell type 2
347,1.8318856786959814,4.179077443389547,1,Sample 1,Cell type 2
348,2.2025136941770675,-1.4569232433606858,1,Sample 1,Cell type 2
349,2.902195845992652,-4.986541640660155,1,Sample 1,Cell type 2
350,2.312784112714415,0.9327167488926691,1,Sample 1,Cell type 2
351,-1.8871357772922477,2.453866447768615,0,Sample 1,Cell type 1
352,-2.3004930530313956,3.1549065595269488,0,Sample 1,Cell type 1
353,3.4901230060095987,0.7595352720817922,1,Sample 1,Cell type 2
354,4.441373189076418,0.8659196507213923,1,Sample 1,Cell type 2
355,1.4026610422156272,-1.4188820048550932,1,Sample 1,Cell type 2
356,-2.9644187598437783,1.1771568088412194,0,Sample 1,Cell type 1
357,4.036294001715409,-2.445790039111128,1,Sample 1,Cell type 2
358,3.0716878325092942,-4.099882557154956,1,Sample 1,Cell type 2
359,-2.6787702282606807,1.428000988184184,0,Sample 1,Cell type 1
360,-3.084293305373709,0.43291717916394973,0,Sample 1,Cell type 1
361,2.236441770922327,1.4637414085765912,1,Sample 1,Cell type 2
362,1.4073406756676488,-0.2979386195345939,1,Sample 1,Cell type 2
363,-4.6625858343993904,1.3557506390618155,0,Sample 1,Cell type 1
364,4.078033741431847,-2.7719758847979965,1,Sample 1,Cell type 2
365,2.1919825506297093,0.7659779694818569,1,Sample 1,Cell type 2
366,-2.3633076494976466,-0.36796667270535827,0,Sample 1,Cell type 1
367,1.4693539060291698,0.5854309642837068,1,Sample 1,Cell type 2
368,3.891119731038063,1.957716101563591,1,Sample 1,Cell type 2
369,-1.7676783058383405,0.657502219319369,0,Sample 1,Cell type 1
370,1.6221053448231468,-2.9538498550638033,1,Sample 1,Cell type 2
371,-2.7686277594321025,3.3380430505787864,0,Sample 1,Cell type 1
372,-3.480612530401873,-2.9287497604196404,0,Sample 1,Cell type 1
373,-2.8910795374290195,-2.2392348665780224,0,Sample 1,Cell type 1
374,-3.683129255019303,0.3667198395583113,0,Sample 1,Cell type 1
375,-2.860052377183395,1.2456998646949975,0,Sample 1,Cell type 1
376,-2.843441779613808,-1.3848419597477122,0,Sample 1,Cell type 1
377,-1.719904213265799,-0.2941147630042773,0,Sample 1,Cell type 1
378,-3.6828689966238732,2.287508086413858,0,Sample 1,Cell type 1
379,2.534811734914773,1.1162790290370126,1,Sample 1,Cell type 2
380,-2.088873720272868,0.3591635638791959,0,Sample 1,Cell type 1
381,-3.2385865968887235,-2.7033692112326673,0,Sample 1,Cell type 1
382,1.1369027305386248,-1.848931976259109,1,Sample 1,Cell type 2
383,-3.3169862537045707,1.4167128945987066,0,Sample 1,Cell type 1
384,-4.094988514057165,0.7481131396951444,0,Sample 1,Cell type 1
385,-2.35884675577822,-0.7340556781666446,0,Sample 1,Cell type 1
386,2.768046423267294,0.6323119143655566,1,Sample 1,Cell type 2
387,2.463590203759006,-0.8484726667960871,1,Sample 1,Cell type 2
388,-3.3033126134016544,-1.535595130208257,0,Sample 1,Cell type 1
389,-0.5772675318093798,-0.11523759406717078,0,Sample 1,Cell type 1
390,-1.5484236088602876,-2.455215630273985,0,Sample 1,Cell type 1
391,-1.2311865470837182,-2.475630997653698,0,Sample 1,Cell type 1
392,3.0431450320474225,-0.2739909788849165,1,Sample 1,Cell type 2
393,-1.9696949850660697,2.34694771497065,0,Sample 1,Cell type 1
394,-2.852035589357587,0.2614811545721827,0,Sample 1,Cell type 1
395,-2.536468813084398,0.4866788986453837,0,Sample 1,Cell type 1
396,2.4332496241677113,-2.89929043939706,1,Sample 1,Cell type 2
397,-2.707673081090884,-3.0062859062362124,0,Sample 1,Cell type 1
398,1.5261738462236165,0.31892501360825837,1,Sample 1,Cell type 2
399,0.4501330729637516,-0.38205552520033803,1,Sample 1,Cell type 2
400,-2.8618450553992614,-4.847758653257913,0,Sample 1,Cell type 1
401,2.0312578613457957,0.6582135574202591,1,Sample 1,Cell type 2
402,4.179777431333212,-0.49405140149199334,1,Sample 1,Cell type 2
403,2.327465889961894,-1.745922180907401,1,Sample 1,Cell type 2
404,-3.9689642984826374,1.0159826538250873,0,Sample 1,Cell type 1
405,2.1506242111675236,-0.1322652292516449,1,Sample 1,Cell type 2
406,3.134540550574942,-0.24411426424255453,1,Sample 1,Cell type 2
407,2.1327277518248065,-1.3892007383262892,1,Sample 1,Cell type 2
408,-3.14679488231455,-1.003514087169073,0,Sample 1,Cell type 1
409,2.4547292088800834,2.4379415795873265,1,Sample 1,Cell type 2
410,-2.6023340731846134,-1.9110808812008517,0,Sample 1,Cell type 1
411,4.1098163565606125,2.047419092213963,1,Sample 1,Cell type 2
412,2.6525084730120194,1.8826211615349666,1,Sample 1,Cell type 2
413,-2.4166391168384993,-0.12518625579904485,0,Sample 1,Cell type 1
414,2.167044476091797,-2.2601386780807156,1,Sample 1,Cell type 2
415,-1.9858217921059649,2.658305060264863,0,Sample 1,Cell type 1
416,-1.7281186935220338,3.2311656470964634,0,Sample 1,Cell type 1
417,-2.4014361545724117,1.102970752080935,0,Sample 1,Cell type 1
418,3.261239816459234,-2.0423249151206004,1,Sample 1,Cell type 2
419,5.094474375675787,4.615832501232221,1,Sample 1,Cell type 2
420,-0.38452532238637227,-3.005940656790307,0,Sample 1,Cell type 1
421,2.014797289427408,0.9118083903414054,1,Sample 1,Cell type 2
422,-2.2862986791908133,1.0174500464598677,0,Sample 1,Cell type 1
423,3.8411144217665623,-1.8910137598854626,1,Sample 1,Cell type 2
424,-2.9569431918262374,1.1451655627123172,0,Sample 1,Cell type 1
425,2.076817833548788,-2.1131152855205055,1,Sample 1,Cell type 2
426,-1.9324385462887683,-0.8709727411396867,0,Sample 1,Cell type 1
427,2.8787775192281826,-0.5352821817975871,1,Sample 1,Cell type 2
428,-1.87731113906669,-1.1023714326570668,0,Sample 1,Cell type 1
429,-2.8136865225057264,-2.927029896264237,0,Sample 1,Cell type 1
430,-1.7397539264211392,3.4212267451638505,0,Sample 1,Cell type 1
431,-2.6061069971060586,-1.9490586093412832,0,Sample 1,Cell type 1
432,1.767046467615006,-1.6636444164608897,1,Sample 1,Cell type 2
433,-3.154559106737846,-0.006748914821904104,0,Sample 1,Cell type 1
434,2.170223403980424,1.8269474640348133,1,Sample 1,Cell type 2
435,-3.305234052223713,2.279757122258091,0,Sample 1,Cell type 1
436,-1.8357313467646035,-1.7121676518177344,0,Sample 1,Cell type 1
437,2.4268803539927086,-0.16175699573092261,1,Sample 1,Cell type 2
438,-1.897326703116374,0.7623167697655555,0,Sample 1,Cell type 1
439,-2.265542021361055,-1.4287028360527356,0,Sample 1,Cell type 1
440,-2.4774550741046975,-0.018237993288407087,0,Sample 1,Cell type 1
441,2.225960639313788,0.3409275419931418,1,Sample 1,Cell type 2
442,4.596634472823981,-2.2239340515483272,1,Sample 1,Cell type 2
443,-2.9389799261927694,0.18568980228222942,0,Sample 1,Cell type 1
444,-3.171777473744621,-1.1987852908880443,0,Sample 1,Cell type 1
445,2.4256446347091294,-0.4790038440434996,1,Sample 1,Cell type 2
446,2.39963659199768,0.6557590483187148,1,Sample 1,Cell type 2
447,-1.6995341455656172,-1.3412404181532898,0,Sample 1,Cell type 1
448,-0.7848447285397393,1.2678380446360225,0,Sample 1,Cell type 1
449,2.7941194343931373,-4.200053015303248,1,Sample 1,Cell type 2
450,1.7625121494997495,-2.007914744162997,1,Sample 1,Cell type 2
451,3.4695551883091205,0.5225010624677121,1,Sample 1,Cell type 2
452,-2.038342298255568,-0.40609077208598543,0,Sample 1,Cell type 1
453,0.7430977431200427,-0.32424795095971687,1,Sample 1,Cell type 2
454,2.862806970043574,-1.964588068509359,1,Sample 1,Cell type 2
455,-2.928262548763138,-0.18106656460832155,0,Sample 1,Cell type 1
456,-1.3469813687471075,-2.8717243023588788,0,Sample 1,Cell type 1
457,2.5479461042130627,0.5547538759163834,1,Sample 1,Cell type 2
458,2.075028564313921,0.9677533023760796,1,Sample 1,Cell type 2
459,2.2724922803147924,3.1811641452357007,1,Sample 1,Cell type 2
460,-2.958929605504189,-1.0937178824807843,0,Sample 1,Cell type 1
461,-2.472733225392619,-1.5399464621172836,0,Sample 1,Cell type 1
462,-2.024196526667771,1.7068311175606155,0,Sample 1,Cell type 1
463,2.500165651934558,-0.018600642277228834,1,Sample 1,Cell type 2
464,2.2582555304139027,-5.206274175654597,1,Sample 1,Cell type 2
465,2.5581444194634733,-0.8229862891243606,1,Sample 1,Cell type 2
466,-1.9765074749167537,-0.11116934182091015,0,Sample 1,Cell type 1
467,-3.29170250925627,1.8815423759764318,0,Sample 1,Cell type 1
468,1.8846861201701612,-1.8798062022177295,1,Sample 1,Cell type 2
469,-3.0172583073940213,-2.16309600722879,0,Sample 1,Cell type 1
470,2.4244330284463977,0.8392199440482363,1,Sample 1,Cell type 2
471,1.7737950558824638,3.0385678472835376,1,Sample 1,Cell type 2
472,2.699446876513383,2.090176948169507,1,Sample 1,Cell type 2
473,-2.4852528535476854,0.6951634107233422,0,Sample 1,Cell type 1
474,-2.434172808579661,2.1309607501307024,0,Sample 1,Cell type 1
475,-1.736798589205438,1.302782502611596,0,Sample 1,Cell type 1
476,1.7408667833401301,3.4947263958311163,1,Sample 1,Cell type 2
477,2.5167091906367696,0.46140181143736697,1,Sample 1,Cell type 2
478,-2.312971270567402,-3.111791292407255,0,Sample 1,Cell type 1
479,3.634825076118429,-4.975617313070159,1,Sample 1,Cell type 2
480,-2.1507521566738657,1.8078696821723905,0,Sample 1,Cell type 1
481,-3.0099097018452143,2.3780330622151036,0,Sample 1,Cell type 1
482,3.043498626365203,-2.297588070317312,1,Sample 1,Cell type 2
483,-2.980510951935044,-0.5833874995865536,0,Sample 1,Cell type 1
484,1.444602244320986,-0.40596127479131416,1,Sample 1,Cell type 2
485,3.619675716116635,-2.6842554969702306,1,Sample 1,Cell type 2
486,3.2806533754757674,1.8369088878848276,1,Sample 1,Cell type 2
487,3.064863131052105,-0.48536255362406666,1,Sample 1,Cell type 2
488,2.950304688139484,-1.7596287070041086,1,Sample 1,Cell type 2
489,-1.8274851608090206,-1.3052479586047818,0,Sample 1,Cell type 1
490,2.344242163106655,-0.1283763542169955,1,Sample 1,Cell type 2
491,-2.23845810098867,-0.43820105761772854,0,Sample 1,Cell type 1
492,-2.229212925230647,-0.5908028202780589,0,Sample 1,Cell type 1
493,3.399482687896402,-0.668154461959881,1,Sample 1,Cell type 2
494,3.443780166688568,0.3882152619067154,1,Sample 1,Cell type 2
495,3.0433142203505565,-0.6040909989797284,1,Sample 1,Cell type 2
496,-2.025518993625293,-0.6190928786279806,0,Sample 1,Cell type 1
497,-2.6290285693328075,0.8081017136290769,0,Sample 1,Cell type 1
498,3.436158967357283,0.26859299449558577,1,Sample 1,Cell type 2
499,-3.658411120332995,-4.397611913240164,0,Sample 1,Cell type 1
500,-3.2116115437004185,-1.6316205699308766,0,Sample 1,Cell type 1
501,2.0533585968431756,-2.20030846594339,1,Sample 1,Cell type 2
502,-3.0004501612076235,0.7916070668748182,0,Sample 1,Cell type 1
503,1.9978128751323956,-0.5760777478441528,1,Sample 1,Cell type 2
504,3.3661528431096586,-0.9422493036357572,1,Sample 1,Cell type 2
505,2.8139327737430135,-1.0179272514149975,1,Sample 1,Cell type 2
506,-1.2102234973956605,1.7936786317310638,0,Sample 1,Cell type 1
507,-1.5694689982760321,0.0204661220391741,0,Sample 1,Cell type 1
508,-2.0046765911958415,4.114990939423397,0,Sample 1,Cell type 1
509,0.7780931643126556,1.752911291005871,1,Sample 1,Cell type 2
510,4.038756635859963,-1.549229940037164,1,Sample 1,Cell type 2
511,2.0426031664351507,0.6652150206483952,1,Sample 1,Cell type 2
512,1.5705729248701088,-0.5662777934875343,1,Sample 1,Cell type 2
513,2.3948219234626658,1.6520943428830126,1,Sample 1,Cell type 2
514,-1.3390851137639666,1.9185416521704137,0,Sample 1,Cell type 1
515,0.9725151299941657,2.6366046497053386,1,Sample 1,Cell type 2
516,2.892966132329597,-0.7160587594939726,1,Sample 1,Cell type 2
517,3.2035336329099224,-2.1547521539695165,1,Sample 1,Cell type 2
518,1.1486535696261906,-0.9425274814050394,1,Sample 1,Cell type 2
519,-2.6072137333383343,0.029376389458394186,0,Sample 1,Cell type 1
520,1.6264528796837494,1.7804950016730174,1,Sample 1,Cell type 2
521,2.079296259283837,0.3555002125360627,1,Sample 1,Cell type 2
522,2.18224374708321,-2.204539480911711,1,Sample 1,Cell type 2
523,-4.477315600101831,-1.5937905109409536,0,Sample 1,Cell type 1
524,2.9256049590575546,0.7233221224940333,1,Sample 1,Cell type 2
525,1.4291153602214008,1.3858372460632222,1,Sample 1,Cell type 2
526,1.5343826817142276,-2.1506247860984757,1,Sample 1,Cell type 2
527,-2.252933589920829,3.4044298892704763,0,Sample 1,Cell type 1
528,-3.064009484606727,-0.11153815531541203,0,Sample 1,Cell type 1
529,2.2109515504261674,-0.12836832257763856,1,Sample 1,Cell type 2
530,2.4236286023287414,-3.5524926669329036,1,Sample 1,Cell type 2
531,2.3963862025092473,1.1597145705902643,1,Sample 1,Cell type 2
532,2.064708798308646,-0.3255858121445884,1,Sample 1,Cell type 2
533,3.697945346543701,3.7154046870754653,1,Sample 1,Cell type 2
534,2.5734019875586984,0.5044807928533548,1,Sample 1,Cell type 2
535,4.081152467612388,-3.1284832234221027,1,Sample 1,Cell type 2
536,-2.6383568479387383,3.423416960284687,0,Sample 1,Cell type 1
537,2.00587848365252,-0.6321457120540995,1,Sample 1,Cell type 2
538,3.012434348059819,0.2461564033123623,1,Sample 1,Cell type 2
539,1.9152349794276213,1.515843699847239,1,Sample 1,Cell type 2
540,-1.1940709568546917,-2.860282755921266,0,Sample 1,Cell type 1
541,-1.8364755350532085,-4.42227061801577,0,Sample 1,Cell type 1
542,-2.9242060946979525,-1.5857456645246883,0,Sample 1,Cell type 1
543,1.8729874675308826,-1.3810821046325188,1,Sample 1,Cell type 2
544,3.8337792892409097,3.046477243424517,1,Sample 1,Cell type 2
545,2.88882903153411,-3.094607977876731,1,Sample 1,Cell type 2
546,-3.074725812455358,1.7898487538888828,0,Sample 1,Cell type 1
547,-2.0761566576677737,2.8831372413158007,0,Sample 1,Cell type 1
548,3.0723050523529953,1.436371451415869,1,Sample 1,Cell type 2
549,-3.0232605465019393,-3.661265793712914,0,Sample 1,Cell type 1
550,-4.1539536800319015,-0.17824007902557681,0,Sample 1,Cell type 1
551,-4.000137975716596,0.23005215829483436,0,Sample 1,Cell type 1
552,1.282112651025687,2.2253767499798505,1,Sample 1,Cell type 2
553,-2.477345299095631,0.05951227899149038,0,Sample 1,Cell type 1
554,-2.434536513161948,-0.19777930638228536,0,Sample 1,Cell type 1
555,1.4053479689337516,3.9745519984616164,1,Sample 1,Cell type 2
556,-2.4958050402254535,0.09396118752948412,0,Sample 1,Cell type 1
557,1.1651205928974437,2.1174570597677578,1,Sample 1,Cell type 2
558,2.7976843780854903,0.7783183913358576,1,Sample 1,Cell type 2
559,-1.8826410314813242,-5.697085241260151,0,Sample 1,Cell type 1
560,2.812371879943112,-0.20644350586499247,1,Sample 1,Cell type 2
561,-2.2920937646012614,1.5636457435546207,0,Sample 1,Cell type 1
562,3.0484061910321634,3.697217666592823,1,Sample 1,Cell type 2
563,-1.4463079461281076,-0.2361370539821575,0,Sample 1,Cell type 1
564,-2.0891199147442268,-1.0654016793238228,0,Sample 1,Cell type 1
565,-2.944159621354559,3.7623141388811803,0,Sample 1,Cell type 1
566,-2.5131383168582015,2.376786546896168,0,Sample 1,Cell type 1
567,-2.4086178810703682,0.3006035229237552,0,Sample 1,Cell type 1
568,3.9434784878293945,-0.3818075834545974,1,Sample 1,Cell type 2
569,-3.36484523232661,2.106305706665807,0,Sample 1,Cell type 1
570,-3.942511741004756,-3.16827188601098,0,Sample 1,Cell type 1
571,2.368531835291687,0.4241867061483505,1,Sample 1,Cell type 2
572,-2.890084979257995,-0.8651163756392419,0,Sample 1,Cell type 1
573,-1.7493729552192017,-1.0320894564347478,0,Sample 1,Cell type 1
574,-2.5167212751713186,0.234654766617564,0,Sample 1,Cell type 1
575,-1.9752793787761913,0.3894723894375497,0,Sample 1,Cell type 1
576,2.5277709990020494,-3.9370084268761074,1,Sample 1,Cell type 2
577,2.1998428957408502,-0.6354301935124682,1,Sample 1,Cell type 2
578,1.1150389572440595,2.9898764549064722,1,Sample 1,Cell type 2
579,0.8377505441150426,-0.6405956090732838,1,Sample 1,Cell type 2
580,1.284523139618526,-5.664311196221138,1,Sample 1,Cell type 2
581,1.7255633931918037,-0.6206154107698073,1,Sample 1,Cell type 2
582,-1.5857417483879837,1.5038660653735483,0,Sample 1,Cell type 1
583,2.2620142393009197,2.623967477147893,1,Sample 1,Cell type 2
584,1.0350840973293198,-2.4568876625315252,1,Sample 1,Cell type 2
585,-2.705901229938676,-3.337168147755179,0,Sample 1,Cell type 1
586,-2.6664978002858204,-0.9860018693176658,0,Sample 1,Cell type 1
587,-3.922976199123423,2.992088622978366,0,Sample 1,Cell type 1
588,-2.1844382860973623,-0.8419689616405259,0,Sample 1,Cell type 1
589,1.7381468954089625,-1.3539902769170629,1,Sample 1,Cell type 2
590,1.808893631528187,2.558929863315502,1,Sample 1,Cell type 2
591,1.2657587878322831,-1.2655100597700784,1,Sample 1,Cell type 2
592,3.1867608933253324,-0.46924113991482763,1,Sample 1,Cell type 2
593,4.0896488893595535,-1.061941795623929,1,Sample 1,Cell type 2
594,-2.104775850973809,0.5213475316478142,0,Sample 1,Cell type 1
595,-0.8397913018997876,-1.3783756361791357,0,Sample 1,Cell type 1
596,5.021645387609668,-2.246988066479196,1,Sample 1,Cell type 2
597,2.5124946671596824,1.8045543475732946,1,Sample 1,Cell type 2
598,2.4070167655024335,0.42942636634105275,1,Sample 1,Cell type 2
599,-2.8033021927899897,-0.4071607202047236,0,Sample 1,Cell type 1
600,-4.208539371182956,6.275497067319988,0,Sample 1,Cell type 1
601,1.8408516104224004,-1.4382189028983718,1,Sample 1,Cell type 2
602,1.9434440982423489,-1.83625396683315,1,Sample 1,Cell type 2
603,2.7122898795197026,-1.1655173152231642,1,Sample 1,Cell type 2
604,2.12847659015249,0.9241217865037931,1,Sample 1,Cell type 2
605,2.532735340316577,-2.0043749115629454,1,Sample 1,Cell type 2
606,3.8599658996611046,2.1430863044697714,1,Sample 1,Cell type 2
607,-1.1112289574678005,0.39582156692529563,0,Sample 1,Cell type 1
608,-2.6991713187832587,1.943141901908711,0,Sample 1,Cell type 1
609,-3.2987083513506334,0.6035837996389319,0,Sample 1,Cell type 1
610,2.9276045187844404,1.7753108517476723,1,Sample 1,Cell type 2
611,2.9411810201916184,0.6811784328009935,1,Sample 1,Cell type 2
612,-3.073457856482244,-3.7330732341461204,0,Sample 1,Cell type 1
613,1.8470262043664283,0.1562861259392949,1,Sample 1,Cell type 2
614,3.2611594216464694,-0.7330140407361037,1,Sample 1,Cell type 2
615,-2.836149453676686,-0.5635692177210144,0,Sample 1,Cell type 1
616,-2.147988439957334,-1.0041084487052223,0,Sample 1,Cell type 1
617,3.787024684587499,1.6564593803692458,1,Sample 1,Cell type 2
618,-2.403763494630481,1.028877668117498,0,Sample 1,Cell type 1
619,-3.8355242248970978,1.08672038475987,0,Sample 1,Cell type 1
620,4.0965339918271715,6.2198371120107225,1,Sample 1,Cell type 2
621,2.440841947513286,-0.9033189523192454,1,Sample 1,Cell type 2
622,-2.2292028740044687,-0.8305758278016027,0,Sample 1,Cell type 1
623,2.985378447308946,-0.36639323744077573,1,Sample 1,Cell type 2
624,2.1902954801683885,-0.09082243586447644,1,Sample 1,Cell type 2
625,-2.935506179620146,0.2218451794197322,0,Sample 1,Cell type 1
626,-1.1179654639194307,0.8726473393480643,0,Sample 1,Cell type 1
627,-2.854625800953208,-1.769605428053802,0,Sample 1,Cell type 1
628,-2.443958269509455,2.323756605216381,0,Sample 1,Cell type 1
629,3.6381985088799524,1.852430804483185,1,Sample 1,Cell type 2
630,2.0844829025390985,-0.6818157546921597,1,Sample 1,Cell type 2
631,2.494364011615556,-0.43121915713604475,1,Sample 1,Cell type 2
632,-4.595796083271796,1.6438050087504477,0,Sample 1,Cell type 1
633,-2.6264063188631916,-0.8537621398948402,0,Sample 1,Cell type 1
634,3.0431575902097863,-1.62480469787484,1,Sample 1,Cell type 2
635,-3.5625488391187448,0.39372247173824704,0,Sample 1,Cell type 1
636,-1.922662348765412,-2.2581035424344584,0,Sample 1,Cell type 1
637,0.3019961258198123,-0.9994603523032614,1,Sample 1,Cell type 2
638,-0.763245826001749,-0.3517716248646732,0,Sample 1,Cell type 1
639,2.848780311600037,-5.064492170439371,1,Sample 1,Cell type 2
640,2.1190233011642725,1.748778361425455,1,Sample 1,Cell type 2
641,-1.981849169519446,3.046059712816051,0,Sample 1,Cell type 1
642,-3.745265518927801,-0.8562303219318251,0,Sample 1,Cell type 1
643,-2.570625638681004,5.159418675308637,0,Sample 1,Cell type 1
644,-2.6770028988686176,-0.5536265997778413,0,Sample 1,Cell type 1
645,2.386282770447563,0.6773746358433801,1,Sample 1,Cell type 2
646,2.1384405024704978,-1.578677011439349,1,Sample 1,Cell type 2
647,1.1747014338577808,-1.0488962725253037,1,Sample 1,Cell type 2
648,1.8743972059911704,-1.5194062349605741,1,Sample 1,Cell type 2
649,-3.8627059514841235,-0.11109539779323757,0,Sample 1,Cell type 1
650,1.7049098601321173,0.8403830857899832,1,Sample 1,Cell type 2
651,-1.4374446865207535,1.1124600188013198,0,Sample 1,Cell type 1
652,-3.7921054527244076,2.3294787089143427,0,Sample 1,Cell type 1
653,2.139072913272801,1.1034815998218408,1,Sample 1,Cell type 2
654,-3.3648506620799177,1.2318712138885275,0,Sample 1,Cell type 1
655,2.9576459533713155,-0.12438203399862201,1,Sample 1,Cell type 2
656,-2.4546800600823144,1.0593855087134616,0,Sample 1,Cell type 1
657,-2.5528638389178533,-2.4220323995249133,0,Sample 1,Cell type 1
658,3.996772140297426,0.7792283547418077,1,Sample 1,Cell type 2
659,2.7566285807461473,0.3881038872117481,1,Sample 1,Cell type 2
660,4.232044854245282,2.3810971886871926,1,Sample 1,Cell type 2
661,0.8303783851183448,-1.1692354613143991,1,Sample 1,Cell type 2
662,3.4084961177463553,-2.2125870248232684,1,Sample 1,Cell type 2
663,-1.8043152639154718,2.711275717609902,0,Sample 1,Cell type 1
664,3.341558094178335,-1.996121254628826,1,Sample 1,Cell type 2
665,-3.358194420591845,0.4784937282222991,0,Sample 1,Cell type 1
666,-2.299605719723299,0.6928964189939514,0,Sample 1,Cell type 1
667,-2.4833650338596738,-1.456005882458269,0,Sample 1,Cell type 1
668,-2.0668298174361697,1.518310320605294,0,Sample 1,Cell type 1
669,2.6806092184894035,0.03522650386731463,1,Sample 1,Cell type 2
670,2.95850225059296,-3.571732983868223,1,Sample 1,Cell type 2
671,-1.561500289930687,0.7392843843961878,0,Sample 1,Cell type 1
672,1.531062456575375,1.4615282381330492,1,Sample 1,Cell type 2
673,-2.4543895000823324,0.5371845577265139,0,Sample 1,Cell type 1
674,2.0555625764105065,0.40877806320595356,1,Sample 1,Cell type 2
675,1.9639078396366136,2.343435829432319,1,Sample 1,Cell type 2
676,3.1953236739975175,-0.9110790520477414,1,Sample 1,Cell type 2
677,2.0717319303870214,0.7169072364192406,1,Sample 1,Cell type 2
678,2.511418454269147,-1.90787883879329,1,Sample 1,Cell type 2
679,-1.4953950995411833,-1.7892146044390078,0,Sample 1,Cell type 1
680,2.2648264418686543,-0.14319850371613368,1,Sample 1,Cell type 2
681,-2.515710239141345,1.1049799088342955,0,Sample 1,Cell type 1
682,1.238402814247202,-1.6056488879016848,1,Sample 1,Cell type 2
683,2.0219918442466867,2.8447397233970158,1,Sample 1,Cell type 2
684,-1.164076396518875,0.7893430596459622,0,Sample 1,Cell type 1
685,-3.6034553824116218,-1.4618600798838384,0,Sample 1,Cell type 1
686,-3.1190313592828582,-2.489309406622834,0,Sample 1,Cell type 1
687,-2.7039817739366843,3.007985977165377,0,Sample 1,Cell type 1
688,3.3101099277152572,-0.3163076887446406,1,Sample 1,Cell type 2
689,-1.7396609294511598,-1.1538073113248062,0,Sample 1,Cell type 1
690,1.6765027934543428,-2.705340571687069,1,Sample 1,Cell type 2
691,2.289872383747066,-0.6727738908222725,1,Sample 1,Cell type 2
692,3.15240081795541,-0.09617701466154517,1,Sample 1,Cell type 2
693,-2.5097974182775316,-1.7945087429716633,0,Sample 1,Cell type 1
694,2.4408217091244975,-0.15133120865166053,1,Sample 1,Cell type 2
695,-3.2514683150550034,-0.28817511144323094,0,Sample 1,Cell type 1
696,2.397876254785448,-1.12121527369462,1,Sample 1,Cell type 2
697,-2.15044946420292,2.3812925495726827,0,Sample 1,Cell type 1
698,-4.199116579447845,-1.051510043361522,0,Sample 1,Cell type 1
699,-2.715899948234697,-1.957527431564615,0,Sample 1,Cell type 1
700,3.793770059974899,0.20871187504642588,1,Sample 1,Cell type 2
701,2.0603542912731356,1.7191757739596039,1,Sample 1,Cell type 2
702,2.0345743732863566,-2.347759928817945,1,Sample 1,Cell type 2
703,2.7069289182843104,0.42547955171532065,1,Sample 1,Cell type 2
704,-2.344492558738131,-0.7063325856213767,0,Sample 1,Cell type 1
705,-3.6584674731978595,-2.8149275487531105,0,Sample 1,Cell type 1
706,1.6262690938255282,1.6695026526497645,1,Sample 1,Cell type 2
707,2.2075952504117873,-0.30259844046504464,1,Sample 1,Cell type 2
708,-2.3311860262379054,-0.1934262237407848,0,Sample 1,Cell type 1
709,-2.649497315329087,-0.8794621165483498,0,Sample 1,Cell type 1
710,-2.6811872790798654,-1.9188784734469597,0,Sample 1,Cell type 1
711,-2.86851101676783,2.1142444524378314,0,Sample 1,Cell type 1
712,2.145564783097214,-0.9589859347984868,1,Sample 1,Cell type 2
713,-2.3545069959532037,0.4964411726006722,0,Sample 1,Cell type 1
714,-2.9894152727242282,-0.07407359409682404,0,Sample 1,Cell type 1
715,0.08439027534333965,0.3676990895073897,1,Sample 1,Cell type 2
716,1.8106375437949933,0.06006295832816435,1,Sample 1,Cell type 2
717,-2.746427427348593,1.55932106453868,0,Sample 1,Cell type 1
718,-2.98994989971235,0.7230070504122033,0,Sample 1,Cell type 1
719,2.0921546454472937,0.0688820234116827,1,Sample 1,Cell type 2
720,1.8818724437833407,1.6603836237252203,1,Sample 1,Cell type 2
721,-1.999466121787995,-1.714315112832565,0,Sample 1,Cell type 1
722,-1.4864710806507018,-1.4153389312375617,0,Sample 1,Cell type 1
723,-2.477004141652146,2.556903725214598,0,Sample 1,Cell type 1
724,-3.495090588313028,-1.3858103955918146,0,Sample 1,Cell type 1
725,-3.1340165907461603,-0.22947288293379803,0,Sample 1,Cell type 1
726,-3.034472362914439,1.9840846990730456,0,Sample 1,Cell type 1
727,-2.365076262426618,0.8838812991388181,0,Sample 1,Cell type 1
728,-2.8571468916404226,0.38817998579661517,0,Sample 1,Cell type 1
729,2.0359574069039654,0.47880900107075414,1,Sample 1,Cell type 2
730,2.3388067728419855,-0.013042630458916125,1,Sample 1,Cell type 2
731,1.1895767540511866,-3.5727509307093737,1,Sample 1,Cell type 2
732,1.610735800389159,-0.07165115741292587,1,Sample 1,Cell type 2
733,-2.6965944512687554,-0.545447139495341,0,Sample 1,Cell type 1
734,2.563678289900829,1.1081155422318143,1,Sample 1,Cell type 2
735,-2.6977419060164776,-1.3639684959955973,0,Sample 1,Cell type 1
736,-3.637448533393475,3.0026673039109735,0,Sample 1,Cell type 1
737,2.778141186830669,-0.9744571282271047,1,Sample 1,Cell type 2
738,-1.9544868082989508,3.693414651472067,0,Sample 1,Cell type 1
739,2.5418067923979866,-2.121210132793202,1,Sample 1,Cell type 2
740,-3.2415443772624664,-0.11905071212360016,0,Sample 1,Cell type 1
741,-2.557608097264267,2.0070657957840483,0,Sample 1,Cell type 1
742,-1.2101773936090836,2.6298289071680947,0,Sample 1,Cell type 1
743,-3.6322965936403317,-0.8412906455307181,0,Sample 1,Cell type 1
744,2.170541304829074,0.2638559335439141,1,Sample 1,Cell type 2
745,-1.4517530031043133,2.791367621579912,0,Sample 1,Cell type 1
746,-1.0073803910841947,0.947665841823575,0,Sample 1,Cell type 1
747,-1.152857846833705,-0.91776852573788,0,Sample 1,Cell type 1
748,2.702055076797299,2.7690640951878125,1,Sample 1,Cell type 2
749,-2.4743966807473865,-1.5068357406923671,0,Sample 1,Cell type 1
750,-1.3805156507311982,1.8492673658255376,0,Sample 1,Cell type 1
751,1.2192768172187876,-1.656994049560492,1,Sample 1,Cell type 2
752,-2.5898624397526637,-0.44193919906644596,0,Sample 1,Cell type 1
753,3.297256408463558,-0.9329907584563959,1,Sample 1,Cell type 2
754,-2.070792125143677,-1.7969359635820747,0,Sample 1,Cell type 1
755,-2.3998203978816743,-0.858811082250506,0,Sample 1,Cell type 1
756,-2.087971786233072,1.0275719018244176,0,Sample 1,Cell type 1
757,2.317120067727985,-1.9886987492170247,1,Sample 1,Cell type 2
758,2.3112240102312227,1.488371420630069,1,Sample 1,Cell type 2
759,-1.193254774159123,-2.292690786037376,0,Sample 1,Cell type 1
760,-3.487479097503938,-1.1849285183057885,0,Sample 1,Cell type 1
761,2.080729281652326,0.304709744067444,1,Sample 1,Cell type 2
762,-2.639967805356327,-1.5114903189856896,0,Sample 1,Cell type 1
763,-2.733449015132435,-3.1263816173933145,0,Sample 1,Cell type 1
764,-2.506378113053294,2.9598882777800517,0,Sample 1,Cell type 1
765,-1.849710304928832,1.2592576838472245,0,Sample 1,Cell type 1
766,2.69430561052022,-4.1641974063779745,1,Sample 1,Cell type 2
767,-2.480391860592846,0.9959965824908995,0,Sample 1,Cell type 1
768,2.188061034752444,0.31610697984026376,1,Sample 1,Cell type 2
769,2.7780492910428416,0.17339539882879318,1,Sample 1,Cell type 2
770,2.353479623157364,-0.7133462683597425,1,Sample 1,Cell type 2
771,-3.0101919874010528,-1.0619939100036353,0,Sample 1,Cell type 1
772,-2.219495920581153,0.9783742602953271,0,Sample 1,Cell type 1
773,1.3390594479587528,-0.024177895692109125,1,Sample 1,Cell type 2
774,-3.016771343299628,-1.5983840133005072,0,Sample 1,Cell type 1
775,2.680246337632753,-0.7390538576667172,1,Sample 1,Cell type 2
776,-2.495909234686031,-0.46917426675029383,0,Sample 1,Cell type 1
777,-1.8029621620342047,-2.691959360493497,0,Sample 1,Cell type 1
778,-2.1891371163752287,4.985999034865581,0,Sample 1,Cell type 1
779,1.7033476841678166,1.302272483647314,1,Sample 1,Cell type 2
780,2.777367982083936,5.023113103168847,1,Sample 1,Cell type 2
781,-2.6361476980199425,-0.9064560986545505,0,Sample 1,Cell type 1
782,1.9323361162006618,-2.517009821350669,1,Sample 1,Cell type 2
783,-1.275399334125042,2.4375237033946333,0,Sample 1,Cell type 1
784,-1.7015919121122782,-5.7925107563873794,0,Sample 1,Cell type 1
785,3.484699610523788,3.3700285574170192,1,Sample 1,Cell type 2
786,-2.6214280760284665,1.176634412969153,0,Sample 1,Cell type 1
787,3.1735869563617016,-0.7384144008948923,1,Sample 1,Cell type 2
788,-3.4836396755619337,0.9933984464730434,0,Sample 1,Cell type 1
789,-1.8419640703174487,-2.4416872999420445,0,Sample 1,Cell type 1
790,1.585584550341017,1.6403163735109692,1,Sample 1,Cell type 2
791,-2.6443839308725003,6.3862151356897225,0,Sample 1,Cell type 1
792,2.9977657152347215,-2.2776662355615382,1,Sample 1,Cell type 2
793,-1.7403566916469408,-2.969795936899807,0,Sample 1,Cell type 1
794,1.9594335366707105,0.0683048349760492,1,Sample 1,Cell type 2
795,-3.188330692227162,-0.7691110884596508,0,Sample 1,Cell type 1
796,1.4884012744360275,-3.5862129050691536,1,Sample 1,Cell type 2
797,2.762256938274468,1.8485402790756598,1,Sample 1,Cell type 2
798,2.2035337900793737,-2.6960942238803343,1,Sample 1,Cell type 2
799,2.044133657408993,0.6590174711460183,1,Sample 1,Cell type 2
800,2.748887992914556,-3.779298584192306,1,Sample 1,Cell type 2
801,-2.6968499905039587,-1.6864931906323835,0,Sample 1,Cell type 1
802,-3.3826932849390987,-4.305781185904966,0,Sample 1,Cell type 1
803,-3.785986587648982,0.3692677170646085,0,Sample 1,Cell type 1
804,3.354703466955213,1.208241779177036,1,Sample 1,Cell type 2
805,-1.7029865444422878,-0.987513166322625,0,Sample 1,Cell type 1
806,-2.5048567292319146,1.6769815489032838,0,Sample 1,Cell type 1
807,3.2100031739312476,1.5216933086229556,1,Sample 1,Cell type 2
808,3.5215723088705504,0.6760469622034164,1,Sample 1,Cell type 2
809,-2.1733977954284223,-3.405167208475681,0,Sample 1,Cell type 1
810,3.1893088995983554,0.2781207973068353,1,Sample 1,Cell type 2
811,1.2508054220465123,3.006839656857998,1,Sample 1,Cell type 2
812,2.7845351588505833,0.38315479238817923,1,Sample 1,Cell type 2
813,-3.1603977574340094,-0.642771683305987,0,Sample 1,Cell type 1
814,-1.5396688736444597,-1.3137885579427917,0,Sample 1,Cell type 1
815,2.927853869076728,2.4579610049781238,1,Sample 1,Cell type 2
816,-2.8564020171206175,2.906768954235402,0,Sample 1,Cell type 1
817,2.896959349890653,-1.070633425135318,1,Sample 1,Cell type 2
818,-1.7292990966045425,0.8255618538729967,0,Sample 1,Cell type 1
819,-1.5514366762696024,1.4379066213301337,0,Sample 1,Cell type 1
820,-3.041537600244767,1.2233525776817358,0,Sample 1,Cell type 1
821,-2.630453571155011,-1.4898052896128982,0,Sample 1,Cell type 1
822,3.333379731247081,1.1670886060237753,1,Sample 1,Cell type 2
823,1.7809727613414974,-2.66062725147798,1,Sample 1,Cell type 2
824,3.5885268766709206,-2.6176407982382246,1,Sample 1,Cell type 2
825,-0.44131215740011154,0.11843686802897652,0,Sample 1,Cell type 1
826,-2.698952900946838,3.2146911520399857,0,Sample 1,Cell type 1
827,-2.9817696482894247,0.9375485121500476,0,Sample 1,Cell type 1
828,3.887949260669447,-1.7135441876535857,1,Sample 1,Cell type 2
829,2.0802700743465574,0.9873096952863019,1,Sample 1,Cell type 2
830,-2.8569467465718237,-3.7790814618910624,0,Sample 1,Cell type 1
831,3.0926594763361006,-1.0264271329431705,1,Sample 1,Cell type 2
832,1.7038812145172963,-0.36300632427133434,1,Sample 1,Cell type 2
833,1.72981394777231,-0.4132225593920933,1,Sample 1,Cell type 2
834,2.0134187940441928,0.7262312554890469,1,Sample 1,Cell type 2
835,-3.168277642607806,4.290298255546777,0,Sample 1,Cell type 1
836,2.834718576710947,2.803197185892859,1,Sample 1,Cell type 2
837,-3.9184259745655052,2.5238430014279833,0,Sample 1,Cell type 1
838,-2.960510260990219,0.2440196292907229,0,Sample 1,Cell type 1
839,-2.707036850133682,3.197294341009434,0,Sample 1,Cell type 1
840,-1.8713598730793342,0.8509151235699296,0,Sample 1,Cell type 1
841,2.619490785816951,0.7282805921093227,1,Sample 1,Cell type 2
842,-3.577701031623757,-1.943228077021303,0,Sample 1,Cell type 1
843,2.7940958721677687,0.29617883959655245,1,Sample 1,Cell type 2
844,-2.2299178703398383,-0.8237539322449349,0,Sample 1,Cell type 1
845,2.9266873957643593,1.6789370090368094,1,Sample 1,Cell type 2
846,-2.3796648758851386,0.7299220049324509,0,Sample 1,Cell type 1
847,3.4558102895015503,1.7892943751477448,1,Sample 1,Cell type 2
848,-2.6559266242821447,2.267540193734129,0,Sample 1,Cell type 1
849,-2.981094115160971,0.6395638682850739,0,Sample 1,Cell type 1
850,-2.6578707362458607,-0.3025465673070234,0,Sample 1,Cell type 1
851,-3.5243434819970263,3.5095883639687298,0,Sample 1,Cell type 1
852,3.0636052318597784,1.5781133747510379,1,Sample 1,Cell type 2
853,3.2323122204481294,-1.0990805491910698,1,Sample 1,Cell type 2
854,-3.041113841647416,3.6018808658216317,0,Sample 1,Cell type 1
855,-2.2540746417527195,1.6314744250785937,0,Sample 1,Cell type 1
856,2.8150378385730015,-3.85534515869122,1,Sample 1,Cell type 2
857,2.4568761207954086,-1.9646071607546292,1,Sample 1,Cell type 2
858,3.30145988294555,-0.9951416767704144,1,Sample 1,Cell type 2
859,-0.7774540339907547,-1.534695125776099,0,Sample 1,Cell type 1
860,-2.4093836715697883,-2.876555956634734,0,Sample 1,Cell type 1
861,-1.5564479034229703,-0.9383513042094096,0,Sample 1,Cell type 1
862,2.1399897136033488,2.5142984337251457,1,Sample 1,Cell type 2
863,-1.6745243684250921,-2.971120746073944,0,Sample 1,Cell type 1
864,2.930103922359904,0.8563724956211523,1,Sample 1,Cell type 2
865,-4.5242300181970645,-0.5720084437602216,0,Sample 1,Cell type 1
866,2.5057427735263538,-4.172955316742169,1,Sample 1,Cell type 2
867,-4.221452321063444,-1.4383066384848404,0,Sample 1,Cell type 1
868,2.753086657228916,-1.7704973722484452,1,Sample 1,Cell type 2
869,1.5595243155001186,-1.7901396845532094,1,Sample 1,Cell type 2
870,-1.2090309847530822,0.9070686030279597,0,Sample 1,Cell type 1
871,-3.5878849127839354,1.4925071320544414,0,Sample 1,Cell type 1
872,-2.2414658286521747,-0.29520517259733736,0,Sample 1,Cell type 1
873,3.60119716001563,0.6262642800263106,1,Sample 1,Cell type 2
874,-2.485265296648359,3.352874624550566,0,Sample 1,Cell type 1
875,3.0212175930716048,-2.2753713408496337,1,Sample 1,Cell type 2
876,-1.5805813389714594,-1.406352850251775,0,Sample 1,Cell type 1
877,-1.542742798668407,-0.3170591460539401,0,Sample 1,Cell type 1
878,-2.649715412003639,1.9714599913597262,0,Sample 1,Cell type 1
879,4.176674801447327,3.1888847834983935,1,Sample 1,Cell type 2
880,-2.341532191385716,-0.28872082384788494,0,Sample 1,Cell type 1
881,-3.3727731441721587,-0.8216285759091696,0,Sample 1,Cell type 1
882,-1.8596723798178543,1.5085826596271488,0,Sample 1,Cell type 1
883,-2.653888771824898,0.6030946846672249,0,Sample 1,Cell type 1
884,-2.2690450965761144,0.5206436775424415,0,Sample 1,Cell type 1
885,1.2738395520880552,-0.39256130277587364,1,Sample 1,Cell type 2
886,3.2898676132712814,-0.15190204728504553,1,Sample 1,Cell type 2
887,1.9146946088731776,3.780881370311566,1,Sample 1,Cell type 2
888,-2.1449444574830174,1.5492681068586736,0,Sample 1,Cell type 1
889,2.8936150783942396,-1.0520696853351608,1,Sample 1,Cell type 2
890,2.568254514052019,-1.6165314432818527,1,Sample 1,Cell type 2
891,1.300787231633279,-0.18368952866991026,1,Sample 1,Cell type 2
892,1.6915214240568692,-1.0304367876164855,1,Sample 1,Cell type 2
893,1.4845356027626406,3.4050293162592116,1,Sample 1,Cell type 2
894,1.4702691451326,-2.7942363702259825,1,Sample 1,Cell type 2
895,-2.0274761354461526,2.2174071611658155,0,Sample 1,Cell type 1
896,2.5305903959680225,-2.8971828292670883,1,Sample 1,Cell type 2
897,3.1145657733053898,0.43079301091257594,1,Sample 1,Cell type 2
898,2.276829655734553,-0.5595203369916688,1,Sample 1,Cell type 2
899,-3.1323795643562495,0.9429367142719914,0,Sample 1,Cell type 1
900,-3.593502958732337,-0.4495308037853671,0,Sample 1,Cell type 1
901,1.876117643022689,2.163969618499885,1,Sample 1,Cell type 2
902,2.5687144050346644,-4.43860074549507,1,Sample 1,Cell type 2
903,-2.4091861237990018,1.3242613490420934,0,Sample 1,Cell type 1
904,3.0884975977965974,3.56359781754212,1,Sample 1,Cell type 2
905,2.01620426836943,-4.411132114198138,1,Sample 1,Cell type 2
906,2.853045721359397,-1.4663123942199932,1,Sample 1,Cell type 2
907,-2.941778435424777,1.2658636355110218,0,Sample 1,Cell type 1
908,2.885653381868309,0.7374662946350395,1,Sample 1,Cell type 2
909,-1.1139880004119265,4.462600292385265,0,Sample 1,Cell type 1
910,-1.9337984516356195,-1.1249335517885353,0,Sample 1,Cell type 1
911,-3.764952561625707,1.790076628152231,0,Sample 1,Cell type 1
912,1.7282356593994281,3.2569371095446438,1,Sample 1,Cell type 2
913,-3.0205140552974616,-0.9742507675293921,0,Sample 1,Cell type 1
914,-2.543915200493029,0.5711081497153139,0,Sample 1,Cell type 1
915,2.724807400225445,-4.265191252309672,1,Sample 1,Cell type 2
916,-3.12879156840636,-2.662465907115556,0,Sample 1,Cell type 1
917,2.885799162144526,-2.4753248446545957,1,Sample 1,Cell type 2
918,2.086856284889943,-0.3929331668561944,1,Sample 1,Cell type 2
919,2.321438196292156,2.9797268772041647,1,Sample 1,Cell type 2
920,-2.757308040973906,4.153495967121682,0,Sample 1,Cell type 1
921,-3.050520276142179,4.5048716106886175,0,Sample 1,Cell type 1
922,-1.5295218400166533,0.2834338272798095,0,Sample 1,Cell type 1
923,2.9687233609317194,-1.473540271895244,1,Sample 1,Cell type 2
924,-3.013185276178362,0.8638450893478813,0,Sample 1,Cell type 1
925,-2.0086666399652597,1.5150154200946102,0,Sample 1,Cell type 1
926,2.0976201835589254,0.5269744306621191,1,Sample 1,Cell type 2
927,-1.8039458154489965,0.9913637759452093,0,Sample 1,Cell type 1
928,2.2761517260983952,-1.9290755898203826,1,Sample 1,Cell type 2
929,2.6658138635191553,0.13868867407250085,1,Sample 1,Cell type 2
930,-2.3505865884183375,-1.510765864706645,0,Sample 1,Cell type 1
931,-0.979047451397594,-0.12132162762924156,0,Sample 1,Cell type 1
932,2.2045782886030376,0.28677693468450216,1,Sample 1,Cell type 2
933,-2.3614552593190545,0.7706347594576736,0,Sample 1,Cell type 1
934,-1.7646168523398371,-1.3362881710779881,0,Sample 1,Cell type 1
935,-2.3204385451520224,2.094196605224309,0,Sample 1,Cell type 1
936,3.3521375725715092,2.9052334909723587,1,Sample 1,Cell type 2
937,-2.774171613221416,-1.604554538443238,0,Sample 1,Cell type 1
938,2.8458103605073246,0.9400883747364043,1,Sample 1,Cell type 2
939,1.8420640540942395,2.242061334648943,1,Sample 1,Cell type 2
940,-3.224585840690095,-1.30753267729764,0,Sample 1,Cell type 1
941,-2.9981194893875616,0.3892149104744855,0,Sample 1,Cell type 1
942,3.908950499893899,-0.0006273452235494243,1,Sample 1,Cell type 2
943,2.767087973254828,2.862733563662367,1,Sample 1,Cell type 2
944,-1.2254506986884823,-1.0224313528623703,0,Sample 1,Cell type 1
945,2.5063041477557824,-0.6512221042970072,1,Sample 1,Cell type 2
946,2.686229394352131,-1.5135279540318527,1,Sample 1,Cell type 2
947,3.1787447057642275,-4.49377866796921,1,Sample 1,Cell type 2
948,1.079011813681344,0.8173056229613418,1,Sample 1,Cell type 2
949,-2.3551827530370346,-2.593663895911693,0,Sample 1,Cell type 1
950,4.063325947000229,-1.0114934085238734,1,Sample 1,Cell type 2
951,2.945242499627007,-2.6709631381997827,1,Sample 1,Cell type 2
952,-1.6335590054597784,2.107604104069806,0,Sample 1,Cell type 1
953,-3.531968719792843,-2.590157544127232,0,Sample 1,Cell type 1
954,2.5272219288577857,0.22274520368010486,1,Sample 1,Cell type 2
955,2.6851567380204577,1.2929790754515413,1,Sample 1,Cell type 2
956,-2.2352958142284343,1.6670579232178495,0,Sample 1,Cell type 1
957,-2.7552431485332947,-1.592051713606978,0,Sample 1,Cell type 1
958,0.9851082664369715,0.42658741474587714,1,Sample 1,Cell type 2
959,-2.0824467475064816,0.5939693464663721,0,Sample 1,Cell type 1
960,-2.107220038689399,1.469755572099635,0,Sample 1,Cell type 1
961,3.123479203124266,-0.07803903875508823,1,Sample 1,Cell type 2
962,-2.3040267431130217,-1.0138863507422595,0,Sample 1,Cell type 1
963,-2.879071477656733,-0.028904541756558207,0,Sample 1,Cell type 1
964,2.4657412949507402,0.11604546961679046,1,Sample 1,Cell type 2
965,2.6569051672191257,-1.8081365794720006,1,Sample 1,Cell type 2
966,2.612786159689648,3.177253856087192,1,Sample 1,Cell type 2
967,-2.420534155656619,1.502774246743578,0,Sample 1,Cell type 1
968,-2.0895153614591337,-0.5190933551678344,0,Sample 1,Cell type 1
969,-4.62077584671441,2.1830137038449235,0,Sample 1,Cell type 1
970,-1.839666920809576,1.6270192720012773,0,Sample 1,Cell type 1
971,2.9425193251033672,-1.0964005963335453,1,Sample 1,Cell type 2
972,2.11315081292277,-1.2243338343096415,1,Sample 1,Cell type 2
973,-2.559546743280037,1.241344195101356,0,Sample 1,Cell type 1
974,-0.7935733002749865,-3.9041755990450038,0,Sample 1,Cell type 1
975,-2.6028300091511447,-3.763698090995278,0,Sample 1,Cell type 1
976,-2.393624260682499,-1.4002416298783467,0,Sample 1,Cell type 1
977,-2.4485759847236297,-2.1554895558586122,0,Sample 1,Cell type 1
978,2.673420451010103,-2.194605055265688,1,Sample 1,Cell type 2
979,2.899748088242347,0.9440045418385489,1,Sample 1,Cell type 2
980,3.2143630960870153,3.6592404034321744,1,Sample 1,Cell type 2
981,2.652339111940046,0.8984374425700686,1,Sample 1,Cell type 2
982,-3.310264896267539,0.6284946651905478,0,Sample 1,Cell type 1
983,2.954482564102917,-2.0993109978198823,1,Sample 1,Cell type 2
984,-2.4534330252432,-2.285940595661246,0,Sample 1,Cell type 1
985,2.8434726582413874,0.759279296771931,1,Sample 1,Cell type 2
986,1.034654202235179,-2.102619823278689,1,Sample 1,Cell type 2
987,-1.7647388136097852,-0.5805490883773027,0,Sample 1,Cell type 1
988,-3.5785483376845706,1.4865281880454302,0,Sample 1,Cell type 1
989,-1.0013617790259635,2.160096131429297,0,Sample 1,Cell type 1
990,4.325321469231074,-1.2352833538673933,1,Sample 1,Cell type 2
991,2.3617586100828287,1.5438403096733502,1,Sample 1,Cell type 2
992,4.199817122413569,2.6626781239768067,1,Sample 1,Cell type 2
993,1.5955077320499789,1.2454224478005371,1,Sample 1,Cell type 2
994,-3.3850679792048224,-2.3924132481613416,0,Sample 1,Cell type 1
995,-2.0432875914454662,2.271131280361198,0,Sample 1,Cell type 1
996,2.8665344918309588,-1.9594424494336138,1,Sample 1,Cell type 2
997,-2.774150075264279,-0.742881731991583,0,Sample 1,Cell type 1
998,3.380657118738084,2.122741929746267,1,Sample 1,Cell type 2
999,-2.515535684710186,-0.6063595656685509,0,Sample 1,Cell type 1
1000,-2.445977436249661,-2.8494963724269136,0,Sample 1,Cell type 1
1001,-1.289240205406295,1.261623369109555,0,Sample 1,Cell type 1
1002,-1.6949657526284474,-1.1537837390462975,0,Sample 1,Cell type 1
1003,-2.357839199253397,-2.6706887174202025,0,Sample 1,Cell type 1
1004,-2.7789217075262873,-0.6985154086368577,0,Sample 1,Cell type 1
1005,3.4975133724277754,-0.1240080187320635,1,Sample 1,Cell type 2
1006,-2.002552030226243,-3.140449439780913,0,Sample 1,Cell type 1
1007,1.5402419773077534,-4.632287725937754,1,Sample 1,Cell type 2
1008,2.7337541826610985,-0.3746580368127494,1,Sample 1,Cell type 2
1009,3.614763622019545,1.421098204595571,1,Sample 1,Cell type 2
1010,3.3479491072372976,1.234011899153395,1,Sample 1,Cell type 2
1011,2.269161043299436,-1.5675070422488568,1,Sample 1,Cell type 2
1012,2.6386733314963267,0.4879063958170005,1,Sample 1,Cell type 2
1013,-2.429274490966522,2.9550601621105237,0,Sample 1,Cell type 1
1014,0.4763519378445573,-0.5932149181395967,1,Sample 1,Cell type 2
1015,-1.6551545527471585,0.44647782825831933,0,Sample 1,Cell type 1
1016,-2.849108712421255,-0.2192196078516617,0,Sample 1,Cell type 1
1017,2.3479687719988043,-0.7148908456208545,1,Sample 1,Cell type 2
1018,2.4487377886810267,1.0725818190343799,1,Sample 1,Cell type 2
1019,-2.583559374829977,-0.33764344638002125,0,Sample 1,Cell type 1
1020,2.1800807502950903,0.538589505161468,1,Sample 1,Cell type 2
1021,3.2600126629357167,0.4860094441087994,1,Sample 1,Cell type 2
1022,-2.2061701492789276,3.676367353590245,0,Sample 1,Cell type 1
1023,2.89314356217616,1.1395207143972939,1,Sample 1,Cell type 2
1024,-2.6689041910621554,-1.9743590543023681,0,Sample 1,Cell type 1
1025,-1.184025829198973,-0.49807207911275664,0,Sample 1,Cell type 1
1026,3.8565783022486926,3.794577389546223,1,Sample 1,Cell type 2
1027,2.836075592361473,1.213701186431342,1,Sample 1,Cell type 2
1028,1.8148014100726408,0.19534075349667082,1,Sample 1,Cell type 2
1029,2.755619736626364,3.30723453698457,1,Sample 1,Cell type 2
1030,2.1937462483096253,-0.24745789254967232,1,Sample 1,Cell type 2
1031,2.9391070682538913,-0.5099115871073957,1,Sample 1,Cell type 2
1032,-3.750036685509234,-1.0581053546925896,0,Sample 1,Cell type 1
1033,-2.402161997574173,1.0865960580727758,0,Sample 1,Cell type 1
1034,2.8789056614491635,-1.8527622599630769,1,Sample 1,Cell type 2
1035,2.904992791444741,2.894611398783613,1,Sample 1,Cell type 2
1036,-2.5279907923975693,3.54160127127102,0,Sample 1,Cell type 1
1037,3.8996671233643365,2.7629081573809735,1,Sample 1,Cell type 2
1038,-3.372319261954277,2.82186475949254,0,Sample 1,Cell type 1
1039,0.15644104799818548,4.105944049003326,1,Sample 1,Cell type 2
1040,2.1374012727815894,2.904935068941491,1,Sample 1,Cell type 2
1041,-0.7741534293875971,-1.211429846006677,0,Sample 1,Cell type 1
1042,-1.993774507114972,4.541385715608792,0,Sample 1,Cell type 1
1043,2.900192375549256,-1.0672006128783338,1,Sample 1,Cell type 2
1044,2.316160295539845,-1.7028128685206272,1,Sample 1,Cell type 2
1045,4.1398496766287405,0.001365637914965256,1,Sample 1,Cell type 2
1046,-1.1578393487388474,-1.1071764834159892,0,Sample 1,Cell type 1
1047,3.713115244202858,1.204236640784967,1,Sample 1,Cell type 2
1048,-2.0599583207803587,-1.9366889097272708,0,Sample 1,Cell type 1
1049,2.977782574602708,-1.8966960084484017,1,Sample 1,Cell type 2
1050,-2.210883515593269,3.0760731329319384,0,Sample 1,Cell type 1
1051,0.7094150133400223,-4.241400305270132,1,Sample 1,Cell type 2
1052,-4.035016972239234,-0.053027750898433756,0,Sample 1,Cell type 1
1053,2.237684226789666,0.3103813677179583,1,Sample 1,Cell type 2
1054,2.117883533916796,-2.5102707439467897,1,Sample 1,Cell type 2
1055,2.5847155624921876,1.1688259609449685,1,Sample 1,Cell type 2
1056,-3.3012960079159326,-0.5622005857719098,0,Sample 1,Cell type 1
1057,-2.43072817002168,-0.31135447078415895,0,Sample 1,Cell type 1
1058,3.307577430876775,-1.6898828771869927,1,Sample 1,Cell type 2
1059,1.9598573800204946,-0.28903734143103565,1,Sample 1,Cell type 2
1060,1.7348508985455928,0.9448125557607547,1,Sample 1,Cell type 2
1061,-2.251273947521596,2.9507124338991044,0,Sample 1,Cell type 1
1062,-2.4224032280058254,1.1903140508738272,0,Sample 1,Cell type 1
1063,2.2121850833687313,-2.6520953721640765,1,Sample 1,Cell type 2
1064,-2.3064301827471727,-3.826560489315596,0,Sample 1,Cell type 1
1065,3.4743673218444466,-1.0263927290267922,1,Sample 1,Cell type 2
1066,3.3583824382128094,4.7277449892387216,1,Sample 1,Cell type 2
1067,2.0307749843488514,0.4484328085815861,1,Sample 1,Cell type 2
1068,-2.872248365424043,-0.2118967086082713,0,Sample 1,Cell type 1
1069,3.338965701133251,3.3108142261765905,1,Sample 1,Cell type 2
1070,1.866064063200031,-0.6159230592780806,1,Sample 1,Cell type 2
1071,-2.1168161394028866,0.6673242105738966,0,Sample 1,Cell type 1
1072,-2.976529035234794,2.748876186341635,0,Sample 1,Cell type 1
1073,2.7270008189292008,-1.9757466818014984,1,Sample 1,Cell type 2
1074,-2.282736930243701,-2.5534971516406193,0,Sample 1,Cell type 1
1075,-3.0722429674079748,1.359195497869352,0,Sample 1,Cell type 1
1076,-2.7581438710737087,-0.5016660329100947,0,Sample 1,Cell type 1
1077,-1.5231730435797175,1.1641954069372316,0,Sample 1,Cell type 1
1078,-2.679884785446463,-1.3000051616469197,0,Sample 1,Cell type 1
1079,-3.1050805962274426,-2.8445074191953483,0,Sample 1,Cell type 1
1080,2.9444101170737986,-1.8373730229721887,1,Sample 1,Cell type 2
1081,-1.2993921674925513,1.7004434842269858,0,Sample 1,Cell type 1
1082,2.764681043692462,2.902002876262672,1,Sample 1,Cell type 2
1083,2.6517649340883165,-1.3239643555932181,1,Sample 1,Cell type 2
1084,-2.6336944642534834,0.29342737286664566,0,Sample 1,Cell type 1
1085,1.7669432647412642,-1.67384140759256,1,Sample 1,Cell type 2
1086,3.1977576000583823,-0.6301734623882173,1,Sample 1,Cell type 2
1087,3.6430861662508542,-2.9482642640842114,1,Sample 1,Cell type 2
1088,-3.349914822517504,0.8566141944152972,0,Sample 1,Cell type 1
1089,-2.422337960521568,1.9372899810657784,0,Sample 1,Cell type 1
1090,-2.6767713390637313,0.05377167798906156,0,Sample 1,Cell type 1
1091,2.6402294231471393,-2.6734508777518613,1,Sample 1,Cell type 2
1092,-0.8507971386908817,2.4167324611862853,0,Sample 1,Cell type 1
1093,-1.5178648060213662,-2.419282037382411,0,Sample 1,Cell type 1
1094,1.9126609609772034,0.16399111282712084,1,Sample 1,Cell type 2
1095,2.4250910490086635,2.65159329508438,1,Sample 1,Cell type 2
1096,3.4541881323331314,-2.5157363118177756,1,Sample 1,Cell type 2
1097,1.665937844263539,-2.34446750687328,1,Sample 1,Cell type 2
1098,2.0289065386090432,-1.6745248620994007,1,Sample 1,Cell type 2
1099,-2.2415365815071766,-0.5047070042525752,0,Sample 1,Cell type 1
1100,-2.556399022447273,0.973003287652404,0,Sample 1,Cell type 1
1101,0.973753953698087,-1.7207700215590038,1,Sample 1,Cell type 2
1102,3.1600786117341078,-1.7342604314218009,1,Sample 1,Cell type 2
1103,-1.4460847474925393,0.39519920938479935,0,Sample 1,Cell type 1
1104,-2.0362934614291395,0.6515926331643329,0,Sample 1,Cell type 1
1105,1.6318795787537614,-1.6508210599579103,1,Sample 1,Cell type 2
1106,2.568167559707121,-5.9822719418014465,1,Sample 1,Cell type 2
1107,2.3153069009241847,2.9065213266420686,1,Sample 1,Cell type 2
1108,-2.87073415424997,-0.9314595071405138,0,Sample 1,Cell type 1
1109,-3.349842970980884,0.9471848612703632,0,Sample 1,Cell type 1
1110,-3.467755794272886,1.199857459992409,0,Sample 1,Cell type 1
1111,0.7773256641030044,2.1943054235073913,1,Sample 1,Cell type 2
1112,-3.2229614885841027,0.648718563443206,0,Sample 1,Cell type 1
1113,2.8318924002895285,0.9265770602362124,1,Sample 1,Cell type 2
1114,0.41662891469829244,0.3978962935929891,1,Sample 1,Cell type 2
1115,-2.438542487151796,-2.5659844483771392,0,Sample 1,Cell type 1
1116,-3.2994417858359286,-1.0095498424564349,0,Sample 1,Cell type 1
1117,1.8356444747547478,1.0450282105315152,1,Sample 1,Cell type 2
1118,2.547187377271678,0.893745001605396,1,Sample 1,Cell type 2
1119,-3.241882507352459,0.47673796546957026,0,Sample 1,Cell type 1
1120,1.8452570672463988,3.0647354493562324,1,Sample 1,Cell type 2
1121,1.0279378043953977,-0.06456122209894066,1,Sample 1,Cell type 2
1122,-2.0097808759499443,-2.1068311263473123,0,Sample 1,Cell type 1
1123,-2.3073974564091455,5.20336622836079,0,Sample 1,Cell type 1
1124,-1.7013512814816316,-0.8632406254360969,0,Sample 1,Cell type 1
1125,1.4947944845765948,1.6264103734959545,1,Sample 1,Cell type 2
1126,-3.44660681013262,-4.078464355520202,0,Sample 1,Cell type 1
1127,2.474848663700179,-1.6968572683816294,1,Sample 1,Cell type 2
1128,2.9066149117396716,7.8524754128726535,1,Sample 1,Cell type 2
1129,4.119447698629482,-2.7263480091856214,1,Sample 1,Cell type 2
1130,2.1661065491159324,-0.5901798284758126,1,Sample 1,Cell type 2
1131,1.884003147042034,-2.592233328499789,1,Sample 1,Cell type 2
1132,1.595837020260861,4.823353351156843,1,Sample 1,Cell type 2
1133,-1.9544376229640288,-0.6205335131869121,0,Sample 1,Cell type 1
1134,2.644850194216866,2.6065560746321275,1,Sample 1,Cell type 2
1135,-1.2619958389359507,3.5917553461910434,0,Sample 1,Cell type 1
1136,-0.6608815011045996,-0.7256771208793182,0,Sample 1,Cell type 1
1137,-2.4649508224167125,-0.2940040032569773,0,Sample 1,Cell type 1
1138,3.4445127299617155,-1.2546268919026058,1,Sample 1,Cell type 2
1139,2.1273555447054697,-0.30167542313339063,1,Sample 1,Cell type 2
1140,1.9163180241540725,0.7228346345462058,1,Sample 1,Cell type 2
1141,-2.4370918477471277,-3.9964013690642153,0,Sample 1,Cell type 1
1142,-2.465118042902037,3.390102080861506,0,Sample 1,Cell type 1
1143,2.7708423010287313,-1.875851153072798,1,Sample 1,Cell type 2
1144,3.2465024578728556,-0.4454414015532141,1,Sample 1,Cell type 2
1145,-3.622084217439755,3.4991534863738787,0,Sample 1,Cell type 1
1146,-2.883339390276232,-0.37131795332763423,0,Sample 1,Cell type 1
1147,2.172250725896402,1.4246443191603242,1,Sample 1,Cell type 2
1148,-3.80203395030653,0.096169893322764,0,Sample 1,Cell type 1
1149,1.2884237526553863,0.6431864226784771,1,Sample 1,Cell type 2
1150,-1.281500738184274,1.0778200873693173,0,Sample 1,Cell type 1
1151,-2.17214507445719,-0.4825153092370849,0,Sample 1,Cell type 1
1152,2.7583796028941343,-0.12200794371076712,1,Sample 1,Cell type 2
1153,-3.972699385065316,-2.559153933471403,0,Sample 1,Cell type 1
1154,-2.5916318762020945,2.4756326239469235,0,Sample 1,Cell type 1
1155,-2.7899527531225057,-2.2393397892522877,0,Sample 1,Cell type 1
1156,2.611909786271302,1.9922364298222581,1,Sample 1,Cell type 2
1157,3.031762196266488,-1.105841674734604,1,Sample 1,Cell type 2
1158,-1.1619420905298372,0.8380380187320904,0,Sample 1,Cell type 1
1159,-2.5801232611839624,-0.40734750035393175,0,Sample 1,Cell type 1
1160,-2.7462225879624005,0.43830065532787793,0,Sample 1,Cell type 1
1161,-2.530107761939879,2.206603764033043,0,Sample 1,Cell type 1
1162,3.1725875857036394,0.4156050147066268,1,Sample 1,Cell type 2
1163,-2.0623220950639696,-0.4043853048677881,0,Sample 1,Cell type 1
1164,-2.5265015782990377,3.5891157270355754,0,Sample 1,Cell type 1
1165,-1.7803200996533994,0.6145990417532187,0,Sample 1,Cell type 1
1166,-2.951398078925911,0.36910260639407394,0,Sample 1,Cell type 1
1167,-2.234148790416327,-1.4969730731131072,0,Sample 1,Cell type 1
1168,-3.0939764685584388,-2.640045022441412,0,Sample 1,Cell type 1
1169,2.0085414847229646,-1.4195779844670704,1,Sample 1,Cell type 2
1170,2.536178167199986,0.1023958037621707,1,Sample 1,Cell type 2
1171,-3.061642475101882,-0.6553242931955365,0,Sample 1,Cell type 1
1172,-2.5706903673642683,-0.7400220597642554,0,Sample 1,Cell type 1
1173,3.622695976100153,1.3958065450780552,1,Sample 1,Cell type 2
1174,-2.5200215669961152,1.6355325984005742,0,Sample 1,Cell type 1
1175,2.9516847407148803,-2.039328677384231,1,Sample 1,Cell type 2
1176,3.245753251408308,-0.4731105744378921,1,Sample 1,Cell type 2
1177,1.2569929871871484,1.6357793160500576,1,Sample 1,Cell type 2
1178,-2.7200413577213154,-4.60384232947117,0,Sample 1,Cell type 1
1179,0.9174198005001517,0.09386980412073927,1,Sample 1,Cell type 2
1180,3.027396534745924,1.8751402752531168,1,Sample 1,Cell type 2
1181,-1.2981143583231773,0.14818956083955037,0,Sample 1,Cell type 1
1182,1.2139521085048206,-1.5254495571324287,1,Sample 1,Cell type 2
1183,1.9226099573301973,0.35364174427879597,1,Sample 1,Cell type 2
1184,-1.9940738087555832,1.94510889925346,0,Sample 1,Cell type 1
1185,1.9327832338956075,3.906518275053137,1,Sample 1,Cell type 2
1186,2.768915970420983,-0.45495251990681557,1,Sample 1,Cell type 2
1187,-1.2076994484244465,-0.6446409384226798,0,Sample 1,Cell type 1
1188,0.8395295927371733,-0.17213938558178613,1,Sample 1,Cell type 2
1189,2.6481404294639312,0.8508897283683446,1,Sample 1,Cell type 2
1190,-2.452295704063861,-1.2938735554111478,0,Sample 1,Cell type 1
1191,-3.4360904208474876,-3.6039608751600394,0,Sample 1,Cell type 1
1192,2.7592456225772484,-2.2953827796313346,1,Sample 1,Cell type 2
1193,3.383101874653006,0.9503354929907633,1,Sample 1,Cell type 2
1194,-3.226419260416969,-2.824607402670583,0,Sample 1,Cell type 1
1195,4.018213613396782,-1.8957854345379728,1,Sample 1,Cell type 2
1196,-2.9429194442777455,-2.395755785177697,0,Sample 1,Cell type 1
1197,0.5093381172696083,-1.3164968246676967,1,Sample 1,Cell type 2
1198,-3.202386069405249,-1.65376070807972,0,Sample 1,Cell type 1
1199,-4.499524571898858,4.5818851451814835,0,Sample 1,Cell type 1
1200,3.365413382138263,-2.6244383868628125,1,Sample 1,Cell type 2
1201,2.9689326403142267,-0.8248276364329609,1,Sample 1,Cell type 2
1202,-3.2735809145033703,-0.09542271228395972,0,Sample 1,Cell type 1
1203,-3.5087071634680362,1.8357238941095522,0,Sample 1,Cell type 1
1204,3.445512874367969,0.9618161854977908,1,Sample 1,Cell type 2
1205,2.820385109205063,0.26213037243169746,1,Sample 1,Cell type 2
1206,3.4272592519647183,-0.6725094773621441,1,Sample 1,Cell type 2
1207,1.8600475946384525,-3.8160042742466156,1,Sample 1,Cell type 2
1208,3.038288988773456,1.183628267482756,1,Sample 1,Cell type 2
1209,-2.2681801144828695,4.150801597290878,0,Sample 1,Cell type 1
1210,0.1744094245426866,-0.7496441132436122,1,Sample 1,Cell type 2
1211,2.679471725422466,1.8080351095226288,1,Sample 1,Cell type 2
1212,3.0542846046542493,1.46927509091866,1,Sample 1,Cell type 2
1213,-3.4500787352236104,0.619641420454055,0,Sample 1,Cell type 1
1214,3.460063165141489,-0.9838048950124103,1,Sample 1,Cell type 2
1215,-3.460237125644621,-0.6690024716818967,0,Sample 1,Cell type 1
1216,-3.626009355774257,-1.5556333751817508,0,Sample 1,Cell type 1
1217,2.0966561351938626,-0.1630453462032918,1,Sample 1,Cell type 2
1218,3.372689336482958,-0.9258790240505166,1,Sample 1,Cell type 2
1219,-2.4609119437394367,0.08118338240776476,0,Sample 1,Cell type 1
1220,1.6931562527390334,-3.9252513833451586,1,Sample 1,Cell type 2
1221,1.5087143394768794,-2.9350505315048805,1,Sample 1,Cell type 2
1222,2.3979607036979727,3.022309860494695,1,Sample 1,Cell type 2
1223,-3.4567064496281477,0.8892053364402814,0,Sample 1,Cell type 1
1224,-1.9092267360036717,0.34273656237994105,0,Sample 1,Cell type 1
1225,-1.7374999636991306,1.026170840194586,0,Sample 1,Cell type 1
1226,2.446257367960516,-1.4315199782215036,1,Sample 1,Cell type 2
1227,-2.328725004695837,-2.491477557423976,0,Sample 1,Cell type 1
1228,-2.999854862156543,0.05218210042166757,0,Sample 1,Cell type 1
1229,-3.1713740185781107,-0.6184247517024292,0,Sample 1,Cell type 1
1230,-3.292429060104551,-1.1325954592055438,0,Sample 1,Cell type 1
1231,1.7434031514425752,1.216492383369937,1,Sample 1,Cell type 2
1232,1.9735068087397947,-0.6074520575533293,1,Sample 1,Cell type 2
1233,-2.7473672616398908,-1.5043128111811666,0,Sample 1,Cell type 1
1234,2.6253549825972198,2.0470612883706893,1,Sample 1,Cell type 2
1235,2.517972714249637,1.09423823035042,1,Sample 1,Cell type 2
1236,-2.514810508793912,-0.5773172778402766,0,Sample 1,Cell type 1
1237,3.3481679259991037,5.519320077822155,1,Sample 1,Cell type 2
1238,-3.373850211738063,-0.6328168993896038,0,Sample 1,Cell type 1
1239,2.847816051645513,0.950861365053247,1,Sample 1,Cell type 2
1240,-2.239093582206306,-2.502227152770606,0,Sample 1,Cell type 1
1241,3.0590627361620277,0.8419458887787796,1,Sample 1,Cell type 2
1242,-2.918178416415232,2.098018451673779,0,Sample 1,Cell type 1
1243,2.438045231419205,-2.3905875271984893,1,Sample 1,Cell type 2
1244,-1.4778680833692601,-1.1831427776716599,0,Sample 1,Cell type 1
1245,-2.2067214031225215,-1.8797595726547107,0,Sample 1,Cell type 1
1246,3.489950507747311,-0.9146033101735801,1,Sample 1,Cell type 2
1247,-2.514967005156718,-0.7770369061777717,0,Sample 1,Cell type 1
1248,-3.5242435189367156,1.7449146565602893,0,Sample 1,Cell type 1
1249,1.8225192270997082,2.4992378105933333,1,Sample 1,Cell type 2
1250,-1.7669378602380148,0.6929769517959854,0,Sample 1,Cell type 1
1251,3.3378541652971587,2.339179984855547,1,Sample 1,Cell type 2
1252,-2.551310677274394,0.6575248206069608,0,Sample 1,Cell type 1
1253,-3.715495972763211,-0.9684681457325028,0,Sample 1,Cell type 1
1254,-2.3721148864020796,-2.0553502818519167,0,Sample 1,Cell type 1
1255,1.6282935701260892,-1.569523816255407,1,Sample 1,Cell type 2
1256,1.2751139979554222,1.0285095120356698,1,Sample 1,Cell type 2
1257,-2.9876097617274264,-0.373942605970892,0,Sample 1,Cell type 1
1258,-2.3202522193984914,1.86518166374618,0,Sample 1,Cell type 1
1259,-2.084522788607062,3.065477826005156,0,Sample 1,Cell type 1
1260,1.9522961393919966,1.5812511983255373,1,Sample 1,Cell type 2
1261,-2.5122478793383967,1.1585829992021768,0,Sample 1,Cell type 1
1262,-1.760778384634479,-0.36980427288597806,0,Sample 1,Cell type 1
1263,-2.4695972174654397,0.2400626534365226,0,Sample 1,Cell type 1
1264,-3.3048139051997616,-2.4283772255754643,0,Sample 1,Cell type 1
1265,1.2862610426626566,1.5011583350435311,1,Sample 1,Cell type 2
1266,3.1864113562417162,-1.6563925459304694,1,Sample 1,Cell type 2
1267,-2.911093533869355,-2.118427043777903,0,Sample 1,Cell type 1
1268,-2.5616813675312833,0.6823039496332878,0,Sample 1,Cell type 1
1269,-1.5731235367940766,-1.641364636703421,0,Sample 1,Cell type 1
1270,2.218868611429014,3.126826717664217,1,Sample 1,Cell type 2
1271,2.189840066873151,-0.8272313312592855,1,Sample 1,Cell type 2
1272,-2.2860861487424775,0.6433956123920272,0,Sample 1,Cell type 1
1273,-4.197483919206876,-1.215643974188865,0,Sample 1,Cell type 1
1274,1.5425690828589507,1.7873953787782217,1,Sample 1,Cell type 2
1275,2.6802112937980396,1.385445510233719,1,Sample 1,Cell type 2
1276,2.2602586815945704,-0.10040923408348958,1,Sample 1,Cell type 2
1277,-1.8645882563025382,-2.508578846338499,0,Sample 1,Cell type 1
1278,-2.521217007399248,-1.7637493024554356,0,Sample 1,Cell type 1
1279,2.1691155732626846,3.775375314680381,1,Sample 1,Cell type 2
1280,2.9047724427646924,-1.4565444048132261,1,Sample 1,Cell type 2
1281,2.2318897750628386,0.684675668979243,1,Sample 1,Cell type 2
1282,3.070169623089065,-3.7663004161171676,1,Sample 1,Cell type 2
1283,-2.2951762125488995,1.9653819678910278,0,Sample 1,Cell type 1
1284,2.702532190430385,1.6406880252249123,1,Sample 1,Cell type 2
1285,-1.9335130586491276,1.9134046335891683,0,Sample 1,Cell type 1
1286,2.1692278711013793,0.5205610131657723,1,Sample 1,Cell type 2
1287,0.9987578351665007,1.2394228919322725,1,Sample 1,Cell type 2
1288,-1.68074997935083,1.1850538984023662,0,Sample 1,Cell type 1
1289,1.006768038911507,2.0150273796738443,1,Sample 1,Cell type 2
1290,2.47310994823703,0.9094818242822689,1,Sample 1,Cell type 2
1291,-2.5561325691669174,-3.321921867031983,0,Sample 1,Cell type 1
1292,-2.069363136760294,2.1450146746196044,0,Sample 1,Cell type 1
1293,1.9737323569182903,1.7090504541332316,1,Sample 1,Cell type 2
1294,-2.9471374778172708,0.7544237501290418,0,Sample 1,Cell type 1
1295,3.0372249373832427,3.0560627187756655,1,Sample 1,Cell type 2
1296,-0.4784540593011024,-1.0617375458406415,0,Sample 1,Cell type 1
1297,-1.5809874397023171,-3.4794275575561997,0,Sample 1,Cell type 1
1298,3.393467020423963,0.3728323394880927,1,Sample 1,Cell type 2
1299,-1.646660248328677,2.3385911808913455,0,Sample 1,Cell type 1
1300,1.3608342780398839,-0.5333046584688296,1,Sample 1,Cell type 2
1301,4.118884975383711,0.013599689119995538,1,Sample 1,Cell type 2
1302,2.865824323692193,2.9116446442935335,1,Sample 1,Cell type 2
1303,2.430051736978255,1.0966392551089974,1,Sample 1,Cell type 2
1304,-2.1944516382147574,0.8600832943821393,0,Sample 1,Cell type 1
1305,-3.154576546586778,4.1847745513709205,0,Sample 1,Cell type 1
1306,3.0330500007273695,0.9251825857079023,1,Sample 1,Cell type 2
1307,-2.3207260145516666,0.025184801563589723,0,Sample 1,Cell type 1
1308,-2.463542528076949,-1.3032006952116344,0,Sample 1,Cell type 1
1309,-1.5262731833396028,3.0426321038449027,0,Sample 1,Cell type 1
1310,-2.6381018399526557,1.767319874973345,0,Sample 1,Cell type 1
1311,-1.4681977967338036,1.346362702539917,0,Sample 1,Cell type 1
1312,-2.1806215019157764,1.294391879405482,0,Sample 1,Cell type 1
1313,2.410792938285645,-1.6099329617051217,1,Sample 1,Cell type 2
1314,-2.876830644494658,0.4640998747152726,0,Sample 1,Cell type 1
1315,-2.3463607068079746,-0.6182329284050028,0,Sample 1,Cell type 1
1316,-2.4265913787715983,-3.9751378292017856,0,Sample 1,Cell type 1
1317,1.554500699663359,0.8989478256646138,1,Sample 1,Cell type 2
1318,2.982475747959067,-1.7010705574940879,1,Sample 1,Cell type 2
1319,-1.6313709400485221,0.1959663069417909,0,Sample 1,Cell type 1
1320,0.9196097830262899,1.5021989090146204,1,Sample 1,Cell type 2
1321,2.4575034775859637,2.447137764837255,1,Sample 1,Cell type 2
1322,-2.502882031272455,-2.3167293783850855,0,Sample 1,Cell type 1
1323,-1.9063237023925543,0.5985851608129839,0,Sample 1,Cell type 1
1324,2.8714958908372594,-1.1011038634169754,1,Sample 1,Cell type 2
1325,-1.842351872004408,3.793585965307895,0,Sample 1,Cell type 1
1326,2.7062020321142004,-2.4835211509632487,1,Sample 1,Cell type 2
1327,-2.1563054246939313,0.4153753743262223,0,Sample 1,Cell type 1
1328,-2.891551554014578,2.088321754138144,0,Sample 1,Cell type 1
1329,-3.288580837068435,1.0080930310356888,0,Sample 1,Cell type 1
1330,-1.8275039787963574,1.0934671364027588,0,Sample 1,Cell type 1
1331,-2.914089039228937,0.44757590327779706,0,Sample 1,Cell type 1
1332,2.849390841386808,0.8085895099233953,1,Sample 1,Cell type 2
1333,-3.5357451805767246,2.321653574757039,0,Sample 1,Cell type 1
1334,1.5773340774354039,-3.374688694221421,1,Sample 1,Cell type 2
1335,-3.157776316453145,0.4873744229838246,0,Sample 1,Cell type 1
1336,1.87584069670603,2.6611498080780804,1,Sample 1,Cell type 2
1337,-3.740530744852906,0.13712594961205465,0,Sample 1,Cell type 1
1338,3.2682438370251763,0.9249672481337081,1,Sample 1,Cell type 2
1339,-3.4359334685682303,-5.744524426563299,0,Sample 1,Cell type 1
1340,-4.165543526306978,3.3929127365800764,0,Sample 1,Cell type 1
1341,4.145234851863633,-2.2617768706518318,1,Sample 1,Cell type 2
1342,1.6691649433248221,-3.262551630921891,1,Sample 1,Cell type 2
1343,-2.6707542967441666,2.9814522736999045,0,Sample 1,Cell type 1
1344,3.056430206052622,1.698204221486288,1,Sample 1,Cell type 2
1345,-2.03064495881978,-0.949807313245049,0,Sample 1,Cell type 1
1346,-2.857857516527001,2.5620327234702263,0,Sample 1,Cell type 1
1347,2.220448538226435,-1.5451374975124814,1,Sample 1,Cell type 2
1348,3.282737689622428,1.0442850918678717,1,Sample 1,Cell type 2
1349,-1.0226904031618673,-2.140169532652305,0,Sample 1,Cell type 1
1350,-2.0448135366517795,3.2567932462570766,0,Sample 1,Cell type 1
1351,3.5253150360030148,1.115382121450249,1,Sample 1,Cell type 2
1352,-2.886194817745626,-1.9066572165174247,0,Sample 1,Cell type 1
1353,-2.1151926146106295,0.44776804855826274,0,Sample 1,Cell type 1
1354,3.904380558652392,3.146039450429713,1,Sample 1,Cell type 2
1355,2.8264422774694045,1.1015951445473267,1,Sample 1,Cell type 2
1356,-3.342945935317083,-2.135605843158386,0,Sample 1,Cell type 1
1357,1.2608315799572198,0.5159519624423617,1,Sample 1,Cell type 2
1358,-4.657509314353257,-0.10858973303562441,0,Sample 1,Cell type 1
1359,-2.0992662499004955,-1.9551104895971023,0,Sample 1,Cell type 1
1360,-3.4551400051192442,0.2858861895274135,0,Sample 1,Cell type 1
1361,-1.9021651159013904,1.2207405308669297,0,Sample 1,Cell type 1
1362,-2.5375364631033475,0.9540816544462429,0,Sample 1,Cell type 1
1363,3.819584715459137,2.1412211199583724,1,Sample 1,Cell type 2
1364,1.776308500004987,2.3455136905348897,1,Sample 1,Cell type 2
1365,-1.8116212093122037,-1.166154877137877,0,Sample 1,Cell type 1
1366,1.4756355431980266,0.3789596424421613,1,Sample 1,Cell type 2
1367,2.5099994575258004,5.736806111333537,1,Sample 1,Cell type 2
1368,2.3593164764543433,3.322940331456037,1,Sample 1,Cell type 2
1369,-2.3208686927482707,2.728280859947689,0,Sample 1,Cell type 1
1370,1.419140507033583,-2.6449159134871403,1,Sample 1,Cell type 2
1371,2.8662182929215088,3.348984866695075,1,Sample 1,Cell type 2
1372,1.9901538023769643,0.9167734071029686,1,Sample 1,Cell type 2
1373,3.377175387048707,-1.2513545749924249,1,Sample 1,Cell type 2
1374,-1.3878339607861492,1.1156206127037245,0,Sample 1,Cell type 1
1375,-1.3230637380051131,-0.41864735430373223,0,Sample 1,Cell type 1
1376,0.9239169458305314,1.7851946765986184,1,Sample 1,Cell type 2
1377,-2.5262026161727986,-1.08684954226753,0,Sample 1,Cell type 1
1378,1.5382803791391289,-0.7913614235125277,1,Sample 1,Cell type 2
1379,-3.4895605687024656,-2.6409132261685526,0,Sample 1,Cell type 1
1380,-3.2719387684640835,1.3721029199968786,0,Sample 1,Cell type 1
1381,-2.0091856218156665,-2.045585130396811,0,Sample 1,Cell type 1
1382,3.0036236673774486,-1.608631519319985,1,Sample 1,Cell type 2
1383,-1.0208351240437237,2.253130059095515,0,Sample 1,Cell type 1
1384,2.6778318846406832,2.5577316266267864,1,Sample 1,Cell type 2
1385,-2.6525459206106774,0.43486574635944575,0,Sample 1,Cell type 1
1386,-2.527747909909425,0.4684294650730415,0,Sample 1,Cell type 1
1387,2.0145078577142597,0.9153731721071041,1,Sample 1,Cell type 2
1388,-3.291683856206865,-0.2515738401992963,0,Sample 1,Cell type 1
1389,1.7669807195490201,2.7108856022109915,1,Sample 1,Cell type 2
1390,3.085104202059994,1.180844122502927,1,Sample 1,Cell type 2
1391,-4.120114069326085,0.3729086295388553,0,Sample 1,Cell type 1
1392,3.3974862849843768,4.640081444034519,1,Sample 1,Cell type 2
1393,1.2312133502096332,-3.75984877027809,1,Sample 1,Cell type 2
1394,-2.260997673307451,-1.5035821001903686,0,Sample 1,Cell type 1
1395,-3.309683500208134,-3.309713343731539,0,Sample 1,Cell type 1
1396,-2.7151109524438644,-2.2130518174833407,0,Sample 1,Cell type 1
1397,2.150588610209426,-3.213154201477359,1,Sample 1,Cell type 2
1398,-2.510797779790347,-2.1154218579118007,0,Sample 1,Cell type 1
1399,-2.0960101768156343,1.731510388340243,0,Sample 1,Cell type 1
1400,2.7218867695717406,-0.04455795836742663,1,Sample 1,Cell type 2
1401,1.8325415636067341,1.5280595631457192,1,Sample 1,Cell type 2
1402,-1.543962696860126,-3.04637380956755,0,Sample 1,Cell type 1
1403,-1.8928571281705877,0.5623828479387516,0,Sample 1,Cell type 1
1404,-1.5347928267933146,-1.6338713419744721,0,Sample 1,Cell type 1
1405,3.2822524397489605,-4.211293883680649,1,Sample 1,Cell type 2
1406,-2.714824518324666,-1.782384450830575,0,Sample 1,Cell type 1
1407,1.0648860017056876,-2.7108950062245785,1,Sample 1,Cell type 2
1408,1.6598874083182835,1.514990298674971,1,Sample 1,Cell type 2
1409,-2.8410860769644346,2.2968914183935096,0,Sample 1,Cell type 1
1410,-2.515212966322151,-2.0050587292756177,0,Sample 1,Cell type 1
1411,-2.7020545211145284,-2.495566363929699,0,Sample 1,Cell type 1
1412,2.683259750564562,2.1486360254311228,1,Sample 1,Cell type 2
1413,3.023980467377352,1.6215972911834198,1,Sample 1,Cell type 2
1414,2.809058654249248,-0.4089424419722431,1,Sample 1,Cell type 2
1415,3.1711524003756897,-1.2345063730938464,1,Sample 1,Cell type 2
1416,-2.1026286775910137,-0.2765286023423693,0,Sample 1,Cell type 1
1417,-2.715525467555646,1.4350845115919246,0,Sample 1,Cell type 1
1418,1.908502874032771,2.3837986688271458,1,Sample 1,Cell type 2
1419,1.4017124388151487,0.7029598007044034,1,Sample 1,Cell type 2
1420,2.1363618250052445,-0.437306554870072,1,Sample 1,Cell type 2
1421,1.7274681571814337,3.2583327298018903,1,Sample 1,Cell type 2
1422,-2.4340481976523973,-2.915102998929861,0,Sample 1,Cell type 1
1423,-2.3222929826930296,-0.9574972433269546,0,Sample 1,Cell type 1
1424,-2.11221374616442,-1.692713309981747,0,Sample 1,Cell type 1
1425,0.9701960196641783,-0.13726809217093722,1,Sample 1,Cell type 2
1426,1.996589285045769,3.0674554198329984,1,Sample 1,Cell type 2
1427,3.045655592050105,0.25235580732393437,1,Sample 1,Cell type 2
1428,-2.6336973710291294,0.5651599009765993,0,Sample 1,Cell type 1
1429,-2.924400918088422,-1.15163648128936,0,Sample 1,Cell type 1
1430,3.536850449425117,-2.2143136336049034,1,Sample 1,Cell type 2
1431,0.8852097084890895,0.29012749191876325,1,Sample 1,Cell type 2
1432,-2.286359787304593,1.7792615912468743,0,Sample 1,Cell type 1
1433,1.6789046338672864,2.4600011454383,1,Sample 1,Cell type 2
1434,-2.439356353445019,-1.3543234230242236,0,Sample 1,Cell type 1
1435,1.423303261221428,-1.6385157194429956,1,Sample 1,Cell type 2
1436,-1.4556169542765367,0.0420076832655181,0,Sample 1,Cell type 1
1437,3.68154754089462,-2.3355591025358704,1,Sample 1,Cell type 2
1438,-3.081709740659895,-0.49503727110300955,0,Sample 1,Cell type 1
1439,1.9461997365872827,-3.9378462848321667,1,Sample 1,Cell type 2
1440,-1.917896365090416,0.10389177161459887,0,Sample 1,Cell type 1
1441,3.83876167223883,2.680922103580696,1,Sample 1,Cell type 2
1442,2.5150552397924786,-2.3433086946351236,1,Sample 1,Cell type 2
1443,2.8033224949808995,2.4604443513015752,1,Sample 1,Cell type 2
1444,-1.2972813585862795,1.754724581151343,0,Sample 1,Cell type 1
1445,-3.335847355216827,-3.9327131787520035,0,Sample 1,Cell type 1
1446,-2.052167641655168,2.1615614511092436,0,Sample 1,Cell type 1
1447,-2.0817316095716003,-1.147400007877158,0,Sample 1,Cell type 1
1448,2.484591696212484,-0.5257816584165353,1,Sample 1,Cell type 2
1449,3.205126023138857,1.4422707250911635,1,Sample 1,Cell type 2
1450,-1.8652090235582297,-3.497063946476362,0,Sample 1,Cell type 1
1451,2.375281457650666,-1.0965745929812019,1,Sample 1,Cell type 2
1452,-2.563713112996572,0.9047435924994679,0,Sample 1,Cell type 1
1453,3.1257040012251673,-1.5817987633351063,1,Sample 1,Cell type 2
1454,1.499673812824226,1.2090306527107337,1,Sample 1,Cell type 2
1455,-1.6007098240111892,1.895052924245716,0,Sample 1,Cell type 1
1456,-2.9369955586019865,0.783608010805093,0,Sample 1,Cell type 1
1457,3.835255620661065,-1.8851160115837529,1,Sample 1,Cell type 2
1458,2.801127620878013,-1.8041031087150208,1,Sample 1,Cell type 2
1459,2.4018328531234205,0.18674474855330248,1,Sample 1,Cell type 2
1460,2.498076927264917,-1.1785433035786124,1,Sample 1,Cell type 2
1461,-3.703776299224802,1.5201119273792052,0,Sample 1,Cell type 1
1462,-3.602135494365673,-1.8756500798302456,0,Sample 1,Cell type 1
1463,-3.940846187322191,-1.0853475994680435,0,Sample 1,Cell type 1
1464,2.1743709496585755,1.3726369139134018,1,Sample 1,Cell type 2
1465,-2.1053456792952887,0.36967224738974785,0,Sample 1,Cell type 1
1466,2.631808672989213,0.10177540371203614,1,Sample 1,Cell type 2
1467,2.7820039746855034,-1.1407027328273611,1,Sample 1,Cell type 2
1468,2.6872195634825182,-0.49705723614889874,1,Sample 1,Cell type 2
1469,2.6563853852426327,-0.19769040247861214,1,Sample 1,Cell type 2
1470,-1.5093735428530914,0.0425431534721233,0,Sample 1,Cell type 1
1471,3.1054309439895857,1.2249375880272046,1,Sample 1,Cell type 2
1472,1.9868104727645521,0.975744569742148,1,Sample 1,Cell type 2
1473,3.266708655873634,0.1033219537021596,1,Sample 1,Cell type 2
1474,3.046663194248856,-0.4186276391587232,1,Sample 1,Cell type 2
1475,-3.1620721765189757,0.1722877660927495,0,Sample 1,Cell type 1
1476,-1.2595996057487384,-1.996708081477582,0,Sample 1,Cell type 1
1477,3.8147025246436272,0.7212957828715899,1,Sample 1,Cell type 2
1478,-1.8314463103478866,-2.259413709315236,0,Sample 1,Cell type 1
1479,3.67134179100195,1.993717546931616,1,Sample 1,Cell type 2
1480,-3.6188540590553133,1.1259384733811417,0,Sample 1,Cell type 1
1481,2.5670613023434887,2.820918290407008,1,Sample 1,Cell type 2
1482,3.0004064134648285,1.7704629659779823,1,Sample 1,Cell type 2
1483,-2.3931672761741742,-0.3049396727610878,0,Sample 1,Cell type 1
1484,-1.2590784195819815,0.23134926858571736,0,Sample 1,Cell type 1
1485,2.1818562451083165,-2.368061116445119,1,Sample 1,Cell type 2
1486,-2.692260318526508,-0.7496416150991951,0,Sample 1,Cell type 1
1487,-4.39034594843347,-2.019461409419875,0,Sample 1,Cell type 1
1488,-2.5204432567931563,2.3454580385187294,0,Sample 1,Cell type 1
1489,1.8893711166571348,0.07587567089520406,1,Sample 1,Cell type 2
1490,-1.3058491448323826,-0.5422472020851375,0,Sample 1,Cell type 1
1491,-2.1802496385978865,-1.302713787583658,0,Sample 1,Cell type 1
1492,2.3445846944171844,-1.511583000316726,1,Sample 1,Cell type 2
1493,2.5056505269025413,-1.3206422789468941,1,Sample 1,Cell type 2
1494,-3.4207948619378423,0.751396036691344,0,Sample 1,Cell type 1
1495,3.869632227214314,-3.4952730196565236,1,Sample 1,Cell type 2
1496,2.767341133795918,-0.3105180976494975,1,Sample 1,Cell type 2
1497,-3.996633536820685,-0.7030269680826173,0,Sample 1,Cell type 1
1498,-2.0475922834947644,-3.521525518311636,0,Sample 1,Cell type 1
1499,-3.2187317370786865,0.9838383430130115,0,Sample 1,Cell type 1
1500,-3.3540963435060753,-0.284758970042587,0,Sample 1,Cell type 1
1501,2.4608822532207157,-2.81037969360715,1,Sample 1,Cell type 2
1502,3.3710157233733375,-0.7526014498499922,1,Sample 1,Cell type 2
1503,-2.2686650848737457,4.9106002798217885,0,Sample 1,Cell type 1
1504,2.2495535755814764,-0.0014171891532918344,1,Sample 1,Cell type 2
1505,-2.7977654208568423,2.177497239408372,0,Sample 1,Cell type 1
1506,-2.5661445486741594,-0.2434950167665671,0,Sample 1,Cell type 1
1507,2.169601742285253,-1.8533966176946215,1,Sample 1,Cell type 2
1508,2.9347835029360745,0.399620867437427,1,Sample 1,Cell type 2
1509,-2.3668382334295552,0.9849025280162982,0,Sample 1,Cell type 1
1510,-2.8134065192350577,-1.8448203689970053,0,Sample 1,Cell type 1
1511,2.059570520406733,-2.4414248518283173,1,Sample 1,Cell type 2
1512,-1.992978495254321,0.8275981949029965,0,Sample 1,Cell type 1
1513,-3.3770200695161616,-2.880101765188589,0,Sample 1,Cell type 1
1514,-1.224395949420022,-1.6939226966366558,0,Sample 1,Cell type 1
1515,3.7918230325678812,-0.6440563089841168,1,Sample 1,Cell type 2
1516,3.2831116468454233,-2.7434862585270112,1,Sample 1,Cell type 2
1517,2.035481357956839,-1.2227704947772564,1,Sample 1,Cell type 2
1518,2.5004223670852777,1.2024134978582297,1,Sample 1,Cell type 2
1519,3.2964652112016237,3.4063452198360755,1,Sample 1,Cell type 2
1520,-2.126856014053179,-0.07128296459496714,0,Sample 1,Cell type 1
1521,-2.4554200701690445,2.188383036941897,0,Sample 1,Cell type 1
1522,1.643318065052449,3.822838174279447,1,Sample 1,Cell type 2
1523,-1.7031618513553468,-1.5135901771389215,0,Sample 1,Cell type 1
1524,3.455287522437898,-1.9623310622793633,1,Sample 1,Cell type 2
1525,-1.783845423977814,1.270343603363939,0,Sample 1,Cell type 1
1526,-0.8514016600944103,3.5106816848864093,0,Sample 1,Cell type 1
1527,-2.2030833013029527,-1.2079703734316412,0,Sample 1,Cell type 1
1528,1.6866534971388023,-0.48816094734840265,1,Sample 1,Cell type 2
1529,-3.0211344028915588,-0.9677716681086432,0,Sample 1,Cell type 1
1530,-3.3002650596844596,-1.3554899410497032,0,Sample 1,Cell type 1
1531,-3.775542127035494,-1.1987500459075457,0,Sample 1,Cell type 1
1532,2.988172935671378,0.31394592193686843,1,Sample 1,Cell type 2
1533,-2.0027424881151594,-0.7392206720872679,0,Sample 1,Cell type 1
1534,-2.0858727836247013,-1.4514876263069312,0,Sample 1,Cell type 1
1535,2.1351033380206497,0.36285324022794274,1,Sample 1,Cell type 2
1536,1.466189843915505,1.3794156104903887,1,Sample 1,Cell type 2
1537,1.5374393156886845,-2.084088824486206,1,Sample 1,Cell type 2
1538,3.314129173474802,0.542990621651296,1,Sample 1,Cell type 2
1539,-3.1182601716300575,-0.47363721348001775,0,Sample 1,Cell type 1
1540,-2.5218436316079456,-1.8665359181463923,0,Sample 1,Cell type 1
1541,2.5784540316311557,2.5917435637260287,1,Sample 1,Cell type 2
1542,2.647768379824867,1.8758310750213103,1,Sample 1,Cell type 2
1543,-2.2188414339667335,2.140300476632855,0,Sample 1,Cell type 1
1544,2.8604827302900313,-3.7396326790643286,1,Sample 1,Cell type 2
1545,2.387699952875731,0.6152253363783928,1,Sample 1,Cell type 2
1546,3.046855458560382,-2.731911422401069,1,Sample 1,Cell type 2
1547,2.468554169897895,-0.2689935688034655,1,Sample 1,Cell type 2
1548,-0.8293002361754178,-0.2791792563103475,0,Sample 1,Cell type 1
1549,-3.720525051656076,2.525168206854364,0,Sample 1,Cell type 1
1550,2.956490397775625,1.9363693210657225,1,Sample 1,Cell type 2
1551,-1.5657743506721542,0.5088416866024262,0,Sample 1,Cell type 1
1552,2.2700419844797155,0.5746578088060186,1,Sample 1,Cell type 2
1553,2.276893284679395,1.6903159423686431,1,Sample 1,Cell type 2
1554,1.7080337659583888,-0.0700152200124718,1,Sample 1,Cell type 2
1555,3.220318870716051,0.9024506386370164,1,Sample 1,Cell type 2
1556,3.9660456347833613,1.6283035242365331,1,Sample 1,Cell type 2
1557,3.449387696141865,2.872670811411957,1,Sample 1,Cell type 2
1558,1.6108336344503744,0.49300955686400977,1,Sample 1,Cell type 2
1559,1.7053130403344394,-2.0317576539799567,1,Sample 1,Cell type 2
1560,-2.0689952060429047,-1.8413471861587327,0,Sample 1,Cell type 1
1561,1.3512723809051779,-2.6316316328550142,1,Sample 1,Cell type 2
1562,-2.674144962581776,2.19755370397438,0,Sample 1,Cell type 1
1563,3.499603920564927,-2.6655547949592995,1,Sample 1,Cell type 2
1564,-1.4586069684809615,3.1230223934537054,0,Sample 1,Cell type 1
1565,-2.3975164680713688,-1.3621033149497617,0,Sample 1,Cell type 1
1566,-1.933428461394754,0.46643226252700337,0,Sample 1,Cell type 1
1567,2.976023572668452,-1.1148461062166424,1,Sample 1,Cell type 2
1568,-2.055516427197241,0.17916136251049763,0,Sample 1,Cell type 1
1569,2.7939853323794437,-0.6270593723447958,1,Sample 1,Cell type 2
1570,-3.453042797762119,1.3131072172676594,0,Sample 1,Cell type 1
1571,-0.8022750423898932,2.064930521102294,0,Sample 1,Cell type 1
1572,-3.35671399844889,0.9649448304863706,0,Sample 1,Cell type 1
1573,2.259312202287339,-2.4189538708376106,1,Sample 1,Cell type 2
1574,2.4010138559201946,0.9156112198515696,1,Sample 1,Cell type 2
1575,2.1566044637610706,1.1771065395414395,1,Sample 1,Cell type 2
1576,-2.6281062364533123,1.3426801529009313,0,Sample 1,Cell type 1
1577,-3.0300990071566773,1.1411973371863189,0,Sample 1,Cell type 1
1578,-3.177434974454724,-3.0296944493717293,0,Sample 1,Cell type 1
1579,2.7245091235921093,3.5172409683902672,1,Sample 1,Cell type 2
1580,2.7798400196543263,-2.0081091936840205,1,Sample 1,Cell type 2
1581,1.510058689421942,0.21881694366594012,1,Sample 1,Cell type 2
1582,3.5236149358081272,-4.433637678708129,1,Sample 1,Cell type 2
1583,-1.8436142550421089,1.0145480622145955,0,Sample 1,Cell type 1
1584,-3.038792499395095,0.5579883244476039,0,Sample 1,Cell type 1
1585,3.145698077309848,-1.9470923994089373,1,Sample 1,Cell type 2
1586,2.637471471834825,1.1065024399695673,1,Sample 1,Cell type 2
1587,2.033120538923196,2.076757702038633,1,Sample 1,Cell type 2
1588,-2.9714918055553694,1.6992041940420495,0,Sample 1,Cell type 1
1589,3.2121587288998295,2.070498669447505,1,Sample 1,Cell type 2
1590,1.6739808771779683,0.795854099893618,1,Sample 1,Cell type 2
1591,2.0168154992246166,-0.45909731072069415,1,Sample 1,Cell type 2
1592,2.309511650950357,0.09200549450654824,1,Sample 1,Cell type 2
1593,-2.2258197228978367,0.913506438307568,0,Sample 1,Cell type 1
1594,2.5628616237753197,-4.257468188829624,1,Sample 1,Cell type 2
1595,2.8985773987974284,2.280298077042533,1,Sample 1,Cell type 2
1596,-3.12660263386899,-0.6441230324113512,0,Sample 1,Cell type 1
1597,2.628391699178784,4.425062078794484,1,Sample 1,Cell type 2
1598,-2.263103778348339,0.5221105443597787,0,Sample 1,Cell type 1
1599,1.7795034122817048,1.276783851216766,1,Sample 1,Cell type 2
1600,-2.6963104928022963,-1.5074723287149794,0,Sample 1,Cell type 1
1601,3.0758063537185456,-2.5865459157423274,1,Sample 1,Cell type 2
1602,-1.1880283765028856,1.4842549821437845,0,Sample 1,Cell type 1
1603,-3.0615933502454045,-1.3258018351018963,0,Sample 1,Cell type 1
1604,2.4811582793006095,-0.34870851580567175,1,Sample 1,Cell type 2
1605,-2.1958417191952293,1.2211714905676463,0,Sample 1,Cell type 1
1606,1.9256648874019184,-0.4610492503605017,1,Sample 1,Cell type 2
1607,-1.9576593029285847,-0.9758228162914053,0,Sample 1,Cell type 1
1608,2.192822982438119,0.500400412503389,1,Sample 1,Cell type 2
1609,3.2008374340238355,2.945341351501964,1,Sample 1,Cell type 2
1610,3.21628434461008,-1.2631554583306628,1,Sample 1,Cell type 2
1611,1.045616619690276,1.5194245909683368,1,Sample 1,Cell type 2
1612,-1.8328622763608768,0.9183601584568735,0,Sample 1,Cell type 1
1613,-2.3471207455840775,0.09287309631229762,0,Sample 1,Cell type 1
1614,-0.9282198936668884,0.07052710394345724,0,Sample 1,Cell type 1
1615,3.947445079786488,-0.43609179078474775,1,Sample 1,Cell type 2
1616,-1.317684764206787,-1.0365404365472948,0,Sample 1,Cell type 1
1617,-3.0013737796719724,1.7247869447655175,0,Sample 1,Cell type 1
1618,-2.6811831135212216,0.7347310136323562,0,Sample 1,Cell type 1
1619,-2.2939596874217885,-0.14889183153233443,0,Sample 1,Cell type 1
1620,-2.6847476241669423,1.392412729626837,0,Sample 1,Cell type 1
1621,1.7857699876064927,1.0272289284621925,1,Sample 1,Cell type 2
1622,2.75396260900014,-0.6657208087650225,1,Sample 1,Cell type 2
1623,-1.7145876104067246,-0.6496627670172449,0,Sample 1,Cell type 1
1624,1.1193546169675226,-1.3551293046713102,1,Sample 1,Cell type 2
1625,-1.363596601608116,-1.1414925874989525,0,Sample 1,Cell type 1
1626,3.180718369734378,-0.2747435767987933,1,Sample 1,Cell type 2
1627,2.203593521127977,-2.811134038357284,1,Sample 1,Cell type 2
1628,-2.9318077442474895,-1.5566094508046255,0,Sample 1,Cell type 1
1629,-2.3329091239961954,-3.919340247759551,0,Sample 1,Cell type 1
1630,-0.849980064605484,-2.1350658285085458,0,Sample 1,Cell type 1
1631,3.085993682223842,0.5774473256500465,1,Sample 1,Cell type 2
1632,-1.86004647844636,-3.2326212168731763,0,Sample 1,Cell type 1
1633,-1.712542081218733,-0.4279776884510179,0,Sample 1,Cell type 1
1634,-1.3777645512511205,-2.8037021255845618,0,Sample 1,Cell type 1
1635,-1.9307080975288882,-2.2492841836757385,0,Sample 1,Cell type 1
1636,2.0613849640599384,1.6666678235606145,1,Sample 1,Cell type 2
1637,-2.9238081630136312,1.0265348662267122,0,Sample 1,Cell type 1
1638,-1.23634228341543,-1.0457200543065366,0,Sample 1,Cell type 1
1639,-2.8475969819458524,-0.6183442469372789,0,Sample 1,Cell type 1
1640,-3.0702766261417316,0.2128604553837937,0,Sample 1,Cell type 1
1641,-2.528660831287961,3.129287311628013,0,Sample 1,Cell type 1
1642,3.0083344241673813,-2.478516789706945,1,Sample 1,Cell type 2
1643,2.900532577104968,0.09954737436192017,1,Sample 1,Cell type 2
1644,-1.7374906928694038,0.5742483304036484,0,Sample 1,Cell type 1
1645,-2.000704146358276,1.2566910185285598,0,Sample 1,Cell type 1
1646,-2.940244123076336,-1.3432467358761033,0,Sample 1,Cell type 1
1647,2.5827505034464853,4.084152080287488,1,Sample 1,Cell type 2
1648,-3.163196008737658,-1.1203620803939391,0,Sample 1,Cell type 1
1649,-3.7272913365884976,2.555353643797018,0,Sample 1,Cell type 1
1650,2.1239662817923985,0.531756459304097,1,Sample 1,Cell type 2
1651,1.5034260988428922,0.10986822199969745,1,Sample 1,Cell type 2
1652,1.7507949001683232,-1.3355591129377724,1,Sample 1,Cell type 2
1653,2.216767431247181,-1.147203545793802,1,Sample 1,Cell type 2
1654,-3.0148145843041143,1.8556802561624743,0,Sample 1,Cell type 1
1655,1.176090051017363,-1.9200925905589274,1,Sample 1,Cell type 2
1656,2.9418399501436188,1.2512618672920017,1,Sample 1,Cell type 2
1657,3.0563219796402388,-2.282017019505477,1,Sample 1,Cell type 2
1658,-3.0148398658539697,2.0599216351623224,0,Sample 1,Cell type 1
1659,-1.941421349109128,0.7869707708434992,0,Sample 1,Cell type 1
1660,-1.9428900420346276,1.9106104171410214,0,Sample 1,Cell type 1
1661,1.3891659569350312,-3.20054220900742,1,Sample 1,Cell type 2
1662,1.630203248909758,-2.171650257770371,1,Sample 1,Cell type 2
1663,-1.961941039037815,3.7997638697904312,0,Sample 1,Cell type 1
1664,2.1102376630440585,-0.7038426356330183,1,Sample 1,Cell type 2
1665,2.7430548764839005,1.4431250102522872,1,Sample 1,Cell type 2
1666,-2.1352897823347137,4.330004689802168,0,Sample 1,Cell type 1
1667,1.76034870849752,-3.1951983391908643,1,Sample 1,Cell type 2
1668,-3.0169818478750425,3.550621785219024,0,Sample 1,Cell type 1
1669,2.5009643802897794,-1.6341772621363815,1,Sample 1,Cell type 2
1670,-2.565720942714055,2.2345916631762552,0,Sample 1,Cell type 1
1671,-2.6345150548678316,-0.9441811553942547,0,Sample 1,Cell type 1
1672,3.2290901777397774,0.21150758254296087,1,Sample 1,Cell type 2
1673,3.464795613237453,1.5548147055290227,1,Sample 1,Cell type 2
1674,2.3884822394694125,1.4793063034493428,1,Sample 1,Cell type 2
1675,-2.6050055736738438,0.15370376591753643,0,Sample 1,Cell type 1
1676,1.0435173595611862,0.5401147167828442,1,Sample 1,Cell type 2
1677,1.1538730447018513,-2.048057181772759,1,Sample 1,Cell type 2
1678,-0.8892902019787015,0.2730706621654749,0,Sample 1,Cell type 1
1679,3.687292822828772,0.71122669757132,1,Sample 1,Cell type 2
1680,-3.720420136739791,-1.383816139762489,0,Sample 1,Cell type 1
1681,-3.186686224144971,1.4006197588179827,0,Sample 1,Cell type 1
1682,-3.0352581909279333,2.079809374792153,0,Sample 1,Cell type 1
1683,2.238386145912183,-0.42691355870087655,1,Sample 1,Cell type 2
1684,2.417396191880762,-3.2863776223083345,1,Sample 1,Cell type 2
1685,-2.339120762628026,2.101308792015224,0,Sample 1,Cell type 1
1686,2.775030305239908,-0.09730470314090231,1,Sample 1,Cell type 2
1687,3.199613659306018,-1.2995304536965344,1,Sample 1,Cell type 2
1688,-3.454909465405184,1.8383083472200032,0,Sample 1,Cell type 1
1689,3.237441201581802,0.9653757744184255,1,Sample 1,Cell type 2
1690,-3.277325387633029,-2.759236329577861,0,Sample 1,Cell type 1
1691,-0.45193236938496417,-0.19211979944929974,0,Sample 1,Cell type 1
1692,-2.4381053538819053,-1.7225684026565276,0,Sample 1,Cell type 1
1693,-1.9798390576330713,-0.19835172755876582,0,Sample 1,Cell type 1
1694,2.422701063988088,-0.8319338558947174,1,Sample 1,Cell type 2
1695,1.849588502191896,1.6465598313554108,1,Sample 1,Cell type 2
1696,2.909199660289489,3.870308080120459,1,Sample 1,Cell type 2
1697,-3.870507623272702,2.7077447483308257,0,Sample 1,Cell type 1
1698,3.3235659852786856,1.7446307600569009,1,Sample 1,Cell type 2
1699,-2.297008270804341,0.9353863435308664,0,Sample 1,Cell type 1
1700,-2.527769415764195,-2.3373560752390645,0,Sample 1,Cell type 1
1701,-2.990230952387509,-0.7754031198719684,0,Sample 1,Cell type 1
1702,2.2434658995542467,3.590422711824645,1,Sample 1,Cell type 2
1703,2.1169300351932767,-1.7255515280862412,1,Sample 1,Cell type 2
1704,-3.4149809658565293,0.2171194115530463,0,Sample 1,Cell type 1
1705,-2.8674887196321954,-1.6996887389295836,0,Sample 1,Cell type 1
1706,1.1884126699796527,-0.7849422121217459,1,Sample 1,Cell type 2
1707,-1.6155792536336129,2.3740606111207603,0,Sample 1,Cell type 1
1708,3.63568240361091,-1.2008471314774103,1,Sample 1,Cell type 2
1709,2.315679428635386,-1.8484662885366088,1,Sample 1,Cell type 2
1710,1.4658997222781898,-1.064337126254379,1,Sample 1,Cell type 2
1711,-1.6143354645704218,-0.24076232790719648,0,Sample 1,Cell type 1
1712,-2.2344157355447885,0.38099935955813286,0,Sample 1,Cell type 1
1713,-1.759057961974687,3.8188332809402614,0,Sample 1,Cell type 1
1714,1.0249651332154033,-1.7806356960397438,1,Sample 1,Cell type 2
1715,-2.9287707560912386,1.6161155965622904,0,Sample 1,Cell type 1
1716,1.7289928590315111,-1.914301829790086,1,Sample 1,Cell type 2
1717,2.6618630371382417,3.2637137981782183,1,Sample 1,Cell type 2
1718,-2.9414865167139572,5.1163985713365046,0,Sample 1,Cell type 1
1719,-2.6787727858974817,-0.698633592236395,0,Sample 1,Cell type 1
1720,0.7305104709363945,3.066867402592651,1,Sample 1,Cell type 2
1721,2.673299980323695,-2.0515053672805545,1,Sample 1,Cell type 2
1722,-3.103171671093341,-0.5613501537335481,0,Sample 1,Cell type 1
1723,2.026115235478357,0.2470953919111647,1,Sample 1,Cell type 2
1724,-2.4043357052686773,-1.9461378817631112,0,Sample 1,Cell type 1
1725,1.8042695349802444,2.250869568829539,1,Sample 1,Cell type 2
1726,2.56076421433287,1.4853648367194447,1,Sample 1,Cell type 2
1727,-2.271307687420076,0.66891357997405,0,Sample 1,Cell type 1
1728,-3.165884458483383,0.9428311127728083,0,Sample 1,Cell type 1
1729,1.7197071781774,2.6070158638695187,1,Sample 1,Cell type 2
1730,0.8327096484011292,3.449393299522217,1,Sample 1,Cell type 2
1731,-1.170992628361704,-0.9141925131725437,0,Sample 1,Cell type 1
1732,-2.0879618509551614,7.705462981309443,0,Sample 1,Cell type 1
1733,-2.5501432778185373,1.9102846410024765,0,Sample 1,Cell type 1
1734,4.168837639629691,-2.0295189863717047,1,Sample 1,Cell type 2
1735,2.244121981396125,0.30351598449748074,1,Sample 1,Cell type 2
1736,3.9039464573177933,0.03680326156687626,1,Sample 1,Cell type 2
1737,-2.949734421262642,-0.4184437474890556,0,Sample 1,Cell type 1
1738,-2.4917179041252955,-2.623672464700319,0,Sample 1,Cell type 1
1739,2.8705650336792985,-2.7342756129204915,1,Sample 1,Cell type 2
1740,-2.6384574594270958,0.03115809516293507,0,Sample 1,Cell type 1
1741,4.342911001683831,-2.958888446279448,1,Sample 1,Cell type 2
1742,-0.840733864200021,-1.838769183172847,0,Sample 1,Cell type 1
1743,-2.2137701117213733,1.1215690527364688,0,Sample 1,Cell type 1
1744,2.079001714786063,2.776675556416896,1,Sample 1,Cell type 2
1745,1.7973415382562088,-0.7560157980364345,1,Sample 1,Cell type 2
1746,0.7583479628457162,0.3569533277707795,1,Sample 1,Cell type 2
1747,-1.6532604105203297,-3.5174789728462286,0,Sample 1,Cell type 1
1748,3.217652957509706,2.5497500825574444,1,Sample 1,Cell type 2
1749,-2.4018637472041635,3.249356916939121,0,Sample 1,Cell type 1
1750,-2.3988963363628706,3.8778579981165695,0,Sample 1,Cell type 1
1751,-3.2483509616356763,2.1719642323500645,0,Sample 1,Cell type 1
1752,-1.2366297475940868,1.5348694583058176,0,Sample 1,Cell type 1
1753,3.940408945208683,2.4778927058788747,1,Sample 1,Cell type 2
1754,4.2750241867585075,-0.3180904208001026,1,Sample 1,Cell type 2
1755,-1.6370553332549633,-0.07701693900141442,0,Sample 1,Cell type 1
1756,2.4172550205677727,-2.478105405053285,1,Sample 1,Cell type 2
1757,-2.5870081187654863,0.8034234441978829,0,Sample 1,Cell type 1
1758,3.3059551785561587,-2.5098453360045854,1,Sample 1,Cell type 2
1759,-2.192747640848554,-0.06538949618818622,0,Sample 1,Cell type 1
1760,-2.531644123085324,1.3630013947452488,0,Sample 1,Cell type 1
1761,-2.9612083205813757,-5.18208458428982,0,Sample 1,Cell type 1
1762,3.4745557694034046,2.1147366107564505,1,Sample 1,Cell type 2
1763,-3.2806986023818663,2.107283593215679,0,Sample 1,Cell type 1
1764,4.093242641763787,-1.6641226096997133,1,Sample 1,Cell type 2
1765,4.247277386704365,1.141014416709032,1,Sample 1,Cell type 2
1766,-2.2760250989441437,-2.250978094596753,0,Sample 1,Cell type 1
1767,-2.8728292014945938,-3.1894061345335913,0,Sample 1,Cell type 1
1768,2.3487036873783733,1.8433002238489187,1,Sample 1,Cell type 2
1769,2.735379303210795,-0.46881560063264405,1,Sample 1,Cell type 2
1770,3.2095099120778405,-0.8415235873621065,1,Sample 1,Cell type 2
1771,1.6170641371757046,-0.6615784486551147,1,Sample 1,Cell type 2
1772,-2.3180320523166964,2.6142855085648566,0,Sample 1,Cell type 1
1773,-2.7072337166565625,-0.39269969816995653,0,Sample 1,Cell type 1
1774,3.149117243593274,-2.2965265775052366,1,Sample 1,Cell type 2
1775,-2.6911456793357553,-0.7336488236293752,0,Sample 1,Cell type 1
1776,-3.398177617249839,0.7648194923681012,0,Sample 1,Cell type 1
1777,1.3878224598772297,0.315522878587539,1,Sample 1,Cell type 2
1778,2.8407097649544286,0.038295554831504125,1,Sample 1,Cell type 2
1779,-3.290872885720734,-2.207178634431542,0,Sample 1,Cell type 1
1780,-2.0220799441201134,1.4023454846217966,0,Sample 1,Cell type 1
1781,-1.676675490139485,0.945194964826086,0,Sample 1,Cell type 1
1782,2.295056198003696,-0.4829948917415577,1,Sample 1,Cell type 2
1783,-3.142939654375785,3.278233610888135,0,Sample 1,Cell type 1
1784,-1.7288967065640723,4.421046003182703,0,Sample 1,Cell type 1
1785,2.185557794350879,2.00326365041712,1,Sample 1,Cell type 2
1786,-2.0910379203800153,2.7473170903259154,0,Sample 1,Cell type 1
1787,-2.342783064238824,1.4180075151770246,0,Sample 1,Cell type 1
1788,-3.556186565616514,3.6629175317087075,0,Sample 1,Cell type 1
1789,-3.2070859489609065,0.3074502118910558,0,Sample 1,Cell type 1
1790,1.9425825452563399,1.1640531341694538,1,Sample 1,Cell type 2
1791,-4.130499628142283,-2.016172621834808,0,Sample 1,Cell type 1
1792,4.317947776357506,1.7780742445597841,1,Sample 1,Cell type 2
1793,2.539446665216178,1.5376793519377938,1,Sample 1,Cell type 2
1794,-2.051264441647009,-0.5909606360583207,0,Sample 1,Cell type 1
1795,-1.9781416972692643,-3.1527843139684992,0,Sample 1,Cell type 1
1796,0.9391185087691001,0.2871758730103204,1,Sample 1,Cell type 2
1797,3.4766570390504383,-1.7535475624236896,1,Sample 1,Cell type 2
1798,-3.745303338819123,1.2120199026912792,0,Sample 1,Cell type 1
1799,3.163579873545399,-0.38765227754560705,1,Sample 1,Cell type 2
1800,-2.283634539376129,-0.10047621889827392,0,Sample 1,Cell type 1
1801,-2.93593526944716,0.7982722287041417,0,Sample 1,Cell type 1
1802,2.982598000457115,0.5963169319810513,1,Sample 1,Cell type 2
1803,-2.8554346080608894,0.7546009860897045,0,Sample 1,Cell type 1
1804,2.826885846161414,-0.6156169422777682,1,Sample 1,Cell type 2
1805,-1.719841896174056,1.0021883398796905,0,Sample 1,Cell type 1
1806,-2.4806244346617934,2.8244411108308585,0,Sample 1,Cell type 1
1807,-2.3715408151601083,0.00609204030682894,0,Sample 1,Cell type 1
1808,-1.5031318460018968,-4.146780464816299,0,Sample 1,Cell type 1
1809,1.083145157529527,0.9430847608364115,1,Sample 1,Cell type 2
1810,-3.2355393873870426,3.099868810035079,0,Sample 1,Cell type 1
1811,2.448249115973985,0.14574819603103079,1,Sample 1,Cell type 2
1812,-1.8021434906234575,0.3666840114767035,0,Sample 1,Cell type 1
1813,-3.1183021342588875,0.8141045742490703,0,Sample 1,Cell type 1
1814,3.212306530815829,1.1504100322131325,1,Sample 1,Cell type 2
1815,-3.0884239540718132,2.4721863504208748,0,Sample 1,Cell type 1
1816,-2.448420468151904,-3.950933132707743,0,Sample 1,Cell type 1
1817,-1.6410946001121824,-2.0530305988221205,0,Sample 1,Cell type 1
1818,3.4602093997910632,-0.9263227241707981,1,Sample 1,Cell type 2
1819,-1.1971075635429664,-2.760202916429783,0,Sample 1,Cell type 1
1820,2.2883881269515114,-4.007724728813507,1,Sample 1,Cell type 2
1821,-3.7121528497588416,2.7337485348890493,0,Sample 1,Cell type 1
1822,2.6401691351268095,5.970518005206821,1,Sample 1,Cell type 2
1823,-2.333293753641958,-4.083469736848581,0,Sample 1,Cell type 1
1824,2.5203107364339283,-3.839346312395313,1,Sample 1,Cell type 2
1825,3.6607420386233693,3.6143932872757705,1,Sample 1,Cell type 2
1826,-2.5395709677219465,1.3496389843332077,0,Sample 1,Cell type 1
1827,-1.9895591188473942,1.0016889498889139,0,Sample 1,Cell type 1
1828,-2.240732824484164,-0.7701645608326331,0,Sample 1,Cell type 1
1829,2.2359039248268395,-0.4233339638623538,1,Sample 1,Cell type 2
1830,-1.3274809848627567,-0.45155260097307137,0,Sample 1,Cell type 1
1831,-1.6391942891211213,0.04262329734388444,0,Sample 1,Cell type 1
1832,-3.0111693981516017,-2.6461795868149967,0,Sample 1,Cell type 1
1833,-1.2772252588699746,1.0156715125792477,0,Sample 1,Cell type 1
1834,2.3416498168122546,4.135812676327104,1,Sample 1,Cell type 2
1835,2.074836358912628,-3.135718850730912,1,Sample 1,Cell type 2
1836,1.2857010026553524,-0.7140584016132189,1,Sample 1,Cell type 2
1837,-2.4611826976441384,-1.6619002328220756,0,Sample 1,Cell type 1
1838,2.656019987222501,-1.5165641377751804,1,Sample 1,Cell type 2
1839,-3.575560408827422,-1.8373038929683965,0,Sample 1,Cell type 1
1840,-1.4874337273082394,-1.732349696429002,0,Sample 1,Cell type 1
1841,1.5553497477529241,2.228643389337744,1,Sample 1,Cell type 2
1842,1.7212969295783722,2.0142666729463192,1,Sample 1,Cell type 2
1843,2.7573428331012,0.3361196119336405,1,Sample 1,Cell type 2
1844,-3.319349459463364,3.708185132668377,0,Sample 1,Cell type 1
1845,2.335312455295728,-1.4931566930804778,1,Sample 1,Cell type 2
1846,-1.6312835473347373,0.9493964657599057,0,Sample 1,Cell type 1
1847,2.0626559323301876,-0.5433102206521065,1,Sample 1,Cell type 2
1848,-2.343323795921855,-1.956745555230064,0,Sample 1,Cell type 1
1849,2.917800508814223,-0.19583049288580814,1,Sample 1,Cell type 2
1850,2.526237596329269,-1.516990669400139,1,Sample 1,Cell type 2
1851,-2.273369702763086,-0.5178099474081547,0,Sample 1,Cell type 1
1852,4.488151933343113,0.5295506219559593,1,Sample 1,Cell type 2
1853,2.615910266477513,0.04780608656991095,1,Sample 1,Cell type 2
1854,3.47846645367626,-0.5177088007396633,1,Sample 1,Cell type 2
1855,3.460425326779098,0.28071973969609393,1,Sample 1,Cell type 2
1856,2.736499590997676,-3.0332850988415827,1,Sample 1,Cell type 2
1857,1.9282554584076546,1.042559810027629,1,Sample 1,Cell type 2
1858,-1.9105248823260532,-0.5626551142364268,0,Sample 1,Cell type 1
1859,2.022420570623141,-4.780608734938876,1,Sample 1,Cell type 2
1860,-2.488856566469643,-0.04825017422000656,0,Sample 1,Cell type 1
1861,2.316487404745578,-0.08695389962772486,1,Sample 1,Cell type 2
1862,-2.9739151393910954,-1.727981539359632,0,Sample 1,Cell type 1
1863,-3.3845637347887485,-0.42984206057747065,0,Sample 1,Cell type 1
1864,3.054783129531195,-0.7840252798382592,1,Sample 1,Cell type 2
1865,-2.9813652897835174,3.7045563690178756,0,Sample 1,Cell type 1
1866,3.045641652570096,2.9744923106718546,1,Sample 1,Cell type 2
1867,3.0953535771999494,-0.362448346436206,1,Sample 1,Cell type 2
1868,-2.0251546221753105,-5.880777269328561,0,Sample 1,Cell type 1
1869,-1.803100237254646,-0.6520470643356823,0,Sample 1,Cell type 1
1870,-1.5488693028202856,1.4166076944021275,0,Sample 1,Cell type 1
1871,-0.6445363680146445,0.7866356787887439,0,Sample 1,Cell type 1
1872,1.7596602991523302,0.5107675113486342,1,Sample 1,Cell type 2
1873,-2.284698447003914,-0.686384550994821,0,Sample 1,Cell type 1
1874,-2.0831020572965295,1.290431171900114,0,Sample 1,Cell type 1
1875,-2.5321263605154747,-2.8615502042360963,0,Sample 1,Cell type 1
1876,-3.8543654513563084,-0.1966792535894998,0,Sample 1,Cell type 1
1877,-3.2859899148306475,-0.4492662999940492,0,Sample 1,Cell type 1
1878,-2.3810660342383105,-0.6741719422360787,0,Sample 1,Cell type 1
1879,3.488625753457723,-2.1421073592980977,1,Sample 1,Cell type 2
1880,-2.2535595683967182,-0.7832971348435823,0,Sample 1,Cell type 1
1881,-2.3294426974098488,-1.5039386634776384,0,Sample 1,Cell type 1
1882,3.5964289151973707,1.3904058001679986,1,Sample 1,Cell type 2
1883,0.3914018087864979,0.006751013194321999,1,Sample 1,Cell type 2
1884,1.39790599939661,-1.1295480083418847,1,Sample 1,Cell type 2
1885,-2.792257241049687,0.3693606117298168,0,Sample 1,Cell type 1
1886,-3.625053970937467,-0.16621114525738956,0,Sample 1,Cell type 1
1887,-2.945993428006267,-2.7396059591581556,0,Sample 1,Cell type 1
1888,-2.711725466590365,5.440338333179238,0,Sample 1,Cell type 1
1889,1.7837229421095806,-0.8162016783204412,1,Sample 1,Cell type 2
1890,2.1024543799056175,-0.36513794875908223,1,Sample 1,Cell type 2
1891,4.070069752424636,0.007391343695694651,1,Sample 1,Cell type 2
1892,2.57092607276915,0.39463141481119124,1,Sample 1,Cell type 2
1893,3.1550221150038884,3.0758638368251057,1,Sample 1,Cell type 2
1894,2.4751528537032783,-1.8193668339636673,1,Sample 1,Cell type 2
1895,1.829131361242215,-1.7733618445669146,1,Sample 1,Cell type 2
1896,-2.8755795087479616,1.0851200871719293,0,Sample 1,Cell type 1
1897,-1.9509918477003891,-3.2254317423793033,0,Sample 1,Cell type 1
1898,1.556504702693906,0.344508772822075,1,Sample 1,Cell type 2
1899,1.4654867649930818,1.1447806223513515,1,Sample 1,Cell type 2
1900,2.276005358500416,-2.5580614724395727,1,Sample 1,Cell type 2
1901,3.520312590399212,-0.30342886715445827,1,Sample 1,Cell type 2
1902,-2.5572810075312513,-0.07444447301968318,0,Sample 1,Cell type 1
1903,-3.3126574551827175,0.1233596996959433,0,Sample 1,Cell type 1
1904,-2.444158332007985,-0.7706271937235204,0,Sample 1,Cell type 1
1905,-1.4624043627511125,-0.045736124597764244,0,Sample 1,Cell type 1
1906,3.724156159090681,1.329854324603482,1,Sample 1,Cell type 2
1907,3.1785393701333344,-2.465046629537018,1,Sample 1,Cell type 2
1908,3.3171066363435187,4.17688554573985,1,Sample 1,Cell type 2
1909,2.000523688229421,-0.3690507153116991,1,Sample 1,Cell type 2
1910,-3.7567009216547995,-2.2535349378196106,0,Sample 1,Cell type 1
1911,2.0146397641877627,0.4225673845589455,1,Sample 1,Cell type 2
1912,-1.9089516152899977,1.2307349680261068,0,Sample 1,Cell type 1
1913,-1.9220949137377827,-0.7456663041835341,0,Sample 1,Cell type 1
1914,-1.5565622527489387,0.1350369628202179,0,Sample 1,Cell type 1
1915,-2.5788705058274095,0.037699245889695324,0,Sample 1,Cell type 1
1916,2.8507805910477817,0.039233315387979806,1,Sample 1,Cell type 2
1917,2.3548407446019866,-0.21267400506262996,1,Sample 1,Cell type 2
1918,2.683197113967472,-3.7158029027965744,1,Sample 1,Cell type 2
1919,2.7986788477691187,0.6247564209331434,1,Sample 1,Cell type 2
1920,-1.3187677202192833,2.760182708294903,0,Sample 1,Cell type 1
1921,-2.5211246055671417,0.5603223176392136,0,Sample 1,Cell type 1
1922,1.6067804480410728,2.4716232400138773,1,Sample 1,Cell type 2
1923,3.3939190527219685,2.896998459785853,1,Sample 1,Cell type 2
1924,4.094012282534495,-1.533313175566696,1,Sample 1,Cell type 2
1925,2.8125567367425153,-2.652944256622166,1,Sample 1,Cell type 2
1926,-2.2265952193782725,3.7523416784317725,0,Sample 1,Cell type 1
1927,-2.340752243541224,-1.2004337543175894,0,Sample 1,Cell type 1
1928,-1.8138723014383844,-0.3198770599268542,0,Sample 1,Cell type 1
1929,-2.6415577819952394,-1.5965944890769077,0,Sample 1,Cell type 1
1930,3.9844026518354108,0.4484694890705836,1,Sample 1,Cell type 2
1931,-2.8864488413467515,0.29358602397109873,0,Sample 1,Cell type 1
1932,-2.4124841643160857,1.451533247797384,0,Sample 1,Cell type 1
1933,2.0599077736507687,-0.29405084686169997,1,Sample 1,Cell type 2
1934,2.4286126766228406,-0.07514128995896253,1,Sample 1,Cell type 2
1935,3.3288701208370046,-2.845949850523346,1,Sample 1,Cell type 2
1936,-1.3925817451915854,1.1278182401047192,0,Sample 1,Cell type 1
1937,-2.278647360535985,1.6543664980720476,0,Sample 1,Cell type 1
1938,1.847699497347103,-2.13246986379845,1,Sample 1,Cell type 2
1939,-2.965344731158915,-2.0295134613857337,0,Sample 1,Cell type 1
1940,-2.4231033784472134,-0.924550577410085,0,Sample 1,Cell type 1
1941,0.7480626360171572,2.3891844410274614,1,Sample 1,Cell type 2
1942,1.9442294951287535,-0.8185648762262081,1,Sample 1,Cell type 2
1943,-2.4396530888787256,-3.203931623794337,0,Sample 1,Cell type 1
1944,-1.9731645818617356,4.020409077532699,0,Sample 1,Cell type 1
1945,2.855819046265276,-1.6513073656042843,1,Sample 1,Cell type 2
1946,-2.415699595083232,-2.6680509898364093,0,Sample 1,Cell type 1
1947,3.132297516841369,0.6801025891377809,1,Sample 1,Cell type 2
1948,-2.5856242879636464,-2.070484644838748,0,Sample 1,Cell type 1
1949,-1.3860277599485369,-0.5000930291979055,0,Sample 1,Cell type 1
1950,-3.5975209143450853,-3.2271227957534827,0,Sample 1,Cell type 1
1951,-2.065119876324454,-0.741228664172212,0,Sample 1,Cell type 1
1952,-2.9614170644546665,1.5107824516515123,0,Sample 1,Cell type 1
1953,1.871211173892014,-2.7620892063075497,1,Sample 1,Cell type 2
1954,-2.311508353513147,1.541730387773934,0,Sample 1,Cell type 1
1955,2.8854928493747933,1.094529594755934,1,Sample 1,Cell type 2
1956,-1.9836126550871396,4.32650944661092,0,Sample 1,Cell type 1
1957,-3.2931138795650456,-4.30678022720743,0,Sample 1,Cell type 1
1958,1.851199309096924,-2.228092900323987,1,Sample 1,Cell type 2
1959,-3.5012315393523554,2.8875292081465194,0,Sample 1,Cell type 1
1960,-3.477702247113556,1.4259968603447761,0,Sample 1,Cell type 1
1961,1.723900591696285,-0.7951155309834429,1,Sample 1,Cell type 2
1962,-3.0597804063940686,0.4279598214684441,0,Sample 1,Cell type 1
1963,-2.2418251517295285,-1.654461887104646,0,Sample 1,Cell type 1
1964,3.590050282169962,3.2812291269765748,1,Sample 1,Cell type 2
1965,-3.127918650465792,1.296560867687718,0,Sample 1,Cell type 1
1966,-2.3395446422152455,2.2972746988574304,0,Sample 1,Cell type 1
1967,-3.443231832927842,2.375358776923128,0,Sample 1,Cell type 1
1968,-2.225105368345231,-3.526080310725468,0,Sample 1,Cell type 1
1969,2.837236866829249,0.5336367925908038,1,Sample 1,Cell type 2
1970,2.4607765273295708,-0.32072016208966153,1,Sample 1,Cell type 2
1971,-1.6757732367745262,0.4775783180530271,0,Sample 1,Cell type 1
1972,2.2228587951944805,-3.223134718205656,1,Sample 1,Cell type 2
1973,1.4603350104579218,1.659464835758349,1,Sample 1,Cell type 2
1974,2.8810862154849755,1.0109403183332537,1,Sample 1,Cell type 2
1975,-2.888290838263283,0.16374827877264514,0,Sample 1,Cell type 1
1976,1.911757231454438,1.4429586475146867,1,Sample 1,Cell type 2
1977,-1.539028862268844,-0.8161507460431028,0,Sample 1,Cell type 1
1978,1.8218928571047321,-1.3041777771861216,1,Sample 1,Cell type 2
1979,3.453365997685652,-0.16743591969842403,1,Sample 1,Cell type 2
1980,-3.0634749524342073,-2.8169225927271198,0,Sample 1,Cell type 1
1981,-3.413351291306804,-0.38731891855943623,0,Sample 1,Cell type 1
1982,-1.5500911587481991,5.179127284037229,0,Sample 1,Cell type 1
1983,-2.66721860582882,-1.7010409084186005,0,Sample 1,Cell type 1
1984,2.912235457299574,-1.6685636200692497,1,Sample 1,Cell type 2
1985,1.3449161470931665,-4.592361906274476,1,Sample 1,Cell type 2
1986,1.7886073374173406,1.9106011164755057,1,Sample 1,Cell type 2
1987,-2.646317152883872,2.74975283829637,0,Sample 1,Cell type 1
1988,-2.430362345409463,-0.5980147009317349,0,Sample 1,Cell type 1
1989,2.4065872673638027,-1.2711156828088068,1,Sample 1,Cell type 2
1990,-2.451815832047179,4.926484224970572,0,Sample 1,Cell type 1
1991,3.5022741075419868,-0.8964492326002989,1,Sample 1,Cell type 2
1992,-1.8491862261042642,-2.4617286328679104,0,Sample 1,Cell type 1
1993,2.3263863596605034,-0.6169655769116394,1,Sample 1,Cell type 2
1994,2.7413600071213886,0.35107245915719587,1,Sample 1,Cell type 2
1995,-2.7919621836343085,-1.678419334678013,0,Sample 1,Cell type 1
1996,3.1267124074260764,-0.5030777720889914,1,Sample 1,Cell type 2
1997,-1.9891260329781009,-3.3230401245379197,0,Sample 1,Cell type 1
1998,1.446294464042732,1.552055827686951,1,Sample 1,Cell type 2
1999,-2.5265839925155684,-0.41623371454507946,0,Sample 1,Cell type 1
