,X,Y,group,sample,cell_type
0,5.147067613058003,2.1544269311843975,1,Sample 1,Cell type 2
1,-3.494380402819973,1.0763360369239823,0,Sample 1,Cell type 1
2,-6.134692586346425,-1.4086470495846208,0,Sample 1,Cell type 1
3,6.010965342123735,-0.6770527819725887,1,Sample 1,Cell type 2
4,-5.521468886241728,0.037918937053131214,0,Sample 1,Cell type 1
5,5.057002999928714,-1.0348061001632767,1,Sample 1,Cell type 2
6,-5.022011924040509,1.4178012773357953,0,Sample 1,Cell type 1
7,5.114439015903162,0.6796895908129705,1,Sample 1,Cell type 2
8,5.831289429936215,-0.06061142922836791,1,Sample 1,Cell type 2
9,5.809170428326685,1.073180732424705,1,Sample 1,Cell type 2
10,-4.553338469982622,0.060804313129929205,0,Sample 1,Cell type 1
11,-4.705061352901679,-0.31467104986188854,0,Sample 1,Cell type 1
12,6.250311014806559,-0.21919446546344337,1,Sample 1,Cell type 2
13,-5.413830760080298,1.127477952148464,0,Sample 1,Cell type 1
14,4.460052784967559,-0.32246079125202465,1,Sample 1,Cell type 2
15,4.734953293453342,-0.4897893876062003,1,Sample 1,Cell type 2
16,4.6055017420801825,1.1549056027750513,1,Sample 1,Cell type 2
17,4.19822638485862,-0.601948189882428,1,Sample 1,Cell type 2
18,-4.367174442365562,-0.7275099638357911,0,Sample 1,Cell type 1
19,5.408633670822076,0.8244644684992459,1,Sample 1,Cell type 2
20,5.404471393468699,1.1912904866626317,1,Sample 1,Cell type 2
21,5.081485036209589,1.2392161211961499,1,Sample 1,Cell type 2
22,4.5985726457507745,-1.0979724383072806,1,Sample 1,Cell type 2
23,-4.224434239578611,0.3417554894973479,0,Sample 1,Cell type 1
24,-5.419616213023819,0.39149964898233447,0,Sample 1,Cell type 1
25,-6.346750553776761,-0.644696053196951,0,Sample 1,Cell type 1
26,4.713327878383022,-0.5180334445081274,1,Sample 1,Cell type 2
27,-5.566725413528371,-1.2109715140902617,0,Sample 1,Cell type 1
28,6.060345687276063,-1.1254520075980305,1,Sample 1,Cell type 2
29,-3.4923309552523127,1.2345948226177512,0,Sample 1,Cell type 1
30,-4.945715591578077,0.6822189400977756,0,Sample 1,Cell type 1
31,4.424934089913016,0.5960042503018249,1,Sample 1,Cell type 2
32,5.884720339485847,-0.4511579904465946,1,Sample 1,Cell type 2
33,-5.499015168556644,1.531225083093429,0,Sample 1,Cell type 1
34,-5.187322699778669,-0.18730956555934444,0,Sample 1,Cell type 1
35,-5.267820265685232,-0.3229187705935974,0,Sample 1,Cell type 1
36,3.0489462733788564,-0.10742332974904333,1,Sample 1,Cell type 2
37,5.237260436112609,0.3705478362140678,1,Sample 1,Cell type 2
38,5.402227541516155,1.437088658341571,1,Sample 1,Cell type 2
39,4.950588640111897,0.38355321446885116,1,Sample 1,Cell type 2
40,-3.561850778520382,0.5126742890136079,0,Sample 1,Cell type 1
41,5.1677275322197005,-0.3933089485056379,1,Sample 1,Cell type 2
42,4.98892980312461,-0.5517822192513391,1,Sample 1,Cell type 2
43,-4.921859121160935,-0.6184078270843733,0,Sample 1,Cell type 1
44,5.3392534892147605,0.03155763859259159,1,Sample 1,Cell type 2
45,-5.630227001526591,-0.49667807860089286,0,Sample 1,Cell type 1
46,4.118166280130861,0.5450876083543584,1,Sample 1,Cell type 2
47,-4.513682792226769,0.1492872985250865,0,Sample 1,Cell type 1
48,-4.532857451739229,-0.28743367262964764,0,Sample 1,Cell type 1
49,4.593487841882151,-0.11822425505397723,1,Sample 1,Cell type 2
50,-5.422893345399806,0.46909121500407464,0,Sample 1,Cell type 1
51,-5.484492431789492,1.460807770837549,0,Sample 1,Cell type 1
52,6.262494446049748,0.7883597484921747,1,Sample 1,Cell type 2
53,-4.757891627808774,-0.6034206800154864,0,Sample 1,Cell type 1
54,6.817159796338236,-0.32351793854716904,1,Sample 1,Cell type 2
55,-4.4138879382275364,-0.06457326408686585,0,Sample 1,Cell type 1
56,5.397498872406078,0.8558171639870802,1,Sample 1,Cell type 2
57,-4.753758584886353,-1.3681347141253006,0,Sample 1,Cell type 1
58,4.359969148481882,-0.05081965969228408,1,Sample 1,Cell type 2
59,-6.9393922082183535,0.7072363170888398,0,Sample 1,Cell type 1
60,-3.5876366077751225,0.32398536876876444,0,Sample 1,Cell type 1
61,6.523309271658405,1.3007671322896508,1,Sample 1,Cell type 2
62,-3.6863878718909047,0.8078536714741074,0,Sample 1,Cell type 1
63,5.057629489026996,-0.16976717592092136,1,Sample 1,Cell type 2
64,-5.888460676372663,1.4018163547388982,0,Sample 1,Cell type 1
65,-5.607306129242959,0.12031502918096611,0,Sample 1,Cell type 1
66,-5.759519111065554,2.1059056518699126,0,Sample 1,Cell type 1
67,4.728702176583969,0.2960488922151643,1,Sample 1,Cell type 2
68,5.373236249160102,1.0769806049621986,1,Sample 1,Cell type 2
69,-5.017093835478749,-0.5977693433182587,0,Sample 1,Cell type 1
70,-4.0991597993822655,-0.04111497887078899,0,Sample 1,Cell type 1
71,5.2576658486135885,-0.008873603158881648,1,Sample 1,Cell type 2
72,3.9980852444695048,0.2909055060999743,1,Sample 1,Cell type 2
73,-5.379956248928765,-0.5226633860589696,0,Sample 1,Cell type 1
74,5.532739401643569,0.33726928849156457,1,Sample 1,Cell type 2
75,-5.5876732614384395,-0.6482019496115048,0,Sample 1,Cell type 1
76,4.580346388986359,1.0817621430937157,1,Sample 1,Cell type 2
77,6.391081081482665,-0.2569942128943294,1,Sample 1,Cell type 2
78,-4.887291002471037,-1.4147514924502813,0,Sample 1,Cell type 1
79,5.53638449379297,-0.8574857864321244,1,Sample 1,Cell type 2
80,-4.489015822376652,-0.9144039301843869,0,Sample 1,Cell type 1
81,-4.251457285482031,1.017244075995327,0,Sample 1,Cell type 1
82,-4.621409900341164,-0.05826313012549822,0,Sample 1,Cell type 1
83,-4.856084679077218,1.1136018290756795,0,Sample 1,Cell type 1
84,-4.181943654392287,1.9518019250714183,0,Sample 1,Cell type 1
85,-3.6676204444299385,0.8114960520145044,0,Sample 1,Cell type 1
86,4.059061330756175,0.3900482376693749,1,Sample 1,Cell type 2
87,4.879743631782502,-0.26135697054909124,1,Sample 1,Cell type 2
88,5.355358661832538,0.8810583661886098,1,Sample 1,Cell type 2
89,5.520360074028911,-1.2024642414078546,1,Sample 1,Cell type 2
90,-4.042694810683479,-0.4878263234555058,0,Sample 1,Cell type 1
91,5.311182983481747,0.20117888715240967,1,Sample 1,Cell type 2
92,-4.7429142276397815,0.33753660338822783,0,Sample 1,Cell type 1
93,4.670858714307198,0.9231205874045978,1,Sample 1,Cell type 2
94,4.737105219400812,0.4825499448658745,1,Sample 1,Cell type 2
95,-4.6696548365795,-0.45097964224317977,0,Sample 1,Cell type 1
96,-4.765153654266697,-1.0852654436987241,0,Sample 1,Cell type 1
97,4.837980618348136,-0.42263763733038334,1,Sample 1,Cell type 2
98,-4.341463532830469,0.05865437375072311,0,Sample 1,Cell type 1
99,5.048068795692131,0.3106496043387597,1,Sample 1,Cell type 2
100,-4.6320222856487065,-0.5421722958016849,0,Sample 1,Cell type 1
101,5.375414071846821,-1.2284576985656848,1,Sample 1,Cell type 2
102,-5.195325308232519,0.7712697346306858,0,Sample 1,Cell type 1
103,4.8504830734704125,-1.3043785949721123,1,Sample 1,Cell type 2
104,-4.169968044593681,-0.40801311908379767,0,Sample 1,Cell type 1
105,5.620124395227826,0.4424320686818868,1,Sample 1,Cell type 2
106,4.513699791459346,-0.4312981625191829,1,Sample 1,Cell type 2
107,-5.779745336181858,0.6296676829939617,0,Sample 1,Cell type 1
108,4.238465231982212,0.06198441481509003,1,Sample 1,Cell type 2
109,3.5791905967612783,0.8511527900486849,1,Sample 1,Cell type 2
110,-5.256277846555456,0.33933275712153316,0,Sample 1,Cell type 1
111,6.2718711825445475,0.45925697671520105,1,Sample 1,Cell type 2
112,4.8052928164999855,-0.23987055701990445,1,Sample 1,Cell type 2
113,5.626298987958858,-0.34490045566007926,1,Sample 1,Cell type 2
114,-3.650286691941948,0.7053118055595604,0,Sample 1,Cell type 1
115,-5.288772932655264,0.9274638426913985,0,Sample 1,Cell type 1
116,-6.274394986825335,0.35237979036831923,0,Sample 1,Cell type 1
117,-4.4424364763914115,-0.267055591804808,0,Sample 1,Cell type 1
118,-4.7406669180092464,-0.10411444349414767,0,Sample 1,Cell type 1
119,-4.269132299013401,-0.642543160544276,0,Sample 1,Cell type 1
120,5.1930575479334244,-0.9208112668956057,1,Sample 1,Cell type 2
121,-3.7475807766125273,-0.05260020885839024,0,Sample 1,Cell type 1
122,-4.714387611227962,-0.5543276762085234,0,Sample 1,Cell type 1
123,3.9203390307587744,-0.33217101432421725,1,Sample 1,Cell type 2
124,5.946794933511942,-0.9424326939011046,1,Sample 1,Cell type 2
125,4.480501569342859,1.0570432258184097,1,Sample 1,Cell type 2
126,5.205759176284742,-0.19253213962417043,1,Sample 1,Cell type 2
127,-5.3716938378387145,0.16092772469827143,0,Sample 1,Cell type 1
128,-4.942747010224486,-0.3821259574120934,0,Sample 1,Cell type 1
129,4.71229626203803,0.24088587135339368,1,Sample 1,Cell type 2
130,4.633721291054009,-0.12748978571672526,1,Sample 1,Cell type 2
131,-5.386549169839499,1.2591894106320263,0,Sample 1,Cell type 1
132,-5.70999374224168,-0.34996664025872837,0,Sample 1,Cell type 1
133,4.3635543456472945,0.3395151502888101,1,Sample 1,Cell type 2
134,5.99166720515325,-0.3169837424814079,1,Sample 1,Cell type 2
135,5.54417288436036,0.9540060099823799,1,Sample 1,Cell type 2
136,4.909497557987407,-1.0393730907566594,1,Sample 1,Cell type 2
137,-6.182817592293942,-0.5758753667157669,0,Sample 1,Cell type 1
138,4.96408557590197,0.14600082447937074,1,Sample 1,Cell type 2
139,-5.519422036052806,-0.9791522134098053,0,Sample 1,Cell type 1
140,-4.83766158331896,-1.2125952919977856,0,Sample 1,Cell type 1
141,-4.175200382003239,0.7450240952929589,0,Sample 1,Cell type 1
142,5.759675657091591,-0.04753214501799528,1,Sample 1,Cell type 2
143,-4.113453746609987,-0.8319247417004247,0,Sample 1,Cell type 1
144,4.340388670777861,-0.48687177859176034,1,Sample 1,Cell type 2
145,5.497655992244839,1.0631466556283278,1,Sample 1,Cell type 2
146,-4.7752065058119735,-0.49815961585647506,0,Sample 1,Cell type 1
147,-4.989598486497674,1.1628272617258535,0,Sample 1,Cell type 1
148,4.859548843600628,0.5349238438063253,1,Sample 1,Cell type 2
149,-4.6692520774210395,1.5014366500464529,0,Sample 1,Cell type 1
150,-4.677015927730713,-0.019356485112732934,0,Sample 1,Cell type 1
151,3.991868187861936,-0.493089126431582,1,Sample 1,Cell type 2
152,5.510928134914482,0.8464946600697202,1,Sample 1,Cell type 2
153,4.702144757649662,0.3498505496311686,1,Sample 1,Cell type 2
154,3.771967801974112,-1.504008027126211,1,Sample 1,Cell type 2
155,4.851323398245802,0.24799918653244407,1,Sample 1,Cell type 2
156,7.35927554024698,0.9957436645894294,1,Sample 1,Cell type 2
157,-5.110764787187019,-0.9794385890314926,0,Sample 1,Cell type 1
158,4.116109765549984,0.1764331416110935,1,Sample 1,Cell type 2
159,-4.293512178282272,-0.06226975761024163,0,Sample 1,Cell type 1
160,-5.290889769771085,-0.04555649897685397,0,Sample 1,Cell type 1
161,-5.08898084907896,-0.7231261131718318,0,Sample 1,Cell type 1
162,5.512383836160659,-0.15240248479824908,1,Sample 1,Cell type 2
163,6.930092337290333,0.6276834303184191,1,Sample 1,Cell type 2
164,4.880047424736713,-1.1465214516197697,1,Sample 1,Cell type 2
165,5.6774166201731955,-1.7017819362811963,1,Sample 1,Cell type 2
166,5.076275359553047,-0.2107585728657993,1,Sample 1,Cell type 2
167,5.340674926903863,0.3345646047103777,1,Sample 1,Cell type 2
168,-5.085841715203383,0.3581735406482221,0,Sample 1,Cell type 1
169,3.5771299327947865,0.2557214607351818,1,Sample 1,Cell type 2
170,-5.544019777262792,0.18580295772880284,0,Sample 1,Cell type 1
171,-4.710691179961893,-0.5160958036840995,0,Sample 1,Cell type 1
172,-4.804959428983041,-0.45126290458938273,0,Sample 1,Cell type 1
173,-4.734989254877149,0.7804361016978874,0,Sample 1,Cell type 1
174,-5.647682815937317,0.3392488355712718,0,Sample 1,Cell type 1
175,5.479035511649528,0.5346723909744647,1,Sample 1,Cell type 2
176,5.279720037839755,-1.2518422170896442,1,Sample 1,Cell type 2
177,4.406012613969293,-0.38824466829429466,1,Sample 1,Cell type 2
178,3.3479335629949434,0.022766064946527106,1,Sample 1,Cell type 2
179,4.0484704857061375,1.314138362604771,1,Sample 1,Cell type 2
180,4.305365814498907,0.4277032688979483,1,Sample 1,Cell type 2
181,4.515311343392885,1.3755023249658374,1,Sample 1,Cell type 2
182,-4.073511301199946,0.6333301551703487,0,Sample 1,Cell type 1
183,-5.489214242393558,-1.125328877478578,0,Sample 1,Cell type 1
184,4.7119685849944135,-0.582461678284257,1,Sample 1,Cell type 2
185,5.532333458953423,1.5529739491709993,1,Sample 1,Cell type 2
186,3.8833686382460115,0.4730793934067203,1,Sample 1,Cell type 2
187,-6.58343984830063,0.598328204894027,0,Sample 1,Cell type 1
188,-5.785206920838361,0.3696827794106166,0,Sample 1,Cell type 1
189,-5.837528786145552,0.42932220202182897,0,Sample 1,Cell type 1
190,-4.792221998622814,-0.7234533000835269,0,Sample 1,Cell type 1
191,5.34265335390019,0.06172519697417339,1,Sample 1,Cell type 2
192,5.170059224505772,0.8215890106557858,1,Sample 1,Cell type 2
193,4.43448594561012,0.6844445272165697,1,Sample 1,Cell type 2
194,-4.9464074262201025,0.41275137416327956,0,Sample 1,Cell type 1
195,4.104363097293465,-0.3148238847757831,1,Sample 1,Cell type 2
196,-4.126951903524585,0.4873104967257416,0,Sample 1,Cell type 1
197,-4.920278907929887,-0.4027805232929594,0,Sample 1,Cell type 1
198,-4.1192322920011435,1.5666779633764751,0,Sample 1,Cell type 1
199,4.858580669507374,-1.2388946390909974,1,Sample 1,Cell type 2
200,5.7058664498587275,-0.3616722662664643,1,Sample 1,Cell type 2
201,-5.857711209588485,-2.337080386795686,0,Sample 1,Cell type 1
202,5.7802499667823835,0.4125024707551652,1,Sample 1,Cell type 2
203,5.554286067389949,0.4660570550470442,1,Sample 1,Cell type 2
204,-5.852090930460298,-0.24417976348373413,0,Sample 1,Cell type 1
205,-5.238050802687994,1.1005654506492957,0,Sample 1,Cell type 1
206,-5.071788555429781,1.1520937723595783,0,Sample 1,Cell type 1
207,-4.656946799735541,0.5544844858105152,0,Sample 1,Cell type 1
208,-5.377545492631547,0.8711604775738929,0,Sample 1,Cell type 1
209,3.983951129030374,0.229564683441367,1,Sample 1,Cell type 2
210,-4.349979342084642,1.0849920228566583,0,Sample 1,Cell type 1
211,-6.3539717037718555,1.223640255568491,0,Sample 1,Cell type 1
212,-4.26534671519815,-1.2564004828985418,0,Sample 1,Cell type 1
213,5.2083538106668446,-0.4310734849541906,1,Sample 1,Cell type 2
214,5.45899553680353,-1.0210435332306689,1,Sample 1,Cell type 2
215,6.612220088368512,1.0325155687380378,1,Sample 1,Cell type 2
216,4.665672363387287,-1.6206462984891017,1,Sample 1,Cell type 2
217,3.5042066402436634,-0.31081662014640743,1,Sample 1,Cell type 2
218,5.21004906320154,0.1548719290940355,1,Sample 1,Cell type 2
219,3.86778624646065,0.17482723392875654,1,Sample 1,Cell type 2
220,6.062912662598585,0.250547579091984,1,Sample 1,Cell type 2
221,-5.357211961653617,0.685119035458778,0,Sample 1,Cell type 1
222,-3.618428919013276,-0.3197089484916819,0,Sample 1,Cell type 1
223,4.1019641550044685,-0.734002256811411,1,Sample 1,Cell type 2
224,4.571358829558162,-1.3658863660743574,1,Sample 1,Cell type 2
225,4.911467705154136,-0.7173137818521665,1,Sample 1,Cell type 2
226,-4.544186175814237,0.358166848013852,0,Sample 1,Cell type 1
227,-5.829796923461165,-0.15227094246688655,0,Sample 1,Cell type 1
228,5.351600984496181,0.6231492028096913,1,Sample 1,Cell type 2
229,-4.864511340771138,-1.1309715975239842,0,Sample 1,Cell type 1
230,-4.538754429555387,0.2490001236348289,0,Sample 1,Cell type 1
231,5.142955773448381,0.9833718274376404,1,Sample 1,Cell type 2
232,4.502372155556495,0.4661900665390915,1,Sample 1,Cell type 2
233,-6.1116579734108765,-1.3163189975655136,0,Sample 1,Cell type 1
234,-6.379934266010427,-0.44983002339277817,0,Sample 1,Cell type 1
235,5.695324851511419,0.7098326698133937,1,Sample 1,Cell type 2
236,-4.744660391664656,1.0723603568185156,0,Sample 1,Cell type 1
237,5.033060505816494,0.3544017043579002,1,Sample 1,Cell type 2
238,4.491710088939497,-0.9517333272722891,1,Sample 1,Cell type 2
239,-4.8652312189843085,1.0540780284863678,0,Sample 1,Cell type 1
240,4.152873930354719,1.185330721970079,1,Sample 1,Cell type 2
241,3.721500518493002,0.3697381328655543,1,Sample 1,Cell type 2
242,5.549652636687133,1.1732326874228824,1,Sample 1,Cell type 2
243,6.007386591829439,0.9171526963205822,1,Sample 1,Cell type 2
244,5.184056607353122,0.3981944712731154,1,Sample 1,Cell type 2
245,4.935520200562591,-0.666444845600607,1,Sample 1,Cell type 2
246,5.492616919816913,0.963107549735053,1,Sample 1,Cell type 2
247,4.514116453430231,-0.06177683617843646,1,Sample 1,Cell type 2
248,-3.4910512790315757,0.13966225026547116,0,Sample 1,Cell type 1
249,-3.766312037945699,1.6048743105272985,0,Sample 1,Cell type 1
250,4.077319591523232,0.9098516338917835,1,Sample 1,Cell type 2
251,4.295145330670966,-0.5697766109192408,1,Sample 1,Cell type 2
252,5.211216065066936,1.0178828000854143,1,Sample 1,Cell type 2
253,5.327810236767598,-0.6888703281388564,1,Sample 1,Cell type 2
254,-6.267122258788579,0.608331724915438,0,Sample 1,Cell type 1
255,-5.52942917181471,0.6819466678369792,0,Sample 1,Cell type 1
256,-5.235959742633622,0.9981936581389871,0,Sample 1,Cell type 1
257,-4.173963036526674,0.9013641094620667,0,Sample 1,Cell type 1
258,-5.120044469626022,0.10046116277723381,0,Sample 1,Cell type 1
259,-4.698319684878251,-0.023410250947982686,0,Sample 1,Cell type 1
260,5.157833812504965,0.24904693875430792,1,Sample 1,Cell type 2
261,5.731017297108469,-1.2365838293525866,1,Sample 1,Cell type 2
262,-5.191158437493128,-0.7260509296332783,0,Sample 1,Cell type 1
263,4.1266392990885485,-0.30967976197952085,1,Sample 1,Cell type 2
264,4.188883238165969,0.06854972912268724,1,Sample 1,Cell type 2
265,-4.394409106683718,-0.7377322593421004,0,Sample 1,Cell type 1
266,4.211356953065739,-0.22732407834303775,1,Sample 1,Cell type 2
267,4.995523184936763,0.5349933244740102,1,Sample 1,Cell type 2
268,4.524950873545036,-0.1325051282541058,1,Sample 1,Cell type 2
269,-3.148273146661193,-1.4938121540733986,0,Sample 1,Cell type 1
270,-5.107446993176438,0.6486466185278257,0,Sample 1,Cell type 1
271,5.12801458068223,0.40142618893403603,1,Sample 1,Cell type 2
272,-4.44788480663111,-0.32097637750866903,0,Sample 1,Cell type 1
273,-3.956527805697478,-1.3299935904285396,0,Sample 1,Cell type 1
274,-5.501573646230214,1.449958846397543,0,Sample 1,Cell type 1
275,-3.894272807169978,0.5189679100717142,0,Sample 1,Cell type 1
276,5.922872274653541,1.1090795178102748,1,Sample 1,Cell type 2
277,-4.492222825150584,0.8877598735649785,0,Sample 1,Cell type 1
278,4.925290512880041,-0.4234656899586967,1,Sample 1,Cell type 2
279,4.607077002286316,-0.22790039469573667,1,Sample 1,Cell type 2
280,4.8884429794552,-0.3601514118811293,1,Sample 1,Cell type 2
281,4.0765098654136125,-1.4014630454013755,1,Sample 1,Cell type 2
282,5.116416958214593,-0.491298052006653,1,Sample 1,Cell type 2
283,-5.192988846285064,0.28164431721143746,0,Sample 1,Cell type 1
284,4.958076439538025,1.363284413004393,1,Sample 1,Cell type 2
285,4.822020082577388,1.6374897565756463,1,Sample 1,Cell type 2
286,5.399891298992297,-1.1194449398415534,1,Sample 1,Cell type 2
287,4.855686654590074,1.0982787797412241,1,Sample 1,Cell type 2
288,4.351313991031729,-1.006062287131693,1,Sample 1,Cell type 2
289,-5.092518625910593,-0.24088295647143104,0,Sample 1,Cell type 1
290,-4.431232025437207,0.3554106491888318,0,Sample 1,Cell type 1
291,-5.498512421139812,-0.44438169532820376,0,Sample 1,Cell type 1
292,-7.043136907921564,0.747455928991419,0,Sample 1,Cell type 1
293,-5.076236425909562,0.2232172206162714,0,Sample 1,Cell type 1
294,-4.483699240331882,1.094905246025879,0,Sample 1,Cell type 1
295,4.433899284142379,-0.5697390913408349,1,Sample 1,Cell type 2
296,5.477152910065402,-0.5074286781515225,1,Sample 1,Cell type 2
297,3.8265718475074584,-0.40112171750850933,1,Sample 1,Cell type 2
298,3.7138711783055527,0.14779246311657956,1,Sample 1,Cell type 2
299,-4.419923370521603,0.4129426296919667,0,Sample 1,Cell type 1
300,-5.148230127102167,-0.10385655978674094,0,Sample 1,Cell type 1
301,4.856725371987075,0.3166558248767385,1,Sample 1,Cell type 2
302,4.413573603580809,1.4544495380462599,1,Sample 1,Cell type 2
303,5.7723179876729365,0.9889045774449743,1,Sample 1,Cell type 2
304,-3.043398416306539,0.10337694558018201,0,Sample 1,Cell type 1
305,-5.252215395712277,0.6071753763946139,0,Sample 1,Cell type 1
306,4.979540550246404,-1.4152607239112946,1,Sample 1,Cell type 2
307,4.420807734605913,-0.1563122809416192,1,Sample 1,Cell type 2
308,-6.738135636811229,0.6779373417203374,0,Sample 1,Cell type 1
309,5.11300571206997,-1.7044531838457606,1,Sample 1,Cell type 2
310,3.4263442371302784,-0.893749169365602,1,Sample 1,Cell type 2
311,-5.175737510270009,0.28569005720939716,0,Sample 1,Cell type 1
312,5.261395811681856,0.24037948768866269,1,Sample 1,Cell type 2
313,-5.109958811702153,0.7622996377623511,0,Sample 1,Cell type 1
314,4.555105002591375,-0.10404823484289603,1,Sample 1,Cell type 2
315,5.373336785572865,1.2168049817275042,1,Sample 1,Cell type 2
316,-5.310541454832983,0.13633297790039017,0,Sample 1,Cell type 1
317,-5.490722130832752,-0.2419757491905027,0,Sample 1,Cell type 1
318,3.523049710209525,-0.7436086881539281,1,Sample 1,Cell type 2
319,-5.610607325234014,-1.4439056805316153,0,Sample 1,Cell type 1
320,-2.53689535323581,0.8956599291476615,0,Sample 1,Cell type 1
321,-5.764098063479483,0.33887925247476886,0,Sample 1,Cell type 1
322,-5.700494602707806,-1.106239784771469,0,Sample 1,Cell type 1
323,-6.043575600403883,0.5357380390640308,0,Sample 1,Cell type 1
324,-5.096758518886225,0.3356259551256222,0,Sample 1,Cell type 1
325,4.334436066004439,-0.5106261812227954,1,Sample 1,Cell type 2
326,-5.019483673808787,1.713816286889491,0,Sample 1,Cell type 1
327,3.802776595927937,-0.5200191475255186,1,Sample 1,Cell type 2
328,6.264432549254699,-0.812075353462295,1,Sample 1,Cell type 2
329,-4.56297260159704,0.005137815848750254,0,Sample 1,Cell type 1
330,-7.593013872055258,-0.8195101130674319,0,Sample 1,Cell type 1
331,-6.285157056206058,0.1627709086937785,0,Sample 1,Cell type 1
332,6.243328336571819,0.683180781241779,1,Sample 1,Cell type 2
333,-3.248157653425862,-0.6466386282841212,0,Sample 1,Cell type 1
334,4.426387080697651,-1.0276674125599754,1,Sample 1,Cell type 2
335,4.920724559806985,-0.4822565246271693,1,Sample 1,Cell type 2
336,5.3403919465921845,0.9577975389161824,1,Sample 1,Cell type 2
337,-3.8424176925170137,0.15724382120925973,0,Sample 1,Cell type 1
338,-3.355034296047742,-0.8825666925773465,0,Sample 1,Cell type 1
339,5.058557592801356,-0.12019439103860799,1,Sample 1,Cell type 2
340,-5.5747553770019485,-0.1707577213694778,0,Sample 1,Cell type 1
341,-4.530514324959784,1.7523645006479829,0,Sample 1,Cell type 1
342,-5.374160961049514,0.27720310538457266,0,Sample 1,Cell type 1
343,-4.160357827744532,-0.4281881692484544,0,Sample 1,Cell type 1
344,-4.848334706721006,0.800836874053713,0,Sample 1,Cell type 1
345,4.710829786644811,0.3331568304811621,1,Sample 1,Cell type 2
346,5.309446816551362,0.8727843401487736,1,Sample 1,Cell type 2
347,4.331885678695982,1.671630977355819,1,Sample 1,Cell type 2
348,4.7025136941770675,-0.5827692973442743,1,Sample 1,Cell type 2
349,5.402195845992652,-1.9946166562640621,1,Sample 1,Cell type 2
350,4.812784112714415,0.37308669955706764,1,Sample 1,Cell type 2
351,-4.387135777292247,0.9815465791074461,0,Sample 1,Cell type 1
352,-4.800493053031396,1.2619626238107795,0,Sample 1,Cell type 1
353,5.990123006009599,0.30381410883271687,1,Sample 1,Cell type 2
354,6.941373189076418,0.34636786028855693,1,Sample 1,Cell type 2
355,3.902661042215627,-0.5675528019420373,1,Sample 1,Cell type 2
356,-5.464418759843778,0.4708627235364877,0,Sample 1,Cell type 1
357,6.536294001715409,-0.9783160156444511,1,Sample 1,Cell type 2
358,5.571687832509294,-1.6399530228619825,1,Sample 1,Cell type 2
359,-5.178770228260681,0.5712003952736736,0,Sample 1,Cell type 1
360,-5.584293305373709,0.1731668716655799,0,Sample 1,Cell type 1
361,4.736441770922327,0.5854965634306365,1,Sample 1,Cell type 2
362,3.9073406756676485,-0.11917544781383754,1,Sample 1,Cell type 2
363,-7.1625858343993904,0.5423002556247262,0,Sample 1,Cell type 1
364,6.578033741431847,-1.1087903539191986,1,Sample 1,Cell type 2
365,4.691982550629709,0.30639118779274277,1,Sample 1,Cell type 2
366,-4.863307649497647,-0.1471866690821433,0,Sample 1,Cell type 1
367,3.96935390602917,0.23417238571348273,1,Sample 1,Cell type 2
368,6.391119731038064,0.7830864406254364,1,Sample 1,Cell type 2
369,-4.2676783058383405,0.2630008877277476,0,Sample 1,Cell type 1
370,4.122105344823146,-1.1815399420255213,1,Sample 1,Cell type 2
371,-5.2686277594321025,1.3352172202315145,0,Sample 1,Cell type 1
372,-5.980612530401873,-1.1714999041678562,0,Sample 1,Cell type 1
373,-5.391079537429019,-0.895693946631209,0,Sample 1,Cell type 1
374,-6.183129255019303,0.1466879358233245,0,Sample 1,Cell type 1
375,-5.360052377183395,0.498279945877999,0,Sample 1,Cell type 1
376,-5.343441779613808,-0.5539367838990849,0,Sample 1,Cell type 1
377,-4.219904213265799,-0.11764590520171092,0,Sample 1,Cell type 1
378,-6.182868996623873,0.9150032345655433,0,Sample 1,Cell type 1
379,5.034811734914773,0.44651161161480507,1,Sample 1,Cell type 2
380,-4.588873720272868,0.14366542555167836,0,Sample 1,Cell type 1
381,-5.738586596888723,-1.081347684493067,0,Sample 1,Cell type 1
382,3.636902730538625,-0.7395727905036436,1,Sample 1,Cell type 2
383,-5.81698625370457,0.5666851578394827,0,Sample 1,Cell type 1
384,-6.594988514057165,0.2992452558780577,0,Sample 1,Cell type 1
385,-4.85884675577822,-0.29362227126665785,0,Sample 1,Cell type 1
386,5.268046423267294,0.25292476574622264,1,Sample 1,Cell type 2
387,4.963590203759006,-0.33938906671843483,1,Sample 1,Cell type 2
388,-5.803312613401655,-0.6142380520833028,0,Sample 1,Cell type 1
389,-3.0772675318093796,-0.04609503762686831,0,Sample 1,Cell type 1
390,-4.048423608860287,-0.982086252109594,0,Sample 1,Cell type 1
391,-3.731186547083718,-0.9902523990614793,0,Sample 1,Cell type 1
392,5.5431450320474225,-0.10959639155396661,1,Sample 1,Cell type 2
393,-4.46969498506607,0.93877908598826,0,Sample 1,Cell type 1
394,-5.3520355893575875,0.10459246182887308,0,Sample 1,Cell type 1
395,-5.036468813084398,0.19467155945815348,0,Sample 1,Cell type 1
396,4.933249624167711,-1.1597161757588241,1,Sample 1,Cell type 2
397,-5.207673081090884,-1.202514362494485,0,Sample 1,Cell type 1
398,4.0261738462236165,0.12757000544330335,1,Sample 1,Cell type 2
399,2.9501330729637516,-0.15282221008013522,1,Sample 1,Cell type 2
400,-5.361845055399261,-1.9391034613031655,0,Sample 1,Cell type 1
401,4.531257861345796,0.26328542296810364,1,Sample 1,Cell type 2
402,6.679777431333212,-0.19762056059679733,1,Sample 1,Cell type 2
403,4.8274658899618945,-0.6983688723629604,1,Sample 1,Cell type 2
404,-6.468964298482637,0.40639306153003496,0,Sample 1,Cell type 1
405,4.650624211167523,-0.052906091700657965,1,Sample 1,Cell type 2
406,5.6345405505749415,-0.09764570569702181,1,Sample 1,Cell type 2
407,4.632727751824807,-0.5556802953305157,1,Sample 1,Cell type 2
408,-5.64679488231455,-0.40140563486762926,0,Sample 1,Cell type 1
409,4.954729208880083,0.9751766318349306,1,Sample 1,Cell type 2
410,-5.102334073184613,-0.7644323524803407,0,Sample 1,Cell type 1
411,6.6098163565606125,0.8189676368855852,1,Sample 1,Cell type 2
412,5.15250847301202,0.7530484646139867,1,Sample 1,Cell type 2
413,-4.916639116838499,-0.050074502319617936,0,Sample 1,Cell type 1
414,4.667044476091797,-0.9040554712322862,1,Sample 1,Cell type 2
415,-4.485821792105964,1.0633220241059451,0,Sample 1,Cell type 1
416,-4.228118693522034,1.2924662588385853,0,Sample 1,Cell type 1
417,-4.901436154572411,0.44118830083237404,0,Sample 1,Cell type 1
418,5.761239816459234,-0.8169299660482402,1,Sample 1,Cell type 2
419,7.594474375675787,1.8463330004928886,1,Sample 1,Cell type 2
420,-2.8845253223863723,-1.2023762627161227,0,Sample 1,Cell type 1
421,4.514797289427408,0.36472335613656215,1,Sample 1,Cell type 2
422,-4.786298679190813,0.4069800185839471,0,Sample 1,Cell type 1
423,6.341114421766562,-0.756405503954185,1,Sample 1,Cell type 2
424,-5.456943191826237,0.4580662250849269,0,Sample 1,Cell type 1
425,4.5768178335487875,-0.8452461142082023,1,Sample 1,Cell type 2
426,-4.432438546288768,-0.3483890964558747,0,Sample 1,Cell type 1
427,5.378777519228183,-0.21411287271903487,1,Sample 1,Cell type 2
428,-4.3773111390666894,-0.44094857306282675,0,Sample 1,Cell type 1
429,-5.313686522505726,-1.1708119585056949,0,Sample 1,Cell type 1
430,-4.239753926421139,1.3684906980655402,0,Sample 1,Cell type 1
431,-5.106106997106059,-0.7796234437365133,0,Sample 1,Cell type 1
432,4.267046467615006,-0.6654577665843558,1,Sample 1,Cell type 2
433,-5.654559106737846,-0.0026995659287616415,0,Sample 1,Cell type 1
434,4.670223403980424,0.7307789856139253,1,Sample 1,Cell type 2
435,-5.805234052223713,0.9119028489032364,0,Sample 1,Cell type 1
436,-4.335731346764604,-0.6848670607270938,0,Sample 1,Cell type 1
437,4.926880353992709,-0.06470279829236905,1,Sample 1,Cell type 2
438,-4.397326703116374,0.3049267079062222,0,Sample 1,Cell type 1
439,-4.765542021361055,-0.5714811344210943,0,Sample 1,Cell type 1
440,-4.9774550741046975,-0.0072951973153628355,0,Sample 1,Cell type 1
441,4.725960639313788,0.13637101679725672,1,Sample 1,Cell type 2
442,7.096634472823981,-0.889573620619331,1,Sample 1,Cell type 2
443,-5.438979926192769,0.07427592091289177,0,Sample 1,Cell type 1
444,-5.671777473744621,-0.47951411635521773,0,Sample 1,Cell type 1
445,4.925644634709129,-0.19160153761739984,1,Sample 1,Cell type 2
446,4.899636591997679,0.2623036193274859,1,Sample 1,Cell type 2
447,-4.199534145565617,-0.5364961672613159,0,Sample 1,Cell type 1
448,-3.2848447285397393,0.507135217854409,0,Sample 1,Cell type 1
449,5.294119434393137,-1.6800212061212993,1,Sample 1,Cell type 2
450,4.2625121494997495,-0.8031658976651989,1,Sample 1,Cell type 2
451,5.969555188309121,0.20900042498708485,1,Sample 1,Cell type 2
452,-4.538342298255568,-0.16243630883439417,0,Sample 1,Cell type 1
453,3.2430977431200425,-0.12969918038388675,1,Sample 1,Cell type 2
454,5.362806970043574,-0.7858352274037437,1,Sample 1,Cell type 2
455,-5.428262548763138,-0.07242662584332862,0,Sample 1,Cell type 1
456,-3.8469813687471075,-1.1486897209435516,0,Sample 1,Cell type 1
457,5.047946104213063,0.22190155036655335,1,Sample 1,Cell type 2
458,4.5750285643139215,0.3871013209504318,1,Sample 1,Cell type 2
459,4.7724922803147924,1.2724656580942804,1,Sample 1,Cell type 2
460,-5.458929605504189,-0.4374871529923137,0,Sample 1,Cell type 1
461,-4.972733225392619,-0.6159785848469135,0,Sample 1,Cell type 1
462,-4.5241965266677715,0.6827324470242462,0,Sample 1,Cell type 1
463,5.000165651934558,-0.007440256910891534,1,Sample 1,Cell type 2
464,4.758255530413903,-2.082509670261839,1,Sample 1,Cell type 2
465,5.058144419463473,-0.3291945156497442,1,Sample 1,Cell type 2
466,-4.476507474916754,-0.04446773672836406,0,Sample 1,Cell type 1
467,-5.79170250925627,0.7526169503905727,0,Sample 1,Cell type 1
468,4.384686120170161,-0.7519224808870918,1,Sample 1,Cell type 2
469,-5.517258307394021,-0.865238402891516,0,Sample 1,Cell type 1
470,4.924433028446398,0.33568797761929453,1,Sample 1,Cell type 2
471,4.273795055882464,1.215427138913415,1,Sample 1,Cell type 2
472,5.199446876513383,0.8360707792678028,1,Sample 1,Cell type 2
473,-4.985252853547686,0.27806536428933687,0,Sample 1,Cell type 1
474,-4.93417280857966,0.852384300052281,0,Sample 1,Cell type 1
475,-4.2367985892054385,0.5211130010446384,0,Sample 1,Cell type 1
476,4.24086678334013,1.3978905583324466,1,Sample 1,Cell type 2
477,5.016709190636769,0.1845607245749468,1,Sample 1,Cell type 2
478,-4.8129712705674015,-1.244716516962902,0,Sample 1,Cell type 1
479,6.134825076118429,-1.9902469252280637,1,Sample 1,Cell type 2
480,-4.650752156673866,0.7231478728689562,0,Sample 1,Cell type 1
481,-5.509909701845214,0.9512132248860414,0,Sample 1,Cell type 1
482,5.543498626365203,-0.919035228126925,1,Sample 1,Cell type 2
483,-5.480510951935044,-0.23335499983462143,0,Sample 1,Cell type 1
484,3.9446022443209863,-0.16238450991652567,1,Sample 1,Cell type 2
485,6.119675716116635,-1.0737021987880921,1,Sample 1,Cell type 2
486,5.780653375475767,0.7347635551539311,1,Sample 1,Cell type 2
487,5.564863131052105,-0.19414502144962667,1,Sample 1,Cell type 2
488,5.450304688139484,-0.7038514828016434,1,Sample 1,Cell type 2
489,-4.327485160809021,-0.5220991834419128,0,Sample 1,Cell type 1
490,4.844242163106655,-0.0513505416867982,1,Sample 1,Cell type 2
491,-4.7384581009886695,-0.1752804230470914,0,Sample 1,Cell type 1
492,-4.729212925230647,-0.23632112811122355,0,Sample 1,Cell type 1
493,5.899482687896402,-0.2672617847839524,1,Sample 1,Cell type 2
494,5.943780166688568,0.15528610476268617,1,Sample 1,Cell type 2
495,5.543314220350556,-0.24163639959189137,1,Sample 1,Cell type 2
496,-4.525518993625293,-0.24763715145119225,0,Sample 1,Cell type 1
497,-5.1290285693328075,0.32324068545163076,0,Sample 1,Cell type 1
498,5.936158967357283,0.10743719779823431,1,Sample 1,Cell type 2
499,-6.158411120332995,-1.7590447652960657,0,Sample 1,Cell type 1
500,-5.7116115437004185,-0.6526482279723507,0,Sample 1,Cell type 1
501,4.553358596843175,-0.880123386377356,1,Sample 1,Cell type 2
502,-5.500450161207624,0.3166428267499273,0,Sample 1,Cell type 1
503,4.497812875132396,-0.23043109913766113,1,Sample 1,Cell type 2
504,5.866152843109659,-0.3768997214543029,1,Sample 1,Cell type 2
505,5.313932773743014,-0.407170900565999,1,Sample 1,Cell type 2
506,-3.7102234973956607,0.7174714526924255,0,Sample 1,Cell type 1
507,-4.069468998276032,0.00818644881566964,0,Sample 1,Cell type 1
508,-4.5046765911958415,1.645996375769359,0,Sample 1,Cell type 1
509,3.2780931643126556,0.7011645164023484,1,Sample 1,Cell type 2
510,6.538756635859963,-0.6196919760148656,1,Sample 1,Cell type 2
511,4.542603166435151,0.2660860082593581,1,Sample 1,Cell type 2
512,4.070572924870109,-0.22651111739501373,1,Sample 1,Cell type 2
513,4.894821923462666,0.660837737153205,1,Sample 1,Cell type 2
514,-3.8390851137639666,0.7674166608681655,0,Sample 1,Cell type 1
515,3.4725151299941657,1.0546418598821354,1,Sample 1,Cell type 2
516,5.392966132329597,-0.286423503797589,1,Sample 1,Cell type 2
517,5.703533632909923,-0.8619008615878067,1,Sample 1,Cell type 2
518,3.6486535696261906,-0.37701099256201576,1,Sample 1,Cell type 2
519,-5.107213733338334,0.011750555783357675,0,Sample 1,Cell type 1
520,4.126452879683749,0.712198000669207,1,Sample 1,Cell type 2
521,4.579296259283836,0.14220008501442508,1,Sample 1,Cell type 2
522,4.68224374708321,-0.8818157923646844,1,Sample 1,Cell type 2
523,-6.977315600101831,-0.6375162043763815,0,Sample 1,Cell type 1
524,5.425604959057554,0.2893288489976133,1,Sample 1,Cell type 2
525,3.9291153602214006,0.5543348984252889,1,Sample 1,Cell type 2
526,4.034382681714227,-0.8602499144393904,1,Sample 1,Cell type 2
527,-4.752933589920829,1.3617719557081904,0,Sample 1,Cell type 1
528,-5.564009484606727,-0.04461526212616481,0,Sample 1,Cell type 1
529,4.710951550426167,-0.051347329031055426,1,Sample 1,Cell type 2
530,4.923628602328741,-1.4209970667731615,1,Sample 1,Cell type 2
531,4.896386202509247,0.46388582823610575,1,Sample 1,Cell type 2
532,4.564708798308646,-0.13023432485783537,1,Sample 1,Cell type 2
533,6.197945346543701,1.4861618748301861,1,Sample 1,Cell type 2
534,5.073401987558698,0.20179231714134194,1,Sample 1,Cell type 2
535,6.581152467612388,-1.251393289368841,1,Sample 1,Cell type 2
536,-5.138356847938739,1.3693667841138748,0,Sample 1,Cell type 1
537,4.50587848365252,-0.2528582848216398,1,Sample 1,Cell type 2
538,5.512434348059819,0.09846256132494492,1,Sample 1,Cell type 2
539,4.4152349794276216,0.6063374799388956,1,Sample 1,Cell type 2
540,-3.6940709568546914,-1.1441131023685063,0,Sample 1,Cell type 1
541,-4.336475535053209,-1.7689082472063082,0,Sample 1,Cell type 1
542,-5.4242060946979525,-0.6342982658098754,0,Sample 1,Cell type 1
543,4.372987467530883,-0.5524328418530076,1,Sample 1,Cell type 2
544,6.33377928924091,1.2185908973698067,1,Sample 1,Cell type 2
545,5.38882903153411,-1.2378431911506924,1,Sample 1,Cell type 2
546,-5.574725812455358,0.7159395015555531,0,Sample 1,Cell type 1
547,-4.576156657667774,1.1532548965263203,0,Sample 1,Cell type 1
548,5.572305052352995,0.5745485805663476,1,Sample 1,Cell type 2
549,-5.523260546501939,-1.4645063174851656,0,Sample 1,Cell type 1
550,-6.6539536800319015,-0.07129603161023072,0,Sample 1,Cell type 1
551,-6.500137975716596,0.09202086331793374,0,Sample 1,Cell type 1
552,3.7821126510256873,0.8901506999919402,1,Sample 1,Cell type 2
553,-4.9773452990956315,0.023804911596596152,0,Sample 1,Cell type 1
554,-4.934536513161948,-0.07911172255291414,0,Sample 1,Cell type 1
555,3.905347968933752,1.5898207993846465,1,Sample 1,Cell type 2
556,-4.995805040225454,0.03758447501179365,0,Sample 1,Cell type 1
557,3.665120592897444,0.8469828239071031,1,Sample 1,Cell type 2
558,5.29768437808549,0.311327356534343,1,Sample 1,Cell type 2
559,-4.382641031481324,-2.2788340965040605,0,Sample 1,Cell type 1
560,5.312371879943112,-0.08257740234599699,1,Sample 1,Cell type 2
561,-4.792093764601261,0.6254582974218483,0,Sample 1,Cell type 1
562,5.548406191032163,1.4788870666371292,1,Sample 1,Cell type 2
563,-3.9463079461281074,-0.094454821592863,0,Sample 1,Cell type 1
564,-4.589119914744227,-0.42616067172952915,0,Sample 1,Cell type 1
565,-5.444159621354559,1.5049256555524722,0,Sample 1,Cell type 1
566,-5.0131383168582015,0.9507146187584672,0,Sample 1,Cell type 1
567,-4.908617881070368,0.12024140916950209,0,Sample 1,Cell type 1
568,6.4434784878293945,-0.15272303338183896,1,Sample 1,Cell type 2
569,-5.86484523232661,0.8425222826663229,0,Sample 1,Cell type 1
570,-6.442511741004756,-1.267308754404392,0,Sample 1,Cell type 1
571,4.868531835291687,0.1696746824593402,1,Sample 1,Cell type 2
572,-5.390084979257995,-0.34604655025569675,0,Sample 1,Cell type 1
573,-4.249372955219202,-0.41283578257389913,0,Sample 1,Cell type 1
574,-5.016721275171318,0.0938619066470256,0,Sample 1,Cell type 1
575,-4.475279378776191,0.1557889557750199,0,Sample 1,Cell type 1
576,5.027770999002049,-1.574803370750443,1,Sample 1,Cell type 2
577,4.699842895740851,-0.25417207740498726,1,Sample 1,Cell type 2
578,3.6150389572440593,1.1959505819625889,1,Sample 1,Cell type 2
579,3.3377505441150426,-0.2562382436293135,1,Sample 1,Cell type 2
580,3.7845231396185257,-2.265724478488455,1,Sample 1,Cell type 2
581,4.225563393191804,-0.24824616430792293,1,Sample 1,Cell type 2
582,-4.085741748387983,0.6015464261494193,0,Sample 1,Cell type 1
583,4.76201423930092,1.0495869908591573,1,Sample 1,Cell type 2
584,3.53508409732932,-0.9827550650126101,1,Sample 1,Cell type 2
585,-5.205901229938676,-1.3348672591020716,0,Sample 1,Cell type 1
586,-5.16649780028582,-0.3944007477270663,0,Sample 1,Cell type 1
587,-6.422976199123423,1.1968354491913464,0,Sample 1,Cell type 1
588,-4.684438286097363,-0.3367875846562104,0,Sample 1,Cell type 1
589,4.2381468954089625,-0.5415961107668251,1,Sample 1,Cell type 2
590,4.308893631528187,1.0235719453262009,1,Sample 1,Cell type 2
591,3.765758787832283,-0.5062040239080313,1,Sample 1,Cell type 2
592,5.686760893325332,-0.18769645596593104,1,Sample 1,Cell type 2
593,6.5896488893595535,-0.42477671824957164,1,Sample 1,Cell type 2
594,-4.604775850973809,0.2085390126591257,0,Sample 1,Cell type 1
595,-3.339791301899788,-0.5513502544716543,0,Sample 1,Cell type 1
596,7.521645387609668,-0.8987952265916784,1,Sample 1,Cell type 2
597,5.012494667159682,0.7218217390293178,1,Sample 1,Cell type 2
598,4.9070167655024335,0.1717705465364211,1,Sample 1,Cell type 2
599,-5.30330219278999,-0.16286428808188944,0,Sample 1,Cell type 1
600,-6.708539371182956,2.5101988269279953,0,Sample 1,Cell type 1
601,4.3408516104224,-0.5752875611593488,1,Sample 1,Cell type 2
602,4.443444098242349,-0.7345015867332599,1,Sample 1,Cell type 2
603,5.212289879519703,-0.46620692608926567,1,Sample 1,Cell type 2
604,4.62847659015249,0.3696487146015172,1,Sample 1,Cell type 2
605,5.032735340316577,-0.8017499646251782,1,Sample 1,Cell type 2
606,6.359965899661105,0.8572345217879086,1,Sample 1,Cell type 2
607,-3.6112289574678007,0.15832862677011825,0,Sample 1,Cell type 1
608,-5.199171318783259,0.7772567607634844,0,Sample 1,Cell type 1
609,-5.7987083513506334,0.2414335198555728,0,Sample 1,Cell type 1
610,5.42760451878444,0.7101243406990689,1,Sample 1,Cell type 2
611,5.441181020191618,0.27247137312039743,1,Sample 1,Cell type 2
612,-5.573457856482244,-1.4932292936584481,0,Sample 1,Cell type 1
613,4.347026204366428,0.06251445037571796,1,Sample 1,Cell type 2
614,5.761159421646469,-0.2932056162944415,1,Sample 1,Cell type 2
615,-5.336149453676686,-0.22542768708840577,0,Sample 1,Cell type 1
616,-4.647988439957334,-0.40164337948208895,0,Sample 1,Cell type 1
617,6.287024684587498,0.6625837521476983,1,Sample 1,Cell type 2
618,-4.903763494630481,0.41155106724699925,0,Sample 1,Cell type 1
619,-6.335524224897098,0.43468815390394805,0,Sample 1,Cell type 1
620,6.5965339918271715,2.487934844804289,1,Sample 1,Cell type 2
621,4.940841947513286,-0.3613275809276982,1,Sample 1,Cell type 2
622,-4.729202874004469,-0.33223033112064104,0,Sample 1,Cell type 1
623,5.485378447308946,-0.1465572949763103,1,Sample 1,Cell type 2
624,4.6902954801683885,-0.03632897434579058,1,Sample 1,Cell type 2
625,-5.4355061796201465,0.08873807176789288,0,Sample 1,Cell type 1
626,-3.6179654639194307,0.3490589357392257,0,Sample 1,Cell type 1
627,-5.354625800953208,-0.7078421712215208,0,Sample 1,Cell type 1
628,-4.943958269509455,0.9295026420865524,0,Sample 1,Cell type 1
629,6.138198508879952,0.740972321793274,1,Sample 1,Cell type 2
630,4.584482902539099,-0.27272630187686386,1,Sample 1,Cell type 2
631,4.9943640116155565,-0.1724876628544179,1,Sample 1,Cell type 2
632,-7.095796083271796,0.6575220035001791,0,Sample 1,Cell type 1
633,-5.126406318863191,-0.34150485595793606,0,Sample 1,Cell type 1
634,5.543157590209787,-0.649921879149936,1,Sample 1,Cell type 2
635,-6.062548839118745,0.15748898869529881,0,Sample 1,Cell type 1
636,-4.422662348765412,-0.9032414169737835,0,Sample 1,Cell type 1
637,2.8019961258198123,-0.39978414092130454,1,Sample 1,Cell type 2
638,-3.263245826001749,-0.1407086499458693,0,Sample 1,Cell type 1
639,5.348780311600037,-2.0257968681757483,1,Sample 1,Cell type 2
640,4.6190233011642725,0.699511344570182,1,Sample 1,Cell type 2
641,-4.481849169519446,1.2184238851264204,0,Sample 1,Cell type 1
642,-6.245265518927801,-0.34249212877273005,0,Sample 1,Cell type 1
643,-5.070625638681004,2.0637674701234547,0,Sample 1,Cell type 1
644,-5.177002898868618,-0.22145063991113656,0,Sample 1,Cell type 1
645,4.886282770447563,0.270949854337352,1,Sample 1,Cell type 2
646,4.638440502470498,-0.6314708045757396,1,Sample 1,Cell type 2
647,3.6747014338577806,-0.4195585090101215,1,Sample 1,Cell type 2
648,4.374397205991171,-0.6077624939842297,1,Sample 1,Cell type 2
649,-6.3627059514841235,-0.044438159117295026,0,Sample 1,Cell type 1
650,4.204909860132117,0.3361532343159933,1,Sample 1,Cell type 2
651,-3.9374446865207533,0.44498400752052797,0,Sample 1,Cell type 1
652,-6.292105452724408,0.9317914835657372,0,Sample 1,Cell type 1
653,4.639072913272801,0.44139263992873634,1,Sample 1,Cell type 2
654,-5.864850662079918,0.492748485555411,0,Sample 1,Cell type 1
655,5.4576459533713155,-0.0497528135994488,1,Sample 1,Cell type 2
656,-4.954680060082314,0.4237542034853847,0,Sample 1,Cell type 1
657,-5.052863838917853,-0.9688129598099654,0,Sample 1,Cell type 1
658,6.496772140297426,0.3116913418967231,1,Sample 1,Cell type 2
659,5.256628580746147,0.15524155488469923,1,Sample 1,Cell type 2
660,6.732044854245282,0.9524388754748769,1,Sample 1,Cell type 2
661,3.330378385118345,-0.46769418452575967,1,Sample 1,Cell type 2
662,5.908496117746355,-0.8850348099293074,1,Sample 1,Cell type 2
663,-4.304315263915472,1.0845102870439607,0,Sample 1,Cell type 1
664,5.841558094178335,-0.7984485018515304,1,Sample 1,Cell type 2
665,-5.858194420591845,0.19139749128891964,0,Sample 1,Cell type 1
666,-4.799605719723298,0.27715856759758056,0,Sample 1,Cell type 1
667,-4.983365033859673,-0.5824023529833076,0,Sample 1,Cell type 1
668,-4.56682981743617,0.6073241282421176,0,Sample 1,Cell type 1
669,5.180609218489404,0.014090601546925853,1,Sample 1,Cell type 2
670,5.45850225059296,-1.428693193547289,1,Sample 1,Cell type 2
671,-4.061500289930687,0.29571375375847514,0,Sample 1,Cell type 1
672,4.031062456575375,0.5846112952532196,1,Sample 1,Cell type 2
673,-4.954389500082333,0.21487382309060554,0,Sample 1,Cell type 1
674,4.555562576410507,0.16351122528238143,1,Sample 1,Cell type 2
675,4.463907839636613,0.9373743317729277,1,Sample 1,Cell type 2
676,5.6953236739975175,-0.3644316208190966,1,Sample 1,Cell type 2
677,4.571731930387021,0.2867628945676962,1,Sample 1,Cell type 2
678,5.011418454269148,-0.763151535517316,1,Sample 1,Cell type 2
679,-3.9953950995411835,-0.7156858417756031,0,Sample 1,Cell type 1
680,4.764826441868654,-0.05727940148645347,1,Sample 1,Cell type 2
681,-5.015710239141345,0.4419919635337182,0,Sample 1,Cell type 1
682,3.738402814247202,-0.6422595551606739,1,Sample 1,Cell type 2
683,4.521991844246687,1.1378958893588063,1,Sample 1,Cell type 2
684,-3.664076396518875,0.3157372238583849,0,Sample 1,Cell type 1
685,-6.103455382411622,-0.5847440319535353,0,Sample 1,Cell type 1
686,-5.619031359282858,-0.9957237626491336,0,Sample 1,Cell type 1
687,-5.203981773936684,1.2031943908661509,0,Sample 1,Cell type 1
688,5.810109927715257,-0.12652307549785624,1,Sample 1,Cell type 2
689,-4.23966092945116,-0.4615229245299225,0,Sample 1,Cell type 1
690,4.176502793454342,-1.0821362286748275,1,Sample 1,Cell type 2
691,4.789872383747066,-0.269109556328909,1,Sample 1,Cell type 2
692,5.65240081795541,-0.03847080586461807,1,Sample 1,Cell type 2
693,-5.0097974182775316,-0.7178034971886653,0,Sample 1,Cell type 1
694,4.9408217091244975,-0.06053248346066421,1,Sample 1,Cell type 2
695,-5.751468315055003,-0.11527004457729238,0,Sample 1,Cell type 1
696,4.897876254785448,-0.448486109477848,1,Sample 1,Cell type 2
697,-4.65044946420292,0.9525170198290731,0,Sample 1,Cell type 1
698,-6.699116579447845,-0.42060401734460884,0,Sample 1,Cell type 1
699,-5.215899948234697,-0.783010972625846,0,Sample 1,Cell type 1
700,6.293770059974899,0.08348475001857035,1,Sample 1,Cell type 2
701,4.560354291273136,0.6876703095838416,1,Sample 1,Cell type 2
702,4.534574373286357,-0.9391039715271781,1,Sample 1,Cell type 2
703,5.20692891828431,0.17019182068612826,1,Sample 1,Cell type 2
704,-4.844492558738131,-0.2825330342485507,0,Sample 1,Cell type 1
705,-6.1584674731978595,-1.1259710195012442,0,Sample 1,Cell type 1
706,4.126269093825528,0.6678010610599058,1,Sample 1,Cell type 2
707,4.707595250411788,-0.12103937618601786,1,Sample 1,Cell type 2
708,-4.831186026237905,-0.07737048949631392,0,Sample 1,Cell type 1
709,-5.1494973153290875,-0.35178484661933995,0,Sample 1,Cell type 1
710,-5.181187279079865,-0.7675513893787839,0,Sample 1,Cell type 1
711,-5.36851101676783,0.8456977809751326,0,Sample 1,Cell type 1
712,4.645564783097214,-0.3835943739193947,1,Sample 1,Cell type 2
713,-4.854506995953204,0.19857646904026888,0,Sample 1,Cell type 1
714,-5.489415272724228,-0.02962943763872962,0,Sample 1,Cell type 1
715,2.5843902753433396,0.14707963580295588,1,Sample 1,Cell type 2
716,4.310637543794994,0.02402518333126574,1,Sample 1,Cell type 2
717,-5.246427427348593,0.6237284258154719,0,Sample 1,Cell type 1
718,-5.48994989971235,0.2892028201648813,0,Sample 1,Cell type 1
719,4.592154645447294,0.02755280936467308,1,Sample 1,Cell type 2
720,4.38187244378334,0.6641534494900881,1,Sample 1,Cell type 2
721,-4.499466121787995,-0.685726045133026,0,Sample 1,Cell type 1
722,-3.986471080650702,-0.5661355724950247,0,Sample 1,Cell type 1
723,-4.977004141652146,1.022761490085839,0,Sample 1,Cell type 1
724,-5.995090588313028,-0.5543241582367259,0,Sample 1,Cell type 1
725,-5.63401659074616,-0.09178915317351921,0,Sample 1,Cell type 1
726,-5.534472362914439,0.7936338796292183,0,Sample 1,Cell type 1
727,-4.8650762624266175,0.35355251965552725,0,Sample 1,Cell type 1
728,-5.357146891640423,0.15527199431864608,0,Sample 1,Cell type 1
729,4.535957406903965,0.19152360042830166,1,Sample 1,Cell type 2
730,4.838806772841986,-0.00521705218356645,1,Sample 1,Cell type 2
731,3.6895767540511866,-1.4291003722837494,1,Sample 1,Cell type 2
732,4.110735800389159,-0.028660462965170348,1,Sample 1,Cell type 2
733,-5.196594451268756,-0.2181788557981364,0,Sample 1,Cell type 1
734,5.063678289900829,0.44324621689272575,1,Sample 1,Cell type 2
735,-5.197741906016478,-0.5455873983982389,0,Sample 1,Cell type 1
736,-6.137448533393475,1.2010669215643894,0,Sample 1,Cell type 1
737,5.278141186830669,-0.3897828512908419,1,Sample 1,Cell type 2
738,-4.454486808298951,1.477365860588827,0,Sample 1,Cell type 1
739,5.041806792397987,-0.8484840531172808,1,Sample 1,Cell type 2
740,-5.741544377262466,-0.047620284849440066,0,Sample 1,Cell type 1
741,-5.057608097264267,0.8028263183136194,0,Sample 1,Cell type 1
742,-3.710177393609084,1.0519315628672379,0,Sample 1,Cell type 1
743,-6.132296593640332,-0.33651625821228726,0,Sample 1,Cell type 1
744,4.670541304829074,0.10554237341756566,1,Sample 1,Cell type 2
745,-3.9517530031043133,1.1165470486319649,0,Sample 1,Cell type 1
746,-3.5073803910841947,0.37906633672943,0,Sample 1,Cell type 1
747,-3.652857846833705,-0.36710741029515204,0,Sample 1,Cell type 1
748,5.202055076797299,1.107625638075125,1,Sample 1,Cell type 2
749,-4.974396680747387,-0.6027342962769469,0,Sample 1,Cell type 1
750,-3.880515650731198,0.739706946330215,0,Sample 1,Cell type 1
751,3.7192768172187876,-0.6627976198241968,1,Sample 1,Cell type 2
752,-5.089862439752664,-0.1767756796265784,0,Sample 1,Cell type 1
753,5.797256408463558,-0.3731963033825584,1,Sample 1,Cell type 2
754,-4.570792125143678,-0.7187743854328299,0,Sample 1,Cell type 1
755,-4.899820397881674,-0.3435244329002024,0,Sample 1,Cell type 1
756,-4.587971786233072,0.4110287607297671,0,Sample 1,Cell type 1
757,4.817120067727985,-0.7954794996868099,1,Sample 1,Cell type 2
758,4.811224010231223,0.5953485682520276,1,Sample 1,Cell type 2
759,-3.693254774159123,-0.9170763144149504,0,Sample 1,Cell type 1
760,-5.987479097503938,-0.4739714073223154,0,Sample 1,Cell type 1
761,4.580729281652326,0.1218838976269776,1,Sample 1,Cell type 2
762,-5.139967805356327,-0.6045961275942758,0,Sample 1,Cell type 1
763,-5.233449015132435,-1.2505526469573258,0,Sample 1,Cell type 1
764,-5.006378113053294,1.1839553111120207,0,Sample 1,Cell type 1
765,-4.349710304928832,0.5037030735388898,0,Sample 1,Cell type 1
766,5.19430561052022,-1.6656789625511899,1,Sample 1,Cell type 2
767,-4.980391860592846,0.3983986329963598,0,Sample 1,Cell type 1
768,4.688061034752444,0.1264427919361055,1,Sample 1,Cell type 2
769,5.278049291042842,0.06935815953151728,1,Sample 1,Cell type 2
770,4.853479623157364,-0.285338507343897,1,Sample 1,Cell type 2
771,-5.510191987401052,-0.42479756400145413,0,Sample 1,Cell type 1
772,-4.719495920581153,0.39134970411813086,0,Sample 1,Cell type 1
773,3.8390594479587525,-0.00967115827684365,1,Sample 1,Cell type 2
774,-5.516771343299628,-0.6393536053202029,0,Sample 1,Cell type 1
775,5.180246337632753,-0.29562154306668686,1,Sample 1,Cell type 2
776,-4.995909234686032,-0.18766970670011754,0,Sample 1,Cell type 1
777,-4.302962162034205,-1.0767837441973989,0,Sample 1,Cell type 1
778,-4.689137116375228,1.9943996139462326,0,Sample 1,Cell type 1
779,4.203347684167817,0.5209089934589256,1,Sample 1,Cell type 2
780,5.277367982083936,2.009245241267539,1,Sample 1,Cell type 2
781,-5.1361476980199425,-0.36258243946182017,0,Sample 1,Cell type 1
782,4.432336116200662,-1.0068039285402677,1,Sample 1,Cell type 2
783,-3.775399334125042,0.9750094813578534,0,Sample 1,Cell type 1
784,-4.201591912112278,-2.3170043025549516,0,Sample 1,Cell type 1
785,5.984699610523788,1.3480114229668076,1,Sample 1,Cell type 2
786,-5.121428076028467,0.4706537651876612,0,Sample 1,Cell type 1
787,5.673586956361701,-0.2953657603579569,1,Sample 1,Cell type 2
788,-5.983639675561934,0.3973593785892174,0,Sample 1,Cell type 1
789,-4.341964070317449,-0.9766749199768179,0,Sample 1,Cell type 1
790,4.085584550341017,0.6561265494043876,1,Sample 1,Cell type 2
791,-5.1443839308725,2.554486054275889,0,Sample 1,Cell type 1
792,5.4977657152347215,-0.9110664942246154,1,Sample 1,Cell type 2
793,-4.240356691646941,-1.187918374759923,0,Sample 1,Cell type 1
794,4.45943353667071,0.02732193399041968,1,Sample 1,Cell type 2
795,-5.6883306922271615,-0.3076444353838603,0,Sample 1,Cell type 1
796,3.9884012744360273,-1.4344851620276615,1,Sample 1,Cell type 2
797,5.262256938274469,0.7394161116302639,1,Sample 1,Cell type 2
798,4.703533790079374,-1.0784376895521337,1,Sample 1,Cell type 2
799,4.544133657408993,0.2636069884584073,1,Sample 1,Cell type 2
800,5.248887992914556,-1.5117194336769224,1,Sample 1,Cell type 2
801,-5.196849990503959,-0.6745972762529534,0,Sample 1,Cell type 1
802,-5.882693284939099,-1.7223124743619864,0,Sample 1,Cell type 1
803,-6.285986587648982,0.14770708682584338,0,Sample 1,Cell type 1
804,5.854703466955213,0.4832967116708144,1,Sample 1,Cell type 2
805,-4.202986544442288,-0.39500526652905,0,Sample 1,Cell type 1
806,-5.004856729231915,0.6707926195613135,0,Sample 1,Cell type 1
807,5.710003173931248,0.6086773234491822,1,Sample 1,Cell type 2
808,6.02157230887055,0.27041878488136656,1,Sample 1,Cell type 2
809,-4.673397795428422,-1.3620668833902725,0,Sample 1,Cell type 1
810,5.689308899598355,0.11124831892273412,1,Sample 1,Cell type 2
811,3.750805422046512,1.2027358627431992,1,Sample 1,Cell type 2
812,5.284535158850583,0.1532619169552717,1,Sample 1,Cell type 2
813,-5.660397757434009,-0.2571086733223948,0,Sample 1,Cell type 1
814,-4.03966887364446,-0.5255154231771166,0,Sample 1,Cell type 1
815,5.427853869076728,0.9831844019912496,1,Sample 1,Cell type 2
816,-5.356402017120617,1.1627075816941608,0,Sample 1,Cell type 1
817,5.396959349890653,-0.4282533700541272,1,Sample 1,Cell type 2
818,-4.229299096604542,0.3302247415491987,0,Sample 1,Cell type 1
819,-4.051436676269603,0.5751626485320535,0,Sample 1,Cell type 1
820,-5.541537600244767,0.48934103107269433,0,Sample 1,Cell type 1
821,-5.130453571155011,-0.5959221158451593,0,Sample 1,Cell type 1
822,5.833379731247081,0.46683544240951014,1,Sample 1,Cell type 2
823,4.280972761341498,-1.064250900591192,1,Sample 1,Cell type 2
824,6.088526876670921,-1.0470563192952898,1,Sample 1,Cell type 2
825,-2.9413121574001115,0.04737474721159061,0,Sample 1,Cell type 1
826,-5.198952900946837,1.2858764608159943,0,Sample 1,Cell type 1
827,-5.481769648289425,0.37501940486001906,0,Sample 1,Cell type 1
828,6.387949260669447,-0.6854176750614343,1,Sample 1,Cell type 2
829,4.580270074346558,0.39492387811452073,1,Sample 1,Cell type 2
830,-5.356946746571824,-1.511632584756425,0,Sample 1,Cell type 1
831,5.592659476336101,-0.4105708531772682,1,Sample 1,Cell type 2
832,4.203881214517296,-0.14520252970853373,1,Sample 1,Cell type 2
833,4.2298139477723105,-0.16528902375683732,1,Sample 1,Cell type 2
834,4.513418794044193,0.29049250219561873,1,Sample 1,Cell type 2
835,-5.668277642607806,1.7161193022187107,0,Sample 1,Cell type 1
836,5.334718576710947,1.1212788743571436,1,Sample 1,Cell type 2
837,-6.418425974565505,1.0095372005711933,0,Sample 1,Cell type 1
838,-5.460510260990219,0.09760785171628916,0,Sample 1,Cell type 1
839,-5.207036850133682,1.2789177364037736,0,Sample 1,Cell type 1
840,-4.371359873079334,0.34036604942797183,0,Sample 1,Cell type 1
841,5.119490785816951,0.2913122368437291,1,Sample 1,Cell type 2
842,-6.077701031623757,-0.7772912308085212,0,Sample 1,Cell type 1
843,5.294095872167769,0.11847153583862097,1,Sample 1,Cell type 2
844,-4.729917870339838,-0.32950157289797394,0,Sample 1,Cell type 1
845,5.426687395764359,0.6715748036147238,1,Sample 1,Cell type 2
846,-4.879664875885139,0.29196880197298036,0,Sample 1,Cell type 1
847,5.95581028950155,0.7157177500590979,1,Sample 1,Cell type 2
848,-5.155926624282145,0.9070160774936517,0,Sample 1,Cell type 1
849,-5.481094115160971,0.25582554731402957,0,Sample 1,Cell type 1
850,-5.157870736245861,-0.12101862692280936,0,Sample 1,Cell type 1
851,-6.024343481997026,1.403835345587492,0,Sample 1,Cell type 1
852,5.563605231859778,0.6312453499004151,1,Sample 1,Cell type 2
853,5.732312220448129,-0.43963221967642796,1,Sample 1,Cell type 2
854,-5.541113841647416,1.4407523463286527,0,Sample 1,Cell type 1
855,-4.7540746417527195,0.6525897700314375,0,Sample 1,Cell type 1
856,5.3150378385730015,-1.542138063476488,1,Sample 1,Cell type 2
857,4.956876120795409,-0.7858428643018517,1,Sample 1,Cell type 2
858,5.80145988294555,-0.39805667070816575,1,Sample 1,Cell type 2
859,-3.2774540339907547,-0.6138780503104396,0,Sample 1,Cell type 1
860,-4.909383671569788,-1.1506223826538935,0,Sample 1,Cell type 1
861,-4.056447903422971,-0.37534052168376386,0,Sample 1,Cell type 1
862,4.639989713603349,1.0057193734900582,1,Sample 1,Cell type 2
863,-4.174524368425092,-1.1884482984295777,0,Sample 1,Cell type 1
864,5.430103922359904,0.3425489982484609,1,Sample 1,Cell type 2
865,-7.0242300181970645,-0.22880337750408866,0,Sample 1,Cell type 1
866,5.005742773526354,-1.6691821266968678,1,Sample 1,Cell type 2
867,-6.721452321063444,-0.5753226553939361,0,Sample 1,Cell type 1
868,5.253086657228915,-0.7081989488993781,1,Sample 1,Cell type 2
869,4.059524315500118,-0.7160558738212838,1,Sample 1,Cell type 2
870,-3.709030984753082,0.3628274412111839,0,Sample 1,Cell type 1
871,-6.087884912783935,0.5970028528217766,0,Sample 1,Cell type 1
872,-4.741465828652175,-0.11808206903893495,0,Sample 1,Cell type 1
873,6.10119716001563,0.25050571201052424,1,Sample 1,Cell type 2
874,-4.985265296648358,1.3411498498202263,0,Sample 1,Cell type 1
875,5.521217593071604,-0.9101485363398534,1,Sample 1,Cell type 2
876,-4.080581338971459,-0.56254114010071,0,Sample 1,Cell type 1
877,-4.042742798668407,-0.12682365842157603,0,Sample 1,Cell type 1
878,-5.149715412003639,0.7885839965438904,0,Sample 1,Cell type 1
879,6.676674801447327,1.2755539133993574,1,Sample 1,Cell type 2
880,-4.841532191385716,-0.11548832953915399,0,Sample 1,Cell type 1
881,-5.872773144172159,-0.32865143036366784,0,Sample 1,Cell type 1
882,-4.359672379817854,0.6034330638508595,0,Sample 1,Cell type 1
883,-5.153888771824898,0.24123787386689,0,Sample 1,Cell type 1
884,-4.769045096576114,0.2082574710169766,0,Sample 1,Cell type 1
885,3.773839552088055,-0.15702452111034945,1,Sample 1,Cell type 2
886,5.789867613271282,-0.060760818914018216,1,Sample 1,Cell type 2
887,4.4146946088731776,1.5123525481246263,1,Sample 1,Cell type 2
888,-4.644944457483017,0.6197072427434694,0,Sample 1,Cell type 1
889,5.393615078394239,-0.4208278741340643,1,Sample 1,Cell type 2
890,5.068254514052019,-0.6466125773127411,1,Sample 1,Cell type 2
891,3.800787231633279,-0.0734758114679641,1,Sample 1,Cell type 2
892,4.1915214240568694,-0.4121747150465942,1,Sample 1,Cell type 2
893,3.984535602762641,1.3620117265036846,1,Sample 1,Cell type 2
894,3.9702691451326,-1.117694548090393,1,Sample 1,Cell type 2
895,-4.527476135446152,0.8869628644663262,0,Sample 1,Cell type 1
896,5.030590395968023,-1.1588731317068353,1,Sample 1,Cell type 2
897,5.61456577330539,0.17231720436503037,1,Sample 1,Cell type 2
898,4.776829655734553,-0.22380813479666753,1,Sample 1,Cell type 2
899,-5.632379564356249,0.3771746857087966,0,Sample 1,Cell type 1
900,-6.093502958732337,-0.17981232151414683,0,Sample 1,Cell type 1
901,4.376117643022689,0.8655878473999539,1,Sample 1,Cell type 2
902,5.068714405034664,-1.7754402981980282,1,Sample 1,Cell type 2
903,-4.909186123799001,0.5297045396168374,0,Sample 1,Cell type 1
904,5.588497597796597,1.425439127016848,1,Sample 1,Cell type 2
905,4.51620426836943,-1.7644528456792554,1,Sample 1,Cell type 2
906,5.353045721359397,-0.5865249576879973,1,Sample 1,Cell type 2
907,-5.441778435424777,0.5063454542044087,0,Sample 1,Cell type 1
908,5.385653381868309,0.2949865178540158,1,Sample 1,Cell type 2
909,-3.6139880004119265,1.785040116954106,0,Sample 1,Cell type 1
910,-4.43379845163562,-0.44997342071541413,0,Sample 1,Cell type 1
911,-6.264952561625707,0.7160306512608924,0,Sample 1,Cell type 1
912,4.228235659399428,1.3027748438178575,1,Sample 1,Cell type 2
913,-5.520514055297461,-0.38970030701175684,0,Sample 1,Cell type 1
914,-5.043915200493029,0.22844325988612557,0,Sample 1,Cell type 1
915,5.224807400225445,-1.706076500923869,1,Sample 1,Cell type 2
916,-5.62879156840636,-1.0649863628462224,0,Sample 1,Cell type 1
917,5.385799162144526,-0.9901299378618383,1,Sample 1,Cell type 2
918,4.586856284889943,-0.15717326674247775,1,Sample 1,Cell type 2
919,4.8214381962921555,1.1918907508816659,1,Sample 1,Cell type 2
920,-5.257308040973906,1.6613983868486728,0,Sample 1,Cell type 1
921,-5.550520276142179,1.801948644275447,0,Sample 1,Cell type 1
922,-4.0295218400166535,0.1133735309119238,0,Sample 1,Cell type 1
923,5.468723360931719,-0.5894161087580976,1,Sample 1,Cell type 2
924,-5.513185276178362,0.34553803573915254,0,Sample 1,Cell type 1
925,-4.50866663996526,0.6060061680378441,0,Sample 1,Cell type 1
926,4.597620183558925,0.21078977226484766,1,Sample 1,Cell type 2
927,-4.303945815448997,0.3965455103780837,0,Sample 1,Cell type 1
928,4.776151726098395,-0.771630235928153,1,Sample 1,Cell type 2
929,5.165813863519155,0.055475469629000344,1,Sample 1,Cell type 2
930,-4.850586588418337,-0.6043063458826581,0,Sample 1,Cell type 1
931,-3.479047451397594,-0.048528651051696625,0,Sample 1,Cell type 1
932,4.704578288603037,0.11471077387380087,1,Sample 1,Cell type 2
933,-4.8614552593190545,0.30825390378306944,0,Sample 1,Cell type 1
934,-4.264616852339837,-0.5345152684311952,0,Sample 1,Cell type 1
935,-4.820438545152022,0.8376786420897236,0,Sample 1,Cell type 1
936,5.852137572571509,1.1620933963889435,1,Sample 1,Cell type 2
937,-5.274171613221416,-0.6418218153772952,0,Sample 1,Cell type 1
938,5.345810360507325,0.3760353498945617,1,Sample 1,Cell type 2
939,4.342064054094239,0.8968245338595772,1,Sample 1,Cell type 2
940,-5.724585840690095,-0.5230130709190559,0,Sample 1,Cell type 1
941,-5.498119489387562,0.1556859641897942,0,Sample 1,Cell type 1
942,6.4089504998938995,-0.0002509380894197697,1,Sample 1,Cell type 2
943,5.267087973254828,1.1450934254649467,1,Sample 1,Cell type 2
944,-3.7254506986884826,-0.40897254114494813,0,Sample 1,Cell type 1
945,5.006304147755783,-0.2604888417188029,1,Sample 1,Cell type 2
946,5.1862293943521305,-0.6054111816127411,1,Sample 1,Cell type 2
947,5.6787447057642275,-1.7975114671876842,1,Sample 1,Cell type 2
948,3.579011813681344,0.3269222491845367,1,Sample 1,Cell type 2
949,-4.855182753037035,-1.0374655583646772,0,Sample 1,Cell type 1
950,6.563325947000229,-0.4045973634095494,1,Sample 1,Cell type 2
951,5.445242499627007,-1.0683852552799131,1,Sample 1,Cell type 2
952,-4.133559005459778,0.8430416416279224,0,Sample 1,Cell type 1
953,-6.031968719792843,-1.036063017650893,0,Sample 1,Cell type 1
954,5.027221928857785,0.08909808147204194,1,Sample 1,Cell type 2
955,5.185156738020458,0.5171916301806165,1,Sample 1,Cell type 2
956,-4.735295814228435,0.6668231692871398,0,Sample 1,Cell type 1
957,-5.255243148533294,-0.6368206854427912,0,Sample 1,Cell type 1
958,3.4851082664369715,0.17063496589835087,1,Sample 1,Cell type 2
959,-4.582446747506482,0.23758773858654886,0,Sample 1,Cell type 1
960,-4.607220038689399,0.587902228839854,0,Sample 1,Cell type 1
961,5.6234792031242655,-0.031215615502035294,1,Sample 1,Cell type 2
962,-4.804026743113022,-0.40555454029690385,0,Sample 1,Cell type 1
963,-5.3790714776567325,-0.011561816702623283,0,Sample 1,Cell type 1
964,4.96574129495074,0.04641818784671618,1,Sample 1,Cell type 2
965,5.156905167219126,-0.7232546317888002,1,Sample 1,Cell type 2
966,5.112786159689648,1.2709015424348769,1,Sample 1,Cell type 2
967,-4.920534155656619,0.6011096986974312,0,Sample 1,Cell type 1
968,-4.589515361459134,-0.20763734206713377,0,Sample 1,Cell type 1
969,-7.12077584671441,0.8732054815379695,0,Sample 1,Cell type 1
970,-4.339666920809576,0.6508077088005109,0,Sample 1,Cell type 1
971,5.442519325103367,-0.43856023853341813,1,Sample 1,Cell type 2
972,4.61315081292277,-0.48973353372385664,1,Sample 1,Cell type 2
973,-5.059546743280037,0.4965376780405424,0,Sample 1,Cell type 1
974,-3.2935733002749865,-1.5616702396180016,0,Sample 1,Cell type 1
975,-5.102830009151145,-1.5054792363981113,0,Sample 1,Cell type 1
976,-4.8936242606825,-0.5600966519513386,0,Sample 1,Cell type 1
977,-4.94857598472363,-0.8621958223434449,0,Sample 1,Cell type 1
978,5.173420451010103,-0.8778420221062753,1,Sample 1,Cell type 2
979,5.399748088242347,0.37760181673541954,1,Sample 1,Cell type 2
980,5.714363096087015,1.4636961613728698,1,Sample 1,Cell type 2
981,5.152339111940046,0.35937497702802745,1,Sample 1,Cell type 2
982,-5.810264896267539,0.2513978660762191,0,Sample 1,Cell type 1
983,5.454482564102917,-0.8397243991279529,1,Sample 1,Cell type 2
984,-4.9534330252432,-0.9143762382644985,0,Sample 1,Cell type 1
985,5.343472658241388,0.3037117187087724,1,Sample 1,Cell type 2
986,3.534654202235179,-0.8410479293114757,1,Sample 1,Cell type 2
987,-4.264738813609785,-0.23221963535092108,0,Sample 1,Cell type 1
988,-6.078548337684571,0.594611275218172,0,Sample 1,Cell type 1
989,-3.5013617790259635,0.8640384525717189,0,Sample 1,Cell type 1
990,6.825321469231074,-0.49411334154695735,1,Sample 1,Cell type 2
991,4.861758610082829,0.6175361238693401,1,Sample 1,Cell type 2
992,6.699817122413569,1.0650712495907226,1,Sample 1,Cell type 2
993,4.095507732049979,0.49816897912021485,1,Sample 1,Cell type 2
994,-5.885067979204822,-0.9569652992645367,0,Sample 1,Cell type 1
995,-4.543287591445466,0.9084525121444792,0,Sample 1,Cell type 1
996,5.366534491830959,-0.7837769797734455,1,Sample 1,Cell type 2
997,-5.274150075264279,-0.2971526927966332,0,Sample 1,Cell type 1
998,5.8806571187380845,0.8490967718985069,1,Sample 1,Cell type 2
999,-5.015535684710186,-0.24254382626742035,0,Sample 1,Cell type 1
1000,-4.945977436249661,-1.1397985489707654,0,Sample 1,Cell type 1
1001,-3.789240205406295,0.5046493476438221,0,Sample 1,Cell type 1
1002,-4.194965752628447,-0.461513495618519,0,Sample 1,Cell type 1
1003,-4.857839199253397,-1.068275486968081,0,Sample 1,Cell type 1
1004,-5.278921707526288,-0.27940616345474306,0,Sample 1,Cell type 1
1005,5.997513372427775,-0.0496032074928254,1,Sample 1,Cell type 2
1006,-4.5025520302262425,-1.2561797759123652,0,Sample 1,Cell type 1
1007,4.040241977307753,-1.8529150903751015,1,Sample 1,Cell type 2
1008,5.233754182661099,-0.14986321472509975,1,Sample 1,Cell type 2
1009,6.114763622019545,0.5684392818382283,1,Sample 1,Cell type 2
1010,5.847949107237298,0.49360475966135803,1,Sample 1,Cell type 2
1011,4.7691610432994365,-0.6270028168995427,1,Sample 1,Cell type 2
1012,5.138673331496326,0.1951625583268002,1,Sample 1,Cell type 2
1013,-4.929274490966522,1.1820240648442095,0,Sample 1,Cell type 1
1014,2.9763519378445573,-0.2372859672558387,1,Sample 1,Cell type 2
1015,-4.155154552747159,0.17859113130332774,0,Sample 1,Cell type 1
1016,-5.349108712421255,-0.08768784314066468,0,Sample 1,Cell type 1
1017,4.847968771998804,-0.28595633824834177,1,Sample 1,Cell type 2
1018,4.948737788681027,0.429032727613752,1,Sample 1,Cell type 2
1019,-5.083559374829977,-0.1350573785520085,0,Sample 1,Cell type 1
1020,4.68008075029509,0.2154358020645872,1,Sample 1,Cell type 2
1021,5.760012662935717,0.19440377764351977,1,Sample 1,Cell type 2
1022,-4.706170149278927,1.470546941436098,0,Sample 1,Cell type 1
1023,5.39314356217616,0.4558082857589176,1,Sample 1,Cell type 2
1024,-5.168904191062156,-0.7897436217209473,0,Sample 1,Cell type 1
1025,-3.6840258291989727,-0.19922883164510266,0,Sample 1,Cell type 1
1026,6.356578302248693,1.5178309558184893,1,Sample 1,Cell type 2
1027,5.336075592361473,0.48548047457253685,1,Sample 1,Cell type 2
1028,4.314801410072641,0.07813630139866833,1,Sample 1,Cell type 2
1029,5.255619736626365,1.322893814793828,1,Sample 1,Cell type 2
1030,4.693746248309625,-0.09898315701986893,1,Sample 1,Cell type 2
1031,5.439107068253891,-0.2039646348429583,1,Sample 1,Cell type 2
1032,-6.250036685509234,-0.42324214187703585,0,Sample 1,Cell type 1
1033,-4.902161997574173,0.43463842322911034,0,Sample 1,Cell type 1
1034,5.3789056614491635,-0.7411049039852308,1,Sample 1,Cell type 2
1035,5.404992791444741,1.1578445595134452,1,Sample 1,Cell type 2
1036,-5.02799079239757,1.416640508508408,0,Sample 1,Cell type 1
1037,6.3996671233643365,1.1051632629523893,1,Sample 1,Cell type 2
1038,-5.872319261954277,1.128745903797016,0,Sample 1,Cell type 1
1039,2.6564410479981855,1.6423776196013304,1,Sample 1,Cell type 2
1040,4.637401272781589,1.1619740275765964,1,Sample 1,Cell type 2
1041,-3.274153429387597,-0.48457193840267077,0,Sample 1,Cell type 1
1042,-4.493774507114972,1.816554286243517,0,Sample 1,Cell type 1
1043,5.400192375549256,-0.42688024515133355,1,Sample 1,Cell type 2
1044,4.816160295539845,-0.6811251474082509,1,Sample 1,Cell type 2
1045,6.6398496766287405,0.0005462551659861024,1,Sample 1,Cell type 2
1046,-3.6578393487388476,-0.44287059336639567,0,Sample 1,Cell type 1
1047,6.213115244202858,0.4816946563139868,1,Sample 1,Cell type 2
1048,-4.559958320780359,-0.7746755638909083,0,Sample 1,Cell type 1
1049,5.477782574602708,-0.7586784033793607,1,Sample 1,Cell type 2
1050,-4.7108835155932685,1.2304292531727754,0,Sample 1,Cell type 1
1051,3.2094150133400223,-1.696560122108053,1,Sample 1,Cell type 2
1052,-6.535016972239234,-0.021211100359373503,0,Sample 1,Cell type 1
1053,4.737684226789666,0.12415254708718332,1,Sample 1,Cell type 2
1054,4.617883533916796,-1.004108297578716,1,Sample 1,Cell type 2
1055,5.084715562492187,0.46753038437798744,1,Sample 1,Cell type 2
1056,-5.801296007915933,-0.22488023430876392,0,Sample 1,Cell type 1
1057,-4.9307281700216805,-0.12454178831366358,0,Sample 1,Cell type 1
1058,5.807577430876775,-0.6759531508747971,1,Sample 1,Cell type 2
1059,4.459857380020495,-0.11561493657241427,1,Sample 1,Cell type 2
1060,4.234850898545593,0.3779250223043019,1,Sample 1,Cell type 2
1061,-4.751273947521597,1.1802849735596417,0,Sample 1,Cell type 1
1062,-4.922403228005826,0.47612562034953093,0,Sample 1,Cell type 1
1063,4.712185083368731,-1.0608381488656307,1,Sample 1,Cell type 2
1064,-4.806430182747173,-1.5306241957262383,0,Sample 1,Cell type 1
1065,5.974367321844447,-0.41055709161071685,1,Sample 1,Cell type 2
1066,5.85838243821281,1.8910979956954888,1,Sample 1,Cell type 2
1067,4.530774984348851,0.17937312343263442,1,Sample 1,Cell type 2
1068,-5.372248365424043,-0.08475868344330853,0,Sample 1,Cell type 1
1069,5.838965701133251,1.3243256904706362,1,Sample 1,Cell type 2
1070,4.366064063200031,-0.24636922371123224,1,Sample 1,Cell type 2
1071,-4.616816139402887,0.26692968422955865,0,Sample 1,Cell type 1
1072,-5.476529035234794,1.099550474536654,0,Sample 1,Cell type 1
1073,5.227000818929201,-0.7902986727205994,1,Sample 1,Cell type 2
1074,-4.7827369302437015,-1.0213988606562476,0,Sample 1,Cell type 1
1075,-5.572242967407974,0.5436781991477407,0,Sample 1,Cell type 1
1076,-5.258143871073709,-0.20066641316403788,0,Sample 1,Cell type 1
1077,-4.0231730435797175,0.46567816277489266,0,Sample 1,Cell type 1
1078,-5.179884785446463,-0.5200020646587679,0,Sample 1,Cell type 1
1079,-5.605080596227443,-1.1378029676781394,0,Sample 1,Cell type 1
1080,5.444410117073799,-0.7349492091888755,1,Sample 1,Cell type 2
1081,-3.7993921674925515,0.6801773936907943,0,Sample 1,Cell type 1
1082,5.2646810436924625,1.1608011505050688,1,Sample 1,Cell type 2
1083,5.151764934088317,-0.5295857422372873,1,Sample 1,Cell type 2
1084,-5.133694464253484,0.11737094914665827,0,Sample 1,Cell type 1
1085,4.266943264741264,-0.669536563037024,1,Sample 1,Cell type 2
1086,5.697757600058383,-0.2520693849552869,1,Sample 1,Cell type 2
1087,6.143086166250854,-1.1793057056336846,1,Sample 1,Cell type 2
1088,-5.849914822517504,0.3426456777661189,0,Sample 1,Cell type 1
1089,-4.922337960521568,0.7749159924263114,0,Sample 1,Cell type 1
1090,-5.176771339063731,0.021508671195624624,0,Sample 1,Cell type 1
1091,5.140229423147139,-1.0693803511007445,1,Sample 1,Cell type 2
1092,-3.350797138690882,0.966692984474514,0,Sample 1,Cell type 1
1093,-4.017864806021366,-0.9677128149529644,0,Sample 1,Cell type 1
1094,4.412660960977203,0.06559644513084834,1,Sample 1,Cell type 2
1095,4.925091049008663,1.060637318033752,1,Sample 1,Cell type 2
1096,5.954188132333131,-1.0062945247271102,1,Sample 1,Cell type 2
1097,4.165937844263539,-0.937787002749312,1,Sample 1,Cell type 2
1098,4.528906538609043,-0.6698099448397603,1,Sample 1,Cell type 2
1099,-4.741536581507177,-0.2018828017010301,0,Sample 1,Cell type 1
1100,-5.056399022447273,0.38920131506096156,0,Sample 1,Cell type 1
1101,3.473753953698087,-0.6883080086236015,1,Sample 1,Cell type 2
1102,5.660078611734107,-0.6937041725687203,1,Sample 1,Cell type 2
1103,-3.9460847474925393,0.15807968375391973,0,Sample 1,Cell type 1
1104,-4.536293461429139,0.26063705326573317,0,Sample 1,Cell type 1
1105,4.131879578753761,-0.6603284239831642,1,Sample 1,Cell type 2
1106,5.0681675597071205,-2.392908776720579,1,Sample 1,Cell type 2
1107,4.815306900924185,1.1626085306568275,1,Sample 1,Cell type 2
1108,-5.37073415424997,-0.3725838028562055,0,Sample 1,Cell type 1
1109,-5.849842970980884,0.37887394450814527,0,Sample 1,Cell type 1
1110,-5.967755794272886,0.4799429839969636,0,Sample 1,Cell type 1
1111,3.2773256641030044,0.8777221694029566,1,Sample 1,Cell type 2
1112,-5.722961488584103,0.2594874253772824,0,Sample 1,Cell type 1
1113,5.3318924002895285,0.370630824094485,1,Sample 1,Cell type 2
1114,2.9166289146982924,0.15915851743719564,1,Sample 1,Cell type 2
1115,-4.938542487151795,-1.0263937793508557,0,Sample 1,Cell type 1
1116,-5.799441785835929,-0.40381993698257396,0,Sample 1,Cell type 1
1117,4.335644474754748,0.418011284212606,1,Sample 1,Cell type 2
1118,5.047187377271678,0.3574980006421584,1,Sample 1,Cell type 2
1119,-5.741882507352459,0.1906951861878281,0,Sample 1,Cell type 1
1120,4.345257067246399,1.225894179742493,1,Sample 1,Cell type 2
1121,3.527937804395398,-0.025824488839576262,1,Sample 1,Cell type 2
1122,-4.509780875949945,-0.842732450538925,0,Sample 1,Cell type 1
1123,-4.807397456409145,2.081346491344316,0,Sample 1,Cell type 1
1124,-4.201351281481632,-0.34529625017443877,0,Sample 1,Cell type 1
1125,3.9947944845765946,0.6505641493983818,1,Sample 1,Cell type 2
1126,-5.94660681013262,-1.6313857422080806,0,Sample 1,Cell type 1
1127,4.974848663700179,-0.6787429073526517,1,Sample 1,Cell type 2
1128,5.406614911739672,3.1409901651490615,1,Sample 1,Cell type 2
1129,6.619447698629482,-1.0905392036742485,1,Sample 1,Cell type 2
1130,4.666106549115932,-0.23607193139032506,1,Sample 1,Cell type 2
1131,4.384003147042034,-1.0368933313999156,1,Sample 1,Cell type 2
1132,4.095837020260861,1.929341340462737,1,Sample 1,Cell type 2
1133,-4.454437622964029,-0.24821340527476485,0,Sample 1,Cell type 1
1134,5.144850194216866,1.042622429852851,1,Sample 1,Cell type 2
1135,-3.7619958389359507,1.4367021384764174,0,Sample 1,Cell type 1
1136,-3.1608815011045994,-0.2902708483517273,0,Sample 1,Cell type 1
1137,-4.9649508224167125,-0.1176016013027909,0,Sample 1,Cell type 1
1138,5.9445127299617155,-0.5018507567610423,1,Sample 1,Cell type 2
1139,4.62735554470547,-0.12067016925335626,1,Sample 1,Cell type 2
1140,4.416318024154072,0.28913385381848233,1,Sample 1,Cell type 2
1141,-4.937091847747127,-1.5985605476256861,0,Sample 1,Cell type 1
1142,-4.965118042902037,1.3560408323446025,0,Sample 1,Cell type 1
1143,5.270842301028732,-0.7503404612291191,1,Sample 1,Cell type 2
1144,5.746502457872856,-0.17817656062128565,1,Sample 1,Cell type 2
1145,-6.122084217439755,1.3996613945495515,0,Sample 1,Cell type 1
1146,-5.383339390276232,-0.1485271813310537,0,Sample 1,Cell type 1
1147,4.672250725896403,0.5698577276641297,1,Sample 1,Cell type 2
1148,-6.30203395030653,0.0384679573291056,0,Sample 1,Cell type 1
1149,3.7884237526553863,0.25727456907139085,1,Sample 1,Cell type 2
1150,-3.781500738184274,0.43112803494772695,0,Sample 1,Cell type 1
1151,-4.67214507445719,-0.19300612369483397,0,Sample 1,Cell type 1
1152,5.258379602894134,-0.04880317748430685,1,Sample 1,Cell type 2
1153,-6.472699385065316,-1.0236615733885612,0,Sample 1,Cell type 1
1154,-5.0916318762020945,0.9902530495787695,0,Sample 1,Cell type 1
1155,-5.289952753122506,-0.8957359157009152,0,Sample 1,Cell type 1
1156,5.111909786271302,0.7968945719289032,1,Sample 1,Cell type 2
1157,5.531762196266488,-0.4423366698938416,1,Sample 1,Cell type 2
1158,-3.661942090529837,0.3352152074928362,0,Sample 1,Cell type 1
1159,-5.080123261183962,-0.1629390001415727,0,Sample 1,Cell type 1
1160,-5.246222587962401,0.17532026213115118,0,Sample 1,Cell type 1
1161,-5.030107761939878,0.8826415056132172,0,Sample 1,Cell type 1
1162,5.672587585703639,0.16624200588265073,1,Sample 1,Cell type 2
1163,-4.56232209506397,-0.16175412194711525,0,Sample 1,Cell type 1
1164,-5.026501578299038,1.4356462908142302,0,Sample 1,Cell type 1
1165,-4.2803200996534,0.24583961670128748,0,Sample 1,Cell type 1
1166,-5.45139807892591,0.14764104255762958,0,Sample 1,Cell type 1
1167,-4.734148790416326,-0.5987892292452429,0,Sample 1,Cell type 1
1168,-5.593976468558439,-1.0560180089765647,0,Sample 1,Cell type 1
1169,4.508541484722964,-0.5678311937868281,1,Sample 1,Cell type 2
1170,5.036178167199986,0.04095832150486828,1,Sample 1,Cell type 2
1171,-5.561642475101882,-0.2621297172782146,0,Sample 1,Cell type 1
1172,-5.070690367364268,-0.29600882390570216,0,Sample 1,Cell type 1
1173,6.122695976100153,0.5583226180312221,1,Sample 1,Cell type 2
1174,-5.020021566996115,0.6542130393602297,0,Sample 1,Cell type 1
1175,5.45168474071488,-0.8157314709536925,1,Sample 1,Cell type 2
1176,5.745753251408308,-0.18924422977515684,1,Sample 1,Cell type 2
1177,3.7569929871871484,0.654311726420023,1,Sample 1,Cell type 2
1178,-5.220041357721315,-1.841536931788468,0,Sample 1,Cell type 1
1179,3.4174198005001517,0.03754792164829571,1,Sample 1,Cell type 2
1180,5.527396534745924,0.7500561101012467,1,Sample 1,Cell type 2
1181,-3.7981143583231773,0.059275824335820154,0,Sample 1,Cell type 1
1182,3.7139521085048206,-0.6101798228529715,1,Sample 1,Cell type 2
1183,4.422609957330197,0.1414566977115184,1,Sample 1,Cell type 2
1184,-4.494073808755584,0.778043559701384,0,Sample 1,Cell type 1
1185,4.4327832338956075,1.5626073100212547,1,Sample 1,Cell type 2
1186,5.268915970420983,-0.18198100796272623,1,Sample 1,Cell type 2
1187,-3.7076994484244468,-0.2578563753690719,0,Sample 1,Cell type 1
1188,3.3395295927371733,-0.06885575423271445,1,Sample 1,Cell type 2
1189,5.148140429463931,0.34035589134733785,1,Sample 1,Cell type 2
1190,-4.952295704063861,-0.5175494221644591,0,Sample 1,Cell type 1
1191,-5.936090420847488,-1.4415843500640158,0,Sample 1,Cell type 1
1192,5.259245622577248,-0.9181531118525339,1,Sample 1,Cell type 2
1193,5.883101874653006,0.3801341971963053,1,Sample 1,Cell type 2
1194,-5.726419260416969,-1.1298429610682332,0,Sample 1,Cell type 1
1195,6.518213613396782,-0.7583141738151891,1,Sample 1,Cell type 2
1196,-5.442919444277746,-0.9583023140710788,0,Sample 1,Cell type 1
1197,3.0093381172696083,-0.5265987298670787,1,Sample 1,Cell type 2
1198,-5.702386069405248,-0.661504283231888,0,Sample 1,Cell type 1
1199,-6.999524571898858,1.8327540580725934,0,Sample 1,Cell type 1
1200,5.865413382138263,-1.049775354745125,1,Sample 1,Cell type 2
1201,5.468932640314227,-0.32993105457318433,1,Sample 1,Cell type 2
1202,-5.773580914503371,-0.03816908491358389,0,Sample 1,Cell type 1
1203,-6.008707163468037,0.7342895576438209,0,Sample 1,Cell type 1
1204,5.945512874367969,0.3847264741991163,1,Sample 1,Cell type 2
1205,5.320385109205063,0.10485214897267899,1,Sample 1,Cell type 2
1206,5.927259251964719,-0.2690037909448576,1,Sample 1,Cell type 2
1207,4.360047594638453,-1.5264017096986462,1,Sample 1,Cell type 2
1208,5.538288988773456,0.47345130699310245,1,Sample 1,Cell type 2
1209,-4.7681801144828695,1.6603206389163512,0,Sample 1,Cell type 1
1210,2.6744094245426866,-0.2998576452974449,1,Sample 1,Cell type 2
1211,5.1794717254224665,0.7232140438090515,1,Sample 1,Cell type 2
1212,5.554284604654249,0.587710036367464,1,Sample 1,Cell type 2
1213,-5.95007873522361,0.24785656818162202,0,Sample 1,Cell type 1
1214,5.960063165141489,-0.39352195800496415,1,Sample 1,Cell type 2
1215,-5.960237125644621,-0.2676009886727587,0,Sample 1,Cell type 1
1216,-6.126009355774257,-0.6222533500727003,0,Sample 1,Cell type 1
1217,4.596656135193863,-0.06521813848131672,1,Sample 1,Cell type 2
1218,5.872689336482958,-0.37035160962020663,1,Sample 1,Cell type 2
1219,-4.960911943739436,0.032473352963105905,0,Sample 1,Cell type 1
1220,4.193156252739033,-1.5701005533380634,1,Sample 1,Cell type 2
1221,4.008714339476879,-1.174020212601952,1,Sample 1,Cell type 2
1222,4.897960703697972,1.208923944197878,1,Sample 1,Cell type 2
1223,-5.956706449628148,0.3556821345761126,0,Sample 1,Cell type 1
1224,-4.409226736003672,0.1370946249519764,0,Sample 1,Cell type 1
1225,-4.237499963699131,0.4104683360778344,0,Sample 1,Cell type 1
1226,4.9462573679605155,-0.5726079912886014,1,Sample 1,Cell type 2
1227,-4.828725004695837,-0.9965910229695905,0,Sample 1,Cell type 1
1228,-5.499854862156543,0.02087284016866703,0,Sample 1,Cell type 1
1229,-5.671374018578111,-0.24736990068097167,0,Sample 1,Cell type 1
1230,-5.792429060104551,-0.45303818368221754,0,Sample 1,Cell type 1
1231,4.243403151442575,0.4865969533479748,1,Sample 1,Cell type 2
1232,4.473506808739795,-0.24298082302133173,1,Sample 1,Cell type 2
1233,-5.247367261639891,-0.6017251244724666,0,Sample 1,Cell type 1
1234,5.125354982597219,0.8188245153482758,1,Sample 1,Cell type 2
1235,5.0179727142496375,0.437695292140168,1,Sample 1,Cell type 2
1236,-5.014810508793912,-0.23092691113611066,0,Sample 1,Cell type 1
1237,5.848167925999104,2.207728031128862,1,Sample 1,Cell type 2
1238,-5.8738502117380635,-0.25312675975584153,0,Sample 1,Cell type 1
1239,5.347816051645513,0.3803445460212988,1,Sample 1,Cell type 2
1240,-4.739093582206306,-1.0008908611082423,0,Sample 1,Cell type 1
1241,5.559062736162028,0.33677835551151186,1,Sample 1,Cell type 2
1242,-5.418178416415231,0.8392073806695115,0,Sample 1,Cell type 1
1243,4.938045231419205,-0.9562350108793958,1,Sample 1,Cell type 2
1244,-3.97786808336926,-0.47325711106866397,0,Sample 1,Cell type 1
1245,-4.706721403122521,-0.7519038290618842,0,Sample 1,Cell type 1
1246,5.989950507747311,-0.36584132406943204,1,Sample 1,Cell type 2
1247,-5.014967005156718,-0.3108147624711087,0,Sample 1,Cell type 1
1248,-6.024243518936716,0.6979658626241158,0,Sample 1,Cell type 1
1249,4.322519227099709,0.9996951242373333,1,Sample 1,Cell type 2
1250,-4.266937860238015,0.27719078071839415,0,Sample 1,Cell type 1
1251,5.837854165297159,0.9356719939422189,1,Sample 1,Cell type 2
1252,-5.051310677274394,0.26300992824278435,0,Sample 1,Cell type 1
1253,-6.215495972763211,-0.38738725829300114,0,Sample 1,Cell type 1
1254,-4.87211488640208,-0.8221401127407666,0,Sample 1,Cell type 1
1255,4.12829357012609,-0.6278095265021628,1,Sample 1,Cell type 2
1256,3.7751139979554225,0.4114038048142679,1,Sample 1,Cell type 2
1257,-5.487609761727427,-0.1495770423883568,0,Sample 1,Cell type 1
1258,-4.820252219398491,0.746072665498472,0,Sample 1,Cell type 1
1259,-4.584522788607062,1.2261911304020623,0,Sample 1,Cell type 1
1260,4.452296139391997,0.6325004793302149,1,Sample 1,Cell type 2
1261,-5.012247879338396,0.4634331996808707,0,Sample 1,Cell type 1
1262,-4.260778384634479,-0.14792170915439123,0,Sample 1,Cell type 1
1263,-4.96959721746544,0.09602506137460905,0,Sample 1,Cell type 1
1264,-5.804813905199762,-0.9713508902301857,0,Sample 1,Cell type 1
1265,3.7862610426626566,0.6004633340174125,1,Sample 1,Cell type 2
1266,5.686411356241717,-0.6625570183721877,1,Sample 1,Cell type 2
1267,-5.411093533869355,-0.8473708175111613,0,Sample 1,Cell type 1
1268,-5.061681367531284,0.2729215798533151,0,Sample 1,Cell type 1
1269,-4.073123536794077,-0.6565458546813684,0,Sample 1,Cell type 1
1270,4.718868611429014,1.2507306870656867,1,Sample 1,Cell type 2
1271,4.689840066873151,-0.3308925325037142,1,Sample 1,Cell type 2
1272,-4.786086148742478,0.2573582449568109,0,Sample 1,Cell type 1
1273,-6.697483919206876,-0.486257589675546,0,Sample 1,Cell type 1
1274,4.04256908285895,0.7149581515112887,1,Sample 1,Cell type 2
1275,5.18021129379804,0.5541782040934876,1,Sample 1,Cell type 2
1276,4.76025868159457,-0.04016369363339583,1,Sample 1,Cell type 2
1277,-4.364588256302538,-1.0034315385353996,0,Sample 1,Cell type 1
1278,-5.021217007399248,-0.7054997209821743,0,Sample 1,Cell type 1
1279,4.669115573262685,1.5101501258721524,1,Sample 1,Cell type 2
1280,5.404772442764692,-0.5826177619252905,1,Sample 1,Cell type 2
1281,4.731889775062839,0.2738702675916972,1,Sample 1,Cell type 2
1282,5.570169623089065,-1.506520166446867,1,Sample 1,Cell type 2
1283,-4.795176212548899,0.7861527871564111,0,Sample 1,Cell type 1
1284,5.202532190430385,0.6562752100899649,1,Sample 1,Cell type 2
1285,-4.433513058649128,0.7653618534356673,0,Sample 1,Cell type 1
1286,4.669227871101379,0.20822440526630892,1,Sample 1,Cell type 2
1287,3.4987578351665007,0.495769156772909,1,Sample 1,Cell type 2
1288,-4.18074997935083,0.4740215593609465,0,Sample 1,Cell type 1
1289,3.506768038911507,0.8060109518695378,1,Sample 1,Cell type 2
1290,4.973109948237029,0.36379272971290755,1,Sample 1,Cell type 2
1291,-5.056132569166918,-1.3287687468127931,0,Sample 1,Cell type 1
1292,-4.569363136760294,0.8580058698478418,0,Sample 1,Cell type 1
1293,4.4737323569182905,0.6836201816532926,1,Sample 1,Cell type 2
1294,-5.447137477817271,0.30176950005161673,0,Sample 1,Cell type 1
1295,5.537224937383243,1.2224250875102662,1,Sample 1,Cell type 2
1296,-2.9784540593011024,-0.42469501833625656,0,Sample 1,Cell type 1
1297,-4.080987439702318,-1.3917710230224798,0,Sample 1,Cell type 1
1298,5.893467020423963,0.14913293579523706,1,Sample 1,Cell type 2
1299,-4.1466602483286765,0.9354364723565383,0,Sample 1,Cell type 1
1300,3.860834278039884,-0.21332186338753184,1,Sample 1,Cell type 2
1301,6.618884975383711,0.005439875647998215,1,Sample 1,Cell type 2
1302,5.365824323692193,1.1646578577174134,1,Sample 1,Cell type 2
1303,4.930051736978255,0.438655702043599,1,Sample 1,Cell type 2
1304,-4.694451638214757,0.3440333177528557,0,Sample 1,Cell type 1
1305,-5.654576546586778,1.6739098205483682,0,Sample 1,Cell type 1
1306,5.5330500007273695,0.37007303428316096,1,Sample 1,Cell type 2
1307,-4.820726014551666,0.010073920625435889,0,Sample 1,Cell type 1
1308,-4.963542528076949,-0.5212802780846537,0,Sample 1,Cell type 1
1309,-4.026273183339603,1.2170528415379611,0,Sample 1,Cell type 1
1310,-5.138101839952656,0.706927949989338,0,Sample 1,Cell type 1
1311,-3.9681977967338034,0.5385450810159668,0,Sample 1,Cell type 1
1312,-4.680621501915777,0.5177567517621928,0,Sample 1,Cell type 1
1313,4.9107929382856454,-0.6439731846820487,1,Sample 1,Cell type 2
1314,-5.3768306444946585,0.18563994988610905,0,Sample 1,Cell type 1
1315,-4.846360706807975,-0.24729317136200113,0,Sample 1,Cell type 1
1316,-4.926591378771598,-1.5900551316807143,0,Sample 1,Cell type 1
1317,4.054500699663359,0.35957913026584554,1,Sample 1,Cell type 2
1318,5.482475747959067,-0.6804282229976352,1,Sample 1,Cell type 2
1319,-4.131370940048522,0.07838652277671636,0,Sample 1,Cell type 1
1320,3.41960978302629,0.6008795636058482,1,Sample 1,Cell type 2
1321,4.957503477585964,0.978855105934902,1,Sample 1,Cell type 2
1322,-5.0028820312724545,-0.9266917513540343,0,Sample 1,Cell type 1
1323,-4.406323702392554,0.23943406432519354,0,Sample 1,Cell type 1
1324,5.371495890837259,-0.4404415453667902,1,Sample 1,Cell type 2
1325,-4.342351872004408,1.517434386123158,0,Sample 1,Cell type 1
1326,5.2062020321142,-0.9934084603852995,1,Sample 1,Cell type 2
1327,-4.656305424693931,0.16615014973048892,0,Sample 1,Cell type 1
1328,-5.391551554014578,0.8353287016552576,0,Sample 1,Cell type 1
1329,-5.7885808370684355,0.40323721241427557,0,Sample 1,Cell type 1
1330,-4.327503978796358,0.4373868545611035,0,Sample 1,Cell type 1
1331,-5.414089039228937,0.17903036131111882,0,Sample 1,Cell type 1
1332,5.349390841386808,0.3234358039693581,1,Sample 1,Cell type 2
1333,-6.035745180576725,0.9286614299028155,0,Sample 1,Cell type 1
1334,4.077334077435404,-1.3498754776885684,1,Sample 1,Cell type 2
1335,-5.657776316453145,0.19494976919352985,0,Sample 1,Cell type 1
1336,4.37584069670603,1.0644599232312322,1,Sample 1,Cell type 2
1337,-6.240530744852906,0.05485037984482186,0,Sample 1,Cell type 1
1338,5.768243837025176,0.36998689925348327,1,Sample 1,Cell type 2
1339,-5.935933468568231,-2.2978097706253195,0,Sample 1,Cell type 1
1340,-6.665543526306978,1.3571650946320306,0,Sample 1,Cell type 1
1341,6.645234851863633,-0.9047107482607326,1,Sample 1,Cell type 2
1342,4.169164943324822,-1.3050206523687564,1,Sample 1,Cell type 2
1343,-5.170754296744167,1.1925809094799618,0,Sample 1,Cell type 1
1344,5.556430206052622,0.6792816885945152,1,Sample 1,Cell type 2
1345,-4.530644958819781,-0.3799229252980196,0,Sample 1,Cell type 1
1346,-5.357857516527001,1.0248130893880905,0,Sample 1,Cell type 1
1347,4.720448538226435,-0.6180549990049926,1,Sample 1,Cell type 2
1348,5.782737689622428,0.4177140367471487,1,Sample 1,Cell type 2
1349,-3.5226904031618673,-0.8560678130609221,0,Sample 1,Cell type 1
1350,-4.5448135366517795,1.3027172985028306,0,Sample 1,Cell type 1
1351,6.025315036003015,0.4461528485800996,1,Sample 1,Cell type 2
1352,-5.386194817745626,-0.7626628866069699,0,Sample 1,Cell type 1
1353,-4.6151926146106295,0.1791072194233051,0,Sample 1,Cell type 1
1354,6.404380558652392,1.2584157801718852,1,Sample 1,Cell type 2
1355,5.326442277469405,0.4406380578189306,1,Sample 1,Cell type 2
1356,-5.842945935317084,-0.8542423372633545,0,Sample 1,Cell type 1
1357,3.7608315799572196,0.2063807849769447,1,Sample 1,Cell type 2
1358,-7.157509314353257,-0.04343589321424977,0,Sample 1,Cell type 1
1359,-4.599266249900495,-0.7820441958388409,0,Sample 1,Cell type 1
1360,-5.955140005119245,0.11435447581096542,0,Sample 1,Cell type 1
1361,-4.402165115901391,0.4882962123467719,0,Sample 1,Cell type 1
1362,-5.037536463103347,0.3816326617784972,0,Sample 1,Cell type 1
1363,6.319584715459137,0.856488447983349,1,Sample 1,Cell type 2
1364,4.276308500004987,0.9382054762139559,1,Sample 1,Cell type 2
1365,-4.311621209312204,-0.4664619508551508,0,Sample 1,Cell type 1
1366,3.9756355431980266,0.15158385697686452,1,Sample 1,Cell type 2
1367,5.0099994575258,2.2947224445334147,1,Sample 1,Cell type 2
1368,4.859316476454343,1.3291761325824147,1,Sample 1,Cell type 2
1369,-4.820868692748271,1.0913123439790755,0,Sample 1,Cell type 1
1370,3.9191405070335827,-1.0579663653948561,1,Sample 1,Cell type 2
1371,5.366218292921508,1.33959394667803,1,Sample 1,Cell type 2
1372,4.490153802376964,0.36670936284118744,1,Sample 1,Cell type 2
1373,5.877175387048707,-0.50054182999697,1,Sample 1,Cell type 2
1374,-3.887833960786149,0.4462482450814898,0,Sample 1,Cell type 1
1375,-3.8230637380051133,-0.1674589417214929,0,Sample 1,Cell type 1
1376,3.4239169458305314,0.7140778706394474,1,Sample 1,Cell type 2
1377,-5.026202616172799,-0.434739816907012,0,Sample 1,Cell type 1
1378,4.038280379139129,-0.3165445694050111,1,Sample 1,Cell type 2
1379,-5.989560568702466,-1.056365290467421,0,Sample 1,Cell type 1
1380,-5.771938768464084,0.5488411679987515,0,Sample 1,Cell type 1
1381,-4.509185621815667,-0.8182340521587245,0,Sample 1,Cell type 1
1382,5.503623667377449,-0.643452607727994,1,Sample 1,Cell type 2
1383,-3.5208351240437237,0.901252023638206,0,Sample 1,Cell type 1
1384,5.177831884640684,1.0230926506507145,1,Sample 1,Cell type 2
1385,-5.152545920610677,0.1739462985437783,0,Sample 1,Cell type 1
1386,-5.027747909909425,0.1873717860292166,0,Sample 1,Cell type 1
1387,4.51450785771426,0.36614926884284166,1,Sample 1,Cell type 2
1388,-5.791683856206864,-0.10062953607971853,0,Sample 1,Cell type 1
1389,4.26698071954902,1.0843542408843967,1,Sample 1,Cell type 2
1390,5.585104202059994,0.4723376490011708,1,Sample 1,Cell type 2
1391,-6.620114069326085,0.1491634518155421,0,Sample 1,Cell type 1
1392,5.897486284984376,1.8560325776138076,1,Sample 1,Cell type 2
1393,3.731213350209633,-1.5039395081112361,1,Sample 1,Cell type 2
1394,-4.760997673307451,-0.6014328400761475,0,Sample 1,Cell type 1
1395,-5.809683500208134,-1.3238853374926156,0,Sample 1,Cell type 1
1396,-5.215110952443864,-0.8852207269933363,0,Sample 1,Cell type 1
1397,4.650588610209426,-1.2852616805909436,1,Sample 1,Cell type 2
1398,-5.010797779790347,-0.8461687431647203,0,Sample 1,Cell type 1
1399,-4.596010176815634,0.6926041553360972,0,Sample 1,Cell type 1
1400,5.221886769571741,-0.017823183346970653,1,Sample 1,Cell type 2
1401,4.332541563606735,0.6112238252582877,1,Sample 1,Cell type 2
1402,-4.043962696860126,-1.2185495238270199,0,Sample 1,Cell type 1
1403,-4.392857128170588,0.22495313917550064,0,Sample 1,Cell type 1
1404,-4.034792826793314,-0.6535485367897889,0,Sample 1,Cell type 1
1405,5.7822524397489605,-1.6845175534722596,1,Sample 1,Cell type 2
1406,-5.214824518324666,-0.71295378033223,0,Sample 1,Cell type 1
1407,3.5648860017056876,-1.0843580024898314,1,Sample 1,Cell type 2
1408,4.1598874083182835,0.6059961194699884,1,Sample 1,Cell type 2
1409,-5.341086076964435,0.9187565673574039,0,Sample 1,Cell type 1
1410,-5.015212966322151,-0.8020234917102471,0,Sample 1,Cell type 1
1411,-5.202054521114528,-0.9982265455718796,0,Sample 1,Cell type 1
1412,5.183259750564562,0.8594544101724492,1,Sample 1,Cell type 2
1413,5.523980467377352,0.6486389164733679,1,Sample 1,Cell type 2
1414,5.309058654249248,-0.16357697678889724,1,Sample 1,Cell type 2
1415,5.67115240037569,-0.4938025492375386,1,Sample 1,Cell type 2
1416,-4.602628677591014,-0.11061144093694773,0,Sample 1,Cell type 1
1417,-5.215525467555646,0.5740338046367699,0,Sample 1,Cell type 1
1418,4.408502874032771,0.9535194675308584,1,Sample 1,Cell type 2
1419,3.9017124388151485,0.28118392028176137,1,Sample 1,Cell type 2
1420,4.6363618250052445,-0.1749226219480288,1,Sample 1,Cell type 2
1421,4.227468157181433,1.3033330919207562,1,Sample 1,Cell type 2
1422,-4.934048197652397,-1.1660411995719444,0,Sample 1,Cell type 1
1423,-4.82229298269303,-0.38299889733078185,0,Sample 1,Cell type 1
1424,-4.61221374616442,-0.6770853239926988,0,Sample 1,Cell type 1
1425,3.4701960196641783,-0.05490723686837489,1,Sample 1,Cell type 2
1426,4.496589285045769,1.2269821679331994,1,Sample 1,Cell type 2
1427,5.545655592050105,0.10094232292957375,1,Sample 1,Cell type 2
1428,-5.133697371029129,0.22606396039063972,0,Sample 1,Cell type 1
1429,-5.424400918088422,-0.46065459251574403,0,Sample 1,Cell type 1
1430,6.036850449425117,-0.8857254534419614,1,Sample 1,Cell type 2
1431,3.3852097084890893,0.1160509967675053,1,Sample 1,Cell type 2
1432,-4.786359787304593,0.7117046364987497,0,Sample 1,Cell type 1
1433,4.178904633867286,0.9840004581753201,1,Sample 1,Cell type 2
1434,-4.939356353445019,-0.5417293692096894,0,Sample 1,Cell type 1
1435,3.9233032612214283,-0.6554062877771982,1,Sample 1,Cell type 2
1436,-3.955616954276537,0.01680307330620724,0,Sample 1,Cell type 1
1437,6.18154754089462,-0.9342236410143481,1,Sample 1,Cell type 2
1438,-5.581709740659895,-0.1980149084412038,0,Sample 1,Cell type 1
1439,4.446199736587283,-1.5751385139328666,1,Sample 1,Cell type 2
1440,-4.417896365090416,0.041556708645839546,0,Sample 1,Cell type 1
1441,6.33876167223883,1.0723688414322783,1,Sample 1,Cell type 2
1442,5.015055239792479,-0.9373234778540495,1,Sample 1,Cell type 2
1443,5.3033224949808995,0.9841777405206301,1,Sample 1,Cell type 2
1444,-3.7972813585862797,0.7018898324605372,0,Sample 1,Cell type 1
1445,-5.835847355216827,-1.5730852715008015,0,Sample 1,Cell type 1
1446,-4.552167641655168,0.8646245804436975,0,Sample 1,Cell type 1
1447,-4.5817316095716,-0.4589600031508632,0,Sample 1,Cell type 1
1448,4.984591696212484,-0.21031266336661414,1,Sample 1,Cell type 2
1449,5.705126023138857,0.5769082900364654,1,Sample 1,Cell type 2
1450,-4.365209023558229,-1.3988255785905448,0,Sample 1,Cell type 1
1451,4.875281457650666,-0.4386298371924808,1,Sample 1,Cell type 2
1452,-5.063713112996572,0.36189743699978716,0,Sample 1,Cell type 1
1453,5.625704001225167,-0.6327195053340425,1,Sample 1,Cell type 2
1454,3.999673812824226,0.48361226108429345,1,Sample 1,Cell type 2
1455,-4.100709824011189,0.7580211696982864,0,Sample 1,Cell type 1
1456,-5.4369955586019865,0.3134432043220372,0,Sample 1,Cell type 1
1457,6.335255620661065,-0.7540464046335011,1,Sample 1,Cell type 2
1458,5.301127620878013,-0.7216412434860083,1,Sample 1,Cell type 2
1459,4.9018328531234205,0.07469789942132099,1,Sample 1,Cell type 2
1460,4.998076927264917,-0.471417321431445,1,Sample 1,Cell type 2
1461,-6.203776299224802,0.6080447709516821,0,Sample 1,Cell type 1
1462,-6.1021354943656725,-0.7502600319320982,0,Sample 1,Cell type 1
1463,-6.440846187322191,-0.4341390397872174,0,Sample 1,Cell type 1
1464,4.6743709496585755,0.5490547655653607,1,Sample 1,Cell type 2
1465,-4.605345679295288,0.14786889895589914,0,Sample 1,Cell type 1
1466,5.131808672989213,0.040710161484814454,1,Sample 1,Cell type 2
1467,5.282003974685503,-0.45628109313094445,1,Sample 1,Cell type 2
1468,5.187219563482518,-0.1988228944595595,1,Sample 1,Cell type 2
1469,5.156385385242633,-0.07907616099144485,1,Sample 1,Cell type 2
1470,-4.009373542853091,0.01701726138884932,0,Sample 1,Cell type 1
1471,5.605430943989585,0.48997503521088187,1,Sample 1,Cell type 2
1472,4.486810472764552,0.3902978278968592,1,Sample 1,Cell type 2
1473,5.766708655873634,0.041328781480863844,1,Sample 1,Cell type 2
1474,5.546663194248856,-0.16745105566348928,1,Sample 1,Cell type 2
1475,-5.662072176518976,0.0689151064370998,0,Sample 1,Cell type 1
1476,-3.7595996057487384,-0.7986832325910328,0,Sample 1,Cell type 1
1477,6.314702524643627,0.28851831314863596,1,Sample 1,Cell type 2
1478,-4.331446310347887,-0.9037654837260946,0,Sample 1,Cell type 1
1479,6.17134179100195,0.7974870187726464,1,Sample 1,Cell type 2
1480,-6.118854059055313,0.4503753893524567,0,Sample 1,Cell type 1
1481,5.067061302343489,1.1283673161628032,1,Sample 1,Cell type 2
1482,5.5004064134648285,0.7081851863911929,1,Sample 1,Cell type 2
1483,-4.893167276174174,-0.12197586910443513,0,Sample 1,Cell type 1
1484,-3.7590784195819813,0.09253970743428694,0,Sample 1,Cell type 1
1485,4.6818562451083165,-0.9472244465780476,1,Sample 1,Cell type 2
1486,-5.192260318526508,-0.29985664603967804,0,Sample 1,Cell type 1
1487,-6.89034594843347,-0.80778456376795,0,Sample 1,Cell type 1
1488,-5.020443256793156,0.9381832154074918,0,Sample 1,Cell type 1
1489,4.389371116657134,0.030350268358081623,1,Sample 1,Cell type 2
1490,-3.805849144832383,-0.21689888083405504,0,Sample 1,Cell type 1
1491,-4.6802496385978865,-0.5210855150334632,0,Sample 1,Cell type 1
1492,4.844584694417184,-0.6046332001266904,1,Sample 1,Cell type 2
1493,5.005650526902541,-0.5282569115787576,1,Sample 1,Cell type 2
1494,-5.920794861937843,0.3005584146765376,0,Sample 1,Cell type 1
1495,6.369632227214314,-1.3981092078626094,1,Sample 1,Cell type 2
1496,5.267341133795918,-0.12420723905979901,1,Sample 1,Cell type 2
1497,-6.496633536820685,-0.28121078723304693,0,Sample 1,Cell type 1
1498,-4.547592283494764,-1.4086102073246543,0,Sample 1,Cell type 1
1499,-5.718731737078686,0.3935353372052046,0,Sample 1,Cell type 1
1500,-5.854096343506075,-0.1139035880170348,0,Sample 1,Cell type 1
1501,4.960882253220715,-1.12415187744286,1,Sample 1,Cell type 2
1502,5.871015723373338,-0.3010405799399969,1,Sample 1,Cell type 2
1503,-4.768665084873746,1.9642401119287154,0,Sample 1,Cell type 1
1504,4.749553575581476,-0.0005668756613167338,1,Sample 1,Cell type 2
1505,-5.297765420856843,0.8709988957633489,0,Sample 1,Cell type 1
1506,-5.066144548674159,-0.09739800670662684,0,Sample 1,Cell type 1
1507,4.669601742285253,-0.7413586470778486,1,Sample 1,Cell type 2
1508,5.4347835029360745,0.1598483469749708,1,Sample 1,Cell type 2
1509,-4.866838233429555,0.3939610112065193,0,Sample 1,Cell type 1
1510,-5.313406519235057,-0.7379281475988021,0,Sample 1,Cell type 1
1511,4.559570520406734,-0.976569940731327,1,Sample 1,Cell type 2
1512,-4.492978495254321,0.3310392779611986,0,Sample 1,Cell type 1
1513,-5.877020069516162,-1.1520407060754356,0,Sample 1,Cell type 1
1514,-3.724395949420022,-0.6775690786546623,0,Sample 1,Cell type 1
1515,6.291823032567882,-0.25762252359364674,1,Sample 1,Cell type 2
1516,5.783111646845423,-1.0973945034108046,1,Sample 1,Cell type 2
1517,4.535481357956839,-0.4891081979109026,1,Sample 1,Cell type 2
1518,5.000422367085278,0.4809653991432919,1,Sample 1,Cell type 2
1519,5.796465211201624,1.3625380879344302,1,Sample 1,Cell type 2
1520,-4.626856014053179,-0.028513185837986857,0,Sample 1,Cell type 1
1521,-4.955420070169044,0.8753532147767589,0,Sample 1,Cell type 1
1522,4.143318065052449,1.5291352697117788,1,Sample 1,Cell type 2
1523,-4.203161851355347,-0.6054360708555686,0,Sample 1,Cell type 1
1524,5.955287522437898,-0.7849324249117453,1,Sample 1,Cell type 2
1525,-4.283845423977814,0.5081374413455756,0,Sample 1,Cell type 1
1526,-3.3514016600944103,1.4042726739545637,0,Sample 1,Cell type 1
1527,-4.703083301302953,-0.4831881493726565,0,Sample 1,Cell type 1
1528,4.186653497138802,-0.19526437893936105,1,Sample 1,Cell type 2
1529,-5.521134402891558,-0.38710866724345727,0,Sample 1,Cell type 1
1530,-5.80026505968446,-0.5421959764198813,0,Sample 1,Cell type 1
1531,-6.275542127035494,-0.4795000183630183,0,Sample 1,Cell type 1
1532,5.488172935671378,0.12557836877474737,1,Sample 1,Cell type 2
1533,-4.502742488115159,-0.2956882688349072,0,Sample 1,Cell type 1
1534,-4.585872783624701,-0.5805950505227725,0,Sample 1,Cell type 1
1535,4.63510333802065,0.1451412960911771,1,Sample 1,Cell type 2
1536,3.966189843915505,0.5517662441961555,1,Sample 1,Cell type 2
1537,4.037439315688684,-0.8336355297944824,1,Sample 1,Cell type 2
1538,5.814129173474802,0.2171962486605184,1,Sample 1,Cell type 2
1539,-5.618260171630057,-0.1894548853920071,0,Sample 1,Cell type 1
1540,-5.021843631607945,-0.7466143672585569,0,Sample 1,Cell type 1
1541,5.078454031631155,1.0366974254904116,1,Sample 1,Cell type 2
1542,5.147768379824867,0.7503324300085241,1,Sample 1,Cell type 2
1543,-4.718841433966734,0.8561201906531419,0,Sample 1,Cell type 1
1544,5.360482730290031,-1.4958530716257314,1,Sample 1,Cell type 2
1545,4.887699952875731,0.24609013455135714,1,Sample 1,Cell type 2
1546,5.546855458560382,-1.0927645689604275,1,Sample 1,Cell type 2
1547,4.968554169897895,-0.10759742752138618,1,Sample 1,Cell type 2
1548,-3.329300236175418,-0.11167170252413901,0,Sample 1,Cell type 1
1549,-6.220525051656076,1.0100672827417456,0,Sample 1,Cell type 1
1550,5.4564903977756245,0.7745477284262889,1,Sample 1,Cell type 2
1551,-4.065774350672154,0.2035366746409705,0,Sample 1,Cell type 1
1552,4.7700419844797155,0.22986312352240745,1,Sample 1,Cell type 2
1553,4.776893284679395,0.6761263769474573,1,Sample 1,Cell type 2
1554,4.208033765958389,-0.028006088004988723,1,Sample 1,Cell type 2
1555,5.720318870716051,0.36098025545480655,1,Sample 1,Cell type 2
1556,6.466045634783361,0.6513214096946133,1,Sample 1,Cell type 2
1557,5.949387696141865,1.1490683245647828,1,Sample 1,Cell type 2
1558,4.110833634450374,0.1972038227456039,1,Sample 1,Cell type 2
1559,4.205313040334439,-0.8127030615919827,1,Sample 1,Cell type 2
1560,-4.568995206042905,-0.7365388744634931,0,Sample 1,Cell type 1
1561,3.851272380905178,-1.0526526531420057,1,Sample 1,Cell type 2
1562,-5.174144962581776,0.8790214815897521,0,Sample 1,Cell type 1
1563,5.999603920564927,-1.0662219179837198,1,Sample 1,Cell type 2
1564,-3.9586069684809617,1.2492089573814822,0,Sample 1,Cell type 1
1565,-4.897516468071369,-0.5448413259799046,0,Sample 1,Cell type 1
1566,-4.4334284613947545,0.18657290501080134,0,Sample 1,Cell type 1
1567,5.476023572668452,-0.445938442486657,1,Sample 1,Cell type 2
1568,-4.555516427197241,0.07166454500419905,0,Sample 1,Cell type 1
1569,5.293985332379443,-0.2508237489379183,1,Sample 1,Cell type 2
1570,-5.953042797762119,0.5252428869070638,0,Sample 1,Cell type 1
1571,-3.3022750423898932,0.8259722084409176,0,Sample 1,Cell type 1
1572,-5.85671399844889,0.38597793219454823,0,Sample 1,Cell type 1
1573,4.759312202287339,-0.9675815483350443,1,Sample 1,Cell type 2
1574,4.901013855920195,0.3662444879406278,1,Sample 1,Cell type 2
1575,4.65660446376107,0.4708426158165758,1,Sample 1,Cell type 2
1576,-5.128106236453313,0.5370720611603725,0,Sample 1,Cell type 1
1577,-5.530099007156677,0.4564789348745275,0,Sample 1,Cell type 1
1578,-5.677434974454724,-1.2118777797486917,0,Sample 1,Cell type 1
1579,5.224509123592109,1.406896387356107,1,Sample 1,Cell type 2
1580,5.279840019654326,-0.8032436774736083,1,Sample 1,Cell type 2
1581,4.010058689421942,0.08752677746637605,1,Sample 1,Cell type 2
1582,6.023614935808127,-1.7734550714832515,1,Sample 1,Cell type 2
1583,-4.343614255042109,0.4058192248858382,0,Sample 1,Cell type 1
1584,-5.538792499395095,0.22319532977904158,0,Sample 1,Cell type 1
1585,5.645698077309849,-0.7788369597635749,1,Sample 1,Cell type 2
1586,5.137471471834825,0.44260097598782694,1,Sample 1,Cell type 2
1587,4.533120538923196,0.8307030808154533,1,Sample 1,Cell type 2
1588,-5.471491805555369,0.6796816776168197,0,Sample 1,Cell type 1
1589,5.71215872889983,0.8281994677790021,1,Sample 1,Cell type 2
1590,4.173980877177968,0.3183416399574472,1,Sample 1,Cell type 2
1591,4.516815499224617,-0.18363892428827766,1,Sample 1,Cell type 2
1592,4.809511650950356,0.0368021978026193,1,Sample 1,Cell type 2
1593,-4.725819722897837,0.36540257532302717,0,Sample 1,Cell type 1
1594,5.06286162377532,-1.7029872755318498,1,Sample 1,Cell type 2
1595,5.398577398797428,0.9121192308170132,1,Sample 1,Cell type 2
1596,-5.626602633868989,-0.25764921296454046,0,Sample 1,Cell type 1
1597,5.128391699178784,1.7700248315177938,1,Sample 1,Cell type 2
1598,-4.763103778348339,0.2088442177439115,0,Sample 1,Cell type 1
1599,4.279503412281705,0.5107135404867064,1,Sample 1,Cell type 2
1600,-5.196310492802296,-0.6029889314859918,0,Sample 1,Cell type 1
1601,5.575806353718545,-1.034618366296931,1,Sample 1,Cell type 2
1602,-3.688028376502886,0.5937019928575138,0,Sample 1,Cell type 1
1603,-5.5615933502454045,-0.5303207340407585,0,Sample 1,Cell type 1
1604,4.98115827930061,-0.1394834063222687,1,Sample 1,Cell type 2
1605,-4.695841719195229,0.4884685962270585,0,Sample 1,Cell type 1
1606,4.425664887401918,-0.18441970014420067,1,Sample 1,Cell type 2
1607,-4.457659302928585,-0.39032912651656215,0,Sample 1,Cell type 1
1608,4.692822982438119,0.20016016500135558,1,Sample 1,Cell type 2
1609,5.7008374340238355,1.1781365406007855,1,Sample 1,Cell type 2
1610,5.71628434461008,-0.5052621833322651,1,Sample 1,Cell type 2
1611,3.545616619690276,0.6077698363873347,1,Sample 1,Cell type 2
1612,-4.332862276360877,0.3673440633827494,0,Sample 1,Cell type 1
1613,-4.8471207455840775,0.03714923852491905,0,Sample 1,Cell type 1
1614,-3.4282198936668884,0.028210841577382892,0,Sample 1,Cell type 1
1615,6.447445079786489,-0.1744367163138991,1,Sample 1,Cell type 2
1616,-3.817684764206787,-0.4146161746189179,0,Sample 1,Cell type 1
1617,-5.501373779671972,0.689914777906207,0,Sample 1,Cell type 1
1618,-5.181183113521222,0.2938924054529425,0,Sample 1,Cell type 1
1619,-4.793959687421789,-0.059556732612933774,0,Sample 1,Cell type 1
1620,-5.184747624166943,0.5569650918507347,0,Sample 1,Cell type 1
1621,4.285769987606493,0.41089157138487703,1,Sample 1,Cell type 2
1622,5.253962609000141,-0.266288323506009,1,Sample 1,Cell type 2
1623,-4.214587610406724,-0.25986510680689795,0,Sample 1,Cell type 1
1624,3.619354616967523,-0.5420517218685241,1,Sample 1,Cell type 2
1625,-3.863596601608116,-0.45659703499958104,0,Sample 1,Cell type 1
1626,5.680718369734378,-0.10989743071951733,1,Sample 1,Cell type 2
1627,4.703593521127977,-1.1244536153429137,1,Sample 1,Cell type 2
1628,-5.4318077442474895,-0.6226437803218502,0,Sample 1,Cell type 1
1629,-4.832909123996195,-1.5677360991038205,0,Sample 1,Cell type 1
1630,-3.349980064605484,-0.8540263314034183,0,Sample 1,Cell type 1
1631,5.585993682223842,0.23097893026001862,1,Sample 1,Cell type 2
1632,-4.36004647844636,-1.2930484867492704,0,Sample 1,Cell type 1
1633,-4.212542081218733,-0.17119107538040718,0,Sample 1,Cell type 1
1634,-3.8777645512511203,-1.1214808502338247,0,Sample 1,Cell type 1
1635,-4.430708097528888,-0.8997136734702954,0,Sample 1,Cell type 1
1636,4.561384964059938,0.6666671294242458,1,Sample 1,Cell type 2
1637,-5.423808163013631,0.4106139464906849,0,Sample 1,Cell type 1
1638,-3.7363422834154303,-0.41828802172261464,0,Sample 1,Cell type 1
1639,-5.347596981945853,-0.24733769877491152,0,Sample 1,Cell type 1
1640,-5.570276626141731,0.08514418215351748,0,Sample 1,Cell type 1
1641,-5.0286608312879615,1.2517149246512052,0,Sample 1,Cell type 1
1642,5.508334424167381,-0.9914067158827781,1,Sample 1,Cell type 2
1643,5.4005325771049675,0.039818949744768066,1,Sample 1,Cell type 2
1644,-4.237490692869404,0.22969933216145938,0,Sample 1,Cell type 1
1645,-4.5007041463582755,0.5026764074114239,0,Sample 1,Cell type 1
1646,-5.4402441230763365,-0.5372986943504413,0,Sample 1,Cell type 1
1647,5.082750503446485,1.6336608321149955,1,Sample 1,Cell type 2
1648,-5.663196008737658,-0.44814483215757567,0,Sample 1,Cell type 1
1649,-6.227291336588498,1.0221414575188073,0,Sample 1,Cell type 1
1650,4.6239662817923985,0.2127025837216388,1,Sample 1,Cell type 2
1651,4.003426098842892,0.043947288799878984,1,Sample 1,Cell type 2
1652,4.250794900168323,-0.534223645175109,1,Sample 1,Cell type 2
1653,4.716767431247181,-0.4588814183175208,1,Sample 1,Cell type 2
1654,-5.514814584304115,0.7422721024649898,0,Sample 1,Cell type 1
1655,3.676090051017363,-0.768037036223571,1,Sample 1,Cell type 2
1656,5.441839950143619,0.5005047469168007,1,Sample 1,Cell type 2
1657,5.556321979640239,-0.9128068078021907,1,Sample 1,Cell type 2
1658,-5.514839865853969,0.823968654064929,0,Sample 1,Cell type 1
1659,-4.441421349109128,0.3147883083373997,0,Sample 1,Cell type 1
1660,-4.442890042034628,0.7642441668564086,0,Sample 1,Cell type 1
1661,3.889165956935031,-1.280216883602968,1,Sample 1,Cell type 2
1662,4.1302032489097575,-0.8686601031081485,1,Sample 1,Cell type 2
1663,-4.461941039037815,1.5199055479161725,0,Sample 1,Cell type 1
1664,4.6102376630440585,-0.2815370542532073,1,Sample 1,Cell type 2
1665,5.2430548764839005,0.5772500041009149,1,Sample 1,Cell type 2
1666,-4.635289782334714,1.7320018759208673,0,Sample 1,Cell type 1
1667,4.26034870849752,-1.2780793356763458,1,Sample 1,Cell type 2
1668,-5.5169818478750425,1.4202487140876097,0,Sample 1,Cell type 1
1669,5.000964380289779,-0.6536709048545526,1,Sample 1,Cell type 2
1670,-5.065720942714055,0.8938366652705021,0,Sample 1,Cell type 1
1671,-5.1345150548678316,-0.3776724621577019,0,Sample 1,Cell type 1
1672,5.729090177739778,0.08460303301718435,1,Sample 1,Cell type 2
1673,5.964795613237452,0.621925882211609,1,Sample 1,Cell type 2
1674,4.888482239469413,0.5917225213797371,1,Sample 1,Cell type 2
1675,-5.105005573673844,0.06148150636701458,0,Sample 1,Cell type 1
1676,3.543517359561186,0.21604588671313768,1,Sample 1,Cell type 2
1677,3.653873044701851,-0.8192228727091037,1,Sample 1,Cell type 2
1678,-3.3892902019787012,0.10922826486618996,0,Sample 1,Cell type 1
1679,6.187292822828772,0.284490679028528,1,Sample 1,Cell type 2
1680,-6.220420136739791,-0.5535264559049956,0,Sample 1,Cell type 1
1681,-5.686686224144971,0.5602479035271931,0,Sample 1,Cell type 1
1682,-5.535258190927934,0.8319237499168612,0,Sample 1,Cell type 1
1683,4.738386145912183,-0.17076542348035062,1,Sample 1,Cell type 2
1684,4.917396191880762,-1.3145510489233339,1,Sample 1,Cell type 2
1685,-4.839120762628026,0.8405235168060896,0,Sample 1,Cell type 1
1686,5.275030305239908,-0.038921881256360924,1,Sample 1,Cell type 2
1687,5.699613659306018,-0.5198121814786137,1,Sample 1,Cell type 2
1688,-5.954909465405184,0.7353233388880013,0,Sample 1,Cell type 1
1689,5.7374412015818015,0.3861503097673702,1,Sample 1,Cell type 2
1690,-5.777325387633029,-1.1036945318311444,0,Sample 1,Cell type 1
1691,-2.951932369384964,-0.0768479197797199,0,Sample 1,Cell type 1
1692,-4.938105353881905,-0.689027361062611,0,Sample 1,Cell type 1
1693,-4.479839057633071,-0.07934069102350633,0,Sample 1,Cell type 1
1694,4.922701063988089,-0.3327735423578869,1,Sample 1,Cell type 2
1695,4.349588502191896,0.6586239325421643,1,Sample 1,Cell type 2
1696,5.409199660289489,1.5481232320481835,1,Sample 1,Cell type 2
1697,-6.370507623272702,1.0830978993323304,0,Sample 1,Cell type 1
1698,5.823565985278686,0.6978523040227603,1,Sample 1,Cell type 2
1699,-4.797008270804342,0.37415453741234656,0,Sample 1,Cell type 1
1700,-5.027769415764195,-0.9349424300956257,0,Sample 1,Cell type 1
1701,-5.490230952387509,-0.31016124794878736,0,Sample 1,Cell type 1
1702,4.743465899554247,1.4361690847298578,1,Sample 1,Cell type 2
1703,4.616930035193277,-0.6902206112344965,1,Sample 1,Cell type 2
1704,-5.91498096585653,0.08684776462121852,0,Sample 1,Cell type 1
1705,-5.367488719632195,-0.6798754955718335,0,Sample 1,Cell type 1
1706,3.6884126699796527,-0.31397688484869835,1,Sample 1,Cell type 2
1707,-4.115579253633613,0.9496242444483042,0,Sample 1,Cell type 1
1708,6.13568240361091,-0.48033885259096415,1,Sample 1,Cell type 2
1709,4.815679428635386,-0.7393865154146435,1,Sample 1,Cell type 2
1710,3.9658997222781895,-0.42573485050175164,1,Sample 1,Cell type 2
1711,-4.114335464570422,-0.0963049311628786,0,Sample 1,Cell type 1
1712,-4.734415735544788,0.15239974382325314,0,Sample 1,Cell type 1
1713,-4.259057961974687,1.5275333123761046,0,Sample 1,Cell type 1
1714,3.524965133215403,-0.7122542784158975,1,Sample 1,Cell type 2
1715,-5.428770756091239,0.6464462386249161,0,Sample 1,Cell type 1
1716,4.228992859031512,-0.7657207319160344,1,Sample 1,Cell type 2
1717,5.161863037138241,1.3054855192712873,1,Sample 1,Cell type 2
1718,-5.441486516713957,2.046559428534602,0,Sample 1,Cell type 1
1719,-5.178772785897482,-0.279453436894558,0,Sample 1,Cell type 1
1720,3.2305104709363945,1.2267469610370605,1,Sample 1,Cell type 2
1721,5.173299980323695,-0.8206021469122219,1,Sample 1,Cell type 2
1722,-5.603171671093341,-0.22454006149341926,0,Sample 1,Cell type 1
1723,4.526115235478358,0.09883815676446588,1,Sample 1,Cell type 2
1724,-4.904335705268678,-0.7784551527052445,0,Sample 1,Cell type 1
1725,4.304269534980245,0.9003478275318155,1,Sample 1,Cell type 2
1726,5.0607642143328695,0.5941459346877779,1,Sample 1,Cell type 2
1727,-4.771307687420076,0.26756543198962,0,Sample 1,Cell type 1
1728,-5.665884458483383,0.3771324451091233,0,Sample 1,Cell type 1
1729,4.2197071781774,1.0428063455478074,1,Sample 1,Cell type 2
1730,3.332709648401129,1.3797573198088868,1,Sample 1,Cell type 2
1731,-3.670992628361704,-0.3656770052690175,0,Sample 1,Cell type 1
1732,-4.587961850955161,3.0821851925237773,0,Sample 1,Cell type 1
1733,-5.050143277818537,0.7641138564009906,0,Sample 1,Cell type 1
1734,6.668837639629691,-0.8118075945486818,1,Sample 1,Cell type 2
1735,4.744121981396125,0.1214063937989923,1,Sample 1,Cell type 2
1736,6.403946457317794,0.014721304626750503,1,Sample 1,Cell type 2
1737,-5.449734421262642,-0.16737749899562224,0,Sample 1,Cell type 1
1738,-4.991717904125296,-1.0494689858801276,0,Sample 1,Cell type 1
1739,5.3705650336792985,-1.0937102451681966,1,Sample 1,Cell type 2
1740,-5.138457459427095,0.012463238065174027,0,Sample 1,Cell type 1
1741,6.842911001683831,-1.1835553785117792,1,Sample 1,Cell type 2
1742,-3.340733864200021,-0.7355076732691388,0,Sample 1,Cell type 1
1743,-4.713770111721374,0.44862762109458754,0,Sample 1,Cell type 1
1744,4.579001714786063,1.1106702225667584,1,Sample 1,Cell type 2
1745,4.297341538256209,-0.3024063192145738,1,Sample 1,Cell type 2
1746,3.258347962845716,0.1427813311083118,1,Sample 1,Cell type 2
1747,-4.15326041052033,-1.4069915891384914,0,Sample 1,Cell type 1
1748,5.7176529575097055,1.0199000330229777,1,Sample 1,Cell type 2
1749,-4.901863747204164,1.2997427667756485,0,Sample 1,Cell type 1
1750,-4.898896336362871,1.5511431992466278,0,Sample 1,Cell type 1
1751,-5.748350961635676,0.8687856929400258,0,Sample 1,Cell type 1
1752,-3.736629747594087,0.613947783322327,0,Sample 1,Cell type 1
1753,6.440408945208683,0.9911570823515499,1,Sample 1,Cell type 2
1754,6.7750241867585075,-0.12723616832004103,1,Sample 1,Cell type 2
1755,-4.137055333254963,-0.03080677560056577,0,Sample 1,Cell type 1
1756,4.917255020567773,-0.991242162021314,1,Sample 1,Cell type 2
1757,-5.087008118765486,0.3213693776791532,0,Sample 1,Cell type 1
1758,5.805955178556159,-1.003938134401834,1,Sample 1,Cell type 2
1759,-4.6927476408485544,-0.02615579847527449,0,Sample 1,Cell type 1
1760,-5.031644123085324,0.5452005578980995,0,Sample 1,Cell type 1
1761,-5.461208320581376,-2.072833833715928,0,Sample 1,Cell type 1
1762,5.974555769403405,0.8458946443025801,1,Sample 1,Cell type 2
1763,-5.780698602381866,0.8429134372862717,0,Sample 1,Cell type 1
1764,6.593242641763787,-0.6656490438798853,1,Sample 1,Cell type 2
1765,6.747277386704365,0.45640576668361277,1,Sample 1,Cell type 2
1766,-4.776025098944144,-0.9003912378387012,0,Sample 1,Cell type 1
1767,-5.372829201494594,-1.2757624538134364,0,Sample 1,Cell type 1
1768,4.848703687378373,0.7373200895395675,1,Sample 1,Cell type 2
1769,5.235379303210795,-0.1875262402530576,1,Sample 1,Cell type 2
1770,5.7095099120778405,-0.33660943494484263,1,Sample 1,Cell type 2
1771,4.117064137175705,-0.2646313794620459,1,Sample 1,Cell type 2
1772,-4.818032052316696,1.0457142034259426,0,Sample 1,Cell type 1
1773,-5.207233716656562,-0.15707987926798261,0,Sample 1,Cell type 1
1774,5.649117243593274,-0.9186106310020947,1,Sample 1,Cell type 2
1775,-5.191145679335755,-0.2934595294517501,0,Sample 1,Cell type 1
1776,-5.898177617249839,0.3059277969472405,0,Sample 1,Cell type 1
1777,3.8878224598772295,0.1262091514350156,1,Sample 1,Cell type 2
1778,5.340709764954429,0.015318221932601649,1,Sample 1,Cell type 2
1779,-5.790872885720734,-0.8828714537726168,0,Sample 1,Cell type 1
1780,-4.522079944120113,0.5609381938487187,0,Sample 1,Cell type 1
1781,-4.176675490139485,0.3780779859304344,0,Sample 1,Cell type 1
1782,4.795056198003696,-0.19319795669662307,1,Sample 1,Cell type 2
1783,-5.642939654375785,1.311293444355254,0,Sample 1,Cell type 1
1784,-4.228896706564072,1.768418401273081,0,Sample 1,Cell type 1
1785,4.6855577943508795,0.8013054601668481,1,Sample 1,Cell type 2
1786,-4.591037920380016,1.0989268361303661,0,Sample 1,Cell type 1
1787,-4.842783064238824,0.5672030060708099,0,Sample 1,Cell type 1
1788,-6.056186565616514,1.465167012683483,0,Sample 1,Cell type 1
1789,-5.7070859489609065,0.12298008475642233,0,Sample 1,Cell type 1
1790,4.44258254525634,0.4656212536677815,1,Sample 1,Cell type 2
1791,-6.630499628142283,-0.8064690487339233,0,Sample 1,Cell type 1
1792,6.817947776357506,0.7112296978239137,1,Sample 1,Cell type 2
1793,5.039446665216178,0.6150717407751175,1,Sample 1,Cell type 2
1794,-4.551264441647009,-0.2363842544233283,0,Sample 1,Cell type 1
1795,-4.4781416972692645,-1.2611137255873996,0,Sample 1,Cell type 1
1796,3.4391185087691003,0.11487034920412816,1,Sample 1,Cell type 2
1797,5.976657039050439,-0.7014190249694758,1,Sample 1,Cell type 2
1798,-6.245303338819123,0.4848079610765117,0,Sample 1,Cell type 1
1799,5.663579873545399,-0.15506091101824282,1,Sample 1,Cell type 2
1800,-4.783634539376129,-0.04019048755930957,0,Sample 1,Cell type 1
1801,-5.435935269447159,0.3193088914816567,0,Sample 1,Cell type 1
1802,5.482598000457115,0.23852677279242052,1,Sample 1,Cell type 2
1803,-5.3554346080608894,0.3018403944358818,0,Sample 1,Cell type 1
1804,5.326885846161414,-0.2462467769111073,1,Sample 1,Cell type 2
1805,-4.2198418961740565,0.4008753359518762,0,Sample 1,Cell type 1
1806,-4.980624434661793,1.1297764443323435,0,Sample 1,Cell type 1
1807,-4.871540815160109,0.002436816122731576,0,Sample 1,Cell type 1
1808,-4.003131846001897,-1.6587121859265197,0,Sample 1,Cell type 1
1809,3.5831451575295272,0.3772339043345646,1,Sample 1,Cell type 2
1810,-5.735539387387043,1.2399475240140316,0,Sample 1,Cell type 1
1811,4.948249115973986,0.058299278412412316,1,Sample 1,Cell type 2
1812,-4.3021434906234575,0.1466736045906814,0,Sample 1,Cell type 1
1813,-5.6183021342588875,0.3256418296996281,0,Sample 1,Cell type 1
1814,5.7123065308158285,0.46016401288525305,1,Sample 1,Cell type 2
1815,-5.588423954071813,0.98887454016835,0,Sample 1,Cell type 1
1816,-4.9484204681519035,-1.5803732530830972,0,Sample 1,Cell type 1
1817,-4.141094600112182,-0.8212122395288483,0,Sample 1,Cell type 1
1818,5.960209399791063,-0.3705290896683192,1,Sample 1,Cell type 2
1819,-3.6971075635429664,-1.1040811665719132,0,Sample 1,Cell type 1
1820,4.788388126951512,-1.6030898915254028,1,Sample 1,Cell type 2
1821,-6.212152849758842,1.0934994139556198,0,Sample 1,Cell type 1
1822,5.1401691351268095,2.3882072020827283,1,Sample 1,Cell type 2
1823,-4.833293753641958,-1.6333878947394327,0,Sample 1,Cell type 1
1824,5.020310736433928,-1.5357385249581252,1,Sample 1,Cell type 2
1825,6.160742038623369,1.4457573149103082,1,Sample 1,Cell type 2
1826,-5.0395709677219465,0.5398555937332831,0,Sample 1,Cell type 1
1827,-4.489559118847394,0.4006755799555656,0,Sample 1,Cell type 1
1828,-4.740732824484164,-0.30806582433305324,0,Sample 1,Cell type 1
1829,4.7359039248268395,-0.16933358554494152,1,Sample 1,Cell type 2
1830,-3.8274809848627567,-0.18062104038922855,0,Sample 1,Cell type 1
1831,-4.1391942891211215,0.017049318937553775,0,Sample 1,Cell type 1
1832,-5.511169398151602,-1.0584718347259987,0,Sample 1,Cell type 1
1833,-3.777225258869975,0.40626860503169904,0,Sample 1,Cell type 1
1834,4.841649816812255,1.6543250705308417,1,Sample 1,Cell type 2
1835,4.574836358912628,-1.2542875402923648,1,Sample 1,Cell type 2
1836,3.7857010026553524,-0.28562336064528754,1,Sample 1,Cell type 2
1837,-4.961182697644138,-0.6647600931288302,0,Sample 1,Cell type 1
1838,5.156019987222502,-0.6066256551100722,1,Sample 1,Cell type 2
1839,-6.075560408827422,-0.7349215571873586,0,Sample 1,Cell type 1
1840,-3.9874337273082396,-0.6929398785716008,0,Sample 1,Cell type 1
1841,4.055349747752924,0.8914573557350978,1,Sample 1,Cell type 2
1842,4.221296929578372,0.8057066691785277,1,Sample 1,Cell type 2
1843,5.2573428331012,0.1344478447734562,1,Sample 1,Cell type 2
1844,-5.819349459463364,1.4832740530673507,0,Sample 1,Cell type 1
1845,4.835312455295727,-0.5972626772321912,1,Sample 1,Cell type 2
1846,-4.131283547334737,0.37975858630396225,0,Sample 1,Cell type 1
1847,4.562655932330188,-0.21732408826084262,1,Sample 1,Cell type 2
1848,-4.8433237959218545,-0.7826982220920257,0,Sample 1,Cell type 1
1849,5.4178005088142225,-0.07833219715432325,1,Sample 1,Cell type 2
1850,5.02623759632927,-0.6067962677600556,1,Sample 1,Cell type 2
1851,-4.773369702763087,-0.20712397896326187,0,Sample 1,Cell type 1
1852,6.988151933343113,0.2118202487823837,1,Sample 1,Cell type 2
1853,5.115910266477513,0.01912243462796438,1,Sample 1,Cell type 2
1854,5.97846645367626,-0.20708352029586533,1,Sample 1,Cell type 2
1855,5.960425326779098,0.11228789587843757,1,Sample 1,Cell type 2
1856,5.236499590997676,-1.213314039536633,1,Sample 1,Cell type 2
1857,4.428255458407655,0.4170239240110516,1,Sample 1,Cell type 2
1858,-4.410524882326054,-0.22506204569457072,0,Sample 1,Cell type 1
1859,4.522420570623141,-1.9122434939755504,1,Sample 1,Cell type 2
1860,-4.988856566469643,-0.019300069688002623,0,Sample 1,Cell type 1
1861,4.816487404745578,-0.034781559851089945,1,Sample 1,Cell type 2
1862,-5.473915139391095,-0.6911926157438528,0,Sample 1,Cell type 1
1863,-5.884563734788749,-0.17193682423098827,0,Sample 1,Cell type 1
1864,5.554783129531195,-0.3136101119353037,1,Sample 1,Cell type 2
1865,-5.4813652897835174,1.4818225476071503,0,Sample 1,Cell type 1
1866,5.545641652570096,1.1897969242687418,1,Sample 1,Cell type 2
1867,5.595353577199949,-0.1449793385744824,1,Sample 1,Cell type 2
1868,-4.525154622175311,-2.3523109077314244,0,Sample 1,Cell type 1
1869,-4.303100237254646,-0.2608188257342729,0,Sample 1,Cell type 1
1870,-4.048869302820286,0.566643077760851,0,Sample 1,Cell type 1
1871,-3.1445363680146445,0.3146542715154975,0,Sample 1,Cell type 1
1872,4.25966029915233,0.2043070045394537,1,Sample 1,Cell type 2
1873,-4.7846984470039144,-0.2745538203979284,0,Sample 1,Cell type 1
1874,-4.5831020572965295,0.5161724687600456,0,Sample 1,Cell type 1
1875,-5.032126360515475,-1.1446200816944385,0,Sample 1,Cell type 1
1876,-6.354365451356308,-0.07867170143579992,0,Sample 1,Cell type 1
1877,-5.7859899148306475,-0.1797065199976197,0,Sample 1,Cell type 1
1878,-4.8810660342383105,-0.2696687768944315,0,Sample 1,Cell type 1
1879,5.988625753457724,-0.8568429437192391,1,Sample 1,Cell type 2
1880,-4.753559568396718,-0.3133188539374329,0,Sample 1,Cell type 1
1881,-4.829442697409848,-0.6015754653910553,0,Sample 1,Cell type 1
1882,6.096428915197371,0.5561623200671995,1,Sample 1,Cell type 2
1883,2.891401808786498,0.0027004052777287995,1,Sample 1,Cell type 2
1884,3.89790599939661,-0.45181920333675385,1,Sample 1,Cell type 2
1885,-5.292257241049687,0.14774424469192673,0,Sample 1,Cell type 1
1886,-6.125053970937467,-0.06648445810295582,0,Sample 1,Cell type 1
1887,-5.4459934280062665,-1.0958423836632623,0,Sample 1,Cell type 1
1888,-5.211725466590365,2.176135333271695,0,Sample 1,Cell type 1
1889,4.283722942109581,-0.3264806713281765,1,Sample 1,Cell type 2
1890,4.602454379905617,-0.1460551795036329,1,Sample 1,Cell type 2
1891,6.570069752424636,0.0029565374782778604,1,Sample 1,Cell type 2
1892,5.07092607276915,0.1578525659244765,1,Sample 1,Cell type 2
1893,5.655022115003889,1.2303455347300423,1,Sample 1,Cell type 2
1894,4.975152853703278,-0.7277467335854669,1,Sample 1,Cell type 2
1895,4.329131361242215,-0.7093447378267659,1,Sample 1,Cell type 2
1896,-5.375579508747962,0.43404803486877175,0,Sample 1,Cell type 1
1897,-4.450991847700389,-1.2901726969517213,0,Sample 1,Cell type 1
1898,4.056504702693906,0.13780350912883,1,Sample 1,Cell type 2
1899,3.9654867649930816,0.4579122489405406,1,Sample 1,Cell type 2
1900,4.7760053585004165,-1.0232245889758291,1,Sample 1,Cell type 2
1901,6.020312590399212,-0.12137154686178331,1,Sample 1,Cell type 2
1902,-5.057281007531251,-0.029777789207873273,0,Sample 1,Cell type 1
1903,-5.812657455182718,0.04934387987837732,0,Sample 1,Cell type 1
1904,-4.9441583320079845,-0.30825087748940816,0,Sample 1,Cell type 1
1905,-3.9624043627511125,-0.0182944498391057,0,Sample 1,Cell type 1
1906,6.224156159090681,0.5319417298413928,1,Sample 1,Cell type 2
1907,5.678539370133334,-0.9860186518148073,1,Sample 1,Cell type 2
1908,5.817106636343519,1.67075421829594,1,Sample 1,Cell type 2
1909,4.50052368822942,-0.14762028612467964,1,Sample 1,Cell type 2
1910,-6.256700921654799,-0.9014139751278443,0,Sample 1,Cell type 1
1911,4.514639764187763,0.16902695382357819,1,Sample 1,Cell type 2
1912,-4.408951615289998,0.49229398721044276,0,Sample 1,Cell type 1
1913,-4.422094913737783,-0.2982665216734136,0,Sample 1,Cell type 1
1914,-4.056562252748939,0.05401478512808716,0,Sample 1,Cell type 1
1915,-5.0788705058274095,0.01507969835587813,0,Sample 1,Cell type 1
1916,5.350780591047782,0.015693326155191922,1,Sample 1,Cell type 2
1917,4.854840744601987,-0.08506960202505198,1,Sample 1,Cell type 2
1918,5.183197113967473,-1.4863211611186298,1,Sample 1,Cell type 2
1919,5.298678847769119,0.2499025683732574,1,Sample 1,Cell type 2
1920,-3.8187677202192836,1.1040730833179613,0,Sample 1,Cell type 1
1921,-5.021124605567142,0.22412892705568543,0,Sample 1,Cell type 1
1922,4.106780448041072,0.988649296005551,1,Sample 1,Cell type 2
1923,5.8939190527219685,1.1587993839143411,1,Sample 1,Cell type 2
1924,6.594012282534495,-0.6133252702266784,1,Sample 1,Cell type 2
1925,5.312556736742516,-1.0611777026488665,1,Sample 1,Cell type 2
1926,-4.7265952193782725,1.500936671372709,0,Sample 1,Cell type 1
1927,-4.840752243541224,-0.48017350172703577,0,Sample 1,Cell type 1
1928,-4.313872301438384,-0.1279508239707417,0,Sample 1,Cell type 1
1929,-5.14155778199524,-0.6386377956307631,0,Sample 1,Cell type 1
1930,6.484402651835411,0.17938779562823343,1,Sample 1,Cell type 2
1931,-5.386448841346752,0.1174344095884395,0,Sample 1,Cell type 1
1932,-4.912484164316085,0.5806132991189535,0,Sample 1,Cell type 1
1933,4.559907773650769,-0.11762033874467999,1,Sample 1,Cell type 2
1934,4.928612676622841,-0.030056515983585014,1,Sample 1,Cell type 2
1935,5.828870120837005,-1.1383799402093384,1,Sample 1,Cell type 2
1936,-3.8925817451915856,0.4511272960418877,0,Sample 1,Cell type 1
1937,-4.7786473605359845,0.6617465992288191,0,Sample 1,Cell type 1
1938,4.347699497347103,-0.8529879455193801,1,Sample 1,Cell type 2
1939,-5.465344731158915,-0.8118053845542935,0,Sample 1,Cell type 1
1940,-4.923103378447213,-0.369820230964034,0,Sample 1,Cell type 1
1941,3.248062636017157,0.9556737764109846,1,Sample 1,Cell type 2
1942,4.444229495128753,-0.32742595049048323,1,Sample 1,Cell type 2
1943,-4.939653088878726,-1.2815726495177349,0,Sample 1,Cell type 1
1944,-4.473164581861735,1.6081636310130798,0,Sample 1,Cell type 1
1945,5.3558190462652755,-0.6605229462417137,1,Sample 1,Cell type 2
1946,-4.9156995950832325,-1.0672203959345636,0,Sample 1,Cell type 1
1947,5.632297516841369,0.27204103565511234,1,Sample 1,Cell type 2
1948,-5.085624287963646,-0.8281938579354993,0,Sample 1,Cell type 1
1949,-3.886027759948537,-0.20003721167916222,0,Sample 1,Cell type 1
1950,-6.097520914345085,-1.290849118301393,0,Sample 1,Cell type 1
1951,-4.565119876324454,-0.2964914656688848,0,Sample 1,Cell type 1
1952,-5.4614170644546665,0.6043129806606049,0,Sample 1,Cell type 1
1953,4.371211173892014,-1.10483568252302,1,Sample 1,Cell type 2
1954,-4.8115083535131475,0.6166921551095735,0,Sample 1,Cell type 1
1955,5.385492849374793,0.4378118379023736,1,Sample 1,Cell type 2
1956,-4.48361265508714,1.7306037786443682,0,Sample 1,Cell type 1
1957,-5.793113879565046,-1.7227120908829718,0,Sample 1,Cell type 1
1958,4.351199309096924,-0.8912371601295948,1,Sample 1,Cell type 2
1959,-6.001231539352355,1.1550116832586077,0,Sample 1,Cell type 1
1960,-5.977702247113556,0.5703987441379105,0,Sample 1,Cell type 1
1961,4.223900591696285,-0.31804621239337716,1,Sample 1,Cell type 2
1962,-5.559780406394069,0.17118392858737763,0,Sample 1,Cell type 1
1963,-4.741825151729528,-0.6617847548418584,0,Sample 1,Cell type 1
1964,6.090050282169962,1.31249165079063,1,Sample 1,Cell type 2
1965,-5.6279186504657925,0.5186243470750872,0,Sample 1,Cell type 1
1966,-4.8395446422152455,0.9189098795429722,0,Sample 1,Cell type 1
1967,-5.943231832927842,0.9501435107692511,0,Sample 1,Cell type 1
1968,-4.725105368345231,-1.4104321242901872,0,Sample 1,Cell type 1
1969,5.337236866829249,0.21345471703632152,1,Sample 1,Cell type 2
1970,4.96077652732957,-0.1282880648358646,1,Sample 1,Cell type 2
1971,-4.175773236774527,0.19103132722121083,0,Sample 1,Cell type 1
1972,4.7228587951944805,-1.2892538872822623,1,Sample 1,Cell type 2
1973,3.960335010457922,0.6637859343033397,1,Sample 1,Cell type 2
1974,5.3810862154849755,0.4043761273333015,1,Sample 1,Cell type 2
1975,-5.388290838263282,0.06549931150905805,0,Sample 1,Cell type 1
1976,4.411757231454438,0.5771834590058746,1,Sample 1,Cell type 2
1977,-4.039028862268844,-0.3264602984172411,0,Sample 1,Cell type 1
1978,4.321892857104732,-0.5216711108744486,1,Sample 1,Cell type 2
1979,5.953365997685652,-0.06697436787936961,1,Sample 1,Cell type 2
1980,-5.563474952434207,-1.1267690370908479,0,Sample 1,Cell type 1
1981,-5.913351291306804,-0.1549275674237745,0,Sample 1,Cell type 1
1982,-4.050091158748199,2.0716509136148913,0,Sample 1,Cell type 1
1983,-5.16721860582882,-0.6804163633674402,0,Sample 1,Cell type 1
1984,5.412235457299574,-0.6674254480276999,1,Sample 1,Cell type 2
1985,3.8449161470931665,-1.8369447625097906,1,Sample 1,Cell type 2
1986,4.288607337417341,0.7642404465902023,1,Sample 1,Cell type 2
1987,-5.1463171528838725,1.099901135318548,0,Sample 1,Cell type 1
1988,-4.930362345409463,-0.23920588037269397,0,Sample 1,Cell type 1
1989,4.906587267363802,-0.5084462731235228,1,Sample 1,Cell type 2
1990,-4.951815832047179,1.970593689988229,0,Sample 1,Cell type 1
1991,6.002274107541987,-0.35857969304011955,1,Sample 1,Cell type 2
1992,-4.349186226104264,-0.9846914531471642,0,Sample 1,Cell type 1
1993,4.8263863596605034,-0.24678623076465578,1,Sample 1,Cell type 2
1994,5.241360007121388,0.14042898366287834,1,Sample 1,Cell type 2
1995,-5.2919621836343085,-0.6713677338712052,0,Sample 1,Cell type 1
1996,5.626712407426076,-0.20123110883559658,1,Sample 1,Cell type 2
1997,-4.489126032978101,-1.329216049815168,0,Sample 1,Cell type 1
1998,3.946294464042732,0.6208223310747804,1,Sample 1,Cell type 2
1999,-5.026583992515569,-0.16649348581803178,0,Sample 1,Cell type 1
