,X,Y,group,sample,cell_type
0,2.6470676130580033,2.1544269311843975,1,Sample 1,Cell type 2
1,-0.994380402819973,1.0763360369239823,0,Sample 1,Cell type 1
2,-3.6346925863464254,-1.4086470495846208,0,Sample 1,Cell type 1
3,3.5109653421237352,-0.6770527819725887,1,Sample 1,Cell type 2
4,-3.0214688862417276,0.037918937053131214,0,Sample 1,Cell type 1
5,2.557002999928714,-1.0348061001632767,1,Sample 1,Cell type 2
6,-2.522011924040509,1.4178012773357953,0,Sample 1,Cell type 1
7,2.614439015903162,0.6796895908129705,1,Sample 1,Cell type 2
8,3.331289429936215,-0.06061142922836791,1,Sample 1,Cell type 2
9,3.309170428326685,1.073180732424705,1,Sample 1,Cell type 2
10,-2.053338469982622,0.060804313129929205,0,Sample 1,Cell type 1
11,-2.205061352901679,-0.31467104986188854,0,Sample 1,Cell type 1
12,3.7503110148065586,-0.21919446546344337,1,Sample 1,Cell type 2
13,-2.9138307600802977,1.127477952148464,0,Sample 1,Cell type 1
14,1.9600527849675582,-0.32246079125202465,1,Sample 1,Cell type 2
15,2.2349532934533416,-0.4897893876062003,1,Sample 1,Cell type 2
16,2.1055017420801825,1.1549056027750513,1,Sample 1,Cell type 2
17,1.69822638485862,-0.601948189882428,1,Sample 1,Cell type 2
18,-1.8671744423655623,-0.7275099638357911,0,Sample 1,Cell type 1
19,2.9086336708220757,0.8244644684992459,1,Sample 1,Cell type 2
20,2.9044713934687,1.1912904866626317,1,Sample 1,Cell type 2
21,2.5814850362095894,1.2392161211961499,1,Sample 1,Cell type 2
22,2.0985726457507745,-1.0979724383072806,1,Sample 1,Cell type 2
23,-1.7244342395786105,0.3417554894973479,0,Sample 1,Cell type 1
24,-2.919616213023819,0.39149964898233447,0,Sample 1,Cell type 1
25,-3.8467505537767606,-0.644696053196951,0,Sample 1,Cell type 1
26,2.2133278783830224,-0.5180334445081274,1,Sample 1,Cell type 2
27,-3.06672541352837,-1.2109715140902617,0,Sample 1,Cell type 1
28,3.5603456872760626,-1.1254520075980305,1,Sample 1,Cell type 2
29,-0.9923309552523127,1.2345948226177512,0,Sample 1,Cell type 1
30,-2.4457155915780775,0.6822189400977756,0,Sample 1,Cell type 1
31,1.9249340899130156,0.5960042503018249,1,Sample 1,Cell type 2
32,3.384720339485847,-0.4511579904465946,1,Sample 1,Cell type 2
33,-2.999015168556644,1.531225083093429,0,Sample 1,Cell type 1
34,-2.6873226997786688,-0.18730956555934444,0,Sample 1,Cell type 1
35,-2.767820265685233,-0.3229187705935974,0,Sample 1,Cell type 1
36,0.5489462733788566,-0.10742332974904333,1,Sample 1,Cell type 2
37,2.7372604361126096,0.3705478362140678,1,Sample 1,Cell type 2
38,2.9022275415161554,1.437088658341571,1,Sample 1,Cell type 2
39,2.450588640111897,0.38355321446885116,1,Sample 1,Cell type 2
40,-1.061850778520382,0.5126742890136079,0,Sample 1,Cell type 1
41,2.6677275322197005,-0.3933089485056379,1,Sample 1,Cell type 2
42,2.48892980312461,-0.5517822192513391,1,Sample 1,Cell type 2
43,-2.4218591211609346,-0.6184078270843733,0,Sample 1,Cell type 1
44,2.839253489214761,0.03155763859259159,1,Sample 1,Cell type 2
45,-3.130227001526591,-0.49667807860089286,0,Sample 1,Cell type 1
46,1.6181662801308612,0.5450876083543584,1,Sample 1,Cell type 2
47,-2.013682792226769,0.1492872985250865,0,Sample 1,Cell type 1
48,-2.032857451739229,-0.28743367262964764,0,Sample 1,Cell type 1
49,2.093487841882151,-0.11822425505397723,1,Sample 1,Cell type 2
50,-2.9228933453998054,0.46909121500407464,0,Sample 1,Cell type 1
51,-2.984492431789491,1.460807770837549,0,Sample 1,Cell type 1
52,3.7624944460497476,0.7883597484921747,1,Sample 1,Cell type 2
53,-2.2578916278087733,-0.6034206800154864,0,Sample 1,Cell type 1
54,4.317159796338236,-0.32351793854716904,1,Sample 1,Cell type 2
55,-1.9138879382275364,-0.06457326408686585,0,Sample 1,Cell type 1
56,2.8974988724060777,0.8558171639870802,1,Sample 1,Cell type 2
57,-2.2537585848863526,-1.3681347141253006,0,Sample 1,Cell type 1
58,1.8599691484818828,-0.05081965969228408,1,Sample 1,Cell type 2
59,-4.4393922082183535,0.7072363170888398,0,Sample 1,Cell type 1
60,-1.0876366077751225,0.32398536876876444,0,Sample 1,Cell type 1
61,4.023309271658405,1.3007671322896508,1,Sample 1,Cell type 2
62,-1.1863878718909047,0.8078536714741074,0,Sample 1,Cell type 1
63,2.5576294890269957,-0.16976717592092136,1,Sample 1,Cell type 2
64,-3.388460676372663,1.4018163547388982,0,Sample 1,Cell type 1
65,-3.1073061292429585,0.12031502918096611,0,Sample 1,Cell type 1
66,-3.2595191110655546,2.1059056518699126,0,Sample 1,Cell type 1
67,2.228702176583969,0.2960488922151643,1,Sample 1,Cell type 2
68,2.873236249160102,1.0769806049621986,1,Sample 1,Cell type 2
69,-2.517093835478749,-0.5977693433182587,0,Sample 1,Cell type 1
70,-1.5991597993822655,-0.04111497887078899,0,Sample 1,Cell type 1
71,2.7576658486135885,-0.008873603158881648,1,Sample 1,Cell type 2
72,1.4980852444695048,0.2909055060999743,1,Sample 1,Cell type 2
73,-2.879956248928765,-0.5226633860589696,0,Sample 1,Cell type 1
74,3.0327394016435694,0.33726928849156457,1,Sample 1,Cell type 2
75,-3.0876732614384395,-0.6482019496115048,0,Sample 1,Cell type 1
76,2.080346388986359,1.0817621430937157,1,Sample 1,Cell type 2
77,3.891081081482665,-0.2569942128943294,1,Sample 1,Cell type 2
78,-2.387291002471037,-1.4147514924502813,0,Sample 1,Cell type 1
79,3.03638449379297,-0.8574857864321244,1,Sample 1,Cell type 2
80,-1.9890158223766523,-0.9144039301843869,0,Sample 1,Cell type 1
81,-1.7514572854820312,1.017244075995327,0,Sample 1,Cell type 1
82,-2.121409900341164,-0.05826313012549822,0,Sample 1,Cell type 1
83,-2.356084679077217,1.1136018290756795,0,Sample 1,Cell type 1
84,-1.6819436543922879,1.9518019250714183,0,Sample 1,Cell type 1
85,-1.1676204444299385,0.8114960520145044,0,Sample 1,Cell type 1
86,1.5590613307561756,0.3900482376693749,1,Sample 1,Cell type 2
87,2.3797436317825023,-0.26135697054909124,1,Sample 1,Cell type 2
88,2.8553586618325375,0.8810583661886098,1,Sample 1,Cell type 2
89,3.020360074028911,-1.2024642414078546,1,Sample 1,Cell type 2
90,-1.542694810683479,-0.4878263234555058,0,Sample 1,Cell type 1
91,2.811182983481747,0.20117888715240967,1,Sample 1,Cell type 2
92,-2.2429142276397815,0.33753660338822783,0,Sample 1,Cell type 1
93,2.1708587143071982,0.9231205874045978,1,Sample 1,Cell type 2
94,2.2371052194008123,0.4825499448658745,1,Sample 1,Cell type 2
95,-2.1696548365795003,-0.45097964224317977,0,Sample 1,Cell type 1
96,-2.2651536542666966,-1.0852654436987241,0,Sample 1,Cell type 1
97,2.337980618348136,-0.42263763733038334,1,Sample 1,Cell type 2
98,-1.8414635328304683,0.05865437375072311,0,Sample 1,Cell type 1
99,2.548068795692131,0.3106496043387597,1,Sample 1,Cell type 2
100,-2.132022285648707,-0.5421722958016849,0,Sample 1,Cell type 1
101,2.875414071846821,-1.2284576985656848,1,Sample 1,Cell type 2
102,-2.695325308232519,0.7712697346306858,0,Sample 1,Cell type 1
103,2.350483073470412,-1.3043785949721123,1,Sample 1,Cell type 2
104,-1.6699680445936806,-0.40801311908379767,0,Sample 1,Cell type 1
105,3.1201243952278266,0.4424320686818868,1,Sample 1,Cell type 2
106,2.0136997914593455,-0.4312981625191829,1,Sample 1,Cell type 2
107,-3.279745336181857,0.6296676829939617,0,Sample 1,Cell type 1
108,1.7384652319822114,0.06198441481509003,1,Sample 1,Cell type 2
109,1.0791905967612783,0.8511527900486849,1,Sample 1,Cell type 2
110,-2.7562778465554563,0.33933275712153316,0,Sample 1,Cell type 1
111,3.7718711825445475,0.45925697671520105,1,Sample 1,Cell type 2
112,2.3052928164999855,-0.23987055701990445,1,Sample 1,Cell type 2
113,3.126298987958858,-0.34490045566007926,1,Sample 1,Cell type 2
114,-1.150286691941948,0.7053118055595604,0,Sample 1,Cell type 1
115,-2.788772932655264,0.9274638426913985,0,Sample 1,Cell type 1
116,-3.7743949868253353,0.35237979036831923,0,Sample 1,Cell type 1
117,-1.9424364763914115,-0.267055591804808,0,Sample 1,Cell type 1
118,-2.2406669180092464,-0.10411444349414767,0,Sample 1,Cell type 1
119,-1.7691322990134004,-0.642543160544276,0,Sample 1,Cell type 1
120,2.693057547933425,-0.9208112668956057,1,Sample 1,Cell type 2
121,-1.2475807766125275,-0.05260020885839024,0,Sample 1,Cell type 1
122,-2.214387611227962,-0.5543276762085234,0,Sample 1,Cell type 1
123,1.4203390307587742,-0.33217101432421725,1,Sample 1,Cell type 2
124,3.446794933511942,-0.9424326939011046,1,Sample 1,Cell type 2
125,1.9805015693428591,1.0570432258184097,1,Sample 1,Cell type 2
126,2.705759176284742,-0.19253213962417043,1,Sample 1,Cell type 2
127,-2.8716938378387145,0.16092772469827143,0,Sample 1,Cell type 1
128,-2.442747010224486,-0.3821259574120934,0,Sample 1,Cell type 1
129,2.21229626203803,0.24088587135339368,1,Sample 1,Cell type 2
130,2.1337212910540084,-0.12748978571672526,1,Sample 1,Cell type 2
131,-2.8865491698394994,1.2591894106320263,0,Sample 1,Cell type 1
132,-3.20999374224168,-0.34996664025872837,0,Sample 1,Cell type 1
133,1.863554345647294,0.3395151502888101,1,Sample 1,Cell type 2
134,3.491667205153249,-0.3169837424814079,1,Sample 1,Cell type 2
135,3.0441728843603597,0.9540060099823799,1,Sample 1,Cell type 2
136,2.409497557987408,-1.0393730907566594,1,Sample 1,Cell type 2
137,-3.682817592293942,-0.5758753667157669,0,Sample 1,Cell type 1
138,2.4640855759019704,0.14600082447937074,1,Sample 1,Cell type 2
139,-3.0194220360528057,-0.9791522134098053,0,Sample 1,Cell type 1
140,-2.33766158331896,-1.2125952919977856,0,Sample 1,Cell type 1
141,-1.675200382003239,0.7450240952929589,0,Sample 1,Cell type 1
142,3.2596756570915906,-0.04753214501799528,1,Sample 1,Cell type 2
143,-1.6134537466099867,-0.8319247417004247,0,Sample 1,Cell type 1
144,1.8403886707778612,-0.48687177859176034,1,Sample 1,Cell type 2
145,2.997655992244839,1.0631466556283278,1,Sample 1,Cell type 2
146,-2.275206505811974,-0.49815961585647506,0,Sample 1,Cell type 1
147,-2.4895984864976746,1.1628272617258535,0,Sample 1,Cell type 1
148,2.3595488436006278,0.5349238438063253,1,Sample 1,Cell type 2
149,-2.1692520774210395,1.5014366500464529,0,Sample 1,Cell type 1
150,-2.1770159277307126,-0.019356485112732934,0,Sample 1,Cell type 1
151,1.4918681878619358,-0.493089126431582,1,Sample 1,Cell type 2
152,3.010928134914482,0.8464946600697202,1,Sample 1,Cell type 2
153,2.2021447576496618,0.3498505496311686,1,Sample 1,Cell type 2
154,1.271967801974112,-1.504008027126211,1,Sample 1,Cell type 2
155,2.3513233982458024,0.24799918653244407,1,Sample 1,Cell type 2
156,4.85927554024698,0.9957436645894294,1,Sample 1,Cell type 2
157,-2.610764787187019,-0.9794385890314926,0,Sample 1,Cell type 1
158,1.6161097655499839,0.1764331416110935,1,Sample 1,Cell type 2
159,-1.7935121782822727,-0.06226975761024163,0,Sample 1,Cell type 1
160,-2.7908897697710846,-0.04555649897685397,0,Sample 1,Cell type 1
161,-2.5889808490789603,-0.7231261131718318,0,Sample 1,Cell type 1
162,3.012383836160659,-0.15240248479824908,1,Sample 1,Cell type 2
163,4.430092337290333,0.6276834303184191,1,Sample 1,Cell type 2
164,2.3800474247367127,-1.1465214516197697,1,Sample 1,Cell type 2
165,3.177416620173195,-1.7017819362811963,1,Sample 1,Cell type 2
166,2.5762753595530468,-0.2107585728657993,1,Sample 1,Cell type 2
167,2.8406749269038634,0.3345646047103777,1,Sample 1,Cell type 2
168,-2.585841715203383,0.3581735406482221,0,Sample 1,Cell type 1
169,1.0771299327947865,0.2557214607351818,1,Sample 1,Cell type 2
170,-3.044019777262793,0.18580295772880284,0,Sample 1,Cell type 1
171,-2.2106911799618927,-0.5160958036840995,0,Sample 1,Cell type 1
172,-2.304959428983041,-0.45126290458938273,0,Sample 1,Cell type 1
173,-2.234989254877149,0.7804361016978874,0,Sample 1,Cell type 1
174,-3.147682815937317,0.3392488355712718,0,Sample 1,Cell type 1
175,2.979035511649528,0.5346723909744647,1,Sample 1,Cell type 2
176,2.779720037839755,-1.2518422170896442,1,Sample 1,Cell type 2
177,1.9060126139692928,-0.38824466829429466,1,Sample 1,Cell type 2
178,0.8479335629949434,0.022766064946527106,1,Sample 1,Cell type 2
179,1.5484704857061375,1.314138362604771,1,Sample 1,Cell type 2
180,1.8053658144989067,0.4277032688979483,1,Sample 1,Cell type 2
181,2.0153113433928853,1.3755023249658374,1,Sample 1,Cell type 2
182,-1.5735113011999458,0.6333301551703487,0,Sample 1,Cell type 1
183,-2.9892142423935586,-1.125328877478578,0,Sample 1,Cell type 1
184,2.211968584994414,-0.582461678284257,1,Sample 1,Cell type 2
185,3.032333458953423,1.5529739491709993,1,Sample 1,Cell type 2
186,1.3833686382460118,0.4730793934067203,1,Sample 1,Cell type 2
187,-4.08343984830063,0.598328204894027,0,Sample 1,Cell type 1
188,-3.2852069208383607,0.3696827794106166,0,Sample 1,Cell type 1
189,-3.3375287861455516,0.42932220202182897,0,Sample 1,Cell type 1
190,-2.2922219986228143,-0.7234533000835269,0,Sample 1,Cell type 1
191,2.84265335390019,0.06172519697417339,1,Sample 1,Cell type 2
192,2.670059224505772,0.8215890106557858,1,Sample 1,Cell type 2
193,1.9344859456101209,0.6844445272165697,1,Sample 1,Cell type 2
194,-2.4464074262201025,0.41275137416327956,0,Sample 1,Cell type 1
195,1.604363097293465,-0.3148238847757831,1,Sample 1,Cell type 2
196,-1.6269519035245847,0.4873104967257416,0,Sample 1,Cell type 1
197,-2.420278907929887,-0.4027805232929594,0,Sample 1,Cell type 1
198,-1.619232292001143,1.5666779633764751,0,Sample 1,Cell type 1
199,2.3585806695073743,-1.2388946390909974,1,Sample 1,Cell type 2
200,3.2058664498587275,-0.3616722662664643,1,Sample 1,Cell type 2
201,-3.3577112095884853,-2.337080386795686,0,Sample 1,Cell type 1
202,3.280249966782383,0.4125024707551652,1,Sample 1,Cell type 2
203,3.0542860673899495,0.4660570550470442,1,Sample 1,Cell type 2
204,-3.352090930460298,-0.24417976348373413,0,Sample 1,Cell type 1
205,-2.7380508026879937,1.1005654506492957,0,Sample 1,Cell type 1
206,-2.5717885554297815,1.1520937723595783,0,Sample 1,Cell type 1
207,-2.1569467997355414,0.5544844858105152,0,Sample 1,Cell type 1
208,-2.8775454926315467,0.8711604775738929,0,Sample 1,Cell type 1
209,1.4839511290303744,0.229564683441367,1,Sample 1,Cell type 2
210,-1.8499793420846415,1.0849920228566583,0,Sample 1,Cell type 1
211,-3.8539717037718555,1.223640255568491,0,Sample 1,Cell type 1
212,-1.7653467151981497,-1.2564004828985418,0,Sample 1,Cell type 1
213,2.7083538106668446,-0.4310734849541906,1,Sample 1,Cell type 2
214,2.9589955368035303,-1.0210435332306689,1,Sample 1,Cell type 2
215,4.112220088368512,1.0325155687380378,1,Sample 1,Cell type 2
216,2.1656723633872876,-1.6206462984891017,1,Sample 1,Cell type 2
217,1.0042066402436634,-0.31081662014640743,1,Sample 1,Cell type 2
218,2.71004906320154,0.1548719290940355,1,Sample 1,Cell type 2
219,1.36778624646065,0.17482723392875654,1,Sample 1,Cell type 2
220,3.5629126625985847,0.250547579091984,1,Sample 1,Cell type 2
221,-2.8572119616536167,0.685119035458778,0,Sample 1,Cell type 1
222,-1.118428919013276,-0.3197089484916819,0,Sample 1,Cell type 1
223,1.601964155004469,-0.734002256811411,1,Sample 1,Cell type 2
224,2.0713588295581618,-1.3658863660743574,1,Sample 1,Cell type 2
225,2.4114677051541364,-0.7173137818521665,1,Sample 1,Cell type 2
226,-2.044186175814237,0.358166848013852,0,Sample 1,Cell type 1
227,-3.3297969234611653,-0.15227094246688655,0,Sample 1,Cell type 1
228,2.851600984496181,0.6231492028096913,1,Sample 1,Cell type 2
229,-2.364511340771138,-1.1309715975239842,0,Sample 1,Cell type 1
230,-2.0387544295553868,0.2490001236348289,0,Sample 1,Cell type 1
231,2.6429557734483806,0.9833718274376404,1,Sample 1,Cell type 2
232,2.002372155556495,0.4661900665390915,1,Sample 1,Cell type 2
233,-3.611657973410877,-1.3163189975655136,0,Sample 1,Cell type 1
234,-3.8799342660104266,-0.44983002339277817,0,Sample 1,Cell type 1
235,3.1953248515114185,0.7098326698133937,1,Sample 1,Cell type 2
236,-2.2446603916646555,1.0723603568185156,0,Sample 1,Cell type 1
237,2.533060505816495,0.3544017043579002,1,Sample 1,Cell type 2
238,1.9917100889394965,-0.9517333272722891,1,Sample 1,Cell type 2
239,-2.3652312189843085,1.0540780284863678,0,Sample 1,Cell type 1
240,1.6528739303547195,1.185330721970079,1,Sample 1,Cell type 2
241,1.221500518493002,0.3697381328655543,1,Sample 1,Cell type 2
242,3.0496526366871333,1.1732326874228824,1,Sample 1,Cell type 2
243,3.507386591829439,0.9171526963205822,1,Sample 1,Cell type 2
244,2.6840566073531216,0.3981944712731154,1,Sample 1,Cell type 2
245,2.4355202005625913,-0.666444845600607,1,Sample 1,Cell type 2
246,2.9926169198169132,0.963107549735053,1,Sample 1,Cell type 2
247,2.0141164534302307,-0.06177683617843646,1,Sample 1,Cell type 2
248,-0.9910512790315757,0.13966225026547116,0,Sample 1,Cell type 1
249,-1.2663120379456994,1.6048743105272985,0,Sample 1,Cell type 1
250,1.5773195915232323,0.9098516338917835,1,Sample 1,Cell type 2
251,1.7951453306709662,-0.5697766109192408,1,Sample 1,Cell type 2
252,2.711216065066936,1.0178828000854143,1,Sample 1,Cell type 2
253,2.827810236767598,-0.6888703281388564,1,Sample 1,Cell type 2
254,-3.7671222587885786,0.608331724915438,0,Sample 1,Cell type 1
255,-3.0294291718147104,0.6819466678369792,0,Sample 1,Cell type 1
256,-2.7359597426336224,0.9981936581389871,0,Sample 1,Cell type 1
257,-1.6739630365266742,0.9013641094620667,0,Sample 1,Cell type 1
258,-2.620044469626021,0.10046116277723381,0,Sample 1,Cell type 1
259,-2.1983196848782507,-0.023410250947982686,0,Sample 1,Cell type 1
260,2.657833812504965,0.24904693875430792,1,Sample 1,Cell type 2
261,3.2310172971084685,-1.2365838293525866,1,Sample 1,Cell type 2
262,-2.6911584374931277,-0.7260509296332783,0,Sample 1,Cell type 1
263,1.6266392990885485,-0.30967976197952085,1,Sample 1,Cell type 2
264,1.6888832381659697,0.06854972912268724,1,Sample 1,Cell type 2
265,-1.8944091066837183,-0.7377322593421004,0,Sample 1,Cell type 1
266,1.7113569530657387,-0.22732407834303775,1,Sample 1,Cell type 2
267,2.4955231849367627,0.5349933244740102,1,Sample 1,Cell type 2
268,2.024950873545036,-0.1325051282541058,1,Sample 1,Cell type 2
269,-0.6482731466611931,-1.4938121540733986,0,Sample 1,Cell type 1
270,-2.6074469931764384,0.6486466185278257,0,Sample 1,Cell type 1
271,2.62801458068223,0.40142618893403603,1,Sample 1,Cell type 2
272,-1.94788480663111,-0.32097637750866903,0,Sample 1,Cell type 1
273,-1.456527805697478,-1.3299935904285396,0,Sample 1,Cell type 1
274,-3.001573646230214,1.449958846397543,0,Sample 1,Cell type 1
275,-1.3942728071699781,0.5189679100717142,0,Sample 1,Cell type 1
276,3.4228722746535403,1.1090795178102748,1,Sample 1,Cell type 2
277,-1.992222825150584,0.8877598735649785,0,Sample 1,Cell type 1
278,2.4252905128800415,-0.4234656899586967,1,Sample 1,Cell type 2
279,2.1070770022863163,-0.22790039469573667,1,Sample 1,Cell type 2
280,2.3884429794552005,-0.3601514118811293,1,Sample 1,Cell type 2
281,1.5765098654136125,-1.4014630454013755,1,Sample 1,Cell type 2
282,2.6164169582145926,-0.491298052006653,1,Sample 1,Cell type 2
283,-2.692988846285064,0.28164431721143746,0,Sample 1,Cell type 1
284,2.4580764395380243,1.363284413004393,1,Sample 1,Cell type 2
285,2.322020082577388,1.6374897565756463,1,Sample 1,Cell type 2
286,2.899891298992297,-1.1194449398415534,1,Sample 1,Cell type 2
287,2.3556866545900736,1.0982787797412241,1,Sample 1,Cell type 2
288,1.8513139910317293,-1.006062287131693,1,Sample 1,Cell type 2
289,-2.5925186259105923,-0.24088295647143104,0,Sample 1,Cell type 1
290,-1.9312320254372066,0.3554106491888318,0,Sample 1,Cell type 1
291,-2.9985124211398118,-0.44438169532820376,0,Sample 1,Cell type 1
292,-4.543136907921564,0.747455928991419,0,Sample 1,Cell type 1
293,-2.5762364259095616,0.2232172206162714,0,Sample 1,Cell type 1
294,-1.983699240331882,1.094905246025879,0,Sample 1,Cell type 1
295,1.9338992841423792,-0.5697390913408349,1,Sample 1,Cell type 2
296,2.977152910065402,-0.5074286781515225,1,Sample 1,Cell type 2
297,1.3265718475074584,-0.40112171750850933,1,Sample 1,Cell type 2
298,1.213871178305553,0.14779246311657956,1,Sample 1,Cell type 2
299,-1.9199233705216021,0.4129426296919667,0,Sample 1,Cell type 1
300,-2.6482301271021664,-0.10385655978674094,0,Sample 1,Cell type 1
301,2.356725371987075,0.3166558248767385,1,Sample 1,Cell type 2
302,1.9135736035808084,1.4544495380462599,1,Sample 1,Cell type 2
303,3.2723179876729365,0.9889045774449743,1,Sample 1,Cell type 2
304,-0.5433984163065388,0.10337694558018201,0,Sample 1,Cell type 1
305,-2.7522153957122764,0.6071753763946139,0,Sample 1,Cell type 1
306,2.4795405502464045,-1.4152607239112946,1,Sample 1,Cell type 2
307,1.9208077346059127,-0.1563122809416192,1,Sample 1,Cell type 2
308,-4.238135636811229,0.6779373417203374,0,Sample 1,Cell type 1
309,2.613005712069971,-1.7044531838457606,1,Sample 1,Cell type 2
310,0.9263442371302781,-0.893749169365602,1,Sample 1,Cell type 2
311,-2.6757375102700096,0.28569005720939716,0,Sample 1,Cell type 1
312,2.761395811681856,0.24037948768866269,1,Sample 1,Cell type 2
313,-2.6099588117021533,0.7622996377623511,0,Sample 1,Cell type 1
314,2.0551050025913753,-0.10404823484289603,1,Sample 1,Cell type 2
315,2.8733367855728646,1.2168049817275042,1,Sample 1,Cell type 2
316,-2.810541454832983,0.13633297790039017,0,Sample 1,Cell type 1
317,-2.9907221308327516,-0.2419757491905027,0,Sample 1,Cell type 1
318,1.0230497102095248,-0.7436086881539281,1,Sample 1,Cell type 2
319,-3.1106073252340134,-1.4439056805316153,0,Sample 1,Cell type 1
320,-0.036895353235809836,0.8956599291476615,0,Sample 1,Cell type 1
321,-3.2640980634794823,0.33887925247476886,0,Sample 1,Cell type 1
322,-3.200494602707806,-1.106239784771469,0,Sample 1,Cell type 1
323,-3.5435756004038828,0.5357380390640308,0,Sample 1,Cell type 1
324,-2.5967585188862254,0.3356259551256222,0,Sample 1,Cell type 1
325,1.834436066004439,-0.5106261812227954,1,Sample 1,Cell type 2
326,-2.5194836738087862,1.713816286889491,0,Sample 1,Cell type 1
327,1.3027765959279367,-0.5200191475255186,1,Sample 1,Cell type 2
328,3.764432549254699,-0.812075353462295,1,Sample 1,Cell type 2
329,-2.0629726015970404,0.005137815848750254,0,Sample 1,Cell type 1
330,-5.093013872055258,-0.8195101130674319,0,Sample 1,Cell type 1
331,-3.7851570562060584,0.1627709086937785,0,Sample 1,Cell type 1
332,3.7433283365718193,0.683180781241779,1,Sample 1,Cell type 2
333,-0.748157653425862,-0.6466386282841212,0,Sample 1,Cell type 1
334,1.9263870806976509,-1.0276674125599754,1,Sample 1,Cell type 2
335,2.4207245598069846,-0.4822565246271693,1,Sample 1,Cell type 2
336,2.840391946592184,0.9577975389161824,1,Sample 1,Cell type 2
337,-1.3424176925170137,0.15724382120925973,0,Sample 1,Cell type 1
338,-0.8550342960477422,-0.8825666925773465,0,Sample 1,Cell type 1
339,2.5585575928013555,-0.12019439103860799,1,Sample 1,Cell type 2
340,-3.074755377001949,-0.1707577213694778,0,Sample 1,Cell type 1
341,-2.0305143249597837,1.7523645006479829,0,Sample 1,Cell type 1
342,-2.874160961049513,0.27720310538457266,0,Sample 1,Cell type 1
343,-1.6603578277445319,-0.4281881692484544,0,Sample 1,Cell type 1
344,-2.348334706721005,0.800836874053713,0,Sample 1,Cell type 1
345,2.2108297866448114,0.3331568304811621,1,Sample 1,Cell type 2
346,2.809446816551362,0.8727843401487736,1,Sample 1,Cell type 2
347,1.8318856786959814,1.671630977355819,1,Sample 1,Cell type 2
348,2.2025136941770675,-0.5827692973442743,1,Sample 1,Cell type 2
349,2.902195845992652,-1.9946166562640621,1,Sample 1,Cell type 2
350,2.312784112714415,0.37308669955706764,1,Sample 1,Cell type 2
351,-1.8871357772922477,0.9815465791074461,0,Sample 1,Cell type 1
352,-2.3004930530313956,1.2619626238107795,0,Sample 1,Cell type 1
353,3.4901230060095987,0.30381410883271687,1,Sample 1,Cell type 2
354,4.441373189076418,0.34636786028855693,1,Sample 1,Cell type 2
355,1.4026610422156272,-0.5675528019420373,1,Sample 1,Cell type 2
356,-2.9644187598437783,0.4708627235364877,0,Sample 1,Cell type 1
357,4.036294001715409,-0.9783160156444511,1,Sample 1,Cell type 2
358,3.0716878325092942,-1.6399530228619825,1,Sample 1,Cell type 2
359,-2.6787702282606807,0.5712003952736736,0,Sample 1,Cell type 1
360,-3.084293305373709,0.1731668716655799,0,Sample 1,Cell type 1
361,2.236441770922327,0.5854965634306365,1,Sample 1,Cell type 2
362,1.4073406756676488,-0.11917544781383754,1,Sample 1,Cell type 2
363,-4.6625858343993904,0.5423002556247262,0,Sample 1,Cell type 1
364,4.078033741431847,-1.1087903539191986,1,Sample 1,Cell type 2
365,2.1919825506297093,0.30639118779274277,1,Sample 1,Cell type 2
366,-2.3633076494976466,-0.1471866690821433,0,Sample 1,Cell type 1
367,1.4693539060291698,0.23417238571348273,1,Sample 1,Cell type 2
368,3.891119731038063,0.7830864406254364,1,Sample 1,Cell type 2
369,-1.7676783058383405,0.2630008877277476,0,Sample 1,Cell type 1
370,1.6221053448231468,-1.1815399420255213,1,Sample 1,Cell type 2
371,-2.7686277594321025,1.3352172202315145,0,Sample 1,Cell type 1
372,-3.480612530401873,-1.1714999041678562,0,Sample 1,Cell type 1
373,-2.8910795374290195,-0.895693946631209,0,Sample 1,Cell type 1
374,-3.683129255019303,0.1466879358233245,0,Sample 1,Cell type 1
375,-2.860052377183395,0.498279945877999,0,Sample 1,Cell type 1
376,-2.843441779613808,-0.5539367838990849,0,Sample 1,Cell type 1
377,-1.719904213265799,-0.11764590520171092,0,Sample 1,Cell type 1
378,-3.6828689966238732,0.9150032345655433,0,Sample 1,Cell type 1
379,2.534811734914773,0.44651161161480507,1,Sample 1,Cell type 2
380,-2.088873720272868,0.14366542555167836,0,Sample 1,Cell type 1
381,-3.2385865968887235,-1.081347684493067,0,Sample 1,Cell type 1
382,1.1369027305386248,-0.7395727905036436,1,Sample 1,Cell type 2
383,-3.3169862537045707,0.5666851578394827,0,Sample 1,Cell type 1
384,-4.094988514057165,0.2992452558780577,0,Sample 1,Cell type 1
385,-2.35884675577822,-0.29362227126665785,0,Sample 1,Cell type 1
386,2.768046423267294,0.25292476574622264,1,Sample 1,Cell type 2
387,2.463590203759006,-0.33938906671843483,1,Sample 1,Cell type 2
388,-3.3033126134016544,-0.6142380520833028,0,Sample 1,Cell type 1
389,-0.5772675318093798,-0.04609503762686831,0,Sample 1,Cell type 1
390,-1.5484236088602876,-0.982086252109594,0,Sample 1,Cell type 1
391,-1.2311865470837182,-0.9902523990614793,0,Sample 1,Cell type 1
392,3.0431450320474225,-0.10959639155396661,1,Sample 1,Cell type 2
393,-1.9696949850660697,0.93877908598826,0,Sample 1,Cell type 1
394,-2.852035589357587,0.10459246182887308,0,Sample 1,Cell type 1
395,-2.536468813084398,0.19467155945815348,0,Sample 1,Cell type 1
396,2.4332496241677113,-1.1597161757588241,1,Sample 1,Cell type 2
397,-2.707673081090884,-1.202514362494485,0,Sample 1,Cell type 1
398,1.5261738462236165,0.12757000544330335,1,Sample 1,Cell type 2
399,0.4501330729637516,-0.15282221008013522,1,Sample 1,Cell type 2
400,-2.8618450553992614,-1.9391034613031655,0,Sample 1,Cell type 1
401,2.0312578613457957,0.26328542296810364,1,Sample 1,Cell type 2
402,4.179777431333212,-0.19762056059679733,1,Sample 1,Cell type 2
403,2.327465889961894,-0.6983688723629604,1,Sample 1,Cell type 2
404,-3.9689642984826374,0.40639306153003496,0,Sample 1,Cell type 1
405,2.1506242111675236,-0.052906091700657965,1,Sample 1,Cell type 2
406,3.134540550574942,-0.09764570569702181,1,Sample 1,Cell type 2
407,2.1327277518248065,-0.5556802953305157,1,Sample 1,Cell type 2
408,-3.14679488231455,-0.40140563486762926,0,Sample 1,Cell type 1
409,2.4547292088800834,0.9751766318349306,1,Sample 1,Cell type 2
410,-2.6023340731846134,-0.7644323524803407,0,Sample 1,Cell type 1
411,4.1098163565606125,0.8189676368855852,1,Sample 1,Cell type 2
412,2.6525084730120194,0.7530484646139867,1,Sample 1,Cell type 2
413,-2.4166391168384993,-0.050074502319617936,0,Sample 1,Cell type 1
414,2.167044476091797,-0.9040554712322862,1,Sample 1,Cell type 2
415,-1.9858217921059649,1.0633220241059451,0,Sample 1,Cell type 1
416,-1.7281186935220338,1.2924662588385853,0,Sample 1,Cell type 1
417,-2.4014361545724117,0.44118830083237404,0,Sample 1,Cell type 1
418,3.261239816459234,-0.8169299660482402,1,Sample 1,Cell type 2
419,5.094474375675787,1.8463330004928886,1,Sample 1,Cell type 2
420,-0.38452532238637227,-1.2023762627161227,0,Sample 1,Cell type 1
421,2.014797289427408,0.36472335613656215,1,Sample 1,Cell type 2
422,-2.2862986791908133,0.4069800185839471,0,Sample 1,Cell type 1
423,3.8411144217665623,-0.756405503954185,1,Sample 1,Cell type 2
424,-2.9569431918262374,0.4580662250849269,0,Sample 1,Cell type 1
425,2.076817833548788,-0.8452461142082023,1,Sample 1,Cell type 2
426,-1.9324385462887683,-0.3483890964558747,0,Sample 1,Cell type 1
427,2.8787775192281826,-0.21411287271903487,1,Sample 1,Cell type 2
428,-1.87731113906669,-0.44094857306282675,0,Sample 1,Cell type 1
429,-2.8136865225057264,-1.1708119585056949,0,Sample 1,Cell type 1
430,-1.7397539264211392,1.3684906980655402,0,Sample 1,Cell type 1
431,-2.6061069971060586,-0.7796234437365133,0,Sample 1,Cell type 1
432,1.767046467615006,-0.6654577665843558,1,Sample 1,Cell type 2
433,-3.154559106737846,-0.0026995659287616415,0,Sample 1,Cell type 1
434,2.170223403980424,0.7307789856139253,1,Sample 1,Cell type 2
435,-3.305234052223713,0.9119028489032364,0,Sample 1,Cell type 1
436,-1.8357313467646035,-0.6848670607270938,0,Sample 1,Cell type 1
437,2.4268803539927086,-0.06470279829236905,1,Sample 1,Cell type 2
438,-1.897326703116374,0.3049267079062222,0,Sample 1,Cell type 1
439,-2.265542021361055,-0.5714811344210943,0,Sample 1,Cell type 1
440,-2.4774550741046975,-0.0072951973153628355,0,Sample 1,Cell type 1
441,2.225960639313788,0.13637101679725672,1,Sample 1,Cell type 2
442,4.596634472823981,-0.889573620619331,1,Sample 1,Cell type 2
443,-2.9389799261927694,0.07427592091289177,0,Sample 1,Cell type 1
444,-3.171777473744621,-0.47951411635521773,0,Sample 1,Cell type 1
445,2.4256446347091294,-0.19160153761739984,1,Sample 1,Cell type 2
446,2.39963659199768,0.2623036193274859,1,Sample 1,Cell type 2
447,-1.6995341455656172,-0.5364961672613159,0,Sample 1,Cell type 1
448,-0.7848447285397393,0.507135217854409,0,Sample 1,Cell type 1
449,2.7941194343931373,-1.6800212061212993,1,Sample 1,Cell type 2
450,1.7625121494997495,-0.8031658976651989,1,Sample 1,Cell type 2
451,3.4695551883091205,0.20900042498708485,1,Sample 1,Cell type 2
452,-2.038342298255568,-0.16243630883439417,0,Sample 1,Cell type 1
453,0.7430977431200427,-0.12969918038388675,1,Sample 1,Cell type 2
454,2.862806970043574,-0.7858352274037437,1,Sample 1,Cell type 2
455,-2.928262548763138,-0.07242662584332862,0,Sample 1,Cell type 1
456,-1.3469813687471075,-1.1486897209435516,0,Sample 1,Cell type 1
457,2.5479461042130627,0.22190155036655335,1,Sample 1,Cell type 2
458,2.075028564313921,0.3871013209504318,1,Sample 1,Cell type 2
459,2.2724922803147924,1.2724656580942804,1,Sample 1,Cell type 2
460,-2.958929605504189,-0.4374871529923137,0,Sample 1,Cell type 1
461,-2.472733225392619,-0.6159785848469135,0,Sample 1,Cell type 1
462,-2.024196526667771,0.6827324470242462,0,Sample 1,Cell type 1
463,2.500165651934558,-0.007440256910891534,1,Sample 1,Cell type 2
464,2.2582555304139027,-2.082509670261839,1,Sample 1,Cell type 2
465,2.5581444194634733,-0.3291945156497442,1,Sample 1,Cell type 2
466,-1.9765074749167537,-0.04446773672836406,0,Sample 1,Cell type 1
467,-3.29170250925627,0.7526169503905727,0,Sample 1,Cell type 1
468,1.8846861201701612,-0.7519224808870918,1,Sample 1,Cell type 2
469,-3.0172583073940213,-0.865238402891516,0,Sample 1,Cell type 1
470,2.4244330284463977,0.33568797761929453,1,Sample 1,Cell type 2
471,1.7737950558824638,1.215427138913415,1,Sample 1,Cell type 2
472,2.699446876513383,0.8360707792678028,1,Sample 1,Cell type 2
473,-2.4852528535476854,0.27806536428933687,0,Sample 1,Cell type 1
474,-2.434172808579661,0.852384300052281,0,Sample 1,Cell type 1
475,-1.736798589205438,0.5211130010446384,0,Sample 1,Cell type 1
476,1.7408667833401301,1.3978905583324466,1,Sample 1,Cell type 2
477,2.5167091906367696,0.1845607245749468,1,Sample 1,Cell type 2
478,-2.312971270567402,-1.244716516962902,0,Sample 1,Cell type 1
479,3.634825076118429,-1.9902469252280637,1,Sample 1,Cell type 2
480,-2.1507521566738657,0.7231478728689562,0,Sample 1,Cell type 1
481,-3.0099097018452143,0.9512132248860414,0,Sample 1,Cell type 1
482,3.043498626365203,-0.919035228126925,1,Sample 1,Cell type 2
483,-2.980510951935044,-0.23335499983462143,0,Sample 1,Cell type 1
484,1.444602244320986,-0.16238450991652567,1,Sample 1,Cell type 2
485,3.619675716116635,-1.0737021987880921,1,Sample 1,Cell type 2
486,3.2806533754757674,0.7347635551539311,1,Sample 1,Cell type 2
487,3.064863131052105,-0.19414502144962667,1,Sample 1,Cell type 2
488,2.950304688139484,-0.7038514828016434,1,Sample 1,Cell type 2
489,-1.8274851608090206,-0.5220991834419128,0,Sample 1,Cell type 1
490,2.344242163106655,-0.0513505416867982,1,Sample 1,Cell type 2
491,-2.23845810098867,-0.1752804230470914,0,Sample 1,Cell type 1
492,-2.229212925230647,-0.23632112811122355,0,Sample 1,Cell type 1
493,3.399482687896402,-0.2672617847839524,1,Sample 1,Cell type 2
494,3.443780166688568,0.15528610476268617,1,Sample 1,Cell type 2
495,3.0433142203505565,-0.24163639959189137,1,Sample 1,Cell type 2
496,-2.025518993625293,-0.24763715145119225,0,Sample 1,Cell type 1
497,-2.6290285693328075,0.32324068545163076,0,Sample 1,Cell type 1
498,3.436158967357283,0.10743719779823431,1,Sample 1,Cell type 2
499,-3.658411120332995,-1.7590447652960657,0,Sample 1,Cell type 1
500,-3.2116115437004185,-0.6526482279723507,0,Sample 1,Cell type 1
501,2.0533585968431756,-0.880123386377356,1,Sample 1,Cell type 2
502,-3.0004501612076235,0.3166428267499273,0,Sample 1,Cell type 1
503,1.9978128751323956,-0.23043109913766113,1,Sample 1,Cell type 2
504,3.3661528431096586,-0.3768997214543029,1,Sample 1,Cell type 2
505,2.8139327737430135,-0.407170900565999,1,Sample 1,Cell type 2
506,-1.2102234973956605,0.7174714526924255,0,Sample 1,Cell type 1
507,-1.5694689982760321,0.00818644881566964,0,Sample 1,Cell type 1
508,-2.0046765911958415,1.645996375769359,0,Sample 1,Cell type 1
509,0.7780931643126556,0.7011645164023484,1,Sample 1,Cell type 2
510,4.038756635859963,-0.6196919760148656,1,Sample 1,Cell type 2
511,2.0426031664351507,0.2660860082593581,1,Sample 1,Cell type 2
512,1.5705729248701088,-0.22651111739501373,1,Sample 1,Cell type 2
513,2.3948219234626658,0.660837737153205,1,Sample 1,Cell type 2
514,-1.3390851137639666,0.7674166608681655,0,Sample 1,Cell type 1
515,0.9725151299941657,1.0546418598821354,1,Sample 1,Cell type 2
516,2.892966132329597,-0.286423503797589,1,Sample 1,Cell type 2
517,3.2035336329099224,-0.8619008615878067,1,Sample 1,Cell type 2
518,1.1486535696261906,-0.37701099256201576,1,Sample 1,Cell type 2
519,-2.6072137333383343,0.011750555783357675,0,Sample 1,Cell type 1
520,1.6264528796837494,0.712198000669207,1,Sample 1,Cell type 2
521,2.079296259283837,0.14220008501442508,1,Sample 1,Cell type 2
522,2.18224374708321,-0.8818157923646844,1,Sample 1,Cell type 2
523,-4.477315600101831,-0.6375162043763815,0,Sample 1,Cell type 1
524,2.9256049590575546,0.2893288489976133,1,Sample 1,Cell type 2
525,1.4291153602214008,0.5543348984252889,1,Sample 1,Cell type 2
526,1.5343826817142276,-0.8602499144393904,1,Sample 1,Cell type 2
527,-2.252933589920829,1.3617719557081904,0,Sample 1,Cell type 1
528,-3.064009484606727,-0.04461526212616481,0,Sample 1,Cell type 1
529,2.2109515504261674,-0.051347329031055426,1,Sample 1,Cell type 2
530,2.4236286023287414,-1.4209970667731615,1,Sample 1,Cell type 2
531,2.3963862025092473,0.46388582823610575,1,Sample 1,Cell type 2
532,2.064708798308646,-0.13023432485783537,1,Sample 1,Cell type 2
533,3.697945346543701,1.4861618748301861,1,Sample 1,Cell type 2
534,2.5734019875586984,0.20179231714134194,1,Sample 1,Cell type 2
535,4.081152467612388,-1.251393289368841,1,Sample 1,Cell type 2
536,-2.6383568479387383,1.3693667841138748,0,Sample 1,Cell type 1
537,2.00587848365252,-0.2528582848216398,1,Sample 1,Cell type 2
538,3.012434348059819,0.09846256132494492,1,Sample 1,Cell type 2
539,1.9152349794276213,0.6063374799388956,1,Sample 1,Cell type 2
540,-1.1940709568546917,-1.1441131023685063,0,Sample 1,Cell type 1
541,-1.8364755350532085,-1.7689082472063082,0,Sample 1,Cell type 1
542,-2.9242060946979525,-0.6342982658098754,0,Sample 1,Cell type 1
543,1.8729874675308826,-0.5524328418530076,1,Sample 1,Cell type 2
544,3.8337792892409097,1.2185908973698067,1,Sample 1,Cell type 2
545,2.88882903153411,-1.2378431911506924,1,Sample 1,Cell type 2
546,-3.074725812455358,0.7159395015555531,0,Sample 1,Cell type 1
547,-2.0761566576677737,1.1532548965263203,0,Sample 1,Cell type 1
548,3.0723050523529953,0.5745485805663476,1,Sample 1,Cell type 2
549,-3.0232605465019393,-1.4645063174851656,0,Sample 1,Cell type 1
550,-4.1539536800319015,-0.07129603161023072,0,Sample 1,Cell type 1
551,-4.000137975716596,0.09202086331793374,0,Sample 1,Cell type 1
552,1.282112651025687,0.8901506999919402,1,Sample 1,Cell type 2
553,-2.477345299095631,0.023804911596596152,0,Sample 1,Cell type 1
554,-2.434536513161948,-0.07911172255291414,0,Sample 1,Cell type 1
555,1.4053479689337516,1.5898207993846465,1,Sample 1,Cell type 2
556,-2.4958050402254535,0.03758447501179365,0,Sample 1,Cell type 1
557,1.1651205928974437,0.8469828239071031,1,Sample 1,Cell type 2
558,2.7976843780854903,0.311327356534343,1,Sample 1,Cell type 2
559,-1.8826410314813242,-2.2788340965040605,0,Sample 1,Cell type 1
560,2.812371879943112,-0.08257740234599699,1,Sample 1,Cell type 2
561,-2.2920937646012614,0.6254582974218483,0,Sample 1,Cell type 1
562,3.0484061910321634,1.4788870666371292,1,Sample 1,Cell type 2
563,-1.4463079461281076,-0.094454821592863,0,Sample 1,Cell type 1
564,-2.0891199147442268,-0.42616067172952915,0,Sample 1,Cell type 1
565,-2.944159621354559,1.5049256555524722,0,Sample 1,Cell type 1
566,-2.5131383168582015,0.9507146187584672,0,Sample 1,Cell type 1
567,-2.4086178810703682,0.12024140916950209,0,Sample 1,Cell type 1
568,3.9434784878293945,-0.15272303338183896,1,Sample 1,Cell type 2
569,-3.36484523232661,0.8425222826663229,0,Sample 1,Cell type 1
570,-3.942511741004756,-1.267308754404392,0,Sample 1,Cell type 1
571,2.368531835291687,0.1696746824593402,1,Sample 1,Cell type 2
572,-2.890084979257995,-0.34604655025569675,0,Sample 1,Cell type 1
573,-1.7493729552192017,-0.41283578257389913,0,Sample 1,Cell type 1
574,-2.5167212751713186,0.0938619066470256,0,Sample 1,Cell type 1
575,-1.9752793787761913,0.1557889557750199,0,Sample 1,Cell type 1
576,2.5277709990020494,-1.574803370750443,1,Sample 1,Cell type 2
577,2.1998428957408502,-0.25417207740498726,1,Sample 1,Cell type 2
578,1.1150389572440595,1.1959505819625889,1,Sample 1,Cell type 2
579,0.8377505441150426,-0.2562382436293135,1,Sample 1,Cell type 2
580,1.284523139618526,-2.265724478488455,1,Sample 1,Cell type 2
581,1.7255633931918037,-0.24824616430792293,1,Sample 1,Cell type 2
582,-1.5857417483879837,0.6015464261494193,0,Sample 1,Cell type 1
583,2.2620142393009197,1.0495869908591573,1,Sample 1,Cell type 2
584,1.0350840973293198,-0.9827550650126101,1,Sample 1,Cell type 2
585,-2.705901229938676,-1.3348672591020716,0,Sample 1,Cell type 1
586,-2.6664978002858204,-0.3944007477270663,0,Sample 1,Cell type 1
587,-3.922976199123423,1.1968354491913464,0,Sample 1,Cell type 1
588,-2.1844382860973623,-0.3367875846562104,0,Sample 1,Cell type 1
589,1.7381468954089625,-0.5415961107668251,1,Sample 1,Cell type 2
590,1.808893631528187,1.0235719453262009,1,Sample 1,Cell type 2
591,1.2657587878322831,-0.5062040239080313,1,Sample 1,Cell type 2
592,3.1867608933253324,-0.18769645596593104,1,Sample 1,Cell type 2
593,4.0896488893595535,-0.42477671824957164,1,Sample 1,Cell type 2
594,-2.104775850973809,0.2085390126591257,0,Sample 1,Cell type 1
595,-0.8397913018997876,-0.5513502544716543,0,Sample 1,Cell type 1
596,5.021645387609668,-0.8987952265916784,1,Sample 1,Cell type 2
597,2.5124946671596824,0.7218217390293178,1,Sample 1,Cell type 2
598,2.4070167655024335,0.1717705465364211,1,Sample 1,Cell type 2
599,-2.8033021927899897,-0.16286428808188944,0,Sample 1,Cell type 1
600,-4.208539371182956,2.5101988269279953,0,Sample 1,Cell type 1
601,1.8408516104224004,-0.5752875611593488,1,Sample 1,Cell type 2
602,1.9434440982423489,-0.7345015867332599,1,Sample 1,Cell type 2
603,2.7122898795197026,-0.46620692608926567,1,Sample 1,Cell type 2
604,2.12847659015249,0.3696487146015172,1,Sample 1,Cell type 2
605,2.532735340316577,-0.8017499646251782,1,Sample 1,Cell type 2
606,3.8599658996611046,0.8572345217879086,1,Sample 1,Cell type 2
607,-1.1112289574678005,0.15832862677011825,0,Sample 1,Cell type 1
608,-2.6991713187832587,0.7772567607634844,0,Sample 1,Cell type 1
609,-3.2987083513506334,0.2414335198555728,0,Sample 1,Cell type 1
610,2.9276045187844404,0.7101243406990689,1,Sample 1,Cell type 2
611,2.9411810201916184,0.27247137312039743,1,Sample 1,Cell type 2
612,-3.073457856482244,-1.4932292936584481,0,Sample 1,Cell type 1
613,1.8470262043664283,0.06251445037571796,1,Sample 1,Cell type 2
614,3.2611594216464694,-0.2932056162944415,1,Sample 1,Cell type 2
615,-2.836149453676686,-0.22542768708840577,0,Sample 1,Cell type 1
616,-2.147988439957334,-0.40164337948208895,0,Sample 1,Cell type 1
617,3.787024684587499,0.6625837521476983,1,Sample 1,Cell type 2
618,-2.403763494630481,0.41155106724699925,0,Sample 1,Cell type 1
619,-3.8355242248970978,0.43468815390394805,0,Sample 1,Cell type 1
620,4.0965339918271715,2.487934844804289,1,Sample 1,Cell type 2
621,2.440841947513286,-0.3613275809276982,1,Sample 1,Cell type 2
622,-2.2292028740044687,-0.33223033112064104,0,Sample 1,Cell type 1
623,2.985378447308946,-0.1465572949763103,1,Sample 1,Cell type 2
624,2.1902954801683885,-0.03632897434579058,1,Sample 1,Cell type 2
625,-2.935506179620146,0.08873807176789288,0,Sample 1,Cell type 1
626,-1.1179654639194307,0.3490589357392257,0,Sample 1,Cell type 1
627,-2.854625800953208,-0.7078421712215208,0,Sample 1,Cell type 1
628,-2.443958269509455,0.9295026420865524,0,Sample 1,Cell type 1
629,3.6381985088799524,0.740972321793274,1,Sample 1,Cell type 2
630,2.0844829025390985,-0.27272630187686386,1,Sample 1,Cell type 2
631,2.494364011615556,-0.1724876628544179,1,Sample 1,Cell type 2
632,-4.595796083271796,0.6575220035001791,0,Sample 1,Cell type 1
633,-2.6264063188631916,-0.34150485595793606,0,Sample 1,Cell type 1
634,3.0431575902097863,-0.649921879149936,1,Sample 1,Cell type 2
635,-3.5625488391187448,0.15748898869529881,0,Sample 1,Cell type 1
636,-1.922662348765412,-0.9032414169737835,0,Sample 1,Cell type 1
637,0.3019961258198123,-0.39978414092130454,1,Sample 1,Cell type 2
638,-0.763245826001749,-0.1407086499458693,0,Sample 1,Cell type 1
639,2.848780311600037,-2.0257968681757483,1,Sample 1,Cell type 2
640,2.1190233011642725,0.699511344570182,1,Sample 1,Cell type 2
641,-1.981849169519446,1.2184238851264204,0,Sample 1,Cell type 1
642,-3.745265518927801,-0.34249212877273005,0,Sample 1,Cell type 1
643,-2.570625638681004,2.0637674701234547,0,Sample 1,Cell type 1
644,-2.6770028988686176,-0.22145063991113656,0,Sample 1,Cell type 1
645,2.386282770447563,0.270949854337352,1,Sample 1,Cell type 2
646,2.1384405024704978,-0.6314708045757396,1,Sample 1,Cell type 2
647,1.1747014338577808,-0.4195585090101215,1,Sample 1,Cell type 2
648,1.8743972059911704,-0.6077624939842297,1,Sample 1,Cell type 2
649,-3.8627059514841235,-0.044438159117295026,0,Sample 1,Cell type 1
650,1.7049098601321173,0.3361532343159933,1,Sample 1,Cell type 2
651,-1.4374446865207535,0.44498400752052797,0,Sample 1,Cell type 1
652,-3.7921054527244076,0.9317914835657372,0,Sample 1,Cell type 1
653,2.139072913272801,0.44139263992873634,1,Sample 1,Cell type 2
654,-3.3648506620799177,0.492748485555411,0,Sample 1,Cell type 1
655,2.9576459533713155,-0.0497528135994488,1,Sample 1,Cell type 2
656,-2.4546800600823144,0.4237542034853847,0,Sample 1,Cell type 1
657,-2.5528638389178533,-0.9688129598099654,0,Sample 1,Cell type 1
658,3.996772140297426,0.3116913418967231,1,Sample 1,Cell type 2
659,2.7566285807461473,0.15524155488469923,1,Sample 1,Cell type 2
660,4.232044854245282,0.9524388754748769,1,Sample 1,Cell type 2
661,0.8303783851183448,-0.46769418452575967,1,Sample 1,Cell type 2
662,3.4084961177463553,-0.8850348099293074,1,Sample 1,Cell type 2
663,-1.8043152639154718,1.0845102870439607,0,Sample 1,Cell type 1
664,3.341558094178335,-0.7984485018515304,1,Sample 1,Cell type 2
665,-3.358194420591845,0.19139749128891964,0,Sample 1,Cell type 1
666,-2.299605719723299,0.27715856759758056,0,Sample 1,Cell type 1
667,-2.4833650338596738,-0.5824023529833076,0,Sample 1,Cell type 1
668,-2.0668298174361697,0.6073241282421176,0,Sample 1,Cell type 1
669,2.6806092184894035,0.014090601546925853,1,Sample 1,Cell type 2
670,2.95850225059296,-1.428693193547289,1,Sample 1,Cell type 2
671,-1.561500289930687,0.29571375375847514,0,Sample 1,Cell type 1
672,1.531062456575375,0.5846112952532196,1,Sample 1,Cell type 2
673,-2.4543895000823324,0.21487382309060554,0,Sample 1,Cell type 1
674,2.0555625764105065,0.16351122528238143,1,Sample 1,Cell type 2
675,1.9639078396366136,0.9373743317729277,1,Sample 1,Cell type 2
676,3.1953236739975175,-0.3644316208190966,1,Sample 1,Cell type 2
677,2.0717319303870214,0.2867628945676962,1,Sample 1,Cell type 2
678,2.511418454269147,-0.763151535517316,1,Sample 1,Cell type 2
679,-1.4953950995411833,-0.7156858417756031,0,Sample 1,Cell type 1
680,2.2648264418686543,-0.05727940148645347,1,Sample 1,Cell type 2
681,-2.515710239141345,0.4419919635337182,0,Sample 1,Cell type 1
682,1.238402814247202,-0.6422595551606739,1,Sample 1,Cell type 2
683,2.0219918442466867,1.1378958893588063,1,Sample 1,Cell type 2
684,-1.164076396518875,0.3157372238583849,0,Sample 1,Cell type 1
685,-3.6034553824116218,-0.5847440319535353,0,Sample 1,Cell type 1
686,-3.1190313592828582,-0.9957237626491336,0,Sample 1,Cell type 1
687,-2.7039817739366843,1.2031943908661509,0,Sample 1,Cell type 1
688,3.3101099277152572,-0.12652307549785624,1,Sample 1,Cell type 2
689,-1.7396609294511598,-0.4615229245299225,0,Sample 1,Cell type 1
690,1.6765027934543428,-1.0821362286748275,1,Sample 1,Cell type 2
691,2.289872383747066,-0.269109556328909,1,Sample 1,Cell type 2
692,3.15240081795541,-0.03847080586461807,1,Sample 1,Cell type 2
693,-2.5097974182775316,-0.7178034971886653,0,Sample 1,Cell type 1
694,2.4408217091244975,-0.06053248346066421,1,Sample 1,Cell type 2
695,-3.2514683150550034,-0.11527004457729238,0,Sample 1,Cell type 1
696,2.397876254785448,-0.448486109477848,1,Sample 1,Cell type 2
697,-2.15044946420292,0.9525170198290731,0,Sample 1,Cell type 1
698,-4.199116579447845,-0.42060401734460884,0,Sample 1,Cell type 1
699,-2.715899948234697,-0.783010972625846,0,Sample 1,Cell type 1
700,3.793770059974899,0.08348475001857035,1,Sample 1,Cell type 2
701,2.0603542912731356,0.6876703095838416,1,Sample 1,Cell type 2
702,2.0345743732863566,-0.9391039715271781,1,Sample 1,Cell type 2
703,2.7069289182843104,0.17019182068612826,1,Sample 1,Cell type 2
704,-2.344492558738131,-0.2825330342485507,0,Sample 1,Cell type 1
705,-3.6584674731978595,-1.1259710195012442,0,Sample 1,Cell type 1
706,1.6262690938255282,0.6678010610599058,1,Sample 1,Cell type 2
707,2.2075952504117873,-0.12103937618601786,1,Sample 1,Cell type 2
708,-2.3311860262379054,-0.07737048949631392,0,Sample 1,Cell type 1
709,-2.649497315329087,-0.35178484661933995,0,Sample 1,Cell type 1
710,-2.6811872790798654,-0.7675513893787839,0,Sample 1,Cell type 1
711,-2.86851101676783,0.8456977809751326,0,Sample 1,Cell type 1
712,2.145564783097214,-0.3835943739193947,1,Sample 1,Cell type 2
713,-2.3545069959532037,0.19857646904026888,0,Sample 1,Cell type 1
714,-2.9894152727242282,-0.02962943763872962,0,Sample 1,Cell type 1
715,0.08439027534333965,0.14707963580295588,1,Sample 1,Cell type 2
716,1.8106375437949933,0.02402518333126574,1,Sample 1,Cell type 2
717,-2.746427427348593,0.6237284258154719,0,Sample 1,Cell type 1
718,-2.98994989971235,0.2892028201648813,0,Sample 1,Cell type 1
719,2.0921546454472937,0.02755280936467308,1,Sample 1,Cell type 2
720,1.8818724437833407,0.6641534494900881,1,Sample 1,Cell type 2
721,-1.999466121787995,-0.685726045133026,0,Sample 1,Cell type 1
722,-1.4864710806507018,-0.5661355724950247,0,Sample 1,Cell type 1
723,-2.477004141652146,1.022761490085839,0,Sample 1,Cell type 1
724,-3.495090588313028,-0.5543241582367259,0,Sample 1,Cell type 1
725,-3.1340165907461603,-0.09178915317351921,0,Sample 1,Cell type 1
726,-3.034472362914439,0.7936338796292183,0,Sample 1,Cell type 1
727,-2.365076262426618,0.35355251965552725,0,Sample 1,Cell type 1
728,-2.8571468916404226,0.15527199431864608,0,Sample 1,Cell type 1
729,2.0359574069039654,0.19152360042830166,1,Sample 1,Cell type 2
730,2.3388067728419855,-0.00521705218356645,1,Sample 1,Cell type 2
731,1.1895767540511866,-1.4291003722837494,1,Sample 1,Cell type 2
732,1.610735800389159,-0.028660462965170348,1,Sample 1,Cell type 2
733,-2.6965944512687554,-0.2181788557981364,0,Sample 1,Cell type 1
734,2.563678289900829,0.44324621689272575,1,Sample 1,Cell type 2
735,-2.6977419060164776,-0.5455873983982389,0,Sample 1,Cell type 1
736,-3.637448533393475,1.2010669215643894,0,Sample 1,Cell type 1
737,2.778141186830669,-0.3897828512908419,1,Sample 1,Cell type 2
738,-1.9544868082989508,1.477365860588827,0,Sample 1,Cell type 1
739,2.5418067923979866,-0.8484840531172808,1,Sample 1,Cell type 2
740,-3.2415443772624664,-0.047620284849440066,0,Sample 1,Cell type 1
741,-2.557608097264267,0.8028263183136194,0,Sample 1,Cell type 1
742,-1.2101773936090836,1.0519315628672379,0,Sample 1,Cell type 1
743,-3.6322965936403317,-0.33651625821228726,0,Sample 1,Cell type 1
744,2.170541304829074,0.10554237341756566,1,Sample 1,Cell type 2
745,-1.4517530031043133,1.1165470486319649,0,Sample 1,Cell type 1
746,-1.0073803910841947,0.37906633672943,0,Sample 1,Cell type 1
747,-1.152857846833705,-0.36710741029515204,0,Sample 1,Cell type 1
748,2.702055076797299,1.107625638075125,1,Sample 1,Cell type 2
749,-2.4743966807473865,-0.6027342962769469,0,Sample 1,Cell type 1
750,-1.3805156507311982,0.739706946330215,0,Sample 1,Cell type 1
751,1.2192768172187876,-0.6627976198241968,1,Sample 1,Cell type 2
752,-2.5898624397526637,-0.1767756796265784,0,Sample 1,Cell type 1
753,3.297256408463558,-0.3731963033825584,1,Sample 1,Cell type 2
754,-2.070792125143677,-0.7187743854328299,0,Sample 1,Cell type 1
755,-2.3998203978816743,-0.3435244329002024,0,Sample 1,Cell type 1
756,-2.087971786233072,0.4110287607297671,0,Sample 1,Cell type 1
757,2.317120067727985,-0.7954794996868099,1,Sample 1,Cell type 2
758,2.3112240102312227,0.5953485682520276,1,Sample 1,Cell type 2
759,-1.193254774159123,-0.9170763144149504,0,Sample 1,Cell type 1
760,-3.487479097503938,-0.4739714073223154,0,Sample 1,Cell type 1
761,2.080729281652326,0.1218838976269776,1,Sample 1,Cell type 2
762,-2.639967805356327,-0.6045961275942758,0,Sample 1,Cell type 1
763,-2.733449015132435,-1.2505526469573258,0,Sample 1,Cell type 1
764,-2.506378113053294,1.1839553111120207,0,Sample 1,Cell type 1
765,-1.849710304928832,0.5037030735388898,0,Sample 1,Cell type 1
766,2.69430561052022,-1.6656789625511899,1,Sample 1,Cell type 2
767,-2.480391860592846,0.3983986329963598,0,Sample 1,Cell type 1
768,2.188061034752444,0.1264427919361055,1,Sample 1,Cell type 2
769,2.7780492910428416,0.06935815953151728,1,Sample 1,Cell type 2
770,2.353479623157364,-0.285338507343897,1,Sample 1,Cell type 2
771,-3.0101919874010528,-0.42479756400145413,0,Sample 1,Cell type 1
772,-2.219495920581153,0.39134970411813086,0,Sample 1,Cell type 1
773,1.3390594479587528,-0.00967115827684365,1,Sample 1,Cell type 2
774,-3.016771343299628,-0.6393536053202029,0,Sample 1,Cell type 1
775,2.680246337632753,-0.29562154306668686,1,Sample 1,Cell type 2
776,-2.495909234686031,-0.18766970670011754,0,Sample 1,Cell type 1
777,-1.8029621620342047,-1.0767837441973989,0,Sample 1,Cell type 1
778,-2.1891371163752287,1.9943996139462326,0,Sample 1,Cell type 1
779,1.7033476841678166,0.5209089934589256,1,Sample 1,Cell type 2
780,2.777367982083936,2.009245241267539,1,Sample 1,Cell type 2
781,-2.6361476980199425,-0.36258243946182017,0,Sample 1,Cell type 1
782,1.9323361162006618,-1.0068039285402677,1,Sample 1,Cell type 2
783,-1.275399334125042,0.9750094813578534,0,Sample 1,Cell type 1
784,-1.7015919121122782,-2.3170043025549516,0,Sample 1,Cell type 1
785,3.484699610523788,1.3480114229668076,1,Sample 1,Cell type 2
786,-2.6214280760284665,0.4706537651876612,0,Sample 1,Cell type 1
787,3.1735869563617016,-0.2953657603579569,1,Sample 1,Cell type 2
788,-3.4836396755619337,0.3973593785892174,0,Sample 1,Cell type 1
789,-1.8419640703174487,-0.9766749199768179,0,Sample 1,Cell type 1
790,1.585584550341017,0.6561265494043876,1,Sample 1,Cell type 2
791,-2.6443839308725003,2.554486054275889,0,Sample 1,Cell type 1
792,2.9977657152347215,-0.9110664942246154,1,Sample 1,Cell type 2
793,-1.7403566916469408,-1.187918374759923,0,Sample 1,Cell type 1
794,1.9594335366707105,0.02732193399041968,1,Sample 1,Cell type 2
795,-3.188330692227162,-0.3076444353838603,0,Sample 1,Cell type 1
796,1.4884012744360275,-1.4344851620276615,1,Sample 1,Cell type 2
797,2.762256938274468,0.7394161116302639,1,Sample 1,Cell type 2
798,2.2035337900793737,-1.0784376895521337,1,Sample 1,Cell type 2
799,2.044133657408993,0.2636069884584073,1,Sample 1,Cell type 2
800,2.748887992914556,-1.5117194336769224,1,Sample 1,Cell type 2
801,-2.6968499905039587,-0.6745972762529534,0,Sample 1,Cell type 1
802,-3.3826932849390987,-1.7223124743619864,0,Sample 1,Cell type 1
803,-3.785986587648982,0.14770708682584338,0,Sample 1,Cell type 1
804,3.354703466955213,0.4832967116708144,1,Sample 1,Cell type 2
805,-1.7029865444422878,-0.39500526652905,0,Sample 1,Cell type 1
806,-2.5048567292319146,0.6707926195613135,0,Sample 1,Cell type 1
807,3.2100031739312476,0.6086773234491822,1,Sample 1,Cell type 2
808,3.5215723088705504,0.27041878488136656,1,Sample 1,Cell type 2
809,-2.1733977954284223,-1.3620668833902725,0,Sample 1,Cell type 1
810,3.1893088995983554,0.11124831892273412,1,Sample 1,Cell type 2
811,1.2508054220465123,1.2027358627431992,1,Sample 1,Cell type 2
812,2.7845351588505833,0.1532619169552717,1,Sample 1,Cell type 2
813,-3.1603977574340094,-0.2571086733223948,0,Sample 1,Cell type 1
814,-1.5396688736444597,-0.5255154231771166,0,Sample 1,Cell type 1
815,2.927853869076728,0.9831844019912496,1,Sample 1,Cell type 2
816,-2.8564020171206175,1.1627075816941608,0,Sample 1,Cell type 1
817,2.896959349890653,-0.4282533700541272,1,Sample 1,Cell type 2
818,-1.7292990966045425,0.3302247415491987,0,Sample 1,Cell type 1
819,-1.5514366762696024,0.5751626485320535,0,Sample 1,Cell type 1
820,-3.041537600244767,0.48934103107269433,0,Sample 1,Cell type 1
821,-2.630453571155011,-0.5959221158451593,0,Sample 1,Cell type 1
822,3.333379731247081,0.46683544240951014,1,Sample 1,Cell type 2
823,1.7809727613414974,-1.064250900591192,1,Sample 1,Cell type 2
824,3.5885268766709206,-1.0470563192952898,1,Sample 1,Cell type 2
825,-0.44131215740011154,0.04737474721159061,0,Sample 1,Cell type 1
826,-2.698952900946838,1.2858764608159943,0,Sample 1,Cell type 1
827,-2.9817696482894247,0.37501940486001906,0,Sample 1,Cell type 1
828,3.887949260669447,-0.6854176750614343,1,Sample 1,Cell type 2
829,2.0802700743465574,0.39492387811452073,1,Sample 1,Cell type 2
830,-2.8569467465718237,-1.511632584756425,0,Sample 1,Cell type 1
831,3.0926594763361006,-0.4105708531772682,1,Sample 1,Cell type 2
832,1.7038812145172963,-0.14520252970853373,1,Sample 1,Cell type 2
833,1.72981394777231,-0.16528902375683732,1,Sample 1,Cell type 2
834,2.0134187940441928,0.29049250219561873,1,Sample 1,Cell type 2
835,-3.168277642607806,1.7161193022187107,0,Sample 1,Cell type 1
836,2.834718576710947,1.1212788743571436,1,Sample 1,Cell type 2
837,-3.9184259745655052,1.0095372005711933,0,Sample 1,Cell type 1
838,-2.960510260990219,0.09760785171628916,0,Sample 1,Cell type 1
839,-2.707036850133682,1.2789177364037736,0,Sample 1,Cell type 1
840,-1.8713598730793342,0.34036604942797183,0,Sample 1,Cell type 1
841,2.619490785816951,0.2913122368437291,1,Sample 1,Cell type 2
842,-3.577701031623757,-0.7772912308085212,0,Sample 1,Cell type 1
843,2.7940958721677687,0.11847153583862097,1,Sample 1,Cell type 2
844,-2.2299178703398383,-0.32950157289797394,0,Sample 1,Cell type 1
845,2.9266873957643593,0.6715748036147238,1,Sample 1,Cell type 2
846,-2.3796648758851386,0.29196880197298036,0,Sample 1,Cell type 1
847,3.4558102895015503,0.7157177500590979,1,Sample 1,Cell type 2
848,-2.6559266242821447,0.9070160774936517,0,Sample 1,Cell type 1
849,-2.981094115160971,0.25582554731402957,0,Sample 1,Cell type 1
850,-2.6578707362458607,-0.12101862692280936,0,Sample 1,Cell type 1
851,-3.5243434819970263,1.403835345587492,0,Sample 1,Cell type 1
852,3.0636052318597784,0.6312453499004151,1,Sample 1,Cell type 2
853,3.2323122204481294,-0.43963221967642796,1,Sample 1,Cell type 2
854,-3.041113841647416,1.4407523463286527,0,Sample 1,Cell type 1
855,-2.2540746417527195,0.6525897700314375,0,Sample 1,Cell type 1
856,2.8150378385730015,-1.542138063476488,1,Sample 1,Cell type 2
857,2.4568761207954086,-0.7858428643018517,1,Sample 1,Cell type 2
858,3.30145988294555,-0.39805667070816575,1,Sample 1,Cell type 2
859,-0.7774540339907547,-0.6138780503104396,0,Sample 1,Cell type 1
860,-2.4093836715697883,-1.1506223826538935,0,Sample 1,Cell type 1
861,-1.5564479034229703,-0.37534052168376386,0,Sample 1,Cell type 1
862,2.1399897136033488,1.0057193734900582,1,Sample 1,Cell type 2
863,-1.6745243684250921,-1.1884482984295777,0,Sample 1,Cell type 1
864,2.930103922359904,0.3425489982484609,1,Sample 1,Cell type 2
865,-4.5242300181970645,-0.22880337750408866,0,Sample 1,Cell type 1
866,2.5057427735263538,-1.6691821266968678,1,Sample 1,Cell type 2
867,-4.221452321063444,-0.5753226553939361,0,Sample 1,Cell type 1
868,2.753086657228916,-0.7081989488993781,1,Sample 1,Cell type 2
869,1.5595243155001186,-0.7160558738212838,1,Sample 1,Cell type 2
870,-1.2090309847530822,0.3628274412111839,0,Sample 1,Cell type 1
871,-3.5878849127839354,0.5970028528217766,0,Sample 1,Cell type 1
872,-2.2414658286521747,-0.11808206903893495,0,Sample 1,Cell type 1
873,3.60119716001563,0.25050571201052424,1,Sample 1,Cell type 2
874,-2.485265296648359,1.3411498498202263,0,Sample 1,Cell type 1
875,3.0212175930716048,-0.9101485363398534,1,Sample 1,Cell type 2
876,-1.5805813389714594,-0.56254114010071,0,Sample 1,Cell type 1
877,-1.542742798668407,-0.12682365842157603,0,Sample 1,Cell type 1
878,-2.649715412003639,0.7885839965438904,0,Sample 1,Cell type 1
879,4.176674801447327,1.2755539133993574,1,Sample 1,Cell type 2
880,-2.341532191385716,-0.11548832953915399,0,Sample 1,Cell type 1
881,-3.3727731441721587,-0.32865143036366784,0,Sample 1,Cell type 1
882,-1.8596723798178543,0.6034330638508595,0,Sample 1,Cell type 1
883,-2.653888771824898,0.24123787386689,0,Sample 1,Cell type 1
884,-2.2690450965761144,0.2082574710169766,0,Sample 1,Cell type 1
885,1.2738395520880552,-0.15702452111034945,1,Sample 1,Cell type 2
886,3.2898676132712814,-0.060760818914018216,1,Sample 1,Cell type 2
887,1.9146946088731776,1.5123525481246263,1,Sample 1,Cell type 2
888,-2.1449444574830174,0.6197072427434694,0,Sample 1,Cell type 1
889,2.8936150783942396,-0.4208278741340643,1,Sample 1,Cell type 2
890,2.568254514052019,-0.6466125773127411,1,Sample 1,Cell type 2
891,1.300787231633279,-0.0734758114679641,1,Sample 1,Cell type 2
892,1.6915214240568692,-0.4121747150465942,1,Sample 1,Cell type 2
893,1.4845356027626406,1.3620117265036846,1,Sample 1,Cell type 2
894,1.4702691451326,-1.117694548090393,1,Sample 1,Cell type 2
895,-2.0274761354461526,0.8869628644663262,0,Sample 1,Cell type 1
896,2.5305903959680225,-1.1588731317068353,1,Sample 1,Cell type 2
897,3.1145657733053898,0.17231720436503037,1,Sample 1,Cell type 2
898,2.276829655734553,-0.22380813479666753,1,Sample 1,Cell type 2
899,-3.1323795643562495,0.3771746857087966,0,Sample 1,Cell type 1
900,-3.593502958732337,-0.17981232151414683,0,Sample 1,Cell type 1
901,1.876117643022689,0.8655878473999539,1,Sample 1,Cell type 2
902,2.5687144050346644,-1.7754402981980282,1,Sample 1,Cell type 2
903,-2.4091861237990018,0.5297045396168374,0,Sample 1,Cell type 1
904,3.0884975977965974,1.425439127016848,1,Sample 1,Cell type 2
905,2.01620426836943,-1.7644528456792554,1,Sample 1,Cell type 2
906,2.853045721359397,-0.5865249576879973,1,Sample 1,Cell type 2
907,-2.941778435424777,0.5063454542044087,0,Sample 1,Cell type 1
908,2.885653381868309,0.2949865178540158,1,Sample 1,Cell type 2
909,-1.1139880004119265,1.785040116954106,0,Sample 1,Cell type 1
910,-1.9337984516356195,-0.44997342071541413,0,Sample 1,Cell type 1
911,-3.764952561625707,0.7160306512608924,0,Sample 1,Cell type 1
912,1.7282356593994281,1.3027748438178575,1,Sample 1,Cell type 2
913,-3.0205140552974616,-0.38970030701175684,0,Sample 1,Cell type 1
914,-2.543915200493029,0.22844325988612557,0,Sample 1,Cell type 1
915,2.724807400225445,-1.706076500923869,1,Sample 1,Cell type 2
916,-3.12879156840636,-1.0649863628462224,0,Sample 1,Cell type 1
917,2.885799162144526,-0.9901299378618383,1,Sample 1,Cell type 2
918,2.086856284889943,-0.15717326674247775,1,Sample 1,Cell type 2
919,2.321438196292156,1.1918907508816659,1,Sample 1,Cell type 2
920,-2.757308040973906,1.6613983868486728,0,Sample 1,Cell type 1
921,-3.050520276142179,1.801948644275447,0,Sample 1,Cell type 1
922,-1.5295218400166533,0.1133735309119238,0,Sample 1,Cell type 1
923,2.9687233609317194,-0.5894161087580976,1,Sample 1,Cell type 2
924,-3.013185276178362,0.34553803573915254,0,Sample 1,Cell type 1
925,-2.0086666399652597,0.6060061680378441,0,Sample 1,Cell type 1
926,2.0976201835589254,0.21078977226484766,1,Sample 1,Cell type 2
927,-1.8039458154489965,0.3965455103780837,0,Sample 1,Cell type 1
928,2.2761517260983952,-0.771630235928153,1,Sample 1,Cell type 2
929,2.6658138635191553,0.055475469629000344,1,Sample 1,Cell type 2
930,-2.3505865884183375,-0.6043063458826581,0,Sample 1,Cell type 1
931,-0.979047451397594,-0.048528651051696625,0,Sample 1,Cell type 1
932,2.2045782886030376,0.11471077387380087,1,Sample 1,Cell type 2
933,-2.3614552593190545,0.30825390378306944,0,Sample 1,Cell type 1
934,-1.7646168523398371,-0.5345152684311952,0,Sample 1,Cell type 1
935,-2.3204385451520224,0.8376786420897236,0,Sample 1,Cell type 1
936,3.3521375725715092,1.1620933963889435,1,Sample 1,Cell type 2
937,-2.774171613221416,-0.6418218153772952,0,Sample 1,Cell type 1
938,2.8458103605073246,0.3760353498945617,1,Sample 1,Cell type 2
939,1.8420640540942395,0.8968245338595772,1,Sample 1,Cell type 2
940,-3.224585840690095,-0.5230130709190559,0,Sample 1,Cell type 1
941,-2.9981194893875616,0.1556859641897942,0,Sample 1,Cell type 1
942,3.908950499893899,-0.0002509380894197697,1,Sample 1,Cell type 2
943,2.767087973254828,1.1450934254649467,1,Sample 1,Cell type 2
944,-1.2254506986884823,-0.40897254114494813,0,Sample 1,Cell type 1
945,2.5063041477557824,-0.2604888417188029,1,Sample 1,Cell type 2
946,2.686229394352131,-0.6054111816127411,1,Sample 1,Cell type 2
947,3.1787447057642275,-1.7975114671876842,1,Sample 1,Cell type 2
948,1.079011813681344,0.3269222491845367,1,Sample 1,Cell type 2
949,-2.3551827530370346,-1.0374655583646772,0,Sample 1,Cell type 1
950,4.063325947000229,-0.4045973634095494,1,Sample 1,Cell type 2
951,2.945242499627007,-1.0683852552799131,1,Sample 1,Cell type 2
952,-1.6335590054597784,0.8430416416279224,0,Sample 1,Cell type 1
953,-3.531968719792843,-1.036063017650893,0,Sample 1,Cell type 1
954,2.5272219288577857,0.08909808147204194,1,Sample 1,Cell type 2
955,2.6851567380204577,0.5171916301806165,1,Sample 1,Cell type 2
956,-2.2352958142284343,0.6668231692871398,0,Sample 1,Cell type 1
957,-2.7552431485332947,-0.6368206854427912,0,Sample 1,Cell type 1
958,0.9851082664369715,0.17063496589835087,1,Sample 1,Cell type 2
959,-2.0824467475064816,0.23758773858654886,0,Sample 1,Cell type 1
960,-2.107220038689399,0.587902228839854,0,Sample 1,Cell type 1
961,3.123479203124266,-0.031215615502035294,1,Sample 1,Cell type 2
962,-2.3040267431130217,-0.40555454029690385,0,Sample 1,Cell type 1
963,-2.879071477656733,-0.011561816702623283,0,Sample 1,Cell type 1
964,2.4657412949507402,0.04641818784671618,1,Sample 1,Cell type 2
965,2.6569051672191257,-0.7232546317888002,1,Sample 1,Cell type 2
966,2.612786159689648,1.2709015424348769,1,Sample 1,Cell type 2
967,-2.420534155656619,0.6011096986974312,0,Sample 1,Cell type 1
968,-2.0895153614591337,-0.20763734206713377,0,Sample 1,Cell type 1
969,-4.62077584671441,0.8732054815379695,0,Sample 1,Cell type 1
970,-1.839666920809576,0.6508077088005109,0,Sample 1,Cell type 1
971,2.9425193251033672,-0.43856023853341813,1,Sample 1,Cell type 2
972,2.11315081292277,-0.48973353372385664,1,Sample 1,Cell type 2
973,-2.559546743280037,0.4965376780405424,0,Sample 1,Cell type 1
974,-0.7935733002749865,-1.5616702396180016,0,Sample 1,Cell type 1
975,-2.6028300091511447,-1.5054792363981113,0,Sample 1,Cell type 1
976,-2.393624260682499,-0.5600966519513386,0,Sample 1,Cell type 1
977,-2.4485759847236297,-0.8621958223434449,0,Sample 1,Cell type 1
978,2.673420451010103,-0.8778420221062753,1,Sample 1,Cell type 2
979,2.899748088242347,0.37760181673541954,1,Sample 1,Cell type 2
980,3.2143630960870153,1.4636961613728698,1,Sample 1,Cell type 2
981,2.652339111940046,0.35937497702802745,1,Sample 1,Cell type 2
982,-3.310264896267539,0.2513978660762191,0,Sample 1,Cell type 1
983,2.954482564102917,-0.8397243991279529,1,Sample 1,Cell type 2
984,-2.4534330252432,-0.9143762382644985,0,Sample 1,Cell type 1
985,2.8434726582413874,0.3037117187087724,1,Sample 1,Cell type 2
986,1.034654202235179,-0.8410479293114757,1,Sample 1,Cell type 2
987,-1.7647388136097852,-0.23221963535092108,0,Sample 1,Cell type 1
988,-3.5785483376845706,0.594611275218172,0,Sample 1,Cell type 1
989,-1.0013617790259635,0.8640384525717189,0,Sample 1,Cell type 1
990,4.325321469231074,-0.49411334154695735,1,Sample 1,Cell type 2
991,2.3617586100828287,0.6175361238693401,1,Sample 1,Cell type 2
992,4.199817122413569,1.0650712495907226,1,Sample 1,Cell type 2
993,1.5955077320499789,0.49816897912021485,1,Sample 1,Cell type 2
994,-3.3850679792048224,-0.9569652992645367,0,Sample 1,Cell type 1
995,-2.0432875914454662,0.9084525121444792,0,Sample 1,Cell type 1
996,2.8665344918309588,-0.7837769797734455,1,Sample 1,Cell type 2
997,-2.774150075264279,-0.2971526927966332,0,Sample 1,Cell type 1
998,3.380657118738084,0.8490967718985069,1,Sample 1,Cell type 2
999,-2.515535684710186,-0.24254382626742035,0,Sample 1,Cell type 1
1000,-2.445977436249661,-1.1397985489707654,0,Sample 1,Cell type 1
1001,-1.289240205406295,0.5046493476438221,0,Sample 1,Cell type 1
1002,-1.6949657526284474,-0.461513495618519,0,Sample 1,Cell type 1
1003,-2.357839199253397,-1.068275486968081,0,Sample 1,Cell type 1
1004,-2.7789217075262873,-0.27940616345474306,0,Sample 1,Cell type 1
1005,3.4975133724277754,-0.0496032074928254,1,Sample 1,Cell type 2
1006,-2.002552030226243,-1.2561797759123652,0,Sample 1,Cell type 1
1007,1.5402419773077534,-1.8529150903751015,1,Sample 1,Cell type 2
1008,2.7337541826610985,-0.14986321472509975,1,Sample 1,Cell type 2
1009,3.614763622019545,0.5684392818382283,1,Sample 1,Cell type 2
1010,3.3479491072372976,0.49360475966135803,1,Sample 1,Cell type 2
1011,2.269161043299436,-0.6270028168995427,1,Sample 1,Cell type 2
1012,2.6386733314963267,0.1951625583268002,1,Sample 1,Cell type 2
1013,-2.429274490966522,1.1820240648442095,0,Sample 1,Cell type 1
1014,0.4763519378445573,-0.2372859672558387,1,Sample 1,Cell type 2
1015,-1.6551545527471585,0.17859113130332774,0,Sample 1,Cell type 1
1016,-2.849108712421255,-0.08768784314066468,0,Sample 1,Cell type 1
1017,2.3479687719988043,-0.28595633824834177,1,Sample 1,Cell type 2
1018,2.4487377886810267,0.429032727613752,1,Sample 1,Cell type 2
1019,-2.583559374829977,-0.1350573785520085,0,Sample 1,Cell type 1
1020,2.1800807502950903,0.2154358020645872,1,Sample 1,Cell type 2
1021,3.2600126629357167,0.19440377764351977,1,Sample 1,Cell type 2
1022,-2.2061701492789276,1.470546941436098,0,Sample 1,Cell type 1
1023,2.89314356217616,0.4558082857589176,1,Sample 1,Cell type 2
1024,-2.6689041910621554,-0.7897436217209473,0,Sample 1,Cell type 1
1025,-1.184025829198973,-0.19922883164510266,0,Sample 1,Cell type 1
1026,3.8565783022486926,1.5178309558184893,1,Sample 1,Cell type 2
1027,2.836075592361473,0.48548047457253685,1,Sample 1,Cell type 2
1028,1.8148014100726408,0.07813630139866833,1,Sample 1,Cell type 2
1029,2.755619736626364,1.322893814793828,1,Sample 1,Cell type 2
1030,2.1937462483096253,-0.09898315701986893,1,Sample 1,Cell type 2
1031,2.9391070682538913,-0.2039646348429583,1,Sample 1,Cell type 2
1032,-3.750036685509234,-0.42324214187703585,0,Sample 1,Cell type 1
1033,-2.402161997574173,0.43463842322911034,0,Sample 1,Cell type 1
1034,2.8789056614491635,-0.7411049039852308,1,Sample 1,Cell type 2
1035,2.904992791444741,1.1578445595134452,1,Sample 1,Cell type 2
1036,-2.5279907923975693,1.416640508508408,0,Sample 1,Cell type 1
1037,3.8996671233643365,1.1051632629523893,1,Sample 1,Cell type 2
1038,-3.372319261954277,1.128745903797016,0,Sample 1,Cell type 1
1039,0.15644104799818548,1.6423776196013304,1,Sample 1,Cell type 2
1040,2.1374012727815894,1.1619740275765964,1,Sample 1,Cell type 2
1041,-0.7741534293875971,-0.48457193840267077,0,Sample 1,Cell type 1
1042,-1.993774507114972,1.816554286243517,0,Sample 1,Cell type 1
1043,2.900192375549256,-0.42688024515133355,1,Sample 1,Cell type 2
1044,2.316160295539845,-0.6811251474082509,1,Sample 1,Cell type 2
1045,4.1398496766287405,0.0005462551659861024,1,Sample 1,Cell type 2
1046,-1.1578393487388474,-0.44287059336639567,0,Sample 1,Cell type 1
1047,3.713115244202858,0.4816946563139868,1,Sample 1,Cell type 2
1048,-2.0599583207803587,-0.7746755638909083,0,Sample 1,Cell type 1
1049,2.977782574602708,-0.7586784033793607,1,Sample 1,Cell type 2
1050,-2.210883515593269,1.2304292531727754,0,Sample 1,Cell type 1
1051,0.7094150133400223,-1.696560122108053,1,Sample 1,Cell type 2
1052,-4.035016972239234,-0.021211100359373503,0,Sample 1,Cell type 1
1053,2.237684226789666,0.12415254708718332,1,Sample 1,Cell type 2
1054,2.117883533916796,-1.004108297578716,1,Sample 1,Cell type 2
1055,2.5847155624921876,0.46753038437798744,1,Sample 1,Cell type 2
1056,-3.3012960079159326,-0.22488023430876392,0,Sample 1,Cell type 1
1057,-2.43072817002168,-0.12454178831366358,0,Sample 1,Cell type 1
1058,3.307577430876775,-0.6759531508747971,1,Sample 1,Cell type 2
1059,1.9598573800204946,-0.11561493657241427,1,Sample 1,Cell type 2
1060,1.7348508985455928,0.3779250223043019,1,Sample 1,Cell type 2
1061,-2.251273947521596,1.1802849735596417,0,Sample 1,Cell type 1
1062,-2.4224032280058254,0.47612562034953093,0,Sample 1,Cell type 1
1063,2.2121850833687313,-1.0608381488656307,1,Sample 1,Cell type 2
1064,-2.3064301827471727,-1.5306241957262383,0,Sample 1,Cell type 1
1065,3.4743673218444466,-0.41055709161071685,1,Sample 1,Cell type 2
1066,3.3583824382128094,1.8910979956954888,1,Sample 1,Cell type 2
1067,2.0307749843488514,0.17937312343263442,1,Sample 1,Cell type 2
1068,-2.872248365424043,-0.08475868344330853,0,Sample 1,Cell type 1
1069,3.338965701133251,1.3243256904706362,1,Sample 1,Cell type 2
1070,1.866064063200031,-0.24636922371123224,1,Sample 1,Cell type 2
1071,-2.1168161394028866,0.26692968422955865,0,Sample 1,Cell type 1
1072,-2.976529035234794,1.099550474536654,0,Sample 1,Cell type 1
1073,2.7270008189292008,-0.7902986727205994,1,Sample 1,Cell type 2
1074,-2.282736930243701,-1.0213988606562476,0,Sample 1,Cell type 1
1075,-3.0722429674079748,0.5436781991477407,0,Sample 1,Cell type 1
1076,-2.7581438710737087,-0.20066641316403788,0,Sample 1,Cell type 1
1077,-1.5231730435797175,0.46567816277489266,0,Sample 1,Cell type 1
1078,-2.679884785446463,-0.5200020646587679,0,Sample 1,Cell type 1
1079,-3.1050805962274426,-1.1378029676781394,0,Sample 1,Cell type 1
1080,2.9444101170737986,-0.7349492091888755,1,Sample 1,Cell type 2
1081,-1.2993921674925513,0.6801773936907943,0,Sample 1,Cell type 1
1082,2.764681043692462,1.1608011505050688,1,Sample 1,Cell type 2
1083,2.6517649340883165,-0.5295857422372873,1,Sample 1,Cell type 2
1084,-2.6336944642534834,0.11737094914665827,0,Sample 1,Cell type 1
1085,1.7669432647412642,-0.669536563037024,1,Sample 1,Cell type 2
1086,3.1977576000583823,-0.2520693849552869,1,Sample 1,Cell type 2
1087,3.6430861662508542,-1.1793057056336846,1,Sample 1,Cell type 2
1088,-3.349914822517504,0.3426456777661189,0,Sample 1,Cell type 1
1089,-2.422337960521568,0.7749159924263114,0,Sample 1,Cell type 1
1090,-2.6767713390637313,0.021508671195624624,0,Sample 1,Cell type 1
1091,2.6402294231471393,-1.0693803511007445,1,Sample 1,Cell type 2
1092,-0.8507971386908817,0.966692984474514,0,Sample 1,Cell type 1
1093,-1.5178648060213662,-0.9677128149529644,0,Sample 1,Cell type 1
1094,1.9126609609772034,0.06559644513084834,1,Sample 1,Cell type 2
1095,2.4250910490086635,1.060637318033752,1,Sample 1,Cell type 2
1096,3.4541881323331314,-1.0062945247271102,1,Sample 1,Cell type 2
1097,1.665937844263539,-0.937787002749312,1,Sample 1,Cell type 2
1098,2.0289065386090432,-0.6698099448397603,1,Sample 1,Cell type 2
1099,-2.2415365815071766,-0.2018828017010301,0,Sample 1,Cell type 1
1100,-2.556399022447273,0.38920131506096156,0,Sample 1,Cell type 1
1101,0.973753953698087,-0.6883080086236015,1,Sample 1,Cell type 2
1102,3.1600786117341078,-0.6937041725687203,1,Sample 1,Cell type 2
1103,-1.4460847474925393,0.15807968375391973,0,Sample 1,Cell type 1
1104,-2.0362934614291395,0.26063705326573317,0,Sample 1,Cell type 1
1105,1.6318795787537614,-0.6603284239831642,1,Sample 1,Cell type 2
1106,2.568167559707121,-2.392908776720579,1,Sample 1,Cell type 2
1107,2.3153069009241847,1.1626085306568275,1,Sample 1,Cell type 2
1108,-2.87073415424997,-0.3725838028562055,0,Sample 1,Cell type 1
1109,-3.349842970980884,0.37887394450814527,0,Sample 1,Cell type 1
1110,-3.467755794272886,0.4799429839969636,0,Sample 1,Cell type 1
1111,0.7773256641030044,0.8777221694029566,1,Sample 1,Cell type 2
1112,-3.2229614885841027,0.2594874253772824,0,Sample 1,Cell type 1
1113,2.8318924002895285,0.370630824094485,1,Sample 1,Cell type 2
1114,0.41662891469829244,0.15915851743719564,1,Sample 1,Cell type 2
1115,-2.438542487151796,-1.0263937793508557,0,Sample 1,Cell type 1
1116,-3.2994417858359286,-0.40381993698257396,0,Sample 1,Cell type 1
1117,1.8356444747547478,0.418011284212606,1,Sample 1,Cell type 2
1118,2.547187377271678,0.3574980006421584,1,Sample 1,Cell type 2
1119,-3.241882507352459,0.1906951861878281,0,Sample 1,Cell type 1
1120,1.8452570672463988,1.225894179742493,1,Sample 1,Cell type 2
1121,1.0279378043953977,-0.025824488839576262,1,Sample 1,Cell type 2
1122,-2.0097808759499443,-0.842732450538925,0,Sample 1,Cell type 1
1123,-2.3073974564091455,2.081346491344316,0,Sample 1,Cell type 1
1124,-1.7013512814816316,-0.34529625017443877,0,Sample 1,Cell type 1
1125,1.4947944845765948,0.6505641493983818,1,Sample 1,Cell type 2
1126,-3.44660681013262,-1.6313857422080806,0,Sample 1,Cell type 1
1127,2.474848663700179,-0.6787429073526517,1,Sample 1,Cell type 2
1128,2.9066149117396716,3.1409901651490615,1,Sample 1,Cell type 2
1129,4.119447698629482,-1.0905392036742485,1,Sample 1,Cell type 2
1130,2.1661065491159324,-0.23607193139032506,1,Sample 1,Cell type 2
1131,1.884003147042034,-1.0368933313999156,1,Sample 1,Cell type 2
1132,1.595837020260861,1.929341340462737,1,Sample 1,Cell type 2
1133,-1.9544376229640288,-0.24821340527476485,0,Sample 1,Cell type 1
1134,2.644850194216866,1.042622429852851,1,Sample 1,Cell type 2
1135,-1.2619958389359507,1.4367021384764174,0,Sample 1,Cell type 1
1136,-0.6608815011045996,-0.2902708483517273,0,Sample 1,Cell type 1
1137,-2.4649508224167125,-0.1176016013027909,0,Sample 1,Cell type 1
1138,3.4445127299617155,-0.5018507567610423,1,Sample 1,Cell type 2
1139,2.1273555447054697,-0.12067016925335626,1,Sample 1,Cell type 2
1140,1.9163180241540725,0.28913385381848233,1,Sample 1,Cell type 2
1141,-2.4370918477471277,-1.5985605476256861,0,Sample 1,Cell type 1
1142,-2.465118042902037,1.3560408323446025,0,Sample 1,Cell type 1
1143,2.7708423010287313,-0.7503404612291191,1,Sample 1,Cell type 2
1144,3.2465024578728556,-0.17817656062128565,1,Sample 1,Cell type 2
1145,-3.622084217439755,1.3996613945495515,0,Sample 1,Cell type 1
1146,-2.883339390276232,-0.1485271813310537,0,Sample 1,Cell type 1
1147,2.172250725896402,0.5698577276641297,1,Sample 1,Cell type 2
1148,-3.80203395030653,0.0384679573291056,0,Sample 1,Cell type 1
1149,1.2884237526553863,0.25727456907139085,1,Sample 1,Cell type 2
1150,-1.281500738184274,0.43112803494772695,0,Sample 1,Cell type 1
1151,-2.17214507445719,-0.19300612369483397,0,Sample 1,Cell type 1
1152,2.7583796028941343,-0.04880317748430685,1,Sample 1,Cell type 2
1153,-3.972699385065316,-1.0236615733885612,0,Sample 1,Cell type 1
1154,-2.5916318762020945,0.9902530495787695,0,Sample 1,Cell type 1
1155,-2.7899527531225057,-0.8957359157009152,0,Sample 1,Cell type 1
1156,2.611909786271302,0.7968945719289032,1,Sample 1,Cell type 2
1157,3.031762196266488,-0.4423366698938416,1,Sample 1,Cell type 2
1158,-1.1619420905298372,0.3352152074928362,0,Sample 1,Cell type 1
1159,-2.5801232611839624,-0.1629390001415727,0,Sample 1,Cell type 1
1160,-2.7462225879624005,0.17532026213115118,0,Sample 1,Cell type 1
1161,-2.530107761939879,0.8826415056132172,0,Sample 1,Cell type 1
1162,3.1725875857036394,0.16624200588265073,1,Sample 1,Cell type 2
1163,-2.0623220950639696,-0.16175412194711525,0,Sample 1,Cell type 1
1164,-2.5265015782990377,1.4356462908142302,0,Sample 1,Cell type 1
1165,-1.7803200996533994,0.24583961670128748,0,Sample 1,Cell type 1
1166,-2.951398078925911,0.14764104255762958,0,Sample 1,Cell type 1
1167,-2.234148790416327,-0.5987892292452429,0,Sample 1,Cell type 1
1168,-3.0939764685584388,-1.0560180089765647,0,Sample 1,Cell type 1
1169,2.0085414847229646,-0.5678311937868281,1,Sample 1,Cell type 2
1170,2.536178167199986,0.04095832150486828,1,Sample 1,Cell type 2
1171,-3.061642475101882,-0.2621297172782146,0,Sample 1,Cell type 1
1172,-2.5706903673642683,-0.29600882390570216,0,Sample 1,Cell type 1
1173,3.622695976100153,0.5583226180312221,1,Sample 1,Cell type 2
1174,-2.5200215669961152,0.6542130393602297,0,Sample 1,Cell type 1
1175,2.9516847407148803,-0.8157314709536925,1,Sample 1,Cell type 2
1176,3.245753251408308,-0.18924422977515684,1,Sample 1,Cell type 2
1177,1.2569929871871484,0.654311726420023,1,Sample 1,Cell type 2
1178,-2.7200413577213154,-1.841536931788468,0,Sample 1,Cell type 1
1179,0.9174198005001517,0.03754792164829571,1,Sample 1,Cell type 2
1180,3.027396534745924,0.7500561101012467,1,Sample 1,Cell type 2
1181,-1.2981143583231773,0.059275824335820154,0,Sample 1,Cell type 1
1182,1.2139521085048206,-0.6101798228529715,1,Sample 1,Cell type 2
1183,1.9226099573301973,0.1414566977115184,1,Sample 1,Cell type 2
1184,-1.9940738087555832,0.778043559701384,0,Sample 1,Cell type 1
1185,1.9327832338956075,1.5626073100212547,1,Sample 1,Cell type 2
1186,2.768915970420983,-0.18198100796272623,1,Sample 1,Cell type 2
1187,-1.2076994484244465,-0.2578563753690719,0,Sample 1,Cell type 1
1188,0.8395295927371733,-0.06885575423271445,1,Sample 1,Cell type 2
1189,2.6481404294639312,0.34035589134733785,1,Sample 1,Cell type 2
1190,-2.452295704063861,-0.5175494221644591,0,Sample 1,Cell type 1
1191,-3.4360904208474876,-1.4415843500640158,0,Sample 1,Cell type 1
1192,2.7592456225772484,-0.9181531118525339,1,Sample 1,Cell type 2
1193,3.383101874653006,0.3801341971963053,1,Sample 1,Cell type 2
1194,-3.226419260416969,-1.1298429610682332,0,Sample 1,Cell type 1
1195,4.018213613396782,-0.7583141738151891,1,Sample 1,Cell type 2
1196,-2.9429194442777455,-0.9583023140710788,0,Sample 1,Cell type 1
1197,0.5093381172696083,-0.5265987298670787,1,Sample 1,Cell type 2
1198,-3.202386069405249,-0.661504283231888,0,Sample 1,Cell type 1
1199,-4.499524571898858,1.8327540580725934,0,Sample 1,Cell type 1
1200,3.365413382138263,-1.049775354745125,1,Sample 1,Cell type 2
1201,2.9689326403142267,-0.32993105457318433,1,Sample 1,Cell type 2
1202,-3.2735809145033703,-0.03816908491358389,0,Sample 1,Cell type 1
1203,-3.5087071634680362,0.7342895576438209,0,Sample 1,Cell type 1
1204,3.445512874367969,0.3847264741991163,1,Sample 1,Cell type 2
1205,2.820385109205063,0.10485214897267899,1,Sample 1,Cell type 2
1206,3.4272592519647183,-0.2690037909448576,1,Sample 1,Cell type 2
1207,1.8600475946384525,-1.5264017096986462,1,Sample 1,Cell type 2
1208,3.038288988773456,0.47345130699310245,1,Sample 1,Cell type 2
1209,-2.2681801144828695,1.6603206389163512,0,Sample 1,Cell type 1
1210,0.1744094245426866,-0.2998576452974449,1,Sample 1,Cell type 2
1211,2.679471725422466,0.7232140438090515,1,Sample 1,Cell type 2
1212,3.0542846046542493,0.587710036367464,1,Sample 1,Cell type 2
1213,-3.4500787352236104,0.24785656818162202,0,Sample 1,Cell type 1
1214,3.460063165141489,-0.39352195800496415,1,Sample 1,Cell type 2
1215,-3.460237125644621,-0.2676009886727587,0,Sample 1,Cell type 1
1216,-3.626009355774257,-0.6222533500727003,0,Sample 1,Cell type 1
1217,2.0966561351938626,-0.06521813848131672,1,Sample 1,Cell type 2
1218,3.372689336482958,-0.37035160962020663,1,Sample 1,Cell type 2
1219,-2.4609119437394367,0.032473352963105905,0,Sample 1,Cell type 1
1220,1.6931562527390334,-1.5701005533380634,1,Sample 1,Cell type 2
1221,1.5087143394768794,-1.174020212601952,1,Sample 1,Cell type 2
1222,2.3979607036979727,1.208923944197878,1,Sample 1,Cell type 2
1223,-3.4567064496281477,0.3556821345761126,0,Sample 1,Cell type 1
1224,-1.9092267360036717,0.1370946249519764,0,Sample 1,Cell type 1
1225,-1.7374999636991306,0.4104683360778344,0,Sample 1,Cell type 1
1226,2.446257367960516,-0.5726079912886014,1,Sample 1,Cell type 2
1227,-2.328725004695837,-0.9965910229695905,0,Sample 1,Cell type 1
1228,-2.999854862156543,0.02087284016866703,0,Sample 1,Cell type 1
1229,-3.1713740185781107,-0.24736990068097167,0,Sample 1,Cell type 1
1230,-3.292429060104551,-0.45303818368221754,0,Sample 1,Cell type 1
1231,1.7434031514425752,0.4865969533479748,1,Sample 1,Cell type 2
1232,1.9735068087397947,-0.24298082302133173,1,Sample 1,Cell type 2
1233,-2.7473672616398908,-0.6017251244724666,0,Sample 1,Cell type 1
1234,2.6253549825972198,0.8188245153482758,1,Sample 1,Cell type 2
1235,2.517972714249637,0.437695292140168,1,Sample 1,Cell type 2
1236,-2.514810508793912,-0.23092691113611066,0,Sample 1,Cell type 1
1237,3.3481679259991037,2.207728031128862,1,Sample 1,Cell type 2
1238,-3.373850211738063,-0.25312675975584153,0,Sample 1,Cell type 1
1239,2.847816051645513,0.3803445460212988,1,Sample 1,Cell type 2
1240,-2.239093582206306,-1.0008908611082423,0,Sample 1,Cell type 1
1241,3.0590627361620277,0.33677835551151186,1,Sample 1,Cell type 2
1242,-2.918178416415232,0.8392073806695115,0,Sample 1,Cell type 1
1243,2.438045231419205,-0.9562350108793958,1,Sample 1,Cell type 2
1244,-1.4778680833692601,-0.47325711106866397,0,Sample 1,Cell type 1
1245,-2.2067214031225215,-0.7519038290618842,0,Sample 1,Cell type 1
1246,3.489950507747311,-0.36584132406943204,1,Sample 1,Cell type 2
1247,-2.514967005156718,-0.3108147624711087,0,Sample 1,Cell type 1
1248,-3.5242435189367156,0.6979658626241158,0,Sample 1,Cell type 1
1249,1.8225192270997082,0.9996951242373333,1,Sample 1,Cell type 2
1250,-1.7669378602380148,0.27719078071839415,0,Sample 1,Cell type 1
1251,3.3378541652971587,0.9356719939422189,1,Sample 1,Cell type 2
1252,-2.551310677274394,0.26300992824278435,0,Sample 1,Cell type 1
1253,-3.715495972763211,-0.38738725829300114,0,Sample 1,Cell type 1
1254,-2.3721148864020796,-0.8221401127407666,0,Sample 1,Cell type 1
1255,1.6282935701260892,-0.6278095265021628,1,Sample 1,Cell type 2
1256,1.2751139979554222,0.4114038048142679,1,Sample 1,Cell type 2
1257,-2.9876097617274264,-0.1495770423883568,0,Sample 1,Cell type 1
1258,-2.3202522193984914,0.746072665498472,0,Sample 1,Cell type 1
1259,-2.084522788607062,1.2261911304020623,0,Sample 1,Cell type 1
1260,1.9522961393919966,0.6325004793302149,1,Sample 1,Cell type 2
1261,-2.5122478793383967,0.4634331996808707,0,Sample 1,Cell type 1
1262,-1.760778384634479,-0.14792170915439123,0,Sample 1,Cell type 1
1263,-2.4695972174654397,0.09602506137460905,0,Sample 1,Cell type 1
1264,-3.3048139051997616,-0.9713508902301857,0,Sample 1,Cell type 1
1265,1.2862610426626566,0.6004633340174125,1,Sample 1,Cell type 2
1266,3.1864113562417162,-0.6625570183721877,1,Sample 1,Cell type 2
1267,-2.911093533869355,-0.8473708175111613,0,Sample 1,Cell type 1
1268,-2.5616813675312833,0.2729215798533151,0,Sample 1,Cell type 1
1269,-1.5731235367940766,-0.6565458546813684,0,Sample 1,Cell type 1
1270,2.218868611429014,1.2507306870656867,1,Sample 1,Cell type 2
1271,2.189840066873151,-0.3308925325037142,1,Sample 1,Cell type 2
1272,-2.2860861487424775,0.2573582449568109,0,Sample 1,Cell type 1
1273,-4.197483919206876,-0.486257589675546,0,Sample 1,Cell type 1
1274,1.5425690828589507,0.7149581515112887,1,Sample 1,Cell type 2
1275,2.6802112937980396,0.5541782040934876,1,Sample 1,Cell type 2
1276,2.2602586815945704,-0.04016369363339583,1,Sample 1,Cell type 2
1277,-1.8645882563025382,-1.0034315385353996,0,Sample 1,Cell type 1
1278,-2.521217007399248,-0.7054997209821743,0,Sample 1,Cell type 1
1279,2.1691155732626846,1.5101501258721524,1,Sample 1,Cell type 2
1280,2.9047724427646924,-0.5826177619252905,1,Sample 1,Cell type 2
1281,2.2318897750628386,0.2738702675916972,1,Sample 1,Cell type 2
1282,3.070169623089065,-1.506520166446867,1,Sample 1,Cell type 2
1283,-2.2951762125488995,0.7861527871564111,0,Sample 1,Cell type 1
1284,2.702532190430385,0.6562752100899649,1,Sample 1,Cell type 2
1285,-1.9335130586491276,0.7653618534356673,0,Sample 1,Cell type 1
1286,2.1692278711013793,0.20822440526630892,1,Sample 1,Cell type 2
1287,0.9987578351665007,0.495769156772909,1,Sample 1,Cell type 2
1288,-1.68074997935083,0.4740215593609465,0,Sample 1,Cell type 1
1289,1.006768038911507,0.8060109518695378,1,Sample 1,Cell type 2
1290,2.47310994823703,0.36379272971290755,1,Sample 1,Cell type 2
1291,-2.5561325691669174,-1.3287687468127931,0,Sample 1,Cell type 1
1292,-2.069363136760294,0.8580058698478418,0,Sample 1,Cell type 1
1293,1.9737323569182903,0.6836201816532926,1,Sample 1,Cell type 2
1294,-2.9471374778172708,0.30176950005161673,0,Sample 1,Cell type 1
1295,3.0372249373832427,1.2224250875102662,1,Sample 1,Cell type 2
1296,-0.4784540593011024,-0.42469501833625656,0,Sample 1,Cell type 1
1297,-1.5809874397023171,-1.3917710230224798,0,Sample 1,Cell type 1
1298,3.393467020423963,0.14913293579523706,1,Sample 1,Cell type 2
1299,-1.646660248328677,0.9354364723565383,0,Sample 1,Cell type 1
1300,1.3608342780398839,-0.21332186338753184,1,Sample 1,Cell type 2
1301,4.118884975383711,0.005439875647998215,1,Sample 1,Cell type 2
1302,2.865824323692193,1.1646578577174134,1,Sample 1,Cell type 2
1303,2.430051736978255,0.438655702043599,1,Sample 1,Cell type 2
1304,-2.1944516382147574,0.3440333177528557,0,Sample 1,Cell type 1
1305,-3.154576546586778,1.6739098205483682,0,Sample 1,Cell type 1
1306,3.0330500007273695,0.37007303428316096,1,Sample 1,Cell type 2
1307,-2.3207260145516666,0.010073920625435889,0,Sample 1,Cell type 1
1308,-2.463542528076949,-0.5212802780846537,0,Sample 1,Cell type 1
1309,-1.5262731833396028,1.2170528415379611,0,Sample 1,Cell type 1
1310,-2.6381018399526557,0.706927949989338,0,Sample 1,Cell type 1
1311,-1.4681977967338036,0.5385450810159668,0,Sample 1,Cell type 1
1312,-2.1806215019157764,0.5177567517621928,0,Sample 1,Cell type 1
1313,2.410792938285645,-0.6439731846820487,1,Sample 1,Cell type 2
1314,-2.876830644494658,0.18563994988610905,0,Sample 1,Cell type 1
1315,-2.3463607068079746,-0.24729317136200113,0,Sample 1,Cell type 1
1316,-2.4265913787715983,-1.5900551316807143,0,Sample 1,Cell type 1
1317,1.554500699663359,0.35957913026584554,1,Sample 1,Cell type 2
1318,2.982475747959067,-0.6804282229976352,1,Sample 1,Cell type 2
1319,-1.6313709400485221,0.07838652277671636,0,Sample 1,Cell type 1
1320,0.9196097830262899,0.6008795636058482,1,Sample 1,Cell type 2
1321,2.4575034775859637,0.978855105934902,1,Sample 1,Cell type 2
1322,-2.502882031272455,-0.9266917513540343,0,Sample 1,Cell type 1
1323,-1.9063237023925543,0.23943406432519354,0,Sample 1,Cell type 1
1324,2.8714958908372594,-0.4404415453667902,1,Sample 1,Cell type 2
1325,-1.842351872004408,1.517434386123158,0,Sample 1,Cell type 1
1326,2.7062020321142004,-0.9934084603852995,1,Sample 1,Cell type 2
1327,-2.1563054246939313,0.16615014973048892,0,Sample 1,Cell type 1
1328,-2.891551554014578,0.8353287016552576,0,Sample 1,Cell type 1
1329,-3.288580837068435,0.40323721241427557,0,Sample 1,Cell type 1
1330,-1.8275039787963574,0.4373868545611035,0,Sample 1,Cell type 1
1331,-2.914089039228937,0.17903036131111882,0,Sample 1,Cell type 1
1332,2.849390841386808,0.3234358039693581,1,Sample 1,Cell type 2
1333,-3.5357451805767246,0.9286614299028155,0,Sample 1,Cell type 1
1334,1.5773340774354039,-1.3498754776885684,1,Sample 1,Cell type 2
1335,-3.157776316453145,0.19494976919352985,0,Sample 1,Cell type 1
1336,1.87584069670603,1.0644599232312322,1,Sample 1,Cell type 2
1337,-3.740530744852906,0.05485037984482186,0,Sample 1,Cell type 1
1338,3.2682438370251763,0.36998689925348327,1,Sample 1,Cell type 2
1339,-3.4359334685682303,-2.2978097706253195,0,Sample 1,Cell type 1
1340,-4.165543526306978,1.3571650946320306,0,Sample 1,Cell type 1
1341,4.145234851863633,-0.9047107482607326,1,Sample 1,Cell type 2
1342,1.6691649433248221,-1.3050206523687564,1,Sample 1,Cell type 2
1343,-2.6707542967441666,1.1925809094799618,0,Sample 1,Cell type 1
1344,3.056430206052622,0.6792816885945152,1,Sample 1,Cell type 2
1345,-2.03064495881978,-0.3799229252980196,0,Sample 1,Cell type 1
1346,-2.857857516527001,1.0248130893880905,0,Sample 1,Cell type 1
1347,2.220448538226435,-0.6180549990049926,1,Sample 1,Cell type 2
1348,3.282737689622428,0.4177140367471487,1,Sample 1,Cell type 2
1349,-1.0226904031618673,-0.8560678130609221,0,Sample 1,Cell type 1
1350,-2.0448135366517795,1.3027172985028306,0,Sample 1,Cell type 1
1351,3.5253150360030148,0.4461528485800996,1,Sample 1,Cell type 2
1352,-2.886194817745626,-0.7626628866069699,0,Sample 1,Cell type 1
1353,-2.1151926146106295,0.1791072194233051,0,Sample 1,Cell type 1
1354,3.904380558652392,1.2584157801718852,1,Sample 1,Cell type 2
1355,2.8264422774694045,0.4406380578189306,1,Sample 1,Cell type 2
1356,-3.342945935317083,-0.8542423372633545,0,Sample 1,Cell type 1
1357,1.2608315799572198,0.2063807849769447,1,Sample 1,Cell type 2
1358,-4.657509314353257,-0.04343589321424977,0,Sample 1,Cell type 1
1359,-2.0992662499004955,-0.7820441958388409,0,Sample 1,Cell type 1
1360,-3.4551400051192442,0.11435447581096542,0,Sample 1,Cell type 1
1361,-1.9021651159013904,0.4882962123467719,0,Sample 1,Cell type 1
1362,-2.5375364631033475,0.3816326617784972,0,Sample 1,Cell type 1
1363,3.819584715459137,0.856488447983349,1,Sample 1,Cell type 2
1364,1.776308500004987,0.9382054762139559,1,Sample 1,Cell type 2
1365,-1.8116212093122037,-0.4664619508551508,0,Sample 1,Cell type 1
1366,1.4756355431980266,0.15158385697686452,1,Sample 1,Cell type 2
1367,2.5099994575258004,2.2947224445334147,1,Sample 1,Cell type 2
1368,2.3593164764543433,1.3291761325824147,1,Sample 1,Cell type 2
1369,-2.3208686927482707,1.0913123439790755,0,Sample 1,Cell type 1
1370,1.419140507033583,-1.0579663653948561,1,Sample 1,Cell type 2
1371,2.8662182929215088,1.33959394667803,1,Sample 1,Cell type 2
1372,1.9901538023769643,0.36670936284118744,1,Sample 1,Cell type 2
1373,3.377175387048707,-0.50054182999697,1,Sample 1,Cell type 2
1374,-1.3878339607861492,0.4462482450814898,0,Sample 1,Cell type 1
1375,-1.3230637380051131,-0.1674589417214929,0,Sample 1,Cell type 1
1376,0.9239169458305314,0.7140778706394474,1,Sample 1,Cell type 2
1377,-2.5262026161727986,-0.434739816907012,0,Sample 1,Cell type 1
1378,1.5382803791391289,-0.3165445694050111,1,Sample 1,Cell type 2
1379,-3.4895605687024656,-1.056365290467421,0,Sample 1,Cell type 1
1380,-3.2719387684640835,0.5488411679987515,0,Sample 1,Cell type 1
1381,-2.0091856218156665,-0.8182340521587245,0,Sample 1,Cell type 1
1382,3.0036236673774486,-0.643452607727994,1,Sample 1,Cell type 2
1383,-1.0208351240437237,0.901252023638206,0,Sample 1,Cell type 1
1384,2.6778318846406832,1.0230926506507145,1,Sample 1,Cell type 2
1385,-2.6525459206106774,0.1739462985437783,0,Sample 1,Cell type 1
1386,-2.527747909909425,0.1873717860292166,0,Sample 1,Cell type 1
1387,2.0145078577142597,0.36614926884284166,1,Sample 1,Cell type 2
1388,-3.291683856206865,-0.10062953607971853,0,Sample 1,Cell type 1
1389,1.7669807195490201,1.0843542408843967,1,Sample 1,Cell type 2
1390,3.085104202059994,0.4723376490011708,1,Sample 1,Cell type 2
1391,-4.120114069326085,0.1491634518155421,0,Sample 1,Cell type 1
1392,3.3974862849843768,1.8560325776138076,1,Sample 1,Cell type 2
1393,1.2312133502096332,-1.5039395081112361,1,Sample 1,Cell type 2
1394,-2.260997673307451,-0.6014328400761475,0,Sample 1,Cell type 1
1395,-3.309683500208134,-1.3238853374926156,0,Sample 1,Cell type 1
1396,-2.7151109524438644,-0.8852207269933363,0,Sample 1,Cell type 1
1397,2.150588610209426,-1.2852616805909436,1,Sample 1,Cell type 2
1398,-2.510797779790347,-0.8461687431647203,0,Sample 1,Cell type 1
1399,-2.0960101768156343,0.6926041553360972,0,Sample 1,Cell type 1
1400,2.7218867695717406,-0.017823183346970653,1,Sample 1,Cell type 2
1401,1.8325415636067341,0.6112238252582877,1,Sample 1,Cell type 2
1402,-1.543962696860126,-1.2185495238270199,0,Sample 1,Cell type 1
1403,-1.8928571281705877,0.22495313917550064,0,Sample 1,Cell type 1
1404,-1.5347928267933146,-0.6535485367897889,0,Sample 1,Cell type 1
1405,3.2822524397489605,-1.6845175534722596,1,Sample 1,Cell type 2
1406,-2.714824518324666,-0.71295378033223,0,Sample 1,Cell type 1
1407,1.0648860017056876,-1.0843580024898314,1,Sample 1,Cell type 2
1408,1.6598874083182835,0.6059961194699884,1,Sample 1,Cell type 2
1409,-2.8410860769644346,0.9187565673574039,0,Sample 1,Cell type 1
1410,-2.515212966322151,-0.8020234917102471,0,Sample 1,Cell type 1
1411,-2.7020545211145284,-0.9982265455718796,0,Sample 1,Cell type 1
1412,2.683259750564562,0.8594544101724492,1,Sample 1,Cell type 2
1413,3.023980467377352,0.6486389164733679,1,Sample 1,Cell type 2
1414,2.809058654249248,-0.16357697678889724,1,Sample 1,Cell type 2
1415,3.1711524003756897,-0.4938025492375386,1,Sample 1,Cell type 2
1416,-2.1026286775910137,-0.11061144093694773,0,Sample 1,Cell type 1
1417,-2.715525467555646,0.5740338046367699,0,Sample 1,Cell type 1
1418,1.908502874032771,0.9535194675308584,1,Sample 1,Cell type 2
1419,1.4017124388151487,0.28118392028176137,1,Sample 1,Cell type 2
1420,2.1363618250052445,-0.1749226219480288,1,Sample 1,Cell type 2
1421,1.7274681571814337,1.3033330919207562,1,Sample 1,Cell type 2
1422,-2.4340481976523973,-1.1660411995719444,0,Sample 1,Cell type 1
1423,-2.3222929826930296,-0.38299889733078185,0,Sample 1,Cell type 1
1424,-2.11221374616442,-0.6770853239926988,0,Sample 1,Cell type 1
1425,0.9701960196641783,-0.05490723686837489,1,Sample 1,Cell type 2
1426,1.996589285045769,1.2269821679331994,1,Sample 1,Cell type 2
1427,3.045655592050105,0.10094232292957375,1,Sample 1,Cell type 2
1428,-2.6336973710291294,0.22606396039063972,0,Sample 1,Cell type 1
1429,-2.924400918088422,-0.46065459251574403,0,Sample 1,Cell type 1
1430,3.536850449425117,-0.8857254534419614,1,Sample 1,Cell type 2
1431,0.8852097084890895,0.1160509967675053,1,Sample 1,Cell type 2
1432,-2.286359787304593,0.7117046364987497,0,Sample 1,Cell type 1
1433,1.6789046338672864,0.9840004581753201,1,Sample 1,Cell type 2
1434,-2.439356353445019,-0.5417293692096894,0,Sample 1,Cell type 1
1435,1.423303261221428,-0.6554062877771982,1,Sample 1,Cell type 2
1436,-1.4556169542765367,0.01680307330620724,0,Sample 1,Cell type 1
1437,3.68154754089462,-0.9342236410143481,1,Sample 1,Cell type 2
1438,-3.081709740659895,-0.1980149084412038,0,Sample 1,Cell type 1
1439,1.9461997365872827,-1.5751385139328666,1,Sample 1,Cell type 2
1440,-1.917896365090416,0.041556708645839546,0,Sample 1,Cell type 1
1441,3.83876167223883,1.0723688414322783,1,Sample 1,Cell type 2
1442,2.5150552397924786,-0.9373234778540495,1,Sample 1,Cell type 2
1443,2.8033224949808995,0.9841777405206301,1,Sample 1,Cell type 2
1444,-1.2972813585862795,0.7018898324605372,0,Sample 1,Cell type 1
1445,-3.335847355216827,-1.5730852715008015,0,Sample 1,Cell type 1
1446,-2.052167641655168,0.8646245804436975,0,Sample 1,Cell type 1
1447,-2.0817316095716003,-0.4589600031508632,0,Sample 1,Cell type 1
1448,2.484591696212484,-0.21031266336661414,1,Sample 1,Cell type 2
1449,3.205126023138857,0.5769082900364654,1,Sample 1,Cell type 2
1450,-1.8652090235582297,-1.3988255785905448,0,Sample 1,Cell type 1
1451,2.375281457650666,-0.4386298371924808,1,Sample 1,Cell type 2
1452,-2.563713112996572,0.36189743699978716,0,Sample 1,Cell type 1
1453,3.1257040012251673,-0.6327195053340425,1,Sample 1,Cell type 2
1454,1.499673812824226,0.48361226108429345,1,Sample 1,Cell type 2
1455,-1.6007098240111892,0.7580211696982864,0,Sample 1,Cell type 1
1456,-2.9369955586019865,0.3134432043220372,0,Sample 1,Cell type 1
1457,3.835255620661065,-0.7540464046335011,1,Sample 1,Cell type 2
1458,2.801127620878013,-0.7216412434860083,1,Sample 1,Cell type 2
1459,2.4018328531234205,0.07469789942132099,1,Sample 1,Cell type 2
1460,2.498076927264917,-0.471417321431445,1,Sample 1,Cell type 2
1461,-3.703776299224802,0.6080447709516821,0,Sample 1,Cell type 1
1462,-3.602135494365673,-0.7502600319320982,0,Sample 1,Cell type 1
1463,-3.940846187322191,-0.4341390397872174,0,Sample 1,Cell type 1
1464,2.1743709496585755,0.5490547655653607,1,Sample 1,Cell type 2
1465,-2.1053456792952887,0.14786889895589914,0,Sample 1,Cell type 1
1466,2.631808672989213,0.040710161484814454,1,Sample 1,Cell type 2
1467,2.7820039746855034,-0.45628109313094445,1,Sample 1,Cell type 2
1468,2.6872195634825182,-0.1988228944595595,1,Sample 1,Cell type 2
1469,2.6563853852426327,-0.07907616099144485,1,Sample 1,Cell type 2
1470,-1.5093735428530914,0.01701726138884932,0,Sample 1,Cell type 1
1471,3.1054309439895857,0.48997503521088187,1,Sample 1,Cell type 2
1472,1.9868104727645521,0.3902978278968592,1,Sample 1,Cell type 2
1473,3.266708655873634,0.041328781480863844,1,Sample 1,Cell type 2
1474,3.046663194248856,-0.16745105566348928,1,Sample 1,Cell type 2
1475,-3.1620721765189757,0.0689151064370998,0,Sample 1,Cell type 1
1476,-1.2595996057487384,-0.7986832325910328,0,Sample 1,Cell type 1
1477,3.8147025246436272,0.28851831314863596,1,Sample 1,Cell type 2
1478,-1.8314463103478866,-0.9037654837260946,0,Sample 1,Cell type 1
1479,3.67134179100195,0.7974870187726464,1,Sample 1,Cell type 2
1480,-3.6188540590553133,0.4503753893524567,0,Sample 1,Cell type 1
1481,2.5670613023434887,1.1283673161628032,1,Sample 1,Cell type 2
1482,3.0004064134648285,0.7081851863911929,1,Sample 1,Cell type 2
1483,-2.3931672761741742,-0.12197586910443513,0,Sample 1,Cell type 1
1484,-1.2590784195819815,0.09253970743428694,0,Sample 1,Cell type 1
1485,2.1818562451083165,-0.9472244465780476,1,Sample 1,Cell type 2
1486,-2.692260318526508,-0.29985664603967804,0,Sample 1,Cell type 1
1487,-4.39034594843347,-0.80778456376795,0,Sample 1,Cell type 1
1488,-2.5204432567931563,0.9381832154074918,0,Sample 1,Cell type 1
1489,1.8893711166571348,0.030350268358081623,1,Sample 1,Cell type 2
1490,-1.3058491448323826,-0.21689888083405504,0,Sample 1,Cell type 1
1491,-2.1802496385978865,-0.5210855150334632,0,Sample 1,Cell type 1
1492,2.3445846944171844,-0.6046332001266904,1,Sample 1,Cell type 2
1493,2.5056505269025413,-0.5282569115787576,1,Sample 1,Cell type 2
1494,-3.4207948619378423,0.3005584146765376,0,Sample 1,Cell type 1
1495,3.869632227214314,-1.3981092078626094,1,Sample 1,Cell type 2
1496,2.767341133795918,-0.12420723905979901,1,Sample 1,Cell type 2
1497,-3.996633536820685,-0.28121078723304693,0,Sample 1,Cell type 1
1498,-2.0475922834947644,-1.4086102073246543,0,Sample 1,Cell type 1
1499,-3.2187317370786865,0.3935353372052046,0,Sample 1,Cell type 1
1500,-3.3540963435060753,-0.1139035880170348,0,Sample 1,Cell type 1
1501,2.4608822532207157,-1.12415187744286,1,Sample 1,Cell type 2
1502,3.3710157233733375,-0.3010405799399969,1,Sample 1,Cell type 2
1503,-2.2686650848737457,1.9642401119287154,0,Sample 1,Cell type 1
1504,2.2495535755814764,-0.0005668756613167338,1,Sample 1,Cell type 2
1505,-2.7977654208568423,0.8709988957633489,0,Sample 1,Cell type 1
1506,-2.5661445486741594,-0.09739800670662684,0,Sample 1,Cell type 1
1507,2.169601742285253,-0.7413586470778486,1,Sample 1,Cell type 2
1508,2.9347835029360745,0.1598483469749708,1,Sample 1,Cell type 2
1509,-2.3668382334295552,0.3939610112065193,0,Sample 1,Cell type 1
1510,-2.8134065192350577,-0.7379281475988021,0,Sample 1,Cell type 1
1511,2.059570520406733,-0.976569940731327,1,Sample 1,Cell type 2
1512,-1.992978495254321,0.3310392779611986,0,Sample 1,Cell type 1
1513,-3.3770200695161616,-1.1520407060754356,0,Sample 1,Cell type 1
1514,-1.224395949420022,-0.6775690786546623,0,Sample 1,Cell type 1
1515,3.7918230325678812,-0.25762252359364674,1,Sample 1,Cell type 2
1516,3.2831116468454233,-1.0973945034108046,1,Sample 1,Cell type 2
1517,2.035481357956839,-0.4891081979109026,1,Sample 1,Cell type 2
1518,2.5004223670852777,0.4809653991432919,1,Sample 1,Cell type 2
1519,3.2964652112016237,1.3625380879344302,1,Sample 1,Cell type 2
1520,-2.126856014053179,-0.028513185837986857,0,Sample 1,Cell type 1
1521,-2.4554200701690445,0.8753532147767589,0,Sample 1,Cell type 1
1522,1.643318065052449,1.5291352697117788,1,Sample 1,Cell type 2
1523,-1.7031618513553468,-0.6054360708555686,0,Sample 1,Cell type 1
1524,3.455287522437898,-0.7849324249117453,1,Sample 1,Cell type 2
1525,-1.783845423977814,0.5081374413455756,0,Sample 1,Cell type 1
1526,-0.8514016600944103,1.4042726739545637,0,Sample 1,Cell type 1
1527,-2.2030833013029527,-0.4831881493726565,0,Sample 1,Cell type 1
1528,1.6866534971388023,-0.19526437893936105,1,Sample 1,Cell type 2
1529,-3.0211344028915588,-0.38710866724345727,0,Sample 1,Cell type 1
1530,-3.3002650596844596,-0.5421959764198813,0,Sample 1,Cell type 1
1531,-3.775542127035494,-0.4795000183630183,0,Sample 1,Cell type 1
1532,2.988172935671378,0.12557836877474737,1,Sample 1,Cell type 2
1533,-2.0027424881151594,-0.2956882688349072,0,Sample 1,Cell type 1
1534,-2.0858727836247013,-0.5805950505227725,0,Sample 1,Cell type 1
1535,2.1351033380206497,0.1451412960911771,1,Sample 1,Cell type 2
1536,1.466189843915505,0.5517662441961555,1,Sample 1,Cell type 2
1537,1.5374393156886845,-0.8336355297944824,1,Sample 1,Cell type 2
1538,3.314129173474802,0.2171962486605184,1,Sample 1,Cell type 2
1539,-3.1182601716300575,-0.1894548853920071,0,Sample 1,Cell type 1
1540,-2.5218436316079456,-0.7466143672585569,0,Sample 1,Cell type 1
1541,2.5784540316311557,1.0366974254904116,1,Sample 1,Cell type 2
1542,2.647768379824867,0.7503324300085241,1,Sample 1,Cell type 2
1543,-2.2188414339667335,0.8561201906531419,0,Sample 1,Cell type 1
1544,2.8604827302900313,-1.4958530716257314,1,Sample 1,Cell type 2
1545,2.387699952875731,0.24609013455135714,1,Sample 1,Cell type 2
1546,3.046855458560382,-1.0927645689604275,1,Sample 1,Cell type 2
1547,2.468554169897895,-0.10759742752138618,1,Sample 1,Cell type 2
1548,-0.8293002361754178,-0.11167170252413901,0,Sample 1,Cell type 1
1549,-3.720525051656076,1.0100672827417456,0,Sample 1,Cell type 1
1550,2.956490397775625,0.7745477284262889,1,Sample 1,Cell type 2
1551,-1.5657743506721542,0.2035366746409705,0,Sample 1,Cell type 1
1552,2.2700419844797155,0.22986312352240745,1,Sample 1,Cell type 2
1553,2.276893284679395,0.6761263769474573,1,Sample 1,Cell type 2
1554,1.7080337659583888,-0.028006088004988723,1,Sample 1,Cell type 2
1555,3.220318870716051,0.36098025545480655,1,Sample 1,Cell type 2
1556,3.9660456347833613,0.6513214096946133,1,Sample 1,Cell type 2
1557,3.449387696141865,1.1490683245647828,1,Sample 1,Cell type 2
1558,1.6108336344503744,0.1972038227456039,1,Sample 1,Cell type 2
1559,1.7053130403344394,-0.8127030615919827,1,Sample 1,Cell type 2
1560,-2.0689952060429047,-0.7365388744634931,0,Sample 1,Cell type 1
1561,1.3512723809051779,-1.0526526531420057,1,Sample 1,Cell type 2
1562,-2.674144962581776,0.8790214815897521,0,Sample 1,Cell type 1
1563,3.499603920564927,-1.0662219179837198,1,Sample 1,Cell type 2
1564,-1.4586069684809615,1.2492089573814822,0,Sample 1,Cell type 1
1565,-2.3975164680713688,-0.5448413259799046,0,Sample 1,Cell type 1
1566,-1.933428461394754,0.18657290501080134,0,Sample 1,Cell type 1
1567,2.976023572668452,-0.445938442486657,1,Sample 1,Cell type 2
1568,-2.055516427197241,0.07166454500419905,0,Sample 1,Cell type 1
1569,2.7939853323794437,-0.2508237489379183,1,Sample 1,Cell type 2
1570,-3.453042797762119,0.5252428869070638,0,Sample 1,Cell type 1
1571,-0.8022750423898932,0.8259722084409176,0,Sample 1,Cell type 1
1572,-3.35671399844889,0.38597793219454823,0,Sample 1,Cell type 1
1573,2.259312202287339,-0.9675815483350443,1,Sample 1,Cell type 2
1574,2.4010138559201946,0.3662444879406278,1,Sample 1,Cell type 2
1575,2.1566044637610706,0.4708426158165758,1,Sample 1,Cell type 2
1576,-2.6281062364533123,0.5370720611603725,0,Sample 1,Cell type 1
1577,-3.0300990071566773,0.4564789348745275,0,Sample 1,Cell type 1
1578,-3.177434974454724,-1.2118777797486917,0,Sample 1,Cell type 1
1579,2.7245091235921093,1.406896387356107,1,Sample 1,Cell type 2
1580,2.7798400196543263,-0.8032436774736083,1,Sample 1,Cell type 2
1581,1.510058689421942,0.08752677746637605,1,Sample 1,Cell type 2
1582,3.5236149358081272,-1.7734550714832515,1,Sample 1,Cell type 2
1583,-1.8436142550421089,0.4058192248858382,0,Sample 1,Cell type 1
1584,-3.038792499395095,0.22319532977904158,0,Sample 1,Cell type 1
1585,3.145698077309848,-0.7788369597635749,1,Sample 1,Cell type 2
1586,2.637471471834825,0.44260097598782694,1,Sample 1,Cell type 2
1587,2.033120538923196,0.8307030808154533,1,Sample 1,Cell type 2
1588,-2.9714918055553694,0.6796816776168197,0,Sample 1,Cell type 1
1589,3.2121587288998295,0.8281994677790021,1,Sample 1,Cell type 2
1590,1.6739808771779683,0.3183416399574472,1,Sample 1,Cell type 2
1591,2.0168154992246166,-0.18363892428827766,1,Sample 1,Cell type 2
1592,2.309511650950357,0.0368021978026193,1,Sample 1,Cell type 2
1593,-2.2258197228978367,0.36540257532302717,0,Sample 1,Cell type 1
1594,2.5628616237753197,-1.7029872755318498,1,Sample 1,Cell type 2
1595,2.8985773987974284,0.9121192308170132,1,Sample 1,Cell type 2
1596,-3.12660263386899,-0.25764921296454046,0,Sample 1,Cell type 1
1597,2.628391699178784,1.7700248315177938,1,Sample 1,Cell type 2
1598,-2.263103778348339,0.2088442177439115,0,Sample 1,Cell type 1
1599,1.7795034122817048,0.5107135404867064,1,Sample 1,Cell type 2
1600,-2.6963104928022963,-0.6029889314859918,0,Sample 1,Cell type 1
1601,3.0758063537185456,-1.034618366296931,1,Sample 1,Cell type 2
1602,-1.1880283765028856,0.5937019928575138,0,Sample 1,Cell type 1
1603,-3.0615933502454045,-0.5303207340407585,0,Sample 1,Cell type 1
1604,2.4811582793006095,-0.1394834063222687,1,Sample 1,Cell type 2
1605,-2.1958417191952293,0.4884685962270585,0,Sample 1,Cell type 1
1606,1.9256648874019184,-0.18441970014420067,1,Sample 1,Cell type 2
1607,-1.9576593029285847,-0.39032912651656215,0,Sample 1,Cell type 1
1608,2.192822982438119,0.20016016500135558,1,Sample 1,Cell type 2
1609,3.2008374340238355,1.1781365406007855,1,Sample 1,Cell type 2
1610,3.21628434461008,-0.5052621833322651,1,Sample 1,Cell type 2
1611,1.045616619690276,0.6077698363873347,1,Sample 1,Cell type 2
1612,-1.8328622763608768,0.3673440633827494,0,Sample 1,Cell type 1
1613,-2.3471207455840775,0.03714923852491905,0,Sample 1,Cell type 1
1614,-0.9282198936668884,0.028210841577382892,0,Sample 1,Cell type 1
1615,3.947445079786488,-0.1744367163138991,1,Sample 1,Cell type 2
1616,-1.317684764206787,-0.4146161746189179,0,Sample 1,Cell type 1
1617,-3.0013737796719724,0.689914777906207,0,Sample 1,Cell type 1
1618,-2.6811831135212216,0.2938924054529425,0,Sample 1,Cell type 1
1619,-2.2939596874217885,-0.059556732612933774,0,Sample 1,Cell type 1
1620,-2.6847476241669423,0.5569650918507347,0,Sample 1,Cell type 1
1621,1.7857699876064927,0.41089157138487703,1,Sample 1,Cell type 2
1622,2.75396260900014,-0.266288323506009,1,Sample 1,Cell type 2
1623,-1.7145876104067246,-0.25986510680689795,0,Sample 1,Cell type 1
1624,1.1193546169675226,-0.5420517218685241,1,Sample 1,Cell type 2
1625,-1.363596601608116,-0.45659703499958104,0,Sample 1,Cell type 1
1626,3.180718369734378,-0.10989743071951733,1,Sample 1,Cell type 2
1627,2.203593521127977,-1.1244536153429137,1,Sample 1,Cell type 2
1628,-2.9318077442474895,-0.6226437803218502,0,Sample 1,Cell type 1
1629,-2.3329091239961954,-1.5677360991038205,0,Sample 1,Cell type 1
1630,-0.849980064605484,-0.8540263314034183,0,Sample 1,Cell type 1
1631,3.085993682223842,0.23097893026001862,1,Sample 1,Cell type 2
1632,-1.86004647844636,-1.2930484867492704,0,Sample 1,Cell type 1
1633,-1.712542081218733,-0.17119107538040718,0,Sample 1,Cell type 1
1634,-1.3777645512511205,-1.1214808502338247,0,Sample 1,Cell type 1
1635,-1.9307080975288882,-0.8997136734702954,0,Sample 1,Cell type 1
1636,2.0613849640599384,0.6666671294242458,1,Sample 1,Cell type 2
1637,-2.9238081630136312,0.4106139464906849,0,Sample 1,Cell type 1
1638,-1.23634228341543,-0.41828802172261464,0,Sample 1,Cell type 1
1639,-2.8475969819458524,-0.24733769877491152,0,Sample 1,Cell type 1
1640,-3.0702766261417316,0.08514418215351748,0,Sample 1,Cell type 1
1641,-2.528660831287961,1.2517149246512052,0,Sample 1,Cell type 1
1642,3.0083344241673813,-0.9914067158827781,1,Sample 1,Cell type 2
1643,2.900532577104968,0.039818949744768066,1,Sample 1,Cell type 2
1644,-1.7374906928694038,0.22969933216145938,0,Sample 1,Cell type 1
1645,-2.000704146358276,0.5026764074114239,0,Sample 1,Cell type 1
1646,-2.940244123076336,-0.5372986943504413,0,Sample 1,Cell type 1
1647,2.5827505034464853,1.6336608321149955,1,Sample 1,Cell type 2
1648,-3.163196008737658,-0.44814483215757567,0,Sample 1,Cell type 1
1649,-3.7272913365884976,1.0221414575188073,0,Sample 1,Cell type 1
1650,2.1239662817923985,0.2127025837216388,1,Sample 1,Cell type 2
1651,1.5034260988428922,0.043947288799878984,1,Sample 1,Cell type 2
1652,1.7507949001683232,-0.534223645175109,1,Sample 1,Cell type 2
1653,2.216767431247181,-0.4588814183175208,1,Sample 1,Cell type 2
1654,-3.0148145843041143,0.7422721024649898,0,Sample 1,Cell type 1
1655,1.176090051017363,-0.768037036223571,1,Sample 1,Cell type 2
1656,2.9418399501436188,0.5005047469168007,1,Sample 1,Cell type 2
1657,3.0563219796402388,-0.9128068078021907,1,Sample 1,Cell type 2
1658,-3.0148398658539697,0.823968654064929,0,Sample 1,Cell type 1
1659,-1.941421349109128,0.3147883083373997,0,Sample 1,Cell type 1
1660,-1.9428900420346276,0.7642441668564086,0,Sample 1,Cell type 1
1661,1.3891659569350312,-1.280216883602968,1,Sample 1,Cell type 2
1662,1.630203248909758,-0.8686601031081485,1,Sample 1,Cell type 2
1663,-1.961941039037815,1.5199055479161725,0,Sample 1,Cell type 1
1664,2.1102376630440585,-0.2815370542532073,1,Sample 1,Cell type 2
1665,2.7430548764839005,0.5772500041009149,1,Sample 1,Cell type 2
1666,-2.1352897823347137,1.7320018759208673,0,Sample 1,Cell type 1
1667,1.76034870849752,-1.2780793356763458,1,Sample 1,Cell type 2
1668,-3.0169818478750425,1.4202487140876097,0,Sample 1,Cell type 1
1669,2.5009643802897794,-0.6536709048545526,1,Sample 1,Cell type 2
1670,-2.565720942714055,0.8938366652705021,0,Sample 1,Cell type 1
1671,-2.6345150548678316,-0.3776724621577019,0,Sample 1,Cell type 1
1672,3.2290901777397774,0.08460303301718435,1,Sample 1,Cell type 2
1673,3.464795613237453,0.621925882211609,1,Sample 1,Cell type 2
1674,2.3884822394694125,0.5917225213797371,1,Sample 1,Cell type 2
1675,-2.6050055736738438,0.06148150636701458,0,Sample 1,Cell type 1
1676,1.0435173595611862,0.21604588671313768,1,Sample 1,Cell type 2
1677,1.1538730447018513,-0.8192228727091037,1,Sample 1,Cell type 2
1678,-0.8892902019787015,0.10922826486618996,0,Sample 1,Cell type 1
1679,3.687292822828772,0.284490679028528,1,Sample 1,Cell type 2
1680,-3.720420136739791,-0.5535264559049956,0,Sample 1,Cell type 1
1681,-3.186686224144971,0.5602479035271931,0,Sample 1,Cell type 1
1682,-3.0352581909279333,0.8319237499168612,0,Sample 1,Cell type 1
1683,2.238386145912183,-0.17076542348035062,1,Sample 1,Cell type 2
1684,2.417396191880762,-1.3145510489233339,1,Sample 1,Cell type 2
1685,-2.339120762628026,0.8405235168060896,0,Sample 1,Cell type 1
1686,2.775030305239908,-0.038921881256360924,1,Sample 1,Cell type 2
1687,3.199613659306018,-0.5198121814786137,1,Sample 1,Cell type 2
1688,-3.454909465405184,0.7353233388880013,0,Sample 1,Cell type 1
1689,3.237441201581802,0.3861503097673702,1,Sample 1,Cell type 2
1690,-3.277325387633029,-1.1036945318311444,0,Sample 1,Cell type 1
1691,-0.45193236938496417,-0.0768479197797199,0,Sample 1,Cell type 1
1692,-2.4381053538819053,-0.689027361062611,0,Sample 1,Cell type 1
1693,-1.9798390576330713,-0.07934069102350633,0,Sample 1,Cell type 1
1694,2.422701063988088,-0.3327735423578869,1,Sample 1,Cell type 2
1695,1.849588502191896,0.6586239325421643,1,Sample 1,Cell type 2
1696,2.909199660289489,1.5481232320481835,1,Sample 1,Cell type 2
1697,-3.870507623272702,1.0830978993323304,0,Sample 1,Cell type 1
1698,3.3235659852786856,0.6978523040227603,1,Sample 1,Cell type 2
1699,-2.297008270804341,0.37415453741234656,0,Sample 1,Cell type 1
1700,-2.527769415764195,-0.9349424300956257,0,Sample 1,Cell type 1
1701,-2.990230952387509,-0.31016124794878736,0,Sample 1,Cell type 1
1702,2.2434658995542467,1.4361690847298578,1,Sample 1,Cell type 2
1703,2.1169300351932767,-0.6902206112344965,1,Sample 1,Cell type 2
1704,-3.4149809658565293,0.08684776462121852,0,Sample 1,Cell type 1
1705,-2.8674887196321954,-0.6798754955718335,0,Sample 1,Cell type 1
1706,1.1884126699796527,-0.31397688484869835,1,Sample 1,Cell type 2
1707,-1.6155792536336129,0.9496242444483042,0,Sample 1,Cell type 1
1708,3.63568240361091,-0.48033885259096415,1,Sample 1,Cell type 2
1709,2.315679428635386,-0.7393865154146435,1,Sample 1,Cell type 2
1710,1.4658997222781898,-0.42573485050175164,1,Sample 1,Cell type 2
1711,-1.6143354645704218,-0.0963049311628786,0,Sample 1,Cell type 1
1712,-2.2344157355447885,0.15239974382325314,0,Sample 1,Cell type 1
1713,-1.759057961974687,1.5275333123761046,0,Sample 1,Cell type 1
1714,1.0249651332154033,-0.7122542784158975,1,Sample 1,Cell type 2
1715,-2.9287707560912386,0.6464462386249161,0,Sample 1,Cell type 1
1716,1.7289928590315111,-0.7657207319160344,1,Sample 1,Cell type 2
1717,2.6618630371382417,1.3054855192712873,1,Sample 1,Cell type 2
1718,-2.9414865167139572,2.046559428534602,0,Sample 1,Cell type 1
1719,-2.6787727858974817,-0.279453436894558,0,Sample 1,Cell type 1
1720,0.7305104709363945,1.2267469610370605,1,Sample 1,Cell type 2
1721,2.673299980323695,-0.8206021469122219,1,Sample 1,Cell type 2
1722,-3.103171671093341,-0.22454006149341926,0,Sample 1,Cell type 1
1723,2.026115235478357,0.09883815676446588,1,Sample 1,Cell type 2
1724,-2.4043357052686773,-0.7784551527052445,0,Sample 1,Cell type 1
1725,1.8042695349802444,0.9003478275318155,1,Sample 1,Cell type 2
1726,2.56076421433287,0.5941459346877779,1,Sample 1,Cell type 2
1727,-2.271307687420076,0.26756543198962,0,Sample 1,Cell type 1
1728,-3.165884458483383,0.3771324451091233,0,Sample 1,Cell type 1
1729,1.7197071781774,1.0428063455478074,1,Sample 1,Cell type 2
1730,0.8327096484011292,1.3797573198088868,1,Sample 1,Cell type 2
1731,-1.170992628361704,-0.3656770052690175,0,Sample 1,Cell type 1
1732,-2.0879618509551614,3.0821851925237773,0,Sample 1,Cell type 1
1733,-2.5501432778185373,0.7641138564009906,0,Sample 1,Cell type 1
1734,4.168837639629691,-0.8118075945486818,1,Sample 1,Cell type 2
1735,2.244121981396125,0.1214063937989923,1,Sample 1,Cell type 2
1736,3.9039464573177933,0.014721304626750503,1,Sample 1,Cell type 2
1737,-2.949734421262642,-0.16737749899562224,0,Sample 1,Cell type 1
1738,-2.4917179041252955,-1.0494689858801276,0,Sample 1,Cell type 1
1739,2.8705650336792985,-1.0937102451681966,1,Sample 1,Cell type 2
1740,-2.6384574594270958,0.012463238065174027,0,Sample 1,Cell type 1
1741,4.342911001683831,-1.1835553785117792,1,Sample 1,Cell type 2
1742,-0.840733864200021,-0.7355076732691388,0,Sample 1,Cell type 1
1743,-2.2137701117213733,0.44862762109458754,0,Sample 1,Cell type 1
1744,2.079001714786063,1.1106702225667584,1,Sample 1,Cell type 2
1745,1.7973415382562088,-0.3024063192145738,1,Sample 1,Cell type 2
1746,0.7583479628457162,0.1427813311083118,1,Sample 1,Cell type 2
1747,-1.6532604105203297,-1.4069915891384914,0,Sample 1,Cell type 1
1748,3.217652957509706,1.0199000330229777,1,Sample 1,Cell type 2
1749,-2.4018637472041635,1.2997427667756485,0,Sample 1,Cell type 1
1750,-2.3988963363628706,1.5511431992466278,0,Sample 1,Cell type 1
1751,-3.2483509616356763,0.8687856929400258,0,Sample 1,Cell type 1
1752,-1.2366297475940868,0.613947783322327,0,Sample 1,Cell type 1
1753,3.940408945208683,0.9911570823515499,1,Sample 1,Cell type 2
1754,4.2750241867585075,-0.12723616832004103,1,Sample 1,Cell type 2
1755,-1.6370553332549633,-0.03080677560056577,0,Sample 1,Cell type 1
1756,2.4172550205677727,-0.991242162021314,1,Sample 1,Cell type 2
1757,-2.5870081187654863,0.3213693776791532,0,Sample 1,Cell type 1
1758,3.3059551785561587,-1.003938134401834,1,Sample 1,Cell type 2
1759,-2.192747640848554,-0.02615579847527449,0,Sample 1,Cell type 1
1760,-2.531644123085324,0.5452005578980995,0,Sample 1,Cell type 1
1761,-2.9612083205813757,-2.072833833715928,0,Sample 1,Cell type 1
1762,3.4745557694034046,0.8458946443025801,1,Sample 1,Cell type 2
1763,-3.2806986023818663,0.8429134372862717,0,Sample 1,Cell type 1
1764,4.093242641763787,-0.6656490438798853,1,Sample 1,Cell type 2
1765,4.247277386704365,0.45640576668361277,1,Sample 1,Cell type 2
1766,-2.2760250989441437,-0.9003912378387012,0,Sample 1,Cell type 1
1767,-2.8728292014945938,-1.2757624538134364,0,Sample 1,Cell type 1
1768,2.3487036873783733,0.7373200895395675,1,Sample 1,Cell type 2
1769,2.735379303210795,-0.1875262402530576,1,Sample 1,Cell type 2
1770,3.2095099120778405,-0.33660943494484263,1,Sample 1,Cell type 2
1771,1.6170641371757046,-0.2646313794620459,1,Sample 1,Cell type 2
1772,-2.3180320523166964,1.0457142034259426,0,Sample 1,Cell type 1
1773,-2.7072337166565625,-0.15707987926798261,0,Sample 1,Cell type 1
1774,3.149117243593274,-0.9186106310020947,1,Sample 1,Cell type 2
1775,-2.6911456793357553,-0.2934595294517501,0,Sample 1,Cell type 1
1776,-3.398177617249839,0.3059277969472405,0,Sample 1,Cell type 1
1777,1.3878224598772297,0.1262091514350156,1,Sample 1,Cell type 2
1778,2.8407097649544286,0.015318221932601649,1,Sample 1,Cell type 2
1779,-3.290872885720734,-0.8828714537726168,0,Sample 1,Cell type 1
1780,-2.0220799441201134,0.5609381938487187,0,Sample 1,Cell type 1
1781,-1.676675490139485,0.3780779859304344,0,Sample 1,Cell type 1
1782,2.295056198003696,-0.19319795669662307,1,Sample 1,Cell type 2
1783,-3.142939654375785,1.311293444355254,0,Sample 1,Cell type 1
1784,-1.7288967065640723,1.768418401273081,0,Sample 1,Cell type 1
1785,2.185557794350879,0.8013054601668481,1,Sample 1,Cell type 2
1786,-2.0910379203800153,1.0989268361303661,0,Sample 1,Cell type 1
1787,-2.342783064238824,0.5672030060708099,0,Sample 1,Cell type 1
1788,-3.556186565616514,1.465167012683483,0,Sample 1,Cell type 1
1789,-3.2070859489609065,0.12298008475642233,0,Sample 1,Cell type 1
1790,1.9425825452563399,0.4656212536677815,1,Sample 1,Cell type 2
1791,-4.130499628142283,-0.8064690487339233,0,Sample 1,Cell type 1
1792,4.317947776357506,0.7112296978239137,1,Sample 1,Cell type 2
1793,2.539446665216178,0.6150717407751175,1,Sample 1,Cell type 2
1794,-2.051264441647009,-0.2363842544233283,0,Sample 1,Cell type 1
1795,-1.9781416972692643,-1.2611137255873996,0,Sample 1,Cell type 1
1796,0.9391185087691001,0.11487034920412816,1,Sample 1,Cell type 2
1797,3.4766570390504383,-0.7014190249694758,1,Sample 1,Cell type 2
1798,-3.745303338819123,0.4848079610765117,0,Sample 1,Cell type 1
1799,3.163579873545399,-0.15506091101824282,1,Sample 1,Cell type 2
1800,-2.283634539376129,-0.04019048755930957,0,Sample 1,Cell type 1
1801,-2.93593526944716,0.3193088914816567,0,Sample 1,Cell type 1
1802,2.982598000457115,0.23852677279242052,1,Sample 1,Cell type 2
1803,-2.8554346080608894,0.3018403944358818,0,Sample 1,Cell type 1
1804,2.826885846161414,-0.2462467769111073,1,Sample 1,Cell type 2
1805,-1.719841896174056,0.4008753359518762,0,Sample 1,Cell type 1
1806,-2.4806244346617934,1.1297764443323435,0,Sample 1,Cell type 1
1807,-2.3715408151601083,0.002436816122731576,0,Sample 1,Cell type 1
1808,-1.5031318460018968,-1.6587121859265197,0,Sample 1,Cell type 1
1809,1.083145157529527,0.3772339043345646,1,Sample 1,Cell type 2
1810,-3.2355393873870426,1.2399475240140316,0,Sample 1,Cell type 1
1811,2.448249115973985,0.058299278412412316,1,Sample 1,Cell type 2
1812,-1.8021434906234575,0.1466736045906814,0,Sample 1,Cell type 1
1813,-3.1183021342588875,0.3256418296996281,0,Sample 1,Cell type 1
1814,3.212306530815829,0.46016401288525305,1,Sample 1,Cell type 2
1815,-3.0884239540718132,0.98887454016835,0,Sample 1,Cell type 1
1816,-2.448420468151904,-1.5803732530830972,0,Sample 1,Cell type 1
1817,-1.6410946001121824,-0.8212122395288483,0,Sample 1,Cell type 1
1818,3.4602093997910632,-0.3705290896683192,1,Sample 1,Cell type 2
1819,-1.1971075635429664,-1.1040811665719132,0,Sample 1,Cell type 1
1820,2.2883881269515114,-1.6030898915254028,1,Sample 1,Cell type 2
1821,-3.7121528497588416,1.0934994139556198,0,Sample 1,Cell type 1
1822,2.6401691351268095,2.3882072020827283,1,Sample 1,Cell type 2
1823,-2.333293753641958,-1.6333878947394327,0,Sample 1,Cell type 1
1824,2.5203107364339283,-1.5357385249581252,1,Sample 1,Cell type 2
1825,3.6607420386233693,1.4457573149103082,1,Sample 1,Cell type 2
1826,-2.5395709677219465,0.5398555937332831,0,Sample 1,Cell type 1
1827,-1.9895591188473942,0.4006755799555656,0,Sample 1,Cell type 1
1828,-2.240732824484164,-0.30806582433305324,0,Sample 1,Cell type 1
1829,2.2359039248268395,-0.16933358554494152,1,Sample 1,Cell type 2
1830,-1.3274809848627567,-0.18062104038922855,0,Sample 1,Cell type 1
1831,-1.6391942891211213,0.017049318937553775,0,Sample 1,Cell type 1
1832,-3.0111693981516017,-1.0584718347259987,0,Sample 1,Cell type 1
1833,-1.2772252588699746,0.40626860503169904,0,Sample 1,Cell type 1
1834,2.3416498168122546,1.6543250705308417,1,Sample 1,Cell type 2
1835,2.074836358912628,-1.2542875402923648,1,Sample 1,Cell type 2
1836,1.2857010026553524,-0.28562336064528754,1,Sample 1,Cell type 2
1837,-2.4611826976441384,-0.6647600931288302,0,Sample 1,Cell type 1
1838,2.656019987222501,-0.6066256551100722,1,Sample 1,Cell type 2
1839,-3.575560408827422,-0.7349215571873586,0,Sample 1,Cell type 1
1840,-1.4874337273082394,-0.6929398785716008,0,Sample 1,Cell type 1
1841,1.5553497477529241,0.8914573557350978,1,Sample 1,Cell type 2
1842,1.7212969295783722,0.8057066691785277,1,Sample 1,Cell type 2
1843,2.7573428331012,0.1344478447734562,1,Sample 1,Cell type 2
1844,-3.319349459463364,1.4832740530673507,0,Sample 1,Cell type 1
1845,2.335312455295728,-0.5972626772321912,1,Sample 1,Cell type 2
1846,-1.6312835473347373,0.37975858630396225,0,Sample 1,Cell type 1
1847,2.0626559323301876,-0.21732408826084262,1,Sample 1,Cell type 2
1848,-2.343323795921855,-0.7826982220920257,0,Sample 1,Cell type 1
1849,2.917800508814223,-0.07833219715432325,1,Sample 1,Cell type 2
1850,2.526237596329269,-0.6067962677600556,1,Sample 1,Cell type 2
1851,-2.273369702763086,-0.20712397896326187,0,Sample 1,Cell type 1
1852,4.488151933343113,0.2118202487823837,1,Sample 1,Cell type 2
1853,2.615910266477513,0.01912243462796438,1,Sample 1,Cell type 2
1854,3.47846645367626,-0.20708352029586533,1,Sample 1,Cell type 2
1855,3.460425326779098,0.11228789587843757,1,Sample 1,Cell type 2
1856,2.736499590997676,-1.213314039536633,1,Sample 1,Cell type 2
1857,1.9282554584076546,0.4170239240110516,1,Sample 1,Cell type 2
1858,-1.9105248823260532,-0.22506204569457072,0,Sample 1,Cell type 1
1859,2.022420570623141,-1.9122434939755504,1,Sample 1,Cell type 2
1860,-2.488856566469643,-0.019300069688002623,0,Sample 1,Cell type 1
1861,2.316487404745578,-0.034781559851089945,1,Sample 1,Cell type 2
1862,-2.9739151393910954,-0.6911926157438528,0,Sample 1,Cell type 1
1863,-3.3845637347887485,-0.17193682423098827,0,Sample 1,Cell type 1
1864,3.054783129531195,-0.3136101119353037,1,Sample 1,Cell type 2
1865,-2.9813652897835174,1.4818225476071503,0,Sample 1,Cell type 1
1866,3.045641652570096,1.1897969242687418,1,Sample 1,Cell type 2
1867,3.0953535771999494,-0.1449793385744824,1,Sample 1,Cell type 2
1868,-2.0251546221753105,-2.3523109077314244,0,Sample 1,Cell type 1
1869,-1.803100237254646,-0.2608188257342729,0,Sample 1,Cell type 1
1870,-1.5488693028202856,0.566643077760851,0,Sample 1,Cell type 1
1871,-0.6445363680146445,0.3146542715154975,0,Sample 1,Cell type 1
1872,1.7596602991523302,0.2043070045394537,1,Sample 1,Cell type 2
1873,-2.284698447003914,-0.2745538203979284,0,Sample 1,Cell type 1
1874,-2.0831020572965295,0.5161724687600456,0,Sample 1,Cell type 1
1875,-2.5321263605154747,-1.1446200816944385,0,Sample 1,Cell type 1
1876,-3.8543654513563084,-0.07867170143579992,0,Sample 1,Cell type 1
1877,-3.2859899148306475,-0.1797065199976197,0,Sample 1,Cell type 1
1878,-2.3810660342383105,-0.2696687768944315,0,Sample 1,Cell type 1
1879,3.488625753457723,-0.8568429437192391,1,Sample 1,Cell type 2
1880,-2.2535595683967182,-0.3133188539374329,0,Sample 1,Cell type 1
1881,-2.3294426974098488,-0.6015754653910553,0,Sample 1,Cell type 1
1882,3.5964289151973707,0.5561623200671995,1,Sample 1,Cell type 2
1883,0.3914018087864979,0.0027004052777287995,1,Sample 1,Cell type 2
1884,1.39790599939661,-0.45181920333675385,1,Sample 1,Cell type 2
1885,-2.792257241049687,0.14774424469192673,0,Sample 1,Cell type 1
1886,-3.625053970937467,-0.06648445810295582,0,Sample 1,Cell type 1
1887,-2.945993428006267,-1.0958423836632623,0,Sample 1,Cell type 1
1888,-2.711725466590365,2.176135333271695,0,Sample 1,Cell type 1
1889,1.7837229421095806,-0.3264806713281765,1,Sample 1,Cell type 2
1890,2.1024543799056175,-0.1460551795036329,1,Sample 1,Cell type 2
1891,4.070069752424636,0.0029565374782778604,1,Sample 1,Cell type 2
1892,2.57092607276915,0.1578525659244765,1,Sample 1,Cell type 2
1893,3.1550221150038884,1.2303455347300423,1,Sample 1,Cell type 2
1894,2.4751528537032783,-0.7277467335854669,1,Sample 1,Cell type 2
1895,1.829131361242215,-0.7093447378267659,1,Sample 1,Cell type 2
1896,-2.8755795087479616,0.43404803486877175,0,Sample 1,Cell type 1
1897,-1.9509918477003891,-1.2901726969517213,0,Sample 1,Cell type 1
1898,1.556504702693906,0.13780350912883,1,Sample 1,Cell type 2
1899,1.4654867649930818,0.4579122489405406,1,Sample 1,Cell type 2
1900,2.276005358500416,-1.0232245889758291,1,Sample 1,Cell type 2
1901,3.520312590399212,-0.12137154686178331,1,Sample 1,Cell type 2
1902,-2.5572810075312513,-0.029777789207873273,0,Sample 1,Cell type 1
1903,-3.3126574551827175,0.04934387987837732,0,Sample 1,Cell type 1
1904,-2.444158332007985,-0.30825087748940816,0,Sample 1,Cell type 1
1905,-1.4624043627511125,-0.0182944498391057,0,Sample 1,Cell type 1
1906,3.724156159090681,0.5319417298413928,1,Sample 1,Cell type 2
1907,3.1785393701333344,-0.9860186518148073,1,Sample 1,Cell type 2
1908,3.3171066363435187,1.67075421829594,1,Sample 1,Cell type 2
1909,2.000523688229421,-0.14762028612467964,1,Sample 1,Cell type 2
1910,-3.7567009216547995,-0.9014139751278443,0,Sample 1,Cell type 1
1911,2.0146397641877627,0.16902695382357819,1,Sample 1,Cell type 2
1912,-1.9089516152899977,0.49229398721044276,0,Sample 1,Cell type 1
1913,-1.9220949137377827,-0.2982665216734136,0,Sample 1,Cell type 1
1914,-1.5565622527489387,0.05401478512808716,0,Sample 1,Cell type 1
1915,-2.5788705058274095,0.01507969835587813,0,Sample 1,Cell type 1
1916,2.8507805910477817,0.015693326155191922,1,Sample 1,Cell type 2
1917,2.3548407446019866,-0.08506960202505198,1,Sample 1,Cell type 2
1918,2.683197113967472,-1.4863211611186298,1,Sample 1,Cell type 2
1919,2.7986788477691187,0.2499025683732574,1,Sample 1,Cell type 2
1920,-1.3187677202192833,1.1040730833179613,0,Sample 1,Cell type 1
1921,-2.5211246055671417,0.22412892705568543,0,Sample 1,Cell type 1
1922,1.6067804480410728,0.988649296005551,1,Sample 1,Cell type 2
1923,3.3939190527219685,1.1587993839143411,1,Sample 1,Cell type 2
1924,4.094012282534495,-0.6133252702266784,1,Sample 1,Cell type 2
1925,2.8125567367425153,-1.0611777026488665,1,Sample 1,Cell type 2
1926,-2.2265952193782725,1.500936671372709,0,Sample 1,Cell type 1
1927,-2.340752243541224,-0.48017350172703577,0,Sample 1,Cell type 1
1928,-1.8138723014383844,-0.1279508239707417,0,Sample 1,Cell type 1
1929,-2.6415577819952394,-0.6386377956307631,0,Sample 1,Cell type 1
1930,3.9844026518354108,0.17938779562823343,1,Sample 1,Cell type 2
1931,-2.8864488413467515,0.1174344095884395,0,Sample 1,Cell type 1
1932,-2.4124841643160857,0.5806132991189535,0,Sample 1,Cell type 1
1933,2.0599077736507687,-0.11762033874467999,1,Sample 1,Cell type 2
1934,2.4286126766228406,-0.030056515983585014,1,Sample 1,Cell type 2
1935,3.3288701208370046,-1.1383799402093384,1,Sample 1,Cell type 2
1936,-1.3925817451915854,0.4511272960418877,0,Sample 1,Cell type 1
1937,-2.278647360535985,0.6617465992288191,0,Sample 1,Cell type 1
1938,1.847699497347103,-0.8529879455193801,1,Sample 1,Cell type 2
1939,-2.965344731158915,-0.8118053845542935,0,Sample 1,Cell type 1
1940,-2.4231033784472134,-0.369820230964034,0,Sample 1,Cell type 1
1941,0.7480626360171572,0.9556737764109846,1,Sample 1,Cell type 2
1942,1.9442294951287535,-0.32742595049048323,1,Sample 1,Cell type 2
1943,-2.4396530888787256,-1.2815726495177349,0,Sample 1,Cell type 1
1944,-1.9731645818617356,1.6081636310130798,0,Sample 1,Cell type 1
1945,2.855819046265276,-0.6605229462417137,1,Sample 1,Cell type 2
1946,-2.415699595083232,-1.0672203959345636,0,Sample 1,Cell type 1
1947,3.132297516841369,0.27204103565511234,1,Sample 1,Cell type 2
1948,-2.5856242879636464,-0.8281938579354993,0,Sample 1,Cell type 1
1949,-1.3860277599485369,-0.20003721167916222,0,Sample 1,Cell type 1
1950,-3.5975209143450853,-1.290849118301393,0,Sample 1,Cell type 1
1951,-2.065119876324454,-0.2964914656688848,0,Sample 1,Cell type 1
1952,-2.9614170644546665,0.6043129806606049,0,Sample 1,Cell type 1
1953,1.871211173892014,-1.10483568252302,1,Sample 1,Cell type 2
1954,-2.311508353513147,0.6166921551095735,0,Sample 1,Cell type 1
1955,2.8854928493747933,0.4378118379023736,1,Sample 1,Cell type 2
1956,-1.9836126550871396,1.7306037786443682,0,Sample 1,Cell type 1
1957,-3.2931138795650456,-1.7227120908829718,0,Sample 1,Cell type 1
1958,1.851199309096924,-0.8912371601295948,1,Sample 1,Cell type 2
1959,-3.5012315393523554,1.1550116832586077,0,Sample 1,Cell type 1
1960,-3.477702247113556,0.5703987441379105,0,Sample 1,Cell type 1
1961,1.723900591696285,-0.31804621239337716,1,Sample 1,Cell type 2
1962,-3.0597804063940686,0.17118392858737763,0,Sample 1,Cell type 1
1963,-2.2418251517295285,-0.6617847548418584,0,Sample 1,Cell type 1
1964,3.590050282169962,1.31249165079063,1,Sample 1,Cell type 2
1965,-3.127918650465792,0.5186243470750872,0,Sample 1,Cell type 1
1966,-2.3395446422152455,0.9189098795429722,0,Sample 1,Cell type 1
1967,-3.443231832927842,0.9501435107692511,0,Sample 1,Cell type 1
1968,-2.225105368345231,-1.4104321242901872,0,Sample 1,Cell type 1
1969,2.837236866829249,0.21345471703632152,1,Sample 1,Cell type 2
1970,2.4607765273295708,-0.1282880648358646,1,Sample 1,Cell type 2
1971,-1.6757732367745262,0.19103132722121083,0,Sample 1,Cell type 1
1972,2.2228587951944805,-1.2892538872822623,1,Sample 1,Cell type 2
1973,1.4603350104579218,0.6637859343033397,1,Sample 1,Cell type 2
1974,2.8810862154849755,0.4043761273333015,1,Sample 1,Cell type 2
1975,-2.888290838263283,0.06549931150905805,0,Sample 1,Cell type 1
1976,1.911757231454438,0.5771834590058746,1,Sample 1,Cell type 2
1977,-1.539028862268844,-0.3264602984172411,0,Sample 1,Cell type 1
1978,1.8218928571047321,-0.5216711108744486,1,Sample 1,Cell type 2
1979,3.453365997685652,-0.06697436787936961,1,Sample 1,Cell type 2
1980,-3.0634749524342073,-1.1267690370908479,0,Sample 1,Cell type 1
1981,-3.413351291306804,-0.1549275674237745,0,Sample 1,Cell type 1
1982,-1.5500911587481991,2.0716509136148913,0,Sample 1,Cell type 1
1983,-2.66721860582882,-0.6804163633674402,0,Sample 1,Cell type 1
1984,2.912235457299574,-0.6674254480276999,1,Sample 1,Cell type 2
1985,1.3449161470931665,-1.8369447625097906,1,Sample 1,Cell type 2
1986,1.7886073374173406,0.7642404465902023,1,Sample 1,Cell type 2
1987,-2.646317152883872,1.099901135318548,0,Sample 1,Cell type 1
1988,-2.430362345409463,-0.23920588037269397,0,Sample 1,Cell type 1
1989,2.4065872673638027,-0.5084462731235228,1,Sample 1,Cell type 2
1990,-2.451815832047179,1.970593689988229,0,Sample 1,Cell type 1
1991,3.5022741075419868,-0.35857969304011955,1,Sample 1,Cell type 2
1992,-1.8491862261042642,-0.9846914531471642,0,Sample 1,Cell type 1
1993,2.3263863596605034,-0.24678623076465578,1,Sample 1,Cell type 2
1994,2.7413600071213886,0.14042898366287834,1,Sample 1,Cell type 2
1995,-2.7919621836343085,-0.6713677338712052,0,Sample 1,Cell type 1
1996,3.1267124074260764,-0.20123110883559658,1,Sample 1,Cell type 2
1997,-1.9891260329781009,-1.329216049815168,0,Sample 1,Cell type 1
1998,1.446294464042732,0.6208223310747804,1,Sample 1,Cell type 2
1999,-2.5265839925155684,-0.16649348581803178,0,Sample 1,Cell type 1
