,X,Y,group,sample,cell_type
0,-3.7121528497588416,6.09349941395562,1,Sample 1,Cluster 2
1,-2.5048567292319146,5.670792619561314,1,Sample 1,Cluster 2
2,3.1276914062828816,-4.7779579892051744,2,Sample 1,Cluster 3
3,-3.936514538104012,-5.26407215336115,0,Sample 1,Cluster 1
4,-1.997914961950535,-5.223605970637227,0,Sample 1,Cluster 1
5,-1.3274809848627567,4.819378959610772,1,Sample 1,Cluster 2
6,3.507099683356054,-5.371813779129382,2,Sample 1,Cluster 3
7,2.6200985414497295,-4.944236584456576,2,Sample 1,Cluster 3
8,-3.89377735410822,-5.436833439053377,0,Sample 1,Cluster 1
9,-2.788772932655264,5.927463842691399,1,Sample 1,Cluster 2
10,-2.0943837822917146,-5.045916292059228,0,Sample 1,Cluster 1
11,-2.332423933081782,-5.787627240385574,0,Sample 1,Cluster 1
12,3.0049185471495496,-3.54488117423974,2,Sample 1,Cluster 3
13,3.4017439970450125,-6.372566654910504,2,Sample 1,Cluster 3
14,3.156053577825302,-6.152785307619935,2,Sample 1,Cluster 3
15,-2.348334706721005,5.800836874053713,1,Sample 1,Cluster 2
16,-1.1676204444299385,5.811496052014505,1,Sample 1,Cluster 2
17,4.433022347394577,-4.712255321850943,2,Sample 1,Cluster 3
18,-3.294871612475229,-4.891260346225321,0,Sample 1,Cluster 1
19,-0.29582580502407874,-5.244488491323042,0,Sample 1,Cluster 1
20,-2.649516926529588,-6.304378594972112,0,Sample 1,Cluster 1
21,-2.7072337166565625,4.842920120732018,1,Sample 1,Cluster 2
22,2.6505369492842603,-5.535549530906792,2,Sample 1,Cluster 3
23,-3.5553977556790137,4.837615490083475,1,Sample 1,Cluster 2
24,-3.734241212167717,-5.506204023908031,0,Sample 1,Cluster 1
25,4.242091610088391,-5.123198132158265,2,Sample 1,Cluster 3
26,2.454101953707846,-3.562667838659986,2,Sample 1,Cluster 3
27,-3.034472362914439,5.793633879629218,1,Sample 1,Cluster 2
28,-2.3614552593190545,5.308253903783069,1,Sample 1,Cluster 2
29,2.6009517100610995,-4.8988326247514475,2,Sample 1,Cluster 3
30,-2.6988926830133417,-4.498709090189544,0,Sample 1,Cluster 1
31,2.8517777797851918,-5.506585117371982,2,Sample 1,Cluster 3
32,-2.6965944512687554,4.781821144201864,1,Sample 1,Cluster 2
33,-2.591712668405114,-4.7885853826834905,0,Sample 1,Cluster 1
34,-2.543915200493029,5.2284432598861255,1,Sample 1,Cluster 2
35,-3.3033126134016544,4.385761947916697,1,Sample 1,Cluster 2
36,-2.7522153957122764,5.607175376394614,1,Sample 1,Cluster 2
37,-2.203830488046607,-4.532548666851752,0,Sample 1,Cluster 1
38,1.4103984524529092,-3.886035246813546,2,Sample 1,Cluster 3
39,1.932552873809151,-5.141993507019427,2,Sample 1,Cluster 3
40,-2.045517435897083,-5.839724399127953,0,Sample 1,Cluster 1
41,5.327080532213883,-5.220097142604037,2,Sample 1,Cluster 3
42,2.3179004491388504,-3.771074581716044,2,Sample 1,Cluster 3
43,3.146215092970458,-5.15687456854155,2,Sample 1,Cluster 3
44,3.113491489531183,-6.760994778760734,2,Sample 1,Cluster 3
45,3.3502075316138034,-5.90485378840207,2,Sample 1,Cluster 3
46,4.191677024939211,-5.682719579231289,2,Sample 1,Cluster 3
47,2.9432265965693634,-6.149003091942494,2,Sample 1,Cluster 3
48,-1.993071180180753,-5.55855973968884,0,Sample 1,Cluster 1
49,3.539231818467213,-5.504677122357751,2,Sample 1,Cluster 3
50,2.821209767865644,-3.8130048718370344,2,Sample 1,Cluster 3
51,-2.5391177467792843,-6.12415187744286,0,Sample 1,Cluster 1
52,-1.8742959987748327,-5.632719505334043,0,Sample 1,Cluster 1
53,-0.5946291746139631,-4.3382111138740616,0,Sample 1,Cluster 1
54,-1.6391942891211213,5.017049318937554,1,Sample 1,Cluster 2
55,-3.0477038606080034,5.632500479330215,1,Sample 1,Cluster 2
56,3.1559082103604252,-4.224504558073557,2,Sample 1,Cluster 3
57,-2.829776596019576,-4.2692210143860745,0,Sample 1,Cluster 1
58,2.9798541915406744,-4.911290893737266,2,Sample 1,Cluster 3
59,-3.593486690624661,-4.525946180922135,0,Sample 1,Cluster 1
60,-2.069896077640096,-4.657451001751539,0,Sample 1,Cluster 1
61,3.4156672457519233,-6.851235252800084,2,Sample 1,Cluster 3
62,-1.7027435915364422,-5.373196303382558,0,Sample 1,Cluster 1
63,-2.303133107746873,-5.641824021711635,0,Sample 1,Cluster 1
64,2.6915158661857173,-5.4037069938313875,2,Sample 1,Cluster 3
65,-1.6764475552583675,-5.269516101428111,0,Sample 1,Cluster 1
66,-2.2540746417527195,5.652589770031438,1,Sample 1,Cluster 2
67,-2.684320571364614,4.260613484585356,1,Sample 1,Cluster 2
68,-2.5321263605154747,3.8553799183055615,1,Sample 1,Cluster 2
69,-3.039947215032442,-5.322460791252024,0,Sample 1,Cluster 1
70,-2.2219507089571584,-4.930641840468483,0,Sample 1,Cluster 1
71,-1.3058491448323826,4.783101119165945,1,Sample 1,Cluster 2
72,-1.9063237023925543,5.239434064325193,1,Sample 1,Cluster 2
73,-2.318372416908089,-5.259254540167176,0,Sample 1,Cluster 1
74,-2.147988439957334,4.598356620517911,1,Sample 1,Cluster 2
75,4.935275307449171,-5.24605713369264,2,Sample 1,Cluster 3
76,2.337744173422241,-4.640138229018792,2,Sample 1,Cluster 3
77,-1.6437078718160563,-3.982486062449075,0,Sample 1,Cluster 1
78,-2.253734101988892,-3.345419166795341,0,Sample 1,Cluster 1
79,4.233279369575926,-6.394217579104833,2,Sample 1,Cluster 3
80,2.8388049743864316,-4.281190636358748,2,Sample 1,Cluster 3
81,-2.6199525752632873,-6.14652145161977,0,Sample 1,Cluster 1
82,-2.5248471462967217,-5.727746733585467,0,Sample 1,Cluster 1
83,2.64973856314289,-5.322452694429378,2,Sample 1,Cluster 3
84,2.6535565961511764,-5.386387140858273,2,Sample 1,Cluster 3
85,-3.9208094032387217,-4.148847209951315,0,Sample 1,Cluster 1
86,-1.072179968651924,-4.989239708304566,0,Sample 1,Cluster 1
87,-1.7950826233493047,-4.998939449012474,0,Sample 1,Cluster 1
88,-3.4226804084767677,-4.090148366108217,0,Sample 1,Cluster 1
89,-2.126856014053179,4.971486814162013,1,Sample 1,Cluster 2
90,-2.043509602224375,5.774547728426289,1,Sample 1,Cluster 2
91,2.425996417111101,-4.176655651097626,2,Sample 1,Cluster 3
92,3.3604555122792035,-5.952326188539592,2,Sample 1,Cluster 3
93,4.297988069906168,-5.749436187967506,2,Sample 1,Cluster 3
94,-2.556399022447273,5.389201315060961,1,Sample 1,Cluster 2
95,-2.151219688399963,-7.025796868175748,0,Sample 1,Cluster 1
96,-3.453042797762119,5.525242886907064,1,Sample 1,Cluster 2
97,-2.3810660342383105,4.730331223105568,1,Sample 1,Cluster 2
98,5.466857511189341,-4.922275370331001,2,Sample 1,Cluster 3
99,-2.9524610942991925,-5.377052576920894,0,Sample 1,Cluster 1
100,-2.299605719723299,5.2771585675975805,1,Sample 1,Cluster 2
101,3.360308577254176,-4.785125135164562,2,Sample 1,Cluster 3
102,-2.4855865023644426,-4.6218957233252755,0,Sample 1,Cluster 1
103,-2.620044469626021,5.100461162777234,1,Sample 1,Cluster 2
104,-3.033751267822004,-5.586375119299007,0,Sample 1,Cluster 1
105,4.014232612037524,-4.020915265165925,2,Sample 1,Cluster 3
106,-2.2578916278087733,4.396579319984514,1,Sample 1,Cluster 2
107,-1.6908295716733148,-3.9268192675752953,0,Sample 1,Cluster 1
108,-2.5591782908755025,-5.060532483460665,0,Sample 1,Cluster 1
109,-2.8677254178183977,-5.86387395822519,0,Sample 1,Cluster 1
110,-4.5242300181970645,4.7711966224959115,1,Sample 1,Cluster 2
111,-3.778499481506998,5.369738132865554,1,Sample 1,Cluster 2
112,-2.830398257714747,-5.741358647077849,0,Sample 1,Cluster 1
113,-2.911093533869355,4.152629182488838,1,Sample 1,Cluster 2
114,-3.093987386030707,-5.388244668294295,0,Sample 1,Cluster 1
115,3.3612436910048604,-6.100408711654994,2,Sample 1,Cluster 3
116,-2.444158332007985,4.691749122510592,1,Sample 1,Cluster 2
117,3.4245098678355514,-5.634767783906777,2,Sample 1,Cluster 3
118,3.2870640434312586,-4.097769578310683,2,Sample 1,Cluster 3
119,-2.051264441647009,4.763615745576672,1,Sample 1,Cluster 2
120,1.6454627408328202,-3.928538728416,2,Sample 1,Cluster 3
121,-2.099807624450744,-5.426880245151334,0,Sample 1,Cluster 1
122,-2.3213752693957037,-5.958713699961637,0,Sample 1,Cluster 1
123,-2.1266632144271354,-3.7831950182724956,0,Sample 1,Cluster 1
124,-2.810159933126849,-5.330892532503714,0,Sample 1,Cluster 1
125,-2.98379573163057,3.2355471543207446,1,Sample 1,Cluster 2
126,2.9749642625733532,-5.9718449087109144,2,Sample 1,Cluster 3
127,-2.6525459206106774,5.173946298543778,1,Sample 1,Cluster 2
128,2.402092827408673,-5.2863923475306684,2,Sample 1,Cluster 3
129,3.384252582530548,-5.297423209218791,2,Sample 1,Cluster 3
130,-2.283634539376129,4.959809512440691,1,Sample 1,Cluster 2
131,2.929894920683235,-5.4862591140924994,2,Sample 1,Cluster 3
132,-4.825590575457314,-5.299857645297445,0,Sample 1,Cluster 1
133,-1.999466121787995,4.314273954866974,1,Sample 1,Cluster 2
134,-1.839666920809576,5.650807708800511,1,Sample 1,Cluster 2
135,-3.775542127035494,4.5204999816369815,1,Sample 1,Cluster 2
136,-2.631468164708313,-4.83032531754066,0,Sample 1,Cluster 1
137,-2.4543895000823324,5.214873823090605,1,Sample 1,Cluster 2
138,-2.9078453545527063,-4.972447190635327,0,Sample 1,Cluster 1
139,2.383121141399312,-5.317858602041089,2,Sample 1,Cluster 3
140,3.6067935044973067,-5.048030033350852,2,Sample 1,Cluster 3
141,4.096601415058636,-4.025215828102651,2,Sample 1,Cluster 3
142,-1.6819436543922879,6.951801925071418,1,Sample 1,Cluster 2
143,-3.1849358725294,-4.971547140773605,0,Sample 1,Cluster 1
144,2.8775741629927483,-5.286262346753014,2,Sample 1,Cluster 3
145,3.985936922654989,-4.518021250974109,2,Sample 1,Cluster 3
146,4.445144640490418,-6.076167736646882,2,Sample 1,Cluster 3
147,3.1453939161165536,-5.714812074015424,2,Sample 1,Cluster 3
148,-1.788676940169755,-5.89740088228471,0,Sample 1,Cluster 1
149,-1.9515938089678366,-3.521112933362871,0,Sample 1,Cluster 1
150,-0.8311623603703089,-5.811807594548682,0,Sample 1,Cluster 1
151,-2.3485373541661008,-4.762204581295901,0,Sample 1,Cluster 1
152,-3.091497125967229,-4.0464805324691415,0,Sample 1,Cluster 1
153,2.543040605221516,-4.421569648336109,2,Sample 1,Cluster 3
154,2.4294534475584855,-5.659069495712924,2,Sample 1,Cluster 3
155,-4.165543526306978,6.35716509463203,1,Sample 1,Cluster 2
156,-2.3250725545941617,-5.357056412187476,0,Sample 1,Cluster 1
157,-2.6073441685415397,-4.58451300348969,0,Sample 1,Cluster 1
158,-2.6512963126216267,5.737320089539567,1,Sample 1,Cluster 2
159,-1.9796399259710886,3.7975357585921454,1,Sample 1,Cluster 2
160,-2.1541896394926754,-4.623964650105438,0,Sample 1,Cluster 1
161,-2.874796890688253,-5.6070122063483,0,Sample 1,Cluster 1
162,-1.8146380158059554,-3.6580983297556084,0,Sample 1,Cluster 1
163,-2.0310673596857733,-5.329931054573184,0,Sample 1,Cluster 1
164,-3.5766967387785717,4.344593712222801,1,Sample 1,Cluster 2
165,-2.2672421085284116,-4.233728295113385,0,Sample 1,Cluster 1
166,-1.3144313852507712,-5.226574431156186,0,Sample 1,Cluster 1
167,-3.5412703862426653,-6.4824147863180555,0,Sample 1,Cluster 1
168,-2.977579429376859,-6.91224349397555,0,Sample 1,Cluster 1
169,2.254791696991341,-4.9874542108227,2,Sample 1,Cluster 3
170,-2.103040650109347,-5.428253370054128,0,Sample 1,Cluster 1
171,3.163661597396993,-4.566237594472761,2,Sample 1,Cluster 3
172,-1.9798390576330713,4.920659308976494,1,Sample 1,Cluster 2
173,4.333101669480788,-5.845197656500208,2,Sample 1,Cluster 3
174,-2.9858835465697693,-5.061776836178437,0,Sample 1,Cluster 1
175,-2.107220038689399,5.587902228839854,1,Sample 1,Cluster 2
176,-2.355149805783134,-3.957377570147149,0,Sample 1,Cluster 1
177,-1.7676783058383405,5.263000887727747,1,Sample 1,Cluster 2
178,3.2416857913553176,-4.932724489399843,2,Sample 1,Cluster 3
179,2.638995363132411,-4.554289905277215,2,Sample 1,Cluster 3
180,-1.6025107961645984,-5.149343169850756,0,Sample 1,Cluster 1
181,-1.800386340693982,-5.519812181478613,0,Sample 1,Cluster 1
182,-4.183799604575212,-3.3662576715722152,0,Sample 1,Cluster 1
183,-1.68074997935083,5.4740215593609465,1,Sample 1,Cluster 2
184,3.488058427085107,-4.952246495536211,2,Sample 1,Cluster 3
185,-1.8233577019496574,-4.58874995806018,0,Sample 1,Cluster 1
186,-2.5986752512368883,-4.752762045573877,0,Sample 1,Cluster 1
187,-2.2292028740044687,4.667769668879359,1,Sample 1,Cluster 2
188,3.105463783139572,-5.084955272031802,2,Sample 1,Cluster 3
189,-2.849108712421255,4.912312156859335,1,Sample 1,Cluster 2
190,3.3190173517266532,-5.7811200389310375,2,Sample 1,Cluster 3
191,-4.2569022568799575,-5.129699180383887,0,Sample 1,Cluster 1
192,2.4885414837918587,-5.840043831858549,2,Sample 1,Cluster 3
193,-2.687215887285585,5.373086699557067,1,Sample 1,Cluster 2
194,-3.291683856206865,4.899370463920281,1,Sample 1,Cluster 2
195,-2.6072137333383343,5.011750555783357,1,Sample 1,Cluster 2
196,4.699197180980712,-5.616655042182952,2,Sample 1,Cluster 3
197,-2.0993347271966307,-5.702779041073648,0,Sample 1,Cluster 1
198,-2.087971786233072,5.411028760729767,1,Sample 1,Cluster 2
199,-1.961941039037815,6.5199055479161725,1,Sample 1,Cluster 2
200,-0.5699076627096673,5.627683430318419,1,Sample 1,Cluster 2
201,3.195994410193507,-4.121212099158545,2,Sample 1,Cluster 3
202,-0.9910512790315757,5.139662250265471,1,Sample 1,Cluster 2
203,-1.5256326781555534,-5.410557091610717,0,Sample 1,Cluster 1
204,-1.6335590054597784,5.843041641627923,1,Sample 1,Cluster 2
205,4.286205879850287,-5.117482817004241,2,Sample 1,Cluster 3
206,2.4389912469039414,-3.768642239860074,2,Sample 1,Cluster 3
207,-2.4237246404469532,-5.2107585728657995,0,Sample 1,Cluster 1
208,-2.660282062235331,-4.814526326292121,0,Sample 1,Cluster 1
209,3.143087703392582,-4.626854970070147,2,Sample 1,Cluster 3
210,3.286267050028116,-5.17674537995169,2,Sample 1,Cluster 3
211,2.512561479348711,-4.514168787918646,2,Sample 1,Cluster 3
212,-3.356681934947551,-3.470864730288221,0,Sample 1,Cluster 1
213,1.48996378457816,-5.288807378602056,2,Sample 1,Cluster 3
214,-3.7921054527244076,5.931791483565737,1,Sample 1,Cluster 2
215,-1.5347134761088679,-6.221734285271718,0,Sample 1,Cluster 1
216,-2.8618450553992614,3.0608965386968343,1,Sample 1,Cluster 2
217,0.7565202485447626,-4.683520932189646,2,Sample 1,Cluster 3
218,4.8682184004343,-5.282611308350527,2,Sample 1,Cluster 3
219,-3.06672541352837,3.7890284859097383,1,Sample 1,Cluster 2
220,-2.5749089509913365,-3.939362681966248,0,Sample 1,Cluster 1
221,-2.4091861237990018,5.529704539616837,1,Sample 1,Cluster 2
222,3.103008471838997,-4.8039690685476755,2,Sample 1,Cluster 3
223,-2.9228933453998054,5.469091215004075,1,Sample 1,Cluster 2
224,-2.8343276366127124,-6.620646298489102,0,Sample 1,Cluster 1
225,-3.073612919302349,-6.027667412559976,0,Sample 1,Cluster 1
226,-2.914154058295372,-5.070472995223259,0,Sample 1,Cluster 1
227,3.2895106450622733,-5.737930387875163,2,Sample 1,Cluster 3
228,3.8961270519133535,-5.062257148909178,2,Sample 1,Cluster 3
229,-2.7379857606990803,-3.950413009140843,0,Sample 1,Cluster 1
230,-2.9396457087268644,5.687670309583842,1,Sample 1,Cluster 2
231,-2.205061352901679,4.6853289501381115,1,Sample 1,Cluster 2
232,-2.7978552423503382,-4.650149450368831,0,Sample 1,Cluster 1
233,-2.231953576732706,-4.747075234253777,0,Sample 1,Cluster 1
234,-2.0689952060429047,4.263461125536507,1,Sample 1,Cluster 2
235,-1.7035347887983763,-3.63746191206557,0,Sample 1,Cluster 1
236,-3.30177361514138,-5.601948189882428,0,Sample 1,Cluster 1
237,-3.0773900426698027,5.141456697711519,1,Sample 1,Cluster 2
238,-1.7015919121122782,2.6829956974450484,1,Sample 1,Cluster 2
239,2.8658125520565085,-3.038104069705021,2,Sample 1,Cluster 3
240,-1.8798756047721734,-4.557567931318113,0,Sample 1,Cluster 1
241,-2.316740249435438,-4.140545589827551,0,Sample 1,Cluster 1
242,-2.78770373796197,-4.7591141286466065,0,Sample 1,Cluster 1
243,-3.0264931912602053,4.757019176978668,1,Sample 1,Cluster 2
244,4.017494539531944,-4.788567831877399,2,Sample 1,Cluster 3
245,-3.0557705048712465,4.6725740495095165,1,Sample 1,Cluster 2
246,-3.5012315393523554,6.155011683258608,1,Sample 1,Cluster 2
247,-2.237743061725532,5.7394161116302636,1,Sample 1,Cluster 2
248,-2.9914585152770354,-5.567831193786828,0,Sample 1,Cluster 1
249,3.8712448034224396,-4.866675346112125,2,Sample 1,Cluster 3
250,4.228449011677869,-3.9804572586499347,2,Sample 1,Cluster 3
251,-1.9409372638379723,5.336778355511512,1,Sample 1,Cluster 2
252,-1.7049742283756486,-3.90086849183084,0,Sample 1,Cluster 1
253,-3.8355242248970978,5.434688153903948,1,Sample 1,Cluster 2
254,2.696557034252935,-4.846488363982682,2,Sample 1,Cluster 3
255,4.605656188192245,-5.455318558938027,2,Sample 1,Cluster 3
256,3.4598084521947623,-4.973245225621479,2,Sample 1,Cluster 3
257,2.8915243316432466,-5.877714919703052,2,Sample 1,Cluster 3
258,3.3158479353796344,-4.4342149009565786,2,Sample 1,Cluster 3
259,-3.3733607009114515,4.69032023802048,1,Sample 1,Cluster 2
260,-2.3208686927482707,6.091312343979076,1,Sample 1,Cluster 2
261,-2.5097974182775316,4.282196502811335,1,Sample 1,Cluster 2
262,-2.9389799261927694,5.074275920912892,1,Sample 1,Cluster 2
263,2.7204971714130135,-5.369013640398646,2,Sample 1,Cluster 3
264,3.3107590301835494,-3.9085390046633064,2,Sample 1,Cluster 3
265,-2.6108097956857796,-5.339112033857882,0,Sample 1,Cluster 1
266,4.218701672763188,-6.81969682496496,2,Sample 1,Cluster 3
267,-2.9286411704418382,3.634113633925643,1,Sample 1,Cluster 2
268,-1.8022423999416177,-5.252069384955287,0,Sample 1,Cluster 1
269,-2.852035589357587,5.104592461828873,1,Sample 1,Cluster 2
270,-0.8507971386908817,5.9666929844745145,1,Sample 1,Cluster 2
271,-3.459780212072171,-4.440864251935369,0,Sample 1,Cluster 1
272,-2.9710934613909568,-5.66980994483976,0,Sample 1,Cluster 1
273,-2.879956248928765,4.477336613941031,1,Sample 1,Cluster 2
274,-2.9494736794813594,-4.6165112372564625,0,Sample 1,Cluster 1
275,-3.761597185752798,-5.642259555160674,0,Sample 1,Cluster 1
276,2.214070590785753,-6.2162294337924875,2,Sample 1,Cluster 3
277,-3.226204944117536,6.215427138913415,1,Sample 1,Cluster 2
278,3.1612422931969415,-3.7661786978709584,2,Sample 1,Cluster 3
279,-1.170992628361704,4.634322994730983,1,Sample 1,Cluster 2
280,-1.3618014911200478,5.740972321793274,1,Sample 1,Cluster 2
281,-2.434536513161948,4.9208882774470855,1,Sample 1,Cluster 2
282,-1.3424176925170137,5.15724382120926,1,Sample 1,Cluster 2
283,3.9327593788368946,-5.477983086419522,2,Sample 1,Cluster 3
284,-2.8308844267373154,-3.489849874127848,0,Sample 1,Cluster 1
285,-2.8338934508840676,4.763928068609675,1,Sample 1,Cluster 2
286,-2.226671814437899,-5.217051982454638,0,Sample 1,Cluster 1
287,-3.3368968680500033,-4.6212740674300266,0,Sample 1,Cluster 1
288,2.8512338896416876,-4.9985735671163125,2,Sample 1,Cluster 3
289,-2.6554153055828156,-5.60463320012669,0,Sample 1,Cluster 1
290,-3.6584674731978595,3.874028980498756,1,Sample 1,Cluster 2
291,-2.5916318762020945,5.99025304957877,1,Sample 1,Cluster 2
292,-3.164355525245252,5.418011284212606,1,Sample 1,Cluster 2
293,-1.6612138791595261,-4.60978014313253,0,Sample 1,Cluster 1
294,2.408971898279206,-4.419935164441994,2,Sample 1,Cluster 3
295,2.5796851864739376,-5.438396654992911,2,Sample 1,Cluster 3
296,-2.3393239255074323,-4.919367141884155,0,Sample 1,Cluster 1
297,-1.544712477562102,4.215067575088255,1,Sample 1,Cluster 2
298,-2.924400918088422,4.539345407484256,1,Sample 1,Cluster 2
299,-1.3860277599485369,4.799962788320838,1,Sample 1,Cluster 2
300,-2.085518638376019,-5.42336080784921,0,Sample 1,Cluster 1
301,-1.9351368689478947,-5.194145021449627,0,Sample 1,Cluster 1
302,-1.5857417483879837,5.60154642614942,1,Sample 1,Cluster 2
303,2.7454846153059806,-6.1193826073797055,2,Sample 1,Cluster 3
304,3.532894090077391,-4.680617445648538,2,Sample 1,Cluster 3
305,-0.8892902019787015,5.10922826486619,1,Sample 1,Cluster 2
306,2.572570626857756,-4.443254319247321,2,Sample 1,Cluster 3
307,-2.6947071835000145,-5.239870557019905,0,Sample 1,Cluster 1
308,-1.6769848068612156,-4.598651963864969,0,Sample 1,Cluster 1
309,2.61520582511329,-5.509989947860009,2,Sample 1,Cluster 3
310,3.6036977766493536,-5.473792675850252,2,Sample 1,Cluster 3
311,-3.9184259745655052,6.009537200571193,1,Sample 1,Cluster 2
312,3.6321602800627484,-3.8356524128677396,2,Sample 1,Cluster 3
313,-1.6228246129512929,4.49945817000303,1,Sample 1,Cluster 2
314,-0.036895353235809836,5.895659929147661,1,Sample 1,Cluster 2
315,-1.6603578277445319,4.571811830751546,1,Sample 1,Cluster 2
316,4.282995476326738,-5.771831790103748,2,Sample 1,Cluster 3
317,3.013760940955051,-4.896650021334632,2,Sample 1,Cluster 3
318,-2.418012286273434,-5.386262072645534,0,Sample 1,Cluster 1
319,-2.39894864041344,-5.375304683368327,0,Sample 1,Cluster 1
320,-2.730838956700564,-5.627002816899543,0,Sample 1,Cluster 1
321,-2.2213266086030985,-5.718264053140503,0,Sample 1,Cluster 1
322,-1.759057961974687,6.527533312376105,1,Sample 1,Cluster 2
323,-3.279745336181857,5.629667682993961,1,Sample 1,Cluster 2
324,-2.9400922263492313,-5.11762033874468,0,Sample 1,Cluster 1
325,-1.954344407949895,-4.899057677070426,0,Sample 1,Cluster 1
326,-2.9531156729717787,-4.334706571055677,0,Sample 1,Cluster 1
327,2.1281131269020412,-5.803432450795403,2,Sample 1,Cluster 3
328,-1.437087337401415,-4.749452420908016,0,Sample 1,Cluster 1
329,-2.2197038268909295,-5.675459229746457,0,Sample 1,Cluster 1
330,2.605073859790706,-4.443867801335887,2,Sample 1,Cluster 3
331,-3.292429060104551,4.546961816317783,1,Sample 1,Cluster 2
332,2.2772715831434924,-5.191002081650748,2,Sample 1,Cluster 3
333,-4.130499628142283,4.193530951266077,1,Sample 1,Cluster 2
334,-3.508131812138064,4.506910873568418,1,Sample 1,Cluster 2
335,-1.5100494922526886,4.634158675930568,1,Sample 1,Cluster 2
336,-4.208539371182956,7.510198826927995,1,Sample 1,Cluster 2
337,3.443796060067371,-6.508902963160821,2,Sample 1,Cluster 3
338,3.992615650817898,-5.131319530177419,2,Sample 1,Cluster 3
339,-2.6383568479387383,6.369366784113875,1,Sample 1,Cluster 2
340,2.411735295270019,-4.9127336237201344,2,Sample 1,Cluster 3
341,3.415449756165065,-5.2382369249791685,2,Sample 1,Cluster 3
342,-3.20999374224168,4.650033359741272,1,Sample 1,Cluster 2
343,-2.3757400006404787,-4.68148218790197,0,Sample 1,Cluster 1
344,-0.9059877174655053,4.386674729773322,1,Sample 1,Cluster 2
345,-2.527140180742327,-6.2758047665306655,0,Sample 1,Cluster 1
346,-3.4360904208474876,3.5584156499359842,1,Sample 1,Cluster 2
347,2.760074542594049,-4.352324451222492,2,Sample 1,Cluster 3
348,-3.4912856605231206,3.825979787398048,1,Sample 1,Cluster 2
349,-4.238135636811229,5.677937341720337,1,Sample 1,Cluster 2
350,2.71557942308983,-3.667517429050778,2,Sample 1,Cluster 3
351,-1.6410946001121824,4.178787760471152,1,Sample 1,Cluster 2
352,4.342012949332782,-4.506668818823106,2,Sample 1,Cluster 3
353,-2.832955523908203,-5.904055471232287,0,Sample 1,Cluster 1
354,-2.078770653062154,-5.38192856495424,0,Sample 1,Cluster 1
355,3.5238703782450362,-5.6726175119189,2,Sample 1,Cluster 3
356,-2.020964488350472,5.534672390974465,1,Sample 1,Cluster 2
357,-3.1339359367999693,4.753630776288768,1,Sample 1,Cluster 2
358,-2.906512158117849,4.881775744946022,1,Sample 1,Cluster 2
359,-3.6188540590553133,5.450375389352457,1,Sample 1,Cluster 2
360,4.0241559273505505,-4.862824545927687,2,Sample 1,Cluster 3
361,3.4544557716947195,-4.761238548814848,2,Sample 1,Cluster 3
362,-3.422665922564596,-6.349875477688569,0,Sample 1,Cluster 1
363,4.847086741999788,-5.70697531255285,2,Sample 1,Cluster 3
364,-4.242569055785144,-5.4235735708056065,0,Sample 1,Cluster 1
365,-1.7078670088325687,-5.173704859956962,0,Sample 1,Cluster 1
366,-1.0339543652166385,-4.348678590305386,0,Sample 1,Cluster 1
367,-2.5925186259105923,4.759117043528569,1,Sample 1,Cluster 2
368,-1.5554872700382842,-5.501850756761042,0,Sample 1,Cluster 1
369,-1.6065329795760366,-4.850867064204763,0,Sample 1,Cluster 1
370,-2.0891199147442268,4.573839328270471,1,Sample 1,Cluster 2
371,3.737603051451212,-4.57772852006753,2,Sample 1,Cluster 3
372,2.3416629233133106,-4.513727729011993,2,Sample 1,Cluster 3
373,2.9183999576363653,-4.317438763958757,2,Sample 1,Cluster 3
374,-1.812332102125155,-4.936158812753013,0,Sample 1,Cluster 1
375,3.2156217294820477,-5.525299256639764,2,Sample 1,Cluster 3
376,-3.1181275562166593,-4.3358465505099115,0,Sample 1,Cluster 1
377,-2.990230952387509,4.689838752051212,1,Sample 1,Cluster 2
378,-4.1794850115352205,-4.453421588168954,0,Sample 1,Cluster 1
379,-3.200494602707806,3.8937602152285313,1,Sample 1,Cluster 2
380,-2.7951515512251697,-4.828952964847149,0,Sample 1,Cluster 1
381,-0.44131215740011154,5.047374747211591,1,Sample 1,Cluster 2
382,-1.3302432490258904,-4.641091388388378,0,Sample 1,Cluster 1
383,-1.281500738184274,5.431128034947727,1,Sample 1,Cluster 2
384,-3.12879156840636,3.9350136371537774,1,Sample 1,Cluster 2
385,-3.4511707356279695,-5.039904123302494,0,Sample 1,Cluster 1
386,3.3757807836794287,-4.3077681950918,2,Sample 1,Cluster 3
387,-3.251570593588786,-4.104604065948723,0,Sample 1,Cluster 1
388,-2.343980012777499,-5.606625655110072,0,Sample 1,Cluster 1
389,3.642109407388434,-5.941315955120043,2,Sample 1,Cluster 3
390,3.571302975827587,-4.888401763082033,2,Sample 1,Cluster 3
391,-3.224585840690095,4.476986929080944,1,Sample 1,Cluster 2
392,-2.5981671468765795,-4.925302100578679,0,Sample 1,Cluster 1
393,-3.715495972763211,4.612612741706998,1,Sample 1,Cluster 2
394,-2.7628947805991877,5.482549944865874,1,Sample 1,Cluster 2
395,-1.8046751484885815,5.709832669813394,1,Sample 1,Cluster 2
396,-2.473762403670731,4.393203732239945,1,Sample 1,Cluster 2
397,-2.774150075264279,4.702847307203367,1,Sample 1,Cluster 2
398,3.931289310474978,-4.761699047180924,2,Sample 1,Cluster 3
399,-3.5785483376845706,5.594611275218172,1,Sample 1,Cluster 2
400,-0.67933965788189,-5.68177971439786,0,Sample 1,Cluster 1
401,-2.2446603916646555,6.072360356818516,1,Sample 1,Cluster 2
402,-3.2950901398678827,-4.663846765684006,0,Sample 1,Cluster 1
403,-3.965345797764821,-5.841047929311475,0,Sample 1,Cluster 1
404,-2.1770159277307126,4.980643514887267,1,Sample 1,Cluster 2
405,3.597424365710088,-5.651208535433245,2,Sample 1,Cluster 3
406,2.549893149107225,-4.86931171606736,2,Sample 1,Cluster 3
407,3.3727958659692083,-4.422042411823217,2,Sample 1,Cluster 3
408,-2.66721860582882,4.31958363663256,1,Sample 1,Cluster 2
409,-1.4374446865207535,5.444984007520528,1,Sample 1,Cluster 2
410,-3.420922989242295,-7.271262927588342,0,Sample 1,Cluster 1
411,-1.4463079461281076,4.905545178407137,1,Sample 1,Cluster 2
412,-1.9891260329781009,3.6707839501848323,1,Sample 1,Cluster 2
413,-1.2165287133531228,-5.228075405633611,0,Sample 1,Cluster 1
414,-2.4895984864976746,6.1628272617258535,1,Sample 1,Cluster 2
415,-2.854625800953208,4.292157828778479,1,Sample 1,Cluster 2
416,4.027083263595524,-5.397883497131275,2,Sample 1,Cluster 3
417,-3.3048139051997616,4.028649109769814,1,Sample 1,Cluster 2
418,-2.6664978002858204,4.605599252272934,1,Sample 1,Cluster 2
419,3.750492852580957,-3.9304247411552318,2,Sample 1,Cluster 3
420,-4.663513305282221,-5.503907641891049,0,Sample 1,Cluster 1
421,-2.260997673307451,4.398567159923853,1,Sample 1,Cluster 2
422,-2.6770028988686176,4.7785493600888636,1,Sample 1,Cluster 2
423,-1.2254506986884823,4.591027458855052,1,Sample 1,Cluster 2
424,-2.2406669180092464,4.895885556505853,1,Sample 1,Cluster 2
425,-2.3322724677802995,4.606691051494362,1,Sample 1,Cluster 2
426,-1.6498741673699788,-5.300506932612429,0,Sample 1,Cluster 1
427,-0.963705998284591,-5.9783160156444515,0,Sample 1,Cluster 1
428,-3.107176559122676,-5.782992669047813,0,Sample 1,Cluster 1
429,-3.044019777262793,5.185802957728803,1,Sample 1,Cluster 2
430,4.655981043076158,-4.501530121688724,2,Sample 1,Cluster 3
431,-3.4207948619378423,5.300558414676537,1,Sample 1,Cluster 2
432,-2.024196526667771,5.682732447024247,1,Sample 1,Cluster 2
433,-3.9689642984826374,5.406393061530035,1,Sample 1,Cluster 2
434,-2.1958417191952293,5.488468596227058,1,Sample 1,Cluster 2
435,4.466462766693567,-4.381408010667393,2,Sample 1,Cluster 3
436,-2.2930710817156896,-4.829808179313872,0,Sample 1,Cluster 1
437,-2.452295704063861,4.482450577835541,1,Sample 1,Cluster 2
438,-1.8962133615457526,-4.840460811210586,0,Sample 1,Cluster 1
439,-4.152066437005057,-4.977233935053473,0,Sample 1,Cluster 1
440,-2.5424965224140363,5.978855105934902,1,Sample 1,Cluster 2
441,-2.3796648758851386,5.29196880197298,1,Sample 1,Cluster 2
442,-1.8136809397669256,-4.557144375145765,0,Sample 1,Cluster 1
443,-2.0955286065313,-3.8087095133373685,0,Sample 1,Cluster 1
444,-2.132022285648707,4.457827704198315,1,Sample 1,Cluster 2
445,5.286310711310865,-4.6502985762151585,2,Sample 1,Cluster 3
446,-1.9876161638393408,-5.152402484798249,0,Sample 1,Cluster 1
447,3.3566857364817873,-4.441620775895922,2,Sample 1,Cluster 3
448,3.0618843836228065,-5.033069763847336,2,Sample 1,Cluster 3
449,-2.313770605647869,-5.605411181612741,0,Sample 1,Cluster 1
450,-2.1352897823347137,6.732001875920867,1,Sample 1,Cluster 2
451,-3.1249251025048914,-5.20784011261401,0,Sample 1,Cluster 1
452,3.4666436495828044,-4.152039864190099,2,Sample 1,Cluster 3
453,4.052020988010922,-4.10017862401135,2,Sample 1,Cluster 3
454,-2.0910379203800153,6.098926836130366,1,Sample 1,Cluster 2
455,-1.555897461006778,-4.084565545152048,0,Sample 1,Cluster 1
456,4.199733284146828,-5.861104949921646,2,Sample 1,Cluster 3
457,3.969271824433781,-3.9206919159092566,2,Sample 1,Cluster 3
458,2.2573217461887984,-5.688839737732461,2,Sample 1,Cluster 3
459,-1.118428919013276,4.680291051508318,1,Sample 1,Cluster 2
460,-1.1014903447033317,-4.167950544077939,0,Sample 1,Cluster 1
461,-3.500326187175774,5.483612261084294,1,Sample 1,Cluster 2
462,-1.3651749238815707,-6.990246925228064,0,Sample 1,Cluster 1
463,3.343069079159658,-5.074299601114443,2,Sample 1,Cluster 3
464,-1.9566857796494435,-5.241636399591892,0,Sample 1,Cluster 1
465,3.0391057120764895,-4.437973348852916,2,Sample 1,Cluster 3
466,3.3392234784721873,-6.182837549599039,2,Sample 1,Cluster 3
467,-1.9875656519401812,-4.901537438675055,0,Sample 1,Cluster 1
468,-2.4995776329147223,5.480965399143292,1,Sample 1,Cluster 2
469,-2.6669346969763725,-5.250134756585886,0,Sample 1,Cluster 1
470,-2.0574806748966328,-5.438560238533418,0,Sample 1,Cluster 1
471,3.6443884615443043,-5.939098661044823,2,Sample 1,Cluster 3
472,-2.1212224807718174,-5.214112872719035,0,Sample 1,Cluster 1
473,-2.639967805356327,4.3954038724057245,1,Sample 1,Cluster 2
474,-3.2026106022587735,-4.92009043647263,0,Sample 1,Cluster 1
475,-1.4035710848026293,-4.4438376799328,0,Sample 1,Cluster 1
476,3.9589552433926354,-5.729293841723122,2,Sample 1,Cluster 3
477,4.099728486517349,-4.469163505201252,2,Sample 1,Cluster 3
478,2.951832164818265,-3.658307303850503,2,Sample 1,Cluster 3
479,-2.251112007085444,-6.511719433676922,0,Sample 1,Cluster 1
480,-2.8564020171206175,6.1627075816941606,1,Sample 1,Cluster 2
481,-1.6757732367745262,5.191031327221211,1,Sample 1,Cluster 2
482,3.7964762521903213,-4.6319661409116275,2,Sample 1,Cluster 3
483,-1.9916655758326187,4.008593284117222,1,Sample 1,Cluster 2
484,-1.5458118676668684,-6.00629452472711,0,Sample 1,Cluster 1
485,-1.469539420118098,-4.988392800589876,0,Sample 1,Cluster 1
486,-2.121409900341164,4.941736869874502,1,Sample 1,Cluster 2
487,3.8711680597656555,-6.200381239330401,2,Sample 1,Cluster 3
488,2.804513289631338,-5.411950965146618,2,Sample 1,Cluster 3
489,4.979582275011543,-6.150728933435648,2,Sample 1,Cluster 3
490,3.244278254295093,-4.760731412783115,2,Sample 1,Cluster 3
491,4.702156380685963,-4.5808315903386125,2,Sample 1,Cluster 3
492,-3.1591483895775996,-5.575287561159349,0,Sample 1,Cluster 1
493,3.6605852840005793,-4.4666976932344875,2,Sample 1,Cluster 3
494,4.35018559413896,-5.784049841472491,2,Sample 1,Cluster 3
495,-3.3577112095884853,2.662919613204314,1,Sample 1,Cluster 2
496,-2.547860914823923,-4.605151836532567,0,Sample 1,Cluster 1
497,-2.9111205013190746,-5.959161118395101,0,Sample 1,Cluster 1
498,3.7165358480475406,-5.689047663757687,2,Sample 1,Cluster 3
499,3.106811825429433,-6.620031930940939,2,Sample 1,Cluster 3
500,-0.6820522236424944,-4.288770302176086,0,Sample 1,Cluster 1
501,3.973894891369795,-3.3521239986100784,2,Sample 1,Cluster 3
502,-2.6487395847590167,-6.279515809755449,0,Sample 1,Cluster 1
503,2.107186156594346,-5.902872538477627,2,Sample 1,Cluster 3
504,2.456357073438481,-5.054297105359585,2,Sample 1,Cluster 3
505,-4.413564963450419,-4.3241804993746396,0,Sample 1,Cluster 1
506,-2.6873226997786688,4.812690434440656,1,Sample 1,Cluster 2
507,-2.5279907923975693,6.416640508508408,1,Sample 1,Cluster 2
508,-2.5136048595870646,-4.595983129380986,0,Sample 1,Cluster 1
509,-2.17214507445719,4.806993876305166,1,Sample 1,Cluster 2
510,-1.8499793420846415,6.0849920228566585,1,Sample 1,Cluster 2
511,2.8289665699849516,-3.690334073605806,2,Sample 1,Cluster 3
512,-2.8033021927899897,4.83713571191811,1,Sample 1,Cluster 2
513,3.983957658185008,-5.6750831019399195,2,Sample 1,Cluster 3
514,-2.589207061714355,-5.643973184682048,0,Sample 1,Cluster 1
515,-1.5396688736444597,4.474484576822883,1,Sample 1,Cluster 2
516,-3.0148145843041143,5.74227210246499,1,Sample 1,Cluster 2
517,-1.646660248328677,5.935436472356538,1,Sample 1,Cluster 2
518,2.7302436423805645,-4.693877158818006,2,Sample 1,Cluster 3
519,-3.545895825784771,-6.27829770759587,0,Sample 1,Cluster 1
520,-2.1696548365795003,4.54902035775682,1,Sample 1,Cluster 2
521,-1.7856369039129847,-3.53630383862713,0,Sample 1,Cluster 1
522,5.501598648801248,-4.584103185518471,2,Sample 1,Cluster 3
523,-1.6745243684250921,3.8115517015704223,1,Sample 1,Cluster 2
524,-1.925266061222687,-5.126197586585188,0,Sample 1,Cluster 1
525,-2.1157915988752602,-5.844086140384359,0,Sample 1,Cluster 1
526,-3.381833719869139,-4.4549123916456415,0,Sample 1,Cluster 1
527,-2.17981131557858,-4.838677675896596,0,Sample 1,Cluster 1
528,-2.0992662499004955,4.217955804161159,1,Sample 1,Cluster 2
529,-2.1395172697099687,-6.4958530716257314,0,Sample 1,Cluster 1
530,3.6792155046936053,-5.573745520577977,2,Sample 1,Cluster 3
531,-1.5694689982760321,5.008186448815669,1,Sample 1,Cluster 2
532,-2.5929832344975665,-4.828229453463579,0,Sample 1,Cluster 1
533,-2.4457291888664496,-6.615941865724909,0,Sample 1,Cluster 1
534,-2.285725089706933,-5.65882797650068,0,Sample 1,Cluster 1
535,2.8642012142223146,-5.495817702603102,2,Sample 1,Cluster 3
536,1.9180930903418143,-4.706602873686195,2,Sample 1,Cluster 3
537,4.284714502337962,-4.466203882056607,2,Sample 1,Cluster 3
538,-1.6269519035245847,5.487310496725741,1,Sample 1,Cluster 2
539,3.392002729155843,-4.224984083454917,2,Sample 1,Cluster 3
540,-2.6423343006435185,-5.73024873543721,0,Sample 1,Cluster 1
541,2.912107983656499,-5.418860790725266,2,Sample 1,Cluster 3
542,-1.275399334125042,5.975009481357853,1,Sample 1,Cluster 2
543,3.0186274951376078,-5.609934360482331,2,Sample 1,Cluster 3
544,3.0719947353260983,-4.900198320268853,2,Sample 1,Cluster 3
545,-2.8134065192350577,4.262071852401198,1,Sample 1,Cluster 2
546,-2.2637760475033053,-5.6211993123944,0,Sample 1,Cluster 1
547,-1.967666541046577,-3.4470260508290007,0,Sample 1,Cluster 1
548,3.49302166805556,-4.12465636198282,2,Sample 1,Cluster 3
549,-1.7669378602380148,5.277190780718394,1,Sample 1,Cluster 2
550,-1.7292990966045425,5.330224741549198,1,Sample 1,Cluster 2
551,-3.745265518927801,4.65750787122727,1,Sample 1,Cluster 2
552,-2.6381018399526557,5.706927949989338,1,Sample 1,Cluster 2
553,2.387747736478758,-4.203221056922843,2,Sample 1,Cluster 3
554,-2.148399015503819,5.623149202809691,1,Sample 1,Cluster 2
555,-3.823909948982637,-5.768037036223571,0,Sample 1,Cluster 1
556,3.477569237736089,-5.651894519127476,2,Sample 1,Cluster 3
557,-2.273369702763086,4.792876021036738,1,Sample 1,Cluster 2
558,2.695642480353349,-4.967260201016861,2,Sample 1,Cluster 3
559,-2.846219106870711,-4.364945226284948,0,Sample 1,Cluster 1
560,-2.945993428006267,3.9041576163367377,1,Sample 1,Cluster 2
561,3.1952300259006656,-4.489058288095759,2,Sample 1,Cluster 3
562,2.817861119715746,-7.191312164909979,2,Sample 1,Cluster 3
563,-1.9335130586491276,5.765361853435667,1,Sample 1,Cluster 2
564,-2.8256290503414245,5.54905476556536,1,Sample 1,Cluster 2
565,-2.672768416280186,-4.25001800599446,0,Sample 1,Cluster 1
566,2.138525510730819,-6.699158066160532,2,Sample 1,Cluster 3
567,3.4426112498043353,-4.9796917776221825,2,Sample 1,Cluster 3
568,4.697007007971235,-5.886489966607096,2,Sample 1,Cluster 3
569,-1.6231440740180811,-4.659742953335912,0,Sample 1,Cluster 1
570,3.4770311514388723,-3.923881903638068,2,Sample 1,Cluster 3
571,-2.2950635154445775,-4.0453511952582994,0,Sample 1,Cluster 1
572,-2.2414658286521747,4.881917930961065,1,Sample 1,Cluster 2
573,-2.5392234726704292,-5.128288064835864,0,Sample 1,Cluster 1
574,-3.0884239540718132,5.98887454016835,1,Sample 1,Cluster 2
575,-2.5731196460072914,-5.064702798292369,0,Sample 1,Cluster 1
576,-3.26702276494942,-6.082006951552578,0,Sample 1,Cluster 1
577,-3.3829358628242954,-5.264631379462046,0,Sample 1,Cluster 1
578,-1.9324385462887683,4.6516109035441255,1,Sample 1,Cluster 2
579,-2.11117096846589,-6.237843191150692,0,Sample 1,Cluster 1
580,-2.1634402951852167,-5.462336621466169,0,Sample 1,Cluster 1
581,-2.482027285750363,5.437695292140168,1,Sample 1,Cluster 2
582,-2.7039817739366843,6.203194390866151,1,Sample 1,Cluster 2
583,-2.8085381047822784,-4.652397883126955,0,Sample 1,Cluster 1
584,-3.154559106737846,4.997300434071239,1,Sample 1,Cluster 2
585,-2.7441510763846013,-4.162470564409489,0,Sample 1,Cluster 1
586,-3.0847650205723784,-4.393662520061104,0,Sample 1,Cluster 1
587,-2.352231620175133,-4.249667569991476,0,Sample 1,Cluster 1
588,-1.7899968260687524,-4.391322676550818,0,Sample 1,Cluster 1
589,-2.265542021361055,4.428518865578906,1,Sample 1,Cluster 2
590,-3.1893624562050067,-4.975974816668734,0,Sample 1,Cluster 1
591,-1.9060328691259039,-5.510070033660771,0,Sample 1,Cluster 1
592,3.5893054862494638,-6.125554720410536,2,Sample 1,Cluster 3
593,-2.1844382860973623,4.663212415343789,1,Sample 1,Cluster 2
594,-2.551750884026015,-4.941700721587588,0,Sample 1,Cluster 1
595,-2.7549986521969063,-5.823849478833476,0,Sample 1,Cluster 1
596,-2.082199491185777,-5.078332197154324,0,Sample 1,Cluster 1
597,-2.0849030556479025,-4.603355983177943,0,Sample 1,Cluster 1
598,-2.8830699648067233,4.309779388765503,1,Sample 1,Cluster 2
599,-2.220279962160245,-6.251842217089644,0,Sample 1,Cluster 1
600,2.9847015496344245,-5.673159611303207,2,Sample 1,Cluster 3
601,-3.700177489157549,-5.623069634256348,0,Sample 1,Cluster 1
602,2.8536213374763704,-4.670437600750552,2,Sample 1,Cluster 3
603,-3.4625606843113155,-5.833635529794482,0,Sample 1,Cluster 1
604,-1.5562198333114319,-4.844713895237314,0,Sample 1,Cluster 1
605,-0.15147367813777723,-5.858662425778316,0,Sample 1,Cluster 1
606,3.7076936710388146,-5.93622456511742,2,Sample 1,Cluster 3
607,2.6063175966869547,-3.6523801323172385,2,Sample 1,Cluster 3
608,-0.0385117038555971,-3.9119072798557495,0,Sample 1,Cluster 1
609,-2.286359787304593,5.71170463649875,1,Sample 1,Cluster 2
610,5.412391653393,-6.379249448694429,2,Sample 1,Cluster 3
611,4.426444862816885,-5.590189363747872,2,Sample 1,Cluster 3
612,-2.695325308232519,5.771269734630685,1,Sample 1,Cluster 2
613,-1.5831779399892678,-7.2700051531179035,0,Sample 1,Cluster 1
614,-3.1050805962274426,3.862197032321861,1,Sample 1,Cluster 2
615,-2.5044768150632373,5.53499332447401,1,Sample 1,Cluster 2
616,-1.819281630265622,4.890102569280483,1,Sample 1,Cluster 2
617,-2.240732824484164,4.691934175666947,1,Sample 1,Cluster 2
618,-1.1863878718909047,5.807853671474107,1,Sample 1,Cluster 2
619,4.706059438239489,-5.078020306996499,2,Sample 1,Cluster 3
620,-3.2961187854827037,-5.145202529708533,0,Sample 1,Cluster 1
621,-2.580380576457364,-5.0459125624012335,0,Sample 1,Cluster 1
622,-1.5544871256320307,-4.615273525800884,0,Sample 1,Cluster 1
623,-2.1449444574830174,5.61970724274347,1,Sample 1,Cluster 2
624,4.1913667729915405,-3.8569918703705834,2,Sample 1,Cluster 3
625,-1.9457847745209116,-4.11533354696423,0,Sample 1,Cluster 1
626,-1.8288475996243103,4.506197450762461,1,Sample 1,Cluster 2
627,-0.9282198936668884,5.0282108415773825,1,Sample 1,Cluster 2
628,2.509576341626885,-5.387213698897668,2,Sample 1,Cluster 3
629,-1.7281186935220338,6.292466258838585,1,Sample 1,Cluster 2
630,2.7738017012347034,-4.870641178636197,2,Sample 1,Cluster 3
631,-3.593502958732337,4.820187678485853,1,Sample 1,Cluster 2
632,4.480781068814994,-4.772196325291546,2,Sample 1,Cluster 3
633,3.686663384682182,-6.146984019848183,2,Sample 1,Cluster 3
634,2.282958509375515,-4.684819819308478,2,Sample 1,Cluster 3
635,-3.056555901757651,-5.73450158673326,0,Sample 1,Cluster 1
636,-2.549411359888103,-4.616446785531149,0,Sample 1,Cluster 1
637,-1.095619441347608,-3.741584219828115,0,Sample 1,Cluster 1
638,-3.220472282028849,-5.906227961014196,0,Sample 1,Cluster 1
639,4.574329546475517,-4.294170805920627,2,Sample 1,Cluster 3
640,4.381818063584104,-4.063118422664353,2,Sample 1,Cluster 3
641,-1.803100237254646,4.7391811742657275,1,Sample 1,Cluster 2
642,-2.6611932271580145,4.994782947816433,1,Sample 1,Cluster 2
643,-4.451053726621144,4.892576670250957,1,Sample 1,Cluster 2
644,-2.602123745214552,-5.448486109477848,0,Sample 1,Cluster 1
645,2.8530247790364487,-4.888277048347719,2,Sample 1,Cluster 3
646,-2.6443133454099264,6.098278779741224,1,Sample 1,Cluster 2
647,-2.2535595683967182,4.6866811460625675,1,Sample 1,Cluster 2
648,-2.246913342771084,-5.708198948899378,0,Sample 1,Cluster 1
649,-3.0323378385035684,-4.422477211649487,0,Sample 1,Cluster 1
650,-3.1946087692786658,-4.921749365525354,0,Sample 1,Cluster 1
651,-2.276732913323852,-4.766749058654422,0,Sample 1,Cluster 1
652,-3.1681143213040186,6.671630977355819,1,Sample 1,Cluster 2
653,-1.828268908455049,-6.086014031873548,0,Sample 1,Cluster 1
654,-2.4043357052686773,4.221544847294756,1,Sample 1,Cluster 2
655,-1.8993017764789344,-4.476455178315503,0,Sample 1,Cluster 1
656,-3.4149809658565293,5.0868477646212185,1,Sample 1,Cluster 2
657,-2.3361928940785726,-4.387297376415508,0,Sample 1,Cluster 1
658,-3.024550175569155,-5.188568995885335,0,Sample 1,Cluster 1
659,-3.5625488391187448,5.157488988695299,1,Sample 1,Cluster 2
660,-2.4743966807473865,4.397265703723053,1,Sample 1,Cluster 2
661,2.5482725841193616,-6.123853555142006,2,Sample 1,Cluster 3
662,2.3048540420911157,-6.2926771767734655,2,Sample 1,Cluster 3
663,-3.8525373020851617,-5.7827996366932854,0,Sample 1,Cluster 1
664,-2.88684918707723,-5.489733533723856,0,Sample 1,Cluster 1
665,-3.398177617249839,5.30592779694724,1,Sample 1,Cluster 2
666,4.567522427157154,-4.805219938290584,2,Sample 1,Cluster 3
667,3.307695338002363,-4.97318023808913,2,Sample 1,Cluster 3
668,3.1786899521749574,-3.822731933944085,2,Sample 1,Cluster 3
669,-2.0602534509677923,-3.5588559205868098,0,Sample 1,Cluster 1
670,-2.4798313059679344,-6.234494582354296,0,Sample 1,Cluster 1
671,3.625648726873446,-5.031329692354207,2,Sample 1,Cluster 3
672,-1.2375055539502524,-4.211640251507825,0,Sample 1,Cluster 1
673,-2.886194817745626,4.23733711339303,1,Sample 1,Cluster 2
674,3.642602317257487,-3.912561920508155,2,Sample 1,Cluster 3
675,4.384593318553017,-5.7589989562144,2,Sample 1,Cluster 3
676,4.228239200656703,-4.989565300498438,2,Sample 1,Cluster 3
677,-1.6942742395226646,-4.585604178886839,0,Sample 1,Cluster 1
678,-4.114790291510911,-4.883949003232495,0,Sample 1,Cluster 1
679,-2.072146130923272,-4.01681559800875,0,Sample 1,Cluster 1
680,2.8308138135288194,-3.970894290403573,2,Sample 1,Cluster 3
681,5.557304232712179,-5.830393083991384,2,Sample 1,Cluster 3
682,-3.0232605465019393,3.5354936825148346,1,Sample 1,Cluster 2
683,-2.626644382407731,-5.147083114527367,0,Sample 1,Cluster 1
684,-2.7974863058229325,-5.582769297344274,0,Sample 1,Cluster 1
685,-1.9476218511027894,-4.787506405461973,0,Sample 1,Cluster 1
686,-2.0312766390682806,-5.589416108758098,0,Sample 1,Cluster 1
687,-2.278647360535985,5.661746599228819,1,Sample 1,Cluster 2
688,3.9891251071398095,-5.1563781148687795,2,Sample 1,Cluster 3
689,-3.154742932753601,-3.774105820257507,0,Sample 1,Cluster 1
690,-2.232912026745172,-3.854906574535053,0,Sample 1,Cluster 1
691,-1.4673932607020574,-2.929672821175452,0,Sample 1,Cluster 1
692,-1.9452168704688049,4.686389888064697,1,Sample 1,Cluster 2
693,-2.2423341513864115,-5.008873603158881,0,Sample 1,Cluster 1
694,-2.1802496385978865,4.478914484966537,1,Sample 1,Cluster 2
695,3.7097197302366185,-3.42212441673424,2,Sample 1,Cluster 3
696,-2.4093836715697883,3.8493776173461063,1,Sample 1,Cluster 2
697,-2.1806215019157764,5.517756751762192,1,Sample 1,Cluster 2
698,3.300300243905604,-6.179602149638589,2,Sample 1,Cluster 3
699,-3.4409386692438244,-4.609951762330625,0,Sample 1,Cluster 1
700,-1.2258640013736928,-4.984524743350597,0,Sample 1,Cluster 1
701,-1.091049500106101,-5.00025093808942,0,Sample 1,Cluster 1
702,-2.4917179041252955,3.950531014119872,1,Sample 1,Cluster 2
703,3.3477711353079127,-4.0314603579662425,2,Sample 1,Cluster 3
704,-2.7275077196852076,-3.7275343419057196,0,Sample 1,Cluster 1
705,-2.557608097264267,5.8028263183136195,1,Sample 1,Cluster 2
706,4.687210591303897,-4.88453882261917,2,Sample 1,Cluster 3
707,-3.4234901345863875,-6.401463045401376,0,Sample 1,Cluster 1
708,-1.8017405191954923,-5.772925378696334,0,Sample 1,Cluster 1
709,4.435078082536982,-4.183970794478328,2,Sample 1,Cluster 3
710,-0.5586268109235819,5.346367860288557,1,Sample 1,Cluster 2
711,-1.9568424097902137,-5.649921879149936,0,Sample 1,Cluster 1
712,-1.164076396518875,5.315737223858385,1,Sample 1,Cluster 2
713,4.204962599794646,-3.1076737824000213,2,Sample 1,Cluster 3
714,2.078817882597293,-4.634229549045989,2,Sample 1,Cluster 3
715,-2.723994641499584,-6.023224588975829,0,Sample 1,Cluster 1
716,3.899299502024838,-4.378454646116137,2,Sample 1,Cluster 3
717,-2.5661720191171944,-4.805526617871441,0,Sample 1,Cluster 1
718,-4.499524571898858,6.832754058072593,1,Sample 1,Cluster 2
719,2.4558332698261447,-4.342347137573978,2,Sample 1,Cluster 3
720,-3.165563933995561,-5.510626181222795,0,Sample 1,Cluster 1
721,2.2640785330813973,-3.930674113792813,2,Sample 1,Cluster 3
722,-2.4554200701690445,5.875353214776759,1,Sample 1,Cluster 2
723,-2.414044500527286,-4.690102815493608,0,Sample 1,Cluster 1
724,-4.120114069326085,5.149163451815542,1,Sample 1,Cluster 2
725,3.3040613538589887,-4.472280001534104,2,Sample 1,Cluster 3
726,2.728572767979797,-4.7116466589657815,2,Sample 1,Cluster 3
727,3.02444311246442,-4.187823286548555,2,Sample 1,Cluster 3
728,-2.9886861118440526,-4.596413394893586,0,Sample 1,Cluster 1
729,-2.297467809569615,-4.343724789910035,0,Sample 1,Cluster 1
730,2.260942420240184,-5.255861022311005,2,Sample 1,Cluster 3
731,-2.9712897062249017,-5.7484770390099404,0,Sample 1,Cluster 1
732,-2.5885322948458636,-5.717313781852167,0,Sample 1,Cluster 1
733,3.0156410680790513,-5.033177422399318,2,Sample 1,Cluster 3
734,2.939767809437747,-3.937554488810426,2,Sample 1,Cluster 3
735,-2.275192599774555,-6.706076500923869,0,Sample 1,Cluster 1
736,-2.3395446422152455,5.918909879542972,1,Sample 1,Cluster 2
737,-3.0101919874010528,4.575202435998546,1,Sample 1,Cluster 2
738,3.20317037207806,-5.696954424006105,2,Sample 1,Cluster 3
739,-2.017401999542885,-4.7614732272075795,0,Sample 1,Cluster 1
740,-2.090800339710511,-3.4518767679518163,0,Sample 1,Cluster 1
741,-1.275843840909319,-4.468058270158608,0,Sample 1,Cluster 1
742,-3.703776299224802,5.6080447709516825,1,Sample 1,Cluster 2
743,1.7608886201521292,-5.469692216496118,2,Sample 1,Cluster 3
744,-3.1106288833428652,5.030350268358082,1,Sample 1,Cluster 2
745,3.568163357308246,-4.800465849851967,2,Sample 1,Cluster 3
746,-2.3311860262379054,4.922629510503686,1,Sample 1,Cluster 2
747,2.490264937041857,-4.657748483877677,2,Sample 1,Cluster 3
748,-2.6578707362458607,4.878981373077191,1,Sample 1,Cluster 2
749,-3.0615933502454045,4.4696792659592415,1,Sample 1,Cluster 2
750,-2.2627395638873904,5.370547836214068,1,Sample 1,Cluster 2
751,2.987497190047469,-3.981828212822988,2,Sample 1,Cluster 3
752,-3.0021871248676044,-5.230431099137661,0,Sample 1,Cluster 1
753,5.811972880590339,-5.206540110425148,2,Sample 1,Cluster 3
754,-3.1340165907461603,4.9082108468264805,1,Sample 1,Cluster 2
755,-1.8445013854884749,-4.660888414044811,0,Sample 1,Cluster 1
756,3.2477561574465494,-3.44620352419496,2,Sample 1,Cluster 3
757,-1.500396079435073,-6.06622191798372,0,Sample 1,Cluster 1
758,4.427796813724214,-4.899278889284033,2,Sample 1,Cluster 3
759,-2.98994989971235,5.289202820164881,1,Sample 1,Cluster 2
760,-2.4312855949653356,3.224559701801972,1,Sample 1,Cluster 2
761,-2.8972253883855754,-5.922793940787827,0,Sample 1,Cluster 1
762,-1.692422569123225,-5.675953150874797,0,Sample 1,Cluster 1
763,-2.477004141652146,6.0227614900858395,1,Sample 1,Cluster 2
764,-2.431745485947981,4.353387422687259,1,Sample 1,Cluster 2
765,-2.284698447003914,4.725446179602072,1,Sample 1,Cluster 2
766,-1.9027109083182743,-4.739537746570344,0,Sample 1,Cluster 1
767,4.844082885024739,-5.131393588025626,2,Sample 1,Cluster 3
768,-1.9835298302606452,-4.98449500984158,0,Sample 1,Cluster 1
769,-3.720525051656076,6.010067282741746,1,Sample 1,Cluster 2
770,2.1613535364494223,-5.534763928682542,2,Sample 1,Cluster 3
771,3.5294247608314278,-4.418564762878557,2,Sample 1,Cluster 3
772,3.9716138944390447,-6.498753043163694,2,Sample 1,Cluster 3
773,1.5584773605724538,-3.064977776549229,2,Sample 1,Cluster 3
774,-2.048126113119902,-3.6913617550913482,0,Sample 1,Cluster 1
775,-2.2922219986228143,4.276546699916473,1,Sample 1,Cluster 2
776,-2.868935785627695,-4.394748260069488,0,Sample 1,Cluster 1
777,-2.4796892635660717,3.4642614750418748,1,Sample 1,Cluster 2
778,-2.3222929826930296,4.617001102669218,1,Sample 1,Cluster 2
779,-1.5024866275722244,-5.049603207492825,0,Sample 1,Cluster 1
780,5.390929587329309,-6.799545963360611,2,Sample 1,Cluster 3
781,-2.4987047749144473,-4.668181687368968,0,Sample 1,Cluster 1
782,2.750165933306804,-5.151211438145979,2,Sample 1,Cluster 3
783,-2.7522373242288993,-5.752818160533103,0,Sample 1,Cluster 1
784,-1.474684963996985,5.4461528485801,1,Sample 1,Cluster 2
785,-2.0588189798083816,5.272471373120397,1,Sample 1,Cluster 2
786,2.973130623110716,-5.604803215565283,2,Sample 1,Cluster 3
787,-1.981849169519446,6.218423885126421,1,Sample 1,Cluster 2
788,3.3585265831429303,-4.44794105893071,2,Sample 1,Cluster 3
789,-3.4431387930386603,-5.175735561880768,0,Sample 1,Cluster 1
790,-3.0360921603633866,-4.0626256682270725,0,Sample 1,Cluster 1
791,-3.7412097992471436,-4.470358532193221,0,Sample 1,Cluster 1
792,-2.451815832047179,6.970593689988229,1,Sample 1,Cluster 2
793,-2.2060146676205563,4.749176251062082,1,Sample 1,Cluster 2
794,-2.9714918055553694,5.67968167761682,1,Sample 1,Cluster 2
795,-2.3652312189843085,6.054078028486368,1,Sample 1,Cluster 2
796,-1.8364201264546012,4.844939088981757,1,Sample 1,Cluster 2
797,-1.661034298866749,-3.675674309529364,0,Sample 1,Cluster 1
798,-3.7851570562060584,5.162770908693778,1,Sample 1,Cluster 2
799,-1.9781416972692643,3.7388862744126,1,Sample 1,Cluster 2
800,1.8980185243744532,-4.568188389737326,2,Sample 1,Cluster 3
801,-2.928262548763138,4.927573374156672,1,Sample 1,Cluster 2
802,-2.5483229833575267,-4.097775799492881,0,Sample 1,Cluster 1
803,-2.15044946420292,5.952517019829073,1,Sample 1,Cluster 2
804,3.684895485699726,-3.9856316103175287,2,Sample 1,Cluster 3
805,3.78967027202197,-5.2651450970252025,2,Sample 1,Cluster 3
806,2.743429410534967,-5.667347878986099,2,Sample 1,Cluster 3
807,2.716373093693901,-6.419175692889704,2,Sample 1,Cluster 3
808,-2.2569451235160995,5.5772500041009145,1,Sample 1,Cluster 2
809,2.70983307312524,-5.521510866025105,2,Sample 1,Cluster 3
810,-2.964518642043161,-5.489108197910903,0,Sample 1,Cluster 1
811,-3.610834043064969,-6.280216883602968,0,Sample 1,Cluster 1
812,-2.8846670316095837,-4.4430656022725685,0,Sample 1,Cluster 1
813,-3.6155960550874093,-4.156886758163293,0,Sample 1,Cluster 1
814,-2.002344007755161,-3.9368533443716722,0,Sample 1,Cluster 1
815,-2.5501432778185373,5.764113856400991,1,Sample 1,Cluster 2
816,3.960650466416132,-5.7184217810595666,2,Sample 1,Cluster 3
817,-2.2690450965761144,5.208257471016976,1,Sample 1,Cluster 2
818,-3.2802928218226,-3.9571936544521926,0,Sample 1,Cluster 1
819,2.492357309507331,-7.025415453000651,2,Sample 1,Cluster 3
820,-2.884518353190593,-2.968494701773711,0,Sample 1,Cluster 1
821,-1.059591054791317,5.99115708235155,1,Sample 1,Cluster 2
822,-2.357839199253397,3.931724513031919,1,Sample 1,Cluster 2
823,-2.172291105052805,-4.714421792586459,0,Sample 1,Cluster 1
824,-3.4836396755619337,5.3973593785892175,1,Sample 1,Cluster 2
825,-3.626009355774257,4.3777466499273,1,Sample 1,Cluster 2
826,-1.8617249760833867,-6.487469417328046,0,Sample 1,Cluster 1
827,4.179869408392615,-4.623592122097154,2,Sample 1,Cluster 3
828,-2.328725004695837,4.00340897703041,1,Sample 1,Cluster 2
829,-1.5215335463237398,-5.207083520295865,0,Sample 1,Cluster 1
830,-2.9644187598437783,5.470862723536488,1,Sample 1,Cluster 2
831,-2.5431238792045914,-5.785842864301852,0,Sample 1,Cluster 1
832,-3.2859899148306475,4.8202934800023804,1,Sample 1,Cluster 2
833,-3.477702247113556,5.57039874413791,1,Sample 1,Cluster 2
834,-2.3463607068079746,4.752706828637999,1,Sample 1,Cluster 2
835,-2.3329091239961954,3.4322639008961797,1,Sample 1,Cluster 2
836,-3.495090588313028,4.445675841763274,1,Sample 1,Cluster 2
837,-1.312707177171228,5.2844906790285275,1,Sample 1,Cluster 2
838,-2.4875053328403176,5.721821739029318,1,Sample 1,Cluster 2
839,-1.9241936462814544,3.965381633703069,1,Sample 1,Cluster 2
840,4.099177191408159,-5.084872508273136,2,Sample 1,Cluster 3
841,3.598651467033944,-5.837726054952212,2,Sample 1,Cluster 3
842,-3.178107142895268,4.478328889125551,1,Sample 1,Cluster 2
843,-2.4695972174654397,5.096025061374609,1,Sample 1,Cluster 2
844,-3.5324491375569753,-5.114607132291354,0,Sample 1,Cluster 1
845,3.4618048798707415,-3.9102940770519368,2,Sample 1,Cluster 3
846,-2.690488349049643,-4.963197802197381,0,Sample 1,Cluster 1
847,-2.9908700842902354,-4.843007247466623,0,Sample 1,Cluster 1
848,3.3972655443253634,-4.743255950459474,2,Sample 1,Cluster 3
849,-3.6044789647197213,-5.348924353205988,0,Sample 1,Cluster 1
850,2.2535148778283487,-3.585464565552173,2,Sample 1,Cluster 3
851,3.5662955374437595,-5.2908586359320235,2,Sample 1,Cluster 3
852,-2.874160961049513,5.277203105384572,1,Sample 1,Cluster 2
853,-2.7299580155202845,-4.770136876477593,0,Sample 1,Cluster 1
854,3.8280217863410657,-3.835519616594161,2,Sample 1,Cluster 3
855,-3.358950927134202,-4.935133965679341,0,Sample 1,Cluster 1
856,3.684196766070138,-6.096021301891543,2,Sample 1,Cluster 3
857,2.946439621688984,-4.326575380172789,2,Sample 1,Cluster 3
858,-3.5087071634680362,5.734289557643821,1,Sample 1,Cluster 2
859,-2.7220354050524413,-3.966980928787297,0,Sample 1,Cluster 1
860,-2.755878018603875,5.121406393798992,1,Sample 1,Cluster 2
861,-2.2058805656068627,-6.6800212061213,0,Sample 1,Cluster 1
862,-2.3127804365174818,-5.19882289445956,0,Sample 1,Cluster 1
863,-2.121569374271828,-5.516457657628316,0,Sample 1,Cluster 1
864,-3.5796609692412256,-5.332171014324217,0,Sample 1,Cluster 1
865,4.069230546096877,-4.184861407928081,2,Sample 1,Cluster 3
866,-2.4124841643160857,5.580613299118953,1,Sample 1,Cluster 2
867,-2.9817696482894247,5.375019404860019,1,Sample 1,Cluster 2
868,3.4511717336446006,-5.544395238211238,2,Sample 1,Cluster 3
869,-2.3159433926468784,5.398194471273116,1,Sample 1,Cluster 2
870,-2.6757375102700096,5.285690057209397,1,Sample 1,Cluster 2
871,-2.2416203971058657,-5.048803177484307,0,Sample 1,Cluster 1
872,-2.126763750839898,-3.9230193950378016,0,Sample 1,Cluster 1
873,-1.4926134081705609,-4.082847303679418,0,Sample 1,Cluster 1
874,-4.08343984830063,5.5983282048940275,1,Sample 1,Cluster 2
875,-3.8508041504548,-5.896037937975898,0,Sample 1,Cluster 1
876,3.323698490965388,-5.8966141205569995,2,Sample 1,Cluster 3
877,-1.6326414047651658,-4.831757567822404,0,Sample 1,Cluster 1
878,-1.23634228341543,4.581711978277386,1,Sample 1,Cluster 2
879,-2.11221374616442,4.322914676007301,1,Sample 1,Cluster 2
880,-3.3735471203162506,5.712198000669207,1,Sample 1,Cluster 2
881,2.235669983517642,-4.056046295969229,2,Sample 1,Cluster 3
882,2.681814783376274,-3.799325575775697,2,Sample 1,Cluster 3
883,3.192426530492551,-7.319611103894786,2,Sample 1,Cluster 3
884,3.0249387406034467,-6.657101743470526,2,Sample 1,Cluster 3
885,4.399374507465436,-4.256854389174228,2,Sample 1,Cluster 3
886,-1.6551545527471585,5.178591131303328,1,Sample 1,Cluster 2
887,-2.466939494183505,-4.6455982956421,0,Sample 1,Cluster 1
888,-3.369796751090242,4.131339896891852,1,Sample 1,Cluster 2
889,-4.477315600101831,4.362483795623619,1,Sample 1,Cluster 2
890,3.004513384130795,-4.182701612741569,2,Sample 1,Cluster 3
891,-1.2981143583231773,5.0592758243358205,1,Sample 1,Cluster 2
892,-1.730410248742527,-5.189609576010103,0,Sample 1,Cluster 1
893,-2.4929730760814817,-5.190146653568787,0,Sample 1,Cluster 1
894,-3.8016039366933994,-3.381927815544415,0,Sample 1,Cluster 1
895,-2.9414865167139572,7.046559428534602,1,Sample 1,Cluster 2
896,-1.954358347429904,6.189796924268742,1,Sample 1,Cluster 2
897,-3.6141883777335972,-5.027640499163171,0,Sample 1,Cluster 1
898,-2.5419235604619757,-3.636715586995607,0,Sample 1,Cluster 1
899,4.490583966334428,-5.367887409852112,2,Sample 1,Cluster 3
900,-2.6689041910621554,4.210256378279053,1,Sample 1,Cluster 2
901,-1.1303677727856858,-6.39810920786261,0,Sample 1,Cluster 1
902,2.6634087530809403,-6.685511291700864,2,Sample 1,Cluster 3
903,5.22726482455503,-5.302211910017982,2,Sample 1,Cluster 3
904,-2.965344731158915,4.188194615445706,1,Sample 1,Cluster 2
905,-2.9301166062238533,-4.47567693611981,0,Sample 1,Cluster 1
906,4.962032161478768,-4.624817537481226,2,Sample 1,Cluster 3
907,-2.488581545730853,4.236848464482684,1,Sample 1,Cluster 2
908,-4.16729035159887,-3.6202426801911134,0,Sample 1,Cluster 1
909,4.188367190448767,-6.028799765213195,2,Sample 1,Cluster 3
910,-3.371706429873911,4.372190473497837,1,Sample 1,Cluster 2
911,3.440666466130008,-4.65732635947142,2,Sample 1,Cluster 3
912,-2.677979917422612,-3.362510243424354,0,Sample 1,Cluster 1
913,4.446964334603006,-4.91109649976279,2,Sample 1,Cluster 3
914,3.3590478509049824,-6.380616899850059,2,Sample 1,Cluster 3
915,2.4542003295507784,-4.450058595898796,2,Sample 1,Cluster 3
916,-1.9138879382275364,4.9354267359131345,1,Sample 1,Cluster 2
917,-1.9632710013784997,-4.516967583777685,0,Sample 1,Cluster 1
918,3.1815785385714075,-4.320332375162706,2,Sample 1,Cluster 3
919,3.0860803439427253,-4.6761412729533856,2,Sample 1,Cluster 3
920,-2.6404511563993722,-4.465076156193675,0,Sample 1,Cluster 1
921,3.8598477621353844,-5.316226838412945,2,Sample 1,Cluster 3
922,3.7499382296203025,-5.262245167901218,2,Sample 1,Cluster 3
923,2.931038330396569,-4.056907250370449,2,Sample 1,Cluster 3
924,3.28560988373958,-6.361332686629933,2,Sample 1,Cluster 3
925,-2.162763133170751,-4.7865452829636785,0,Sample 1,Cluster 1
926,2.7219839040230562,-4.29906085464554,2,Sample 1,Cluster 3
927,-2.8106775506409267,-5.24449528885465,0,Sample 1,Cluster 1
928,3.358740898598494,-4.939461167509291,2,Sample 1,Cluster 3
929,-3.319349459463364,6.483274053067351,1,Sample 1,Cluster 2
930,-1.5466340023143479,-5.06697436787937,0,Sample 1,Cluster 1
931,-2.160746510785239,-4.9684423614074085,0,Sample 1,Cluster 1
932,3.5124748324906188,-6.557220229087092,2,Sample 1,Cluster 3
933,-2.6887759897687773,-4.404651431747972,0,Sample 1,Cluster 1
934,-4.290584986659978,-6.696560122108053,0,Sample 1,Cluster 1
935,2.8705655502322682,-5.061995439914391,2,Sample 1,Cluster 3
936,-1.4681977967338036,5.538545081015966,1,Sample 1,Cluster 2
937,-1.7029865444422878,4.60499473347095,1,Sample 1,Cluster 2
938,-3.401996879162431,-4.097672805397145,0,Sample 1,Cluster 1
939,2.1886683720335958,-5.38124304114682,2,Sample 1,Cluster 3
940,-2.093113301413246,-5.344247455963714,0,Sample 1,Cluster 1
941,-3.0148398658539697,5.823968654064929,1,Sample 1,Cluster 2
942,-2.707673081090884,3.797485637505515,1,Sample 1,Cluster 2
943,-2.590784516705713,-4.822753221100632,0,Sample 1,Cluster 1
944,-3.372319261954277,6.128745903797016,1,Sample 1,Cluster 2
945,2.9792618991140083,-4.993817685459453,2,Sample 1,Cluster 3
946,-2.599428621729949,-5.169107383854375,0,Sample 1,Cluster 1
947,-3.0111693981516017,3.9415281652740015,1,Sample 1,Cluster 2
948,3.8609585090046443,-3.586790559737893,2,Sample 1,Cluster 3
949,2.784493527705189,-5.493769797318369,2,Sample 1,Cluster 3
950,-3.0128650132306842,-4.472756524869264,0,Sample 1,Cluster 1
951,3.5711151106014025,-3.666194526600373,2,Sample 1,Cluster 3
952,-2.9892142423935586,3.874671122521422,1,Sample 1,Cluster 2
953,-3.288580837068435,5.403237212414275,1,Sample 1,Cluster 2
954,-2.925163641087372,-6.254287540292365,0,Sample 1,Cluster 1
955,-2.655757836893345,-5.051350541686798,0,Sample 1,Cluster 1
956,-3.3133465028611977,-5.195264378939361,0,Sample 1,Cluster 1
957,-2.5359144240980296,-4.853999175520629,0,Sample 1,Cluster 1
958,3.0210063427089566,-4.587084768330897,2,Sample 1,Cluster 3
959,-1.897326703116374,5.304926707906223,1,Sample 1,Cluster 2
960,-2.605709271121238,-5.4189850422171375,0,Sample 1,Cluster 1
961,-2.914089039228937,5.179030361311119,1,Sample 1,Cluster 2
962,4.007171194944456,-4.9814432171541005,2,Sample 1,Cluster 3
963,-2.573364819316101,-5.710215609230833,0,Sample 1,Cluster 1
964,-2.343323795921855,4.2173017779079744,1,Sample 1,Cluster 2
965,3.0107030998045827,-4.9323784129725405,2,Sample 1,Cluster 3
966,-2.7353940045091663,-3.9147332913376145,0,Sample 1,Cluster 1
967,2.3017488635655834,-4.95324041543548,2,Sample 1,Cluster 3
968,-2.599909508280054,-4.987441763233793,0,Sample 1,Cluster 1
969,-2.2067214031225215,4.2480961709381155,1,Sample 1,Cluster 2
970,2.605581502606666,-4.392399969987102,2,Sample 1,Cluster 3
971,-1.5657743506721542,5.20353667464097,1,Sample 1,Cluster 2
972,-2.8135014123094932,-5.814211447261562,0,Sample 1,Cluster 1
973,-1.9046464228000506,4.855020661425518,1,Sample 1,Cluster 2
974,3.4487813488813965,-6.4669646141035475,2,Sample 1,Cluster 3
975,-1.7396609294511598,4.538477075470078,1,Sample 1,Cluster 2
976,-2.18831638072641,-6.776336807148101,0,Sample 1,Cluster 1
977,3.6419020057584954,-5.647912079271526,2,Sample 1,Cluster 3
978,-3.0597804063940686,5.171183928587378,1,Sample 1,Cluster 2
979,-2.6968499905039587,4.325402723747047,1,Sample 1,Cluster 2
980,-3.001573646230214,6.449958846397543,1,Sample 1,Cluster 2
981,-3.5686899233348908,-4.420690752548402,0,Sample 1,Cluster 1
982,2.7571637165279013,-5.900523974240468,2,Sample 1,Cluster 3
983,2.6872602612546967,-5.178778004189551,2,Sample 1,Cluster 3
984,-1.2770017195672732,-5.064836771777395,0,Sample 1,Cluster 1
985,-3.252319133187483,-5.448608725583888,0,Sample 1,Cluster 1
986,-0.8022750423898932,5.825972208440918,1,Sample 1,Cluster 2
987,-2.131782700014157,-4.844126127783889,0,Sample 1,Cluster 1
988,-4.235741934180561,-5.9553515208738315,0,Sample 1,Cluster 1
989,3.4976978829623757,-5.620485283681913,2,Sample 1,Cluster 3
990,4.193510566278866,-4.162178873152429,2,Sample 1,Cluster 3
991,3.489394873671415,-4.570017036314857,2,Sample 1,Cluster 3
992,3.581114756642135,-4.619398406534774,2,Sample 1,Cluster 3
993,-2.1047488648195842,-7.283701330323513,0,Sample 1,Cluster 1
994,-2.3742976648072474,-4.859048141997846,0,Sample 1,Cluster 1
995,-2.316802886032528,-6.48632116111863,0,Sample 1,Cluster 1
996,-3.159611329222139,-5.486871778591761,0,Sample 1,Cluster 1
997,3.5260347390936597,-5.532554771914837,2,Sample 1,Cluster 3
998,-0.38452532238637227,3.7976237372838773,1,Sample 1,Cluster 2
999,-4.490661882730391,-5.526598729867079,0,Sample 1,Cluster 1
1000,-2.5204432567931563,5.938183215407491,1,Sample 1,Cluster 2
1001,-2.559158052486714,-5.361327580927698,0,Sample 1,Cluster 1
1002,4.036504511789855,-4.615513125322122,2,Sample 1,Cluster 3
1003,2.3046421195095617,-5.404391804355609,2,Sample 1,Cluster 3
1004,-2.049695311860516,-5.703851482801643,0,Sample 1,Cluster 1
1005,-4.657509314353257,4.95656410678575,1,Sample 1,Cluster 2
1006,2.6849104294760324,-4.314419570413771,2,Sample 1,Cluster 3
1007,-2.340752243541224,4.519826498272964,1,Sample 1,Cluster 2
1008,-2.239093582206306,3.9991091388917575,1,Sample 1,Cluster 2
1009,-2.5204594497535955,3.5847392760887056,1,Sample 1,Cluster 2
1010,1.5575109753718528,-6.119745203786149,2,Sample 1,Cluster 3
1011,-3.1270125324691174,4.447567158146993,1,Sample 1,Cluster 2
1012,-3.6872453319394682,-5.166774568432326,0,Sample 1,Cluster 1
1013,-3.0722429674079748,5.543678199147741,1,Sample 1,Cluster 2
1014,3.508044523368673,-3.968909259834958,2,Sample 1,Cluster 3
1015,-2.8648966619793503,-4.854858703908823,0,Sample 1,Cluster 1
1016,-2.714824518324666,4.28704621966777,1,Sample 1,Cluster 2
1017,1.531098617548262,-4.731225461247539,2,Sample 1,Cluster 3
1018,-3.940846187322191,4.565860960212783,1,Sample 1,Cluster 2
1019,3.886062099247088,-5.3558454705363925,2,Sample 1,Cluster 3
1020,1.7853620395409566,-5.119489196519713,2,Sample 1,Cluster 3
1021,-2.6443839308725003,7.554486054275889,1,Sample 1,Cluster 2
1022,-1.4191416860694885,-4.291047049132164,0,Sample 1,Cluster 1
1023,-3.8539717037718555,6.223640255568491,1,Sample 1,Cluster 2
1024,-2.678561803707844,6.191890750881666,1,Sample 1,Cluster 2
1025,-2.022847089934598,-5.5074286781515225,0,Sample 1,Cluster 1
1026,3.628546483593467,-4.900571444119319,2,Sample 1,Cluster 3
1027,-2.100251911757653,5.377601816735419,1,Sample 1,Cluster 2
1028,2.3188238893530837,-5.134607307590033,2,Sample 1,Cluster 3
1029,-2.1874432632574847,3.9388222973511335,1,Sample 1,Cluster 2
1030,3.001628926282109,-5.579442027366134,2,Sample 1,Cluster 3
1031,2.3659743643416484,-4.954606653362545,2,Sample 1,Cluster 3
1032,-1.1179654639194307,5.349058935739226,1,Sample 1,Cluster 2
1033,3.6846534402936677,-4.333456454983855,2,Sample 1,Cluster 3
1034,2.8308183419979907,-4.920852970376893,2,Sample 1,Cluster 3
1035,3.578240975815538,-5.184847629472719,2,Sample 1,Cluster 3
1036,3.8231991045353433,-5.782870711990924,2,Sample 1,Cluster 3
1037,-2.2920937646012614,5.625458297421848,1,Sample 1,Cluster 2
1038,4.678527299267746,-5.707095116112583,2,Sample 1,Cluster 3
1039,3.8924957907072706,-5.503230288962889,2,Sample 1,Cluster 3
1040,-3.152300502652897,-5.85298794551938,0,Sample 1,Cluster 1
1041,-2.2023156219145097,5.311327356534343,1,Sample 1,Cluster 2
1042,-1.8106911004016446,-4.888751681077266,0,Sample 1,Cluster 1
1043,-1.8383076571473855,-4.873620550198838,0,Sample 1,Cluster 1
1044,2.9204400198361857,-3.300355016136789,2,Sample 1,Cluster 3
1045,-2.9780081557533133,6.1378958893588065,1,Sample 1,Cluster 2
1046,-0.9219662585681534,-6.108790353919199,0,Sample 1,Cluster 1
1047,-2.4645129619875146,-6.396565946287722,0,Sample 1,Cluster 1
1048,2.744482410558522,-5.248750013080875,2,Sample 1,Cluster 3
1049,-3.088242768545562,-4.422816540994125,0,Sample 1,Cluster 1
1050,-2.8809766988357275,5.699511344570182,1,Sample 1,Cluster 2
1051,3.266861871138787,-4.480894459276929,2,Sample 1,Cluster 3
1052,-2.9719138542044865,-4.441048949186365,0,Sample 1,Cluster 1
1053,-1.8039458154489965,5.3965455103780835,1,Sample 1,Cluster 2
1054,3.834481071296489,-5.0639267621300394,2,Sample 1,Cluster 3
1055,2.966231857313336,-5.814067821770701,2,Sample 1,Cluster 3
1056,-2.054757500372993,-6.068385255279913,0,Sample 1,Cluster 1
1057,3.054807415879483,-5.059941244894758,2,Sample 1,Cluster 3
1058,-2.1849621614269985,-6.542138063476488,0,Sample 1,Cluster 1
1059,4.146083112184178,-5.322703796774946,2,Sample 1,Cluster 3
1060,2.1081050811384188,-4.079786083281363,2,Sample 1,Cluster 3
1061,-2.1891371163752287,6.994399613946232,1,Sample 1,Cluster 2
1062,3.368396372901676,-4.2353578039100155,2,Sample 1,Cluster 3
1063,2.8267151695651154,-5.077408082549511,2,Sample 1,Cluster 3
1064,-3.1713740185781107,4.7526300993190285,1,Sample 1,Cluster 2
1065,4.3976792088363865,-5.096469750778776,2,Sample 1,Cluster 3
1066,-2.2651536542666966,3.914734556301276,1,Sample 1,Cluster 2
1067,4.20019981582133,-5.2667685545454175,2,Sample 1,Cluster 3
1068,-2.0362934614291395,5.260637053265733,1,Sample 1,Cluster 2
1069,3.794991080401445,-5.14241863205107,2,Sample 1,Cluster 3
1070,1.9314316572205361,-5.688583330716271,2,Sample 1,Cluster 3
1071,-1.5805813389714594,4.43745885989929,1,Sample 1,Cluster 2
1072,2.7255949191312907,-4.469082922373727,2,Sample 1,Cluster 3
1073,-1.8180250852536395,-5.983346878240333,0,Sample 1,Cluster 1
1074,3.1620130847643826,-4.330276410934893,2,Sample 1,Cluster 3
1075,2.924541997176752,-7.042839676844719,2,Sample 1,Cluster 3
1076,-3.4597580226922466,-6.8529150903751015,0,Sample 1,Cluster 1
1077,-1.4418044264918914,-5.135298148514253,0,Sample 1,Cluster 1
1078,4.572244769352563,-4.743826737640937,2,Sample 1,Cluster 3
1079,4.0187232705097005,-4.68156142679259,2,Sample 1,Cluster 3
1080,-2.3459224650149557,-3.086312291780806,0,Sample 1,Cluster 1
1081,-2.7878149166312687,3.9391618511343696,1,Sample 1,Cluster 2
1082,-2.7771412048055195,-6.289253887282262,0,Sample 1,Cluster 1
1083,2.8799692468892912,-5.479857115133649,2,Sample 1,Cluster 3
1084,-1.5735113011999458,5.6333301551703485,1,Sample 1,Cluster 2
1085,-1.8671744423655623,4.272490036164209,1,Sample 1,Cluster 2
1086,-2.997627844443505,-4.533809933460908,0,Sample 1,Cluster 1
1087,2.310651230291474,-5.716342368740033,2,Sample 1,Cluster 3
1088,3.878728060385447,-4.229997691359919,2,Sample 1,Cluster 3
1089,-2.550111661861788,-4.805501233189686,0,Sample 1,Cluster 1
1090,-3.468937543424625,5.58461129525322,1,Sample 1,Cluster 2
1091,-2.919616213023819,5.391499648982334,1,Sample 1,Cluster 2
1092,-2.976529035234794,6.099550474536654,1,Sample 1,Cluster 2
1093,2.0612198687890952,-5.53172087800165,2,Sample 1,Cluster 3
1094,2.4626043447950567,-2.951597632515453,2,Sample 1,Cluster 3
1095,-2.190553183448638,-4.127215659851227,0,Sample 1,Cluster 1
1096,2.9109381159208425,-3.917544671866874,2,Sample 1,Cluster 3
1097,3.406977443182927,-4.619007717289867,2,Sample 1,Cluster 3
1098,-1.6940448214438413,-6.003938134401834,0,Sample 1,Cluster 1
1099,4.3726531897714676,-4.465961535704004,2,Sample 1,Cluster 3
1100,3.27715704411924,-7.0178223339903605,2,Sample 1,Cluster 3
1101,3.282621451705485,-4.613767900751745,2,Sample 1,Cluster 3
1102,-2.342166187495035,5.249046938754308,1,Sample 1,Cluster 2
1103,-2.0551823225261674,-5.473027831041516,0,Sample 1,Cluster 1
1104,-2.4722290009979506,-6.574803370750443,0,Sample 1,Cluster 1
1105,-2.6202563682174977,-5.261356970549091,0,Sample 1,Cluster 1
1106,-1.913736734542604,-6.019385695261436,0,Sample 1,Cluster 1
1107,-1.8328622763608768,5.367344063382749,1,Sample 1,Cluster 2
1108,-1.719841896174056,5.400875335951876,1,Sample 1,Cluster 2
1109,-3.3826932849390987,3.2776875256380134,1,Sample 1,Cluster 2
1110,-2.6520312280011957,4.714043661751658,1,Sample 1,Cluster 2
1111,-1.4624043627511125,4.9817055501608944,1,Sample 1,Cluster 2
1112,-1.8944091066837183,4.2622677406579,1,Sample 1,Cluster 2
1113,-3.460237125644621,4.732399011327241,1,Sample 1,Cluster 2
1114,-4.0148917335630285,5.170634965898351,1,Sample 1,Cluster 2
1115,3.6013768148630705,-4.5481687152738814,2,Sample 1,Cluster 3
1116,2.9400837821181893,-6.130180607120445,2,Sample 1,Cluster 3
1117,-1.6370553332549633,4.969193224399434,1,Sample 1,Cluster 2
1118,-2.829458695170926,-4.894457626582434,0,Sample 1,Cluster 1
1119,4.3754056507623185,-4.889870447305563,2,Sample 1,Cluster 3
1120,-2.238604188318144,5.240379487688663,1,Sample 1,Cluster 2
1121,-4.035016972239234,4.978788899640627,1,Sample 1,Cluster 2
1122,2.8907915370555175,-5.203161365117788,2,Sample 1,Cluster 3
1123,-2.04149774940704,-6.428693193547289,0,Sample 1,Cluster 1
1124,1.9499870217305972,-3.4376660940083914,2,Sample 1,Cluster 3
1125,3.8050447184192535,-7.12146245043596,2,Sample 1,Cluster 3
1126,-3.202658461743791,-5.302406319214573,0,Sample 1,Cluster 1
1127,-3.1854814921022396,-5.900843168728841,0,Sample 1,Cluster 1
1128,2.426596518699235,-4.720061027800486,2,Sample 1,Cluster 3
1129,-1.5491225415303935,-3.520510286890895,0,Sample 1,Cluster 1
1130,-0.748157653425862,4.353361371715879,1,Sample 1,Cluster 2
1131,3.144174263944646,-5.095695699495017,2,Sample 1,Cluster 3
1132,-2.365587727573977,-4.2438307723108135,0,Sample 1,Cluster 1
1133,2.5328298353467407,-5.684076379527363,2,Sample 1,Cluster 3
1134,2.317043696273265,-4.076244986626624,2,Sample 1,Cluster 3
1135,-2.1565273417586126,-4.696288281291228,0,Sample 1,Cluster 1
1136,-1.930871536427604,-2.509671839164927,0,Sample 1,Cluster 1
1137,-2.432385219347738,-5.570867735925741,0,Sample 1,Cluster 1
1138,-2.2729991810707992,-5.790298672720599,0,Sample 1,Cluster 1
1139,-2.0198296274045777,-4.233654355827452,0,Sample 1,Cluster 1
1140,-1.356913833749146,-6.179305705633684,0,Sample 1,Cluster 1
1141,-3.1106073252340134,3.556094319468385,1,Sample 1,Cluster 2
1142,-2.264620696789205,4.8124737597469425,1,Sample 1,Cluster 2
1143,3.8243500179652603,-4.699635313898198,2,Sample 1,Cluster 3
1144,-2.1735577225305955,-4.559361942181069,0,Sample 1,Cluster 1
1145,-2.8410860769644346,5.918756567357404,1,Sample 1,Cluster 2
1146,-1.922662348765412,4.096758583026217,1,Sample 1,Cluster 2
1147,3.9360689041352783,-5.491631026952876,2,Sample 1,Cluster 3
1148,-1.4864710806507018,4.433864427504975,1,Sample 1,Cluster 2
1149,-3.3770200695161616,3.847959293924564,1,Sample 1,Cluster 2
1150,-2.527747909909425,5.187371786029217,1,Sample 1,Cluster 2
1151,-1.1612383277611702,6.0723688414322785,1,Sample 1,Cluster 2
1152,3.442020872598659,-5.0420040548309215,2,Sample 1,Cluster 3
1153,-1.968237803733512,-5.442336669893842,0,Sample 1,Cluster 1
1154,3.2417554358942433,-4.881795274079897,2,Sample 1,Cluster 3
1155,4.275935611371735,-4.6734912697773145,2,Sample 1,Cluster 3
1156,2.824900454280888,-4.833341993099526,2,Sample 1,Cluster 3
1157,4.294878668964968,-4.992969245894343,2,Sample 1,Cluster 3
1158,-1.5121984687641639,-5.8255641936755485,0,Sample 1,Cluster 1
1159,-0.8550342960477422,4.117433307422654,1,Sample 1,Cluster 2
1160,4.862937708575492,-4.06875187793125,2,Sample 1,Cluster 3
1161,-2.225105368345231,3.589567875709813,1,Sample 1,Cluster 2
1162,-4.599853645099289,-2.9607922330258223,0,Sample 1,Cluster 1
1163,-2.985977830096246,-5.323489594152019,0,Sample 1,Cluster 1
1164,-3.2987083513506334,5.241433519855573,1,Sample 1,Cluster 2
1165,-2.9238081630136312,5.410613946490685,1,Sample 1,Cluster 2
1166,2.5346879131004894,-4.584965586038623,2,Sample 1,Cluster 3
1167,3.193614976788031,-3.9118654953375893,2,Sample 1,Cluster 3
1168,-2.5762364259095616,5.223217220616271,1,Sample 1,Cluster 2
1169,4.269862636787462,-6.324179769751547,2,Sample 1,Cluster 3
1170,-2.318003299414357,-4.49122579943061,0,Sample 1,Cluster 1
1171,3.820321804632867,-5.445704458057785,2,Sample 1,Cluster 3
1172,2.8303971357086453,-7.0945065589538245,2,Sample 1,Cluster 3
1173,-2.8588342692222892,-4.809156036981008,0,Sample 1,Cluster 1
1174,-3.4738261537763835,-4.872429994556697,0,Sample 1,Cluster 1
1175,-2.87152340984751,5.369648714601517,1,Sample 1,Cluster 2
1176,-3.942511741004756,3.732691245595608,1,Sample 1,Cluster 2
1177,-2.5870081187654863,5.3213693776791535,1,Sample 1,Cluster 2
1178,-3.444650252247076,5.891457355735097,1,Sample 1,Cluster 2
1179,-3.0853053911268224,-3.4876474518753735,0,Sample 1,Cluster 1
1180,-3.084293305373709,5.17316687166558,1,Sample 1,Cluster 2
1181,5.687772001548231,-4.420407151694618,2,Sample 1,Cluster 3
1182,3.28770039985098,-4.052810045442488,2,Sample 1,Cluster 3
1183,-3.202386069405249,4.3384957167681115,1,Sample 1,Cluster 2
1184,2.912089226823972,-6.057877947746636,2,Sample 1,Cluster 3
1185,-2.984124988484798,-4.271665200251544,0,Sample 1,Cluster 1
1186,2.9422244380983806,-3.7288477372447337,2,Sample 1,Cluster 3
1187,3.9252885744367867,-3.6562020942227766,2,Sample 1,Cluster 3
1188,-2.2188414339667335,5.856120190653142,1,Sample 1,Cluster 2
1189,-3.0939764685584388,3.9439819910234353,1,Sample 1,Cluster 2
1190,2.852432091198256,-4.067266783795821,2,Sample 1,Cluster 3
1191,-3.6322965936403317,4.663483741787712,1,Sample 1,Cluster 2
1192,4.178713262357668,-4.2265543165995645,2,Sample 1,Cluster 3
1193,-3.013185276178362,5.345538035739152,1,Sample 1,Cluster 2
1194,-2.536409796240994,-5.339389066718435,0,Sample 1,Cluster 1
1195,1.819123591261292,-4.7508073129617685,2,Sample 1,Cluster 3
1196,-3.495634000067778,-4.813705530058481,0,Sample 1,Cluster 1
1197,-3.7154768603814743,-7.265724478488455,0,Sample 1,Cluster 1
1198,-2.9138307600802977,6.127477952148464,1,Sample 1,Cluster 2
1199,-3.828866732453738,-4.597398348200397,0,Sample 1,Cluster 1
1200,-1.8596723798178543,5.60343306385086,1,Sample 1,Cluster 2
1201,-3.745303338819123,5.484807961076512,1,Sample 1,Cluster 2
1202,-1.9724390071091107,-5.643158731781985,0,Sample 1,Cluster 1
1203,-2.7060963884087954,-5.055706762640087,0,Sample 1,Cluster 1
1204,4.214723622762301,-4.606405210530803,2,Sample 1,Cluster 3
1205,-0.7519240839711101,-5.549372274402637,0,Sample 1,Cluster 1
1206,2.9520921947579404,-6.043671555040378,2,Sample 1,Cluster 3
1207,3.660884157847135,-5.221337417375317,2,Sample 1,Cluster 3
1208,-3.2852069208383607,5.369682779410617,1,Sample 1,Cluster 2
1209,4.045379519313701,-5.4858091312688675,2,Sample 1,Cluster 3
1210,-2.222632017916064,-2.990754758732461,0,Sample 1,Cluster 1
1211,3.042828015879671,-4.316478399103424,2,Sample 1,Cluster 3
1212,-2.6099588117021533,5.762299637762351,1,Sample 1,Cluster 2
1213,1.8695878811668671,-4.5072263951625295,2,Sample 1,Cluster 3
1214,-2.3482350659116835,4.470414257762712,1,Sample 1,Cluster 2
1215,-3.3297969234611653,4.847729057533114,1,Sample 1,Cluster 2
1216,2.3798335699803337,-3.445176895102242,2,Sample 1,Cluster 3
1217,-3.597338957784373,-5.567552801942037,0,Sample 1,Cluster 1
1218,2.441707481326884,-6.39136412173824,2,Sample 1,Cluster 3
1219,2.7145686581065895,-3.481012014915809,2,Sample 1,Cluster 3
1220,-1.9307080975288882,4.100286326529704,1,Sample 1,Cluster 2
1221,-2.9023798164410746,5.210789772264848,1,Sample 1,Cluster 2
1222,2.9464064233832787,-5.1973795392915525,2,Sample 1,Cluster 3
1223,2.631346115608828,-6.1256697558272135,2,Sample 1,Cluster 3
1224,-1.8677024831586309,5.272041035655112,1,Sample 1,Cluster 2
1225,4.423916513439134,-5.242900858318401,2,Sample 1,Cluster 3
1226,-1.6532604105203297,3.5930084108615086,1,Sample 1,Cluster 2
1227,-2.8572119616536167,5.6851190354587775,1,Sample 1,Cluster 2
1228,-3.0490233086040677,-6.1461370317917225,0,Sample 1,Cluster 1
1229,-3.223691499995013,-4.061794523786044,0,Sample 1,Cluster 1
1230,-3.708032969588202,-5.17643058332523,0,Sample 1,Cluster 1
1231,2.9206090828274616,-5.740313806114365,2,Sample 1,Cluster 3
1232,-2.198872379121987,4.278358756513992,1,Sample 1,Cluster 2
1233,-1.2619958389359507,6.436702138476417,1,Sample 1,Cluster 2
1234,-2.3975164680713688,4.455158674020096,1,Sample 1,Cluster 2
1235,4.128772394683432,-4.796215090095832,2,Sample 1,Cluster 3
1236,-3.8467505537767606,4.355303946803049,1,Sample 1,Cluster 2
1237,-1.5083327948467509,-5.316983742481408,0,Sample 1,Cluster 1
1238,-1.9544376229640288,4.751786594725235,1,Sample 1,Cluster 2
1239,2.8243543632117896,-5.452048378840954,2,Sample 1,Cluster 3
1240,3.085020540231281,-6.2382412450472255,2,Sample 1,Cluster 3
1241,-2.6992574757224324,-6.338315121049259,0,Sample 1,Cluster 1
1242,-2.044186175814237,5.358166848013852,1,Sample 1,Cluster 2
1243,2.8109732086676686,-5.439831487710427,2,Sample 1,Cluster 3
1244,4.43610721769638,-5.537209765584437,2,Sample 1,Cluster 3
1245,-1.2129753154125011,-4.3374162478523015,0,Sample 1,Cluster 1
1246,-1.1940709568546917,3.8558868976314935,1,Sample 1,Cluster 2
1247,2.6804093421108983,-6.164043684072442,2,Sample 1,Cluster 3
1248,-2.4990356197102206,4.346329095145448,1,Sample 1,Cluster 2
1249,-2.4014361545724117,5.4411883008323745,1,Sample 1,Cluster 2
1250,-2.6115570205447995,4.639848588118871,1,Sample 1,Cluster 2
1251,-1.8665125516895458,-5.456512344160091,0,Sample 1,Cluster 1
1252,-3.344071494541356,-4.8989858110127456,0,Sample 1,Cluster 1
1253,3.0580821679699524,-5.299627320600201,2,Sample 1,Cluster 3
1254,-3.36484523232661,5.842522282666323,1,Sample 1,Cluster 2
1255,4.245387610529462,-5.6696721068920315,2,Sample 1,Cluster 3
1256,3.620008942194136,-5.957246342893349,2,Sample 1,Cluster 3
1257,-2.876830644494658,5.185639949886109,1,Sample 1,Cluster 2
1258,-2.150609158613192,5.323435803969359,1,Sample 1,Cluster 2
1259,3.717802740075504,-5.6983911735114825,2,Sample 1,Cluster 3
1260,-2.8136865225057264,3.829188041494305,1,Sample 1,Cluster 2
1261,-1.5304448116908795,5.209000424987085,1,Sample 1,Cluster 2
1262,-3.7359498773414073,-5.431444011570616,0,Sample 1,Cluster 1
1263,-1.7878412711001705,5.828199467779002,1,Sample 1,Cluster 2
1264,-3.8543654513563084,4.9213282985642,1,Sample 1,Cluster 2
1265,-3.315756255767085,-4.8349105829396395,0,Sample 1,Cluster 1
1266,-0.7249758132414927,-5.127236168320041,0,Sample 1,Cluster 1
1267,-3.2806986023818663,5.842913437286271,1,Sample 1,Cluster 2
1268,-2.880636355203921,-5.660889593371634,0,Sample 1,Cluster 1
1269,4.564647209981854,-3.7420814317837383,2,Sample 1,Cluster 3
1270,1.8333274233557844,-4.056009176248171,2,Sample 1,Cluster 3
1271,-0.979047451397594,4.951471348948304,1,Sample 1,Cluster 2
1272,-3.3727731441721587,4.671348569636332,1,Sample 1,Cluster 2
1273,-2.5378965620355487,-6.265741410676902,0,Sample 1,Cluster 1
1274,3.557369607491257,-7.139653702523313,2,Sample 1,Cluster 3
1275,-2.6028300091511447,3.494520763601889,1,Sample 1,Cluster 2
1276,-1.4042391138766521,-5.8688436656944685,0,Sample 1,Cluster 1
1277,-3.5808594929664173,3.942033634605144,1,Sample 1,Cluster 2
1278,-2.7924047495882127,-5.121039376186018,0,Sample 1,Cluster 1
1279,-1.5612461786940441,-5.218035777089447,0,Sample 1,Cluster 1
1280,2.8204419251536175,-2.740535527197563,2,Sample 1,Cluster 3
1281,4.120415208218251,-4.899290775538674,2,Sample 1,Cluster 3
1282,-3.064009484606727,4.955384737873835,1,Sample 1,Cluster 2
1283,-1.810850779493756,-4.798946681409518,0,Sample 1,Cluster 1
1284,-2.6345150548678316,4.622327537842298,1,Sample 1,Cluster 2
1285,3.655147795094372,-3.943203368367432,2,Sample 1,Cluster 3
1286,-2.165281423289053,6.121278874357143,1,Sample 1,Cluster 2
1287,-1.2102234973956605,5.7174714526924255,1,Sample 1,Cluster 2
1288,-1.2366297475940868,5.6139477833223275,1,Sample 1,Cluster 2
1289,-0.7774540339907547,4.38612194968956,1,Sample 1,Cluster 2
1290,-2.3064301827471727,3.4693758042737617,1,Sample 1,Cluster 2
1291,3.4797288930495416,-5.667417074454372,2,Sample 1,Cluster 3
1292,-3.5878849127839354,5.597002852821777,1,Sample 1,Cluster 2
1293,-2.1908938769215514,-4.329788622762729,0,Sample 1,Cluster 1
1294,3.467389417974126,-4.070192321995466,2,Sample 1,Cluster 3
1295,-2.6384574594270958,5.012463238065174,1,Sample 1,Cluster 2
1296,-3.0717445415923454,-4.582976075988949,0,Sample 1,Cluster 1
1297,-2.43072817002168,4.875458211686336,1,Sample 1,Cluster 2
1298,-3.676391640985001,-6.010215820558852,0,Sample 1,Cluster 1
1299,3.267817829675339,-4.207047109658667,2,Sample 1,Cluster 3
1300,2.870171927454195,-5.717094038260145,2,Sample 1,Cluster 3
1301,-2.3004930530313956,6.2619626238107795,1,Sample 1,Cluster 2
1302,-2.8493757888324764,4.947093908299342,1,Sample 1,Cluster 2
1303,-2.9907221308327516,4.758024250809497,1,Sample 1,Cluster 2
1304,-3.7391684200427804,-4.793619215023055,0,Sample 1,Cluster 1
1305,-2.297008270804341,5.3741545374123465,1,Sample 1,Cluster 2
1306,-3.00832790418299,-5.033034149605826,0,Sample 1,Cluster 1
1307,-1.3383058406539516,-4.9886805880273934,0,Sample 1,Cluster 1
1308,-1.180415284540863,-4.143511552016651,0,Sample 1,Cluster 1
1309,-3.6734281524925416,-5.401121717508509,0,Sample 1,Cluster 1
1310,-2.5561325691669174,3.671231253187207,1,Sample 1,Cluster 2
1311,-2.514810508793912,4.769073088863889,1,Sample 1,Cluster 2
1312,-3.074725812455358,5.715939501555553,1,Sample 1,Cluster 2
1313,-3.0451041880556593,-4.225739180779836,0,Sample 1,Cluster 1
1314,3.9008621178026175,-5.112442788401945,2,Sample 1,Cluster 3
1315,-0.9103511106404469,-5.424776718249571,0,Sample 1,Cluster 1
1316,3.300334830149971,-3.2727030763173666,2,Sample 1,Cluster 3
1317,-2.5747094871199585,-5.423465689958697,0,Sample 1,Cluster 1
1318,3.063081257980211,-5.501936587541099,2,Sample 1,Cluster 3
1319,-2.6414193304926257,-6.238894639090997,0,Sample 1,Cluster 1
1320,5.510863051658528,-4.324435302342668,2,Sample 1,Cluster 3
1321,3.8399135814254084,-5.310103866130597,2,Sample 1,Cluster 3
1322,4.446111219734454,-6.084776275887971,2,Sample 1,Cluster 3
1323,-1.6289842766266625,-5.301040579939997,0,Sample 1,Cluster 1
1324,-2.0581600498563812,-4.499495253083199,0,Sample 1,Cluster 1
1325,-2.467264659683423,4.198250035374822,1,Sample 1,Cluster 2
1326,-2.9573968335648493,-4.733913991740642,0,Sample 1,Cluster 1
1327,-2.6847476241669423,5.556965091850735,1,Sample 1,Cluster 2
1328,-3.3648506620799177,5.492748485555411,1,Sample 1,Cluster 2
1329,-2.8571468916404226,5.155271994318646,1,Sample 1,Cluster 2
1330,-1.5669035634645982,-4.575219470428728,0,Sample 1,Cluster 1
1331,3.7369987849152455,-4.498769309330446,2,Sample 1,Cluster 3
1332,3.2285926892324324,-4.09740817338493,2,Sample 1,Cluster 3
1333,3.2824745019844364,-6.1607423128889796,2,Sample 1,Cluster 3
1334,2.502044398639142,-3.649961555810565,2,Sample 1,Cluster 3
1335,-2.0091856218156665,4.181765947841275,1,Sample 1,Cluster 2
1336,-2.888290838263283,5.065499311509058,1,Sample 1,Cluster 2
1337,-3.190794883971947,-5.0249627911512675,0,Sample 1,Cluster 1
1338,3.482925501113065,-5.035418655875719,2,Sample 1,Cluster 3
1339,4.282249712567173,-3.767740816144091,2,Sample 1,Cluster 3
1340,-2.460553334783822,-4.384928259224883,0,Sample 1,Cluster 1
1341,-2.9640425930960346,5.191523600428302,1,Sample 1,Cluster 2
1342,-3.577701031623757,4.222708769191478,1,Sample 1,Cluster 2
1343,-3.602135494365673,4.249739968067901,1,Sample 1,Cluster 2
1344,-2.7890484495738326,-5.0513473290310555,0,Sample 1,Cluster 1
1345,-1.3805156507311982,5.739706946330215,1,Sample 1,Cluster 2
1346,-3.373850211738063,4.746873240244159,1,Sample 1,Cluster 2
1347,-1.9858217921059649,6.063322024105945,1,Sample 1,Cluster 2
1348,-2.9555598195936885,-5.099217109911998,0,Sample 1,Cluster 1
1349,1.1706548956474476,-4.728515349795024,2,Sample 1,Cluster 3
1350,-3.049611279759598,-6.080444771474387,0,Sample 1,Cluster 1
1351,-2.1492194089522183,5.015693326155192,1,Sample 1,Cluster 2
1352,-3.288431680576744,-5.77579497570774,0,Sample 1,Cluster 1
1353,4.715704401638746,-5.375477173141369,2,Sample 1,Cluster 3
1354,-1.6784843053936684,-4.520337967003716,0,Sample 1,Cluster 1
1355,-1.5295218400166533,5.1133735309119235,1,Sample 1,Cluster 2
1356,-1.6478624274284908,-3.8379066036110565,0,Sample 1,Cluster 1
1357,-3.123882356977311,-4.134412152600046,0,Sample 1,Cluster 1
1358,-1.8543019226901518,4.221163040236425,1,Sample 1,Cluster 2
1359,-0.9612433641400373,-5.619691976014866,0,Sample 1,Cluster 1
1360,3.02872261024389,-6.01557221281025,2,Sample 1,Cluster 3
1361,-2.2106911799618927,4.4839041963159,1,Sample 1,Cluster 2
1362,4.653791703919612,-5.503369719623554,2,Sample 1,Cluster 3
1363,-3.1323795643562495,5.3771746857087965,1,Sample 1,Cluster 2
1364,-3.2374878505002505,4.196834102334801,1,Sample 1,Cluster 2
1365,-2.3890838530319325,-5.868901039345128,0,Sample 1,Cluster 1
1366,3.0791246181194167,-4.906737190390029,2,Sample 1,Cluster 3
1367,-1.6155792536336129,5.949624244448304,1,Sample 1,Cluster 2
1368,4.078666106827809,-4.6837010550514675,2,Sample 1,Cluster 3
1369,-1.4517530031043133,6.116547048631965,1,Sample 1,Cluster 2
1370,-2.282736930243701,3.9786011393437524,1,Sample 1,Cluster 2
1371,-3.1183021342588875,5.325641829699628,1,Sample 1,Cluster 2
1372,-2.5447363588177705,-4.729633977414306,0,Sample 1,Cluster 1
1373,3.600794976976136,-5.231985083549312,2,Sample 1,Cluster 3
1374,3.2865892381353428,-4.338877346135581,2,Sample 1,Cluster 3
1375,-2.5616813675312833,5.272921579853315,1,Sample 1,Cluster 2
1376,2.757341706755782,-5.739250245872852,2,Sample 1,Cluster 3
1377,-1.9895591188473942,5.400675579955566,1,Sample 1,Cluster 2
1378,-3.5868592122059795,-5.8637890570206785,0,Sample 1,Cluster 1
1379,-3.016771343299628,4.360646394679797,1,Sample 1,Cluster 2
1380,-2.976427948147087,-4.279573538134727,0,Sample 1,Cluster 1
1381,-3.0214688862417276,5.037918937053131,1,Sample 1,Cluster 2
1382,3.7578798317413717,-5.53074892577559,2,Sample 1,Cluster 3
1383,-2.5856242879636464,4.171806142064501,1,Sample 1,Cluster 2
1384,-1.9901402535815418,-3.706959965822467,0,Sample 1,Cluster 1
1385,-1.6621458347028413,5.9356719939422184,1,Sample 1,Cluster 2
1386,-2.188817016518253,-4.79882111284759,0,Sample 1,Cluster 1
1387,-1.6764695192357393,-4.362638458343406,0,Sample 1,Cluster 1
1388,3.5447371442192046,-5.032267128171235,2,Sample 1,Cluster 3
1389,-1.7101323867287186,4.9392391810859815,1,Sample 1,Cluster 2
1390,-3.330835056675178,-6.305020652368756,0,Sample 1,Cluster 1
1391,-3.1256027940088296,-5.60776249398423,0,Sample 1,Cluster 1
1392,-2.0824467475064816,5.237587738586549,1,Sample 1,Cluster 2
1393,-2.4546800600823144,5.423754203485385,1,Sample 1,Cluster 2
1394,-2.3746450174027802,-4.181175484651725,0,Sample 1,Cluster 1
1395,2.6846181843731336,-4.706548765371646,2,Sample 1,Cluster 3
1396,-3.7178873489743127,5.89015069999194,1,Sample 1,Cluster 2
1397,-2.8600102863966512,-3.9942806265099415,0,Sample 1,Cluster 1
1398,-3.981474185259727,-4.373128268161114,0,Sample 1,Cluster 1
1399,2.3523898470831868,-3.2426831560168363,2,Sample 1,Cluster 3
1400,-2.116393961598713,-4.41684704434364,0,Sample 1,Cluster 1
1401,2.886002265285967,-5.36824541005949,2,Sample 1,Cluster 3
1402,3.267259273052301,-4.384025014931822,2,Sample 1,Cluster 3
1403,-3.7342425745943197,-5.128504895620395,0,Sample 1,Cluster 1
1404,-2.3474915269879806,5.753048464613987,1,Sample 1,Cluster 2
1405,-2.517093835478749,4.402230656681741,1,Sample 1,Cluster 2
1406,-1.9220949137377827,4.701733478326586,1,Sample 1,Cluster 2
1407,3.6314518825173776,-4.8668054983079,2,Sample 1,Cluster 3
1408,5.193092464792068,-5.423157410179759,2,Sample 1,Cluster 3
1409,3.5749020534707454,-5.437926018213498,2,Sample 1,Cluster 3
1410,-3.2415443772624664,4.95237971515056,1,Sample 1,Cluster 2
1411,1.577827357477314,-3.7204232479089683,2,Sample 1,Cluster 3
1412,-2.827446779276577,-4.195260390562867,0,Sample 1,Cluster 1
1413,-3.750036685509234,4.576757858122964,1,Sample 1,Cluster 2
1414,-3.349914822517504,5.342645677766119,1,Sample 1,Cluster 2
1415,3.533835919015975,-4.353143194487907,2,Sample 1,Cluster 3
1416,-2.516448445880406,-4.768653061505019,0,Sample 1,Cluster 1
1417,-2.6712541581822893,-4.696475681915913,0,Sample 1,Cluster 1
1418,-3.446444947787511,-5.2022106040769485,0,Sample 1,Cluster 1
1419,2.9725381197098857,-4.76484048964547,2,Sample 1,Cluster 3
1420,2.4895697693605974,-5.053784245756905,2,Sample 1,Cluster 3
1421,-1.152857846833705,4.632892589704848,1,Sample 1,Cluster 2
1422,2.892863679732768,-4.592248615020275,2,Sample 1,Cluster 3
1423,-2.8080174493702907,-4.693608812207257,0,Sample 1,Cluster 1
1424,3.5848890060332157,-5.287166708143531,2,Sample 1,Cluster 3
1425,-2.779551461773565,-5.618054999004992,0,Sample 1,Cluster 1
1426,2.549392873507538,-6.565870871307192,2,Sample 1,Cluster 3
1427,-2.342783064238824,5.56720300607081,1,Sample 1,Cluster 2
1428,3.2461145973625625,-4.972499752778832,2,Sample 1,Cluster 3
1429,3.034638593330866,-5.400158253676796,2,Sample 1,Cluster 3
1430,-4.159589080813049,-5.017627891203416,0,Sample 1,Cluster 1
1431,3.399551656361674,-4.970573733460612,2,Sample 1,Cluster 3
1432,-1.9544868082989508,6.477365860588827,1,Sample 1,Cluster 2
1433,-1.2663120379456994,6.604874310527299,1,Sample 1,Cluster 2
1434,3.77178687309907,-6.071591493222927,2,Sample 1,Cluster 3
1435,3.0407916673089175,-4.596583401569292,2,Sample 1,Cluster 3
1436,-3.349842970980884,5.378873944508145,1,Sample 1,Cluster 2
1437,-2.5200215669961152,5.654213039360229,1,Sample 1,Cluster 2
1438,-1.622762305415797,-6.753003080932225,0,Sample 1,Cluster 1
1439,-2.329940775494228,-4.178410989344214,0,Sample 1,Cluster 1
1440,5.047738977001261,-5.3758115714697094,2,Sample 1,Cluster 3
1441,-2.1334655081690412,-5.783776979773446,0,Sample 1,Cluster 1
1442,-3.0873390390227966,5.065596445130848,1,Sample 1,Cluster 2
1443,2.6561350910382076,-4.5136419463953965,2,Sample 1,Cluster 3
1444,-1.463149550574883,-5.885725453441961,0,Sample 1,Cluster 1
1445,-1.6520508927627024,5.493604759661358,1,Sample 1,Cluster 2
1446,-3.73006783715934,-5.1159236632651455,0,Sample 1,Cluster 1
1447,4.611251167910632,-4.484248157372614,2,Sample 1,Cluster 3
1448,-1.943569793947378,5.679281688594515,1,Sample 1,Cluster 2
1449,-2.7473672616398908,4.398274875527534,1,Sample 1,Cluster 2
1450,3.4466099627252396,-4.619793116226151,2,Sample 1,Cluster 3
1451,-2.278734795527161,-4.99315513534052,0,Sample 1,Cluster 1
1452,3.4813097933918584,-4.637794918338645,2,Sample 1,Cluster 3
1453,-2.883006857217351,-4.7124193619623,0,Sample 1,Cluster 1
1454,-3.2385865968887235,3.9186523155069333,1,Sample 1,Cluster 2
1455,-2.763558229077673,-4.414503436569364,0,Sample 1,Cluster 1
1456,-3.639165721960116,4.786678136612468,1,Sample 1,Cluster 2
1457,-2.1833609210322025,-4.789159350436172,0,Sample 1,Cluster 1
1458,-2.146954278640603,-5.586524957687997,0,Sample 1,Cluster 1
1459,-2.5375364631033475,5.3816326617784975,1,Sample 1,Cluster 2
1460,-2.935506179620146,5.088738071767893,1,Sample 1,Cluster 2
1461,-1.543962696860126,3.78145047617298,1,Sample 1,Cluster 2
1462,4.81496536918427,-5.334226410010895,2,Sample 1,Cluster 3
1463,-2.4329386976565113,6.128367316162803,1,Sample 1,Cluster 2
1464,-3.0912229264185864,-4.478135729458656,0,Sample 1,Cluster 1
1465,2.6664547069602085,-5.543910831788949,2,Sample 1,Cluster 3
1466,-2.2258197228978367,5.365402575323027,1,Sample 1,Cluster 2
1467,-1.8948093165471214,-6.531248056469974,0,Sample 1,Cluster 1
1468,4.407077438329217,-6.547270196367662,2,Sample 1,Cluster 3
1469,-4.113871038497929,-7.265860739987312,0,Sample 1,Cluster 1
1470,-2.565720942714055,5.893836665270502,1,Sample 1,Cluster 2
1471,2.765788407470553,-4.484323654067859,2,Sample 1,Cluster 3
1472,-2.0073830801830868,5.963107549735053,1,Sample 1,Cluster 2
1473,2.714909565651171,-5.696582217314993,2,Sample 1,Cluster 3
1474,-2.442747010224486,4.617874042587907,1,Sample 1,Cluster 2
1475,-1.1120507393305532,-5.6854176750614345,0,Sample 1,Cluster 1
1476,-1.3230637380051131,4.832541058278507,1,Sample 1,Cluster 2
1477,-2.364511340771138,3.8690284024760158,1,Sample 1,Cluster 2
1478,-3.2726261062911677,-5.430858938637299,0,Sample 1,Cluster 1
1479,4.972299939492414,-6.3003938161598665,2,Sample 1,Cluster 3
1480,5.076183072526663,-4.844533229329413,2,Sample 1,Cluster 3
1481,4.557600984816863,-5.622475828666172,2,Sample 1,Cluster 3
1482,3.9188517887208385,-3.996385038095048,2,Sample 1,Cluster 3
1483,-2.263500409002324,-6.213314039536633,0,Sample 1,Cluster 1
1484,3.181140657802761,-6.197957334884599,2,Sample 1,Cluster 3
1485,-0.9413258841681493,-4.179912677934581,0,Sample 1,Cluster 1
1486,-3.556186565616514,6.465167012683483,1,Sample 1,Cluster 2
1487,-3.480612530401873,3.828500095832144,1,Sample 1,Cluster 2
1488,-1.5262731833396028,6.217052841537961,1,Sample 1,Cluster 2
1489,-4.906105871755006,-4.543056475024633,0,Sample 1,Cluster 1
1490,-2.341285186258011,-5.007345882708111,0,Sample 1,Cluster 1
1491,-2.4231033784472134,4.630179769035966,1,Sample 1,Cluster 2
1492,-1.4784276911294498,-4.729581215118634,0,Sample 1,Cluster 1
1493,-2.919270718347674,5.121883897626978,1,Sample 1,Cluster 2
1494,-2.757308040973906,6.661398386848672,1,Sample 1,Cluster 2
1495,-2.653888771824898,5.24123787386689,1,Sample 1,Cluster 2
1496,-3.750427445257003,-5.943567731606224,0,Sample 1,Cluster 1
1497,2.7159406816559075,-5.398369477454274,2,Sample 1,Cluster 3
1498,-0.8233251985526726,-3.7244460866006426,0,Sample 1,Cluster 1
1499,4.906866903339937,-5.0313152215746735,2,Sample 1,Cluster 3
1500,-2.711725466590365,7.176135333271695,1,Sample 1,Cluster 2
1501,-2.4457155915780775,5.682218940097775,1,Sample 1,Cluster 2
1502,-2.000704146358276,5.502676407411424,1,Sample 1,Cluster 2
1503,4.165379645968045,-5.815095965653388,2,Sample 1,Cluster 3
1504,-1.94788480663111,4.679023622491331,1,Sample 1,Cluster 2
1505,-1.4191087280106278,-3.9658037683854346,0,Sample 1,Cluster 1
1506,-1.7337667084216755,-4.833917318879499,0,Sample 1,Cluster 1
1507,-3.4656173182857724,-5.8602499144393905,0,Sample 1,Cluster 1
1508,-2.9612083205813757,2.927166166284072,1,Sample 1,Cluster 2
1509,4.180985791432051,-5.4442243975242635,2,Sample 1,Cluster 3
1510,-2.221858813169331,4.610217148709158,1,Sample 1,Cluster 2
1511,-2.4534330252432,4.085623761735501,1,Sample 1,Cluster 2
1512,3.737921679311573,-5.069360908918567,2,Sample 1,Cluster 3
1513,-2.2686650848737457,6.964240111928715,1,Sample 1,Cluster 2
1514,2.6521013495098784,-4.994981475052465,2,Sample 1,Cluster 3
1515,4.444264949415319,-4.886097669991627,2,Sample 1,Cluster 3
1516,-0.4033655271760197,4.1104263793806695,1,Sample 1,Cluster 2
1517,3.2636655524188134,-3.4961003604631937,2,Sample 1,Cluster 3
1518,-3.147682815937317,5.339248835571272,1,Sample 1,Cluster 2
1519,-2.4611826976441384,4.33523990687117,1,Sample 1,Cluster 2
1520,-2.9640130661229476,-5.925132653395085,0,Sample 1,Cluster 1
1521,-2.999476311770579,4.852379713875321,1,Sample 1,Cluster 2
1522,3.1089316906040394,-6.122292925766284,2,Sample 1,Cluster 3
1523,-1.8491862261042642,4.015308546852836,1,Sample 1,Cluster 2
1524,-2.2815914260044914,-6.659712030037094,0,Sample 1,Cluster 1
1525,3.6949876039410703,-5.284779267508666,2,Sample 1,Cluster 3
1526,3.3937944314693635,-4.1609086864997105,2,Sample 1,Cluster 3
1527,-2.5319155070013695,-6.123391653009271,0,Sample 1,Cluster 1
1528,-1.989071865085518,-4.1535053399302795,0,Sample 1,Cluster 1
1529,-2.672534110038106,-5.698368872362961,0,Sample 1,Cluster 1
1530,-4.076083054169469,5.714077870639447,1,Sample 1,Cluster 2
1531,-3.44660681013262,3.3686142577919194,1,Sample 1,Cluster 2
1532,-3.5242435189367156,5.697965862624116,1,Sample 1,Cluster 2
1533,-2.4172494965535147,-3.3663391678850045,0,Sample 1,Cluster 1
1534,3.315384491748875,-5.046360433410174,2,Sample 1,Cluster 3
1535,4.02336812102547,-6.35597875081329,2,Sample 1,Cluster 3
1536,3.9895192519781206,-4.346155037009339,2,Sample 1,Cluster 3
1537,4.09077938654283,-4.9559976511733,2,Sample 1,Cluster 3
1538,3.807196970944008,-4.92054894803892,2,Sample 1,Cluster 3
1539,4.128814549185672,-4.278182880045238,2,Sample 1,Cluster 3
1540,-1.6995341455656172,4.4635038327386845,1,Sample 1,Cluster 2
1541,-3.9735182183662863,-4.2863459202146235,0,Sample 1,Cluster 1
1542,-2.6051780765373342,5.660837737153205,1,Sample 1,Cluster 2
1543,3.1677456620546387,-5.824820220117846,2,Sample 1,Cluster 3
1544,-2.3180320523166964,6.045714203425943,1,Sample 1,Cluster 2
1545,1.4393512106347108,-4.716983495286889,2,Sample 1,Cluster 3
1546,-1.1434216977513076,-3.4821690441815107,0,Sample 1,Cluster 1
1547,3.160703632270758,-5.942209166393086,2,Sample 1,Cluster 3
1548,-1.3878339607861492,5.44624824508149,1,Sample 1,Cluster 2
1549,-2.6361476980199425,4.6374175605381796,1,Sample 1,Cluster 2
1550,-2.488856566469643,4.980699930311998,1,Sample 1,Cluster 2
1551,-4.6625858343993904,5.542300255624726,1,Sample 1,Cluster 2
1552,1.9591956146426164,-4.811086072096719,2,Sample 1,Cluster 3
1553,-3.531968719792843,3.9639369823491073,1,Sample 1,Cluster 2
1554,-1.822583379826805,-6.701781936281196,0,Sample 1,Cluster 1
1555,2.278158534691325,-4.983914826504721,2,Sample 1,Cluster 3
1556,2.920041974325247,-5.818602578700467,2,Sample 1,Cluster 3
1557,-1.5113742465422768,4.143157056280761,1,Sample 1,Cluster 2
1558,-3.3681204212462386,4.339671576016836,1,Sample 1,Cluster 2
1559,-2.585841715203383,5.358173540648222,1,Sample 1,Cluster 2
1560,-2.620093561003045,-6.011204934357891,0,Sample 1,Cluster 1
1561,-2.499834348065442,4.992559743089108,1,Sample 1,Cluster 2
1562,-1.539936834858511,4.606478041995036,1,Sample 1,Cluster 2
1563,-3.764952561625707,5.716030651260892,1,Sample 1,Cluster 2
1564,-1.3187677202192833,6.104073083317961,1,Sample 1,Cluster 2
1565,4.21590739097626,-3.8464460784379195,2,Sample 1,Cluster 3
1566,-3.0040199836271153,-4.4144355979921235,0,Sample 1,Cluster 1
1567,-2.8929229977136837,-5.2279003946957365,0,Sample 1,Cluster 1
1568,-1.5883555711796244,-5.309889571642249,0,Sample 1,Cluster 1
1569,-2.434172808579661,5.852384300052281,1,Sample 1,Cluster 2
1570,-2.3341861364808447,5.055475469629,1,Sample 1,Cluster 2
1571,-1.8488153118418071,-4.897106039676027,0,Sample 1,Cluster 1
1572,-1.539574673220902,-4.8877121041215625,0,Sample 1,Cluster 1
1573,3.8958454911221727,-3.001255613022804,2,Sample 1,Cluster 3
1574,-2.5501185776974573,-4.807007801274617,0,Sample 1,Cluster 1
1575,-4.1722423190825255,-5.136206597436725,0,Sample 1,Cluster 1
1576,-2.288783934933064,-3.982117199914586,0,Sample 1,Cluster 1
1577,2.530582210533731,-5.265081839270279,2,Sample 1,Cluster 3
1578,-2.232449188121183,-3.8175424813148444,0,Sample 1,Cluster 1
1579,-1.2972813585862795,5.701889832460537,1,Sample 1,Cluster 2
1580,-1.6699680445936806,4.5919868809162026,1,Sample 1,Cluster 2
1581,-2.023607281888594,-5.471915805170313,0,Sample 1,Cluster 1
1582,-1.5532050664880577,-5.942432693901105,0,Sample 1,Cluster 1
1583,-1.634586617861737,-6.049775354745125,0,Sample 1,Cluster 1
1584,-2.827749274103598,-4.43014227233587,0,Sample 1,Cluster 1
1585,1.4305880054346707,-4.84587877388158,2,Sample 1,Cluster 3
1586,-2.0584912225422767,-4.455815833265897,0,Sample 1,Cluster 1
1587,-2.038342298255568,4.837563691165606,1,Sample 1,Cluster 2
1588,-1.5802623848970023,-4.762738449175756,0,Sample 1,Cluster 1
1589,2.7841023308103185,-4.06929915586916,2,Sample 1,Cluster 3
1590,3.283018239813447,-5.358302115945567,2,Sample 1,Cluster 3
1591,-3.467755794272886,5.479942983996963,1,Sample 1,Cluster 2
1592,5.022370400613001,-5.688452323051109,2,Sample 1,Cluster 3
1593,-2.582603808119238,3.6854489510766664,1,Sample 1,Cluster 2
1594,-3.157776316453145,5.19494976919353,1,Sample 1,Cluster 2
1595,-2.432426570888042,-5.855403595004065,0,Sample 1,Cluster 1
1596,-0.8877799116314877,-3.967484431261962,0,Sample 1,Cluster 1
1597,2.534580651031959,-3.7013946475775565,2,Sample 1,Cluster 3
1598,4.158656352993473,-6.12713528215242,2,Sample 1,Cluster 3
1599,-1.9457139326100505,-4.533942944952956,0,Sample 1,Cluster 1
1600,-0.8811150246162884,5.0054398756479985,1,Sample 1,Cluster 2
1601,2.7133630740821455,-3.905524610548081,2,Sample 1,Cluster 3
1602,3.4745206802636956,-4.639019187091121,2,Sample 1,Cluster 3
1603,-1.658441905821665,4.201551498148469,1,Sample 1,Cluster 2
1604,-2.3396322948690167,-4.512875714996294,0,Sample 1,Cluster 1
1605,-2.3988963363628706,6.551143199246628,1,Sample 1,Cluster 2
1606,-2.4818953178585046,-6.1244504430850295,0,Sample 1,Cluster 1
1607,4.218318580421308,-4.839441044568897,2,Sample 1,Cluster 3
1608,-1.9836126550871396,6.730603778644368,1,Sample 1,Cluster 2
1609,3.5197676945569207,-5.574451826894611,2,Sample 1,Cluster 3
1610,-2.002552030226243,3.743820224087635,1,Sample 1,Cluster 2
1611,-2.4833650338596738,4.417597647016692,1,Sample 1,Cluster 2
1612,-1.0013617790259635,5.864038452571719,1,Sample 1,Cluster 2
1613,-3.2187317370786865,5.393535337205204,1,Sample 1,Cluster 2
1614,3.126182296070621,-5.150287520806976,2,Sample 1,Cluster 3
1615,-2.4414424071986445,-5.120194391038608,0,Sample 1,Cluster 1
1616,-4.221906835687344,-4.298835483597651,0,Sample 1,Cluster 1
1617,-3.1190313592828582,4.004276237350866,1,Sample 1,Cluster 2
1618,-3.7927094299283786,-4.760281849730122,0,Sample 1,Cluster 1
1619,-3.2170661268736493,-4.824558130239651,0,Sample 1,Cluster 1
1620,4.182338340143028,-5.3467116533489225,2,Sample 1,Cluster 3
1621,-3.834879407102556,-4.153017176092897,0,Sample 1,Cluster 1
1622,-2.6001395427065312,-4.322494316892069,0,Sample 1,Cluster 1
1623,-2.224969694760092,4.9610781187436395,1,Sample 1,Cluster 2
1624,-3.3111167618340303,5.0685497291226875,1,Sample 1,Cluster 2
1625,3.206503179400168,-5.734415249311172,2,Sample 1,Cluster 3
1626,-1.6739630365266742,5.901364109462067,1,Sample 1,Cluster 2
1627,3.558317727108217,-3.8083204724418804,2,Sample 1,Cluster 3
1628,-3.1100153913172788,-4.170957686342016,0,Sample 1,Cluster 1
1629,-1.561500289930687,5.295713753758475,1,Sample 1,Cluster 2
1630,-2.5989861440798054,-4.6337555120593725,0,Sample 1,Cluster 1
1631,-3.2142300123935073,-4.589108428615123,0,Sample 1,Cluster 1
1632,-2.7964662099206263,-6.078437689552134,0,Sample 1,Cluster 1
1633,-2.15734664609981,-4.938274803025827,0,Sample 1,Cluster 1
1634,4.007344450497337,-4.3960329870864285,2,Sample 1,Cluster 3
1635,-2.420534155656619,5.601109698697432,1,Sample 1,Cluster 2
1636,5.001103670318146,-5.806329356342565,2,Sample 1,Cluster 3
1637,3.0328264047594615,-6.0438535123463595,2,Sample 1,Cluster 3
1638,4.529699929527699,-5.2277004034029435,2,Sample 1,Cluster 3
1639,-1.5093735428530914,5.017017261388849,1,Sample 1,Cluster 2
1640,-2.084522788607062,6.2261911304020625,1,Sample 1,Cluster 2
1641,-1.5397906002089365,-5.370529089668319,0,Sample 1,Cluster 1
1642,4.0468237510619325,-5.890635867291705,2,Sample 1,Cluster 3
1643,-2.5755669715536023,-4.664312022380705,0,Sample 1,Cluster 1
1644,-2.1056108331884325,-5.04601420240437,0,Sample 1,Cluster 1
1645,-2.3931672761741742,4.8780241308955645,1,Sample 1,Cluster 2
1646,3.2154611520361285,-4.228859661555543,2,Sample 1,Cluster 3
1647,3.651250952100721,-5.59796452316657,2,Sample 1,Cluster 3
1648,3.0434552872964518,-4.406542164487899,2,Sample 1,Cluster 3
1649,3.6392799858873617,-6.049730560956414,2,Sample 1,Cluster 3
1650,-2.380509214183049,-4.708687763156271,0,Sample 1,Cluster 1
1651,-1.8508827564067263,4.081389368997906,1,Sample 1,Cluster 2
1652,-3.539664989542078,5.663785934303339,1,Sample 1,Cluster 2
1653,-2.415699595083232,3.9327796040654364,1,Sample 1,Cluster 2
1654,-2.531445830102105,-5.1075974275213865,0,Sample 1,Cluster 1
1655,-2.232658866204082,-5.124207239059799,0,Sample 1,Cluster 1
1656,-1.9843852066837668,-4.25740344692454,0,Sample 1,Cluster 1
1657,-2.6944489591046934,-4.998169651085197,0,Sample 1,Cluster 1
1658,-3.204854669329034,-5.569776610919241,0,Sample 1,Cluster 1
1659,4.468561822427144,-4.765318370941613,2,Sample 1,Cluster 3
1660,4.142005121349584,-2.1767558499436124,2,Sample 1,Cluster 3
1661,3.2963243595202596,-4.908718806218784,2,Sample 1,Cluster 3
1662,1.681091113300845,-3.3026949541358372,2,Sample 1,Cluster 3
1663,2.590757359454919,-4.00525737751766,2,Sample 1,Cluster 3
1664,-2.4152844375078124,5.467530384377987,1,Sample 1,Cluster 2
1665,2.7943012488057524,-4.2339702693761865,2,Sample 1,Cluster 3
1666,-2.814442205649121,-4.198694539833152,0,Sample 1,Cluster 1
1667,-2.612300047124269,-4.753909865448643,0,Sample 1,Cluster 1
1668,-1.3852363779804548,-4.431560718161772,0,Sample 1,Cluster 1
1669,-2.2773210922842644,-5.407370690079308,0,Sample 1,Cluster 1
1670,3.5075078942030666,-5.65972027223255,2,Sample 1,Cluster 3
1671,-2.4669700355300486,-4.170272881073405,0,Sample 1,Cluster 1
1672,-0.9188475323876115,3.748606710631159,1,Sample 1,Cluster 2
1673,-3.038792499395095,5.223195329779042,1,Sample 1,Cluster 2
1674,4.2554518159426875,-5.973923034797561,2,Sample 1,Cluster 3
1675,4.274559936363546,-5.466977706850081,2,Sample 1,Cluster 3
1676,-2.944159621354559,6.504925655552472,1,Sample 1,Cluster 2
1677,3.1924433861654435,-4.933610064949992,2,Sample 1,Cluster 3
1678,3.344537307230438,-4.548969699994468,2,Sample 1,Cluster 3
1679,3.4197446301169343,-5.725318836123434,2,Sample 1,Cluster 3
1680,-2.7238482739016048,-5.7716302359281535,0,Sample 1,Cluster 1
1681,-2.326579548989897,-5.877842022106275,0,Sample 1,Cluster 1
1682,-2.6382413899171713,-4.38246387613066,0,Sample 1,Cluster 1
1683,2.846538210348372,-5.806294330577704,2,Sample 1,Cluster 3
1684,-2.384089733522487,-4.980877565372036,0,Sample 1,Cluster 1
1685,-2.561954768580795,-5.9562350108793956,0,Sample 1,Cluster 1
1686,-1.7542467485916922,-5.189244229775157,0,Sample 1,Cluster 1
1687,-1.8102211904904184,-6.132981644634117,0,Sample 1,Cluster 1
1688,-1.9089516152899977,5.492293987210442,1,Sample 1,Cluster 2
1689,2.7747238543322195,-4.90065945220431,2,Sample 1,Cluster 3
1690,-1.8713598730793342,5.340366049427971,1,Sample 1,Cluster 2
1691,-3.0429144490352824,-5.254590022194096,0,Sample 1,Cluster 1
1692,3.3311044447998124,-5.426472321612667,2,Sample 1,Cluster 3
1693,-2.940429479593267,4.023430059268673,1,Sample 1,Cluster 2
1694,3.198692994796019,-4.520717334509124,2,Sample 1,Cluster 3
1695,-3.4515295142938625,6.314138362604771,1,Sample 1,Cluster 2
1696,-2.6403027647189528,-4.606795482202573,0,Sample 1,Cluster 1
1697,2.76429075177375,-4.906300627080119,2,Sample 1,Cluster 3
1698,4.382263170616227,-4.308744014288843,2,Sample 1,Cluster 3
1699,-2.761613854087817,-5.170765423480351,0,Sample 1,Cluster 1
1700,-2.2781132304282594,-5.01782318334697,0,Sample 1,Cluster 1
1701,-2.942471853531306,-4.443308928724972,0,Sample 1,Cluster 1
1702,-2.4464074262201025,5.41275137416328,1,Sample 1,Cluster 2
1703,3.735333090236766,-5.712599090841811,2,Sample 1,Cluster 3
1704,2.870842566360819,-5.206406828958087,2,Sample 1,Cluster 3
1705,3.363393220802026,-5.251752663030474,2,Sample 1,Cluster 3
1706,-1.5514366762696024,5.575162648532054,1,Sample 1,Cluster 2
1707,-3.972062195604602,-5.025824488839576,0,Sample 1,Cluster 1
1708,-2.052167641655168,5.864624580443698,1,Sample 1,Cluster 2
1709,-1.96361550620703,4.142514213567876,1,Sample 1,Cluster 2
1710,-3.181909412859283,-4.619707511446392,0,Sample 1,Cluster 1
1711,-3.2595191110655546,7.105905651869913,1,Sample 1,Cluster 2
1712,-2.530107761939879,5.8826415056132175,1,Sample 1,Cluster 2
1713,-1.6007098240111892,5.758021169698287,1,Sample 1,Cluster 2
1714,-2.7899527531225057,4.104264084299085,1,Sample 1,Cluster 2
1715,3.4807805845958164,-5.33602218183533,2,Sample 1,Cluster 3
1716,-1.760778384634479,4.852078290845609,1,Sample 1,Cluster 2
1717,2.9232622957505265,-4.453430076799145,2,Sample 1,Cluster 3
1718,2.618457322358037,-6.3131040924816775,2,Sample 1,Cluster 3
1719,4.655663774317671,-3.337777931841244,2,Sample 1,Cluster 3
1720,-2.9854921422857403,-4.633850731157159,0,Sample 1,Cluster 1
1721,-3.358194420591845,5.19139749128892,1,Sample 1,Cluster 2
1722,-2.3430948327808743,-5.7232546317888,0,Sample 1,Cluster 1
1723,3.074899438314928,-5.293789600639428,2,Sample 1,Cluster 3
1724,-3.1488006909030757,-5.891237160129595,0,Sample 1,Cluster 1
1725,-2.6787727858974817,4.720546563105442,1,Sample 1,Cluster 2
1726,-2.017524252040933,-5.6804282229976355,0,Sample 1,Cluster 1
1727,2.4420682467468633,-5.5047446669902325,2,Sample 1,Cluster 3
1728,-1.3390851137639666,5.767416660868165,1,Sample 1,Cluster 2
1729,4.684684480254677,-3.6640617748762887,2,Sample 1,Cluster 3
1730,-2.99412151634748,4.74714171517836,1,Sample 1,Cluster 2
1731,-2.297944923202701,-3.892374361924875,0,Sample 1,Cluster 1
1732,-2.275206505811974,4.501840384143525,1,Sample 1,Cluster 2
1733,2.39774882997092,-5.576776086775917,2,Sample 1,Cluster 3
1734,-2.6911584374931277,4.273949070366721,1,Sample 1,Cluster 2
1735,-2.610764787187019,4.020561410968507,1,Sample 1,Cluster 2
1736,2.7152996438595447,-5.046371199734642,2,Sample 1,Cluster 3
1737,-2.403763494630481,5.411551067246999,1,Sample 1,Cluster 2
1738,4.205480110149691,-5.598476851697318,2,Sample 1,Cluster 3
1739,-3.185198589927359,-4.9218636986013315,0,Sample 1,Cluster 1
1740,-3.2640980634794823,5.338879252474769,1,Sample 1,Cluster 2
1741,-3.294686959665561,-5.812703061591983,0,Sample 1,Cluster 1
1742,3.38002956598765,-5.483087144989564,2,Sample 1,Cluster 3
1743,-1.193254774159123,4.082923685585049,1,Sample 1,Cluster 2
1744,3.8434179831183,-4.792984155804863,2,Sample 1,Cluster 3
1745,4.278125257577871,-4.677380349570263,2,Sample 1,Cluster 3
1746,-1.939439510303533,-2.7482764444219576,0,Sample 1,Cluster 1
1747,-3.3068437472609666,-6.570100553338063,0,Sample 1,Cluster 1
1748,-2.7977654208568423,5.870998895763349,1,Sample 1,Cluster 2
1749,-2.9014273542492255,-6.097972438307281,0,Sample 1,Cluster 1
1750,-1.5237736828658264,-5.861343301976811,0,Sample 1,Cluster 1
1751,3.406267850666485,-4.369436687362251,2,Sample 1,Cluster 3
1752,3.6983329241561598,-7.43572523139453,2,Sample 1,Cluster 3
1753,2.2044878684804683,-4.357476205908783,2,Sample 1,Cluster 3
1754,-2.0608929317461087,4.796035365157041,1,Sample 1,Cluster 2
1755,2.574171071118391,-5.725522299777649,2,Sample 1,Cluster 3
1756,-2.4363411720462675,-4.392940467069113,0,Sample 1,Cluster 1
1757,-2.2754908764078907,6.406896387356107,1,Sample 1,Cluster 2
1758,2.638952995310668,-5.170874593764034,2,Sample 1,Cluster 3
1759,-3.5435756004038828,5.5357380390640305,1,Sample 1,Cluster 2
1760,2.534857631118105,-6.403427882257999,2,Sample 1,Cluster 3
1761,-2.026846278598516,-4.455823711618647,0,Sample 1,Cluster 1
1762,3.1511165500344256,-5.752012745699004,2,Sample 1,Cluster 3
1763,3.689250049341241,-4.319424484431482,2,Sample 1,Cluster 3
1764,4.314961010972431,-6.264483152647335,2,Sample 1,Cluster 3
1765,-3.220537106009984,-5.771360057138596,0,Sample 1,Cluster 1
1766,-2.58865004822327,-5.310594442817231,0,Sample 1,Cluster 1
1767,-1.184025829198973,4.800771168354897,1,Sample 1,Cluster 2
1768,-2.0123791638331188,-6.244298987072994,0,Sample 1,Cluster 1
1769,3.0555841372435237,-4.383358224009623,2,Sample 1,Cluster 3
1770,-1.5471313161812184,-5.654884021328063,0,Sample 1,Cluster 1
1771,3.1700295182351605,-2.505855096633562,2,Sample 1,Cluster 3
1772,-2.4485759847236297,4.137804177656555,1,Sample 1,Cluster 2
1773,-1.0226904031618673,4.143932186939078,1,Sample 1,Cluster 2
1774,4.734074086875048,-5.025214810662483,2,Sample 1,Cluster 3
1775,-1.8928571281705877,5.224953139175501,1,Sample 1,Cluster 2
1776,-2.583559374829977,4.864942621447992,1,Sample 1,Cluster 2
1777,-2.6549643038439696,-4.5677696447714435,0,Sample 1,Cluster 1
1778,-3.377894655176853,-6.1815399420255215,0,Sample 1,Cluster 1
1779,-3.4895605687024656,3.9436347095325788,1,Sample 1,Cluster 2
1780,3.9912137100499363,-5.66958428355167,2,Sample 1,Cluster 3
1781,3.257060460375987,-3.615742548114265,2,Sample 1,Cluster 3
1782,-2.235318956307538,-3.839198849494931,0,Sample 1,Cluster 1
1783,-1.272414318564388,-4.1021006250374725,0,Sample 1,Cluster 1
1784,-1.685870826525198,5.217196248660518,1,Sample 1,Cluster 2
1785,-2.4942572264736462,-6.669182126696867,0,Sample 1,Cluster 1
1786,-3.3321549758527182,-3.4438439405784536,0,Sample 1,Cluster 1
1787,-2.368564187703545,-3.243021486277761,0,Sample 1,Cluster 1
1788,-2.075179124084632,-4.880898556865847,0,Sample 1,Cluster 1
1789,-3.0253514765019305,-5.20824723301715,0,Sample 1,Cluster 1
1790,-2.9448949974086247,-5.104048234842896,0,Sample 1,Cluster 1
1791,3.077025285783898,-6.423519144405777,2,Sample 1,Cluster 3
1792,-2.1766297077781345,-4.427301804247232,0,Sample 1,Cluster 1
1793,-2.9444374235894935,-4.836488774717618,0,Sample 1,Cluster 1
1794,2.0697842943592546,-5.654313473710804,2,Sample 1,Cluster 3
1795,-2.3193907815105965,-4.9859093984530745,0,Sample 1,Cluster 1
1796,-3.28772382787781,-5.63401875769217,0,Sample 1,Cluster 1
1797,-1.6764340147213141,-4.30214769597724,0,Sample 1,Cluster 1
1798,-1.672895156060633,-5.325968085833281,0,Sample 1,Cluster 1
1799,1.554473998983576,-5.414455215580046,2,Sample 1,Cluster 3
1800,-2.8734070495611523,-6.1863875455859345,0,Sample 1,Cluster 1
1801,3.026233540268707,-4.838175673903025,2,Sample 1,Cluster 3
1802,-1.4436687921729325,-5.699548518671935,0,Sample 1,Cluster 1
1803,-1.7709098222602226,-4.915396966982816,0,Sample 1,Cluster 1
1804,4.6445017554132,-4.273581869971047,2,Sample 1,Cluster 3
1805,-3.6550838529068335,3.1630552374902097,1,Sample 1,Cluster 2
1806,-2.573565426083413,-4.987179774163872,0,Sample 1,Cluster 1
1807,-2.477345299095631,5.023804911596597,1,Sample 1,Cluster 2
1808,-3.592017436341308,-4.438804174460229,0,Sample 1,Cluster 1
1809,-0.8254416542320442,-6.209506735650571,0,Sample 1,Cluster 1
1810,-2.977129126375104,-5.239345417941948,0,Sample 1,Cluster 1
1811,3.0303254640508586,-3.3338717423121618,2,Sample 1,Cluster 3
1812,-2.2860861487424775,5.257358244956811,1,Sample 1,Cluster 2
1813,-2.0027424881151594,4.704311731165093,1,Sample 1,Cluster 2
1814,-2.8672722481751935,-5.555680295330515,0,Sample 1,Cluster 1
1815,-1.9940366266861593,-5.379342540083172,0,Sample 1,Cluster 1
1816,-2.104235476979974,-4.693251974877085,0,Sample 1,Cluster 1
1817,3.684922171740143,-5.078647877963501,2,Sample 1,Cluster 3
1818,-1.712542081218733,4.828808924619593,1,Sample 1,Cluster 2
1819,-2.438542487151796,3.9736062206491445,1,Sample 1,Cluster 2
1820,3.4037121710366685,-5.352219709480643,2,Sample 1,Cluster 3
1821,2.828340424340773,-4.520439450942637,2,Sample 1,Cluster 3
1822,1.5047115377373734,-5.626073090038506,2,Sample 1,Cluster 3
1823,-2.515710239141345,5.441991963533718,1,Sample 1,Cluster 2
1824,-2.836149453676686,4.7745723129115945,1,Sample 1,Cluster 2
1825,3.465656261573097,-6.10561405495395,2,Sample 1,Cluster 3
1826,-2.4396530888787256,3.718427350482265,1,Sample 1,Cluster 2
1827,2.3323740240263913,-6.226014621463731,2,Sample 1,Cluster 3
1828,-0.7848447285397393,5.507135217854409,1,Sample 1,Cluster 2
1829,-1.3854549936520753,-4.328520708614718,0,Sample 1,Cluster 1
1830,2.99624788711698,-4.502922608024718,2,Sample 1,Cluster 3
1831,1.762702015062154,-4.631340107676908,2,Sample 1,Cluster 3
1832,-3.616358803804058,-5.566328752539261,0,Sample 1,Cluster 1
1833,3.4862327204024472,-5.919765978317924,2,Sample 1,Cluster 3
1834,3.257244015172721,-5.26643009524301,2,Sample 1,Cluster 3
1835,3.0937213032953514,-5.988562417639527,2,Sample 1,Cluster 3
1836,-1.5488693028202856,5.566643077760851,1,Sample 1,Cluster 2
1837,1.862518434715677,-4.281506140702122,2,Sample 1,Cluster 3
1838,2.8770820791041607,-5.943286571490279,2,Sample 1,Cluster 3
1839,4.328057971083063,-4.017575832313492,2,Sample 1,Cluster 3
1840,2.9896253505113264,-6.040887413113076,2,Sample 1,Cluster 3
1841,2.5599718207712057,-5.636851310176507,2,Sample 1,Cluster 3
1842,-1.3744522032865993,-5.387294795667854,0,Sample 1,Cluster 1
1843,2.0390928422810637,-4.695377542907958,2,Sample 1,Cluster 3
1844,4.606453627543576,-4.298628650891107,2,Sample 1,Cluster 3
1845,-2.2414516140334353,-3.9729465121171508,0,Sample 1,Cluster 1
1846,-1.1003328766356635,6.10516326295239,1,Sample 1,Cluster 2
1847,2.69157380690519,-5.917727608809369,2,Sample 1,Cluster 3
1848,2.799466628360149,-6.793532747607131,2,Sample 1,Cluster 3
1849,-3.041113841647416,6.440752346328653,1,Sample 1,Cluster 2
1850,-3.188330692227162,4.69235556461614,1,Sample 1,Cluster 2
1851,4.031055817880578,-4.740770845834773,2,Sample 1,Cluster 3
1852,-2.5632538734916452,-5.4632992877085975,0,Sample 1,Cluster 1
1853,3.951611604168312,-4.373472089778391,2,Sample 1,Cluster 3
1854,4.537382964219997,-5.864002086705706,2,Sample 1,Cluster 3
1855,-3.335847355216827,3.4269147284991988,1,Sample 1,Cluster 2
1856,-2.443958269509455,5.929502642086552,1,Sample 1,Cluster 2
1857,0.9699341803397084,-5.513381714921703,2,Sample 1,Cluster 3
1858,1.7994542245250942,-6.176901124298815,2,Sample 1,Cluster 3
1859,4.670411393683315,-5.721100543917739,2,Sample 1,Cluster 3
1860,-3.2933573307522486,-5.506304219907833,0,Sample 1,Cluster 1
1861,-1.0208351240437237,5.901252023638206,1,Sample 1,Cluster 2
1862,-3.7142989973446476,4.714376639354713,1,Sample 1,Cluster 2
1863,2.7609229449451504,-4.102800630520058,2,Sample 1,Cluster 3
1864,-0.8547651481363667,4.095289251739267,1,Sample 1,Cluster 2
1865,-1.914895797940006,-4.527662350998829,0,Sample 1,Cluster 1
1866,2.0277214253121993,-5.723958266350453,2,Sample 1,Cluster 3
1867,4.310369289881452,-4.892833295535811,2,Sample 1,Cluster 3
1868,-3.455618351812828,-4.771357370564214,0,Sample 1,Cluster 1
1869,-1.9669499992726305,5.370073034283161,1,Sample 1,Cluster 2
1870,4.172053243584166,-5.064853684348334,2,Sample 1,Cluster 3
1871,-1.1880283765028856,5.593701992857514,1,Sample 1,Cluster 2
1872,-3.1400308515181172,4.949180340307716,1,Sample 1,Cluster 2
1873,3.526774990577932,-4.758874344175106,2,Sample 1,Cluster 3
1874,-2.6575374463975114,-5.371664862492494,0,Sample 1,Cluster 1
1875,-2.704943801996304,-5.193197956696623,0,Sample 1,Cluster 1
1876,-2.4806244346617934,6.129776444332343,1,Sample 1,Cluster 2
1877,4.328985461617538,-3.2148008711778013,2,Sample 1,Cluster 3
1878,-2.0933850882603284,-1.8590098348509385,0,Sample 1,Cluster 1
1879,-3.846126955298149,-5.819222872709104,0,Sample 1,Cluster 1
1880,-3.993231961088493,5.8060109518695375,1,Sample 1,Cluster 2
1881,-1.993774507114972,6.816554286243517,1,Sample 1,Cluster 2
1882,-3.0211344028915588,4.612891332756543,1,Sample 1,Cluster 2
1883,-2.0305143249597837,6.752364500647983,1,Sample 1,Cluster 2
1884,-2.4774550741046975,4.992704802684637,1,Sample 1,Cluster 2
1885,2.143043970540835,-5.900148881384929,2,Sample 1,Cluster 3
1886,-1.108918918517335,-5.256994212894329,0,Sample 1,Cluster 1
1887,-2.774039360686212,-4.8636289832027435,0,Sample 1,Cluster 1
1888,-2.1210943385508365,4.258895096014769,1,Sample 1,Cluster 2
1889,-2.37198541931777,5.401426188934036,1,Sample 1,Cluster 2
1890,3.262497961666923,-5.363113132922503,2,Sample 1,Cluster 3
1891,3.6384156009975612,-3.9075788299789873,2,Sample 1,Cluster 3
1892,3.7414328223333935,-5.519491855691105,2,Sample 1,Cluster 3
1893,-1.3643175963890901,4.519661147409036,1,Sample 1,Cluster 2
1894,3.7608252522424404,-4.9271251149952695,2,Sample 1,Cluster 3
1895,1.634139078832825,-4.6691069939426555,2,Sample 1,Cluster 3
1896,-2.6074469931764384,5.648646618527826,1,Sample 1,Cluster 2
1897,3.3910559227907426,-4.40941021534707,2,Sample 1,Cluster 3
1898,3.178445724504927,-4.404330881221496,2,Sample 1,Cluster 3
1899,4.230106952224835,-4.355540237755061,2,Sample 1,Cluster 3
1900,-3.8115873300203473,-5.313976884848699,0,Sample 1,Cluster 1
1901,3.0788065320389904,-4.519413587883527,2,Sample 1,Cluster 3
1902,2.676630195405584,-5.341443355948206,2,Sample 1,Cluster 3
1903,4.384714593896197,-4.429386999362766,2,Sample 1,Cluster 3
1904,3.273857069526514,-5.147641153748756,2,Sample 1,Cluster 3
1905,3.6934578404906517,-5.083486759550469,2,Sample 1,Cluster 3
1906,-1.2281288174554528,-4.540743023284799,0,Sample 1,Cluster 1
1907,-3.768786649790367,3.496060491888764,1,Sample 1,Cluster 2
1908,-2.4636068189353986,-4.553330861430636,0,Sample 1,Cluster 1
1909,-1.9533368057511444,4.83254894433651,1,Sample 1,Cluster 2
1910,2.7035940773437366,-4.837312432000986,2,Sample 1,Cluster 3
1911,-1.2590784195819815,5.092539707434287,1,Sample 1,Cluster 2
1912,-2.069363136760294,5.858005869847842,1,Sample 1,Cluster 2
1913,3.0273714151979014,-6.580770639913296,2,Sample 1,Cluster 3
1914,-2.1014226012025716,5.912119230817013,1,Sample 1,Cluster 2
1915,4.2052573006059975,-5.456947179267349,2,Sample 1,Cluster 3
1916,-3.1688497216800195,-3.860403343002442,0,Sample 1,Cluster 1
1917,4.157533088508987,-5.304029477031483,2,Sample 1,Cluster 3
1918,3.1866927657123756,-5.015835475616567,2,Sample 1,Cluster 3
1919,4.38435907459078,-5.012377312581392,2,Sample 1,Cluster 3
1920,-1.9509171559883733,-5.671114139220589,0,Sample 1,Cluster 1
1921,-2.6281062364533123,5.537072061160373,1,Sample 1,Cluster 2
1922,3.5363231707532,-6.434461118329912,2,Sample 1,Cluster 3
1923,-1.317684764206787,4.585383825381082,1,Sample 1,Cluster 2
1924,-2.0895153614591337,4.792362657932866,1,Sample 1,Cluster 2
1925,-2.715899948234697,4.216989027374154,1,Sample 1,Cluster 2
1926,-1.9429417103357411,-4.776960150091631,0,Sample 1,Cluster 1
1927,3.140188881553339,-3.826573954480819,2,Sample 1,Cluster 3
1928,-2.525151336299821,-5.678742907352651,0,Sample 1,Cluster 1
1929,-3.2483509616356763,5.868785692940026,1,Sample 1,Cluster 2
1930,-1.7534975421271444,-5.178176560621286,0,Sample 1,Cluster 1
1931,-2.192747640848554,4.9738442015247255,1,Sample 1,Cluster 2
1932,-3.0672167661043925,-3.4373926899787453,0,Sample 1,Cluster 1
1933,-3.195429589590915,-5.008693709627978,0,Sample 1,Cluster 1
1934,3.9614813991816344,-6.422144769896161,2,Sample 1,Cluster 3
1935,2.4826497334690787,-4.182700188480041,2,Sample 1,Cluster 3
1936,3.8199470664086848,-3.9232519937293477,2,Sample 1,Cluster 3
1937,-3.0634749524342073,3.873230962909152,1,Sample 1,Cluster 2
1938,3.8838975784956395,-5.354885464165909,2,Sample 1,Cluster 3
1939,-1.992222825150584,5.8877598735649785,1,Sample 1,Cluster 2
1940,-1.619342881261916,-4.150903228101493,0,Sample 1,Cluster 1
1941,4.105594667062235,-4.436531032116737,2,Sample 1,Cluster 3
1942,2.6456425222305704,-5.712455048472812,2,Sample 1,Cluster 3
1943,-2.528660831287961,6.251714924651205,1,Sample 1,Cluster 2
1944,-2.104775850973809,5.208539012659125,1,Sample 1,Cluster 2
1945,-1.2496889851934416,-5.219194465463444,0,Sample 1,Cluster 1
1946,-1.2090309847530822,5.362827441211184,1,Sample 1,Cluster 2
1947,-2.472733225392619,4.384021415153087,1,Sample 1,Cluster 2
1948,-4.4393922082183535,5.70723631708884,1,Sample 1,Cluster 2
1949,-3.0172583073940213,4.134761597108484,1,Sample 1,Cluster 2
1950,-2.985202710572592,-4.635276643863438,0,Sample 1,Cluster 1
1951,-2.78067954406118,-6.774678208040865,0,Sample 1,Cluster 1
1952,-2.3668382334295552,5.393961011206519,1,Sample 1,Cluster 2
1953,-3.14510154329444,-4.939444047995925,0,Sample 1,Cluster 1
1954,1.9289830154847656,-5.556119486461498,2,Sample 1,Cluster 3
1955,-3.6609405520412475,4.990328841723156,1,Sample 1,Cluster 2
1956,3.3300750636361856,-5.033007722120049,2,Sample 1,Cluster 3
1957,-1.9787824069283952,4.089851463660146,1,Sample 1,Cluster 2
1958,3.279511361402506,-5.85972883154629,2,Sample 1,Cluster 3
1959,2.978722561479011,-5.2308600937232805,2,Sample 1,Cluster 3
1960,-0.9299302475753641,-4.997043462521722,0,Sample 1,Cluster 1
1961,-2.7020545211145284,4.00177345442812,1,Sample 1,Cluster 2
1962,-2.234148790416327,4.401210770754757,1,Sample 1,Cluster 2
1963,-2.385560984096838,-4.320310409187029,0,Sample 1,Cluster 1
1964,-2.271307687420076,5.26756543198962,1,Sample 1,Cluster 2
1965,-3.5115987255639727,-6.434485162027661,0,Sample 1,Cluster 1
1966,3.678638637043411,-4.408259625505733,2,Sample 1,Cluster 3
1967,-1.7276820123270635,5.988904577444974,1,Sample 1,Cluster 2
1968,-2.6767713390637313,5.021508671195624,1,Sample 1,Cluster 2
1969,-1.4510660017579005,-5.179455176702484,0,Sample 1,Cluster 1
1970,-1.6313709400485221,5.078386522776716,1,Sample 1,Cluster 2
1971,-2.7151109524438644,4.114779273006664,1,Sample 1,Cluster 2
1972,-2.4311113053928177,-5.597538628056134,0,Sample 1,Cluster 1
1973,3.230496298731768,-5.521340097725132,2,Sample 1,Cluster 3
1974,-2.2787193875910554,-4.043615479339617,0,Sample 1,Cluster 1
1975,-2.2939596874217885,4.940443267387066,1,Sample 1,Cluster 2
1976,-3.5708846397785994,5.554334898425289,1,Sample 1,Cluster 2
1977,-2.86851101676783,5.845697780975133,1,Sample 1,Cluster 2
1978,-2.902855695126174,-5.120491211703946,0,Sample 1,Cluster 1
1979,3.3203548392565807,-4.074532975170409,2,Sample 1,Cluster 3
1980,-2.3824517612906497,-5.417705256015994,0,Sample 1,Cluster 1
1981,2.0328981064836844,-7.005257256429374,2,Sample 1,Cluster 3
1982,3.57786578824741,-5.5850036550503654,2,Sample 1,Cluster 3
1983,3.4267974726710806,-6.028472800604822,2,Sample 1,Cluster 3
1984,-2.5661445486741594,4.9026019932933735,1,Sample 1,Cluster 2
1985,-1.9576593029285847,4.609670873483438,1,Sample 1,Cluster 2
1986,-1.542694810683479,4.512173676544494,1,Sample 1,Cluster 2
1987,-1.0146820507504362,-5.38541277687478,0,Sample 1,Cluster 1
1988,4.037386103699207,-6.147044659142732,2,Sample 1,Cluster 3
1989,2.5932656369504254,-5.360161513332675,2,Sample 1,Cluster 3
1990,-3.611657973410877,3.6836810024344864,1,Sample 1,Cluster 2
1991,3.065490943377732,-6.43513689055357,2,Sample 1,Cluster 3
1992,1.7800790928371564,-6.907924407160466,2,Sample 1,Cluster 3
1993,4.315152390998343,-5.968128402384708,2,Sample 1,Cluster 3
1994,-1.9696949850660697,5.93877908598826,1,Sample 1,Cluster 2
1995,-3.3467525069133224,-6.998448813994352,0,Sample 1,Cluster 1
1996,-3.037988476805069,-4.8213833312637915,0,Sample 1,Cluster 1
1997,3.0134133412458803,-5.596134216253881,2,Sample 1,Cluster 3
1998,4.895819091951393,-4.450434694321058,2,Sample 1,Cluster 3
1999,-3.53064609397083,-4.7658276142865175,0,Sample 1,Cluster 1
2000,-3.0099097018452143,5.951213224886041,1,Sample 1,Cluster 2
2001,2.8837892422469924,-6.143123685209382,2,Sample 1,Cluster 3
2002,4.490888650442917,-5.528667388648117,2,Sample 1,Cluster 3
2003,2.076197334662693,-5.74589699454559,2,Sample 1,Cluster 3
2004,-2.3551827530370346,3.9625344416353228,1,Sample 1,Cluster 2
2005,2.076411452439027,-4.1347887309602065,2,Sample 1,Cluster 3
2006,-2.3570442265516194,-4.01662817256236,0,Sample 1,Cluster 1
2007,-3.154576546586778,6.673909820548368,1,Sample 1,Cluster 2
2008,3.699192758202746,-3.3214228203626024,2,Sample 1,Cluster 3
2009,-2.333293753641958,3.3666121052605673,1,Sample 1,Cluster 2
2010,3.134154409108793,-4.748696402839467,2,Sample 1,Cluster 3
2011,-3.414415449658983,-4.343873450595613,0,Sample 1,Cluster 1
2012,4.594033980934909,-5.038239400307832,2,Sample 1,Cluster 3
2013,-2.9242060946979525,4.365701734190124,1,Sample 1,Cluster 2
2014,2.8862966782253676,-5.249657545642187,2,Sample 1,Cluster 3
2015,-2.8775454926315467,5.871160477573893,1,Sample 1,Cluster 2
2016,-2.5395709677219465,5.539855593733283,1,Sample 1,Cluster 2
2017,-2.8199192497049097,-4.7845641979354125,0,Sample 1,Cluster 1
2018,-3.996633536820685,4.7187892127669535,1,Sample 1,Cluster 2
2019,-0.6828402036617631,-5.323517938547169,0,Sample 1,Cluster 1
2020,2.675600847981808,-6.030084226922449,2,Sample 1,Cluster 3
2021,3.7340671966020196,-5.78585941782142,2,Sample 1,Cluster 3
2022,4.014606170047891,-5.727744351449981,2,Sample 1,Cluster 3
2023,-3.186686224144971,5.560247903527193,1,Sample 1,Cluster 2
2024,1.430136500730754,-4.463960262547581,2,Sample 1,Cluster 3
2025,-2.590502442012592,-6.039373090756659,0,Sample 1,Cluster 1
2026,-1.7244342395786105,5.341755489497348,1,Sample 1,Cluster 2
2027,-2.4520538957869373,5.221901550366553,1,Sample 1,Cluster 2
2028,-1.733291344126366,-4.958671218519136,0,Sample 1,Cluster 1
2029,3.086165321655008,-6.683666239012266,2,Sample 1,Cluster 3
2030,-2.319753662367247,4.704378456933313,1,Sample 1,Cluster 2
2031,-1.8399213882658922,4.3062958274312795,1,Sample 1,Cluster 2
2032,-2.0410044631964697,-6.021043533230669,0,Sample 1,Cluster 1
2033,3.365104390709041,-6.1383015262492435,2,Sample 1,Cluster 3
2034,1.964850649784122,-5.314472160561169,2,Sample 1,Cluster 3
2035,-2.569948263021745,-4.561344297956401,0,Sample 1,Cluster 1
2036,-2.2433714192538527,-4.844758445115301,0,Sample 1,Cluster 1
2037,2.9459266517886693,-5.036743062992128,2,Sample 1,Cluster 3
2038,-3.60209400060339,4.548180796663246,1,Sample 1,Cluster 2
2039,5.357275532734896,-5.794874403145158,2,Sample 1,Cluster 3
2040,-1.719750033217617,-4.587497529244835,0,Sample 1,Cluster 1
2041,4.091847693710973,-5.244763545225274,2,Sample 1,Cluster 3
2042,-2.480391860592846,5.39839863299636,1,Sample 1,Cluster 2
2043,-2.935291201691354,4.8697656751421645,1,Sample 1,Cluster 2
2044,2.983143475409874,-4.854408093901762,2,Sample 1,Cluster 3
2045,-2.5265015782990377,6.43564629081423,1,Sample 1,Cluster 2
2046,-2.1692520774210395,6.501436650046453,1,Sample 1,Cluster 2
2047,3.448074586819328,-4.302780491129653,2,Sample 1,Cluster 3
2048,3.880893715442476,-5.336959053290331,2,Sample 1,Cluster 3
2049,-2.662019381651864,-5.422637637330383,0,Sample 1,Cluster 1
2050,3.8815654011021077,-3.878392539264702,2,Sample 1,Cluster 3
2051,-2.6977419060164776,4.454412601601761,1,Sample 1,Cluster 2
2052,1.8903329460593363,-4.734823282935284,2,Sample 1,Cluster 3
2053,-2.2299178703398383,4.670498427102026,1,Sample 1,Cluster 2
2054,2.164932613798543,-4.046991454694534,2,Sample 1,Cluster 3
2055,-2.4224032280058254,5.4761256203495305,1,Sample 1,Cluster 2
2056,3.080466964434955,-4.748529053494855,2,Sample 1,Cluster 3
2057,3.787952035055561,-4.13089543103533,2,Sample 1,Cluster 3
2058,-2.5713873233771594,-5.030056515983585,0,Sample 1,Cluster 1
2059,-2.1337817070784912,6.33959394667803,1,Sample 1,Cluster 2
2060,2.66093894492798,-4.450209239683769,2,Sample 1,Cluster 3
2061,3.9813551241382266,-5.579888867040042,2,Sample 1,Cluster 3
2062,4.735889174985802,-5.29212209055857,2,Sample 1,Cluster 3
2063,-2.3835830417854074,-5.491298052006653,0,Sample 1,Cluster 1
2064,-2.2116852839855357,-4.596569717292582,0,Sample 1,Cluster 1
2065,-3.5855484557596604,-4.821477556201843,0,Sample 1,Cluster 1
2066,2.9101346019708316,-5.86058931875329,2,Sample 1,Cluster 3
2067,-3.697223404072063,4.4799808524744815,1,Sample 1,Cluster 2
2068,-4.1539536800319015,4.928703968389769,1,Sample 1,Cluster 2
2069,-2.267282353927995,-6.5964254243613905,0,Sample 1,Cluster 1
2070,-3.4415696902159745,-3.5435648736465475,0,Sample 1,Cluster 1
2071,3.619462426638205,-4.9483952217099425,2,Sample 1,Cluster 3
2072,3.038437840704774,-4.35436286671465,2,Sample 1,Cluster 3
2073,2.182357252487838,-5.180210113993083,2,Sample 1,Cluster 3
2074,-2.253858677279109,-5.87641551107645,0,Sample 1,Cluster 1
2075,2.990678727095129,-5.008372103242183,2,Sample 1,Cluster 3
2076,2.9901487594353977,-4.228184084558043,2,Sample 1,Cluster 3
2077,-1.915199498571615,-4.569252034226838,0,Sample 1,Cluster 1
2078,-1.2475807766125275,4.94739979114161,1,Sample 1,Cluster 2
2079,-2.674144962581776,5.879021481589752,1,Sample 1,Cluster 2
2080,-1.1662207107590903,-3.7814091026301933,0,Sample 1,Cluster 1
2081,-1.5721280268893245,-5.404772959190284,0,Sample 1,Cluster 1
2082,3.711849695947563,-5.562329150431654,2,Sample 1,Cluster 3
2083,-1.003227859702574,5.311691341896723,1,Sample 1,Cluster 2
2084,-2.591841799007251,-4.546582619052656,0,Sample 1,Cluster 1
2085,-2.312921579368321,-4.171645266866444,0,Sample 1,Cluster 1
2086,3.929621912595634,-4.925181202849112,2,Sample 1,Cluster 3
2087,-2.055516427197241,5.071664545004199,1,Sample 1,Cluster 2
2088,-2.463542528076949,4.478719721915346,1,Sample 1,Cluster 2
2089,2.192518839636972,-4.6849014254682055,2,Sample 1,Cluster 3
2090,-3.920988186318656,5.326922249184537,1,Sample 1,Cluster 2
2091,-1.7647388136097852,4.767780364649079,1,Sample 1,Cluster 2
2092,-3.0194984306571406,6.0570432258184095,1,Sample 1,Cluster 2
2093,-0.763245826001749,4.85929135005413,1,Sample 1,Cluster 2
2094,-3.4567064496281477,5.355682134576113,1,Sample 1,Cluster 2
2095,2.6872128871359218,-5.313255981884831,2,Sample 1,Cluster 3
2096,-3.726160447911945,-5.157024521110349,0,Sample 1,Cluster 1
2097,-2.1145071506252067,5.437811837902373,1,Sample 1,Cluster 2
2098,3.418979295727171,-5.276117504910422,2,Sample 1,Cluster 3
2099,-3.2229614885841027,5.259487425377283,1,Sample 1,Cluster 2
2100,-2.8975456200943825,-5.146055179503633,0,Sample 1,Cluster 1
2101,-2.959280540226879,-4.570868880086925,0,Sample 1,Cluster 1
2102,-3.265149101454407,5.377925022304302,1,Sample 1,Cluster 2
2103,0.09447437567578687,-3.153666999507111,0,Sample 1,Cluster 1
2104,-1.6143354645704218,4.903695068837122,1,Sample 1,Cluster 2
2105,3.794494409431272,-6.2068447745702855,2,Sample 1,Cluster 3
2106,-3.2618531045910375,-5.541596110766825,0,Sample 1,Cluster 1
2107,-2.7058400004942316,-4.134310149605487,0,Sample 1,Cluster 1
2108,-1.4640115321464353,-4.564623718127723,0,Sample 1,Cluster 1
2109,-2.5544987401343624,-4.70882349531781,0,Sample 1,Cluster 1
2110,1.536864615281203,-4.843677422973344,2,Sample 1,Cluster 3
2111,-1.8414635328304683,5.0586543737507235,1,Sample 1,Cluster 2
2112,-1.3942728071699781,5.518967910071714,1,Sample 1,Cluster 2
2113,-3.4965739011571078,5.043947288799879,1,Sample 1,Cluster 2
2114,-2.862909110073346,-3.6190187634914937,0,Sample 1,Cluster 1
2115,-1.1588855782334375,-5.756405503954185,0,Sample 1,Cluster 1
2116,-2.3598308648731905,7.388207202082729,1,Sample 1,Cluster 2
2117,-2.3073974564091455,7.081346491344316,1,Sample 1,Cluster 2
2118,4.166096672371565,-6.012206727268172,2,Sample 1,Cluster 3
2119,-2.680525104569801,-3.8887805096297905,0,Sample 1,Cluster 1
2120,-2.2061701492789276,6.470546941436098,1,Sample 1,Cluster 2
2121,3.2750471822604896,-3.4885769635968034,2,Sample 1,Cluster 3
2122,-2.053338469982622,5.060804313129929,1,Sample 1,Cluster 2
2123,2.377984012203858,-5.810115553154471,2,Sample 1,Cluster 3
2124,-3.0300990071566773,5.456478934874528,1,Sample 1,Cluster 2
2125,-0.5433984163065388,5.103376945580182,1,Sample 1,Cluster 2
2126,-1.873701012041142,-5.344900455660079,0,Sample 1,Cluster 1
2127,3.35179786049367,-4.500077124276766,2,Sample 1,Cluster 3
2128,2.485963966635012,-5.400208813269341,2,Sample 1,Cluster 3
2129,-1.9995935865351715,-4.2918148136088075,0,Sample 1,Cluster 1
2130,-2.3633076494976466,4.852813330917857,1,Sample 1,Cluster 2
2131,-1.5724951653595824,-4.221518751187943,0,Sample 1,Cluster 1
2132,-1.7493729552192017,4.587164217426101,1,Sample 1,Cluster 2
2133,4.554783464195146,-3.477953435816352,2,Sample 1,Cluster 3
2134,-1.196286295109761,-5.29814046716158,0,Sample 1,Cluster 1
2135,4.3595693084045175,-4.937594065216914,2,Sample 1,Cluster 3
2136,-2.9739151393910954,4.308807384256147,1,Sample 1,Cluster 2
2137,-2.519386267095754,-4.038039001613543,0,Sample 1,Cluster 1
2138,-2.387213840310352,-3.729098457565123,0,Sample 1,Cluster 1
2139,1.6716374503142342,-5.188219127977951,2,Sample 1,Cluster 3
2140,-2.5178402269744424,-5.551108434060325,0,Sample 1,Cluster 1
2141,-3.1399524053615475,-6.526401709698646,0,Sample 1,Cluster 1
2142,2.2673746550176808,-4.063065893835082,2,Sample 1,Cluster 3
2143,3.4190997029654406,-5.255077084395785,2,Sample 1,Cluster 3
2144,2.9379813148798033,-4.772924346157811,2,Sample 1,Cluster 3
2145,-3.6182443827394377,-4.037938795819818,0,Sample 1,Cluster 1
2146,-2.3901180164743714,-2.665461155951926,0,Sample 1,Cluster 1
2147,-1.8357313467646035,4.315132939272906,1,Sample 1,Cluster 2
2148,-0.8293002361754178,4.888328297475861,1,Sample 1,Cluster 2
2149,-2.960510260990219,5.0976078517162895,1,Sample 1,Cluster 2
2150,-2.6061069971060586,4.220376556263487,1,Sample 1,Cluster 2
2151,3.8825875307358744,-4.407140975454171,2,Sample 1,Cluster 3
2152,-2.414264067792323,-5.862810193091677,0,Sample 1,Cluster 1
2153,4.41059066342157,-3.8450637446670095,2,Sample 1,Cluster 3
2154,-1.849710304928832,5.503703073538889,1,Sample 1,Cluster 2
2155,4.853548072782106,-4.181554755798208,2,Sample 1,Cluster 3
2156,-3.177434974454724,3.7881222202513083,1,Sample 1,Cluster 2
2157,-3.8513464303738094,-5.377010992562016,0,Sample 1,Cluster 1
2158,-1.4796874096007882,-5.121371546861783,0,Sample 1,Cluster 1
2159,-3.1765384835952903,-5.011279172725337,0,Sample 1,Cluster 1
2160,-2.3221681153593168,-3.9769073493492852,0,Sample 1,Cluster 1
2161,-2.3715408151601083,5.0024368161227315,1,Sample 1,Cluster 2
2162,-2.387291002471037,3.5852485075497187,1,Sample 1,Cluster 2
2163,-2.4423705109730043,-5.169767175920922,0,Sample 1,Cluster 1
2164,-2.1026286775910137,4.889388559063052,1,Sample 1,Cluster 2
2165,4.052268661604673,-4.9698427415008615,2,Sample 1,Cluster 3
2166,-2.0599583207803587,4.225324436109092,1,Sample 1,Cluster 2
2167,1.9779286165372711,-4.194714767173897,2,Sample 1,Cluster 3
2168,-1.5441897104984497,-4.284282249940902,0,Sample 1,Cluster 1
2169,4.190546081798164,-6.20522722415232,2,Sample 1,Cluster 3
2170,4.608675698296543,-4.91716947684066,2,Sample 1,Cluster 3
2171,3.436827738696388,-6.904591284418798,2,Sample 1,Cluster 3
2172,-1.8034026843292774,-4.240949522822704,0,Sample 1,Cluster 1
2173,-1.4727233648415061,-6.941113656428167,0,Sample 1,Cluster 1
2174,4.50916074036333,-5.497816178315197,2,Sample 1,Cluster 3
2175,2.6794068258018617,-4.74296682339409,2,Sample 1,Cluster 3
2176,-3.079192265394087,-5.156312280941619,0,Sample 1,Cluster 1
2177,2.8077051437194744,-4.204353411406703,2,Sample 1,Cluster 3
2178,-1.1852974753563728,-4.711481686851364,0,Sample 1,Cluster 1
2179,3.313814479544408,-6.137783719604966,2,Sample 1,Cluster 3
2180,-3.3210953661327136,-4.01599954182468,0,Sample 1,Cluster 1
2181,-3.7430070128128516,5.654311726420023,1,Sample 1,Cluster 2
2182,1.1142813813862,-5.143695777124506,2,Sample 1,Cluster 3
2183,1.6786327609885077,-4.928483776854709,2,Sample 1,Cluster 3
2184,-2.8390077456181624,-5.362731286707083,0,Sample 1,Cluster 1
2185,-4.029803980335822,-5.054907236868375,0,Sample 1,Cluster 1
2186,-3.393219551958927,5.988649296005551,1,Sample 1,Cluster 2
2187,-3.7933706999584116,-5.183505865484374,0,Sample 1,Cluster 1
2188,-2.3148432619795423,-4.4828083698193835,0,Sample 1,Cluster 1
2189,3.112572171976423,-5.289379068874709,2,Sample 1,Cluster 3
2190,-1.9000798084610315,-4.776585729426779,0,Sample 1,Cluster 1
2191,2.673643725521316,-5.847040118598256,2,Sample 1,Cluster 3
2192,3.343112172065469,-5.957332473827517,2,Sample 1,Cluster 3
2193,-1.5915038822536447,-5.885034809929308,0,Sample 1,Cluster 1
2194,-3.0194220360528057,4.020847786590195,1,Sample 1,Cluster 2
2195,-2.838878865382542,-6.092493923352119,0,Sample 1,Cluster 1
2196,-3.454909465405184,5.735323338888001,1,Sample 1,Cluster 2
2197,-2.2937979678857996,-5.993408460385299,0,Sample 1,Cluster 1
2198,3.0615261272153145,-4.814714020665527,2,Sample 1,Cluster 3
2199,-2.032857451739229,4.712566327370352,1,Sample 1,Cluster 2
2200,-2.7462225879624005,5.175320262131152,1,Sample 1,Cluster 2
2201,3.90512985324449,-5.18697924628138,2,Sample 1,Cluster 3
2202,-1.495677112432083,-4.243304285052684,0,Sample 1,Cluster 1
2203,-2.356084679077217,6.113601829075679,1,Sample 1,Cluster 2
2204,-4.843558952001814,-3.3576223803986696,0,Sample 1,Cluster 1
2205,4.289758443802701,-6.215175824650652,2,Sample 1,Cluster 3
2206,-3.395636902706535,-5.314823884775783,0,Sample 1,Cluster 1
2207,2.1369001041347704,-5.009838759446446,2,Sample 1,Cluster 3
2208,-2.1294349663207015,3.9062897548318034,1,Sample 1,Cluster 2
2209,-2.2877101204802974,4.533793073910735,1,Sample 1,Cluster 2
2210,2.3416835044691418,-6.202296486945912,2,Sample 1,Cluster 3
2211,2.5506869734753352,-3.5612159302895057,2,Sample 1,Cluster 3
2212,-2.6991713187832587,5.777256760763485,1,Sample 1,Cluster 2
2213,-2.1592902350455714,5.015318221932602,1,Sample 1,Cluster 2
2214,-2.8638357739021543,-5.831845224821508,0,Sample 1,Cluster 1
2215,-3.1327054333556523,-4.972793523017483,0,Sample 1,Cluster 1
2216,-3.975034866784597,-5.712254278415897,0,Sample 1,Cluster 1
2217,-2.5262026161727986,4.565260183092988,1,Sample 1,Cluster 2
2218,3.3880305861074604,-6.397173380463227,2,Sample 1,Cluster 3
2219,-2.6811831135212216,5.293892405452943,1,Sample 1,Cluster 2
2220,4.214397465244974,-4.426927935567671,2,Sample 1,Cluster 3
2221,-1.1919468843779844,-3.950645240581871,0,Sample 1,Cluster 1
2222,-1.8419640703174487,4.023325080023183,1,Sample 1,Cluster 2
2223,2.828211288880087,-4.957978905427747,2,Sample 1,Cluster 3
2224,3.1516485271085926,-5.113406043222031,2,Sample 1,Cluster 3
2225,2.5322816099749597,-5.737751124345302,2,Sample 1,Cluster 3
2226,-1.161308843077981,-5.471561919950974,0,Sample 1,Cluster 1
2227,-3.96491590267068,-5.9827550650126105,0,Sample 1,Cluster 1
2228,3.368583387258613,-6.468615004941672,2,Sample 1,Cluster 3
2229,-1.6273106635170416,-5.370351609620206,0,Sample 1,Cluster 1
2230,-2.376405067523799,-5.269242071902538,0,Sample 1,Cluster 1
2231,2.7238735960062543,-4.8317063091672905,2,Sample 1,Cluster 3
2232,3.239209388051602,-4.987977799770323,2,Sample 1,Cluster 3
2233,3.217430483775024,-4.96556730331969,2,Sample 1,Cluster 3
2234,-3.3737132747429865,-5.202940862033905,0,Sample 1,Cluster 1
2235,3.2070633254611254,-4.753366349088943,2,Sample 1,Cluster 3
2236,-1.9073405236638994,4.589429146822732,1,Sample 1,Cluster 2
2237,-2.5898624397526637,4.823224320373422,1,Sample 1,Cluster 2
2238,4.644738546726735,-6.538217417649869,2,Sample 1,Cluster 3
2239,-3.449594710644596,-4.153748655343363,0,Sample 1,Cluster 1
2240,-2.3315193285618867,-5.3907808640882875,0,Sample 1,Cluster 1
2241,-1.6168531626384741,-5.205024659401258,0,Sample 1,Cluster 1
2242,-2.8897623369559415,-5.281537054253207,0,Sample 1,Cluster 1
2243,-2.436321710099171,-4.556753783107275,0,Sample 1,Cluster 1
2244,3.363366806522791,-4.126555728740284,2,Sample 1,Cluster 3
2245,-2.4832908093632304,5.184560724574947,1,Sample 1,Cluster 2
2246,-1.9050785795678613,-5.163901331091774,0,Sample 1,Cluster 1
2247,4.024732041092243,-7.1660350843049425,2,Sample 1,Cluster 3
2248,4.361799120822677,-5.045649033144925,2,Sample 1,Cluster 3
2249,-2.682879932272015,4.2045205003131905,1,Sample 1,Cluster 2
2250,-2.2537585848863526,3.6318652858746994,1,Sample 1,Cluster 2
2251,-1.539028862268844,4.673539701582759,1,Sample 1,Cluster 2
2252,2.8304098892736773,-5.222010895088187,2,Sample 1,Cluster 3
2253,-2.2013211522308813,-4.750097431626743,0,Sample 1,Cluster 1
2254,-3.204603271682184,-3.5610199853189504,0,Sample 1,Cluster 1
2255,3.888392096420615,-4.066777331023197,2,Sample 1,Cluster 3
2256,-3.136445654352706,-4.66048484971119,0,Sample 1,Cluster 1
2257,-2.3204385451520224,5.837678642089724,1,Sample 1,Cluster 2
2258,3.617603889805443,-6.447414171670607,2,Sample 1,Cluster 3
2259,-1.9627750626167573,-3.777574912489734,0,Sample 1,Cluster 1
2260,-1.6005173121035978,4.732738215216048,1,Sample 1,Cluster 2
2261,2.287112081215205,-5.276083277455352,2,Sample 1,Cluster 3
2262,-2.577298936011912,-5.332773542357887,0,Sample 1,Cluster 1
2263,-3.090445666929113,-4.854999069918359,0,Sample 1,Cluster 1
2264,-2.3998203978816743,4.656475567099798,1,Sample 1,Cluster 2
2265,-3.344824639973334,-5.205556100097425,0,Sample 1,Cluster 1
2266,-1.2008920057510781,-4.69346544819288,0,Sample 1,Cluster 1
2267,-2.0483152592851197,4.1842685290463075,1,Sample 1,Cluster 2
2268,4.21630934431141,-5.307591296833214,2,Sample 1,Cluster 3
2269,-1.86004647844636,3.7069515132507296,1,Sample 1,Cluster 2
2270,2.921196614059719,-5.10121511756316,2,Sample 1,Cluster 3
2271,-2.7565341004457533,6.436169084729858,1,Sample 1,Cluster 2
2272,-3.7861288216944473,5.14779246311658,1,Sample 1,Cluster 2
2273,-1.0155973481645895,-4.820612204371766,0,Sample 1,Cluster 1
2274,-0.8001828775864306,-3.934928750409277,0,Sample 1,Cluster 1
2275,-2.124585928153179,-6.228457698565685,0,Sample 1,Cluster 1
2276,-2.7417444695860973,-7.082509670261839,0,Sample 1,Cluster 1
2277,-1.3392579613766304,-3.554242685089692,0,Sample 1,Cluster 1
2278,2.25706494340114,-5.224931233971645,2,Sample 1,Cluster 3
2279,-2.8901642983589957,-4.140533596183805,0,Sample 1,Cluster 1
2280,3.150928751885559,-6.125581969683191,2,Sample 1,Cluster 3
2281,-2.495909234686031,4.812330293299882,1,Sample 1,Cluster 2
2282,3.1691061177363324,-4.105160044595739,2,Sample 1,Cluster 3
2283,2.9881688176854255,-6.6960697720961395,2,Sample 1,Cluster 3
2284,-3.2034262259295905,-4.721123904111216,0,Sample 1,Cluster 1
2285,-1.8364755350532085,3.2310917527936915,1,Sample 1,Cluster 2
2286,-3.3375287861455516,5.429322202021829,1,Sample 1,Cluster 2
2287,2.859360969028922,-4.738342100097724,2,Sample 1,Cluster 3
2288,3.551828080768249,-5.798569806809124,2,Sample 1,Cluster 3
2289,-3.7272913365884976,6.022141457518807,1,Sample 1,Cluster 2
2290,-2.854435216902786,4.6164056260806055,1,Sample 1,Cluster 2
2291,2.455244547512752,-5.289302487498037,2,Sample 1,Cluster 3
2292,-2.4381053538819053,4.310972638937389,1,Sample 1,Cluster 2
2293,4.111288531667742,-4.301770068424312,2,Sample 1,Cluster 3
2294,-2.6214280760284665,5.470653765187661,1,Sample 1,Cluster 2
2295,-4.150722521983564,-5.253880393794028,0,Sample 1,Cluster 1
2296,-1.8528645844858245,-5.467564233480351,0,Sample 1,Cluster 1
2297,-2.430362345409463,4.760794119627306,1,Sample 1,Cluster 2
2298,4.113992003164184,-4.992913837064884,2,Sample 1,Cluster 3
2299,5.0499932733945245,-6.235948737722721,2,Sample 1,Cluster 3
2300,3.5995087970014836,-6.066518406781768,2,Sample 1,Cluster 3
2301,-2.7954217113969624,5.114710773873801,1,Sample 1,Cluster 2
2302,-1.9424364763914115,4.732944408195192,1,Sample 1,Cluster 2
2303,-2.344492558738131,4.717466965751449,1,Sample 1,Cluster 2
2304,3.7047343238317363,-4.512691584757189,2,Sample 1,Cluster 3
2305,-2.2030833013029527,4.516811850627343,1,Sample 1,Cluster 2
2306,4.1144784350917885,-5.905719312572805,2,Sample 1,Cluster 3
2307,-3.220496587718295,5.510713540486706,1,Sample 1,Cluster 2
2308,2.642149454072471,-5.101226063797648,2,Sample 1,Cluster 3
2309,-0.8397913018997876,4.448649745528345,1,Sample 1,Cluster 2
2310,-2.715525467555646,5.57403380463677,1,Sample 1,Cluster 2
2311,-2.762315773210334,5.124152547087183,1,Sample 1,Cluster 2
2312,-3.0346761558774413,-5.048860537081901,0,Sample 1,Cluster 1
2313,-3.23965129150248,-6.278079335676345,0,Sample 1,Cluster 1
2314,2.863048289406933,-4.815511320987029,2,Sample 1,Cluster 3
2315,3.9331297136840115,-6.611920986005287,2,Sample 1,Cluster 3
2316,3.1617032017189626,-7.880868083567615,2,Sample 1,Cluster 3
2317,-3.922976199123423,6.196835449191346,1,Sample 1,Cluster 2
2318,1.971811549318665,-5.449070397153765,2,Sample 1,Cluster 3
2319,3.805928801741594,-5.176090985003863,2,Sample 1,Cluster 3
2320,3.092549083418756,-5.505149621986547,2,Sample 1,Cluster 3
2321,1.9383952514161045,-4.8745415871214455,2,Sample 1,Cluster 3
2322,-2.4635488950864812,-4.5012742893760675,0,Sample 1,Cluster 1
2323,-1.1619420905298372,5.335215207492836,1,Sample 1,Cluster 2
2324,-4.595796083271796,5.657522003500179,1,Sample 1,Cluster 2
2325,3.010007605749891,-4.998564101697514,2,Sample 1,Cluster 3
2326,-2.474883307573779,-3.7139373548803913,0,Sample 1,Cluster 1
2327,-2.301339885987294,-4.937505811811187,0,Sample 1,Cluster 1
2328,-2.5194836738087862,6.713816286889491,1,Sample 1,Cluster 2
2329,-2.7179280132829495,-4.013020577331045,0,Sample 1,Cluster 1
2330,-2.254077144224249,-5.659689800347809,0,Sample 1,Cluster 1
2331,2.901660356743628,-4.2840715551785395,2,Sample 1,Cluster 3
2332,-2.501923072735083,-5.471417321431445,0,Sample 1,Cluster 1
2333,3.018583016313693,-6.5273579671817945,2,Sample 1,Cluster 3
2334,-3.2719387684640835,5.548841167998751,1,Sample 1,Cluster 2
2335,-3.342945935317083,4.145757662736646,1,Sample 1,Cluster 2
2336,3.186107413974131,-6.990257646049865,2,Sample 1,Cluster 3
2337,3.349667067103668,-6.172539085873677,2,Sample 1,Cluster 3
2338,-2.5743553652908706,-5.1916015376174,0,Sample 1,Cluster 1
2339,-2.4418555805365267,-5.3291945156497444,0,Sample 1,Cluster 1
2340,-2.3202522193984914,5.746072665498472,1,Sample 1,Cluster 2
2341,4.672086841831722,-4.646602610897954,2,Sample 1,Cluster 3
2342,4.431150386619727,-4.886364416935564,2,Sample 1,Cluster 3
2343,-0.8601503233712591,-4.999453744834014,0,Sample 1,Cluster 1
2344,-2.4649508224167125,4.882398398697209,1,Sample 1,Cluster 2
2345,-2.8475969819458524,4.752662301225088,1,Sample 1,Cluster 2
2346,-1.8046763260024827,-5.364431620819096,0,Sample 1,Cluster 1
2347,-2.7919621836343085,4.328632266128794,1,Sample 1,Cluster 2
2348,2.194166843575248,-4.857176664223617,2,Sample 1,Cluster 3
2349,-2.402161997574173,5.43463842322911,1,Sample 1,Cluster 2
2350,2.403680677128307,-3.7343065989571462,2,Sample 1,Cluster 3
2351,-1.9765074749167537,4.955532263271636,1,Sample 1,Cluster 2
2352,-2.6473166525465617,-5.904142983587747,0,Sample 1,Cluster 1
2353,3.759559900791433,-5.644421346008416,2,Sample 1,Cluster 3
2354,-0.45193236938496417,4.92315208022028,1,Sample 1,Cluster 2
2355,-3.3845637347887485,4.828063175769012,1,Sample 1,Cluster 2
2356,-2.9373440676698124,4.782675911739157,1,Sample 1,Cluster 2
2357,1.9999226079019752,-6.195804917159715,2,Sample 1,Cluster 3
2358,-2.251273947521596,6.180284973559642,1,Sample 1,Cluster 2
2359,3.8252890445584358,-4.592253538206137,2,Sample 1,Cluster 3
2360,3.2863569916496305,-4.642770794447431,2,Sample 1,Cluster 3
2361,-2.9318077442474895,4.37735621967815,1,Sample 1,Cluster 2
2362,-2.448420468151904,3.4196267469169026,1,Sample 1,Cluster 2
2363,4.491570468099626,-4.249087981856844,2,Sample 1,Cluster 3
2364,3.821237371085669,-5.031941170698691,2,Sample 1,Cluster 3
2365,4.5621822787009565,-4.521969835284217,2,Sample 1,Cluster 3
2366,-3.1174175659143,-3.7123834673792215,0,Sample 1,Cluster 1
2367,-2.1151926146106295,5.179107219423305,1,Sample 1,Cluster 2
2368,4.112314318015228,-4.76096177574259,2,Sample 1,Cluster 3
2369,3.791289578257415,-4.6823626640940805,2,Sample 1,Cluster 3
2370,-2.151195379821936,-4.32492839228661,0,Sample 1,Cluster 1
2371,-4.523648062155443,-5.237285967255839,0,Sample 1,Cluster 1
2372,3.5955821921926323,-4.238017474437756,2,Sample 1,Cluster 3
2373,-2.5131383168582015,5.950714618758467,1,Sample 1,Cluster 2
2374,-2.4609119437394367,5.032473352963106,1,Sample 1,Cluster 2
2375,3.6216283060572225,-5.728516069745992,2,Sample 1,Cluster 3
2376,3.90547284543578,-5.040894954412302,2,Sample 1,Cluster 3
2377,-2.941778435424777,5.506345454204409,1,Sample 1,Cluster 2
2378,3.0025943168241804,-4.974083029053137,2,Sample 1,Cluster 3
2379,-0.8202225686667877,4.802379439403203,1,Sample 1,Cluster 2
2380,3.267530373596171,-4.754839309629327,2,Sample 1,Cluster 3
2381,2.255530199268254,-5.71903984819507,2,Sample 1,Cluster 3
2382,-3.0873866575768303,-5.113223709870278,0,Sample 1,Cluster 1
2383,-1.7514572854820312,6.017244075995327,1,Sample 1,Cluster 2
2384,-1.8645882563025382,3.9965684614646007,1,Sample 1,Cluster 2
2385,-3.5975209143450853,3.7091508816986067,1,Sample 1,Cluster 2
2386,-1.668710570063785,4.939388570771632,1,Sample 1,Cluster 2
2387,4.976688406338189,-4.881743408770778,2,Sample 1,Cluster 3
2388,-1.8132391066746676,4.812303544034069,1,Sample 1,Cluster 2
2389,2.612974564230912,-3.8644354553617286,2,Sample 1,Cluster 3
2390,2.19187207190826,-4.944530270627721,2,Sample 1,Cluster 3
2391,2.974376787237746,-4.812592588434588,2,Sample 1,Cluster 3
2392,-3.533810156084495,5.5517662441961555,1,Sample 1,Cluster 2
2393,-3.5175352008901783,-4.830882746023473,0,Sample 1,Cluster 1
2394,-2.2862986791908133,5.406980018583947,1,Sample 1,Cluster 2
2395,-5.093013872055258,4.180489886932568,1,Sample 1,Cluster 2
2396,-1.9669842623651814,-4.537617181088354,0,Sample 1,Cluster 1
2397,2.709218228223116,-4.41178455202001,2,Sample 1,Cluster 3
2398,-1.157060261301947,-6.529312440521406,0,Sample 1,Cluster 1
2399,-2.7891702133551886,-4.666843169518838,0,Sample 1,Cluster 1
2400,-2.4581932076020134,-5.84848405311728,0,Sample 1,Cluster 1
2401,2.380600128554352,-4.457017544576464,2,Sample 1,Cluster 3
2402,-3.4574309171410493,-4.285041848488711,0,Sample 1,Cluster 1
2403,-2.1733977954284223,3.6379331166097275,1,Sample 1,Cluster 2
2404,-2.8339443055915456,-4.724756862749227,0,Sample 1,Cluster 1
2405,-3.863097269461375,-5.739572790503644,0,Sample 1,Cluster 1
2406,-1.6359551526885516,-4.245769188687939,0,Sample 1,Cluster 1
2407,-3.150411497808104,-4.341376067457835,0,Sample 1,Cluster 1
2408,-1.682787685774509,-4.264868116273337,0,Sample 1,Cluster 1
2409,-3.0750659100869844,-4.403995749698175,0,Sample 1,Cluster 1
2410,3.9543161371126185,-5.387146755960987,2,Sample 1,Cluster 3
2411,3.2468221410202003,-4.110319504622929,2,Sample 1,Cluster 3
2412,-2.0387544295553868,5.249000123634829,1,Sample 1,Cluster 2
2413,2.6083610676955646,-4.886416068900796,2,Sample 1,Cluster 3
2414,-2.4340481976523973,3.8339588004280554,1,Sample 1,Cluster 2
2415,-2.0743950409424454,-4.710671151002387,0,Sample 1,Cluster 1
2416,4.323077973564541,-5.203580861316273,2,Sample 1,Cluster 3
2417,-3.7115762473446137,-4.742725430928609,0,Sample 1,Cluster 1
2418,3.4240981653785756,-4.851329896877798,2,Sample 1,Cluster 3
2419,-2.60036340800232,5.262303619327486,1,Sample 1,Cluster 2
2420,4.300717851112484,-5.019429196536021,2,Sample 1,Cluster 3
2421,-2.692260318526508,4.700143353960322,1,Sample 1,Cluster 2
2422,-1.6676552858841287,-6.564039016254626,0,Sample 1,Cluster 1
2423,-1.8314463103478866,4.096234516273905,1,Sample 1,Cluster 2
2424,4.729222458632128,-3.0761299661968216,2,Sample 1,Cluster 3
2425,-3.594652031066248,-3.4101792006153535,0,Sample 1,Cluster 1
2426,-3.3002650596844596,4.457804023580119,1,Sample 1,Cluster 2
2427,3.9130067563118316,-4.641211636642848,2,Sample 1,Cluster 3
2428,2.3547571492837895,-3.860297814338205,2,Sample 1,Cluster 3
2429,-3.2116115437004185,4.3473517720276496,1,Sample 1,Cluster 2
2430,-1.719904213265799,4.8823540947982895,1,Sample 1,Cluster 2
2431,3.6667745929198245,-4.066303369597362,2,Sample 1,Cluster 3
2432,-3.9228700672052135,5.255721460735182,1,Sample 1,Cluster 2
2433,-2.7116118730484886,3.3969101084745974,1,Sample 1,Cluster 2
2434,3.3924240808620376,-4.04513077161899,2,Sample 1,Cluster 3
2435,-0.9766907283415944,-3.699232867710349,0,Sample 1,Cluster 1
2436,3.3508443902652014,-4.746438394412707,2,Sample 1,Cluster 3
2437,-2.438712743638672,-5.409410846353842,0,Sample 1,Cluster 1
2438,4.61966538222866,-3.9172370819030373,2,Sample 1,Cluster 3
2439,3.6610816083305733,-5.477594870736746,2,Sample 1,Cluster 3
2440,-3.061642475101882,4.737870282721786,1,Sample 1,Cluster 2
2441,4.203501674259626,-4.446705139902889,2,Sample 1,Cluster 3
2442,-1.7389550045604132,-4.578481661067365,0,Sample 1,Cluster 1
2443,-4.082580199499848,-4.9624520783517045,0,Sample 1,Cluster 1
2444,4.926429668066858,-4.685669191561427,2,Sample 1,Cluster 3
2445,-2.570625638681004,7.063767470123455,1,Sample 1,Cluster 2
2446,-3.572057656899148,-4.654226647392597,0,Sample 1,Cluster 1
2447,-1.7869570505041956,-4.996616112804679,0,Sample 1,Cluster 1
2448,-1.9283121674907056,-6.639953022861983,0,Sample 1,Cluster 1
2449,3.509837976779064,-5.281670197963105,2,Sample 1,Cluster 3
2450,-1.7904900879221597,4.663390565055157,1,Sample 1,Cluster 2
2451,-2.5572810075312513,4.970222210792127,1,Sample 1,Cluster 2
2452,-2.0381091799146707,-5.102927557081645,0,Sample 1,Cluster 1
2453,-2.8001571042591498,4.745827922595013,1,Sample 1,Cluster 2
2454,-4.128976402284749,-4.962005225398686,0,Sample 1,Cluster 1
2455,-2.234989254877149,5.780436101697887,1,Sample 1,Cluster 2
2456,-2.312971270567402,3.755283483037098,1,Sample 1,Cluster 2
2457,-2.514967005156718,4.689185237528891,1,Sample 1,Cluster 2
2458,-1.2076994484244465,4.742143624630928,1,Sample 1,Cluster 2
2459,4.100386378507471,-4.097850964386857,2,Sample 1,Cluster 3
2460,-3.226419260416969,3.870157038931767,1,Sample 1,Cluster 2
2461,2.4186621404662447,-4.930020997055409,2,Sample 1,Cluster 3
2462,-4.117438911969558,-5.081024574961226,0,Sample 1,Cluster 1
2463,-2.9614170644546665,5.604312980660605,1,Sample 1,Cluster 2
2464,-1.4953950995411833,4.284314158224397,1,Sample 1,Cluster 2
2465,-2.214387611227962,4.445672323791476,1,Sample 1,Cluster 2
2466,-3.154145917284107,-5.907064285445084,0,Sample 1,Cluster 1
2467,3.551122713595244,-5.045816328657682,2,Sample 1,Cluster 3
2468,-2.28995093679846,5.1548719290940355,1,Sample 1,Cluster 2
2469,3.8820195882200688,-6.722984459033169,2,Sample 1,Cluster 3
2470,-2.9985124211398118,4.555618304671796,1,Sample 1,Cluster 2
2471,-1.3464439953584881,-5.409899392541355,0,Sample 1,Cluster 1
2472,3.796810741138754,-3.8703784971654,2,Sample 1,Cluster 3
2473,-2.559546743280037,5.496537678040543,1,Sample 1,Cluster 2
2474,-3.013189527235448,5.390297827896859,1,Sample 1,Cluster 2
2475,-2.2407543774227516,-5.918153111852534,0,Sample 1,Cluster 1
2476,3.191256537526342,-4.475286289769934,2,Sample 1,Cluster 3
2477,3.024275352975593,-6.764235498204725,2,Sample 1,Cluster 3
2478,-2.3954479804284943,-5.113220602693558,0,Sample 1,Cluster 1
2479,-1.9092267360036717,5.137094624951977,1,Sample 1,Cluster 2
2480,3.1076327117862044,-4.015437676012423,2,Sample 1,Cluster 3
2481,4.729000429393532,-4.312133150826034,2,Sample 1,Cluster 3
2482,4.478255027542726,-5.208029000144355,2,Sample 1,Cluster 3
2483,-1.5771277253464597,-3.890920482189725,0,Sample 1,Cluster 1
2484,-2.2405278319881052,-5.426180398573523,0,Sample 1,Cluster 1
2485,-1.9558271156396403,5.95400600998238,1,Sample 1,Cluster 2
2486,-3.0013737796719724,5.689914777906207,1,Sample 1,Cluster 2
2487,-3.3513760054538793,-5.007875846920307,0,Sample 1,Cluster 1
2488,-3.9168548424704728,-4.622766095665435,0,Sample 1,Cluster 1
2489,-1.5500911587481991,7.071650913614891,1,Sample 1,Cluster 2
2490,-3.2514683150550034,4.884729955422707,1,Sample 1,Cluster 2
2491,-2.42907392723085,5.157852565924476,1,Sample 1,Cluster 2
2492,3.4477258411807066,-6.380808494933413,2,Sample 1,Cluster 3
2493,3.624982515217699,-5.5441387810783604,2,Sample 1,Cluster 3
2494,-1.7044420995928742,-4.483195050308359,0,Sample 1,Cluster 1
2495,-1.619232292001143,6.566677963376475,1,Sample 1,Cluster 2
2496,3.2454420348517847,-5.147269493612735,2,Sample 1,Cluster 3
2497,-2.172189763232402,4.311129671861144,1,Sample 1,Cluster 2
2498,-2.8864488413467515,5.11743440958844,1,Sample 1,Cluster 2
2499,4.048719552934081,-5.613058019825141,2,Sample 1,Cluster 3
2500,-2.451931204307869,-4.68935039566124,0,Sample 1,Cluster 1
2501,-2.8726444552945303,-5.120670169253356,0,Sample 1,Cluster 1
2502,-3.115996852957966,-6.036893331399916,0,Sample 1,Cluster 1
2503,4.412676572444298,-4.980454527857573,2,Sample 1,Cluster 3
2504,1.908832795007342,-3.7978125389555295,2,Sample 1,Cluster 3
2505,-2.5815957733087456,-5.673946104101061,0,Sample 1,Cluster 1
2506,-1.7223544274082223,-5.010643708302908,0,Sample 1,Cluster 1
2507,-1.973789459079701,-5.055625828993816,0,Sample 1,Cluster 1
2508,3.3568778066753753,-4.586684443251226,2,Sample 1,Cluster 3
2509,-4.073655762869722,-5.893749169365602,0,Sample 1,Cluster 1
2510,-2.8865491698394994,6.259189410632026,1,Sample 1,Cluster 2
2511,-2.679884785446463,4.479997935341232,1,Sample 1,Cluster 2
2512,-1.224395949420022,4.322430921345338,1,Sample 1,Cluster 2
2513,-2.1446413381674625,-4.1189416338113904,0,Sample 1,Cluster 1
2514,-3.8799342660104266,4.550169976607222,1,Sample 1,Cluster 2
2515,-1.7357846102342356,-5.030994315991634,0,Sample 1,Cluster 1
2516,-1.2049698882713056,-4.667338696435726,0,Sample 1,Cluster 1
2517,-1.6312835473347373,5.3797585863039625,1,Sample 1,Cluster 2
2518,-2.857857516527001,6.024813089388091,1,Sample 1,Cluster 2
2519,2.947482476584291,-4.120813314046428,2,Sample 1,Cluster 3
2520,-2.294240823715258,-5.192532139624171,0,Sample 1,Cluster 1
2521,-1.972603465254076,5.750056110101247,1,Sample 1,Cluster 2
2522,-2.6023340731846134,4.235567647519659,1,Sample 1,Cluster 2
2523,3.6215141629952763,-4.566942964793378,2,Sample 1,Cluster 3
2524,3.207713470577567,-5.968128754731326,2,Sample 1,Cluster 3
2525,-1.4874337273082394,4.3070601214284,1,Sample 1,Cluster 2
2526,2.8337249692624713,-4.402415327916232,2,Sample 1,Cluster 3
2527,3.3929410083947515,-4.179494308901934,2,Sample 1,Cluster 3
2528,-2.0858727836247013,4.419404949477228,1,Sample 1,Cluster 2
2529,-3.287994500653612,-4.841055992362074,0,Sample 1,Cluster 1
2530,-1.32865820899805,5.797487018772646,1,Sample 1,Cluster 2
2531,-2.43923578566713,5.594145934687778,1,Sample 1,Cluster 2
2532,3.460338174083368,-4.075194664439098,2,Sample 1,Cluster 3
2533,-1.9752793787761913,5.15578895577502,1,Sample 1,Cluster 2
2534,3.5949289439494114,-5.668099603177788,2,Sample 1,Cluster 3
2535,-3.1529737956335717,-4.937485549624282,0,Sample 1,Cluster 1
2536,2.828656892700648,-5.238293443965489,2,Sample 1,Cluster 3
2537,-2.119529251257134,-6.397516553076444,0,Sample 1,Cluster 1
2538,-3.6828689966238732,5.915003234565543,1,Sample 1,Cluster 2
2539,-3.321922841220809,-5.298614596753051,0,Sample 1,Cluster 1
2540,-3.127918650465792,5.518624347075087,1,Sample 1,Cluster 2
2541,-1.7018943384638043,-5.229435388590615,0,Sample 1,Cluster 1
2542,-1.8535710484783428,-5.678452478424407,0,Sample 1,Cluster 1
2543,-4.001242164833499,5.495769156772909,1,Sample 1,Cluster 2
2544,-1.1971075635429664,3.8959188334280865,1,Sample 1,Cluster 2
2545,-1.7397539264211392,6.36849069806554,1,Sample 1,Cluster 2
2546,-1.941421349109128,5.3147883083374,1,Sample 1,Cluster 2
2547,-1.7803200996533994,5.2458396167012875,1,Sample 1,Cluster 2
2548,-2.6290285693328075,5.323240685451631,1,Sample 1,Cluster 2
2549,3.7324398891479036,-5.273718920901791,2,Sample 1,Cluster 3
2550,2.6110861917630936,-4.352588241406411,2,Sample 1,Cluster 3
2551,2.4237070268153436,-5.6574518627370765,2,Sample 1,Cluster 3
2552,2.333477061661842,-5.212190032376162,2,Sample 1,Cluster 3
2553,-1.0876366077751225,5.323985368768764,1,Sample 1,Cluster 2
2554,-1.302054653456299,-3.513838125169814,0,Sample 1,Cluster 1
2555,4.316418573493781,-4.631137574162852,2,Sample 1,Cluster 3
2556,-0.6783308015573564,-5.987609598737917,0,Sample 1,Cluster 1
2557,-2.111052166750449,-6.559497404257939,0,Sample 1,Cluster 1
2558,-2.099467422895032,5.039818949744768,1,Sample 1,Cluster 2
2559,-2.714916602647794,-6.469087827016318,0,Sample 1,Cluster 1
2560,3.157318911205594,-5.101925497911968,2,Sample 1,Cluster 3
2561,-1.7403243429084094,-5.047532145017995,0,Sample 1,Cluster 1
2562,-1.6338471568903414,-5.376899721454303,0,Sample 1,Cluster 1
2563,-2.5934127326361973,-5.508446273123523,0,Sample 1,Cluster 1
2564,-1.8135886437582838,-5.662557018372188,0,Sample 1,Cluster 1
2565,4.223440777495975,-5.056896232664268,2,Sample 1,Cluster 3
2566,2.629323747980722,-4.784655263795872,2,Sample 1,Cluster 3
2567,-1.241012626755915,-4.6346495914156804,0,Sample 1,Cluster 1
2568,-1.7387601835407658,-5.8169299660482405,0,Sample 1,Cluster 1
2569,-4.14028596582736,-4.408655604238746,0,Sample 1,Cluster 1
2570,-4.026246046301913,-5.6883080086236015,0,Sample 1,Cluster 1
2571,-3.209863567084617,-4.3825630582114705,0,Sample 1,Cluster 1
2572,-3.295542817439834,-4.800361448321539,0,Sample 1,Cluster 1
2573,-2.7686277594321025,6.335217220231515,1,Sample 1,Cluster 2
2574,-2.9894152727242282,4.97037056236127,1,Sample 1,Cluster 2
2575,-1.9276949476470047,5.574548580566348,1,Sample 1,Cluster 2
2576,-1.7935121782822727,4.937730242389758,1,Sample 1,Cluster 2
2577,4.06150596026513,-5.146822537725723,2,Sample 1,Cluster 3
2578,2.683296717235745,-3.31576205643335,2,Sample 1,Cluster 3
2579,3.6812861640276524,-5.315189344994496,2,Sample 1,Cluster 3
2580,-2.2520841764954924,-6.01886843887728,0,Sample 1,Cluster 1
2581,4.759657813385449,-5.197872309620125,2,Sample 1,Cluster 3
2582,-1.7964663670900776,-5.861900861587807,0,Sample 1,Cluster 1
2583,2.6528427309717753,-5.432805492626319,2,Sample 1,Cluster 3
2584,-2.772478965527889,-4.599885573508893,0,Sample 1,Cluster 1
2585,2.4888217414944562,-5.282948607653605,2,Sample 1,Cluster 3
2586,-3.2919662340416114,-5.028006088004989,0,Sample 1,Cluster 1
2587,4.8282159086637355,-4.972153967600134,2,Sample 1,Cluster 3
2588,3.312938030465174,-5.1737270457094855,2,Sample 1,Cluster 3
2589,4.074113413905027,-5.072860688282422,2,Sample 1,Cluster 3
2590,-3.0702766261417316,5.085144182153518,1,Sample 1,Cluster 2
2591,-2.5218436316079456,4.253385632741443,1,Sample 1,Cluster 2
2592,3.3462331636537113,-4.885354955999997,2,Sample 1,Cluster 3
2593,4.445537595342925,-3.5701228684561395,2,Sample 1,Cluster 3
2594,1.4529686512338444,-3.6617054384811762,2,Sample 1,Cluster 3
2595,-1.5564479034229703,4.624659478316236,1,Sample 1,Cluster 2
2596,4.114165908818091,-3.8804108584221257,2,Sample 1,Cluster 3
2597,-3.3891663655496256,5.197203822745604,1,Sample 1,Cluster 2
2598,3.0764061023687717,-6.268500565415675,2,Sample 1,Cluster 3
2599,-2.014621552691054,4.8534427050236895,1,Sample 1,Cluster 2
2600,3.1170362140247008,-6.111824114554135,2,Sample 1,Cluster 3
2601,-2.1625759405993032,-3.9518464735352823,0,Sample 1,Cluster 1
2602,-3.0405664633292897,5.02732193399042,1,Sample 1,Cluster 2
2603,-2.999854862156543,5.020872840168667,1,Sample 1,Cluster 2
2604,-3.277325387633029,3.8963054681688556,1,Sample 1,Cluster 2
2605,-2.6846930990758153,6.1626085306568275,1,Sample 1,Cluster 2
2606,4.901203137129073,-4.639509560454889,2,Sample 1,Cluster 3
2607,-3.163196008737658,4.551855167842424,1,Sample 1,Cluster 2
2608,3.690918706941215,-5.510868660116024,2,Sample 1,Cluster 3
2609,-3.515464397237359,-3.6379882734963154,0,Sample 1,Cluster 1
2610,4.527735816887896,-5.12810411167835,2,Sample 1,Cluster 3
2611,-2.5920877551385915,-5.276735463237737,0,Sample 1,Cluster 1
2612,-3.1946341855010933,5.4277032688979485,1,Sample 1,Cluster 2
2613,-1.8274851608090206,4.477900816558087,1,Sample 1,Cluster 2
2614,-2.8959723842944585,-5.398057998647371,0,Sample 1,Cluster 1
2615,3.2874153623038986,-5.040640630895627,2,Sample 1,Cluster 3
2616,-2.920703740716163,-4.857799914985575,0,Sample 1,Cluster 1
2617,-1.1578393487388474,4.557129406633605,1,Sample 1,Cluster 2
2618,-2.110155810364004,-4.142456107830562,0,Sample 1,Cluster 1
2619,3.039570185963935,-4.769948875866137,2,Sample 1,Cluster 3
2620,-1.9940738087555832,5.778043559701384,1,Sample 1,Cluster 2
2621,2.751914023066259,-5.702093885490324,2,Sample 1,Cluster 3
2622,-3.050520276142179,6.801948644275447,1,Sample 1,Cluster 2
2623,-2.7866721216169776,4.481966555491873,1,Sample 1,Cluster 2
2624,-3.749194577953488,-3.797264137256801,0,Sample 1,Cluster 1
2625,-4.62077584671441,5.873205481537969,1,Sample 1,Cluster 2
2626,4.173372566576075,-4.740273411597985,2,Sample 1,Cluster 3
2627,3.774146981514373,-5.5867856533426234,2,Sample 1,Cluster 3
2628,-3.383890234450016,-4.823566858388906,0,Sample 1,Cluster 1
2629,-3.7671222587885786,5.608331724915438,1,Sample 1,Cluster 2
2630,-0.9366740529997708,-5.404597363409549,0,Sample 1,Cluster 1
2631,-2.2059041278322313,-4.881528464161379,0,Sample 1,Cluster 1
2632,3.189932513047804,-5.088004398960841,2,Sample 1,Cluster 3
2633,-0.8514016600944103,6.404272673954564,1,Sample 1,Cluster 2
2634,-2.788031415005586,-5.582461678284257,0,Sample 1,Cluster 1
2635,-2.0668298174361697,5.607324128242118,1,Sample 1,Cluster 2
2636,-3.1153138798298388,4.2480775191129085,1,Sample 1,Cluster 2
2637,-2.1025011275939223,-4.14418283601292,0,Sample 1,Cluster 1
2638,4.17510225809898,-4.9220527117621575,2,Sample 1,Cluster 3
2639,4.581537756958078,-6.56128233030631,2,Sample 1,Cluster 3
2640,4.267526873755557,-5.620035970412992,2,Sample 1,Cluster 3
2641,-2.966879461076804,-4.169296919184546,0,Sample 1,Cluster 1
2642,-1.9105248823260532,4.774937954305429,1,Sample 1,Cluster 2
2643,-1.583175884686348,-5.621897187876725,0,Sample 1,Cluster 1
2644,4.607704610155238,-3.827831597214895,2,Sample 1,Cluster 3
2645,4.275081303880805,-4.890602682080615,2,Sample 1,Cluster 3
2646,5.675149407311998,-5.7954840525046984,2,Sample 1,Cluster 3
2647,3.379624571274739,-5.212474106609929,2,Sample 1,Cluster 3
2648,3.259758560370896,-5.865531494970506,2,Sample 1,Cluster 3
2649,-3.2966523158321834,5.520908993458925,1,Sample 1,Cluster 2
2650,-2.3207260145516666,5.010073920625436,1,Sample 1,Cluster 2
2651,-3.3260191228220317,5.318341639957447,1,Sample 1,Cluster 2
2652,-2.5064905612894,-4.873528619741452,0,Sample 1,Cluster 1
2653,2.8494079221907938,-4.601769352465778,2,Sample 1,Cluster 3
2654,3.444556282895834,-5.0360983122592415,2,Sample 1,Cluster 3
2655,-3.271764340600572,-3.6972251561821423,0,Sample 1,Cluster 1
2656,-2.920998285213937,-3.8893297774332414,0,Sample 1,Cluster 1
2657,-3.7567009216547995,4.098586024872156,1,Sample 1,Cluster 2
2658,-1.962444313748402,-4.692638342395282,0,Sample 1,Cluster 1
2659,-3.63221375353935,-4.825172766071243,0,Sample 1,Cluster 1
2660,2.347301084357109,-5.547593384490238,2,Sample 1,Cluster 3
2661,-3.625053970937467,4.933515541897044,1,Sample 1,Cluster 2
2662,3.282714165415801,-5.527798913003172,2,Sample 1,Cluster 3
2663,-2.6811872790798654,4.2324486106212165,1,Sample 1,Cluster 2
2664,-2.867811692664381,-4.565287337702553,0,Sample 1,Cluster 1
2665,-3.658411120332995,3.240955234703934,1,Sample 1,Cluster 2
2666,-2.710127616252934,-5.2691095563289085,0,Sample 1,Cluster 1
2667,-3.5357451805767246,5.9286614299028155,1,Sample 1,Cluster 2
2668,-2.304959428983041,4.548737095410617,1,Sample 1,Cluster 2
2669,-2.341532191385716,4.884511670460846,1,Sample 1,Cluster 2
2670,-1.2993921674925513,5.680177393690794,1,Sample 1,Cluster 2
2671,-2.3436146147573673,-5.079076160991445,0,Sample 1,Cluster 1
2672,-3.3788963401422496,-3.8635965701831494,0,Sample 1,Cluster 1
2673,2.305823704475322,-3.8192966795968273,2,Sample 1,Cluster 3
2674,-1.9781550787118156,-6.305068088333659,0,Sample 1,Cluster 1
2675,-3.4732646433085677,-5.897224117940022,0,Sample 1,Cluster 1
2676,4.753726012725372,-6.1833568146862135,2,Sample 1,Cluster 3
2677,-3.728032198025888,-6.504008027126211,0,Sample 1,Cluster 1
2678,-3.3401125916817165,-4.394003880530011,0,Sample 1,Cluster 1
2679,-0.6445363680146445,5.314654271515497,1,Sample 1,Cluster 2
2680,3.2801741530857687,-5.286463556943455,2,Sample 1,Cluster 3
2681,-2.0555898829262014,4.265050790811125,1,Sample 1,Cluster 2
2682,-2.065119876324454,4.703508534331116,1,Sample 1,Cluster 2
2683,-2.2265952193782725,6.500936671372709,1,Sample 1,Cluster 2
2684,4.090043858577045,-4.141102444873942,2,Sample 1,Cluster 3
2685,-2.3804351282693523,-4.3833998323049705,0,Sample 1,Cluster 1
2686,-3.4551400051192442,5.114354475810965,1,Sample 1,Cluster 2
2687,-3.3737309061744716,-4.332198938940095,0,Sample 1,Cluster 1
2688,-2.958929605504189,4.562512847007686,1,Sample 1,Cluster 2
2689,3.407234766645273,-6.251697701868643,2,Sample 1,Cluster 3
2690,-1.6416175617871906,6.891097995695489,1,Sample 1,Cluster 2
2691,-2.5167212751713186,5.093861906647025,1,Sample 1,Cluster 2
2692,-3.5052055154234054,5.650564149398382,1,Sample 1,Cluster 2
2693,-0.6608815011045996,4.709729151648273,1,Sample 1,Cluster 2
2694,-2.712483648228884,-5.3199025909346975,0,Sample 1,Cluster 1
2695,-3.8849610427559407,-3.804049418037411,0,Sample 1,Cluster 1
2696,-2.781131388570986,-3.749269312934313,0,Sample 1,Cluster 1
2697,-2.6050055736738438,5.061481506367015,1,Sample 1,Cluster 2
2698,2.2328260623042437,-5.3789163661209525,2,Sample 1,Cluster 3
2699,-1.2595996057487384,4.201316767408967,1,Sample 1,Cluster 2
2700,-2.24603739099986,-5.266288323506009,0,Sample 1,Cluster 1
2701,-2.6941589982602254,-6.5120081369463545,0,Sample 1,Cluster 1
2702,1.5204916580139072,-5.280622564481243,2,Sample 1,Cluster 3
2703,-3.0352581909279333,5.831923749916861,1,Sample 1,Cluster 2
2704,-3.6978061161429157,-3.975248338666618,0,Sample 1,Cluster 1
2705,2.9669131869216883,-4.619732059658007,2,Sample 1,Cluster 3
2706,-4.0608814912309,-4.8851296507958715,0,Sample 1,Cluster 1
2707,2.6647821293173046,-4.122223846714849,2,Sample 1,Cluster 3
2708,3.305256159905658,-5.683146326768044,2,Sample 1,Cluster 3
2709,-3.575560408827422,4.265078442812642,1,Sample 1,Cluster 2
2710,3.218405709415639,-5.132064452002437,2,Sample 1,Cluster 3
2711,-2.8097045198316115,4.963671025654209,1,Sample 1,Cluster 2
2712,-2.9197299256534426,-4.605076121885479,0,Sample 1,Cluster 1
2713,-3.2403397008476698,5.204307004539453,1,Sample 1,Cluster 2
2714,-2.1858927074792254,-4.637131581192625,0,Sample 1,Cluster 1
2715,-2.6787702282606807,5.5712003952736735,1,Sample 1,Cluster 2
2716,-3.019861508397949,-4.932665415851443,0,Sample 1,Cluster 1
2717,-2.807177017561881,5.200160165001355,1,Sample 1,Cluster 2
2718,-2.5647338701301505,-7.536340588702444,0,Sample 1,Cluster 1
2719,-2.43373394358552,-5.582537520775852,0,Sample 1,Cluster 1
2720,-2.411571746020848,-5.501052220946406,0,Sample 1,Cluster 1
2721,-1.9140063177761582,-4.769021069739981,0,Sample 1,Cluster 1
2722,-2.9831845007753834,-5.183638924288278,0,Sample 1,Cluster 1
2723,-3.2190272386585024,3.935749099408808,1,Sample 1,Cluster 2
2724,-3.972699385065316,3.9763384266114388,1,Sample 1,Cluster 2
2725,4.089582750322026,-5.4420554768950815,2,Sample 1,Cluster 3
2726,-2.5635107395245624,-5.240372758976563,0,Sample 1,Cluster 1
2727,-1.2926951892763594,-4.51551501389495,0,Sample 1,Cluster 1
2728,3.5085044660181137,-5.673457305494522,2,Sample 1,Cluster 3
2729,-1.8643196936438309,-4.2211022004577226,0,Sample 1,Cluster 1
2730,-1.917896365090416,5.04155670864584,1,Sample 1,Cluster 2
2731,5.44694286172743,-4.521520675962027,2,Sample 1,Cluster 3
2732,-2.115404336185613,-3.802631674043215,0,Sample 1,Cluster 1
2733,-2.9876097617274264,4.850422957611643,1,Sample 1,Cluster 2
2734,-3.515998877915101,-4.464927895563026,0,Sample 1,Cluster 1
2735,-2.883339390276232,4.851472818668946,1,Sample 1,Cluster 2
2736,3.0411405513414564,-6.336935817995252,2,Sample 1,Cluster 3
2737,-3.0864263964191916,-3.54555046195374,0,Sample 1,Cluster 1
2738,2.8105630167534876,-5.309233292718208,2,Sample 1,Cluster 3
2739,2.512468657976834,-4.694859505972526,2,Sample 1,Cluster 3
2740,-3.7807231827812124,4.337202380175803,1,Sample 1,Cluster 2
2741,-3.516048870969626,-4.770435316558633,0,Sample 1,Cluster 1
2742,-3.870507623272702,6.08309789933233,1,Sample 1,Cluster 2
2743,3.4240488469066848,-4.632804798660567,2,Sample 1,Cluster 3
2744,-3.3471260696452805,-3.814669278029921,0,Sample 1,Cluster 1
2745,-1.7317561629748237,-4.630013100746517,0,Sample 1,Cluster 1
2746,2.7820438951559012,-4.625847916912892,2,Sample 1,Cluster 3
2747,3.88847191988634,-4.426728528192279,2,Sample 1,Cluster 3
2748,3.4880921933267706,-3.952107864453173,2,Sample 1,Cluster 3
2749,-2.683512595254422,4.96521844014891,1,Sample 1,Cluster 2
2750,-2.975049126454964,-5.132505128254106,0,Sample 1,Cluster 1
2751,-3.3067589860378797,-6.66871830218667,0,Sample 1,Cluster 1
2752,-2.93593526944716,5.319308891481657,1,Sample 1,Cluster 2
2753,3.1767051165584683,-5.833817270437799,2,Sample 1,Cluster 3
2754,-2.254123506633624,-5.198201934591768,0,Sample 1,Cluster 1
2755,4.0240831574852365,-5.012450471096235,2,Sample 1,Cluster 3
2756,-3.6548834097358123,-5.386327871568414,0,Sample 1,Cluster 1
2757,-1.6452965330447868,-4.516703288329186,0,Sample 1,Cluster 1
2758,-2.860927086727199,-4.558607360071264,0,Sample 1,Cluster 1
2759,-2.4553088481244023,-5.247719771190449,0,Sample 1,Cluster 1
2760,-2.326700019676305,-5.820602146912222,0,Sample 1,Cluster 1
2761,3.9411631228957953,-5.671622046414126,2,Sample 1,Cluster 3
2762,3.6076744351904075,-4.005224697323229,2,Sample 1,Cluster 3
2763,4.348199921851309,-4.606869794915578,2,Sample 1,Cluster 3
2764,-2.2916461893331554,-5.43107348495419,0,Sample 1,Cluster 1
2765,-2.8433955362389294,5.470842615816576,1,Sample 1,Cluster 2
2766,2.9862345629499822,-3.6222759217534444,2,Sample 1,Cluster 3
2767,-2.088873720272868,5.143665425551679,1,Sample 1,Cluster 2
2768,3.1852552137963586,-4.030296636613211,2,Sample 1,Cluster 3
2769,-2.9278053366754584,-4.764022835432943,0,Sample 1,Cluster 1
2770,-2.506378113053294,6.183955311112021,1,Sample 1,Cluster 2
2771,3.7635478856281206,-4.754888414341269,2,Sample 1,Cluster 3
2772,4.0573029665286935,-5.1806453992608335,2,Sample 1,Cluster 3
2773,-1.4556169542765367,5.016803073306208,1,Sample 1,Cluster 2
2774,-1.8021434906234575,5.146673604590681,1,Sample 1,Cluster 2
2775,-2.6768339708296405,-4.944504157873545,0,Sample 1,Cluster 1
2776,-4.397327488687114,-3.3663442776576957,0,Sample 1,Cluster 1
2777,-1.0049457275649174,-4.664235513314187,0,Sample 1,Cluster 1
2778,-2.097804154007348,-6.994616656264062,0,Sample 1,Cluster 1
2779,-2.6451592553980134,-5.085069602025052,0,Sample 1,Cluster 1
2780,3.0094970297970987,-4.093756242260154,2,Sample 1,Cluster 3
2781,4.335160262898645,-4.870960365869844,2,Sample 1,Cluster 3
2782,2.5684864919866177,-3.145890569060897,2,Sample 1,Cluster 3
2783,-2.3040267431130217,4.594445459703096,1,Sample 1,Cluster 2
2784,-2.086442787401303,-5.1772106103616995,0,Sample 1,Cluster 1
2785,3.3490130265954363,-5.641944031891869,2,Sample 1,Cluster 3
2786,-2.8674887196321954,4.320124504428167,1,Sample 1,Cluster 2
2787,-2.5706903673642683,4.703991176094298,1,Sample 1,Cluster 2
2788,-3.622084217439755,6.399661394549551,1,Sample 1,Cluster 2
2789,-3.613566704761385,-3.636718337552706,0,Sample 1,Cluster 1
2790,-2.502882031272455,4.073308248645966,1,Sample 1,Cluster 2
2791,-1.3803242838833651,-6.073702198788093,0,Sample 1,Cluster 1
2792,-3.5297308548674,-6.117694548090393,0,Sample 1,Cluster 1
2793,-2.783232568752819,4.541118581682479,1,Sample 1,Cluster 2
2794,2.4077802155497565,-4.741996271768076,2,Sample 1,Cluster 3
2795,-1.7941335501412725,4.638327733733536,1,Sample 1,Cluster 2
2796,-2.7552431485332947,4.363179314557208,1,Sample 1,Cluster 2
2797,2.860518568746588,-4.647952056781484,2,Sample 1,Cluster 3
2798,-2.8299832095103494,-5.59095799866365,0,Sample 1,Cluster 1
2799,2.725042420360429,-5.314889265626408,2,Sample 1,Cluster 3
2800,-1.865459449425058,-5.097645705697022,0,Sample 1,Cluster 1
2801,-2.3197887062019604,-4.445821795906513,0,Sample 1,Cluster 1
2802,4.320058194415469,-5.006151196577096,2,Sample 1,Cluster 3
2803,3.4063851162224132,-5.304364723333081,2,Sample 1,Cluster 3
2804,-2.7050725426979936,-5.430438206792111,0,Sample 1,Cluster 1
2805,-2.362528528165175,5.442600975987827,1,Sample 1,Cluster 2
2806,-3.165884458483383,5.377132445109123,1,Sample 1,Cluster 2
2807,-1.061850778520382,5.512674289013608,1,Sample 1,Cluster 2
2808,-1.5565622527489387,5.054014785128087,1,Sample 1,Cluster 2
2809,-2.1189137845150245,5.404376127333301,1,Sample 1,Cluster 2
2810,-2.692988846285064,5.281644317211438,1,Sample 1,Cluster 2
2811,-2.510797779790347,4.1538312568352795,1,Sample 1,Cluster 2
2812,3.0811202662003288,-4.785559657928197,2,Sample 1,Cluster 3
2813,-2.6559266242821447,5.907016077493652,1,Sample 1,Cluster 2
2814,-3.3540963435060753,4.886096411982965,1,Sample 1,Cluster 2
2815,-1.9217384840115903,-4.910560673437289,0,Sample 1,Cluster 1
2816,-4.543136907921564,5.747455928991419,1,Sample 1,Cluster 2
2817,3.046610472923023,-5.979999910928041,2,Sample 1,Cluster 3
2818,-2.9853602358122373,5.169026953823578,1,Sample 1,Cluster 2
2819,2.261233416809505,-5.388542995660037,2,Sample 1,Cluster 3
2820,2.767381697483583,-3.2321154674012287,2,Sample 1,Cluster 3
2821,4.337449964033256,-5.398138018743231,2,Sample 1,Cluster 3
2822,3.9624583029299867,-5.447637028231576,2,Sample 1,Cluster 3
2823,2.5961725145901964,-5.452314376228321,2,Sample 1,Cluster 3
2824,-3.637448533393475,6.201066921564389,1,Sample 1,Cluster 2
2825,4.648166540629757,-4.687097698453819,2,Sample 1,Cluster 3
2826,-3.081709740659895,4.801985091558796,1,Sample 1,Cluster 2
2827,-2.6036137974907527,-4.536114171763894,0,Sample 1,Cluster 1
2828,-3.7248860020445775,5.411403804814268,1,Sample 1,Cluster 2
2829,-3.256596848557425,-4.513403046652025,0,Sample 1,Cluster 1
2830,3.4635706278132634,-3.80397575221133,2,Sample 1,Cluster 3
2831,3.1957002459209556,-3.8494646390834384,2,Sample 1,Cluster 3
2832,-1.9337984516356195,4.5500265792845855,1,Sample 1,Cluster 2
2833,3.162233199289622,-4.223747038569375,2,Sample 1,Cluster 3
2834,3.8468910368882945,-5.216214083491111,2,Sample 1,Cluster 3
2835,5.164365862037565,-6.410589359122788,2,Sample 1,Cluster 3
2836,-3.120699858533187,-4.936828763465533,0,Sample 1,Cluster 1
2837,-1.933428461394754,5.186572905010801,1,Sample 1,Cluster 2
2838,-2.102879905812847,-3.339947968521167,0,Sample 1,Cluster 1
2839,-2.51107019687539,4.448217780748661,1,Sample 1,Cluster 2
2840,2.857964635428,-5.492914766439155,2,Sample 1,Cluster 3
2841,-2.2291576989712687,-5.750340461229119,0,Sample 1,Cluster 1
2842,3.382840015643042,-5.742042664649382,2,Sample 1,Cluster 3
2843,4.565686325154672,-3.99572017576922,2,Sample 1,Cluster 3
2844,-0.9034660081728285,7.487934844804289,1,Sample 1,Cluster 2
2845,-2.7908897697710846,4.954443501023146,1,Sample 1,Cluster 2
2846,-1.7013512814816316,4.654703749825561,1,Sample 1,Cluster 2
2847,-2.6415577819952394,4.361362204369237,1,Sample 1,Cluster 2
2848,2.2003182458608475,-5.514221106319958,2,Sample 1,Cluster 3
2849,3.9998595466368814,-5.504199436003549,2,Sample 1,Cluster 3
2850,-1.3184524591053803,-5.9342236410143485,0,Sample 1,Cluster 1
2851,2.0261949660859035,-5.339865078020511,2,Sample 1,Cluster 3
2852,-3.157660809462342,-5.975427573217755,0,Sample 1,Cluster 1
2853,-2.940244123076336,4.462701305649559,1,Sample 1,Cluster 2
2854,-3.487479097503938,4.526028592677685,1,Sample 1,Cluster 2
2855,-3.956608222241613,-5.564618786476292,0,Sample 1,Cluster 1
2856,3.0587685918589034,-6.668633951124003,2,Sample 1,Cluster 3
2857,-1.9486684343405316,-5.54690742582911,0,Sample 1,Cluster 1
2858,-2.531644123085324,5.5452005578981,1,Sample 1,Cluster 2
2859,-2.4727780711422143,-4.910901918527958,0,Sample 1,Cluster 1
2860,-3.5982875611848515,-4.718816079718239,0,Sample 1,Cluster 1
2861,-3.880645383032477,4.457948278131476,1,Sample 1,Cluster 2
2862,4.063429591365686,-4.662626453597523,2,Sample 1,Cluster 3
2863,-2.764619916818442,-5.408128650920174,0,Sample 1,Cluster 1
2864,-2.0918740248678533,-3.9819438696571443,0,Sample 1,Cluster 1
2865,2.4507858283468584,-4.343557197689682,2,Sample 1,Cluster 3
2866,-1.5352043867625471,-4.378074117788391,0,Sample 1,Cluster 1
2867,-1.7653467151981497,3.743599517101458,1,Sample 1,Cluster 2
2868,3.0926725685074947,-6.301849382357853,2,Sample 1,Cluster 3
2869,-2.0960101768156343,5.692604155336097,1,Sample 1,Cluster 2
2870,-1.5809874397023171,3.60822897697752,1,Sample 1,Cluster 2
2871,-2.2760250989441437,4.099608762161298,1,Sample 1,Cluster 2
2872,-2.7189834017334085,-5.0114162823595105,0,Sample 1,Cluster 1
2873,-3.1475046568662033,-4.234637450891473,0,Sample 1,Cluster 1
2874,2.690844666170682,-5.585485846732709,2,Sample 1,Cluster 3
2875,2.590192147364749,-5.403302938921331,2,Sample 1,Cluster 3
2876,2.7240630413043574,-5.244811163485927,2,Sample 1,Cluster 3
2877,-1.1404512135930323,-5.321436021553307,0,Sample 1,Cluster 1
2878,-1.3988028399843697,-4.749494287989476,0,Sample 1,Cluster 1
2879,2.897263549336861,-3.546595496339916,2,Sample 1,Cluster 3
2880,-2.5717885554297815,6.152093772359578,1,Sample 1,Cluster 2
2881,-2.7359597426336224,5.998193658138987,1,Sample 1,Cluster 2
2882,3.623736761178195,-6.376862016768376,2,Sample 1,Cluster 3
2883,2.253392823044315,-5.364159123852927,2,Sample 1,Cluster 3
2884,-3.167458436393266,-4.388776174741713,0,Sample 1,Cluster 1
2885,3.937866004328785,-5.177510617033815,2,Sample 1,Cluster 3
2886,-2.2681801144828695,6.660320638916351,1,Sample 1,Cluster 2
2887,-3.3239778198215486,-4.9631366226934786,0,Sample 1,Cluster 1
2888,-2.8615594975295022,-5.63147080457574,0,Sample 1,Cluster 1
2889,2.6930650084010903,-5.39918980478329,2,Sample 1,Cluster 3
2890,-2.98668061174347,-4.525975754145791,0,Sample 1,Cluster 1
2891,3.3607507846935114,-6.344696367390497,2,Sample 1,Cluster 3
2892,-1.8275039787963574,5.437386854561104,1,Sample 1,Cluster 2
2893,-2.386994287930029,-6.704453183845761,0,Sample 1,Cluster 1
2894,-2.973884764521643,-4.901161843235534,0,Sample 1,Cluster 1
2895,2.631975664837899,-4.471632038118759,2,Sample 1,Cluster 3
2896,3.6712813116544853,-5.372950889556979,2,Sample 1,Cluster 3
2897,-4.160470407262826,-5.068855754232715,0,Sample 1,Cluster 1
2898,3.4952400298122894,-6.245560869365183,2,Sample 1,Cluster 3
2899,-2.9369955586019865,5.313443204322037,1,Sample 1,Cluster 2
2900,-1.734963998326923,-3.1402613553177456,0,Sample 1,Cluster 1
2901,3.3173986162935485,-5.19830409526293,2,Sample 1,Cluster 3
2902,-0.6570889983161687,-6.183555378511779,0,Sample 1,Cluster 1
2903,-1.563841032642717,-4.892562802201765,0,Sample 1,Cluster 1
2904,-1.8449778849961116,6.230345534730042,1,Sample 1,Cluster 2
2905,-3.309683500208134,3.676114662507384,1,Sample 1,Cluster 2
2906,-4.583371085301708,5.159158517437196,1,Sample 1,Cluster 2
2907,-2.860052377183395,5.498279945877999,1,Sample 1,Cluster 2
2908,-3.683129255019303,5.146687935823325,1,Sample 1,Cluster 2
2909,3.1601147753043946,-5.751393232545605,2,Sample 1,Cluster 3
2910,-3.2931138795650456,3.277287909117028,1,Sample 1,Cluster 2
2911,-0.6746785307689258,-5.494113341546957,0,Sample 1,Cluster 1
2912,-2.300553123486617,-4.163929220732197,0,Sample 1,Cluster 1
2913,-2.067273185151208,-4.2990646662470136,0,Sample 1,Cluster 1
2914,-2.923182166451212,-5.845246114208202,0,Sample 1,Cluster 1
2915,-2.8625987272184106,6.161974027576596,1,Sample 1,Cluster 2
2916,-2.527769415764195,4.065057569904374,1,Sample 1,Cluster 2
2917,-1.842351872004408,6.517434386123158,1,Sample 1,Cluster 2
2918,-0.8805523013705179,3.9094607963257513,1,Sample 1,Cluster 2
2919,-3.5341002777218105,-5.425734850501752,0,Sample 1,Cluster 1
2920,-1.4460847474925393,5.15807968375392,1,Sample 1,Cluster 2
2921,3.6489973217207092,-5.340604483721273,2,Sample 1,Cluster 3
2922,-1.9274126070633275,-3.084510479534039,0,Sample 1,Cluster 1
2923,-2.173114153838586,-5.246246776911107,0,Sample 1,Cluster 1
2924,-1.7177475602510397,-6.68451755347226,0,Sample 1,Cluster 1
2925,-2.013682792226769,5.149287298525087,1,Sample 1,Cluster 2
2926,-1.1690137342852212,-4.755805498774918,0,Sample 1,Cluster 1
2927,-2.5044482349184563,-4.057189848161261,0,Sample 1,Cluster 1
2928,3.4574576076256185,-5.318626426834038,2,Sample 1,Cluster 3
2929,-0.620739370639394,-5.572834749020672,0,Sample 1,Cluster 1
2930,-3.091816931178374,-6.067688485528186,0,Sample 1,Cluster 1
2931,-3.429427075129891,-5.226511117395014,0,Sample 1,Cluster 1
2932,-2.0761566576677737,6.15325489652632,1,Sample 1,Cluster 2
2933,-0.7935733002749865,3.4383297603819987,1,Sample 1,Cluster 2
2934,4.4149648261127945,-3.320473983597992,2,Sample 1,Cluster 3
2935,2.848789333384695,-5.02563389654439,2,Sample 1,Cluster 3
2936,4.545689180015131,-4.694612664829992,2,Sample 1,Cluster 3
2937,-3.4500787352236104,5.247856568181622,1,Sample 1,Cluster 2
2938,-2.0046765911958415,6.645996375769359,1,Sample 1,Cluster 2
2939,-2.2415365815071766,4.79811719829897,1,Sample 1,Cluster 2
2940,-1.9515282029612668,-5.1133188688081015,0,Sample 1,Cluster 1
2941,3.0281418014740593,-6.0563947547240256,2,Sample 1,Cluster 3
2942,-2.320528274577534,-4.276785956190949,0,Sample 1,Cluster 1
2943,-2.7380508026879937,6.100565450649295,1,Sample 1,Cluster 2
2944,-1.7689827028915315,-6.236583829352586,0,Sample 1,Cluster 1
2945,-1.4778680833692601,4.526742888931336,1,Sample 1,Cluster 2
2946,-3.8104232459488134,-6.42910037228375,0,Sample 1,Cluster 1
2947,-2.4370918477471277,3.401439452374314,1,Sample 1,Cluster 2
2948,1.7798464058298085,-5.00304330693664,2,Sample 1,Cluster 3
2949,4.596883646689221,-5.489407711603668,2,Sample 1,Cluster 3
2950,2.501174364568955,-4.440947463775619,2,Sample 1,Cluster 3
2951,-2.5644797994374087,-5.666444845600607,0,Sample 1,Cluster 1
2952,-4.199116579447845,4.579395982655392,1,Sample 1,Cluster 2
2953,2.9768130909093378,-3.3569450479307235,2,Sample 1,Cluster 3
2954,-2.707036850133682,6.278917736403773,1,Sample 1,Cluster 2
2955,-1.983699240331882,6.0949052460258795,1,Sample 1,Cluster 2
2956,2.351189361768488,-5.4730224074957645,2,Sample 1,Cluster 3
2957,-2.5342587050492598,5.046418187846716,1,Sample 1,Cluster 2
2958,3.6504268985072144,-4.864201785623471,2,Sample 1,Cluster 3
2959,3.7023510007875986,-5.7394858669043005,2,Sample 1,Cluster 3
2960,4.830192919179825,-5.680707271231119,2,Sample 1,Cluster 3
2961,-1.950347363312867,-3.8267673125771173,0,Sample 1,Cluster 1
2962,4.058568659021304,-4.942198361409667,2,Sample 1,Cluster 3
2963,-3.6034553824116218,4.4152559680464645,1,Sample 1,Cluster 2
2964,2.7620812389475904,-4.057264545949024,2,Sample 1,Cluster 3
2965,-4.39034594843347,4.19221543623205,1,Sample 1,Cluster 2
2966,3.5664365211860902,-4.974251930370528,2,Sample 1,Cluster 3
2967,-2.6336944642534834,5.117370949146658,1,Sample 1,Cluster 2
2968,-2.9471374778172708,5.301769500051616,1,Sample 1,Cluster 2
2969,-1.6152796605141528,-5.451157990446594,0,Sample 1,Cluster 1
2970,-2.4958050402254535,5.037584475011793,1,Sample 1,Cluster 2
2971,-1.0492738411876614,-5.274303089246051,0,Sample 1,Cluster 1
2972,3.73777961590534,-4.6510114361591555,2,Sample 1,Cluster 3
2973,3.7216212593758855,-5.679283880792179,2,Sample 1,Cluster 3
2974,-4.222674335896995,5.877722169402957,1,Sample 1,Cluster 2
2975,-2.318652601204322,-5.4492461970645,0,Sample 1,Cluster 1
2976,3.7130401217867672,-4.433926542420305,2,Sample 1,Cluster 3
2977,-2.652697775642544,-5.158556541103776,0,Sample 1,Cluster 1
2978,4.513423224781218,-5.154742102864964,2,Sample 1,Cluster 3
2979,-3.5019147555304952,5.290905506099974,1,Sample 1,Cluster 2
2980,2.3300045437368504,-5.444013361235288,2,Sample 1,Cluster 3
2981,-0.994380402819973,6.0763360369239825,1,Sample 1,Cluster 2
2982,-2.231084029579017,-5.181981007962726,0,Sample 1,Cluster 1
2983,4.415573761250713,-5.373259256962221,2,Sample 1,Cluster 3
2984,2.8558175055477566,-6.339575568362596,2,Sample 1,Cluster 3
2985,-4.356252478584339,-4.373896138946785,0,Sample 1,Cluster 1
2986,-2.882116466083204,-6.004108297578716,0,Sample 1,Cluster 1
2987,1.5592604698463168,-5.934542262280161,2,Sample 1,Cluster 3
2988,-2.10685643782384,-4.544191714241083,0,Sample 1,Cluster 1
2989,-3.0836819758459275,-4.710866146181518,0,Sample 1,Cluster 1
2990,-3.4513859720617033,-4.156811383053699,0,Sample 1,Cluster 1
2991,-2.6798824446358815,-5.743033665161967,0,Sample 1,Cluster 1
2992,-2.5265839925155684,4.833506514181968,1,Sample 1,Cluster 2
2993,4.549294938064773,-6.708639878987844,2,Sample 1,Cluster 3
2994,4.141553002802146,-5.035489164409249,2,Sample 1,Cluster 3
2995,4.021479444049459,-4.351791964499733,2,Sample 1,Cluster 3
2996,5.4957553848574,-5.184529333311766,2,Sample 1,Cluster 3
2997,4.507613689331182,-5.024210446077588,2,Sample 1,Cluster 3
2998,3.600029214342036,-6.994248399516283,2,Sample 1,Cluster 3
2999,-1.787693469184171,5.460164012885253,1,Sample 1,Cluster 2
3000,-1.4979674151766154,-5.623215537215988,0,Sample 1,Cluster 1
3001,-2.311508353513147,5.616692155109574,1,Sample 1,Cluster 2
3002,-1.6168981253469938,-4.6198658028036945,0,Sample 1,Cluster 1
3003,3.8415966895062983,-5.0941338417542825,2,Sample 1,Cluster 3
3004,-3.177147441167183,-4.259462232397823,0,Sample 1,Cluster 1
3005,-2.3721148864020796,4.177859887259233,1,Sample 1,Cluster 2
3006,-2.0274761354461526,5.8869628644663266,1,Sample 1,Cluster 2
3007,-1.8417737753327978,-5.770120809535181,0,Sample 1,Cluster 1
3008,-3.6102948403646415,-4.388911718693262,0,Sample 1,Cluster 1
3009,-3.142939654375785,6.311293444355254,1,Sample 1,Cluster 2
3010,3.5817115366779344,-5.901811034043318,2,Sample 1,Cluster 3
3011,3.645626288849634,-5.12312418157975,2,Sample 1,Cluster 3
3012,-2.03064495881978,4.620077074701981,1,Sample 1,Cluster 2
3013,-1.5731235367940766,4.343454145318631,1,Sample 1,Cluster 2
3014,-1.5991597993822655,4.958885021129211,1,Sample 1,Cluster 2
3015,-3.389264199610841,-5.0286604629651706,0,Sample 1,Cluster 1
3016,3.694103441154515,-4.1946159430183485,2,Sample 1,Cluster 3
3017,2.480507596031189,-5.041233766886121,2,Sample 1,Cluster 3
3018,2.5723858370229684,-5.273457456196908,2,Sample 1,Cluster 3
3019,-3.177480772900292,-4.000304875762667,0,Sample 1,Cluster 1
3020,-1.0539131937845894,-4.59507387563143,0,Sample 1,Cluster 1
3021,-3.170868638757785,-5.709344737826766,0,Sample 1,Cluster 1
3022,-2.515212966322151,4.197976508289753,1,Sample 1,Cluster 2
3023,-4.029053513330004,-4.925616602776472,0,Sample 1,Cluster 1
3024,-2.9429194442777455,4.041697685928921,1,Sample 1,Cluster 2
3025,-2.2344157355447885,5.152399743823253,1,Sample 1,Cluster 2
3026,-1.7540521032362661,-5.332080231170695,0,Sample 1,Cluster 1
3027,-2.33766158331896,3.7874047080022146,1,Sample 1,Cluster 2
3028,2.078942720885119,-6.1939698160047945,2,Sample 1,Cluster 3
3029,3.334914809137982,-3.7737013154909507,2,Sample 1,Cluster 3
3030,-2.879071477656733,4.988438183297377,1,Sample 1,Cluster 2
3031,-2.9654256267136434,-5.939103971527178,0,Sample 1,Cluster 1
3032,3.408955387404108,-3.555128705730431,2,Sample 1,Cluster 3
3033,3.091025138294139,-3.923120164388594,2,Sample 1,Cluster 3
3034,-4.2694895290636055,6.22674696103706,1,Sample 1,Cluster 2
3035,-3.305234052223713,5.911902848903236,1,Sample 1,Cluster 2
3036,-2.8636381749947555,-5.174922621948029,0,Sample 1,Cluster 1
3037,-2.442997000071286,-6.0348061001632765,0,Sample 1,Cluster 1
3038,-2.723106715320605,-4.323873623052543,0,Sample 1,Cluster 1
3039,-2.210883515593269,6.230429253172775,1,Sample 1,Cluster 2
3040,-3.720420136739791,4.446473544095005,1,Sample 1,Cluster 2
3041,-2.705901229938676,3.6651327408979286,1,Sample 1,Cluster 2
3042,-2.9846886566071147,6.375502324965837,1,Sample 1,Cluster 2
3043,3.5278410574441246,-5.376162671028249,2,Sample 1,Cluster 3
3044,-3.0098461976230357,-4.6332906371588125,0,Sample 1,Cluster 1
3045,-1.5254442305965952,-4.1541053556974195,0,Sample 1,Cluster 1
3046,3.3099602086501454,-4.379907902728731,2,Sample 1,Cluster 3
3047,2.632659408137245,-5.644639723907364,2,Sample 1,Cluster 3
3048,-2.649715412003639,5.78858399654389,1,Sample 1,Cluster 2
3049,-3.073457856482244,3.506770706341552,1,Sample 1,Cluster 2
3050,-1.150286691941948,5.70531180555956,1,Sample 1,Cluster 2
3051,-1.7288967065640723,6.768418401273081,1,Sample 1,Cluster 2
3052,-3.0262676430817095,5.683620181653293,1,Sample 1,Cluster 2
3053,-2.4849447602075214,-5.93732347785405,0,Sample 1,Cluster 1
3054,-2.4936958522442176,-5.260488841718803,0,Sample 1,Cluster 1
3055,-3.233056735258736,-5.669536563037024,0,Sample 1,Cluster 1
3056,3.2971298917618643,-5.986481044011884,2,Sample 1,Cluster 3
3057,2.569638851773285,-4.585424839643671,2,Sample 1,Cluster 3
3058,-2.463821832800014,-4.959041678495132,0,Sample 1,Cluster 1
3059,-3.9351139982943124,-6.084358002489831,0,Sample 1,Cluster 1
3060,-3.7137389573373434,-4.399536665982588,0,Sample 1,Cluster 1
3061,3.0697418931589446,-3.660112261668748,2,Sample 1,Cluster 3
3062,-2.5801232611839624,4.837060999858427,1,Sample 1,Cluster 2
3063,-2.2404331165179863,-6.443090234049892,0,Sample 1,Cluster 1
3064,-3.3762164150742437,-7.5413630505568,0,Sample 1,Cluster 1
3065,3.1827713823150767,-5.082869482724624,2,Sample 1,Cluster 3
3066,-1.515300389476212,-3.651988577033192,0,Sample 1,Cluster 1
3067,3.590131384282152,-4.1982110666376595,2,Sample 1,Cluster 3
3068,4.339428578420821,-4.675155102057535,2,Sample 1,Cluster 3
3069,1.7074503218946258,-6.05724462920884,2,Sample 1,Cluster 3
3070,-3.0401426199795054,4.884385063427586,1,Sample 1,Cluster 2
3071,2.048327902611767,-4.684033623741354,2,Sample 1,Cluster 3
3072,-3.25913321665987,-3.6021094416675536,0,Sample 1,Cluster 1
3073,2.2687692282685923,-6.74237418575575,2,Sample 1,Cluster 3
3074,-3.1369094425491966,-5.760050797972902,0,Sample 1,Cluster 1
3075,-2.8554346080608894,5.301840394435882,1,Sample 1,Cluster 2
3076,-2.8760337182076015,5.212702583721639,1,Sample 1,Cluster 2
3077,-2.9865812059558072,-4.709507497804381,0,Sample 1,Cluster 1
3078,2.832600519185652,-5.782603950448382,2,Sample 1,Cluster 3
3079,2.2503295935655263,-4.412418603999026,2,Sample 1,Cluster 3
3080,3.9417382290006477,-6.394358024389332,2,Sample 1,Cluster 3
3081,-2.9714657851418895,-5.366910908880867,0,Sample 1,Cluster 1
3082,-2.7504464244185236,4.999433124338683,1,Sample 1,Cluster 2
3083,3.4274992681021,-6.337409018662534,2,Sample 1,Cluster 3
3084,5.50196877256576,-5.050996228403173,2,Sample 1,Cluster 3
3085,-3.8252985661422194,-5.4195585090101215,0,Sample 1,Cluster 1
3086,-3.099486151538222,-5.17722927806699,0,Sample 1,Cluster 1
3087,1.0533092458795874,-4.564334079365097,2,Sample 1,Cluster 3
3088,-3.682817592293942,4.424124633284233,1,Sample 1,Cluster 2
3089,3.9717135369988577,-5.44408738234268,2,Sample 1,Cluster 3
3090,-3.310264896267539,5.2513978660762195,1,Sample 1,Cluster 2
3091,-1.9549101387397556,-5.922953825071887,0,Sample 1,Cluster 1
3092,-2.6736136403394966,4.753213769235344,1,Sample 1,Cluster 2
3093,3.803794673467599,-4.230123864586744,2,Sample 1,Cluster 3
3094,-2.1593250730961366,-4.665435395289622,0,Sample 1,Cluster 1
3095,-2.6115177605305875,-4.4082774786202625,0,Sample 1,Cluster 1
3096,4.185634351141015,-5.206436412488929,2,Sample 1,Cluster 3
3097,2.7072544553984623,-4.434374112311372,2,Sample 1,Cluster 3
3098,4.366981600794552,-5.599337381282593,2,Sample 1,Cluster 3
3099,3.863362160052224,-5.658284721214746,2,Sample 1,Cluster 3
3100,-3.088160827810597,-3.6750333983541634,0,Sample 1,Cluster 1
3101,-3.0538806193870354,-5.527231419910916,0,Sample 1,Cluster 1
3102,2.368515436206838,-5.708776587118222,2,Sample 1,Cluster 3
3103,3.331438200427087,-5.434885516874442,2,Sample 1,Cluster 3
3104,-3.7860478914951794,4.389820177147029,1,Sample 1,Cluster 2
3105,-1.7676877795518706,-5.439632219676428,0,Sample 1,Cluster 1
3106,1.163243282284983,-5.119564554531991,2,Sample 1,Cluster 3
3107,-2.1949523101881723,-4.750677715196177,0,Sample 1,Cluster 1
3108,-2.0086666399652597,5.606006168037844,1,Sample 1,Cluster 2
3109,-2.698952900946838,6.285876460815994,1,Sample 1,Cluster 2
3110,2.8740672716635176,-5.224900387910469,2,Sample 1,Cluster 3
3111,-0.7741534293875971,4.515428061597329,1,Sample 1,Cluster 2
3112,-1.9963763326225514,-5.643452607727994,0,Sample 1,Cluster 1
3113,2.5813590700132805,-4.618679167359554,2,Sample 1,Cluster 3
3114,3.4450546727060507,-4.947980295048976,2,Sample 1,Cluster 3
3115,-2.0633706291741154,-6.737257123808358,0,Sample 1,Cluster 1
3116,-1.87731113906669,4.559051426937173,1,Sample 1,Cluster 2
3117,-3.271007140968489,4.234279268083966,1,Sample 1,Cluster 2
3118,-1.4396543127239372,-6.125452007598031,0,Sample 1,Cluster 1
3119,-2.1860672262569865,4.592829099434001,1,Sample 1,Cluster 2
3120,2.933435389004652,-4.565574176568278,2,Sample 1,Cluster 3
3121,3.521697969422225,-7.950692233142755,2,Sample 1,Cluster 3
3122,-2.8716938378387145,5.160927724698271,1,Sample 1,Cluster 2
3123,-1.6134537466099867,4.1680752582995755,1,Sample 1,Cluster 2
3124,-3.0876732614384395,4.351798050388496,1,Sample 1,Cluster 2
3125,-4.241652037154283,-4.857218668891688,0,Sample 1,Cluster 1
3126,4.481790127864232,-6.462724704673571,2,Sample 1,Cluster 3
3127,3.033007376146164,-5.039063868746963,2,Sample 1,Cluster 3
3128,2.9679752413147362,-4.728805188952464,2,Sample 1,Cluster 3
3129,-3.033478973561251,-4.84166666612634,0,Sample 1,Cluster 1
3130,-2.3381369628617583,-3.6945144807287127,0,Sample 1,Cluster 1
3131,-2.3266535048285713,-5.242680053981707,0,Sample 1,Cluster 1
3132,-2.767820265685233,4.677081229406403,1,Sample 1,Cluster 2
3133,3.7019711282261074,-6.217867454625395,2,Sample 1,Cluster 3
3134,-2.368191327010787,5.040710161484815,1,Sample 1,Cluster 2
3135,-1.9363947681402216,5.631245349900415,1,Sample 1,Cluster 2
3136,-0.767955145754718,-4.047561124525123,0,Sample 1,Cluster 1
3137,-1.4586069684809615,6.249208957381482,1,Sample 1,Cluster 2
3138,2.1451844031733875,-6.639579588535745,2,Sample 1,Cluster 3
3139,-2.465188265085227,-4.553488388385195,0,Sample 1,Cluster 1
3140,4.243238211436465,-4.680424501918252,2,Sample 1,Cluster 3
3141,-3.2744366068081963,-5.248246164307923,0,Sample 1,Cluster 1
3142,3.593139924960167,-4.535545850371508,2,Sample 1,Cluster 3
3143,3.6033189931144527,-5.210646245502333,2,Sample 1,Cluster 3
3144,-2.2137701117213733,5.448627621094587,1,Sample 1,Cluster 2
3145,-2.546326199901527,-5.58809344057967,0,Sample 1,Cluster 1
3146,-2.8728292014945938,3.7242375461865636,1,Sample 1,Cluster 2
3147,-2.6565588249175214,-4.151928208073068,0,Sample 1,Cluster 1
3148,-2.5667503758322887,3.840283824241176,1,Sample 1,Cluster 2
3149,2.6245011357506316,-5.2660635038799,2,Sample 1,Cluster 3
3150,2.3473883420021333,-4.238030423571065,2,Sample 1,Cluster 3
3151,-2.9798576186558794,-6.247029596019074,0,Sample 1,Cluster 1
3152,-2.8181437548916835,-5.947224446578048,0,Sample 1,Cluster 1
3153,-2.646520376842636,-5.285338507343897,0,Sample 1,Cluster 1
3154,-3.0538002634127173,-6.575138513932867,0,Sample 1,Cluster 1
3155,-3.765942379218912,-4.346530390855215,0,Sample 1,Cluster 1
3156,-3.2886430469342613,-5.227324078343038,0,Sample 1,Cluster 1
3157,2.9283820844650643,-5.143611659897984,2,Sample 1,Cluster 3
3158,-2.7397413184054296,4.959836306366604,1,Sample 1,Cluster 2
3159,4.984709441215262,-4.873524099306552,2,Sample 1,Cluster 3
3160,-2.114200837855474,4.0098700621381616,1,Sample 1,Cluster 2
3161,-1.2868847557971417,-4.518305343686013,0,Sample 1,Cluster 1
3162,-3.80203395030653,5.038467957329106,1,Sample 1,Cluster 2
3163,3.023032707843358,-3.955142236902697,2,Sample 1,Cluster 3
3164,-2.439356353445019,4.45827063079031,1,Sample 1,Cluster 2
3165,1.6110025207273209,-5.024629201930733,2,Sample 1,Cluster 3
3166,-2.849411389790574,3.714738319409056,1,Sample 1,Cluster 2
3167,3.726489742048855,-5.183264824737368,2,Sample 1,Cluster 3
3168,-1.9312320254372066,5.355410649188832,1,Sample 1,Cluster 2
3169,3.908668266417683,-3.544182570149922,2,Sample 1,Cluster 3
3170,-1.4193181354407955,-5.522943312509935,0,Sample 1,Cluster 1
3171,-2.5792754401930154,-5.48225652462717,0,Sample 1,Cluster 1
3172,2.8128080362643777,-5.261318050550889,2,Sample 1,Cluster 3
3173,-2.0475922834947644,3.5913897926753457,1,Sample 1,Cluster 2
3174,4.482476948980427,-5.563133060332436,2,Sample 1,Cluster 3
3175,-0.5118480666568868,-4.7881797512176165,0,Sample 1,Cluster 1
3176,-3.35671399844889,5.385977932194548,1,Sample 1,Cluster 2
3177,-1.7108987952752504,-5.569578581807138,0,Sample 1,Cluster 1
3178,-1.794873976861143,-4.4230917099635345,0,Sample 1,Cluster 1
3179,-3.6166313617539885,-4.52692060659328,0,Sample 1,Cluster 1
3180,-2.1681075997104715,-4.629369175905515,0,Sample 1,Cluster 1
3181,4.104658040670916,-5.244355761953345,2,Sample 1,Cluster 3
3182,-1.9298303769109348,-6.506520166446867,0,Sample 1,Cluster 1
3183,-2.5211246055671417,5.224128927055686,1,Sample 1,Cluster 2
3184,-4.169621614881655,-5.46769418452576,0,Sample 1,Cluster 1
3185,-3.043384522554364,-7.3314047918535525,0,Sample 1,Cluster 1
3186,-0.5772675318093798,4.953904962373132,1,Sample 1,Cluster 2
3187,2.4974642822108764,-3.572861923838585,2,Sample 1,Cluster 3
3188,4.229083556176039,-4.773557470193077,2,Sample 1,Cluster 3
3189,-1.6711298791629952,-6.138379940209338,0,Sample 1,Cluster 1
3190,-3.14679488231455,4.598594365132371,1,Sample 1,Cluster 2
3191,-3.3850679792048224,4.043034700735463,1,Sample 1,Cluster 2
3192,-4.162249455884957,-5.256238243629314,0,Sample 1,Cluster 1
3193,4.075805822126198,-6.416384910220863,2,Sample 1,Cluster 3
3194,2.1523232981319103,-3.555540453850548,2,Sample 1,Cluster 3
3195,-2.7581438710737087,4.799333586835962,1,Sample 1,Cluster 2
3196,-3.2760994083037147,-5.318046212393377,0,Sample 1,Cluster 1
3197,-3.3012960079159326,4.775119765691236,1,Sample 1,Cluster 2
3198,-2.347660888059954,-4.640625022971973,0,Sample 1,Cluster 1
3199,-3.443495297306094,-4.86219649087117,0,Sample 1,Cluster 1
3200,3.3241212628720174,-4.175472153406752,2,Sample 1,Cluster 3
3201,3.1529385946656245,-4.763590646727729,2,Sample 1,Cluster 3
3202,-3.334062155736461,-5.937787002749312,0,Sample 1,Cluster 1
3203,-2.485265296648359,6.341149849820226,1,Sample 1,Cluster 2
3204,-2.252933589920829,6.361771955708191,1,Sample 1,Cluster 2
3205,-3.458373143373809,-4.290336178842971,0,Sample 1,Cluster 1
3206,2.0749419276750447,-5.842037753496088,2,Sample 1,Cluster 3
3207,-0.7527226132956351,-4.543594233316387,0,Sample 1,Cluster 1
3208,-2.792257241049687,5.147744244691927,1,Sample 1,Cluster 2
3209,-4.698003874180188,-5.399784140921304,0,Sample 1,Cluster 1
3210,3.6102271963715116,-4.6063885755464815,2,Sample 1,Cluster 3
3211,-1.7145876104067246,4.740134893193102,1,Sample 1,Cluster 2
3212,-2.513288273860727,-5.084655005998158,0,Sample 1,Cluster 1
3213,-2.5827449794322273,-5.991242162021314,0,Sample 1,Cluster 1
3214,3.7606996232330734,-5.581393523905615,2,Sample 1,Cluster 3
3215,-1.554745826864683,-3.1250767577499,0,Sample 1,Cluster 1
3216,-2.515535684710186,4.75745617373258,1,Sample 1,Cluster 2
3217,3.52231225034472,-5.751324455816546,2,Sample 1,Cluster 3
3218,4.503137016561117,-5.232363132982231,2,Sample 1,Cluster 3
3219,-1.489034657876265,-5.677052781972589,0,Sample 1,Cluster 1
3220,-1.7646168523398371,4.465484731568805,1,Sample 1,Cluster 2
3221,4.1139040354687335,-4.999395594036324,2,Sample 1,Cluster 3
3222,-2.6850407543437598,-5.461135661067875,0,Sample 1,Cluster 1
3223,3.3428234766779608,-5.784630406730847,2,Sample 1,Cluster 3
3224,3.763262935589638,-4.4861590119910595,2,Sample 1,Cluster 3
3225,-2.365076262426618,5.353552519655527,1,Sample 1,Cluster 2
3226,3.151157641464731,-4.427605522584412,2,Sample 1,Cluster 3
3227,2.8676842660589235,-4.680764687482779,2,Sample 1,Cluster 3
3228,-3.7657785333971825,-4.959817840667456,0,Sample 1,Cluster 1
3229,-1.3519300806222116,-5.277841831166274,0,Sample 1,Cluster 1
3230,-2.955866342591007,-4.736393011541593,0,Sample 1,Cluster 1
3231,-2.1944516382147574,5.344033317752856,1,Sample 1,Cluster 2
3232,-1.8923880900111136,-5.23340690580683,0,Sample 1,Cluster 1
3233,5.625502951802104,-5.721594119554558,2,Sample 1,Cluster 3
3234,-2.3613266685036733,5.195162558326801,1,Sample 1,Cluster 2
3235,-2.683839704460155,4.318874852591749,1,Sample 1,Cluster 2
3236,-2.422337960521568,5.774915992426312,1,Sample 1,Cluster 2
3237,-1.5233429609495617,-5.701419024969476,0,Sample 1,Cluster 1
3238,-3.4454993003366408,-4.640420869734155,0,Sample 1,Cluster 1
3239,-2.999015168556644,6.531225083093429,1,Sample 1,Cluster 2
3240,2.719679369013093,-5.483070637994549,2,Sample 1,Cluster 3
3241,-3.05741745474366,-4.5343787463322185,0,Sample 1,Cluster 1
3242,-0.9817863866032184,-5.758314173815189,0,Sample 1,Cluster 1
3243,-2.7681952654944215,-6.072851770641255,0,Sample 1,Cluster 1
3244,-2.9205047471883074,-4.974074389327891,0,Sample 1,Cluster 1
3245,3.6023556447313836,-5.589623488922157,2,Sample 1,Cluster 3
3246,-1.3231722473463168,-5.559596176134114,0,Sample 1,Cluster 1
3247,-2.7351735581313457,4.942720598513547,1,Sample 1,Cluster 2
3248,-2.6363086123105566,-5.6502588722692515,0,Sample 1,Cluster 1
3249,-2.431832440292879,-7.392908776720579,0,Sample 1,Cluster 1
3250,-2.6605114390603455,-4.705991671567518,0,Sample 1,Cluster 1
3251,-1.9457153953457507,-4.412289963632536,0,Sample 1,Cluster 1
3252,-1.8116212093122037,4.533538049144849,1,Sample 1,Cluster 2
3253,-2.3323726157897644,-5.873300137727282,0,Sample 1,Cluster 1
3254,3.8958473671093365,-4.57343414568055,2,Sample 1,Cluster 3
3255,-1.4114731233290791,3.9529436807047102,1,Sample 1,Cluster 2
3256,2.618336518066362,-5.310371975125962,2,Sample 1,Cluster 3
3257,-2.5074308492542525,-4.75441514185101,0,Sample 1,Cluster 1
3258,-1.868064222255318,-4.224344779397675,0,Sample 1,Cluster 1
3259,-2.0831020572965295,5.516172468760046,1,Sample 1,Cluster 2
3260,-2.1420848503448195,-5.40098728623217,0,Sample 1,Cluster 1
3261,3.449675107257941,-5.5629683194651465,2,Sample 1,Cluster 3
3262,-2.190941345750752,-5.163576976788897,0,Sample 1,Cluster 1
3263,-2.5967585188862254,5.335625955125622,1,Sample 1,Cluster 2
3264,-2.1063849216057604,4.579172125865936,1,Sample 1,Cluster 2
3265,2.809517512834174,-5.408486799438063,2,Sample 1,Cluster 3
3266,-2.9287707560912386,5.646446238624916,1,Sample 1,Cluster 2
3267,-2.8944982579198175,6.1549056027750515,1,Sample 1,Cluster 2
3268,1.3850834679070227,-4.4526694331128365,2,Sample 1,Cluster 3
3269,-2.646317152883872,6.099901135318548,1,Sample 1,Cluster 2
3270,3.2493591672824342,-4.509767406733368,2,Sample 1,Cluster 3
3271,3.525219530012771,-4.610952005319823,2,Sample 1,Cluster 3
3272,-2.9118261399317937,-4.805175836650925,0,Sample 1,Cluster 1
3273,-2.2179960253144966,-5.4562810931309444,0,Sample 1,Cluster 1
3274,-3.404492267950021,-4.501831020879785,0,Sample 1,Cluster 1
3275,-1.8854342266946102,-4.82768279563497,0,Sample 1,Cluster 1
3276,-2.536468813084398,5.194671559458153,1,Sample 1,Cluster 2
3277,-2.919653611013641,-3.918237856906284,0,Sample 1,Cluster 1
3278,-2.5788705058274095,5.015079698355878,1,Sample 1,Cluster 2
3279,2.2074985785394112,-6.038483122949726,2,Sample 1,Cluster 3
3280,-2.43239588344571,-4.361604360310211,0,Sample 1,Cluster 1
3281,3.6040192868821013,-5.794062405383058,2,Sample 1,Cluster 3
3282,-2.137193029956426,-5.7858352274037435,0,Sample 1,Cluster 1
3283,-3.388460676372663,6.401816354738898,1,Sample 1,Cluster 2
3284,-4.251937363982843,-4.044326223589016,0,Sample 1,Cluster 1
3285,2.3160945166195064,-5.922467465391826,2,Sample 1,Cluster 3
3286,4.851643167460298,-5.091050030731006,2,Sample 1,Cluster 3
3287,-3.130227001526591,4.503321921399107,1,Sample 1,Cluster 2
3288,-4.608598191213503,5.002700405277729,1,Sample 1,Cluster 2
3289,-2.522011924040509,6.417801277335795,1,Sample 1,Cluster 2
3290,4.032525134138839,-4.937248603133064,2,Sample 1,Cluster 3
3291,-2.5606971605480187,-6.347734061781109,0,Sample 1,Cluster 1
3292,2.7365796321528526,-5.529233154012234,2,Sample 1,Cluster 3
3293,-3.48890863682437,-3.996529311394128,0,Sample 1,Cluster 1
3294,-3.27018605222769,-5.165289023756837,0,Sample 1,Cluster 1
3295,3.6463007951232487,-4.53457458349731,2,Sample 1,Cluster 3
3296,3.1136183338402956,-5.365774831455357,2,Sample 1,Cluster 3
3297,-2.8307721288986207,5.208224405266309,1,Sample 1,Cluster 2
3298,-2.4974818184749386,-4.016007705249054,0,Sample 1,Cluster 1
3299,-2.9981194893875616,5.155685964189794,1,Sample 1,Cluster 2
3300,-1.3972242980307963,-4.907340330218443,0,Sample 1,Cluster 1
3301,2.4931841034439977,-5.777838595787868,2,Sample 1,Cluster 3
3302,-2.5834742343895134,-4.685354359995741,0,Sample 1,Cluster 1
3303,2.148068716092239,-6.071575819966205,2,Sample 1,Cluster 3
3304,3.284455326928639,-5.5990398368160434,2,Sample 1,Cluster 3
3305,-1.7991625659761645,-3.8218634593992142,0,Sample 1,Cluster 1
3306,3.136265108389455,-6.84117737413599,2,Sample 1,Cluster 3
3307,-2.1507521566738657,5.723147872868957,1,Sample 1,Cluster 2
3308,-2.2418251517295285,4.338215245158142,1,Sample 1,Cluster 2
3309,3.8486323476134205,-4.9344089489402245,2,Sample 1,Cluster 3
3310,-2.4371383762246803,-6.70298727553185,0,Sample 1,Cluster 1
3311,-2.52689005176297,-4.636207270287093,0,Sample 1,Cluster 1
3312,3.1985975637102286,-4.517083408831409,2,Sample 1,Cluster 3
3313,-2.3560685043628666,-4.329735571816416,0,Sample 1,Cluster 1
3314,3.4182796688855066,-5.510246954287949,2,Sample 1,Cluster 3
3315,3.91715168296069,-5.744801369305954,2,Sample 1,Cluster 3
3316,-1.8475991820445898,-5.038470805864618,0,Sample 1,Cluster 1
3317,3.775657516212919,-5.749273604994913,2,Sample 1,Cluster 3
3318,-4.91560972465666,5.147079635802956,1,Sample 1,Cluster 2
3319,-2.445977436249661,3.8602014510292344,1,Sample 1,Cluster 2
3320,-2.0423540466286845,4.950247186400551,1,Sample 1,Cluster 2
3321,-1.2062299400251009,5.08348475001857,1,Sample 1,Cluster 2
3322,3.946444114591253,-5.331115953819886,2,Sample 1,Cluster 3
3323,5.166862346788283,-3.506030396670919,2,Sample 1,Cluster 3
3324,-3.648727619094822,-6.0526526531420055,0,Sample 1,Cluster 1
3325,-2.6963104928022963,4.397011068514008,1,Sample 1,Cluster 2
3326,-2.553742632039484,4.427392008711399,1,Sample 1,Cluster 2
3327,2.784793399261229,-4.343761300392828,2,Sample 1,Cluster 3
3328,3.948558657687154,-5.421911249311696,2,Sample 1,Cluster 3
3329,-3.041537600244767,5.489341031072694,1,Sample 1,Cluster 2
3330,-2.0977724584838446,-3.5629113416584293,0,Sample 1,Cluster 1
3331,-2.388090213728698,-4.203105428071097,0,Sample 1,Cluster 1
3332,3.402946517647243,-5.828914857580157,2,Sample 1,Cluster 3
3333,3.09427726210997,-5.286595502326007,2,Sample 1,Cluster 3
3334,-2.35884675577822,4.706377728733342,1,Sample 1,Cluster 2
3335,1.7594732819525378,-5.016995823420993,2,Sample 1,Cluster 3
3336,3.334221289083168,-6.235547078598596,2,Sample 1,Cluster 3
3337,-1.2772252588699746,5.406268605031699,1,Sample 1,Cluster 2
3338,-2.7200413577213154,3.1584630682115318,1,Sample 1,Cluster 2
3339,3.500416167360799,-4.953429818331955,2,Sample 1,Cluster 3
3340,-2.087764542700426,-5.6674254480277,0,Sample 1,Cluster 1
3341,-1.779681129283949,-4.639019744545194,0,Sample 1,Cluster 1
3342,-2.3518595705360688,-4.659644108652662,0,Sample 1,Cluster 1
3343,-2.723170344265447,4.776191865203333,1,Sample 1,Cluster 2
3344,4.880021131504819,-4.79459936107057,2,Sample 1,Cluster 3
3345,-1.8029621620342047,3.9232162558026014,1,Sample 1,Cluster 2
3346,3.376574663610134,-4.899561130679081,2,Sample 1,Cluster 3
3347,-1.8138723014383844,4.872049176029258,1,Sample 1,Cluster 2
3348,1.8979798400937844,-4.1334838298714125,2,Sample 1,Cluster 3
3349,-0.5893024057036491,-4.052594683843061,0,Sample 1,Cluster 1
3350,2.1222689323374504,-4.495299517123075,2,Sample 1,Cluster 3
3351,-1.8255157341414079,-4.069729137972011,0,Sample 1,Cluster 1
3352,4.107075831284493,-4.604818094235484,2,Sample 1,Cluster 3
3353,3.204997827753055,-2.999279601652575,2,Sample 1,Cluster 3
3354,3.87344297845887,-6.372826598648551,2,Sample 1,Cluster 3
3355,-1.717262310377572,-4.582285963252851,0,Sample 1,Cluster 1
3356,5.203595529643973,-5.688605441361456,2,Sample 1,Cluster 3
3357,3.662585908664759,-5.75312253520162,2,Sample 1,Cluster 3
3358,-2.6887332234496992,-5.3255081956035,0,Sample 1,Cluster 1
3359,-3.1486860089682707,3.993937712868307,1,Sample 1,Cluster 2
3360,-1.761193107162105,-5.840498657462241,0,Sample 1,Cluster 1
3361,-2.924971435686079,-4.612898679049568,0,Sample 1,Cluster 1
3362,-3.9957933597563366,-5.310816620146407,0,Sample 1,Cluster 1
3363,-3.12415930329397,-3.935540076768768,0,Sample 1,Cluster 1
3364,-2.0733126042356407,-4.328425196385276,0,Sample 1,Cluster 1
3365,-2.429274490966522,6.182024064844209,1,Sample 1,Cluster 2
3366,2.8879103150586403,-4.973888930647303,2,Sample 1,Cluster 3
3367,-2.5158989082946492,-5.085811812648753,0,Sample 1,Cluster 1
3368,-1.8436142550421089,5.405819224885838,1,Sample 1,Cluster 2
3369,3.5313177714454174,-5.007731537050677,2,Sample 1,Cluster 3
3370,-2.890084979257995,4.653953449744304,1,Sample 1,Cluster 2
3371,-2.8291412856928018,-4.076879412595402,0,Sample 1,Cluster 1
3372,2.226660711756045,-4.278617042287781,2,Sample 1,Cluster 3
3373,-2.776131764359837,-4.608596371938938,0,Sample 1,Cluster 1
3374,-3.461719620860871,-5.316544569405011,0,Sample 1,Cluster 1
3375,1.935555999761129,-4.924303164264513,2,Sample 1,Cluster 3
3376,3.539136070222535,-5.275581767001962,2,Sample 1,Cluster 3
3377,2.151243407797778,-4.793919314081497,2,Sample 1,Cluster 3
3378,-1.3581557085686269,-5.3355478021268405,0,Sample 1,Cluster 1
3379,4.312492335850138,-5.158096374236773,2,Sample 1,Cluster 3
3380,-2.029715289489812,-4.504208972237705,0,Sample 1,Cluster 1
3381,3.1118218487182907,-5.537376631406461,2,Sample 1,Cluster 3
3382,-1.622159849965033,-6.252518425284477,0,Sample 1,Cluster 1
3383,5.681658298444108,-5.822339012008591,2,Sample 1,Cluster 3
3384,-1.8212552942357723,3.202488532812316,1,Sample 1,Cluster 2
3385,4.104458880594024,-5.016079001415721,2,Sample 1,Cluster 3
3386,-2.986117076298778,-5.1098487726311035,0,Sample 1,Cluster 1
3387,-2.0097808759499443,4.157267549461075,1,Sample 1,Cluster 2
3388,-3.766870711830064,-4.669600870289762,0,Sample 1,Cluster 1
3389,2.504285935434317,-5.1627689128642436,2,Sample 1,Cluster 3
3390,3.2117594274805024,-4.151884945062984,2,Sample 1,Cluster 3
3391,-1.8199365340659575,-4.665855398208479,0,Sample 1,Cluster 1
3392,3.910130895657842,-5.436148995781058,2,Sample 1,Cluster 3
3393,-1.9760195326226482,-4.351361083526632,0,Sample 1,Cluster 1
3394,4.920240255282149,-4.990495652385767,2,Sample 1,Cluster 3
3395,-3.12660263386899,4.742350787035459,1,Sample 1,Cluster 2
3396,-0.9067573582362127,-5.665649043879886,0,Sample 1,Cluster 1
3397,-2.790493328924453,-6.6059654885960075,0,Sample 1,Cluster 1
3398,-2.6486766017541976,-4.752000813467556,0,Sample 1,Cluster 1
3399,-1.9731645818617356,6.608163631013079,1,Sample 1,Cluster 2
3400,-1.9325179884357462,-4.984433395584894,0,Sample 1,Cluster 1
3401,-2.3833308238276927,-4.53176045078693,0,Sample 1,Cluster 1
3402,-1.5231730435797175,5.465678162774893,1,Sample 1,Cluster 2
3403,-1.5727407480352817,-5.269003790944858,0,Sample 1,Cluster 1
3404,-2.541218342819717,-4.597527705101003,0,Sample 1,Cluster 1
3405,-3.1620721765189757,5.0689151064371,1,Sample 1,Cluster 2
3406,3.100980147724414,-4.644683863130194,2,Sample 1,Cluster 3
3407,-2.592179386041758,-5.307954310728065,0,Sample 1,Cluster 1
3408,1.775459354020682,-4.21723375546676,2,Sample 1,Cluster 3
3409,2.6502748633298316,-5.514546673621624,2,Sample 1,Cluster 3
3410,-1.8214606298666656,4.013981348185193,1,Sample 1,Cluster 2
3411,3.812530406680745,-4.317320818127882,2,Sample 1,Cluster 3
3412,-2.7562778465554563,5.339332757121533,1,Sample 1,Cluster 2
3413,4.926962642100781,-3.5328827631804995,2,Sample 1,Cluster 3
3414,-2.4218591211609346,4.381592172915627,1,Sample 1,Cluster 2
3415,-1.8043152639154718,6.084510287043961,1,Sample 1,Cluster 2
3416,2.5355507033823126,-5.847229697609678,2,Sample 1,Cluster 3
3417,-1.0960535426822067,-4.98527869537325,0,Sample 1,Cluster 1
3418,-1.9890158223766523,4.0855960698156135,1,Sample 1,Cluster 2
3419,2.8602175494628956,-3.7558411726821266,2,Sample 1,Cluster 3
3420,-1.3773040238998473,5.558322618031222,1,Sample 1,Cluster 2
3421,-1.8826410314813242,2.7211659034959395,1,Sample 1,Cluster 2
3422,2.1128759668844665,-5.9233307078236335,2,Sample 1,Cluster 3
3423,2.441475583451402,-4.042471240990918,2,Sample 1,Cluster 3
3424,-1.7403566916469408,3.812081625240077,1,Sample 1,Cluster 2
3425,-3.6346925863464254,3.591352950415379,1,Sample 1,Cluster 2
3426,-2.9033438648061374,4.934781861518683,1,Sample 1,Cluster 2
3427,-2.4265980124413016,-4.798207682858658,0,Sample 1,Cluster 1
3428,-3.2162770578904194,4.673519328671824,1,Sample 1,Cluster 2
3429,-2.2429142276397815,5.337536603388227,1,Sample 1,Cluster 2
3430,-3.9249267315725067,-6.784374415299567,0,Sample 1,Cluster 1
3431,4.163078457852574,-5.728389362825217,2,Sample 1,Cluster 3
3432,3.5797412551072063,-6.042275810819796,2,Sample 1,Cluster 3
3433,4.492389420003506,-5.252065542327139,2,Sample 1,Cluster 3
3434,-2.1285041091627406,-5.44044154536679,0,Sample 1,Cluster 1
3435,-1.2311865470837182,4.009747600938521,1,Sample 1,Cluster 2
3436,-1.456527805697478,3.67000640957146,1,Sample 1,Cluster 2
3437,-4.08039021697371,-4.399120436394152,0,Sample 1,Cluster 1
3438,-3.171777473744621,4.520485883644782,1,Sample 1,Cluster 2
3439,3.415620195679201,-4.880526471152096,2,Sample 1,Cluster 3
3440,2.6170498344059734,-4.149717045573427,2,Sample 1,Cluster 3
3441,-2.746427427348593,5.623728425815472,1,Sample 1,Cluster 2
3442,-2.563713112996572,5.361897436999787,1,Sample 1,Cluster 2
3443,4.7452643777739505,-2.7662329056720307,2,Sample 1,Cluster 3
3444,-2.452812622728322,-4.642501999357842,0,Sample 1,Cluster 1
3445,-1.9199233705216021,5.412942629691967,1,Sample 1,Cluster 2
3446,-2.152183948354487,-4.619655453978702,0,Sample 1,Cluster 1
3447,4.0821782676821465,-4.378450637654787,2,Sample 1,Cluster 3
3448,-2.7681102249371614,-4.726129732408303,0,Sample 1,Cluster 1
3449,-3.1182601716300575,4.810545114607993,1,Sample 1,Cluster 2
3450,-3.3969949920755136,-4.256472012167348,0,Sample 1,Cluster 1
3451,-3.191106368471813,-3.976428054673799,0,Sample 1,Cluster 1
3452,3.2048856457318955,-5.444228882080829,2,Sample 1,Cluster 3
3453,-3.1128966644885367,-5.902450043846155,0,Sample 1,Cluster 1
3454,3.42099059739562,-5.33315074659842,2,Sample 1,Cluster 3
3455,-2.23851567951165,-6.111438984168792,0,Sample 1,Cluster 1
3456,-2.1007233470898004,-6.353816665314663,0,Sample 1,Cluster 1
3457,2.276630649031479,-4.382878564076987,2,Sample 1,Cluster 3
3458,-2.872248365424043,4.915241316556691,1,Sample 1,Cluster 2
3459,-2.771297823416031,-4.703951107784835,0,Sample 1,Cluster 1
3460,-1.69854011705445,-5.398056670708166,0,Sample 1,Cluster 1
3461,-2.9466414031568244,4.119876613622644,1,Sample 1,Cluster 2
3462,2.464735164708094,-4.976163067902861,2,Sample 1,Cluster 3
3463,-3.5243434819970263,6.403835345587492,1,Sample 1,Cluster 2
3464,-2.4694096040319775,3.8411268682931645,1,Sample 1,Cluster 2
3465,-2.866106599470092,-4.851449135665009,0,Sample 1,Cluster 1
3466,-1.2355674507453012,4.187924646537705,1,Sample 1,Cluster 2
3467,-0.14072445975301973,5.99574366458943,1,Sample 1,Cluster 2
3468,-2.5889808490789603,4.276873886828168,1,Sample 1,Cluster 2
3469,-3.6121775401227705,-4.873790848564984,0,Sample 1,Cluster 1
3470,-2.4018637472041635,6.2997427667756485,1,Sample 1,Cluster 2
3471,-2.949734421262642,4.832622501004378,1,Sample 1,Cluster 2
3472,-2.107033867670403,-5.286423503797589,0,Sample 1,Cluster 1
3473,-2.0301900692286585,-5.164502282914598,0,Sample 1,Cluster 1
3474,-3.2113926625826594,-4.235759553409798,0,Sample 1,Cluster 1
3475,2.7672915050980484,-5.4310322436613685,2,Sample 1,Cluster 3
3476,-2.244380263373636,-3.677106185206172,0,Sample 1,Cluster 1
3477,2.9510614527703005,-5.035685225746401,2,Sample 1,Cluster 3
3478,-2.624718542349334,4.56137016280752,1,Sample 1,Cluster 2
3479,-1.7691322990134004,4.357456839455724,1,Sample 1,Cluster 2
3480,5.094944473061027,-5.284873638895244,2,Sample 1,Cluster 3
3481,-1.953144541439618,3.9072354310395725,1,Sample 1,Cluster 2
3482,3.063031112954288,-4.9982147022700785,2,Sample 1,Cluster 3
3483,2.7723016767000934,-5.700651859717035,2,Sample 1,Cluster 3
3484,1.8349286685888369,-3.3644147542400447,2,Sample 1,Cluster 3
3485,-2.6583501831877454,-3.3456749294691583,0,Sample 1,Cluster 1
3486,-3.7567051657007298,-3.915541651431721,0,Sample 1,Cluster 1
3487,-2.3803216339849698,-4.921738260233662,0,Sample 1,Cluster 1
3488,1.8095935785609625,-3.84447024395593,2,Sample 1,Cluster 3
3489,3.9967923513996233,-5.505321219610915,2,Sample 1,Cluster 3
3490,-1.943678020359761,-5.912806807802191,0,Sample 1,Cluster 1
3491,-2.9569431918262374,5.458066225084927,1,Sample 1,Cluster 2
3492,2.496909744794091,-5.021008634615882,2,Sample 1,Cluster 3
3493,-2.515408303787516,4.789687336633386,1,Sample 1,Cluster 2
3494,-2.306942452066575,-5.920811266895606,0,Sample 1,Cluster 1
3495,3.2302314303823305,-5.407275044249255,2,Sample 1,Cluster 3
3496,-2.7650467065466584,4.5102106123937995,1,Sample 1,Cluster 2
3497,3.2348241850515196,-4.517935785617327,2,Sample 1,Cluster 3
3498,-3.977258438243534,-5.3429236215332265,0,Sample 1,Cluster 1
3499,2.6726671147428953,-3.5228832635206015,2,Sample 1,Cluster 3
3500,-2.9864049143498588,-5.811583781365931,0,Sample 1,Cluster 1
3501,-2.9787500644648377,-5.773270312788252,0,Sample 1,Cluster 1
3502,-1.8652090235582297,3.601174421409455,1,Sample 1,Cluster 2
3503,4.385739966085417,-4.8316029608627975,2,Sample 1,Cluster 3
3504,2.972291041858402,-5.814329192381727,2,Sample 1,Cluster 3
3505,3.115057696261229,-4.223859933945713,2,Sample 1,Cluster 3
3506,-4.027484870005834,-3.9453581401178646,0,Sample 1,Cluster 1
3507,-2.3294426974098488,4.398424534608945,1,Sample 1,Cluster 2
3508,-3.320694484775581,-4.950134920304702,0,Sample 1,Cluster 1
3509,3.0721046513056764,-5.936739915045963,2,Sample 1,Cluster 3
3510,-1.9372478934888846,-3.2760570580934862,0,Sample 1,Cluster 1
3511,-2.6911456793357553,4.70654047054825,1,Sample 1,Cluster 2
3512,-2.5047637673701835,-4.372797776551401,0,Sample 1,Cluster 1
3513,3.4618532856158266,-4.4701896142723045,2,Sample 1,Cluster 3
3514,2.9233060448160932,-5.641222072083633,2,Sample 1,Cluster 3
3515,5.592709674449496,-5.283365110807031,2,Sample 1,Cluster 3
3516,-2.521217007399248,4.294500279017826,1,Sample 1,Cluster 2
3517,-3.074755377001949,4.829242278630522,1,Sample 1,Cluster 2
3518,-3.2942928008684365,-6.156164211529781,0,Sample 1,Cluster 1
3519,-2.4265913787715983,3.4099448683192857,1,Sample 1,Cluster 2
3520,-3.3255730270777435,-5.3522073635091205,0,Sample 1,Cluster 1
3521,-1.961711011226544,5.473451306993103,1,Sample 1,Cluster 2
3522,-3.7743949868253353,5.352379790368319,1,Sample 1,Cluster 2
3523,3.12184866677056,-5.619363054682321,2,Sample 1,Cluster 3
3524,-2.004890961581477,-3.6893122141832473,0,Sample 1,Cluster 1
3525,3.0831915976107127,-5.636791128007003,2,Sample 1,Cluster 3
3526,-3.443231832927842,5.9501435107692515,1,Sample 1,Cluster 2
3527,3.758048784706093,-4.313488743252787,2,Sample 1,Cluster 3
3528,2.8097064765346857,-6.63961161295066,2,Sample 1,Cluster 3
3529,3.0258234320589965,-5.164613594941738,2,Sample 1,Cluster 3
3530,2.76416357806637,-5.3075655031816735,2,Sample 1,Cluster 3
3531,-3.1770877759095786,-5.467926122734216,0,Sample 1,Cluster 1
3532,-3.066100715857621,-5.569739091340835,0,Sample 1,Cluster 1
3533,-1.783845423977814,5.508137441345576,1,Sample 1,Cluster 2
3534,-3.956868855435597,-5.478134146603885,0,Sample 1,Cluster 1
3535,4.270781447952409,-3.8015218932097725,2,Sample 1,Cluster 3
3536,-1.9021651159013904,5.488296212346772,1,Sample 1,Cluster 2
3537,-2.630453571155011,4.404077884154841,1,Sample 1,Cluster 2
3538,3.0329333012728767,-4.440428602483438,2,Sample 1,Cluster 3
3539,3.1986253953550516,-5.260809996653479,2,Sample 1,Cluster 3
3540,-3.1603977574340094,4.742891326677605,1,Sample 1,Cluster 2
3541,-1.6263145728140591,-5.438324243365548,0,Sample 1,Cluster 1
3542,1.8611202254968786,-3.937467156834134,2,Sample 1,Cluster 3
3543,3.7749047407987955,-5.275278422609866,2,Sample 1,Cluster 3
3544,-1.9115024022034026,-3.574560872983152,0,Sample 1,Cluster 1
3545,1.8135971086462284,-5.102610784387065,2,Sample 1,Cluster 3
3546,-2.9386150359400616,-4.333332870575754,0,Sample 1,Cluster 1
3547,2.662532840226172,-5.59398942221568,2,Sample 1,Cluster 3
3548,3.3992867466412076,-5.295455016126551,2,Sample 1,Cluster 3
3549,3.5013399797514047,-4.507868812577136,2,Sample 1,Cluster 3
3550,-2.8755795087479616,5.434048034868772,1,Sample 1,Cluster 2
3551,3.6780232685453633,-6.020546127996585,2,Sample 1,Cluster 3
3552,-3.1287888261079857,3.89516431747698,1,Sample 1,Cluster 2
3553,3.569519393365816,-5.190586940044494,2,Sample 1,Cluster 3
3554,2.33953610649395,-5.900469691225576,2,Sample 1,Cluster 3
3555,-1.8049819995273833,-5.949069141687883,0,Sample 1,Cluster 1
3556,2.280980287693457,-3.9524447188778815,2,Sample 1,Cluster 3
3557,-2.980510951935044,4.766645000165378,1,Sample 1,Cluster 2
3558,-2.740687797712661,-5.967581548335044,0,Sample 1,Cluster 1
3559,-1.542742798668407,4.873176341578424,1,Sample 1,Cluster 2
3560,4.26734119172249,-5.57917178437423,2,Sample 1,Cluster 3
3561,3.800952574803281,-5.2145113113934105,2,Sample 1,Cluster 3
3562,2.2280599585624685,-6.438571791527286,2,Sample 1,Cluster 3
3563,-3.954383380309724,-4.392230163612665,0,Sample 1,Cluster 1
3564,3.3200786054753175,-4.453340390787126,2,Sample 1,Cluster 3
3565,-2.144180953734724,-5.660522946241714,0,Sample 1,Cluster 1
3566,-3.4359334685682303,2.7021902293746805,1,Sample 1,Cluster 2
3567,3.2748474917261827,-5.632616735268283,2,Sample 1,Cluster 3
3568,-1.9565013736347971,4.0809647718730755,1,Sample 1,Cluster 2
3569,-2.0952275572353076,-5.582617761925291,0,Sample 1,Cluster 1
3570,2.7239250367872168,-5.239756845331452,2,Sample 1,Cluster 3
3571,-3.1761231667409273,-4.557288813540459,0,Sample 1,Cluster 1
3572,-3.0004501612076235,5.316642826749927,1,Sample 1,Cluster 2
3573,-3.2070859489609065,5.122980084756422,1,Sample 1,Cluster 2
3574,-2.64023562392321,-4.680545918624695,0,Sample 1,Cluster 1
3575,3.6937299123557614,-5.209406632176876,2,Sample 1,Cluster 3
3576,-2.7640960751731605,-5.169333585544941,0,Sample 1,Cluster 1
3577,3.151779360422994,-4.679999995509147,2,Sample 1,Cluster 3
3578,2.1503116342563047,-3.662187276721978,2,Sample 1,Cluster 3
3579,-2.5122478793383967,5.463433199680871,1,Sample 1,Cluster 2
3580,-2.87073415424997,4.627416197143795,1,Sample 1,Cluster 2
3581,-3.1440761448244072,-4.8492193911855175,0,Sample 1,Cluster 1
3582,2.9198558267942705,-4.504773642729174,2,Sample 1,Cluster 3
3583,-1.7374906928694038,5.229699332161459,1,Sample 1,Cluster 2
3584,-1.6025137150156232,-3.1439674223861926,0,Sample 1,Cluster 1
3585,4.373323231143041,-4.2317558655306655,2,Sample 1,Cluster 3
3586,-1.1400341003388954,5.857234521787909,1,Sample 1,Cluster 2
3587,-1.992978495254321,5.331039277961199,1,Sample 1,Cluster 2
3588,3.304069301431857,-6.3902436926772,2,Sample 1,Cluster 3
3589,-0.4784540593011024,4.575304981663743,1,Sample 1,Cluster 2
3590,2.7074501953317385,-4.317467754869447,2,Sample 1,Cluster 3
3591,3.1208849233185005,-3.9039185171117032,2,Sample 1,Cluster 3
3592,-1.6397252784344818,-4.831465227837511,0,Sample 1,Cluster 1
3593,2.3671258192986517,-4.352709767414897,2,Sample 1,Cluster 3
3594,-2.8569467465718237,3.488367415243575,1,Sample 1,Cluster 2
3595,2.934022172157041,-4.042265578201717,2,Sample 1,Cluster 3
3596,-1.7399873370642833,-4.80559622235648,0,Sample 1,Cluster 1
3597,-3.0294291718147104,5.681946667836979,1,Sample 1,Cluster 2
3598,-3.0169818478750425,6.420248714087609,1,Sample 1,Cluster 2
3599,4.15064150439542,-3.8509055726049968,2,Sample 1,Cluster 3
3600,-1.8871357772922477,5.981546579107446,1,Sample 1,Cluster 2
3601,4.103335406895972,-4.067524083884697,2,Sample 1,Cluster 3
3602,-1.713853485784047,-6.120056578546407,0,Sample 1,Cluster 1
3603,4.713888367585151,-4.902524428694036,2,Sample 1,Cluster 3
3604,-2.465118042902037,6.356040832344602,1,Sample 1,Cluster 2
3605,-2.6020392963020273,6.208923944197878,1,Sample 1,Cluster 2
3606,2.3885553464018248,-5.921344887227475,2,Sample 1,Cluster 3
3607,-1.1112289574678005,5.1583286267701185,1,Sample 1,Cluster 2
3608,2.3441507040594542,-3.9804478177208775,2,Sample 1,Cluster 3
3609,3.138110651596426,-4.764224597678159,2,Sample 1,Cluster 3
3610,-2.1983196848782507,4.9765897490520175,1,Sample 1,Cluster 2
3611,-2.5763713976712586,-6.420997066773161,0,Sample 1,Cluster 1
3612,3.60630600732696,-3.79978031279921,2,Sample 1,Cluster 3
3613,5.443638735141493,-4.758501295423191,2,Sample 1,Cluster 3
3614,-2.5188417206993905,4.8605165936777315,1,Sample 1,Cluster 2
3615,-3.2355393873870426,6.239947524014031,1,Sample 1,Cluster 2
3616,-1.2101773936090836,6.051931562867238,1,Sample 1,Cluster 2
3617,-3.740530744852906,5.054850379844821,1,Sample 1,Cluster 2
3618,-2.23845810098867,4.8247195769529085,1,Sample 1,Cluster 2
3619,-1.6949657526284474,4.538486504381481,1,Sample 1,Cluster 2
3620,2.1781928956743277,-4.64411716995401,2,Sample 1,Cluster 3
3621,-1.2566716634281807,-4.316819218758221,0,Sample 1,Cluster 1
3622,3.0559160719199636,-5.468634178758952,2,Sample 1,Cluster 3
3623,3.6871868278649216,-5.600583685604479,2,Sample 1,Cluster 3
3624,3.607018165053668,-3.4661926812591015,2,Sample 1,Cluster 3
3625,-3.168277642607806,6.7161193022187105,1,Sample 1,Cluster 2
3626,2.811310698760017,-5.488941721615461,2,Sample 1,Cluster 3
3627,-4.197483919206876,4.513742410324454,1,Sample 1,Cluster 2
3628,-1.6060809472780313,6.158799383914341,1,Sample 1,Cluster 2
3629,-1.5484236088602876,4.017913747890406,1,Sample 1,Cluster 2
3630,-1.5506123038581352,-3.850931675435217,0,Sample 1,Cluster 1
3631,-2.1168161394028866,5.2669296842295585,1,Sample 1,Cluster 2
3632,4.121653102493373,-6.268676512308678,2,Sample 1,Cluster 3
3633,-2.4790361977807716,-5.242851460212732,0,Sample 1,Cluster 1
3634,-3.699212768366721,-5.073475811467964,0,Sample 1,Cluster 1
3635,2.829219069219456,-4.540766455292776,2,Sample 1,Cluster 3
3636,3.883679710974476,-5.490386617016552,2,Sample 1,Cluster 3
3637,3.1950567934820446,-5.348611597576495,2,Sample 1,Cluster 3
3638,-3.473517368272134,-3.909298789169328,0,Sample 1,Cluster 1
3639,-3.103171671093341,4.775459938506581,1,Sample 1,Cluster 2
3640,-1.9672605983564309,5.337269288491565,1,Sample 1,Cluster 2
3641,2.626134247936181,-4.8940022852034835,2,Sample 1,Cluster 3
3642,-4.4095438961565385,-5.396702537608119,0,Sample 1,Cluster 1
3643,-2.1569467997355414,5.554484485810515,1,Sample 1,Cluster 2
3644,-2.0448135366517795,6.302717298502831,1,Sample 1,Cluster 2
3645,-0.6482731466611931,3.5061878459266014,1,Sample 1,Cluster 2
3646,2.391552199372365,-4.6251678707631445,2,Sample 1,Cluster 3
3647,-1.7168883531545767,-6.097394503410804,0,Sample 1,Cluster 1
3648,-3.0133334561043057,-3.6677184659011752,0,Sample 1,Cluster 1
3649,-2.914602111088962,-3.93977912765037,0,Sample 1,Cluster 1
3650,-2.070792125143677,4.28122561456717,1,Sample 1,Cluster 2
3651,-2.843441779613808,4.4460632161009155,1,Sample 1,Cluster 2
3652,-2.229212925230647,4.763678871888777,1,Sample 1,Cluster 2
3653,-1.9167490839981083,-4.719067625898333,0,Sample 1,Cluster 1
3654,3.4414856061232424,-5.260986963553088,2,Sample 1,Cluster 3
3655,-2.179614890794937,-4.895147851027321,0,Sample 1,Cluster 1
3656,3.4197204699135164,-2.914512669480184,2,Sample 1,Cluster 3
3657,4.617829199385428,-6.664592420312783,2,Sample 1,Cluster 3
3658,-2.3529323869419967,-2.8455730688156025,0,Sample 1,Cluster 1
3659,-2.2662458173389015,-5.1498632147251,0,Sample 1,Cluster 1
3660,-3.1073061292429585,5.120315029180966,1,Sample 1,Cluster 2
3661,-1.915232818899027,-5.520527861894707,0,Sample 1,Cluster 1
3662,-2.4086178810703682,5.120241409169502,1,Sample 1,Cluster 2
3663,2.242048538278647,-5.425502200231463,2,Sample 1,Cluster 3
3664,-1.1088802689619368,5.7830864406254365,1,Sample 1,Cluster 2
3665,-1.7837156553899203,-5.505262183332265,0,Sample 1,Cluster 1
3666,-1.5031318460018968,3.34128781407348,1,Sample 1,Cluster 2
3667,-2.827840995034826,-4.373313031580775,0,Sample 1,Cluster 1
3668,-2.393624260682499,4.439903348048661,1,Sample 1,Cluster 2
3669,-2.263103778348339,5.208844217743912,1,Sample 1,Cluster 2
3670,-2.8430783404848587,-4.667330530971151,0,Sample 1,Cluster 1
3671,3.222867465604148,-4.527091105660854,2,Sample 1,Cluster 3
3672,-2.0022342847652785,4.088933505775385,1,Sample 1,Cluster 2
3673,-2.4897370851650518,-4.616138371706533,0,Sample 1,Cluster 1
3674,2.733800543767755,-4.729787120756319,2,Sample 1,Cluster 3
3675,-1.7193466245242326,5.734763555153931,1,Sample 1,Cluster 2
3676,3.401809096488954,-5.222698374086315,2,Sample 1,Cluster 3
3677,0.021645387609668276,-5.8987952265916785,0,Sample 1,Cluster 1
3678,-3.2725318428185663,-3.696666908079244,0,Sample 1,Cluster 1
3679,3.621124513434764,-5.398907116630761,2,Sample 1,Cluster 3
3680,-1.8264130436382984,-5.2953657603579565,0,Sample 1,Cluster 1
3681,-3.6776296584214334,-6.099067859918928,0,Sample 1,Cluster 1
3682,4.643102649095616,-6.1450838776435415,2,Sample 1,Cluster 3
3683,-2.811938965247556,-4.873557208063895,0,Sample 1,Cluster 1
3684,-2.011827064328622,-4.874421631225252,0,Sample 1,Cluster 1
3685,-1.2529686524024848,-6.224369127794701,0,Sample 1,Cluster 1
3686,-3.5243644568019734,-4.848416143023136,0,Sample 1,Cluster 1
3687,-2.505635988384444,-5.172487662854418,0,Sample 1,Cluster 1
3688,-3.2735809145033703,4.961830915086416,1,Sample 1,Cluster 2
3689,-1.7736301490983608,-4.901216152668325,0,Sample 1,Cluster 1
3690,-2.0817316095716003,4.541039996849137,1,Sample 1,Cluster 2
3691,-2.918178416415232,5.839207380669512,1,Sample 1,Cluster 2
3692,3.3292480277115533,-4.6809889884601485,2,Sample 1,Cluster 3
3693,-3.4404756844998814,4.283944126178716,1,Sample 1,Cluster 2
3694,-2.4878536459676535,-5.7798452607382735,0,Sample 1,Cluster 1
3695,-1.0525549202135118,4.825563283686101,1,Sample 1,Cluster 2
3696,2.968959688333541,-4.804034325462397,2,Sample 1,Cluster 3
3697,-2.6264063188631916,4.658495144042064,1,Sample 1,Cluster 2
3698,1.7849893655622884,-5.439327153411021,2,Sample 1,Cluster 3
3699,4.1075689085360745,-4.680806273998644,2,Sample 1,Cluster 3
3700,-2.134175676307807,6.164657857717414,1,Sample 1,Cluster 2
3701,-0.840733864200021,4.264492326730862,1,Sample 1,Cluster 2
3702,2.7394242369887456,-5.0927976578572265,2,Sample 1,Cluster 3
3703,-3.3126574551827175,5.049343879878378,1,Sample 1,Cluster 2
3704,-1.9568549679525773,-5.109596391553967,0,Sample 1,Cluster 1
3705,-1.476385064191873,-6.7734550714832515,0,Sample 1,Cluster 1
3706,-2.0814214514103733,-5.9762565519551805,0,Sample 1,Cluster 1
3707,-3.278703070421628,-4.1942933308214725,0,Sample 1,Cluster 1
3708,-3.23301928045098,-3.9156457591156033,0,Sample 1,Cluster 1
3709,-2.649497315329087,4.64821515338066,1,Sample 1,Cluster 2
3710,-3.8627059514841235,4.955561840882705,1,Sample 1,Cluster 2
3711,1.755662112018279,-4.769577305355608,2,Sample 1,Cluster 3
3712,3.5843118796508593,-6.187683833535722,2,Sample 1,Cluster 3
3713,-4.549866927036248,4.847177789919865,1,Sample 1,Cluster 2
3714,-3.067663883799338,3.9931960714597325,1,Sample 1,Cluster 2
3715,2.328081064576985,-3.9686375588745015,2,Sample 1,Cluster 3
3716,-2.551310677274394,5.263009928242784,1,Sample 1,Cluster 2
3717,-3.0258980431957796,-5.03917202468676,0,Sample 1,Cluster 1
3718,-2.856754971088928,-4.909487634357582,0,Sample 1,Cluster 1
3719,-3.1579359459057605,5.8968245338595775,1,Sample 1,Cluster 2
3720,-2.100108701007703,-6.119444939841554,0,Sample 1,Cluster 1
3721,3.3577144644698365,-5.717802404929006,2,Sample 1,Cluster 3
3722,4.414145935322933,-6.210023172239101,2,Sample 1,Cluster 3
3723,-3.249205099831677,-5.534223645175109,0,Sample 1,Cluster 1
3724,-2.5528638389178533,4.0311870401900345,1,Sample 1,Cluster 2
3725,-3.6969270505317198,-5.734569733207834,0,Sample 1,Cluster 1
3726,-2.434977262355041,-5.030314465373465,0,Sample 1,Cluster 1
3727,-2.6336973710291294,5.22606396039064,1,Sample 1,Cluster 2
3728,-2.810541454832983,5.13633297790039,1,Sample 1,Cluster 2
3729,3.3148928884649607,-3.9771398656485006,2,Sample 1,Cluster 3
3730,1.0669091012191414,-3.91264840466878,2,Sample 1,Cluster 3
3731,3.4973936047210374,-6.298706023952995,2,Sample 1,Cluster 3
3732,-0.8901836434393877,-4.181032363114415,0,Sample 1,Cluster 1
3733,-2.5424854413575284,-5.4407854428306,0,Sample 1,Cluster 1
3734,-1.2081769674321188,-5.257622523593647,0,Sample 1,Cluster 1
3735,2.590024260925527,-5.907216148747967,2,Sample 1,Cluster 3
3736,4.226678353387351,-4.81432428965717,2,Sample 1,Cluster 3
3737,-2.1892994166158655,-5.075859385024698,0,Sample 1,Cluster 1
3738,1.7617045028509937,-6.184916579697372,2,Sample 1,Cluster 3
3739,1.4258879023047368,-4.403879308572146,2,Sample 1,Cluster 3
3740,-2.0220799441201134,5.560938193848719,1,Sample 1,Cluster 2
3741,-1.6518320740008963,7.2077280311288625,1,Sample 1,Cluster 2
3742,-2.163924407638527,5.485480474572537,1,Sample 1,Cluster 2
3743,-2.025518993625293,4.752362848548808,1,Sample 1,Cluster 2
3744,-3.1134912304036417,-4.945542184601103,0,Sample 1,Cluster 1
3745,4.201511144262639,-4.969155864972546,2,Sample 1,Cluster 3
3746,-3.0743351125980816,-5.1844197001442005,0,Sample 1,Cluster 1
3747,3.1216966143695557,-4.707392011125668,2,Sample 1,Cluster 3
3748,-1.5178648060213662,4.032287185047036,1,Sample 1,Cluster 2
3749,-1.8375529480853525,-4.1431355996777555,0,Sample 1,Cluster 1
3750,2.5277914445772183,-4.961739744172253,2,Sample 1,Cluster 3
3751,-3.1957304650197553,5.9003478275318155,1,Sample 1,Cluster 2
3752,-2.6707542967441666,6.192580909479962,1,Sample 1,Cluster 2
3753,-3.241882507352459,5.190695186187828,1,Sample 1,Cluster 2
3754,-3.5926593243323515,-5.119175447813838,0,Sample 1,Cluster 1
3755,-2.891551554014578,5.835328701655258,1,Sample 1,Cluster 2
3756,-2.095007208555259,-3.8421554404865548,0,Sample 1,Cluster 1
3757,-2.219495920581153,5.391349704118131,1,Sample 1,Cluster 2
3758,-0.7640507295355656,-6.138946109507138,0,Sample 1,Cluster 1
3759,3.1173718158732022,-6.2347607545485975,2,Sample 1,Cluster 3
3760,-2.603227292103827,-5.681329739467515,0,Sample 1,Cluster 1
3761,4.617618103222779,-4.020850924609688,2,Sample 1,Cluster 3
3762,-2.1563054246939313,5.166150149730489,1,Sample 1,Cluster 2
3763,-3.2615347680177886,-4.93801558518491,0,Sample 1,Cluster 1
3764,-2.0879618509551614,8.082185192523777,1,Sample 1,Cluster 2
3765,-2.6482301271021664,4.896143440213259,1,Sample 1,Cluster 2
3766,-1.7031618513553468,4.394563929144431,1,Sample 1,Cluster 2
3767,3.947316808976638,-5.001371322935251,2,Sample 1,Cluster 3
3768,-2.7101973981492034,-6.276715174859291,0,Sample 1,Cluster 1
3769,-2.0880931231389024,-4.344059797891813,0,Sample 1,Cluster 1
3770,3.1731723298930374,-3.8806176399430727,2,Sample 1,Cluster 3
3771,3.5250353479245318,-4.413556574827201,2,Sample 1,Cluster 3
3772,-1.8945690560104143,-4.510024964789118,0,Sample 1,Cluster 1
3773,-2.4185149637904106,6.23921612119615,1,Sample 1,Cluster 2
3774,2.5019572021407206,-4.3456147644369105,2,Sample 1,Cluster 3
3775,-2.9813652897835174,6.48182254760715,1,Sample 1,Cluster 2
3776,3.8914029096046927,-5.668873336175701,2,Sample 1,Cluster 3
3777,3.4274042372430955,-4.878874083142385,2,Sample 1,Cluster 3
3778,3.3512047247882197,-3.6451622932690624,2,Sample 1,Cluster 3
3779,-3.29170250925627,5.752616950390573,1,Sample 1,Cluster 2
3780,-2.951398078925911,5.1476410425576296,1,Sample 1,Cluster 2
3781,-1.289240205406295,5.504649347643822,1,Sample 1,Cluster 2
3782,2.64825451870837,-5.489306989355647,2,Sample 1,Cluster 3
3783,-3.0082899110605035,4.048266672727711,1,Sample 1,Cluster 2
3784,-2.03008664015519,-3.868650169335128,0,Sample 1,Cluster 1
3785,5.0418027173952265,-4.774372624632526,2,Sample 1,Cluster 3
3786,4.164218188700387,-4.925473329840206,2,Sample 1,Cluster 3
3787,-2.3472667806850316,-5.029064486433874,0,Sample 1,Cluster 1
3788,3.3677581119903586,-4.450513671190195,2,Sample 1,Cluster 3
3789,2.436998998184222,-5.603892957257537,2,Sample 1,Cluster 3
3790,-2.664687544704272,-5.597262677232191,0,Sample 1,Cluster 1
3791,-2.796406478872023,3.8755463846570866,1,Sample 1,Cluster 2
3792,-2.6506090680690453,-4.0455096433191775,0,Sample 1,Cluster 1
3793,-1.7374999636991306,5.410468336077835,1,Sample 1,Cluster 2
3794,-2.4900005424741996,-2.7052775554665853,0,Sample 1,Cluster 1
3795,-2.9692250156511486,-4.820626876567365,0,Sample 1,Cluster 1
3796,-4.000137975716596,5.092020863317933,1,Sample 1,Cluster 2
3797,3.982697790623946,-4.73446524183369,2,Sample 1,Cluster 3
3798,3.2037694797802714,-4.649269840402684,2,Sample 1,Cluster 3
3799,-2.0623220950639696,4.838245878052884,1,Sample 1,Cluster 2
3800,-3.232953532384994,4.334542233415644,1,Sample 1,Cluster 2
3801,3.7803124028889217,-5.125181900898527,2,Sample 1,Cluster 3
3802,-2.2149977690351332,-3.9907845979715875,0,Sample 1,Cluster 1
3803,-3.003410714954231,6.226982167933199,1,Sample 1,Cluster 2
3804,2.330528523435924,-5.171963870463161,2,Sample 1,Cluster 3
3805,-3.352090930460298,4.755820236516266,1,Sample 1,Cluster 2
3806,2.586848471583646,-5.797545301121701,2,Sample 1,Cluster 3
3807,-1.736798589205438,5.521113001044639,1,Sample 1,Cluster 2
3808,3.7780864946500072,-6.523955563208511,2,Sample 1,Cluster 3
3809,-1.2211695103229268,-4.358297233105505,0,Sample 1,Cluster 1
3810,3.727640510814829,-4.333117436130121,2,Sample 1,Cluster 3
3811,-2.9310086698768765,-5.203957576322871,0,Sample 1,Cluster 1
3812,-1.363596601608116,4.543402965000419,1,Sample 1,Cluster 2
3813,-1.7388405783535306,-5.293205616294442,0,Sample 1,Cluster 1
3814,-1.782347042490294,6.019900033022978,1,Sample 1,Cluster 2
3815,-3.5987223111757993,-4.584078288376998,0,Sample 1,Cluster 1
3816,1.8877002173878803,-5.219876240535834,2,Sample 1,Cluster 3
3817,2.8399130441175675,-6.078396627493735,2,Sample 1,Cluster 3
3818,-2.8910795374290195,4.104306053368791,1,Sample 1,Cluster 2
3819,3.278576139200201,-4.976979548735201,2,Sample 1,Cluster 3
3820,-2.3078353248430217,-3.997493740185405,0,Sample 1,Cluster 1
3821,-2.270580710093931,-5.117764222948478,0,Sample 1,Cluster 1
3822,-2.1715599317379066,-5.184855581966144,0,Sample 1,Cluster 1
3823,-1.7470545068640242,-4.8464818113015715,0,Sample 1,Cluster 1
3824,-4.049402162001972,-5.609084215847153,0,Sample 1,Cluster 1
3825,2.881976389444944,-6.195230234631801,2,Sample 1,Cluster 3
3826,-1.3925817451915854,5.4511272960418875,1,Sample 1,Cluster 2
3827,-2.3545069959532037,5.198576469040269,1,Sample 1,Cluster 2
3828,2.728934226826174,-5.081589323674942,2,Sample 1,Cluster 3
3829,-1.485878791049621,-4.769017597592131,0,Sample 1,Cluster 1
3830,3.7498849304714685,-5.863626281732831,2,Sample 1,Cluster 3
3831,1.7477617447423628,-6.199344961566158,2,Sample 1,Cluster 3
3832,-2.0629726015970404,5.00513781584875,1,Sample 1,Cluster 2
3833,-1.6828933636564813,6.67075421829594,1,Sample 1,Cluster 2
3834,-2.2951762125488995,5.786152787156411,1,Sample 1,Cluster 2
3835,-3.356153250315465,-3.624767509726543,0,Sample 1,Cluster 1
3836,-2.6057354845154976,-4.942176827692569,0,Sample 1,Cluster 1
3837,-2.8062537516903747,-5.098983157019869,0,Sample 1,Cluster 1
3838,2.847278299909689,-3.745454056378139,2,Sample 1,Cluster 3
3839,-1.8274124142963606,-4.83375799411735,0,Sample 1,Cluster 1
3840,3.4544592458331556,-5.234148367180222,2,Sample 1,Cluster 3
3841,-2.0723954812155596,5.710124340699069,1,Sample 1,Cluster 2
3842,-2.0432875914454662,5.908452512144479,1,Sample 1,Cluster 2
3843,4.046408454617531,-5.163484581316519,2,Sample 1,Cluster 3
3844,-1.876520796875734,-5.0312156155020356,0,Sample 1,Cluster 1
3845,-2.2352958142284343,5.66682316928714,1,Sample 1,Cluster 2
3846,-2.7789217075262873,4.720593836545257,1,Sample 1,Cluster 2
3847,-2.2903465527306195,-6.559649374203493,0,Sample 1,Cluster 1
3848,-2.9687421386542043,-4.736714577031896,0,Sample 1,Cluster 1
3849,2.79881889467112,-4.8452964384606725,2,Sample 1,Cluster 3
3850,-3.0231187106604613,-4.978149296118849,0,Sample 1,Cluster 1
3851,2.2009140798023683,-4.21770218223109,2,Sample 1,Cluster 3
3852,-3.323497206545657,3.9178637713251723,1,Sample 1,Cluster 2
3853,-3.404162979739139,-3.070658659537263,0,Sample 1,Cluster 1
3854,-1.3777645512511205,3.8785191497661753,1,Sample 1,Cluster 2
3855,-1.0565215121706055,4.847276966618161,1,Sample 1,Cluster 2
3856,-2.6750930013885004,-4.387005619967592,0,Sample 1,Cluster 1
3857,-1.6898900722847425,-5.126523075497857,0,Sample 1,Cluster 1
3858,3.6419333078786895,-4.437872001200556,2,Sample 1,Cluster 3
3859,-1.3373796191659644,-5.062584527246814,0,Sample 1,Cluster 1
3860,-2.0913663291779243,5.8244644684992455,1,Sample 1,Cluster 2
3861,2.2114379065942735,-3.3271245818140183,2,Sample 1,Cluster 3
3862,-2.2672282158900456,-5.405606927416045,0,Sample 1,Cluster 1
3863,-2.5512622113189733,-4.570967272386248,0,Sample 1,Cluster 1
3864,-2.4215459683688443,-3.9633025745095884,0,Sample 1,Cluster 1
3865,-2.890619073961236,-4.493338539143009,0,Sample 1,Cluster 1
3866,-3.0205140552974616,4.610299692988243,1,Sample 1,Cluster 2
3867,3.0411086467702257,-3.089625835580214,2,Sample 1,Cluster 3
3868,-1.762558798418198,5.38615030976737,1,Sample 1,Cluster 2
3869,-3.3044811005515724,-4.711868652843386,0,Sample 1,Cluster 1
3870,-2.2426571668988,-4.865552155226544,0,Sample 1,Cluster 1
3871,-3.3736969602788536,-4.891729321686167,0,Sample 1,Cluster 1
3872,-2.282062882677112,-4.666027928142964,0,Sample 1,Cluster 1
3873,3.887907414660297,-6.622141817336679,2,Sample 1,Cluster 3
3874,2.3165719564595073,-5.3028637945705235,2,Sample 1,Cluster 3
3875,-2.3471207455840775,5.037149238524919,1,Sample 1,Cluster 2
3876,-1.9509918477003891,3.7098273030482787,1,Sample 1,Cluster 2
3877,4.209172135115193,-5.6447933848475325,2,Sample 1,Cluster 3
3878,-3.553705535957268,-4.3791776689252195,0,Sample 1,Cluster 1
3879,-2.023976427331548,-5.445938442486657,0,Sample 1,Cluster 1
3880,-2.9142059577777757,-4.825758128201019,0,Sample 1,Cluster 1
3881,2.5926214102204135,-5.090933351265148,2,Sample 1,Cluster 3
3882,-2.613717229552437,-4.729050145662648,0,Sample 1,Cluster 1
3883,4.031586999876001,-4.414335238853582,2,Sample 1,Cluster 3
3884,1.7342222078443335,-4.972776330922655,2,Sample 1,Cluster 3
3885,2.300579557738754,-5.325579493098697,2,Sample 1,Cluster 3
3886,1.9491231489458574,-3.932891403599542,2,Sample 1,Cluster 3
3887,2.4546059589632914,-5.495298358599945,2,Sample 1,Cluster 3
3888,-2.981094115160971,5.255825547314029,1,Sample 1,Cluster 2
3889,-2.159608053407816,-4.042202461083818,0,Sample 1,Cluster 1
3890,-3.4256932949706167,-6.066502683822245,0,Sample 1,Cluster 1
3891,-3.413351291306804,4.8450724325762256,1,Sample 1,Cluster 2
3892,-3.489941310578058,-4.912473222533624,0,Sample 1,Cluster 1
3893,-1.497725892458013,-5.358579693040119,0,Sample 1,Cluster 1
3894,1.5667087123507317,-5.184469118818891,2,Sample 1,Cluster 3
3895,-2.0423949773596215,-5.563782748488707,0,Sample 1,Cluster 1
3896,-2.5452707911199166,-4.02482336816507,0,Sample 1,Cluster 1
3897,-1.9428900420346276,5.764244166856408,1,Sample 1,Cluster 2
3898,1.9210232637093543,-3.6072468107224074,2,Sample 1,Cluster 3
3899,-2.420278907929887,4.597219476707041,1,Sample 1,Cluster 2
3900,-1.676675490139485,5.378077985930434,1,Sample 1,Cluster 2
3901,-2.2586399928786114,-4.859571016337122,0,Sample 1,Cluster 1
3902,-2.4943494730974587,4.471743088421242,1,Sample 1,Cluster 2
3903,-1.666620268752919,-4.5331645575904895,0,Sample 1,Cluster 1
3904,-2.913143715110057,-5.157173266742478,0,Sample 1,Cluster 1
3905,3.4773901634901185,-5.21834665618041,2,Sample 1,Cluster 3
3906,-3.1232741915013604,-4.837411236331175,0,Sample 1,Cluster 1
3907,3.6757034345754414,-3.621540225883,2,Sample 1,Cluster 3
3908,-2.737900863394485,-5.197106722011639,0,Sample 1,Cluster 1
3909,-2.83330024449237,-5.0504984104889985,0,Sample 1,Cluster 1
3910,4.151606510573945,-5.152356948743374,2,Sample 1,Cluster 3
3911,3.917188823147438,-3.8864632898560645,2,Sample 1,Cluster 3
3912,-2.2154648411494167,-4.846738083044729,0,Sample 1,Cluster 1
3913,-2.8873391609989896,-5.772997055802604,0,Sample 1,Cluster 1
3914,2.685553464719506,-4.8497597295659824,2,Sample 1,Cluster 3
3915,-2.3505865884183375,4.395693654117342,1,Sample 1,Cluster 2
3916,-2.977303246889384,-3.321648528694055,0,Sample 1,Cluster 1
3917,3.1354645622161987,-4.733415572007982,2,Sample 1,Cluster 3
3918,-2.4852528535476854,5.278065364289337,1,Sample 1,Cluster 2
3919,-1.2213425538871734,-4.413161749195307,0,Sample 1,Cluster 1
3920,4.292772991670602,-5.025821515282094,2,Sample 1,Cluster 3
3921,-3.2607285837497857,-4.745183196160901,0,Sample 1,Cluster 1
3922,-4.094988514057165,5.299245255878057,1,Sample 1,Cluster 2
3923,-2.81775625291679,-5.8818157923646845,0,Sample 1,Cluster 1
3924,3.936067312070208,-4.920138947920186,2,Sample 1,Cluster 3
3925,-2.371608300821216,-3.2299751684822064,0,Sample 1,Cluster 1
3926,-3.2792974769730945,-4.437257666570153,0,Sample 1,Cluster 1
3927,-2.4166391168384993,4.949925497680382,1,Sample 1,Cluster 2
3928,-2.2201599803456737,-5.803243677473608,0,Sample 1,Cluster 1
3929,-1.4099497178300384,-3.68750834920937,0,Sample 1,Cluster 1
3930,-2.984492431789491,6.460807770837549,1,Sample 1,Cluster 2
3931,-3.065514054389879,-4.31555547278343,0,Sample 1,Cluster 1
3932,-2.7355646060704273,-3.8377955638990535,0,Sample 1,Cluster 1
3933,-2.1966775050191005,-4.0158222594793695,0,Sample 1,Cluster 1
3934,-3.3084785759431306,-5.412174715046595,0,Sample 1,Cluster 1
3935,4.387890987120554,-6.086539937182075,2,Sample 1,Cluster 3
3936,-2.1836632116895696,-5.76605516401217,0,Sample 1,Cluster 1
3937,-3.956482640438814,-4.783954113286862,0,Sample 1,Cluster 1
3938,3.117039975924398,-5.021907456322995,2,Sample 1,Cluster 3
3939,-2.30569438947978,-6.66567896255119,0,Sample 1,Cluster 1
3940,3.6683413014353308,-4.823533169810111,2,Sample 1,Cluster 3
3941,2.7409412482676068,-4.30814044920719,2,Sample 1,Cluster 3
3942,-1.5347928267933146,4.346451463210212,1,Sample 1,Cluster 2
3943,-3.7151286600720543,-7.104584109463251,0,Sample 1,Cluster 1
3944,3.2269308021892824,-6.056713826004929,2,Sample 1,Cluster 3
3945,-2.187628120056888,4.917422597654003,1,Sample 1,Cluster 2
3946,3.4311277369709865,-5.3351707564169875,2,Sample 1,Cluster 3
3947,-3.2994417858359286,4.596180063017426,1,Sample 1,Cluster 2
3948,-2.114346618131691,-4.705013482145985,0,Sample 1,Cluster 1
3949,-1.0073803910841947,5.37906633672943,1,Sample 1,Cluster 2
3950,-2.6406835235456567,6.329176132582415,1,Sample 1,Cluster 2
3951,4.131145787460431,-4.054487965952885,2,Sample 1,Cluster 3
3952,-1.5098769939904013,-4.696185891167283,0,Sample 1,Cluster 1
3953,2.795009067725812,-4.469727125582694,2,Sample 1,Cluster 3
3954,-2.1053456792952887,5.147868898955899,1,Sample 1,Cluster 2
3955,3.4655253733852738,-4.989982508536171,2,Sample 1,Cluster 3
3956,-2.339120762628026,5.84052351680609,1,Sample 1,Cluster 2
3957,5.228763173982531,-3.883652734240652,2,Sample 1,Cluster 3
3958,-2.9155170974609015,-5.2727263018768635,0,Sample 1,Cluster 1
3959,-2.0652164970639255,-4.840151653025029,0,Sample 1,Cluster 1
3960,-0.849980064605484,4.145973668596581,1,Sample 1,Cluster 2
3961,4.163743355186103,-4.388629437328916,2,Sample 1,Cluster 3
3962,4.047884011099135,-4.486484701713089,2,Sample 1,Cluster 3
3963,-3.144137401394301,-4.138521484273856,0,Sample 1,Cluster 1
3964,-2.9863002085406545,-5.431298162519183,0,Sample 1,Cluster 1
3965,-3.234380883688589,-3.61506429458616,0,Sample 1,Cluster 1
3966,3.8500456695540475,-5.879235801243898,2,Sample 1,Cluster 3
3967,2.807625363510887,-5.558175123118596,2,Sample 1,Cluster 3
3968,-0.9923309552523127,6.234594822617751,1,Sample 1,Cluster 2
3969,-3.3169862537045707,5.5666851578394825,1,Sample 1,Cluster 2
3970,-1.675200382003239,5.745024095292959,1,Sample 1,Cluster 2
3971,-3.785986587648982,5.147707086825843,1,Sample 1,Cluster 2
3972,2.555121719925333,-4.67470237262186,2,Sample 1,Cluster 3
3973,-2.774171613221416,4.358178184622705,1,Sample 1,Cluster 2
3974,-2.9282680696129786,-4.713237105432304,0,Sample 1,Cluster 1
3975,-2.733449015132435,3.749447353042674,1,Sample 1,Cluster 2
3976,-2.3050742210378283,-5.872166725439544,0,Sample 1,Cluster 1
3977,-2.643274628012925,-4.683344175123262,0,Sample 1,Cluster 1
3978,-3.329652858855997,-4.467704851973736,0,Sample 1,Cluster 1
3979,-3.5345132350069184,-4.5420877510594595,0,Sample 1,Cluster 1
3980,4.130980818496247,-4.098119928515612,2,Sample 1,Cluster 3
3981,3.4417840664651007,-4.417185085188371,2,Sample 1,Cluster 3
3982,-2.022217425397292,4.241321596620639,1,Sample 1,Cluster 2
3983,3.1338376331953484,-5.930434120227682,2,Sample 1,Cluster 3
3984,-1.8732875925739236,4.7987688911644035,1,Sample 1,Cluster 2
3985,-2.8317015204574907,-5.79613916791939,0,Sample 1,Cluster 1
3986,3.197451447191149,-3.690608030535488,2,Sample 1,Cluster 3
3987,-1.1139880004119265,6.7850401169541055,1,Sample 1,Cluster 2
3988,-1.1647443793389352,-5.754046404633501,0,Sample 1,Cluster 1
3989,-3.290872885720734,4.1171285462273834,1,Sample 1,Cluster 2
3990,5.331265434469216,-4.963194890610927,2,Sample 1,Cluster 3
3991,2.6815285310744947,-4.859079638489846,2,Sample 1,Cluster 3
3992,-4.221452321063444,4.424677344606064,1,Sample 1,Cluster 2
3993,-3.976950289790475,4.2563913118460714,1,Sample 1,Cluster 2
3994,-2.3597705768528607,-6.069380351100745,0,Sample 1,Cluster 1
3995,-3.398035844995531,4.265997743188589,1,Sample 1,Cluster 2
3996,-1.3469813687471075,3.8513102790564484,1,Sample 1,Cluster 2
3997,4.365701926434413,-4.955840605975928,2,Sample 1,Cluster 3
3998,-2.8662787089459916,-5.127489785716725,0,Sample 1,Cluster 1
3999,-2.0251546221753105,2.6476890922685756,1,Sample 1,Cluster 2
